material_id,topology_id,family,q_TJ,G0_nm,G1_nm,prep_growth_fraction,T1_C,rho_switch,T2_C,rho1,rho2,growth_fraction,X_J,Lambda_over_K,migration_factor,numerical_censored,classification
E0021,D0000,persistent_junction_only,0,300,1014.492049197443,2.381640163991476,1300,0.8,900,0.8001086778710826,0.800115126220528,0.0005227714870426017,1.893290493602714e-08,0.00028919955286891197,0.9999998327507733,False,PREP_GROWTH_EXCEEDED
E0021,D0000,persistent_junction_only,0,300,1014.492049197443,2.381640163991476,1300,0.8,950,0.8001086778710826,0.800123596438358,0.0022426077110654767,1.8949870749010337e-08,0.0009350089743675813,0.9999998328586834,False,PREP_GROWTH_EXCEEDED
E0021,D0000,persistent_junction_only,0,300,1014.492049197443,2.381640163991476,1300,0.8,1000,0.8001086778710826,0.8002057914953742,0.0085533452120439,1.9052152276572794e-08,0.0027568034875226216,0.9999998331623433,False,PREP_GROWTH_EXCEEDED
E0021,D0000,persistent_junction_only,0,300,1014.492049197443,2.381640163991476,1300,0.8,1050,0.8001086778710826,0.8006750130703677,0.029244561423059864,1.9587112747280046e-08,0.007490408965566828,0.9999998339462153,False,PREP_GROWTH_EXCEEDED
E0021,D0000,persistent_junction_only,0,300,1014.492049197443,2.381640163991476,1300,0.8,1100,0.8001086778710826,0.8030041210784711,0.08956741677348021,2.2034670500441282e-08,0.018923080099133998,0.9999998358093963,False,PREP_GROWTH_EXCEEDED
E0021,D0000,persistent_junction_only,0,300,1014.492049197443,2.381640163991476,1300,0.8,1150,0.8001086778710826,0.8129430176022294,0.24262012040442402,3.166557078101252e-08,0.044791618606869504,0.999999839874676,False,PREP_GROWTH_EXCEEDED
E0021,D0000,persistent_junction_only,0,300,1014.492049197443,2.381640163991476,1300,0.8,1200,0.8001086778710826,0.8466979217471218,0.571734986914195,6.109742161468964e-08,0.1,0.9999998479112748,False,PREP_GROWTH_EXCEEDED
E0021,D0000,persistent_junction_only,0,300,1014.492049197443,2.381640163991476,1300,0.8,1250,0.8001086778710826,0.9171683013540867,1.1725534141471434,1.0993459919130038e-07,0.21178886314827233,0.9999998619416259,False,PREP_GROWTH_EXCEEDED
E0021,D0000,persistent_junction_only,0,600,1150.8867265800905,0.9181445443001506,1300,0.8,900,0.8004063200655405,0.8004127534800631,0.0004062274577621045,1.9200201597242294e-08,0.00028919955286891197,0.9999998279771555,False,PREP_GROWTH_EXCEEDED
E0021,D0000,persistent_junction_only,0,600,1150.8867265800905,0.9181445443001506,1300,0.8,950,0.8004063200655405,0.8004210743684571,0.0017429848234134892,1.9217128449684852e-08,0.0009350089743675813,0.9999998280881457,False,PREP_GROWTH_EXCEEDED
E0021,D0000,persistent_junction_only,0,600,1150.8867265800905,0.9181445443001506,1300,0.8,1000,0.8004063200655405,0.800502381666927,0.006652402329828412,1.931917541058158e-08,0.0027568034875226216,0.9999998284004726,False,PREP_GROWTH_EXCEEDED
E0021,D0000,persistent_junction_only,0,600,1150.8867265800905,0.9181445443001506,1300,0.8,1050,0.8004063200655405,0.8009668263950389,0.022795898879130166,1.9852918684884913e-08,0.007490408965566828,0.9999998292067179,False,PREP_GROWTH_EXCEEDED
E0021,D0000,persistent_junction_only,0,600,1150.8867265800905,0.9181445443001506,1300,0.8,1100,0.8004063200655405,0.8032746867787947,0.07024393936198714,2.2295111264252205e-08,0.018923080099133998,0.9999998311230774,False,PREP_GROWTH_EXCEEDED
E0021,D0000,persistent_junction_only,0,600,1150.8867265800905,0.9181445443001506,1300,0.8,1150,0.8004063200655405,0.8131413785906474,0.19279580883864716,3.190789761075926e-08,0.044791618606869504,0.9999998353043882,False,PREP_GROWTH_EXCEEDED
E0021,D0000,persistent_junction_only,0,600,1150.8867265800905,0.9181445443001506,1300,0.8,1200,0.8004063200655405,0.8467405353804869,0.46369564235447763,6.131085995065675e-08,0.1,0.9999998435703672,False,PREP_GROWTH_EXCEEDED
E0021,D0000,persistent_junction_only,0,600,1150.8867265800905,0.9181445443001506,1300,0.8,1250,0.8004063200655405,0.9170910870784574,0.972360645271463,1.1020075964214437e-07,0.21178886314827233,0.9999998580011717,False,PREP_GROWTH_EXCEEDED
E0021,D0000,persistent_junction_only,0,300,866.6043511342963,1.8886811704476538,1500,0.88,900,0.8802933538923225,0.8802965919767388,0.000716350409965821,2.6564054689909222e-08,0.00028919955286891197,0.9999997685041285,False,PREP_GROWTH_EXCEEDED
E0021,D0000,persistent_junction_only,0,300,866.6043511342963,1.8886811704476538,1500,0.88,950,0.8802933538923225,0.8803010874365944,0.003072057666756882,2.6571192576579945e-08,0.0009350089743675813,0.9999997686534909,False,PREP_GROWTH_EXCEEDED
E0021,D0000,persistent_junction_only,0,300,866.6043511342963,1.8886811704476538,1500,0.88,1000,0.8802933538923225,0.8803436858650631,0.011703408884973933,2.6614223865412865e-08,0.0027568034875226216,0.9999997690737978,False,PREP_GROWTH_EXCEEDED
E0021,D0000,persistent_junction_only,0,300,866.6043511342963,1.8886811704476538,1500,0.88,1050,0.8802933538923225,0.8805863851231562,0.03986918884529336,2.6839270895921545e-08,0.007490408965566828,0.9999997701587842,False,PREP_GROWTH_EXCEEDED
E0021,D0000,persistent_junction_only,0,300,866.6043511342963,1.8886811704476538,1500,0.88,1100,0.8802933538923225,0.8817876767596495,0.12093384386085801,2.7868502751085194e-08,0.018923080099133998,0.999999772737682,False,PREP_GROWTH_EXCEEDED
E0021,D0000,persistent_junction_only,0,300,866.6043511342963,1.8886811704476538,1500,0.88,1150,0.8802933538923225,0.886897190528015,0.321250860899679,3.191237890341826e-08,0.044791618606869504,0.9999997783645864,False,PREP_GROWTH_EXCEEDED
E0021,D0000,persistent_junction_only,0,300,866.6043511342963,1.8886811704476538,1500,0.88,1200,0.8802933538923225,0.904286821988856,0.7364392028572674,4.422646148363921e-08,0.1,0.9999997894883409,False,PREP_GROWTH_EXCEEDED
E0021,D0000,persistent_junction_only,0,300,866.6043511342963,1.8886811704476538,1500,0.88,1250,0.8802933538923225,0.9418106062086362,1.4695470483194562,6.481220583399534e-08,0.21178886314827233,0.9999998089082708,False,PREP_GROWTH_EXCEEDED
E0021,D0000,persistent_junction_only,0,300,866.6043511342963,1.8886811704476538,1500,0.88,1300,0.8802933538923225,0.9754833298141271,2.6266298886817827,7.337444372794608e-08,0.4276511487397988,0.999999837801527,False,PREP_GROWTH_EXCEEDED
E0021,D0000,persistent_junction_only,0,300,866.6043511342963,1.8886811704476538,1500,0.88,1350,0.8802933538923225,0.9876353447408508,4.332685408478124,7.19211888062273e-08,0.8269400997529694,0.9999998732509926,False,PREP_GROWTH_EXCEEDED
E0021,D0000,persistent_junction_only,0,300,866.6043511342963,1.8886811704476538,1500,0.88,1400,0.8802933538923225,0.9918636705666383,6.743909114125598,7.01024124319032e-08,1.5372410735719286,0.9999999087343906,False,PREP_GROWTH_EXCEEDED
E0021,D0000,persistent_junction_only,0,300,866.6043511342963,1.8886811704476538,1500,0.88,1450,0.8802933538923225,0.9939382538271632,10.051207651020858,6.914529705626453e-08,2.7566613283736565,0.9999999383593996,False,PREP_GROWTH_EXCEEDED
E0021,D0000,persistent_junction_only,0,600,1009.5285708696723,0.6825476181161204,1500,0.88,900,0.8804063200655404,0.8804095525058011,0.0005279233068259746,2.6836913395006386e-08,0.00028919955286891197,0.9999997630193724,False,PREP_GROWTH_EXCEEDED
E0021,D0000,persistent_junction_only,0,600,1009.5285708696723,0.6825476181161204,1500,0.88,950,0.8804063200655404,0.8804139247537693,0.0022646891059287895,2.6844038794305948e-08,0.0009350089743675813,0.9999997631722736,False,PREP_GROWTH_EXCEEDED
E0021,D0000,persistent_junction_only,0,600,1009.5285708696723,0.6825476181161204,1500,0.88,1000,0.8804063200655404,0.8804558254279345,0.00863729882510235,2.6886995024715753e-08,0.0027568034875226216,0.999999763602539,False,PREP_GROWTH_EXCEEDED
E0021,D0000,persistent_junction_only,0,600,1009.5285708696723,0.6825476181161204,1500,0.88,1050,0.8804063200655404,0.8806948368811915,0.02952871096191557,2.711165667229015e-08,0.007490408965566828,0.9999997647132314,False,PREP_GROWTH_EXCEEDED
E0021,D0000,persistent_junction_only,0,600,1009.5285708696723,0.6825476181161204,1500,0.88,1100,0.8804063200655404,0.8818803819217803,0.09041377321872307,2.8139273846321177e-08,0.018923080099133998,0.9999997673532302,False,PREP_GROWTH_EXCEEDED
E0021,D0000,persistent_junction_only,0,600,1009.5285708696723,0.6825476181161204,1500,0.88,1150,0.8804063200655404,0.8869407417072009,0.24477678618342075,3.217887830296637e-08,0.044791618606869504,0.9999997731134511,False,PREP_GROWTH_EXCEEDED
E0021,D0000,persistent_junction_only,0,600,1009.5285708696723,0.6825476181161204,1500,0.88,1200,0.8804063200655404,0.9042395947633681,0.5763405109091305,4.449680026431603e-08,0.1,0.9999997845007569,False,PREP_GROWTH_EXCEEDED
E0021,D0000,persistent_junction_only,0,600,1009.5285708696723,0.6825476181161204,1500,0.88,1250,0.8804063200655404,0.9417213348481578,1.1809799461510402,6.514606349208572e-08,0.21178886314827233,0.9999998043807966,False,PREP_GROWTH_EXCEEDED
E0021,D0000,persistent_junction_only,0,600,1009.5285708696723,0.6825476181161204,1500,0.88,1300,0.8804063200655404,0.975451992232389,2.1549810980702033,7.378602964886262e-08,0.4276511487397988,0.9999998339586114,False,PREP_GROWTH_EXCEEDED
E0021,D0000,persistent_junction_only,0,600,1009.5285708696723,0.6825476181161204,1500,0.88,1350,0.8804063200655404,0.9876295293928566,3.6061791672076033,7.235698803553179e-08,0.8269400997529694,0.9999998702479693,False,PREP_GROWTH_EXCEEDED
E0021,D0000,persistent_junction_only,0,600,1009.5285708696723,0.6825476181161204,1500,0.88,1400,0.8804063200655404,0.9918622341983487,5.667142017459259,7.054438563128386e-08,1.5372410735719286,0.9999999065720641,False,PREP_GROWTH_EXCEEDED
E0021,D0000,persistent_junction_only,0,600,1009.5285708696723,0.6825476181161204,1500,0.88,1450,0.8804063200655404,0.993935689725246,8.500367196356578,6.958526490611147e-08,2.7566613283736565,0.9999999368989689,False,PREP_GROWTH_EXCEEDED
E0021,D0001,structural_q0,0,300,1014.4920786965823,2.3816402623219406,1300,0.8,900,0.8001086777705227,0.8001151261199716,0.000522771476430379,0.2499975527352342,0.004082129435803889,1.0,False,PREP_GROWTH_EXCEEDED
E0021,D0001,structural_q0,0,300,1014.4920786965823,2.3816402623219406,1300,0.8,950,0.8001086777705227,0.8001235963377737,0.0022426076655655625,0.24999755273507687,0.018454833125465243,1.0,False,PREP_GROWTH_EXCEEDED
E0021,D0001,structural_q0,0,300,1014.4920786965823,2.3816402623219406,1300,0.8,1000,0.8001086777705227,0.8002057913946591,0.008553345039335677,0.24999755273061658,0.07410862111908369,1.0,False,PREP_GROWTH_EXCEEDED
E0021,D0001,structural_q0,0,300,1014.4920786965823,2.3816402623219406,1300,0.8,1050,0.8001086777705227,0.8006750129689668,0.029244560848600793,0.2499975527174106,0.26791494790399006,1.0,False,PREP_GROWTH_EXCEEDED
E0021,D0001,structural_q0,0,300,1014.4920786965823,2.3816402623219406,1300,0.8,1100,0.8001086777705227,0.8030041209741297,0.08956741523164823,0.2499975526773423,0.8820218168587908,1.0,False,PREP_GROWTH_EXCEEDED
E0021,D0001,structural_q0,0,300,1014.4920786965823,2.3816402623219406,1300,0.8,1150,0.8001086777705227,0.8129430174883936,0.24262011830921215,0.24999755252493996,2.6705453071611154,1.0,False,PREP_GROWTH_EXCEEDED
E0021,D0001,structural_q0,0,300,1014.4920786965823,2.3816402623219406,1300,0.8,1200,0.8001086777705227,0.8466979216129723,0.5717349949368794,0.24999755171791657,7.5,1.0,False,PREP_GROWTH_EXCEEDED
E0021,D0001,structural_q0,0,300,1014.4920786965823,2.3816402623219406,1300,0.8,1250,0.8001086777705227,0.917168301213051,1.1725534716295445,0.24999754745378078,19.68246824401454,1.0,False,PREP_GROWTH_EXCEEDED
E0021,D0001,structural_q0,0,600,1150.8867544122008,0.9181445906870012,1300,0.8,900,0.8004063200655405,0.8004127534800625,0.0004062274537057595,0.2499974655174766,0.004082129435803889,1.0,False,PREP_GROWTH_EXCEEDED
E0021,D0001,structural_q0,0,600,1150.8867544122008,0.9181445906870012,1300,0.8,950,0.8004063200655405,0.8004210743684324,0.0017429848060236002,0.24999746551742202,0.018454833125465243,1.0,False,PREP_GROWTH_EXCEEDED
E0021,D0001,structural_q0,0,600,1150.8867544122008,0.9181445906870012,1300,0.8,1000,0.8004063200655405,0.8005023816667699,0.006652402263813504,0.24999746551479662,0.07410862111908369,1.0,False,PREP_GROWTH_EXCEEDED
E0021,D0001,structural_q0,0,600,1150.8867544122008,0.9181445906870012,1300,0.8,1050,0.8004063200655405,0.8009668263941632,0.022795898662552657,0.24999746550693278,0.26791494790399006,1.0,False,PREP_GROWTH_EXCEEDED
E0021,D0001,structural_q0,0,600,1150.8867544122008,0.9181445906870012,1300,0.8,1100,0.8004063200655405,0.8032746867746262,0.07024393884265913,0.24999746548111115,0.8820218168587908,1.0,False,PREP_GROWTH_EXCEEDED
E0021,D0001,structural_q0,0,600,1150.8867544122008,0.9181445906870012,1300,0.8,1150,0.8004063200655405,0.813141378574189,0.192795808963998,0.24999746536277975,2.6705453071611154,1.0,False,PREP_GROWTH_EXCEEDED
E0021,D0001,structural_q0,0,600,1150.8867544122008,0.9181445906870012,1300,0.8,1200,0.8004063200655405,0.8467405353293502,0.46369565303422744,0.24999746462073189,7.5,1.0,False,PREP_GROWTH_EXCEEDED
E0021,D0001,structural_q0,0,600,1150.8867544122008,0.9181445906870012,1300,0.8,1250,0.8004063200655405,0.9170910869809797,0.9723607019291581,0.2499974604137515,19.68246824401454,1.0,False,PREP_GROWTH_EXCEEDED
E0021,D0001,structural_q0,0,300,866.6043604174308,1.8886812013914354,1500,0.88,900,0.8802933538891157,0.8802965919735319,0.0007163504326565013,0.24999477670014097,0.004082129435803889,1.0,False,PREP_GROWTH_EXCEEDED
E0021,D0001,structural_q0,0,300,866.6043604174308,1.8886812013914354,1500,0.88,950,0.8802933538891157,0.8803010874333786,0.0030720577638696394,0.2499947767001145,0.018454833125465243,1.0,False,PREP_GROWTH_EXCEEDED
E0021,D0001,structural_q0,0,300,866.6043604174308,1.8886812013914354,1500,0.88,1000,0.8802933538891157,0.8803436858617986,0.011703409252747758,0.2499947766996488,0.07410862111908369,1.0,False,PREP_GROWTH_EXCEEDED
E0021,D0001,structural_q0,0,300,866.6043604174308,1.8886812013914354,1500,0.88,1050,0.8802933538891157,0.8805863851196168,0.03986919008033273,0.24999477669793285,0.26791494790399006,1.0,False,PREP_GROWTH_EXCEEDED
E0021,D0001,structural_q0,0,300,866.6043604174308,1.8886812013914354,1500,0.88,1100,0.8802933538891157,0.8817876767547252,0.12093384752232758,0.2499947766884405,0.8820218168587908,1.0,False,PREP_GROWTH_EXCEEDED
E0021,D0001,structural_q0,0,300,866.6043604174308,1.8886812013914354,1500,0.88,1150,0.8802933538891157,0.8868971905170621,0.32125087067171915,0.2499947766106094,2.6705453071611154,1.0,False,PREP_GROWTH_EXCEEDED
E0021,D0001,structural_q0,0,300,866.6043604174308,1.8886812013914354,1500,0.88,1200,0.8802933538891157,0.9042868219589915,0.7364392284156005,0.249994775966582,7.5,1.0,False,PREP_GROWTH_EXCEEDED
E0021,D0001,structural_q0,0,300,866.6043604174308,1.8886812013914354,1500,0.88,1250,0.8802933538891157,0.9418106061563151,1.4695471121984323,0.2499947720085502,19.68246824401454,1.0,False,PREP_GROWTH_EXCEEDED
E0021,D0001,structural_q0,0,300,866.6043604174308,1.8886812013914354,1500,0.88,1300,0.8802933538891157,0.9754833297849741,2.626630003358389,0.2499947578929348,48.580528252121994,1.0,False,PREP_GROWTH_EXCEEDED
E0021,D0001,structural_q0,0,300,866.6043604174308,1.8886812013914354,1500,0.88,1350,0.8802933538891157,0.9876353447332201,4.33268554685375,0.24999472564989833,113.41506838644837,1.0,False,PREP_GROWTH_EXCEEDED
E0021,D0001,structural_q0,0,300,866.6043604174308,1.8886812013914354,1500,0.88,1400,0.8802933538891157,0.9918636705645684,6.743909239944245,0.2499946578955603,251.6937204331947,1.0,False,PREP_GROWTH_EXCEEDED
E0021,D0001,structural_q0,0,300,866.6043604174308,1.8886812013914354,1500,0.88,1450,0.8802933538891157,0.993938253826635,10.051207734855373,0.24999451094032646,533.313767870381,1.0,False,PREP_GROWTH_EXCEEDED
E0021,D0001,structural_q0,0,600,1009.5285790387861,0.68254763173131,1500,0.88,900,0.8804063200655404,0.8804095525058011,0.0005279233266050421,0.24999448002510616,0.004082129435803889,1.0,False,PREP_GROWTH_EXCEEDED
E0021,D0001,structural_q0,0,600,1009.5285790387861,0.68254763173131,1500,0.88,950,0.8804063200655404,0.8804139247537633,0.0022646891906359466,0.24999448002522456,0.018454833125465243,1.0,False,PREP_GROWTH_EXCEEDED
E0021,D0001,structural_q0,0,600,1009.5285790387861,0.68254763173131,1500,0.88,1000,0.8804063200655404,0.8804558254278965,0.00863729914668283,0.24999448002812807,0.07410862111908369,1.0,False,PREP_GROWTH_EXCEEDED
E0021,D0001,structural_q0,0,600,1009.5285790387861,0.68254763173131,1500,0.88,1050,0.8804063200655404,0.880694836880969,0.02952871204940056,0.24999448003611568,0.26791494790399006,1.0,False,PREP_GROWTH_EXCEEDED
E0021,D0001,structural_q0,0,600,1009.5285790387861,0.68254763173131,1500,0.88,1100,0.8804063200655404,0.8818803819205969,0.0904137764926238,0.24999448005240277,0.8820218168587908,1.0,False,PREP_GROWTH_EXCEEDED
E0021,D0001,structural_q0,0,600,1009.5285790387861,0.68254763173131,1500,0.88,1150,0.8804063200655404,0.8869407417015195,0.2447767950965409,0.2499944800365109,2.6705453071611154,1.0,False,PREP_GROWTH_EXCEEDED
E0021,D0001,structural_q0,0,600,1009.5285790387861,0.68254763173131,1500,0.88,1200,0.8804063200655404,0.9042395947418781,0.576340534351209,0.24999447951410975,7.5,1.0,False,PREP_GROWTH_EXCEEDED
E0021,D0001,structural_q0,0,600,1009.5285790387861,0.68254763173131,1500,0.88,1250,0.8804063200655404,0.941721334804162,1.1809800043797798,0.24999447568576194,19.68246824401454,1.0,False,PREP_GROWTH_EXCEEDED
E0021,D0001,structural_q0,0,600,1009.5285790387861,0.68254763173131,1500,0.88,1300,0.8804063200655404,0.9754519922057903,2.1549812033663853,0.24999446152932994,48.580528252121994,1.0,False,PREP_GROWTH_EXCEEDED
E0021,D0001,structural_q0,0,600,1009.5285790387861,0.68254763173131,1500,0.88,1350,0.8804063200655404,0.9876295293856253,3.6061792977567952,0.24999442911275246,113.41506838644837,1.0,False,PREP_GROWTH_EXCEEDED
E0021,D0001,structural_q0,0,600,1009.5285790387861,0.68254763173131,1500,0.88,1400,0.8804063200655404,0.9918622341963055,5.667142143343915,0.24999436116288315,251.6937204331947,1.0,False,PREP_GROWTH_EXCEEDED
E0021,D0001,structural_q0,0,600,1009.5285790387861,0.68254763173131,1500,0.88,1450,0.8804063200655404,0.993935689724801,8.500367293934298,0.24999421398644456,533.313767870381,1.0,False,PREP_GROWTH_EXCEEDED
E0021,D0002,structural_q1,1,300,1014.4920786965823,2.3816402623219406,1300,0.8,900,0.8001086777705227,0.8001151261199716,0.000522771476430379,0.24999993810928514,1.1217058290020578e-05,1.0,False,PREP_GROWTH_EXCEEDED
E0021,D0002,structural_q1,1,300,1014.4920786965823,2.3816402623219406,1300,0.8,950,0.8001086777705227,0.8001235963377737,0.0022426076655655625,0.24999993810929852,7.697761730866782e-05,1.0,False,PREP_GROWTH_EXCEEDED
E0021,D0002,structural_q1,1,300,1014.4920786965823,2.3816402623219406,1300,0.8,1000,0.8001086777705227,0.8002057913946591,0.008553345039335677,0.2499999381094051,0.0004519739518552729,1.0,False,PREP_GROWTH_EXCEEDED
E0021,D0002,structural_q1,1,300,1014.4920786965823,2.3816402623219406,1300,0.8,1050,0.8001086777705227,0.8006750129689668,0.029244560848600793,0.2499999381097116,0.002288102207781477,1.0,False,PREP_GROWTH_EXCEEDED
E0021,D0002,structural_q1,1,300,1014.4920786965823,2.3816402623219406,1300,0.8,1100,0.8001086777705227,0.8030041209741297,0.08956741523164823,0.24999993811029247,0.009908647609412128,1.0,False,PREP_GROWTH_EXCEEDED
E0021,D0002,structural_q1,1,300,1014.4920786965823,2.3816402623219406,1300,0.8,1150,0.8001086777705227,0.8129430174883936,0.24262011830921215,0.24999993810912555,0.03579204943207686,1.0,False,PREP_GROWTH_EXCEEDED
E0021,D0002,structural_q1,1,300,1014.4920786965823,2.3816402623219406,1300,0.8,1200,0.8001086777705227,0.8466979216129723,0.5717349949368794,0.24999993808382534,0.10589981217161878,1.0,False,PREP_GROWTH_EXCEEDED
E0021,D0002,structural_q1,1,300,1014.4920786965823,2.3816402623219406,1300,0.8,1250,0.8001086777705227,0.917168301213051,1.1725534716295445,0.24999993790360628,0.26291213893049264,1.0,False,PREP_GROWTH_EXCEEDED
E0021,D0002,structural_q1,1,600,1150.8867544122008,0.9181445906870012,1300,0.8,900,0.8004063200655405,0.8004127534800625,0.0004062274537057595,0.24999994221055283,9.888844170386466e-06,1.0,False,PREP_GROWTH_EXCEEDED
E0021,D0002,structural_q1,1,600,1150.8867544122008,0.9181445906870012,1300,0.8,950,0.8004063200655405,0.8004210743684324,0.0017429848060236002,0.24999994221055297,6.78885669347788e-05,1.0,False,PREP_GROWTH_EXCEEDED
E0021,D0002,structural_q1,1,600,1150.8867544122008,0.9181445906870012,1300,0.8,1000,0.8004063200655405,0.8005023816667699,0.006652402263813504,0.24999994221047306,0.0003991601149697608,1.0,False,PREP_GROWTH_EXCEEDED
E0021,D0002,structural_q1,1,600,1150.8867544122008,0.9181445906870012,1300,0.8,1050,0.8004063200655405,0.8009668263941632,0.022795898662552657,0.2499999422102208,0.002029624299971477,1.0,False,PREP_GROWTH_EXCEEDED
E0021,D0002,structural_q1,1,600,1150.8867544122008,0.9181445906870012,1300,0.8,1100,0.8004063200655405,0.8032746867746262,0.07024393884265913,0.24999994220932714,0.008891758600420437,1.0,False,PREP_GROWTH_EXCEEDED
E0021,D0002,structural_q1,1,600,1150.8867544122008,0.9181445906870012,1300,0.8,1150,0.8004063200655405,0.813141378574189,0.192795808963998,0.24999994220464183,0.03286618090882127,1.0,False,PREP_GROWTH_EXCEEDED
E0021,D0002,structural_q1,1,600,1150.8867544122008,0.9181445906870012,1300,0.8,1200,0.8004063200655405,0.8467405353293502,0.46369565303422744,0.2499999421725017,0.1002329945649832,1.0,False,PREP_GROWTH_EXCEEDED
E0021,D0002,structural_q1,1,600,1150.8867544122008,0.9181445906870012,1300,0.8,1250,0.8004063200655405,0.9170910869809797,0.9723607019291581,0.24999994198460923,0.2552639126033935,1.0,False,PREP_GROWTH_EXCEEDED
E0021,D0002,structural_q1,1,300,866.6043604174308,1.8886812013914354,1500,0.88,900,0.8802933538891157,0.8802965919735319,0.0007163504326565013,0.24999988084572586,1.3128736134039627e-05,1.0,False,PREP_GROWTH_EXCEEDED
E0021,D0002,structural_q1,1,300,866.6043604174308,1.8886812013914354,1500,0.88,950,0.8802933538891157,0.8803010874333786,0.0030720577638696394,0.24999988084573102,9.003963349819257e-05,1.0,False,PREP_GROWTH_EXCEEDED
E0021,D0002,structural_q1,1,300,866.6043604174308,1.8886812013914354,1500,0.88,1000,0.8802933538891157,0.8803436858617986,0.011703409252747758,0.24999988084574432,0.000527460100771324,1.0,False,PREP_GROWTH_EXCEEDED
E0021,D0002,structural_q1,1,300,866.6043604174308,1.8886812013914354,1500,0.88,1050,0.8802933538891157,0.8805863851196168,0.03986919008033273,0.24999988084577343,0.0026512569484750267,1.0,False,PREP_GROWTH_EXCEEDED
E0021,D0002,structural_q1,1,300,866.6043604174308,1.8886812013914354,1500,0.88,1100,0.8802933538891157,0.8817876767547252,0.12093384752232758,0.24999988084563526,0.01127554857498918,1.0,False,PREP_GROWTH_EXCEEDED
E0021,D0002,structural_q1,1,300,866.6043604174308,1.8886812013914354,1500,0.88,1150,0.8802933538891157,0.8868971905170621,0.32125087067171915,0.24999988084282346,0.03940961679132046,1.0,False,PREP_GROWTH_EXCEEDED
E0021,D0002,structural_q1,1,300,866.6043604174308,1.8886812013914354,1500,0.88,1200,0.8802933538891157,0.9042868219589915,0.7364392284156005,0.2499998808151926,0.11222175489574174,1.0,False,PREP_GROWTH_EXCEEDED
E0021,D0002,structural_q1,1,300,866.6043604174308,1.8886812013914354,1500,0.88,1250,0.8802933538891157,0.9418106061563151,1.4695471121984323,0.24999988063863585,0.2707785607345083,1.0,False,PREP_GROWTH_EXCEEDED
E0021,D0002,structural_q1,1,300,866.6043604174308,1.8886812013914354,1500,0.88,1300,0.8802933538891157,0.9754833297849741,2.626630003358389,0.24999988000353243,0.5846478036002128,1.0,False,PREP_GROWTH_EXCEEDED
E0021,D0002,structural_q1,1,300,866.6043604174308,1.8886812013914354,1500,0.88,1350,0.8802933538891157,0.9876353447332201,4.33268554685375,0.2499998785516062,1.1747307545434242,1.0,False,PREP_GROWTH_EXCEEDED
E0021,D0002,structural_q1,1,300,866.6043604174308,1.8886812013914354,1500,0.88,1400,0.8802933538891157,0.9918636705645684,6.743909239944245,0.24999987550183198,2.241248456238692,1.0,False,PREP_GROWTH_EXCEEDED
E0021,D0002,structural_q1,1,300,866.6043604174308,1.8886812013914354,1500,0.88,1450,0.8802933538891157,0.993938253826635,10.051207734855373,0.24999986888832493,4.10030496206193,1.0,False,PREP_GROWTH_EXCEEDED
E0021,D0002,structural_q1,1,600,1009.5285790387861,0.68254763173131,1500,0.88,900,0.8804063200655404,0.8804095525058011,0.0005279233266050421,0.24999987618288363,1.1272150726414612e-05,1.0,False,PREP_GROWTH_EXCEEDED
E0021,D0002,structural_q1,1,600,1009.5285790387861,0.68254763173131,1500,0.88,950,0.8804063200655404,0.8804139247537633,0.0022646891906359466,0.2499998761828835,7.735438859245065e-05,1.0,False,PREP_GROWTH_EXCEEDED
E0021,D0002,structural_q1,1,600,1009.5285790387861,0.68254763173131,1500,0.88,1000,0.8804063200655404,0.8804558254278965,0.00863729914668283,0.24999987618300343,0.0004541584220834843,1.0,False,PREP_GROWTH_EXCEEDED
E0021,D0002,structural_q1,1,600,1009.5285790387861,0.68254763173131,1500,0.88,1050,0.8804063200655404,0.880694836880969,0.02952871204940056,0.24999987618333974,0.0022987186394755926,1.0,False,PREP_GROWTH_EXCEEDED
E0021,D0002,structural_q1,1,600,1009.5285790387861,0.68254763173131,1500,0.88,1100,0.8804063200655404,0.8818803819205969,0.0904137764926238,0.24999987618400427,0.00994965000341805,1.0,False,PREP_GROWTH_EXCEEDED
E0021,D0002,structural_q1,1,600,1009.5285790387861,0.68254763173131,1500,0.88,1150,0.8804063200655404,0.8869407417015195,0.2447767950965409,0.24999987618312547,0.03590579507780637,1.0,False,PREP_GROWTH_EXCEEDED
E0021,D0002,structural_q1,1,600,1009.5285790387861,0.68254763173131,1500,0.88,1200,0.8804063200655404,0.9042395947418781,0.576340534351209,0.24999987615930266,0.10610983048527435,1.0,False,PREP_GROWTH_EXCEEDED
E0021,D0002,structural_q1,1,600,1009.5285790387861,0.68254763173131,1500,0.88,1250,0.8804063200655404,0.941721334804162,1.1809800043797798,0.24999987598672513,0.2631844618291703,1.0,False,PREP_GROWTH_EXCEEDED
E0021,D0002,structural_q1,1,600,1009.5285790387861,0.68254763173131,1500,0.88,1300,0.8804063200655404,0.9754519922057903,2.1549812033663853,0.24999987534979035,0.5766648806733646,1.0,False,PREP_GROWTH_EXCEEDED
E0021,D0002,structural_q1,1,600,1009.5285790387861,0.68254763173131,1500,0.88,1350,0.8804063200655404,0.9876295293856253,3.6061792977567952,0.24999987389125505,1.168206769638905,1.0,False,PREP_GROWTH_EXCEEDED
E0021,D0002,structural_q1,1,600,1009.5285790387861,0.68254763173131,1500,0.88,1400,0.8804063200655404,0.9918622341963055,5.667142143343915,0.24999987083358893,2.233817402980208,1.0,False,PREP_GROWTH_EXCEEDED
E0021,D0002,structural_q1,1,600,1009.5285790387861,0.68254763173131,1500,0.88,1450,0.8804063200655404,0.993935689724801,8.500367293934298,0.24999986421057527,4.094320917579618,1.0,False,PREP_GROWTH_EXCEEDED
E0142,D0003,persistent_q0,0,300,350.04848241150773,0.1668282747050257,1300,0.8,900,0.8000576079459913,0.8002456183533508,0.0006287531163038743,0.24999844416740455,0.0028228908146110923,0.14320327162024385,False,DENSIFICATION_EXHAUSTION_FAILURE
E0142,D0003,persistent_q0,0,300,350.04848241150773,0.1668282747050257,1300,0.8,950,0.8000576079459913,0.8012763235182567,0.0027150403187534908,0.24999843495879912,0.010792320579985155,0.14417722862760257,False,DENSIFICATION_EXHAUSTION_FAILURE
E0142,D0003,persistent_q0,0,300,350.04848241150773,0.1668282747050257,1300,0.8,1000,0.8000576079459913,0.806797510008809,0.010576347240982038,0.24999839297843363,0.037135489895879004,0.14738097246014795,False,DENSIFICATION_EXHAUSTION_FAILURE
E0142,D0003,persistent_q0,0,300,350.04848241150773,0.1668282747050257,1300,0.8,1050,0.8000576079459913,0.8310524177135015,0.03834915952974829,0.24999816820686452,0.11638663824760367,0.15687614505052766,False,DENSIFICATION_EXHAUSTION_FAILURE
E0142,D0003,persistent_q0,0,300,350.04848241150773,0.1668282747050257,1300,0.8,1100,0.8000576079459913,0.903747293391149,0.1340124289122775,0.24999681626302314,0.3356506279672622,0.18207737925920797,False,GRAIN_GROWTH_FAILURE
E0142,D0003,persistent_q0,0,300,350.04848241150773,0.1668282747050257,1300,0.8,1150,0.8000576079459913,0.9867363753129533,0.4481111453604515,0.2499813861921189,0.8985665341962161,0.24036939774477056,False,GRAIN_GROWTH_FAILURE
E0142,D0003,persistent_q0,0,300,350.04848241150773,0.1668282747050257,1300,0.8,1200,0.8000576079459913,0.9950405629935652,0.6611337765008569,0.24997132288026336,2.25,0.3513524806951746,False,GRAIN_GROWTH_FAILURE
E0142,D0003,persistent_q0,0,300,350.04848241150773,0.1668282747050257,1300,0.8,1250,0.8000576079459913,0.9952135796177103,0.7258256214835442,0.24998061261265903,5.304485000461848,0.5123741655307593,False,GRAIN_GROWTH_FAILURE
E0142,D0003,persistent_q0,0,600,627.2465712776645,0.04541095212944079,1300,0.8,900,0.800055537838231,0.8002372480045764,0.00019586360936412668,0.24999844227413404,0.0028228908146110923,0.1432034121187356,False,DENSIFICATION_EXHAUSTION_FAILURE
E0142,D0003,persistent_q0,0,600,627.2465712776645,0.04541095212944079,1300,0.8,950,0.800055537838231,0.8012351695126756,0.0008463708127255949,0.24999843466219265,0.010792320579985155,0.14417736992085858,False,DENSIFICATION_EXHAUSTION_FAILURE
E0142,D0003,persistent_q0,0,600,627.2465712776645,0.04541095212944079,1300,0.8,1000,0.800055537838231,0.8065913439496593,0.003305868471438898,0.24999839390914538,0.037135489895879004,0.14738111635238313,False,DENSIFICATION_EXHAUSTION_FAILURE
E0142,D0003,persistent_q0,0,600,627.2465712776645,0.04541095212944079,1300,0.8,1050,0.800055537838231,0.8302145405453989,0.012099105072733676,0.2499981756553212,0.11638663824760367,0.1568762965074759,False,DENSIFICATION_EXHAUSTION_FAILURE
E0142,D0003,persistent_q0,0,600,627.2465712776645,0.04541095212944079,1300,0.8,1100,0.800055537838231,0.9017880357472845,0.04358047740277052,0.2499968723540186,0.3356506279672622,0.18207754979247665,False,SUCCESS
E0142,D0003,persistent_q0,0,600,627.2465712776645,0.04541095212944079,1300,0.8,1150,0.800055537838231,0.9857885870463644,0.15827096694364942,0.24998222162652783,0.8985665341962161,0.2403696068295899,False,GRAIN_GROWTH_FAILURE
E0142,D0003,persistent_q0,0,600,627.2465712776645,0.04541095212944079,1300,0.8,1200,0.800055537838231,0.995023535130192,0.25046421411262243,0.24997087132617477,2.25,0.35135274166638797,False,GRAIN_GROWTH_FAILURE
E0142,D0003,persistent_q0,0,600,627.2465712776645,0.04541095212944079,1300,0.8,1250,0.800055537838231,0.9951020810282889,0.2758161732568089,0.24998058104817497,5.304485000461848,0.512374451628659,False,GRAIN_GROWTH_FAILURE
E0142,D0003,persistent_q0,0,300,377.18912021945476,0.2572970673981823,1500,0.88,900,0.8800576079459917,0.880168659537643,0.000541550242992674,0.24999735270241194,0.0028228908146110923,0.14320331296155656,False,PREP_GROWTH_EXCEEDED
E0142,D0003,persistent_q0,0,300,377.18912021945476,0.2572970673981823,1500,0.88,950,0.8800576079459917,0.8807773571421056,0.002338823327311163,0.24999734138089963,0.010792320579985155,0.1441772702027726,False,PREP_GROWTH_EXCEEDED
E0142,D0003,persistent_q0,0,300,377.18912021945476,0.2572970673981823,1500,0.88,1000,0.8800576079459917,0.8840378728923862,0.009115707608199174,0.24999727561421806,0.037135489895879004,0.1473810148000609,False,PREP_GROWTH_EXCEEDED
E0142,D0003,persistent_q0,0,300,377.18912021945476,0.2572970673981823,1500,0.88,1050,0.8800576079459917,0.8983680455074229,0.03311389077475786,0.24999691124776513,0.11638663824760367,0.15687618961633795,False,PREP_GROWTH_EXCEEDED
E0142,D0003,persistent_q0,0,300,377.18912021945476,0.2572970673981823,1500,0.88,1100,0.8800576079459917,0.9414199759687132,0.11638077563860762,0.24999474930694732,0.3356506279672622,0.1820774294381766,False,PREP_GROWTH_EXCEEDED
E0142,D0003,persistent_q0,0,300,377.18912021945476,0.2572970673981823,1500,0.88,1150,0.8800576079459917,0.9911618431602274,0.39450889449477317,0.2499738480545678,0.8985665341962161,0.2403694592674351,False,PREP_GROWTH_EXCEEDED
E0142,D0003,persistent_q0,0,300,377.18912021945476,0.2572970673981823,1500,0.88,1200,0.8800576079459917,0.9950622292711416,0.5273618417589846,0.2499712475431164,2.25,0.35135255748528266,False,PREP_GROWTH_EXCEEDED
E0142,D0003,persistent_q0,0,300,377.18912021945476,0.2572970673981823,1500,0.88,1250,0.8800576079459917,0.9950248256755061,0.5724373571278049,0.24998102591179475,5.304485000461848,0.512374249714341,False,PREP_GROWTH_EXCEEDED
E0142,D0003,persistent_q0,0,300,377.18912021945476,0.2572970673981823,1500,0.88,1300,0.8800576079459917,0.9952955387462646,0.5987008388343855,0.24998682385459148,11.84207546486223,0.681564890821533,False,PREP_GROWTH_EXCEEDED
E0142,D0003,persistent_q0,0,300,377.18912021945476,0.2572970673981823,1500,0.88,1350,0.8800576079459917,0.9953446886174506,0.5888815982377429,0.24998973509417655,25.160791099717272,0.8134382281911441,False,PREP_GROWTH_EXCEEDED
E0142,D0003,persistent_q0,0,300,377.18912021945476,0.2572970673981823,1500,0.88,1400,0.8800576079459917,0.9953606104137739,0.588690472450235,0.24998980919206717,28.531812032882865,0.8967382481351768,False,PREP_GROWTH_EXCEEDED
E0142,D0003,persistent_q0,0,300,377.18912021945476,0.2572970673981823,1500,0.88,1450,0.8800576079459917,0.9953606104137739,0.588690472450235,0.24998980919206717,28.531812032882865,0.943724262990489,False,PREP_GROWTH_EXCEEDED
E0142,D0003,persistent_q0,0,600,642.980770968447,0.07163461828074488,1500,0.88,900,0.8800555378382307,0.8801629129192978,0.0001863966330145844,0.24999734786305444,0.0028228908146110923,0.1432036086657129,False,DENSIFICATION_EXHAUSTION_FAILURE
E0142,D0003,persistent_q0,0,600,642.980770968447,0.07163461828074488,1500,0.88,950,0.8800555378382307,0.8807524752890903,0.0008054744884146589,0.24999733979328922,0.010792320579985155,0.14417756757965164,False,DENSIFICATION_EXHAUSTION_FAILURE
E0142,D0003,persistent_q0,0,600,642.980770968447,0.07163461828074488,1500,0.88,1000,0.8800555378382307,0.883916496004964,0.0031463160546007945,0.2499972762315301,0.037135489895879004,0.14738131764695359,False,DENSIFICATION_EXHAUSTION_FAILURE
E0142,D0003,persistent_q0,0,600,642.980770968447,0.07163461828074488,1500,0.88,1050,0.8800555378382307,0.8978739824268133,0.011517569649259093,0.249996921695869,0.11638663824760367,0.15687650838451372,False,DENSIFICATION_EXHAUSTION_FAILURE
E0142,D0003,persistent_q0,0,600,642.980770968447,0.07163461828074488,1500,0.88,1100,0.8800555378382307,0.9402344827251071,0.0415157436025642,0.24999483354726743,0.3356506279672622,0.18207778835585542,False,SUCCESS
E0142,D0003,persistent_q0,0,600,642.980770968447,0.07163461828074488,1500,0.88,1150,0.8800555378382307,0.9905359152238526,0.15109407857410367,0.2499748969414915,0.8985665341962161,0.2403698993236784,False,GRAIN_GROWTH_FAILURE
E0142,D0003,persistent_q0,0,600,642.980770968447,0.07163461828074488,1500,0.88,1200,0.8800555378382307,0.9950390390697534,0.21331084595107194,0.24997081986014608,2.25,0.3513531067455656,False,GRAIN_GROWTH_FAILURE
E0142,D0003,persistent_q0,0,600,642.980770968447,0.07163461828074488,1500,0.88,1250,0.8800555378382307,0.9951433120459497,0.2355806966958016,0.24998046291857434,5.304485000461848,0.5123748518580115,False,GRAIN_GROWTH_FAILURE
E0142,D0003,persistent_q0,0,600,642.980770968447,0.07163461828074488,1500,0.88,1300,0.8800555378382307,0.9954631836871927,0.2481263541807828,0.24998645982094964,11.84207546486223,0.6815654138847461,False,GRAIN_GROWTH_FAILURE
E0142,D0003,persistent_q0,0,600,642.980770968447,0.07163461828074488,1500,0.88,1350,0.8800555378382307,0.9954631836871927,0.2423964526792075,0.2499896129436335,25.160791099717272,0.8134385939316991,False,GRAIN_GROWTH_FAILURE
E0142,D0003,persistent_q0,0,600,642.980770968447,0.07163461828074488,1500,0.88,1400,0.8800555378382307,0.9954631836871927,0.2418837403652637,0.24998973140358263,29.071602188746468,0.8967384713026926,False,GRAIN_GROWTH_FAILURE
E0142,D0003,persistent_q0,0,600,642.980770968447,0.07163461828074488,1500,0.88,1450,0.8800555378382307,0.9954631836871927,0.2418837403652637,0.24998973140358263,29.071602188746468,0.9437243909852103,False,GRAIN_GROWTH_FAILURE
E0142,D0004,persistent_q1,1,300,309.50478689159985,0.0316826229719994,1300,0.8,900,0.8000576079462836,0.800247529855572,0.00043207967435450267,0.2499999610138927,3.2562700427683976e-05,0.07692539967980076,False,DENSIFICATION_EXHAUSTION_FAILURE
E0142,D0004,persistent_q1,1,300,309.50478689159985,0.0316826229719994,1300,0.8,950,0.8000576079462836,0.8012882163336547,0.0018540464911014213,0.24999996083265733,0.00015985619972374053,0.07693445814277562,False,DENSIFICATION_EXHAUSTION_FAILURE
E0142,D0004,persistent_q1,1,300,309.50478689159985,0.0316826229719994,1300,0.8,1000,0.8000576079462836,0.8068604507797351,0.007078642370077533,0.24999995972313288,0.0006898838451821468,0.07697241578421615,False,DENSIFICATION_EXHAUSTION_FAILURE
E0142,D0004,persistent_q1,1,300,309.50478689159985,0.0316826229719994,1300,0.8,1050,0.8000576079462836,0.8313241905952456,0.02428772204067345,0.24999995385212337,0.0026337087769644513,0.07711458834522186,False,DENSIFICATION_EXHAUSTION_FAILURE
E0142,D0004,persistent_q1,1,300,309.50478689159985,0.0316826229719994,1300,0.8,1100,0.8000576079462836,0.9045250640621842,0.07516210838145125,0.24999991789967055,0.008826486774897738,0.07759633831477515,False,SUCCESS
E0142,D0004,persistent_q1,1,300,309.50478689159985,0.0316826229719994,1300,0.8,1150,0.8000576079462836,0.9874433250654993,0.2087813196448493,0.24999941216919258,0.02527578895162695,0.07908742131883707,False,GRAIN_GROWTH_FAILURE
E0142,D0004,persistent_q1,1,300,309.50478689159985,0.0316826229719994,1300,0.8,1200,0.8000576079462836,0.9950302152713735,0.22987764458898285,0.24999897817982328,0.07395476036271413,0.0833306742831386,False,GRAIN_GROWTH_FAILURE
E0142,D0004,persistent_q1,1,300,309.50478689159985,0.0316826229719994,1300,0.8,1250,0.8000576079462836,0.9951712616773372,0.20243030414122357,0.24999927360804056,0.2098293753463121,0.0944494435873075,False,GRAIN_GROWTH_FAILURE
E0142,D0004,persistent_q1,1,600,604.1015213861415,0.006835868976902263,1300,0.8,900,0.8000555378382656,0.8002375485935954,0.0001134335218934233,0.24999996102368532,1.6688446915710125e-05,0.07692427208609373,False,DENSIFICATION_EXHAUSTION_FAILURE
E0142,D0004,persistent_q1,1,600,604.1015213861415,0.006835868976902263,1300,0.8,950,0.8000555378382656,0.8012370452316314,0.0004869680124454009,0.24999996083771253,8.201225043728757e-05,0.07692891312379542,False,DENSIFICATION_EXHAUSTION_FAILURE
E0142,D0004,persistent_q1,1,600,604.1015213861415,0.006835868976902263,1300,0.8,1000,0.8000555378382656,0.8066013532979402,0.001862337224104321,0.24999995976807854,0.00035529092120910246,0.07694836092870787,False,DENSIFICATION_EXHAUSTION_FAILURE
E0142,D0004,persistent_q1,1,600,604.1015213861415,0.006835868976902263,1300,0.8,1050,0.8000555378382656,0.8302588851724653,0.006424365899802175,0.24999995412691867,0.0013732527362704276,0.07702121074949535,False,DENSIFICATION_EXHAUSTION_FAILURE
E0142,D0004,persistent_q1,1,600,604.1015213861415,0.006835868976902263,1300,0.8,1100,0.8000555378382656,0.901926270432579,0.020185288764399057,0.2499999200294584,0.00476536516820222,0.07726814286414059,False,SUCCESS
E0142,D0004,persistent_q1,1,600,604.1015213861415,0.006835868976902263,1300,0.8,1150,0.8000555378382656,0.9859550855729167,0.058153014714002,0.2499994666648775,0.014794447003572742,0.0780332295131382,False,SUCCESS
E0142,D0004,persistent_q1,1,600,604.1015213861415,0.006835868976902263,1300,0.8,1200,0.8000555378382656,0.9950548612678409,0.06689148549712601,0.24999895798509036,0.04365149382195996,0.08021709489984552,False,SUCCESS
E0142,D0004,persistent_q1,1,600,604.1015213861415,0.006835868976902263,1300,0.8,1250,0.8000555378382656,0.9951613290384689,0.05572758898630705,0.24999926424868246,0.1222107874488341,0.08598644286649777,False,SUCCESS
E0142,D0004,persistent_q1,1,300,326.333413132883,0.08777804377627646,1500,0.88,900,0.8800576079462836,0.8801700796544083,0.0003886729066546583,0.2499999337797326,3.088481797477818e-05,0.0769252820090207,False,DENSIFICATION_EXHAUSTION_FAILURE
E0142,D0004,persistent_q1,1,300,326.333413132883,0.08777804377627646,1500,0.88,950,0.8800576079462836,0.8807861851643757,0.001667897398999445,0.2499999334413954,0.0001516407233263681,0.07693387334456016,False,DENSIFICATION_EXHAUSTION_FAILURE
E0142,D0004,persistent_q1,1,300,326.333413132883,0.08777804377627646,1500,0.88,1000,0.8800576079462836,0.8840844854546505,0.006369431719069886,0.24999993161722872,0.0006547675150368826,0.07696987367832157,False,DENSIFICATION_EXHAUSTION_FAILURE
E0142,D0004,persistent_q1,1,300,326.333413132883,0.08777804377627646,1500,0.88,1050,0.8800576079462836,0.8985679487327292,0.02187070421670971,0.24999992185284375,0.0025037879265244907,0.07710471638614635,False,DENSIFICATION_EXHAUSTION_FAILURE
E0142,D0004,persistent_q1,1,300,326.333413132883,0.08777804377627646,1500,0.88,1100,0.8800576079462836,0.9419827702648194,0.06782224619743668,0.24999986260382326,0.008428750572691449,0.07756164516542874,False,SUCCESS
E0142,D0004,persistent_q1,1,300,326.333413132883,0.08777804377627646,1500,0.88,1150,0.8800576079462836,0.9916725647044439,0.1892463328600481,0.2499991344928061,0.024366662372824237,0.07897605903219695,False,GRAIN_GROWTH_FAILURE
E0142,D0004,persistent_q1,1,300,326.333413132883,0.08777804377627646,1500,0.88,1200,0.8800576079462836,0.9950256560050574,0.18494194771355357,0.24999897863980708,0.07279874927648161,0.08300242053440952,False,GRAIN_GROWTH_FAILURE
E0142,D0004,persistent_q1,1,300,326.333413132883,0.08777804377627646,1500,0.88,1250,0.8800576079462836,0.9952104583330722,0.16283592785793455,0.24999926927977748,0.20576139007965802,0.09356192371712609,False,GRAIN_GROWTH_FAILURE
E0142,D0004,persistent_q1,1,300,326.333413132883,0.08777804377627646,1500,0.88,1300,0.8800576079462836,0.9950416716386894,0.15755451007481797,0.24999950659588618,0.5374633330844698,0.11889826703308352,False,GRAIN_GROWTH_FAILURE
E0142,D0004,persistent_q1,1,300,326.333413132883,0.08777804377627646,1500,0.88,1350,0.8800576079462836,0.9950416716386894,0.1657013166457467,0.24999962036209858,1.306766114103465,0.1733011898501301,False,GRAIN_GROWTH_FAILURE
E0142,D0004,persistent_q1,1,300,326.333413132883,0.08777804377627646,1500,0.88,1400,0.8800576079462836,0.9950416716386894,0.16597075338108544,0.24999962228090786,1.4369996715544278,0.2734177955416058,False,GRAIN_GROWTH_FAILURE
E0142,D0004,persistent_q1,1,300,326.333413132883,0.08777804377627646,1500,0.88,1450,0.8800576079462836,0.9950416716386894,0.16597075338108544,0.24999962228090786,1.4369996715544278,0.422152107324642,False,GRAIN_GROWTH_FAILURE
E0142,D0004,persistent_q1,1,600,609.9932212705872,0.016655368784311998,1500,0.88,900,0.8800555378382661,0.8801631912609955,0.00011125299461124459,0.24999993370326326,1.652729531351135e-05,0.07692426371524405,False,DENSIFICATION_EXHAUSTION_FAILURE
E0142,D0004,persistent_q1,1,600,609.9932212705872,0.016655368784311998,1500,0.88,950,0.8800555378382661,0.8807542099523634,0.00047760848233240554,0.24999993343975505,8.122088257115843e-05,0.07692885992737734,False,DENSIFICATION_EXHAUSTION_FAILURE
E0142,D0004,persistent_q1,1,600,609.9932212705872,0.016655368784311998,1500,0.88,1000,0.8800555378382661,0.883925713963378,0.0018265627059867906,0.2499999316850663,0.00035187183569671075,0.07694811990007752,False,DENSIFICATION_EXHAUSTION_FAILURE
E0142,D0004,persistent_q1,1,600,609.9932212705872,0.016655368784311998,1500,0.88,1050,0.8800555378382661,0.8979142659953152,0.006301174347881653,0.2499999223091952,0.0013601551391540813,0.0770202661870714,False,DENSIFICATION_EXHAUSTION_FAILURE
E0142,D0004,persistent_q1,1,600,609.9932212705872,0.016655368784311998,1500,0.88,1100,0.8800555378382661,0.9403550664469099,0.01980019185230038,0.2499998661981828,0.004721116749077899,0.077264814418339,False,SUCCESS
E0142,D0004,persistent_q1,1,600,609.9932212705872,0.016655368784311998,1500,0.88,1150,0.8800555378382661,0.990672074820079,0.057049136821035205,0.24999921257871038,0.014667069441124671,0.0780225229420858,False,SUCCESS
E0142,D0004,persistent_q1,1,600,609.9932212705872,0.016655368784311998,1500,0.88,1200,0.8800555378382661,0.9950666615432476,0.057991244539022,0.24999895591866925,0.043593509835438284,0.08018539492668887,False,SUCCESS
E0142,D0004,persistent_q1,1,600,609.9932212705872,0.016655368784311998,1500,0.88,1250,0.8800555378382661,0.9952028241936013,0.04844993869774191,0.2499992597598152,0.12186988584575022,0.08589975794938241,False,SUCCESS
E0142,D0004,persistent_q1,1,600,609.9932212705872,0.016655368784311998,1500,0.88,1300,0.8800555378382661,0.9954673884036206,0.045390287734691045,0.24999947527759384,0.3174678514934224,0.09986402762523428,False,SUCCESS
E0142,D0004,persistent_q1,1,600,609.9932212705872,0.016655368784311998,1500,0.88,1350,0.8800555378382661,0.9954673884036206,0.04590748048039361,0.24999960538209814,0.7765586064549429,0.13111446473094204,False,SUCCESS
E0142,D0004,persistent_q1,1,600,609.9932212705872,0.016655368784311998,1500,0.88,1400,0.8800555378382661,0.9954673884036206,0.04602394435940454,0.24999961046879463,0.9144802306941917,0.193592547453675,False,SUCCESS
E0142,D0004,persistent_q1,1,600,609.9932212705872,0.016655368784311998,1500,0.88,1450,0.8800555378382661,0.9954673884036206,0.04602394435940454,0.24999961046879463,0.9144802306941917,0.3004965182707682,False,SUCCESS
E0021,D0005,pore_pinned_q0,0,300,774.4970687093911,1.5816568956979697,1300,0.8,900,0.8003124236108731,0.8003188677199471,0.0005502127313699595,0.499950186327509,7.317526856353916e-06,0.6134273194746824,False,PREP_GROWTH_EXCEEDED
E0021,D0005,pore_pinned_q0,0,300,774.4970687093911,1.5816568956979697,1300,0.8,950,0.8003124236108731,0.8003276843014663,0.002360245863053673,0.49995018633029764,5.948353328787523e-05,0.6134273194746824,False,PREP_GROWTH_EXCEEDED
E0021,D0005,pore_pinned_q0,0,300,774.4970687093911,1.5816568956979697,1300,0.8,1000,0.8003124236108731,0.8004117444017387,0.00900147053450504,0.4999501863801729,0.0004101572407392782,0.6134273194746824,False,PREP_GROWTH_EXCEEDED
E0021,D0005,pore_pinned_q0,0,300,774.4970687093911,1.5816568956979697,1300,0.8,1050,0.8003124236108731,0.800891000776855,0.030778484798237072,0.49995018651993517,0.0024441533765676145,0.6134273194746824,False,PREP_GROWTH_EXCEEDED
E0021,D0005,pore_pinned_q0,0,300,774.4970687093911,1.5816568956979697,1300,0.8,1100,0.8003124236108731,0.8032654782870454,0.09439587865542526,0.499950186806316,0.012789512381299493,0.6134273194746824,False,PREP_GROWTH_EXCEEDED
E0021,D0005,pore_pinned_q0,0,300,774.4970687093911,1.5816568956979697,1300,0.8,1150,0.8003124236108731,0.8133646913074319,0.25784601317143163,0.4999501864780479,0.05957678646758645,0.6134273194746824,False,PREP_GROWTH_EXCEEDED
E0021,D0005,pore_pinned_q0,0,300,774.4970687093911,1.5816568956979697,1300,0.8,1200,0.8003124236108731,0.8474603517294845,0.6278961270834591,0.4999501766699849,0.25,0.6134273194746824,False,PREP_GROWTH_EXCEEDED
E0021,D0005,pore_pinned_q0,0,300,774.4970687093911,1.5816568956979697,1300,0.8,1250,0.8003124236108731,0.917945189175696,1.3991192578593088,0.4999501057679169,0.9547944024576182,0.6134273194746824,False,PREP_GROWTH_EXCEEDED
E0021,D0005,pore_pinned_q0,0,600,942.1242948697848,0.5702071581163077,1300,0.8,900,0.8004063220068233,0.8004127594852738,0.00037195704809600067,0.49995414490167084,7.317526856353916e-06,0.6135691350506566,False,PREP_GROWTH_EXCEEDED
E0021,D0005,pore_pinned_q0,0,600,942.1242948697848,0.5702071581163077,1300,0.8,950,0.8004063220068233,0.8004213023060475,0.0015960484739714186,0.49995414490015244,5.948353328787523e-05,0.6135691350506566,False,PREP_GROWTH_EXCEEDED
E0021,D0005,pore_pinned_q0,0,600,942.1242948697848,0.5702071581163077,1300,0.8,1000,0.8004063220068233,0.8005038387006921,0.006093458346610724,0.499954144860094,0.0004101572407392782,0.6135691350506566,False,PREP_GROWTH_EXCEEDED
E0021,D0005,pore_pinned_q0,0,600,942.1242948697848,0.5702071581163077,1300,0.8,1050,0.8004063220068233,0.8009749872543062,0.02090631514117868,0.4999541447392072,0.0024441533765676145,0.6135691350506566,False,PREP_GROWTH_EXCEEDED
E0021,D0005,pore_pinned_q0,0,600,942.1242948697848,0.5702071581163077,1300,0.8,1100,0.8004063220068233,0.8033141881433853,0.06471973890236132,0.4999541443329595,0.012789512381299493,0.6135691350506566,False,PREP_GROWTH_EXCEEDED
E0021,D0005,pore_pinned_q0,0,600,942.1242948697848,0.5702071581163077,1300,0.8,1150,0.8004063220068233,0.8133002122087836,0.1804310221895855,0.49995414236237296,0.05957678646758645,0.6135691350506566,False,PREP_GROWTH_EXCEEDED
E0021,D0005,pore_pinned_q0,0,600,942.1242948697848,0.5702071581163077,1300,0.8,1200,0.8004063220068233,0.8471943143323246,0.45414578326794397,0.4999541294354104,0.25,0.6135691350506566,False,PREP_GROWTH_EXCEEDED
E0021,D0005,pore_pinned_q0,0,600,942.1242948697848,0.5702071581163077,1300,0.8,1250,0.8004063220068233,0.9176665756095645,1.052026183444689,0.4999540552361524,0.9547944024576182,0.6135691350506566,False,PREP_GROWTH_EXCEEDED
E0021,D0005,pore_pinned_q0,0,300,702.5313232935293,1.3417710776450977,1500,0.88,900,0.8803124236108733,0.8803156622241513,0.0008278284580766638,0.49990736662657825,7.317526856353916e-06,0.7594975572189813,False,PREP_GROWTH_EXCEEDED
E0021,D0005,pore_pinned_q0,0,300,702.5313232935293,1.3417710776450977,1500,0.88,950,0.8803124236108733,0.8803203550706166,0.0035495065124462664,0.49990736662496044,5.948353328787523e-05,0.7594975572189813,False,PREP_GROWTH_EXCEEDED
E0021,D0005,pore_pinned_q0,0,300,702.5313232935293,1.3417710776450977,1500,0.88,1000,0.8803124236108733,0.880364031299495,0.013514234063580913,0.4999073666009083,0.0004101572407392782,0.7594975572189813,False,PREP_GROWTH_EXCEEDED
E0021,D0005,pore_pinned_q0,0,300,702.5313232935293,1.3417710776450977,1500,0.88,1050,0.8803124236108733,0.8806124487722552,0.045958815206415475,0.4999073665254771,0.0024441533765676145,0.7594975572189813,False,PREP_GROWTH_EXCEEDED
E0021,D0005,pore_pinned_q0,0,300,702.5313232935293,1.3417710776450977,1500,0.88,1100,0.8803124236108733,0.8818386407221452,0.13889367233254526,0.49990736623858884,0.012789512381299493,0.7594975572189813,False,PREP_GROWTH_EXCEEDED
E0021,D0005,pore_pinned_q0,0,300,702.5313232935293,1.3417710776450977,1500,0.88,1150,0.8803124236108733,0.8870300208908332,0.3675984825403802,0.4999073645620007,0.05957678646758645,0.7594975572189813,False,PREP_GROWTH_EXCEEDED
E0021,D0005,pore_pinned_q0,0,300,702.5313232935293,1.3417710776450977,1500,0.88,1200,0.8803124236108733,0.9045806212086367,0.8487568118663378,0.49990735243917456,0.25,0.7594975572189813,False,PREP_GROWTH_EXCEEDED
E0021,D0005,pore_pinned_q0,0,300,702.5313232935293,1.3417710776450977,1500,0.88,1250,0.8803124236108733,0.9421345902328534,1.7516684465963175,0.499907281054048,0.9547944024576182,0.7594975572189813,False,PREP_GROWTH_EXCEEDED
E0021,D0005,pore_pinned_q0,0,300,702.5313232935293,1.3417710776450977,1500,0.88,1300,0.8803124236108733,0.9755843856715144,3.2615633107415056,0.4999070295203016,3.3487736956303547,0.7594975572189813,False,PREP_GROWTH_EXCEEDED
E0021,D0005,pore_pinned_q0,0,300,702.5313232935293,1.3417710776450977,1500,0.88,1350,0.8803124236108733,0.9876521203210878,5.454547028923896,0.49990645380020715,10.871426408015129,0.7594975572189813,False,PREP_GROWTH_EXCEEDED
E0021,D0005,pore_pinned_q0,0,300,702.5313232935293,1.3417710776450977,1500,0.88,1400,0.8803124236108733,0.9918685826244742,8.479790314471302,0.49990523970875406,32.89441108780003,0.7594975572189813,False,PREP_GROWTH_EXCEEDED
E0021,D0005,pore_pinned_q0,0,300,702.5313232935293,1.3417710776450977,1500,0.88,1450,0.8803124236108733,0.9939442893501238,12.585961302620134,0.4999026019366833,93.33687315195475,0.7594975572189813,False,PREP_GROWTH_EXCEEDED
E0021,D0005,pore_pinned_q0,0,600,878.4725945344434,0.4641209908907388,1500,0.88,900,0.8804063220068229,0.8804095556279279,0.0005296596788520375,0.49990518103921094,7.317526856353916e-06,0.759702232584023,False,PREP_GROWTH_EXCEEDED
E0021,D0005,pore_pinned_q0,0,600,878.4725945344434,0.4641209908907388,1500,0.88,950,0.8804063220068229,0.8804140343501895,0.00227214591622184,0.4999051810392751,5.948353328787523e-05,0.759702232584023,False,PREP_GROWTH_EXCEEDED
E0021,D0005,pore_pinned_q0,0,600,878.4725945344434,0.4641209908907388,1500,0.88,1000,0.8804063220068229,0.8804565225329103,0.00866617228225919,0.49990518103924925,0.0004101572407392782,0.759702232584023,False,PREP_GROWTH_EXCEEDED
E0021,D0005,pore_pinned_q0,0,600,878.4725945344434,0.4641209908907388,1500,0.88,1050,0.8804063220068229,0.8806987108957596,0.02963653833233616,0.49990518103391085,0.0024441533765676145,0.759702232584023,False,PREP_GROWTH_EXCEEDED
E0021,D0005,pore_pinned_q0,0,600,878.4725945344434,0.4641209908907388,1500,0.88,1100,0.8804063220068229,0.8818987848867237,0.09088489897675953,0.49990518093590314,0.012789512381299493,0.759702232584023,False,PREP_GROWTH_EXCEEDED
E0021,D0005,pore_pinned_q0,0,600,878.4725945344434,0.4641209908907388,1500,0.88,1150,0.8804063220068229,0.8870119399133993,0.24764181918947836,0.49990517972659737,0.05957678646758645,0.759702232584023,False,PREP_GROWTH_EXCEEDED
E0021,D0005,pore_pinned_q0,0,600,878.4725945344434,0.4641209908907388,1500,0.88,1200,0.8804063220068229,0.9044324870051785,0.5955548317829443,0.4999051685685038,0.25,0.759702232584023,False,PREP_GROWTH_EXCEEDED
E0021,D0005,pore_pinned_q0,0,600,878.4725945344434,0.4641209908907388,1500,0.88,1250,0.8804063220068229,0.9419643426505873,1.2803570018679806,0.4999050982310199,0.9547944024576182,0.759702232584023,False,PREP_GROWTH_EXCEEDED
E0021,D0005,pore_pinned_q0,0,600,878.4725945344434,0.4641209908907388,1500,0.88,1300,0.8804063220068229,0.975533895114214,2.459700918109836,0.49990484605900487,3.3487736956303547,0.759702232584023,False,PREP_GROWTH_EXCEEDED
E0021,D0005,pore_pinned_q0,0,600,878.4725945344434,0.4641209908907388,1500,0.88,1350,0.8804063220068229,0.9876435905784563,4.196007077251733,0.49990426810310074,10.871426408015129,0.759702232584023,False,PREP_GROWTH_EXCEEDED
E0021,D0005,pore_pinned_q0,0,600,878.4725945344434,0.4641209908907388,1500,0.88,1400,0.8804063220068229,0.9918657473943009,6.604471928772484,0.49990305109986755,32.89441108780003,0.759702232584023,False,PREP_GROWTH_EXCEEDED
E0021,D0005,pore_pinned_q0,0,600,878.4725945344434,0.4641209908907388,1500,0.88,1450,0.8804063220068229,0.9939410239519081,9.881263222437678,0.4999004095711589,93.33687315195475,0.759702232584023,False,PREP_GROWTH_EXCEEDED
E0142,D0006,pore_pinned_q1,1,300,301.3922303774017,0.00464076792467216,1300,0.8,900,0.8000576079465664,0.8002479790459871,0.0001353542522104875,0.499999307026052,1.2850472707121583e-05,0.022836772504745695,False,DENSIFICATION_EXHAUSTION_FAILURE
E0142,D0006,pore_pinned_q1,1,300,301.3922303774017,0.00464076792467216,1300,0.8,950,0.8000576079465664,0.8012910548926,0.0005825479802874267,0.4999993049822049,5.3400757197698785e-05,0.022836772504745695,False,DENSIFICATION_EXHAUSTION_FAILURE
E0142,D0006,pore_pinned_q1,1,300,301.3922303774017,0.00464076792467216,1300,0.8,1000,0.8000576079465664,0.8068763071563726,0.002259206517225133,0.4999992885669439,0.0001981701757254767,0.022836772504745695,False,DENSIFICATION_EXHAUSTION_FAILURE
E0142,D0006,pore_pinned_q1,1,300,301.3922303774017,0.00464076792467216,1300,0.8,1050,0.8000576079465664,0.8314031498344213,0.00833959506180586,0.4999991940009457,0.0006630384497900722,0.022836772504745695,False,DENSIFICATION_EXHAUSTION_FAILURE
E0142,D0006,pore_pinned_q1,1,300,301.3922303774017,0.00464076792467216,1300,0.8,1100,0.8000576079465664,0.9048014297038456,0.03537637573971152,0.4999986300875434,0.001989831374163954,0.022836772504745695,False,SUCCESS
E0142,D0006,pore_pinned_q1,1,300,301.3922303774017,0.00464076792467216,1300,0.8,1150,0.8000576079465664,0.9875254623759046,0.32773884723785546,0.4999933145401025,0.004420238952463956,0.022836772504745695,False,GRAIN_GROWTH_FAILURE
E0142,D0006,pore_pinned_q1,1,300,301.3922303774017,0.00464076792467216,1300,0.8,1200,0.8000576079465664,0.9950114441324056,0.5732220711685079,0.49999173376619566,0.00993037525549524,0.022836772504745695,False,GRAIN_GROWTH_FAILURE
E0142,D0006,pore_pinned_q1,1,300,301.3922303774017,0.00464076792467216,1300,0.8,1250,0.8000576079465664,0.9950640549571185,0.45659394798065867,0.49999469328303675,0.026824497970999416,0.022836772504745695,False,GRAIN_GROWTH_FAILURE
E0142,D0006,pore_pinned_q1,1,600,600.7196328128455,0.001199388021409063,1300,0.8,900,0.8000555378383002,0.8002375947714018,3.407223986750081e-05,0.49999930371989704,6.447973189421695e-06,0.022836534130600893,False,DENSIFICATION_EXHAUSTION_FAILURE
E0142,D0006,pore_pinned_q1,1,600,600.7196328128455,0.001199388021409063,1300,0.8,950,0.8000555378383002,0.8012373389952159,0.00014665108925715232,0.4999993038741733,2.680380750169206e-05,0.022836534130600893,False,DENSIFICATION_EXHAUSTION_FAILURE
E0142,D0006,pore_pinned_q1,1,600,600.7196328128455,0.001199388021409063,1300,0.8,1000,0.8000555378383002,0.8066030273333876,0.0005687613204629929,0.49999928877701083,9.959329262061434e-05,0.022836534130600893,False,DENSIFICATION_EXHAUSTION_FAILURE
E0142,D0006,pore_pinned_q1,1,600,600.7196328128455,0.001199388021409063,1300,0.8,1050,0.8000555378383002,0.8302676699713544,0.002098509344770786,0.4999991978870885,0.0003347258468870346,0.022836534130600893,False,DENSIFICATION_EXHAUSTION_FAILURE
E0142,D0006,pore_pinned_q1,1,600,600.7196328128455,0.001199388021409063,1300,0.8,1100,0.8000555378383002,0.9019606701702376,0.008876147731947878,0.49999866238740165,0.0010244821060868554,0.022836534130600893,False,SUCCESS
E0142,D0006,pore_pinned_q1,1,600,600.7196328128455,0.001199388021409063,1300,0.8,1150,0.8000555378383002,0.9859674269307687,0.08540118801384815,0.4999937625243205,0.002712017971552916,0.022836534130600893,False,SUCCESS
E0142,D0006,pore_pinned_q1,1,600,600.7196328128455,0.001199388021409063,1300,0.8,1200,0.8000555378383002,0.9950298825360515,0.18129422778400203,0.49999154291113335,0.006618800221283189,0.022836534130600893,False,GRAIN_GROWTH_FAILURE
E0142,D0006,pore_pinned_q1,1,600,600.7196328128455,0.001199388021409063,1300,0.8,1250,0.8000555378383002,0.9951471499271306,0.1420235791384457,0.4999945703957741,0.017088733862238782,0.022836534130600893,False,GRAIN_GROWTH_FAILURE
E0142,D0006,pore_pinned_q1,1,300,302.2201695525712,0.0074005651752372045,1500,0.88,900,0.8800576079465666,0.8801709290777794,0.00022527683767115586,0.49999882236469434,1.281411876229425e-05,0.03821937290032622,False,DENSIFICATION_EXHAUSTION_FAILURE
E0142,D0006,pore_pinned_q1,1,300,302.2201695525712,0.0074005651752372045,1500,0.88,950,0.8800576079465666,0.8807914737250525,0.0009693950205366241,0.49999881953935416,5.32339255751472e-05,0.03821937290032622,False,DENSIFICATION_EXHAUSTION_FAILURE
E0142,D0006,pore_pinned_q1,1,300,302.2201695525712,0.0074005651752372045,1500,0.88,1000,0.8800576079465666,0.8841125737348517,0.003756808450801045,0.4999987960241382,0.0001973330431629553,0.03821937290032622,False,DENSIFICATION_EXHAUSTION_FAILURE
E0142,D0006,pore_pinned_q1,1,300,302.2201695525712,0.0074005651752372045,1500,0.88,1050,0.8800576079465666,0.8986896968118303,0.013828771337014052,0.4999986495884119,0.0006576499330009355,0.03821937290032622,False,DENSIFICATION_EXHAUSTION_FAILURE
E0142,D0006,pore_pinned_q1,1,300,302.2201695525712,0.0074005651752372045,1500,0.88,1100,0.8800576079465666,0.9423067340389688,0.057837012183942195,0.4999977825553603,0.0019423585757585575,0.03821937290032622,False,SUCCESS
E0142,D0006,pore_pinned_q1,1,300,302.2201695525712,0.0074005651752372045,1500,0.88,1150,0.8800576079465666,0.9917060790979132,0.46310027138884025,0.4999910317718572,0.004000364075690469,0.03821937290032622,False,GRAIN_GROWTH_FAILURE
E0142,D0006,pore_pinned_q1,1,300,302.2201695525712,0.0074005651752372045,1500,0.88,1200,0.8800576079465666,0.9950321819372968,0.5647879147219023,0.49999169992262205,0.00995688855760419,0.03821937290032622,False,GRAIN_GROWTH_FAILURE
E0142,D0006,pore_pinned_q1,1,300,302.2201695525712,0.0074005651752372045,1500,0.88,1250,0.8800576079465666,0.9950850951663298,0.45017728149592795,0.4999946014207585,0.026869378074021226,0.03821937290032622,False,GRAIN_GROWTH_FAILURE
E0142,D0006,pore_pinned_q1,1,300,302.2201695525712,0.0074005651752372045,1500,0.88,1300,0.8800576079465666,0.9951021125948186,0.3663711246174214,0.4999962876069963,0.06694122753275049,0.03821937290032622,False,GRAIN_GROWTH_FAILURE
E0142,D0006,pore_pinned_q1,1,300,302.2201695525712,0.0074005651752372045,1500,0.88,1350,0.8800576079465666,0.9950249648283802,0.31119428093544155,0.4999969858201895,0.1553630713170858,0.03821937290032622,False,GRAIN_GROWTH_FAILURE
E0142,D0006,pore_pinned_q1,1,300,302.2201695525712,0.0074005651752372045,1500,0.88,1400,0.8800576079465666,0.9950481700697779,0.31119428093544155,0.49999699175882856,0.17067644096769852,0.03821937290032622,False,GRAIN_GROWTH_FAILURE
E0142,D0006,pore_pinned_q1,1,300,302.2201695525712,0.0074005651752372045,1500,0.88,1450,0.8800576079465666,0.9950481700697779,0.31119428093544155,0.49999699175882856,0.17067644096769852,0.03821937290032622,False,GRAIN_GROWTH_FAILURE
E0142,D0006,pore_pinned_q1,1,600,601.1418953566895,0.0019031589278156662,1500,0.88,900,0.8800555378382999,0.8801632713668429,5.694140834711228e-05,0.4999988338739047,6.443296865748602e-06,0.03821870888401732,False,DENSIFICATION_EXHAUSTION_FAILURE
E0142,D0006,pore_pinned_q1,1,600,601.1418953566895,0.0019031589278156662,1500,0.88,950,0.8800555378382999,0.8807547110628251,0.00024506403246920443,0.4999988252851781,2.6782349683218798e-05,0.03821870888401732,False,DENSIFICATION_EXHAUSTION_FAILURE
E0142,D0006,pore_pinned_q1,1,600,601.1418953566895,0.0019031589278156662,1500,0.88,1000,0.8800555378382999,0.8839284111402689,0.0009500970401261474,0.499998797928442,9.94854989835628e-05,0.03821870888401732,False,DENSIFICATION_EXHAUSTION_FAILURE
E0142,D0006,pore_pinned_q1,1,600,601.1418953566895,0.0019031589278156662,1500,0.88,1050,0.8800555378382999,0.8979264183362518,0.0034996654615450174,0.4999986558505934,0.00033402473667502923,0.03821870888401732,False,DENSIFICATION_EXHAUSTION_FAILURE
E0142,D0006,pore_pinned_q1,1,600,601.1418953566895,0.0019031589278156662,1500,0.88,1100,0.8800555378382999,0.9403907761903781,0.014664426466043774,0.49999783537098147,0.0010179387735894908,0.03821870888401732,False,SUCCESS
E0142,D0006,pore_pinned_q1,1,600,601.1418953566895,0.0019031589278156662,1500,0.88,1150,0.8800555378382999,0.9906693991518015,0.12621374438603988,0.49999158335528987,0.0026123409743827554,0.03821870888401732,False,GRAIN_GROWTH_FAILURE
E0142,D0006,pore_pinned_q1,1,600,601.1418953566895,0.0019031589278156662,1500,0.88,1200,0.8800555378382999,0.995043817424976,0.17890249353309629,0.49999151767874894,0.006627625235859604,0.03821870888401732,False,GRAIN_GROWTH_FAILURE
E0142,D0006,pore_pinned_q1,1,600,601.1418953566895,0.0019031589278156662,1500,0.88,1250,0.8800555378382999,0.9951900873996774,0.14106997300999136,0.4999944727957821,0.017091494089271998,0.03821870888401732,False,GRAIN_GROWTH_FAILURE
E0142,D0006,pore_pinned_q1,1,600,601.1418953566895,0.0019031589278156662,1500,0.88,1300,0.8800555378382999,0.9954686007243218,0.11747510915238578,0.49999615744651865,0.04113672776998285,0.03821870888401732,False,GRAIN_GROWTH_FAILURE
E0142,D0006,pore_pinned_q1,1,600,601.1418953566895,0.0019031589278156662,1500,0.88,1350,0.8800555378382999,0.9954686007243218,0.09908183952137392,0.49999692618683245,0.09298744746400131,0.03821870888401732,False,SUCCESS
E0142,D0006,pore_pinned_q1,1,600,601.1418953566895,0.0019031589278156662,1500,0.88,1400,0.8800555378382999,0.9954686007243218,0.09812748463618266,0.49999695128319904,0.1076878985820577,0.03821870888401732,False,SUCCESS
E0142,D0006,pore_pinned_q1,1,600,601.1418953566895,0.0019031589278156662,1500,0.88,1450,0.8800555378382999,0.9954686007243218,0.09812748463618266,0.49999695128319904,0.1076878985820577,0.03821870888401732,False,SUCCESS
E0021,D0007,pore_relaxed_q0,0,300,1014.4920786965823,2.3816402623219406,1300,0.8,900,0.8001086777705227,0.8001151261199716,0.000522771476430379,0.4999888691877375,3.888091120536197e-05,1.0,False,PREP_GROWTH_EXCEEDED
E0021,D0007,pore_relaxed_q0,0,300,1014.4920786965823,2.3816402623219406,1300,0.8,950,0.8001086777705227,0.8001235963377737,0.0022426076655655625,0.4999888691853856,0.0002260287470759262,1.0,False,PREP_GROWTH_EXCEEDED
E0021,D0007,pore_relaxed_q0,0,300,1014.4920786965823,2.3816402623219406,1300,0.8,1000,0.8001086777705227,0.8002057913946591,0.008553345039335677,0.49998886911588136,0.0011443232527755729,1.0,False,PREP_GROWTH_EXCEEDED
E0021,D0007,pore_relaxed_q0,0,300,1014.4920786965823,2.3816402623219406,1300,0.8,1050,0.8001086777705227,0.8006750129689668,0.029244560848600793,0.4999888689092571,0.0051250523276952144,1.0,False,PREP_GROWTH_EXCEEDED
E0021,D0007,pore_relaxed_q0,0,300,1014.4920786965823,2.3816402623219406,1300,0.8,1100,0.8001086777705227,0.8030041209741297,0.08956741523164823,0.49998886827052114,0.02057916504396477,1.0,False,PREP_GROWTH_EXCEEDED
E0021,D0007,pore_relaxed_q0,0,300,1014.4920786965823,2.3816402623219406,1300,0.8,1150,0.8001086777705227,0.8129430174883936,0.24262011830921215,0.49998886572548,0.0749437022316181,1.0,False,PREP_GROWTH_EXCEEDED
E0021,D0007,pore_relaxed_q0,0,300,1014.4920786965823,2.3816402623219406,1300,0.8,1200,0.8001086777705227,0.8466979216129723,0.5717349949368794,0.49998885160066747,0.25,1.0,False,PREP_GROWTH_EXCEEDED
E0021,D0007,pore_relaxed_q0,0,300,1014.4920786965823,2.3816402623219406,1300,0.8,1250,0.8001086777705227,0.917168301213051,1.1725534716295445,0.4999887753970237,0.7705391107324409,1.0,False,PREP_GROWTH_EXCEEDED
E0021,D0007,pore_relaxed_q0,0,600,1150.8867544122008,0.9181445906870012,1300,0.8,900,0.8004063200655405,0.8004127534800625,0.0004062274537057595,0.49998796154573816,3.888091120536197e-05,1.0,False,PREP_GROWTH_EXCEEDED
E0021,D0007,pore_relaxed_q0,0,600,1150.8867544122008,0.9181445906870012,1300,0.8,950,0.8004063200655405,0.8004210743684324,0.0017429848060236002,0.49998796154600733,0.0002260287470759262,1.0,False,PREP_GROWTH_EXCEEDED
E0021,D0007,pore_relaxed_q0,0,600,1150.8867544122008,0.9181445906870012,1300,0.8,1000,0.8004063200655405,0.8005023816667699,0.006652402263813504,0.49998796155767916,0.0011443232527755729,1.0,False,PREP_GROWTH_EXCEEDED
E0021,D0007,pore_relaxed_q0,0,600,1150.8867544122008,0.9181445906870012,1300,0.8,1050,0.8004063200655405,0.8009668263941632,0.022795898662552657,0.4999879615843948,0.0051250523276952144,1.0,False,PREP_GROWTH_EXCEEDED
E0021,D0007,pore_relaxed_q0,0,600,1150.8867544122008,0.9181445906870012,1300,0.8,1100,0.8004063200655405,0.8032746867746262,0.07024393884265913,0.4999879615638421,0.02057916504396477,1.0,False,PREP_GROWTH_EXCEEDED
E0021,D0007,pore_relaxed_q0,0,600,1150.8867544122008,0.9181445906870012,1300,0.8,1150,0.8004063200655405,0.813141378574189,0.192795808963998,0.4999879604924275,0.0749437022316181,1.0,False,PREP_GROWTH_EXCEEDED
E0021,D0007,pore_relaxed_q0,0,600,1150.8867544122008,0.9181445906870012,1300,0.8,1200,0.8004063200655405,0.8467405353293502,0.46369565303422744,0.49998794919587825,0.25,1.0,False,PREP_GROWTH_EXCEEDED
E0021,D0007,pore_relaxed_q0,0,600,1150.8867544122008,0.9181445906870012,1300,0.8,1250,0.8004063200655405,0.9170910869809797,0.9723607019291581,0.49998787575782766,0.7705391107324409,1.0,False,PREP_GROWTH_EXCEEDED
E0021,D0007,pore_relaxed_q0,0,300,866.6043604174308,1.8886812013914354,1500,0.88,900,0.8802933538891157,0.8802965919735319,0.0007163504326565013,0.49997636852265026,3.888091120536197e-05,1.0,False,PREP_GROWTH_EXCEEDED
E0021,D0007,pore_relaxed_q0,0,300,866.6043604174308,1.8886812013914354,1500,0.88,950,0.8802933538891157,0.8803010874333786,0.0030720577638696394,0.4999763685225159,0.0002260287470759262,1.0,False,PREP_GROWTH_EXCEEDED
E0021,D0007,pore_relaxed_q0,0,300,866.6043604174308,1.8886812013914354,1500,0.88,1000,0.8802933538891157,0.8803436858617986,0.011703409252747758,0.4999763685199231,0.0011443232527755729,1.0,False,PREP_GROWTH_EXCEEDED
E0021,D0007,pore_relaxed_q0,0,300,866.6043604174308,1.8886812013914354,1500,0.88,1050,0.8802933538891157,0.8805863851196168,0.03986919008033273,0.4999763685059621,0.0051250523276952144,1.0,False,PREP_GROWTH_EXCEEDED
E0021,D0007,pore_relaxed_q0,0,300,866.6043604174308,1.8886812013914354,1500,0.88,1100,0.8802933538891157,0.8817876767547252,0.12093384752232758,0.49997636837994575,0.02057916504396477,1.0,False,PREP_GROWTH_EXCEEDED
E0021,D0007,pore_relaxed_q0,0,300,866.6043604174308,1.8886812013914354,1500,0.88,1150,0.8802933538891157,0.8868971905170621,0.32125087067171915,0.499976367085924,0.0749437022316181,1.0,False,PREP_GROWTH_EXCEEDED
E0021,D0007,pore_relaxed_q0,0,300,866.6043604174308,1.8886812013914354,1500,0.88,1200,0.8802933538891157,0.9042868219589915,0.7364392284156005,0.49997635570803306,0.25,1.0,False,PREP_GROWTH_EXCEEDED
E0021,D0007,pore_relaxed_q0,0,300,866.6043604174308,1.8886812013914354,1500,0.88,1250,0.8802933538891157,0.9418106061563151,1.4695471121984323,0.49997628476628997,0.7705391107324409,1.0,False,PREP_GROWTH_EXCEEDED
E0021,D0007,pore_relaxed_q0,0,300,866.6043604174308,1.8886812013914354,1500,0.88,1300,0.8802933538891157,0.9754833297849741,2.626630003358389,0.4999760308279517,2.2109273550510244,1.0,False,PREP_GROWTH_EXCEEDED
E0021,D0007,pore_relaxed_q0,0,300,866.6043604174308,1.8886812013914354,1500,0.88,1350,0.8802933538891157,0.9876353447332201,4.33268554685375,0.4999754503281216,5.944989430991221,1.0,False,PREP_GROWTH_EXCEEDED
E0021,D0007,pore_relaxed_q0,0,300,866.6043604174308,1.8886812013914354,1500,0.88,1400,0.8802933538891157,0.9918636705645684,6.743909239944245,0.49997423063375196,15.06790864550422,1.0,False,PREP_GROWTH_EXCEEDED
E0021,D0007,pore_relaxed_q0,0,300,866.6043604174308,1.8886812013914354,1500,0.88,1450,0.8802933538891157,0.993938253826635,10.051207734855373,0.4999715854517454,36.18387957947569,1.0,False,PREP_GROWTH_EXCEEDED
E0021,D0007,pore_relaxed_q0,0,600,1009.5285790387861,0.68254763173131,1500,0.88,900,0.8804063200655404,0.8804095525058011,0.0005279233266050421,0.49997788827954404,3.888091120536197e-05,1.0,False,PREP_GROWTH_EXCEEDED
E0021,D0007,pore_relaxed_q0,0,600,1009.5285790387861,0.68254763173131,1500,0.88,950,0.8804063200655404,0.8804139247537633,0.0022646891906359466,0.49997788827644934,0.0002260287470759262,1.0,False,PREP_GROWTH_EXCEEDED
E0021,D0007,pore_relaxed_q0,0,600,1009.5285790387861,0.68254763173131,1500,0.88,1000,0.8804063200655404,0.8804558254278965,0.00863729914668283,0.4999778882015376,0.0011443232527755729,1.0,False,PREP_GROWTH_EXCEEDED
E0021,D0007,pore_relaxed_q0,0,600,1009.5285790387861,0.68254763173131,1500,0.88,1050,0.8804063200655404,0.880694836880969,0.02952871204940056,0.49997788797963183,0.0051250523276952144,1.0,False,PREP_GROWTH_EXCEEDED
E0021,D0007,pore_relaxed_q0,0,600,1009.5285790387861,0.68254763173131,1500,0.88,1100,0.8804063200655404,0.8818803819205969,0.0904137764926238,0.49997788730336423,0.02057916504396477,1.0,False,PREP_GROWTH_EXCEEDED
E0021,D0007,pore_relaxed_q0,0,600,1009.5285790387861,0.68254763173131,1500,0.88,1150,0.8804063200655404,0.8869407417015195,0.2447767950965409,0.4999778847019802,0.0749437022316181,1.0,False,PREP_GROWTH_EXCEEDED
E0021,D0007,pore_relaxed_q0,0,600,1009.5285790387861,0.68254763173131,1500,0.88,1200,0.8804063200655404,0.9042395947418781,0.576340534351209,0.499977870788965,0.25,1.0,False,PREP_GROWTH_EXCEEDED
E0021,D0007,pore_relaxed_q0,0,600,1009.5285790387861,0.68254763173131,1500,0.88,1250,0.8804063200655404,0.941721334804162,1.1809800043797798,0.49997779691020716,0.7705391107324409,1.0,False,PREP_GROWTH_EXCEEDED
E0021,D0007,pore_relaxed_q0,0,600,1009.5285790387861,0.68254763173131,1500,0.88,1300,0.8804063200655404,0.9754519922057903,2.1549812033663853,0.4999775422504005,2.2109273550510244,1.0,False,PREP_GROWTH_EXCEEDED
E0021,D0007,pore_relaxed_q0,0,600,1009.5285790387861,0.68254763173131,1500,0.88,1350,0.8804063200655404,0.9876295293856253,3.6061792977567952,0.49997696203706643,5.944989430991221,1.0,False,PREP_GROWTH_EXCEEDED
E0021,D0007,pore_relaxed_q0,0,600,1009.5285790387861,0.68254763173131,1500,0.88,1400,0.8804063200655404,0.9918622341963055,5.667142143343915,0.4999757414088241,15.06790864550422,1.0,False,PREP_GROWTH_EXCEEDED
E0021,D0007,pore_relaxed_q0,0,600,1009.5285790387861,0.68254763173131,1500,0.88,1450,0.8804063200655404,0.993935689724801,8.500367293934298,0.49997309353214103,36.18387957947569,1.0,False,PREP_GROWTH_EXCEEDED
E0021,D0008,pore_relaxed_q1,1,300,1014.4920786965823,2.3816402623219406,1300,0.8,900,0.8001086777705227,0.8001151261199716,0.000522771476430379,0.49999979215129187,4.635191210818095e-06,1.0,False,PREP_GROWTH_EXCEEDED
E0021,D0008,pore_relaxed_q1,1,300,1014.4920786965823,2.3816402623219406,1300,0.8,950,0.8001086777705227,0.8001235963377737,0.0022426076655655625,0.4999997921512131,1.7690661018455967e-05,1.0,False,PREP_GROWTH_EXCEEDED
E0021,D0008,pore_relaxed_q1,1,300,1014.4920786965823,2.3816402623219406,1300,0.8,1000,0.8001086777705227,0.8002057913946591,0.008553345039335677,0.49999979214894064,6.0492006166662656e-05,1.0,False,PREP_GROWTH_EXCEEDED
E0021,D0008,pore_relaxed_q1,1,300,1014.4920786965823,2.3816402623219406,1300,0.8,1050,0.8001086777705227,0.8006750129689668,0.029244560848600793,0.49999979214219625,0.00018578478374946245,1.0,False,PREP_GROWTH_EXCEEDED
E0021,D0008,pore_relaxed_q1,1,300,1014.4920786965823,2.3816402623219406,1300,0.8,1100,0.8001086777705227,0.8030041209741297,0.08956741523164823,0.4999997921209515,0.0005061811356465082,1.0,False,PREP_GROWTH_EXCEEDED
E0021,D0008,pore_relaxed_q1,1,300,1014.4920786965823,2.3816402623219406,1300,0.8,1150,0.8001086777705227,0.8129430174883936,0.24262011830921215,0.49999979203253114,0.0011884356594656946,1.0,False,PREP_GROWTH_EXCEEDED
E0021,D0008,pore_relaxed_q1,1,300,1014.4920786965823,2.3816402623219406,1300,0.8,1200,0.8001086777705227,0.8466979216129723,0.5717349949368794,0.4999997915216213,0.0023533291593693063,1.0,False,PREP_GROWTH_EXCEEDED
E0021,D0008,pore_relaxed_q1,1,300,1014.4920786965823,2.3816402623219406,1300,0.8,1250,0.8001086777705227,0.917168301213051,1.1725534716295445,0.49999978871845663,0.0040146396086992,1.0,False,PREP_GROWTH_EXCEEDED
E0021,D0008,pore_relaxed_q1,1,600,1150.8867544122008,0.9181445906870012,1300,0.8,900,0.8004063200655405,0.8004127534800625,0.0004062274537057595,0.49999977898526626,4.086337290812191e-06,1.0,False,PREP_GROWTH_EXCEEDED
E0021,D0008,pore_relaxed_q1,1,600,1150.8867544122008,0.9181445906870012,1300,0.8,950,0.8004063200655405,0.8004210743684324,0.0017429848060236002,0.49999977898528514,1.560185501528502e-05,1.0,False,PREP_GROWTH_EXCEEDED
E0021,D0008,pore_relaxed_q1,1,600,1150.8867544122008,0.9181445906870012,1300,0.8,1000,0.8004063200655405,0.8005023816667699,0.006652402263813504,0.4999997789853557,5.342342415336439e-05,1.0,False,PREP_GROWTH_EXCEEDED
E0021,D0008,pore_relaxed_q1,1,600,1150.8867544122008,0.9181445906870012,1300,0.8,1050,0.8004063200655405,0.8009668263941632,0.022795898662552657,0.4999997789853207,0.0001647974073800059,1.0,False,PREP_GROWTH_EXCEEDED
E0021,D0008,pore_relaxed_q1,1,600,1150.8867544122008,0.9181445906870012,1300,0.8,1100,0.8004063200655405,0.8032746867746262,0.07024393884265913,0.4999997789818592,0.00045423357895785075,1.0,False,PREP_GROWTH_EXCEEDED
E0021,D0008,pore_relaxed_q1,1,600,1150.8867544122008,0.9181445906870012,1300,0.8,1150,0.8004063200655405,0.813141378574189,0.192795808963998,0.49999977893578795,0.0010912854112089154,1.0,False,PREP_GROWTH_EXCEEDED
E0021,D0008,pore_relaxed_q1,1,600,1150.8867544122008,0.9181445906870012,1300,0.8,1200,0.8004063200655405,0.8467405353293502,0.46369565303422744,0.4999997785058249,0.002227399879221849,1.0,False,PREP_GROWTH_EXCEEDED
E0021,D0008,pore_relaxed_q1,1,600,1150.8867544122008,0.9181445906870012,1300,0.8,1250,0.8004063200655405,0.9170910869809797,0.9723607019291581,0.49999977577991217,0.003897852029114729,1.0,False,PREP_GROWTH_EXCEEDED
E0021,D0008,pore_relaxed_q1,1,300,866.6043604174308,1.8886812013914354,1500,0.88,900,0.8802933538891157,0.8802965919735319,0.0007163504326565013,0.49999955888601166,5.42514808822829e-06,1.0,False,PREP_GROWTH_EXCEEDED
E0021,D0008,pore_relaxed_q1,1,300,866.6043604174308,1.8886812013914354,1500,0.88,950,0.8802933538891157,0.8803010874333786,0.0030720577638696394,0.4999995588860384,2.069251673581196e-05,1.0,False,PREP_GROWTH_EXCEEDED
E0021,D0008,pore_relaxed_q1,1,300,866.6043604174308,1.8886812013914354,1500,0.88,1000,0.8802933538891157,0.8803436858617986,0.011703409252747758,0.49999955888626196,7.059504101409908e-05,1.0,False,PREP_GROWTH_EXCEEDED
E0021,D0008,pore_relaxed_q1,1,300,866.6043604174308,1.8886812013914354,1500,0.88,1050,0.8802933538891157,0.8805863851196168,0.03986919008033273,0.49999955888667236,0.00021527150192922424,1.0,False,PREP_GROWTH_EXCEEDED
E0021,D0008,pore_relaxed_q1,1,300,866.6043604174308,1.8886812013914354,1500,0.88,1100,0.8802933538891157,0.8817876767547252,0.12093384752232758,0.49999955888447273,0.000576008977986453,1.0,False,PREP_GROWTH_EXCEEDED
E0021,D0008,pore_relaxed_q1,1,300,866.6043604174308,1.8886812013914354,1500,0.88,1150,0.8802933538891157,0.8868971905170621,0.32125087067171915,0.49999955884245045,0.001308553007269513,1.0,False,PREP_GROWTH_EXCEEDED
E0021,D0008,pore_relaxed_q1,1,300,866.6043604174308,1.8886812013914354,1500,0.88,1200,0.8802933538891157,0.9042868219589915,0.7364392284156005,0.49999955843289035,0.002493816775460928,1.0,False,PREP_GROWTH_EXCEEDED
E0021,D0008,pore_relaxed_q1,1,300,866.6043604174308,1.8886812013914354,1500,0.88,1250,0.8802933538891157,0.9418106061563151,1.4695471121984323,0.49999955582166533,0.004134759009353748,1.0,False,PREP_GROWTH_EXCEEDED
E0021,D0008,pore_relaxed_q1,1,300,866.6043604174308,1.8886812013914354,1500,0.88,1300,0.8802933538891157,0.9754833297849741,2.626630003358389,0.49999954642296135,0.006282564951927682,1.0,False,PREP_GROWTH_EXCEEDED
E0021,D0008,pore_relaxed_q1,1,300,866.6043604174308,1.8886812013914354,1500,0.88,1350,0.8802933538891157,0.9876353447332201,4.33268554685375,0.49999952491422683,0.009077971164917719,1.0,False,PREP_GROWTH_EXCEEDED
E0021,D0008,pore_relaxed_q1,1,300,866.6043604174308,1.8886812013914354,1500,0.88,1400,0.8802933538891157,0.9918636705645684,6.743909239944245,0.4999994797300467,0.01270300589767267,1.0,False,PREP_GROWTH_EXCEEDED
E0021,D0008,pore_relaxed_q1,1,300,866.6043604174308,1.8886812013914354,1500,0.88,1450,0.8802933538891157,0.993938253826635,10.051207734855373,0.49999938175120207,0.01735449330048275,1.0,False,PREP_GROWTH_EXCEEDED
E0021,D0008,pore_relaxed_q1,1,600,1009.5285790387861,0.68254763173131,1500,0.88,900,0.8804063200655404,0.8804095525058011,0.0005279233266050421,0.49999954445705247,4.657956892367898e-06,1.0,False,PREP_GROWTH_EXCEEDED
E0021,D0008,pore_relaxed_q1,1,600,1009.5285790387861,0.68254763173131,1500,0.88,950,0.8804063200655404,0.8804139247537633,0.0022646891906359466,0.4999995444571193,1.777724895526055e-05,1.0,False,PREP_GROWTH_EXCEEDED
E0021,D0008,pore_relaxed_q1,1,600,1009.5285790387861,0.68254763173131,1500,0.88,1000,0.8804063200655404,0.8804558254278965,0.00863729914668283,0.49999954445863526,6.078437475554577e-05,1.0,False,PREP_GROWTH_EXCEEDED
E0021,D0008,pore_relaxed_q1,1,600,1009.5285790387861,0.68254763173131,1500,0.88,1050,0.8804063200655404,0.880694836880969,0.02952871204940056,0.4999995444627588,0.00018664679570844507,1.0,False,PREP_GROWTH_EXCEEDED
E0021,D0008,pore_relaxed_q1,1,600,1009.5285790387861,0.68254763173131,1500,0.88,1100,0.8804063200655404,0.8818803819205969,0.0904137764926238,0.4999995444704232,0.0005082757341406992,1.0,False,PREP_GROWTH_EXCEEDED
E0021,D0008,pore_relaxed_q1,1,600,1009.5285790387861,0.68254763173131,1500,0.88,1150,0.8804063200655404,0.8869407417015195,0.2447767950965409,0.49999954445218225,0.0011922124586051356,1.0,False,PREP_GROWTH_EXCEEDED
E0021,D0008,pore_relaxed_q1,1,600,1009.5285790387861,0.68254763173131,1500,0.88,1200,0.8804063200655404,0.9042395947418781,0.576340534351209,0.49999954408947206,0.002357996233006097,1.0,False,PREP_GROWTH_EXCEEDED
E0021,D0008,pore_relaxed_q1,1,600,1009.5285790387861,0.68254763173131,1500,0.88,1250,0.8804063200655404,0.941721334804162,1.1809800043797798,0.49999954152640014,0.004018797949580053,1.0,False,PREP_GROWTH_EXCEEDED
E0021,D0008,pore_relaxed_q1,1,600,1009.5285790387861,0.68254763173131,1500,0.88,1300,0.8804063200655404,0.9754519922057903,2.1549812033663853,0.4999995321006812,0.006196781286128688,1.0,False,PREP_GROWTH_EXCEEDED
E0021,D0008,pore_relaxed_q1,1,600,1009.5285790387861,0.68254763173131,1500,0.88,1350,0.8804063200655404,0.9876295293856253,3.6061792977567952,0.4999995105010452,0.009027555742818208,1.0,False,PREP_GROWTH_EXCEEDED
E0021,D0008,pore_relaxed_q1,1,600,1009.5285790387861,0.68254763173131,1500,0.88,1400,0.8804063200655404,0.9918622341963055,5.667142143343915,0.499999465205203,0.012660887982050383,1.0,False,PREP_GROWTH_EXCEEDED
E0021,D0008,pore_relaxed_q1,1,600,1009.5285790387861,0.68254763173131,1500,0.88,1450,0.8804063200655404,0.993935689724801,8.500367293934298,0.49999936708813647,0.017329165901462683,1.0,False,PREP_GROWTH_EXCEEDED
E0021,D0009,mixed_q0,0,300,1014.4920786965823,2.3816402623219406,1300,0.8,900,0.8001086777705227,0.8001151261199716,0.000522771476430379,6.058514433257184e-07,0.0008962362155289487,1.0,False,PREP_GROWTH_EXCEEDED
E0021,D0009,mixed_q0,0,300,1014.4920786965823,2.3816402623219406,1300,0.8,950,0.8001086777705227,0.8001235963377737,0.0022426076655655625,6.063943487245998e-07,0.004406026833461788,1.0,False,PREP_GROWTH_EXCEEDED
E0021,D0009,mixed_q0,0,300,1014.4920786965823,2.3816402623219406,1300,0.8,1000,0.8001086777705227,0.8002057913946591,0.008553345039335677,6.096673538777592e-07,0.019113837656747262,1.0,False,PREP_GROWTH_EXCEEDED
E0021,D0009,mixed_q0,0,300,1014.4920786965823,2.3816402623219406,1300,0.8,1050,0.8001086777705227,0.8006750129689668,0.029244560848600793,6.267860691110269e-07,0.07421355370800482,1.0,False,PREP_GROWTH_EXCEEDED
E0021,D0009,mixed_q0,0,300,1014.4920786965823,2.3816402623219406,1300,0.8,1100,0.8001086777705227,0.8030041209741297,0.08956741523164823,7.051078194972864e-07,0.26104455082712047,1.0,False,PREP_GROWTH_EXCEEDED
E0021,D0009,mixed_q0,0,300,1014.4920786965823,2.3816402623219406,1300,0.8,1150,0.8001086777705227,0.8129430174883936,0.24262011830921215,1.0132961325706949e-06,0.8405512111892127,1.0,False,PREP_GROWTH_EXCEEDED
E0021,D0009,mixed_q0,0,300,1014.4920786965823,2.3816402623219406,1300,0.8,1200,0.8001086777705227,0.8466979216129723,0.5717349949368794,1.9551127428175193e-06,2.5,1.0,False,PREP_GROWTH_EXCEEDED
E0021,D0009,mixed_q0,0,300,1014.4920786965823,2.3816402623219406,1300,0.8,1250,0.8001086777705227,0.917168301213051,1.1725534716295445,3.5178944273983164e-06,6.922087725443004,1.0,False,PREP_GROWTH_EXCEEDED
E0021,D0009,mixed_q0,0,600,1150.8867544122008,0.9181445906870012,1300,0.8,900,0.8004063200655405,0.8004127534800625,0.0004062274537057595,6.144048717976865e-07,0.0008962362155289487,1.0,False,PREP_GROWTH_EXCEEDED
E0021,D0009,mixed_q0,0,600,1150.8867544122008,0.9181445906870012,1300,0.8,950,0.8004063200655405,0.8004210743684324,0.0017429848060236002,6.14946530451578e-07,0.004406026833461788,1.0,False,PREP_GROWTH_EXCEEDED
E0021,D0009,mixed_q0,0,600,1150.8867544122008,0.9181445906870012,1300,0.8,1000,0.8004063200655405,0.8005023816667699,0.006652402263813504,6.182120294251117e-07,0.019113837656747262,1.0,False,PREP_GROWTH_EXCEEDED
E0021,D0009,mixed_q0,0,600,1150.8867544122008,0.9181445906870012,1300,0.8,1050,0.8004063200655405,0.8009668263941632,0.022795898662552657,6.35291794132273e-07,0.07421355370800482,1.0,False,PREP_GROWTH_EXCEEDED
E0021,D0009,mixed_q0,0,600,1150.8867544122008,0.9181445906870012,1300,0.8,1100,0.8004063200655405,0.8032746867746262,0.07024393884265913,7.134418578762726e-07,0.26104455082712047,1.0,False,PREP_GROWTH_EXCEEDED
E0021,D0009,mixed_q0,0,600,1150.8867544122008,0.9181445906870012,1300,0.8,1150,0.8004063200655405,0.813141378574189,0.192795808963998,1.0210505211042497e-06,0.8405512111892127,1.0,False,PREP_GROWTH_EXCEEDED
E0021,D0009,mixed_q0,0,600,1150.8867544122008,0.9181445906870012,1300,0.8,1200,0.8004063200655405,0.8467405353293502,0.46369565303422744,1.9619426884278246e-06,2.5,1.0,False,PREP_GROWTH_EXCEEDED
E0021,D0009,mixed_q0,0,600,1150.8867544122008,0.9181445906870012,1300,0.8,1250,0.8004063200655405,0.9170910869809797,0.9723607019291581,3.5264114478829467e-06,6.922087725443004,1.0,False,PREP_GROWTH_EXCEEDED
E0021,D0009,mixed_q0,0,300,866.6043604174308,1.8886812013914354,1500,0.88,900,0.8802933538891157,0.8802965919735319,0.0007163504326565013,8.500468053772544e-07,0.0008962362155289487,1.0,False,PREP_GROWTH_EXCEEDED
E0021,D0009,mixed_q0,0,300,866.6043604174308,1.8886812013914354,1500,0.88,950,0.8802933538891157,0.8803010874333786,0.0030720577638696394,8.502752173866295e-07,0.004406026833461788,1.0,False,PREP_GROWTH_EXCEEDED
E0021,D0009,mixed_q0,0,300,866.6043604174308,1.8886812013914354,1500,0.88,1000,0.8802933538891157,0.8803436858617986,0.011703409252747758,8.516522164322892e-07,0.019113837656747262,1.0,False,PREP_GROWTH_EXCEEDED
E0021,D0009,mixed_q0,0,300,866.6043604174308,1.8886812013914354,1500,0.88,1050,0.8802933538891157,0.8805863851196168,0.03986919008033273,8.588537098608196e-07,0.07421355370800482,1.0,False,PREP_GROWTH_EXCEEDED
E0021,D0009,mixed_q0,0,300,866.6043604174308,1.8886812013914354,1500,0.88,1100,0.8802933538891157,0.8817876767547252,0.12093384752232758,8.917890751771637e-07,0.26104455082712047,1.0,False,PREP_GROWTH_EXCEEDED
E0021,D0009,mixed_q0,0,300,866.6043604174308,1.8886812013914354,1500,0.88,1150,0.8802933538891157,0.8868971905170621,0.32125087067171915,1.0211928800482367e-06,0.8405512111892127,1.0,False,PREP_GROWTH_EXCEEDED
E0021,D0009,mixed_q0,0,300,866.6043604174308,1.8886812013914354,1500,0.88,1200,0.8802933538891157,0.9042868219589915,0.7364392284156005,1.4152426232928512e-06,2.5,1.0,False,PREP_GROWTH_EXCEEDED
E0021,D0009,mixed_q0,0,300,866.6043604174308,1.8886812013914354,1500,0.88,1250,0.8802933538891157,0.9418106061563151,1.4695471121984323,2.0739842915137346e-06,6.922087725443004,1.0,False,PREP_GROWTH_EXCEEDED
E0021,D0009,mixed_q0,0,300,866.6043604174308,1.8886812013914354,1500,0.88,1300,0.8802933538891157,0.9754833297849741,2.626630003358389,2.3479747752549377e-06,17.96465204465183,1.0,False,PREP_GROWTH_EXCEEDED
E0021,D0009,mixed_q0,0,300,866.6043604174308,1.8886812013914354,1500,0.88,1350,0.8802933538891157,0.9876353447332201,4.33268554685375,2.3014708208860193e-06,43.96259958847762,1.0,False,PREP_GROWTH_EXCEEDED
E0021,D0009,mixed_q0,0,300,866.6043604174308,1.8886812013914354,1500,0.88,1400,0.8802933538891157,0.9918636705645684,6.743909239944245,2.2432702239896626e-06,101.98079892125133,1.0,False,PREP_GROWTH_EXCEEDED
E0021,D0009,mixed_q0,0,300,866.6043604174308,1.8886812013914354,1500,0.88,1450,0.8802933538891157,0.993938253826635,10.051207734855373,2.212642659411374e-06,225.29215555075243,1.0,False,PREP_GROWTH_EXCEEDED
E0021,D0009,mixed_q0,0,600,1009.5285790387861,0.68254763173131,1500,0.88,900,0.8804063200655404,0.8804095525058011,0.0005279233266050421,8.587781831013719e-07,0.0008962362155289487,1.0,False,PREP_GROWTH_EXCEEDED
E0021,D0009,mixed_q0,0,600,1009.5285790387861,0.68254763173131,1500,0.88,950,0.8804063200655404,0.8804139247537633,0.0022646891906359466,8.590061955117644e-07,0.004406026833461788,1.0,False,PREP_GROWTH_EXCEEDED
E0021,D0009,mixed_q0,0,600,1009.5285790387861,0.68254763173131,1500,0.88,1000,0.8804063200655404,0.8804558254278965,0.00863729914668283,8.603807926691487e-07,0.019113837656747262,1.0,False,PREP_GROWTH_EXCEEDED
E0021,D0009,mixed_q0,0,600,1009.5285790387861,0.68254763173131,1500,0.88,1050,0.8804063200655404,0.880694836880969,0.02952871204940056,8.675699537456181e-07,0.07421355370800482,1.0,False,PREP_GROWTH_EXCEEDED
E0021,D0009,mixed_q0,0,600,1009.5285790387861,0.68254763173131,1500,0.88,1100,0.8804063200655404,0.8818803819205969,0.0904137764926238,9.004536488128698e-07,0.26104455082712047,1.0,False,PREP_GROWTH_EXCEEDED
E0021,D0009,mixed_q0,0,600,1009.5285790387861,0.68254763173131,1500,0.88,1150,0.8804063200655404,0.8869407417015195,0.2447767950965409,1.0297207575738475e-06,0.8405512111892127,1.0,False,PREP_GROWTH_EXCEEDED
E0021,D0009,mixed_q0,0,600,1009.5285790387861,0.68254763173131,1500,0.88,1200,0.8804063200655404,0.9042395947418781,0.576340534351209,1.4238933543321774e-06,2.5,1.0,False,PREP_GROWTH_EXCEEDED
E0021,D0009,mixed_q0,0,600,1009.5285790387861,0.68254763173131,1500,0.88,1250,0.8804063200655404,0.941721334804162,1.1809800043797798,2.084667607826765e-06,6.922087725443004,1.0,False,PREP_GROWTH_EXCEEDED
E0021,D0009,mixed_q0,0,600,1009.5285790387861,0.68254763173131,1500,0.88,1300,0.8804063200655404,0.9754519922057903,2.1549812033663853,2.361145379415088e-06,17.96465204465183,1.0,False,PREP_GROWTH_EXCEEDED
E0021,D0009,mixed_q0,0,600,1009.5285790387861,0.68254763173131,1500,0.88,1350,0.8804063200655404,0.9876295293856253,3.6061792977567952,2.3154162487326907e-06,43.96259958847762,1.0,False,PREP_GROWTH_EXCEEDED
E0021,D0009,mixed_q0,0,600,1009.5285790387861,0.68254763173131,1500,0.88,1400,0.8804063200655404,0.9918622341963055,5.667142143343915,2.2574132195921264e-06,101.98079892125133,1.0,False,PREP_GROWTH_EXCEEDED
E0021,D0009,mixed_q0,0,600,1009.5285790387861,0.68254763173131,1500,0.88,1450,0.8804063200655404,0.993935689724801,8.500367293934298,2.2267214849232954e-06,225.29215555075243,1.0,False,PREP_GROWTH_EXCEEDED
E0142,D0010,mixed_q1,1,300,309.7766486479825,0.03258882882660805,1300,0.8,900,0.8000576079462024,0.8002475115793077,0.0008833500788516936,0.7499968742874582,4.779230659604795e-05,0.15751434516957652,False,DENSIFICATION_EXHAUSTION_FAILURE
E0142,D0010,mixed_q1,1,300,309.7766486479825,0.03258882882660805,1300,0.8,950,0.8000576079462024,0.8012880267505249,0.0037957609729191246,0.7499968699271814,0.0003873745903929371,0.15751434516957652,False,DENSIFICATION_EXHAUSTION_FAILURE
E0142,D0010,mixed_q1,1,300,309.7766486479825,0.03258882882660805,1300,0.8,1000,0.8000576079462024,0.8068579807596803,0.014623909691699839,0.749996798475973,0.0026426201291370435,0.15751434516957652,False,DENSIFICATION_EXHAUSTION_FAILURE
E0142,D0010,mixed_q1,1,300,309.7766486479825,0.03258882882660805,1300,0.8,1050,0.8000576079462024,0.8312926209707592,0.05259064418093181,0.7499963750480023,0.015180740659777104,0.15751434516957652,False,DENSIFICATION_EXHAUSTION_FAILURE
E0142,D0010,mixed_q1,1,300,309.7766486479825,0.03258882882660805,1300,0.8,1100,0.8000576079462024,0.9042486588957815,0.1986013531634631,0.7499938658863485,0.06978144362688407,0.15751434516957652,False,GRAIN_GROWTH_FAILURE
E0142,D0010,mixed_q1,1,300,309.7766486479825,0.03258882882660805,1300,0.8,1150,0.8000576079462024,0.9867476762040596,0.9232738808386238,0.7499709334262967,0.20261930928402452,0.15751434516957652,False,GRAIN_GROWTH_FAILURE
E0142,D0010,mixed_q1,1,300,309.7766486479825,0.03258882882660805,1300,0.8,1200,0.8000576079462024,0.9950635289836355,1.1905030962762453,0.7499621000472367,0.7485305485171323,0.15751434516957652,False,GRAIN_GROWTH_FAILURE
E0142,D0010,mixed_q1,1,300,309.7766486479825,0.03258882882660805,1300,0.8,1250,0.8000576079462024,0.9952209225602547,0.9830336863504121,0.7499755726929229,3.1789046151176814,0.15751434516957652,False,GRAIN_GROWTH_FAILURE
E0142,D0010,mixed_q1,1,600,605.1010618249624,0.008501769708270383,1300,0.8,900,0.800055537838256,0.8002375346621238,0.00023158169027288872,0.7499968665759134,2.448279969093279e-05,0.15751292761270363,False,DENSIFICATION_EXHAUSTION_FAILURE
E0142,D0010,mixed_q1,1,600,605.1010618249624,0.008501769708270383,1300,0.8,950,0.800055537838256,0.8012369487595019,0.0009960840510553665,0.7499968673859828,0.00019886684415319278,0.15751292761270363,False,DENSIFICATION_EXHAUSTION_FAILURE
E0142,D0010,mixed_q1,1,600,605.1010618249624,0.008501769708270383,1300,0.8,1000,0.800055537838256,0.8066006515065917,0.0038510143865626636,0.7499967994691167,0.0013673564253351258,0.15751292761270363,False,DENSIFICATION_EXHAUSTION_FAILURE
E0142,D0010,mixed_q1,1,600,605.1010618249624,0.008501769708270383,1300,0.8,1050,0.800055537838256,0.8302529842640746,0.014008661944166553,0.7499963905106675,0.008066725736764499,0.15751292761270363,False,DENSIFICATION_EXHAUSTION_FAILURE
E0142,D0010,mixed_q1,1,600,605.1010618249624,0.008501769708270383,1300,0.8,1100,0.800055537838256,0.9018788037793403,0.0550719968534736,0.7499939821486453,0.040572353654640965,0.15751292761270363,False,SUCCESS
E0142,D0010,mixed_q1,1,600,605.1010618249624,0.008501769708270383,1300,0.8,1150,0.800055537838256,0.98577974684044,0.3005386969101089,0.7499719553198682,0.15338536393884902,0.15751292761270363,False,GRAIN_GROWTH_FAILURE
E0142,D0010,mixed_q1,1,600,605.1010618249624,0.008501769708270383,1300,0.8,1200,0.800055537838256,0.9950023847369105,0.42050628754669656,0.7499616077256832,0.5901831033620228,0.15751292761270363,False,GRAIN_GROWTH_FAILURE
E0142,D0010,mixed_q1,1,600,605.1010618249624,0.008501769708270383,1300,0.8,1250,0.800055537838256,0.9951047732924697,0.33490653271936294,0.7499755028475454,2.407973730550582,0.15751292761270363,False,GRAIN_GROWTH_FAILURE
E0142,D0010,mixed_q1,1,300,314.89722714860443,0.04965742382868122,1500,0.88,900,0.880057607946202,0.8801704600137893,0.0013088101322985012,0.7499947021687191,4.6995214304317374e-05,0.241220034148768,False,DENSIFICATION_EXHAUSTION_FAILURE
E0142,D0010,mixed_q1,1,300,314.89722714860443,0.04965742382868122,1500,0.88,950,0.880057607946202,0.8807884419321111,0.005618840323449742,0.7499946887841464,0.0003803860090891815,0.241220034148768,False,DENSIFICATION_EXHAUSTION_FAILURE
E0142,D0010,mixed_q1,1,300,314.89722714860443,0.04965742382868122,1500,0.88,1000,0.880057607946202,0.8840943451050957,0.021567185462205214,0.7499945828721654,0.0025820148303616003,0.241220034148768,False,DENSIFICATION_EXHAUSTION_FAILURE
E0142,D0010,mixed_q1,1,300,314.89722714860443,0.04965742382868122,1500,0.88,1050,0.880057607946202,0.898581908839482,0.07646523891364357,0.7499939283423787,0.014603305247841524,0.241220034148768,False,DENSIFICATION_EXHAUSTION_FAILURE
E0142,D0010,mixed_q1,1,300,314.89722714860443,0.04965742382868122,1500,0.88,1100,0.880057607946202,0.941799434123826,0.27341225923479645,0.74999009090309,0.06461970487874641,0.241220034148768,False,GRAIN_GROWTH_FAILURE
E0142,D0010,mixed_q1,1,300,314.89722714860443,0.04965742382868122,1500,0.88,1150,0.880057607946202,0.9911178586574289,1.0578650627000188,0.7499610504850817,0.18619333987388798,0.241220034148768,False,GRAIN_GROWTH_FAILURE
E0142,D0010,mixed_q1,1,300,314.89722714860443,0.04965742382868122,1500,0.88,1200,0.880057607946202,0.9950205652630657,1.122702368410706,0.7499622635231563,0.7599533526678818,0.241220034148768,False,GRAIN_GROWTH_FAILURE
E0142,D0010,mixed_q1,1,300,314.89722714860443,0.04965742382868122,1500,0.88,1250,0.880057607946202,0.995174280509441,0.9271032051511017,0.7499753383520799,3.21797344121805,0.241220034148768,False,GRAIN_GROWTH_FAILURE
E0142,D0010,mixed_q1,1,300,314.89722714860443,0.04965742382868122,1500,0.88,1300,0.880057607946202,0.9951202191403264,0.77141949218497,0.7499832174674091,12.278404744432082,0.241220034148768,False,GRAIN_GROWTH_FAILURE
E0142,D0010,mixed_q1,1,300,314.89722714860443,0.04965742382868122,1500,0.88,1350,0.880057607946202,0.9950617363509141,0.6869224358520191,0.7499864263803186,41.857085083030945,0.241220034148768,False,GRAIN_GROWTH_FAILURE
E0142,D0010,mixed_q1,1,300,314.89722714860443,0.04965742382868122,1500,0.88,1400,0.880057607946202,0.9950961445985046,0.6869224358520191,0.7499864635156794,49.49952955226118,0.241220034148768,False,GRAIN_GROWTH_FAILURE
E0142,D0010,mixed_q1,1,300,314.89722714860443,0.04965742382868122,1500,0.88,1450,0.880057607946202,0.9950961445985046,0.6869224358520191,0.7499864635156794,49.49952955226118,0.241220034148768,False,GRAIN_GROWTH_FAILURE
E0142,D0010,mixed_q1,1,600,607.7715754605606,0.012952625767600786,1500,0.88,900,0.8800555378382564,0.8801632104518368,0.00035150178339179425,0.749994755569649,2.437230756159834e-05,0.24121672779041428,False,DENSIFICATION_EXHAUSTION_FAILURE
E0142,D0010,mixed_q1,1,600,607.7715754605606,0.012952625767600786,1500,0.88,950,0.8800555378382564,0.8807543158667069,0.0015112624593277776,0.7499947153004232,0.0001978913959810929,0.24121672779041428,False,DENSIFICATION_EXHAUSTION_FAILURE
E0142,D0010,mixed_q1,1,600,607.7715754605606,0.012952625767600786,1500,0.88,1000,0.8800555378382564,0.8839260093805918,0.005831544556359418,0.7499945909581742,0.0013586733421270857,0.24121672779041428,False,DENSIFICATION_EXHAUSTION_FAILURE
E0142,D0010,mixed_q1,1,600,607.7715754605606,0.012952625767600786,1500,0.88,1050,0.8800555378382564,0.8979116455016698,0.021032943452709896,0.749993951119399,0.00797614593315,0.24121672779041428,False,DENSIFICATION_EXHAUSTION_FAILURE
E0142,D0010,mixed_q1,1,600,607.7715754605606,0.012952625767600786,1500,0.88,1100,0.8800555378382564,0.9403101191936205,0.07943565230964829,0.749990260209959,0.03948426914641607,0.24121672779041428,False,SUCCESS
E0142,D0010,mixed_q1,1,600,607.7715754605606,0.012952625767600786,1500,0.88,1150,0.8800555378382564,0.9905100006117884,0.3614568545571369,0.7499621321111811,0.14590222455229254,0.24121672779041428,False,GRAIN_GROWTH_FAILURE
E0142,D0010,mixed_q1,1,600,607.7715754605606,0.012952625767600786,1500,0.88,1200,0.8800555378382564,0.995019964754091,0.4037527200577553,0.7499615046912897,0.5946215515004707,0.24121672779041428,False,GRAIN_GROWTH_FAILURE
E0142,D0010,mixed_q1,1,600,607.7715754605606,0.012952625767600786,1500,0.88,1250,0.8800555378382564,0.9951466295065149,0.32273222589708456,0.7499750779485176,2.4196115455862337,0.24121672779041428,False,GRAIN_GROWTH_FAILURE
E0142,D0010,mixed_q1,1,600,607.7715754605606,0.012952625767600786,1500,0.88,1300,0.8800555378382564,0.9954136900770069,0.2699333960031607,0.7499827242784751,8.873825247192455,0.24121672779041428,False,GRAIN_GROWTH_FAILURE
E0142,D0010,mixed_q1,1,600,607.7715754605606,0.012952625767600786,1500,0.88,1350,0.8800555378382564,0.9954676483838263,0.23802419791918977,0.7499861461678149,29.530504522705684,0.24121672779041428,False,GRAIN_GROWTH_FAILURE
E0142,D0010,mixed_q1,1,600,607.7715754605606,0.012952625767600786,1500,0.88,1400,0.8800555378382564,0.9954676483838263,0.23661796404657862,0.7499862651873077,36.87519125303778,0.24121672779041428,False,GRAIN_GROWTH_FAILURE
E0142,D0010,mixed_q1,1,600,607.7715754605606,0.012952625767600786,1500,0.88,1450,0.8800555378382564,0.9954676483838263,0.23661796404657862,0.7499862651873077,36.87519125303778,0.24121672779041428,False,GRAIN_GROWTH_FAILURE
E0142,D0011,persistent_junction_only,0,300,303.9392441520221,0.013130813840073544,1300,0.8,900,0.8000576079465511,0.8002478364439948,9.552793121473352e-05,0.7499999300333884,0.0003098844635288066,0.016398440589550766,False,DENSIFICATION_EXHAUSTION_FAILURE
E0142,D0011,persistent_junction_only,0,300,303.9392441520221,0.013130813840073544,1300,0.8,950,0.8000576079465511,0.8012901765934854,0.00041048016343950364,0.7499999295756244,0.0012883143875498393,0.016414217064047974,False,DENSIFICATION_EXHAUSTION_FAILURE
E0142,D0011,persistent_junction_only,0,300,303.9392441520221,0.013130813840073544,1300,0.8,1000,0.8000576079465511,0.806871835242376,0.0015749678587507587,0.7499999276601336,0.004788928160146463,0.01647065778371018,False,DENSIFICATION_EXHAUSTION_FAILURE
E0142,D0011,persistent_junction_only,0,300,303.9392441520221,0.013130813840073544,1300,0.8,1050,0.8000576079465511,0.8313867114847263,0.005489665000486193,0.7499999174141739,0.016119791180106122,0.016653301929311668,False,DENSIFICATION_EXHAUSTION_FAILURE
E0142,D0011,persistent_junction_only,0,300,303.9392441520221,0.013130813840073544,1300,0.8,1100,0.8000576079465511,0.9047921072182624,0.017762816970472436,0.7499998552346213,0.04966984134508237,0.017193703434270433,False,SUCCESS
E0142,D0011,persistent_junction_only,0,300,303.9392441520221,0.013130813840073544,1300,0.8,1150,0.8000576079465511,0.9877936908464952,0.055038983607166594,0.7499991080369662,0.14141141635519075,0.018668386501994306,False,SUCCESS
E0142,D0011,persistent_junction_only,0,300,303.9392441520221,0.013130813840073544,1300,0.8,1200,0.8000576079465511,0.9950366780514743,0.06846042787539375,0.7499987270218366,0.375,0.022403260283448717,False,SUCCESS
E0142,D0011,persistent_junction_only,0,300,303.9392441520221,0.013130813840073544,1300,0.8,1250,0.8000576079465511,0.9952367716978391,0.07342615002582677,0.7499991355221328,0.9327618380042222,0.031207424306610665,False,SUCCESS
E0142,D0011,persistent_junction_only,0,600,602.0429470971868,0.0034049118286445675,1300,0.8,900,0.8000555378382983,0.8002375768055904,2.4348062589748842e-05,0.7499999299566655,0.0003098844635288066,0.016398440867117656,False,DENSIFICATION_EXHAUSTION_FAILURE
E0142,D0011,persistent_junction_only,0,600,602.0429470971868,0.0034049118286445675,1300,0.8,950,0.8000555378382983,0.8012372280917296,0.00010463501853932646,0.7499999295659727,0.0012883143875498393,0.016414217341877445,False,DENSIFICATION_EXHAUSTION_FAILURE
E0142,D0011,persistent_junction_only,0,600,602.0429470971868,0.0034049118286445675,1300,0.8,1000,0.8000555378382983,0.8066024598097445,0.00040164691776144905,0.7499999277253201,0.004788928160146463,0.016470658062478976,False,DENSIFICATION_EXHAUSTION_FAILURE
E0142,D0011,persistent_junction_only,0,600,602.0429470971868,0.0034049118286445675,1300,0.8,1050,0.8000555378382983,0.8302655505373404,0.001402002234916041,0.7499999178895019,0.016119791180106122,0.01665330221111941,False,DENSIFICATION_EXHAUSTION_FAILURE
E0142,D0011,persistent_junction_only,0,600,602.0429470971868,0.0034049118286445675,1300,0.8,1100,0.8000555378382983,0.9019591976132081,0.004556970135773786,0.7499998590832717,0.04966984134508237,0.01719370372506297,False,SUCCESS
E0142,D0011,persistent_junction_only,0,600,602.0429470971868,0.0034049118286445675,1300,0.8,1150,0.8000555378382983,0.9860093011299331,0.014310805806595021,0.7499991943904223,0.14141141635519075,0.018668386817254013,False,SUCCESS
E0142,D0011,persistent_junction_only,0,600,602.0429470971868,0.0034049118286445675,1300,0.8,1200,0.8000555378382983,0.9950105276742142,0.019120516092846134,0.749998707857777,0.375,0.022403260660340676,False,SUCCESS
E0142,D0011,persistent_junction_only,0,600,602.0429470971868,0.0034049118286445675,1300,0.8,1250,0.8000555378382983,0.9951721075461275,0.020447477639894872,0.7499991283725289,0.9327618380042222,0.031207424826887657,False,SUCCESS
E0142,D0011,persistent_junction_only,0,300,315.2446615519271,0.050815538506423424,1500,0.88,900,0.8800576079465513,0.8801704545820783,8.879938054787625e-05,0.7499998800357102,0.0003098844635288066,0.01639844067160146,False,DENSIFICATION_EXHAUSTION_FAILURE
E0142,D0011,persistent_junction_only,0,300,315.2446615519271,0.050815538506423424,1500,0.88,950,0.8800576079465513,0.8807885448953776,0.0003815720391329742,0.749999880123647,0.0012883143875498393,0.016414217146176285,False,DENSIFICATION_EXHAUSTION_FAILURE
E0142,D0011,persistent_junction_only,0,300,315.2446615519271,0.050815538506423424,1500,0.88,1000,0.8800576079465513,0.8840975061453581,0.0014641103300469958,0.749999877336658,0.004788928160146463,0.016470657866116165,False,DENSIFICATION_EXHAUSTION_FAILURE
E0142,D0011,persistent_junction_only,0,300,315.2446615519271,0.050815538506423424,1500,0.88,1050,0.8800576079465513,0.89863121748702,0.0051039605497110625,0.7499998606784508,0.016119791180106122,0.016653302012615986,False,DENSIFICATION_EXHAUSTION_FAILURE
E0142,D0011,persistent_junction_only,0,300,315.2446615519271,0.050815538506423424,1500,0.88,1100,0.8800576079465513,0.9422103261898205,0.01652177094323296,0.7499997607447417,0.04966984134508237,0.017193703520230717,False,SUCCESS
E0142,D0011,persistent_junction_only,0,300,315.2446615519271,0.050815538506423424,1500,0.88,1150,0.8800576079465513,0.9919411134131337,0.051247598320991655,0.7499987423844573,0.14141141635519075,0.018668386595187256,False,SUCCESS
E0142,D0011,persistent_junction_only,0,300,315.2446615519271,0.050815538506423424,1500,0.88,1200,0.8800576079465513,0.9950193625943216,0.056136934251417005,0.7499987294818362,0.375,0.02240326039486059,False,SUCCESS
E0142,D0011,persistent_junction_only,0,300,315.2446615519271,0.050815538506423424,1500,0.88,1250,0.8800576079465513,0.9950106296672965,0.05929640513670178,0.7499991566427615,0.9327618380042222,0.031207424460408136,False,SUCCESS
E0142,D0011,persistent_junction_only,0,300,315.2446615519271,0.050815538506423424,1500,0.88,1300,0.8800576079465513,0.9950473453037386,0.07187576044345355,0.7499994260737289,2.189547673387703,0.05047587823152457,False,SUCCESS
E0142,D0011,persistent_junction_only,0,300,315.2446615519271,0.050815538506423424,1500,0.88,1350,0.8800576079465513,0.9950473453037386,0.08492467547170236,0.7499995475384598,4.876485109884967,0.0892046004742828,False,SUCCESS
E0142,D0011,persistent_junction_only,0,300,315.2446615519271,0.050815538506423424,1500,0.88,1400,0.8800576079465513,0.9950473453037386,0.08520001349741596,0.7499995491464997,5.272197071979696,0.1591128459017591,False,SUCCESS
E0142,D0011,persistent_junction_only,0,300,315.2446615519271,0.050815538506423424,1500,0.88,1450,0.8800576079465513,0.9950473453037386,0.08520001349741596,0.7499995491464997,5.272197071979696,0.2686591872877496,False,SUCCESS
E0142,D0011,persistent_junction_only,0,600,608.0802180465097,0.013467030077516042,1500,0.88,900,0.8800555378382985,0.8801632085773652,2.3866994765882767e-05,0.7499998803913352,0.0003098844635288066,0.01639844125452972,False,DENSIFICATION_EXHAUSTION_FAILURE
E0142,D0011,persistent_junction_only,0,600,608.0802180465097,0.013467030077516042,1500,0.88,950,0.8800555378382985,0.8807543224850416,0.00010256772610667489,0.7499998802253701,0.0012883143875498393,0.016414217729656008,False,DENSIFICATION_EXHAUSTION_FAILURE
E0142,D0011,persistent_junction_only,0,600,608.0802180465097,0.013467030077516042,1500,0.88,1000,0.8800555378382985,0.8839264009266172,0.0003937126613932348,0.7499998774285579,0.004788928160146463,0.016470658451568598,False,DENSIFICATION_EXHAUSTION_FAILURE
E0142,D0011,persistent_junction_only,0,600,608.0802180465097,0.013467030077516042,1500,0.88,1050,0.8800555378382985,0.8979184906385828,0.0013743201866122678,0.7499998614517671,0.016119791180106122,0.016653302604450616,False,DENSIFICATION_EXHAUSTION_FAILURE
E0142,D0011,persistent_junction_only,0,600,608.0802180465097,0.013467030077516042,1500,0.88,1100,0.8800555378382985,0.9403767667154563,0.004467132550180716,0.7499997671830019,0.04966984134508237,0.017193704130934646,False,SUCCESS
E0142,D0011,persistent_junction_only,0,600,608.0802180465097,0.013467030077516042,1500,0.88,1150,0.8800555378382985,0.9907106066441469,0.014027509370653089,0.7499988622195525,0.14141141635519075,0.018668387257275574,False,SUCCESS
E0142,D0011,persistent_junction_only,0,600,608.0802180465097,0.013467030077516042,1500,0.88,1200,0.8800555378382985,0.9950183242796141,0.016505141316701964,0.7499987059432304,0.375,0.022403261186385016,False,SUCCESS
E0142,D0011,persistent_junction_only,0,600,608.0802180465097,0.013467030077516042,1500,0.88,1250,0.8800555378382985,0.9952120918139837,0.01770749902992312,0.749999122390573,0.9327618380042222,0.03120742555306068,False,SUCCESS
E0142,D0011,persistent_junction_only,0,600,608.0802180465097,0.013467030077516042,1500,0.88,1300,0.8800555378382985,0.9954676594517919,0.02195433261202298,0.7499993949272141,2.189547673387703,0.05047587996366555,False,SUCCESS
E0142,D0011,persistent_junction_only,0,600,608.0802180465097,0.013467030077516042,1500,0.88,1350,0.8800555378382985,0.9954676594517919,0.026457803397136544,0.7499995342539887,4.876485109884967,0.0892046034105896,False,SUCCESS
E0142,D0011,persistent_junction_only,0,600,608.0802180465097,0.013467030077516042,1500,0.88,1400,0.8800555378382985,0.9954676594517919,0.026717801193024204,0.7499995390981589,5.64047988541805,0.15911285073720255,False,SUCCESS
E0142,D0011,persistent_junction_only,0,600,608.0802180465097,0.013467030077516042,1500,0.88,1450,0.8800555378382985,0.9954676594517919,0.026717801193024204,0.7499995390981589,5.64047988541805,0.2686591943886734,False,SUCCESS
E0142,D0014,persistent_q0,0,300,324.2615284137344,0.08087176137911456,1300,0.8,900,0.8000576079461814,0.8002467764307291,0.000511842666743112,0.749981300502063,0.00027214196238692595,0.10002543194790604,False,DENSIFICATION_EXHAUSTION_FAILURE
E0142,D0014,persistent_q0,0,300,324.2615284137344,0.08087176137911456,1300,0.8,950,0.8000576079461814,0.801283528236082,0.002197648183649064,0.7499812614452257,0.0012303222083643495,0.10011165593505802,False,DENSIFICATION_EXHAUSTION_FAILURE
E0142,D0014,persistent_q0,0,300,324.2615284137344,0.08087176137911456,1300,0.8,1000,0.8000576079461814,0.8068356359992246,0.008410113486275517,0.7499809214655518,0.0049405747412722455,0.10044537549491588,False,DENSIFICATION_EXHAUSTION_FAILURE
E0142,D0014,persistent_q0,0,300,324.2615284137344,0.08087176137911456,1300,0.8,1050,0.8000576079461814,0.8312174487506632,0.02908582134713319,0.7499787326971441,0.01786099652693267,0.10160557667830371,False,DENSIFICATION_EXHAUSTION_FAILURE
E0142,D0014,persistent_q0,0,300,324.2615284137344,0.08087176137911456,1300,0.8,1100,0.8000576079461814,0.9042293086018102,0.09215235033452361,0.749965813214478,0.05880145445725272,0.10526217760064281,False,SUCCESS
E0142,D0014,persistent_q0,0,300,324.2615284137344,0.08087176137911456,1300,0.8,1150,0.8000576079461814,0.9871944357921668,0.27130413133180487,0.749871393806794,0.17803635381074104,0.11574405793551636,False,GRAIN_GROWTH_FAILURE
E0142,D0014,persistent_q0,0,300,324.2615284137344,0.08087176137911456,1300,0.8,1200,0.8000576079461814,0.9950499882637694,0.3478866624997222,0.749858738454541,0.5,0.14285842126917692,False,GRAIN_GROWTH_FAILURE
E0142,D0014,persistent_q0,0,300,324.2615284137344,0.08087176137911456,1300,0.8,1250,0.8000576079461814,0.9950890719614963,0.375320870984944,0.7499110079151919,1.3121645496009693,0.2043979952022211,False,GRAIN_GROWTH_FAILURE
E0142,D0014,persistent_q0,0,600,612.8650327497616,0.021441721249602492,1300,0.8,900,0.8000555378382537,0.8002374320586982,0.0001433103118084108,0.7499813852644864,0.00027214196238692595,0.10002599229594172,False,DENSIFICATION_EXHAUSTION_FAILURE
E0142,D0014,persistent_q0,0,600,612.8650327497616,0.021441721249602492,1300,0.8,950,0.8000555378382537,0.8012363181901562,0.0006156896611459268,0.7499813066686442,0.0012303222083643495,0.10011221671239334,False,DENSIFICATION_EXHAUSTION_FAILURE
E0142,D0014,persistent_q0,0,600,612.8650327497616,0.021441721249602492,1300,0.8,1000,0.8000555378382537,0.8065974788989136,0.0023614036115609327,0.7499809339691371,0.0049405747412722455,0.10044593793293147,False,DENSIFICATION_EXHAUSTION_FAILURE
E0142,D0014,persistent_q0,0,600,612.8650327497616,0.021441721249602492,1300,0.8,1050,0.8000555378382537,0.830241882150502,0.008226609541972693,0.7499787830708342,0.01786099652693267,0.10160614487901035,False,DENSIFICATION_EXHAUSTION_FAILURE
E0142,D0014,persistent_q0,0,600,612.8650327497616,0.021441721249602492,1300,0.8,1100,0.8000555378382537,0.9018760339262498,0.026629203049109044,0.7499663022467336,0.05880145445725272,0.10526276385396058,False,SUCCESS
E0142,D0014,persistent_q0,0,600,612.8650327497616,0.021441721249602492,1300,0.8,1150,0.8000555378382537,0.9859026718977244,0.08280879497831621,0.7498763735034432,0.17803635381074104,0.11574469501530907,False,SUCCESS
E0142,D0014,persistent_q0,0,600,612.8650327497616,0.021441721249602492,1300,0.8,1200,0.8000555378382537,0.9950236740418457,0.11311411338714682,0.7498559919468643,0.5,0.14285918348063745,False,GRAIN_GROWTH_FAILURE
E0142,D0014,persistent_q0,0,600,612.8650327497616,0.021441721249602492,1300,0.8,1250,0.8000555378382537,0.9951399920294008,0.12325139819299087,0.7499091579450644,1.3121645496009693,0.20439900745598355,False,GRAIN_GROWTH_FAILURE
E0142,D0014,persistent_q0,0,300,357.0633744442969,0.19021124814765636,1500,0.88,900,0.8800576079461812,0.8801691713773389,0.0004221462961217619,0.7499682070859389,0.00027214196238692595,0.10002533051971717,False,DENSIFICATION_EXHAUSTION_FAILURE
E0142,D0014,persistent_q0,0,300,357.0633744442969,0.19021124814765636,1500,0.88,950,0.8800576079461812,0.8807805454589093,0.0018127943895854236,0.7499681623924617,0.0012303222083643495,0.10011155442916185,False,DENSIFICATION_EXHAUSTION_FAILURE
E0142,D0014,persistent_q0,0,300,357.0633744442969,0.19021124814765636,1500,0.88,1000,0.8800576079461812,0.8840548391631886,0.006941064133189611,0.7499677358481396,0.0049405747412722455,0.10044527368842093,False,DENSIFICATION_EXHAUSTION_FAILURE
E0142,D0014,persistent_q0,0,300,357.0633744442969,0.19021124814765636,1500,0.88,1050,0.8800576079461812,0.8984430864342823,0.024047286590496302,0.7499647003156779,0.01786099652693267,0.1016054738287074,False,DENSIFICATION_EXHAUSTION_FAILURE
E0142,D0014,persistent_q0,0,300,357.0633744442969,0.19021124814765636,1500,0.88,1100,0.8800576079461812,0.9416560637112852,0.07656933776352297,0.7499464938739715,0.05880145445725272,0.10526207148335362,False,SUCCESS
E0142,D0014,persistent_q0,0,300,357.0633744442969,0.19021124814765636,1500,0.88,1150,0.8800576079461812,0.991430243093056,0.22805258548386617,0.7498347817763575,0.17803635381074104,0.11574394261815478,False,GRAIN_GROWTH_FAILURE
E0142,D0014,persistent_q0,0,300,357.0633744442969,0.19021124814765636,1500,0.88,1200,0.8800576079461812,0.9950296082898462,0.2620212295132192,0.7498567046035344,0.5,0.1428582833017934,False,GRAIN_GROWTH_FAILURE
E0142,D0014,persistent_q0,0,300,357.0633744442969,0.19021124814765636,1500,0.88,1250,0.8800576079461812,0.9951194387801519,0.2840423648512218,0.7499055081638918,1.3121645496009693,0.2043978119747659,False,GRAIN_GROWTH_FAILURE
E0142,D0014,persistent_q0,0,300,357.0633744442969,0.19021124814765636,1500,0.88,1300,0.8800576079461812,0.9950280777193449,0.32811212286651786,0.7499321674248063,3.2387018834747994,0.32017706559672854,False,GRAIN_GROWTH_FAILURE
E0142,D0014,persistent_q0,0,300,357.0633744442969,0.19021124814765636,1500,0.88,1350,0.8800576079461812,0.9950280777193449,0.35896688328419335,0.7499419595212181,7.561004559096558,0.4875031718022642,False,GRAIN_GROWTH_FAILURE
E0142,D0014,persistent_q0,0,300,357.0633744442969,0.19021124814765636,1500,0.88,1400,0.8800576079461812,0.9950216608622944,0.3593585689325191,0.7499421372333063,8.392141953255612,0.6639251291224928,False,GRAIN_GROWTH_FAILURE
E0142,D0014,persistent_q0,0,300,357.0633744442969,0.19021124814765636,1500,0.88,1450,0.8800576079461812,0.9950216608622944,0.3593585689325191,0.7499421372333063,8.392141953255612,0.8024348441050974,False,GRAIN_GROWTH_FAILURE
E0142,D0014,persistent_q0,0,600,631.2995574624273,0.05216592910404543,1500,0.88,900,0.8800555378382537,0.8801630081430835,0.00013506569311371052,0.7499678433574554,0.00027214196238692595,0.10002599720931095,False,DENSIFICATION_EXHAUSTION_FAILURE
E0142,D0014,persistent_q0,0,600,631.2995574624273,0.05216592910404543,1500,0.88,950,0.8800555378382537,0.880753070115734,0.0005802769385200976,0.7499679004204609,0.0012303222083643495,0.10011222162952686,False,DENSIFICATION_EXHAUSTION_FAILURE
E0142,D0014,persistent_q0,0,600,631.2995574624273,0.05216592910404543,1500,0.88,1000,0.8800555378382537,0.8839196863949612,0.0022256933382943478,0.7499675895893633,0.0049405747412722455,0.10044594286462652,False,DENSIFICATION_EXHAUSTION_FAILURE
E0142,D0014,persistent_q0,0,600,631.2995574624273,0.05216592910404543,1500,0.88,1050,0.8800555378382537,0.8978884483655593,0.007755118768821267,0.749964682101604,0.01786099652693267,0.10160614986123508,False,DENSIFICATION_EXHAUSTION_FAILURE
E0142,D0014,persistent_q0,0,600,631.2995574624273,0.05216592910404543,1500,0.88,1100,0.8800555378382537,0.9402840012061852,0.025115893648194478,0.7499470034376672,0.05880145445725272,0.10526276899447813,False,SUCCESS
E0142,D0014,persistent_q0,0,600,631.2995574624273,0.05216592910404543,1500,0.88,1150,0.8800555378382537,0.9906100325072914,0.07820421302279147,0.7498399315505,0.17803635381074104,0.11574470060149436,False,SUCCESS
E0142,D0014,persistent_q0,0,600,631.2995574624273,0.05216592910404543,1500,0.88,1200,0.8800555378382537,0.9950278217208893,0.09466122634015012,0.7498536192605169,0.5,0.142859190164029,False,SUCCESS
E0142,D0014,persistent_q0,0,600,631.2995574624273,0.05216592910404543,1500,0.88,1250,0.8800555378382537,0.9951779060017609,0.10348058398375183,0.749903490598528,1.3121645496009693,0.20439901633184807,False,GRAIN_GROWTH_FAILURE
E0142,D0014,persistent_q0,0,600,631.2995574624273,0.05216592910404543,1500,0.88,1300,0.8800555378382537,0.9954646282381034,0.12441540910682727,0.7499295176133186,3.2387018834747994,0.32017867761039326,False,GRAIN_GROWTH_FAILURE
E0142,D0014,persistent_q0,0,600,631.2995574624273,0.05216592910404543,1500,0.88,1350,0.8800555378382537,0.9954646282381034,0.13779417525548024,0.7499406129225593,7.561004559096558,0.4875050221390227,False,GRAIN_GROWTH_FAILURE
E0142,D0014,persistent_q0,0,600,631.2995574624273,0.05216592910404543,1500,0.88,1400,0.8800555378382537,0.9954646282381034,0.13827530453889503,0.7499409758996213,8.863240395270028,0.663926781604459,False,GRAIN_GROWTH_FAILURE
E0142,D0014,persistent_q0,0,600,631.2995574624273,0.05216592910404543,1500,0.88,1450,0.8800555378382537,0.9954646282381034,0.13827530453889503,0.7499409758996213,8.863240395270028,0.8024360181947654,False,GRAIN_GROWTH_FAILURE
E0142,D0015,persistent_q1,1,300,303.6860956807184,0.012286985602394565,1300,0.8,900,0.8000576079464466,0.8002478493732339,0.00023339021272948955,0.9999996890332391,1.0411794835138903e-06,0.040000049503188126,False,DENSIFICATION_EXHAUSTION_FAILURE
E0142,D0015,persistent_q1,1,300,303.6860956807184,0.012286985602394565,1300,0.8,950,0.8000576079464466,0.8012902330692555,0.0010016882791533393,0.9999996870022916,7.151920276447927e-06,0.04000028442083086,False,DENSIFICATION_EXHAUSTION_FAILURE
E0142,D0015,persistent_q1,1,300,303.6860956807184,0.012286985602394565,1300,0.8,1000,0.8000576079464466,0.8068716742968955,0.0038272086314490306,0.9999996784896749,4.2137657149757184e-05,0.040001633776152117,False,DENSIFICATION_EXHAUSTION_FAILURE
E0142,D0015,persistent_q1,1,300,303.6860956807184,0.012286985602394565,1300,0.8,1050,0.8000576079464466,0.8313797914275554,0.01316108057256195,0.9999996329656284,0.00021568651732845875,0.04000840058116328,False,DENSIFICATION_EXHAUSTION_FAILURE
E0142,D0015,persistent_q1,1,300,303.6860956807184,0.012286985602394565,1300,0.8,1100,0.8000576079464466,0.9047287259329463,0.040969779586711184,0.9999993570030711,0.0009623091127688449,0.04003847144987875,False,SUCCESS
E0142,D0015,persistent_q1,1,300,303.6860956807184,0.012286985602394565,1300,0.8,1150,0.8000576079464466,0.9876773180496646,0.11525991508655768,0.9999960649490368,0.00369951608479667,0.04015840475526593,False,GRAIN_GROWTH_FAILURE
E0142,D0015,persistent_q1,1,300,303.6860956807184,0.012286985602394565,1300,0.8,1200,0.8000576079464466,0.9950664445118804,0.12216830507314616,0.999994315470124,0.013762782285773677,0.040592361212609125,False,GRAIN_GROWTH_FAILURE
E0142,D0015,persistent_q1,1,300,303.6860956807184,0.012286985602394565,1300,0.8,1250,0.8000576079464466,0.9952250424168455,0.09953318786869006,0.9999961623526228,0.048239459457372125,0.04202928480408755,False,SUCCESS
E0142,D0015,persistent_q1,1,600,601.7831786291345,0.0029719643818905844,1300,0.8,900,0.8000555378382858,0.8002375801904185,5.944151190153663e-05,0.9999996886982966,5.255158824390373e-07,0.04000003189631759,False,DENSIFICATION_EXHAUSTION_FAILURE
E0142,D0015,persistent_q1,1,600,601.7831786291345,0.0029719643818905844,1300,0.8,950,0.8000555378382858,0.8012372462066168,0.00025518936213517613,0.9999996869601736,3.6118596014790916e-06,0.0400001504460538,False,DENSIFICATION_EXHAUSTION_FAILURE
E0142,D0015,persistent_q1,1,600,601.7831786291345,0.0029719643818905844,1300,0.8,1000,0.8000555378382858,0.8066024984268843,0.000976023564865311,0.9999996787791765,2.13249481995058e-05,0.040000831390432014,False,DENSIFICATION_EXHAUSTION_FAILURE
E0142,D0015,persistent_q1,1,600,601.7831786291345,0.0029719643818905844,1300,0.8,1050,0.8000555378382858,0.8302649244798774,0.0033676762668661533,0.9999996350646457,0.00010990502596091639,0.040004246233843146,False,DENSIFICATION_EXHAUSTION_FAILURE
E0142,D0015,persistent_q1,1,600,601.7831786291345,0.0029719643818905844,1300,0.8,1100,0.8000555378382858,0.901951479396687,0.010586082273089001,0.9999993737316026,0.0005001938730577243,0.0400194216762653,False,SUCCESS
E0142,D0015,persistent_q1,1,600,601.7831786291345,0.0029719643818905844,1300,0.8,1150,0.8000555378382858,0.9859922015854742,0.03052143212676281,0.9999964215222288,0.002020383088248942,0.040079951415966826,False,SUCCESS
E0142,D0015,persistent_q1,1,600,601.7831786291345,0.0029719643818905844,1300,0.8,1200,0.8000555378382858,0.9950028713450264,0.03427012089010042,0.9999942599746998,0.007532533699237671,0.04029902968560876,False,SUCCESS
E0142,D0015,persistent_q1,1,600,601.7831786291345,0.0029719643818905844,1300,0.8,1250,0.8000555378382858,0.9951703315216425,0.027302922466765103,0.9999961261758825,0.026026130994545947,0.04102514619682964,False,SUCCESS
E0142,D0015,persistent_q1,1,300,309.15646572567624,0.030521552418920683,1500,0.88,900,0.8800576079464468,0.8801706707502522,0.00022520480302326635,0.9999994668660173,1.022764682661471e-06,0.040000049446854,False,DENSIFICATION_EXHAUSTION_FAILURE
E0142,D0015,persistent_q1,1,300,309.15646572567624,0.030521552418920683,1500,0.88,950,0.8800576079464468,0.880789870956479,0.000966570169214368,0.9999994672251732,7.025616574547763e-06,0.040000280207750705,False,DENSIFICATION_EXHAUSTION_FAILURE
E0142,D0015,persistent_q1,1,300,309.15646572567624,0.030521552418920683,1500,0.88,1000,0.8800576079464468,0.8841041706696091,0.0036932104238365,0.9999994548051734,4.139756690723572e-05,0.04000160568696712,False,DENSIFICATION_EXHAUSTION_FAILURE
E0142,D0015,persistent_q1,1,300,309.15646572567624,0.030521552418920683,1500,0.88,1050,0.8800576079464468,0.8986550652857512,0.012702289311672499,0.9999993806536626,0.00021196584026391617,0.040008252758056716,False,DENSIFICATION_EXHAUSTION_FAILURE
E0142,D0015,persistent_q1,1,300,309.15646572567624,0.030521552418920683,1500,0.88,1100,0.8800576079464468,0.9422403147720679,0.03955938938634091,0.9999989360866527,0.0009465615010338439,0.04003779156366224,False,SUCCESS
E0142,D0015,persistent_q1,1,300,309.15646572567624,0.030521552418920683,1500,0.88,1150,0.8800576079464468,0.9919049976056044,0.11139628247257129,0.999994428628338,0.003646658197013056,0.04015560313811233,False,GRAIN_GROWTH_FAILURE
E0142,D0015,persistent_q1,1,300,309.15646572567624,0.030521552418920683,1500,0.88,1200,0.8800576079464468,0.995000692905619,0.1036211482393494,0.9999943662637202,0.01374643890426724,0.04058188685694583,False,GRAIN_GROWTH_FAILURE
E0142,D0015,persistent_q1,1,300,309.15646572567624,0.030521552418920683,1500,0.88,1250,0.8800576079464468,0.9950116993035661,0.0835472529521499,0.999996251377443,0.04808449129653742,0.04199345302947247,False,SUCCESS
E0142,D0015,persistent_q1,1,300,309.15646572567624,0.030521552418920683,1500,0.88,1300,0.8800576079464468,0.9950505428703268,0.07411885315393688,0.9999974487248283,0.15399495003519226,0.04629546372494049,False,SUCCESS
E0142,D0015,persistent_q1,1,300,309.15646572567624,0.030521552418920683,1500,0.88,1350,0.8800576079464468,0.9950505428703268,0.07329007737405484,0.9999979880602834,0.4553278292751257,0.05836474071498444,False,SUCCESS
E0142,D0015,persistent_q1,1,300,309.15646572567624,0.030521552418920683,1500,0.88,1400,0.8800576079464468,0.9950505428703268,0.07333684019172845,0.9999979949548264,0.5048148143111665,0.08919232596414417,False,SUCCESS
E0142,D0015,persistent_q1,1,300,309.15646572567624,0.030521552418920683,1500,0.88,1450,0.8800576079464468,0.9950505428703268,0.07333684019172845,0.9999979949548264,0.5048148143111665,0.15862036635164134,False,SUCCESS
E0142,D0015,persistent_q1,1,600,603.5150901113835,0.00585848351897251,1500,0.88,900,0.8800555378382857,0.8801632496868198,5.910086459839229e-05,0.9999994682749224,5.240079839573778e-07,0.04000003491282435,False,DENSIFICATION_EXHAUSTION_FAILURE
E0142,D0015,persistent_q1,1,600,603.5150901113835,0.00585848351897251,1500,0.88,950,0.8800555378382857,0.8807545761417791,0.00025372706281537034,0.9999994676356593,3.6014998769834206e-06,0.040000153122366315,False,DENSIFICATION_EXHAUSTION_FAILURE
E0142,D0015,persistent_q1,1,600,603.5150901113835,0.00585848351897251,1500,0.88,1000,0.8800555378382857,0.8839276989875189,0.0009704326550738281,0.9999994552371984,2.126387036859778e-05,0.040000832112685646,False,DENSIFICATION_EXHAUSTION_FAILURE
E0142,D0015,persistent_q1,1,600,603.5150901113835,0.00585848351897251,1500,0.88,1050,0.8800555378382857,0.8979234420932343,0.003348407391279792,0.9999993842142917,0.00010959173097611905,0.04000423715679896,False,DENSIFICATION_EXHAUSTION_FAILURE
E0142,D0015,persistent_q1,1,600,603.5150901113835,0.00585848351897251,1500,0.88,1100,0.8800555378382857,0.9403854971975202,0.010525715567997125,0.9999989651283272,0.0004987881962001027,0.04001936905233175,False,SUCCESS
E0142,D0015,persistent_q1,1,600,603.5150901113835,0.00585848351897251,1500,0.88,1150,0.8800555378382857,0.9907080182764211,0.03034400033791237,0.9999949430481349,0.0020149473580086874,0.04007972511178519,False,SUCCESS
E0142,D0015,persistent_q1,1,600,603.5150901113835,0.00585848351897251,1500,0.88,1200,0.8800555378382857,0.9950167020094656,0.030036020536850606,0.9999942491707655,0.007541795327773753,0.04029817495452793,False,SUCCESS
E0142,D0015,persistent_q1,1,600,603.5150901113835,0.00585848351897251,1500,0.88,1250,0.8800555378382857,0.9952129942453887,0.024035125135353778,0.999996099564796,0.02603426462759686,0.04102221064328322,False,SUCCESS
E0142,D0015,persistent_q1,1,600,603.5150901113835,0.00585848351897251,1500,0.88,1300,0.8800555378382857,0.9954682741613214,0.020831441580076566,0.9999973112322559,0.08287615132486671,0.043235270287317044,False,SUCCESS
E0142,D0015,persistent_q1,1,600,603.5150901113835,0.00585848351897251,1500,0.88,1350,0.8800555378382857,0.9954682741613214,0.01976141226402889,0.9999979302047771,0.24509960358226585,0.04949613029183302,False,SUCCESS
E0142,D0015,persistent_q1,1,600,603.5150901113835,0.00585848351897251,1500,0.88,1400,0.8800555378382857,0.9954682741613214,0.019755433481413932,0.999997951621905,0.29826255815952724,0.06584520222497009,False,SUCCESS
E0142,D0015,persistent_q1,1,600,603.5150901113835,0.00585848351897251,1500,0.88,1450,0.8800555378382857,0.9954682741613214,0.019755433481413932,0.999997951621905,0.29826255815952724,0.10466136989061248,False,SUCCESS
E0142,D0016,pore_pinned_q0,0,300,314.9134722872605,0.049711574290868296,1300,0.8,900,0.8000576079459634,0.8002472384395386,0.0012889181773326392,0.9999906439177755,8.26358569410151e-05,0.23757614169142235,False,DENSIFICATION_EXHAUSTION_FAILURE
E0142,D0016,pore_pinned_q0,0,300,314.9134722872605,0.049711574290868296,1300,0.8,950,0.8000576079459634,0.8012862664357686,0.00553361106807031,0.9999906000027406,0.00034355050334662385,0.23757614169142235,False,DENSIFICATION_EXHAUSTION_FAILURE
E0142,D0016,pore_pinned_q0,0,300,314.9134722872605,0.049711574290868296,1300,0.8,1000,0.8000576079459634,0.8068475221043074,0.021242451223219723,0.9999903342446869,0.0012770475093723903,0.23757614169142235,False,DENSIFICATION_EXHAUSTION_FAILURE
E0142,D0016,pore_pinned_q0,0,300,314.9134722872605,0.049711574290868296,1300,0.8,1050,0.8000576079459634,0.831233190837755,0.07534432479501552,0.99998893046393,0.004298610981361632,0.23757614169142235,False,DENSIFICATION_EXHAUSTION_FAILURE
E0142,D0016,pore_pinned_q0,0,300,314.9134722872605,0.049711574290868296,1300,0.8,1100,0.8000576079459634,0.9040036417335789,0.2698646162613547,0.9999804014491653,0.0132452910253553,0.23757614169142235,False,GRAIN_GROWTH_FAILURE
E0142,D0016,pore_pinned_q0,0,300,314.9134722872605,0.049711574290868296,1300,0.8,1150,0.8000576079459634,0.9865574956131111,1.0526617058366374,0.9998666410143314,0.03770971102805087,0.23757614169142235,False,GRAIN_GROWTH_FAILURE
E0142,D0016,pore_pinned_q0,0,300,314.9134722872605,0.049711574290868296,1300,0.8,1200,0.8000576079459634,0.9950121686463596,1.2880048667841881,0.9997514259654852,0.1,0.23757614169142235,False,GRAIN_GROWTH_FAILURE
E0142,D0016,pore_pinned_q0,0,300,314.9134722872605,0.049711574290868296,1300,0.8,1250,0.8000576079459634,0.9950268539839553,1.0540448586249782,0.9998272148551047,0.24873649013445928,0.23757614169142235,False,GRAIN_GROWTH_FAILURE
E0142,D0016,pore_pinned_q0,0,600,607.8252324033573,0.013042054005595324,1300,0.8,900,0.8000555378382275,0.8002374977686451,0.0003461342101636562,0.9999906458370125,8.26358569410151e-05,0.23757420679600677,False,DENSIFICATION_EXHAUSTION_FAILURE
E0142,D0016,pore_pinned_q0,0,600,607.8252324033573,0.013042054005595324,1300,0.8,950,0.8000555378382275,0.8012367099379836,0.0014882109616663774,0.9999906011338814,0.00034355050334662385,0.23757420679600677,False,DENSIFICATION_EXHAUSTION_FAILURE
E0142,D0016,pore_pinned_q0,0,600,607.8252324033573,0.013042054005595324,1300,0.8,1000,0.8000555378382275,0.8065992119141219,0.005743074284492543,0.9999903444800786,0.0012770475093723903,0.23757420679600677,False,DENSIFICATION_EXHAUSTION_FAILURE
E0142,D0016,pore_pinned_q0,0,600,607.8252324033573,0.013042054005595324,1300,0.8,1050,0.8000555378382275,0.8302443488773604,0.020721804865924943,0.9999889912661396,0.004298610981361632,0.23757420679600677,False,DENSIFICATION_EXHAUSTION_FAILURE
E0142,D0016,pore_pinned_q0,0,600,607.8252324033573,0.013042054005595324,1300,0.8,1100,0.8000555378382275,0.9018354173332833,0.0784128390275888,0.9999808213494226,0.0132452910253553,0.23757420679600677,False,SUCCESS
E0142,D0016,pore_pinned_q0,0,600,607.8252324033573,0.013042054005595324,1300,0.8,1150,0.8000555378382275,0.9857195408943572,0.36006299489711874,0.9998730695708747,0.03770971102805087,0.23757420679600677,False,GRAIN_GROWTH_FAILURE
E0142,D0016,pore_pinned_q0,0,600,607.8252324033573,0.013042054005595324,1300,0.8,1200,0.8000555378382275,0.9950491733353387,0.47327180197417146,0.9997460979512708,0.1,0.23757420679600677,False,GRAIN_GROWTH_FAILURE
E0142,D0016,pore_pinned_q0,0,600,607.8252324033573,0.013042054005595324,1300,0.8,1250,0.8000555378382275,0.9950955199664216,0.3765361627062938,0.9998232802930005,0.24873649013445928,0.23757420679600677,False,GRAIN_GROWTH_FAILURE
E0142,D0016,pore_pinned_q0,0,300,322.1584307523017,0.07386143584100544,1500,0.88,900,0.8800576079459633,0.8801702094949937,0.0017948727459092197,0.9999841128803086,8.26358569410151e-05,0.3463376675802705,False,DENSIFICATION_EXHAUSTION_FAILURE
E0142,D0016,pore_pinned_q0,0,300,322.1584307523017,0.07386143584100544,1500,0.88,950,0.8800576079459633,0.8807868376339199,0.007697240433630902,0.9999840265486099,0.00034355050334662385,0.3463376675802705,False,DENSIFICATION_EXHAUSTION_FAILURE
E0142,D0016,pore_pinned_q0,0,300,322.1584307523017,0.07386143584100544,1500,0.88,1000,0.8800576079459633,0.884085003957583,0.029414731924764872,0.9999835882755019,0.0012770475093723903,0.3463376675802705,False,DENSIFICATION_EXHAUSTION_FAILURE
E0142,D0016,pore_pinned_q0,0,300,322.1584307523017,0.07386143584100544,1500,0.88,1050,0.8800576079459633,0.8985315815485608,0.10258436390094108,0.999981251137198,0.004298610981361632,0.3463376675802705,False,MIXED_FAILURE
E0142,D0016,pore_pinned_q0,0,300,322.1584307523017,0.07386143584100544,1500,0.88,1100,0.8800576079459633,0.9416147136630053,0.3463021533483005,0.9999672235900523,0.0132452910253553,0.3463376675802705,False,GRAIN_GROWTH_FAILURE
E0142,D0016,pore_pinned_q0,0,300,322.1584307523017,0.07386143584100544,1500,0.88,1150,0.8800576079459633,0.9909951597173028,1.153516724515703,0.9998045278080212,0.03770971102805087,0.3463376675802705,False,GRAIN_GROWTH_FAILURE
E0142,D0016,pore_pinned_q0,0,300,322.1584307523017,0.07386143584100544,1500,0.88,1200,0.8800576079459633,0.9950416969102245,1.2014726390859947,0.9997504637459175,0.1,0.3463376675802705,False,GRAIN_GROWTH_FAILURE
E0142,D0016,pore_pinned_q0,0,300,322.1584307523017,0.07386143584100544,1500,0.88,1250,0.8800576079459633,0.9952137812861874,0.9959629033017168,0.9998226045173555,0.24873649013445928,0.3463376675802705,False,GRAIN_GROWTH_FAILURE
E0142,D0016,pore_pinned_q0,0,300,322.1584307523017,0.07386143584100544,1500,0.88,1300,0.8800576079459633,0.9950858544104684,0.8288739863829878,0.9998797528616509,0.5838793795700542,0.3463376675802705,False,GRAIN_GROWTH_FAILURE
E0142,D0016,pore_pinned_q0,0,300,322.1584307523017,0.07386143584100544,1500,0.88,1350,0.8800576079459633,0.9952350774766113,0.7563582223749955,0.9999069928225123,1.300396029302658,0.3463376675802705,False,GRAIN_GROWTH_FAILURE
E0142,D0016,pore_pinned_q0,0,300,322.1584307523017,0.07386143584100544,1500,0.88,1400,0.8800576079459633,0.9952767024381838,0.7563582223749955,0.9999074905674035,1.4777993837138184,0.3463376675802705,False,GRAIN_GROWTH_FAILURE
E0142,D0016,pore_pinned_q0,0,300,322.1584307523017,0.07386143584100544,1500,0.88,1450,0.8800576079459633,0.9952767024381838,0.7563582223749955,0.9999074905674035,1.4777993837138184,0.3463376675802705,False,GRAIN_GROWTH_FAILURE
E0142,D0016,pore_pinned_q0,0,600,611.6514441237949,0.019419073539658157,1500,0.88,900,0.8800555378382275,0.8801631754997182,0.0004982349819336176,0.9999840885532484,8.26358569410151e-05,0.34633357803838327,False,DENSIFICATION_EXHAUSTION_FAILURE
E0142,D0016,pore_pinned_q0,0,600,611.6514441237949,0.019419073539658157,1500,0.88,950,0.8800555378382275,0.8807540905358382,0.0021410354010923823,0.9999840257451097,0.00034355050334662385,0.34633357803838327,False,DENSIFICATION_EXHAUSTION_FAILURE
E0142,D0016,pore_pinned_q0,0,600,611.6514441237949,0.019419073539658157,1500,0.88,1000,0.8800555378382275,0.8839246683127152,0.008242013378115864,0.9999836046818978,0.0012770475093723903,0.34633357803838327,False,DENSIFICATION_EXHAUSTION_FAILURE
E0142,D0016,pore_pinned_q0,0,600,611.6514441237949,0.019419073539658157,1500,0.88,1050,0.8800555378382275,0.8979038488061971,0.02942004624255851,0.9999813555297409,0.004298610981361632,0.34633357803838327,False,DENSIFICATION_EXHAUSTION_FAILURE
E0142,D0016,pore_pinned_q0,0,600,611.6514441237949,0.019419073539658157,1500,0.88,1100,0.8800555378382275,0.9402736327287681,0.10621838616026862,0.9999679176778894,0.0132452910253553,0.34633357803838327,False,GRAIN_GROWTH_FAILURE
E0142,D0016,pore_pinned_q0,0,600,611.6514441237949,0.019419073539658157,1500,0.88,1150,0.8800555378382275,0.9904673944362103,0.41358738096075237,0.9998127421930272,0.03770971102805087,0.34633357803838327,False,GRAIN_GROWTH_FAILURE
E0142,D0016,pore_pinned_q0,0,600,611.6514441237949,0.019419073539658157,1500,0.88,1200,0.8800555378382275,0.9950680258447507,0.44888521513045204,0.9997455388891653,0.1,0.34633357803838327,False,GRAIN_GROWTH_FAILURE
E0142,D0016,pore_pinned_q0,0,600,611.6514441237949,0.019419073539658157,1500,0.88,1250,0.8800555378382275,0.9951375563941475,0.35814700135493344,0.9998223060670565,0.24873649013445928,0.34633357803838327,False,GRAIN_GROWTH_FAILURE
E0142,D0016,pore_pinned_q0,0,600,611.6514441237949,0.019419073539658157,1500,0.88,1300,0.8800555378382275,0.9954263129835568,0.30124491801658876,0.9998739453682628,0.5838793795700542,0.34633357803838327,False,GRAIN_GROWTH_FAILURE
E0142,D0016,pore_pinned_q0,0,600,611.6514441237949,0.019419073539658157,1500,0.88,1350,0.8800555378382275,0.9954671049942553,0.26751649613089495,0.99990500570062,1.300396029302658,0.34633357803838327,False,GRAIN_GROWTH_FAILURE
E0142,D0016,pore_pinned_q0,0,600,611.6514441237949,0.019419073539658157,1500,0.88,1400,0.8800555378382275,0.9954671049942553,0.26608942201453584,0.999906307851703,1.5134574640154852,0.34633357803838327,False,GRAIN_GROWTH_FAILURE
E0142,D0016,pore_pinned_q0,0,600,611.6514441237949,0.019419073539658157,1500,0.88,1450,0.8800555378382275,0.9954671049942553,0.26608942201453584,0.999906307851703,1.5134574640154852,0.34633357803838327,False,GRAIN_GROWTH_FAILURE
E0142,D0020,mixed_q0,0,300,300.7031373641826,0.0023437912139420225,1300,0.8,900,0.8000576079465953,0.8002480187216316,6.877560847836252e-05,1.4999999298195967,8.433743414770641e-06,0.011550271716149368,False,DENSIFICATION_EXHAUSTION_FAILURE
E0142,D0020,mixed_q0,0,300,300.7031373641826,0.0023437912139420225,1300,0.8,950,0.8000576079465953,0.8012913128290193,0.00029604338505994314,1.4999999294978206,5.797626346339425e-05,0.011550271716149368,False,DENSIFICATION_EXHAUSTION_FAILURE
E0142,D0020,mixed_q0,0,300,300.7031373641826,0.0023437912139420225,1300,0.8,1000,0.8000576079465953,0.8068778887887497,0.0011487690151025527,1.4999999274954103,0.0003425465179622415,0.011550271716149368,False,DENSIFICATION_EXHAUSTION_FAILURE
E0142,D0020,mixed_q0,0,300,300.7031373641826,0.0023437912139420225,1300,0.8,1050,0.8000576079465953,0.8314131153949726,0.004250642732357464,1.4999999168902824,0.0017696337157602684,0.011550271716149368,False,DENSIFICATION_EXHAUSTION_FAILURE
E0142,D0020,mixed_q0,0,300,300.7031373641826,0.0023437912139420225,1300,0.8,1100,0.8000576079465953,0.9048599148548072,0.018248876784890962,1.4999998516974267,0.008111681177884663,0.011550271716149368,False,SUCCESS
E0142,D0020,mixed_q0,0,300,300.7031373641826,0.0023437912139420225,1300,0.8,1150,0.8000576079465953,0.9876988959950843,0.1942790996670404,1.4999989217063396,0.03340997210767878,0.011550271716149368,False,GRAIN_GROWTH_FAILURE
E0142,D0020,mixed_q0,0,300,300.7031373641826,0.0023437912139420225,1300,0.8,1200,0.8000576079465953,0.9950451231448566,0.3821144528936176,1.4999981558401811,0.125,0.011550271716149368,False,GRAIN_GROWTH_FAILURE
E0142,D0020,mixed_q0,0,300,300.7031373641826,0.0023437912139420225,1300,0.8,1250,0.8000576079465953,0.995148527921873,0.30314002748827334,1.499998695253548,0.42886665462647167,0.011550271716149368,False,GRAIN_GROWTH_FAILURE
E0142,D0020,mixed_q0,0,600,600.3631627141691,0.0006052711902817884,1300,0.8,900,0.8000555378383036,0.8002375997043616,1.7253596440059094e-05,1.4999999298420843,8.433743414770641e-06,0.01155014975990344,False,DENSIFICATION_EXHAUSTION_FAILURE
E0142,D0020,mixed_q0,0,600,600.3631627141691,0.0006052711902817884,1300,0.8,950,0.8000555378383036,0.8012373710846149,7.426582336978012e-05,1.4999999295078947,5.797626346339425e-05,0.01155014975990344,False,DENSIFICATION_EXHAUSTION_FAILURE
E0142,D0020,mixed_q0,0,600,600.3631627141691,0.0006052711902817884,1300,0.8,1000,0.8000555378383036,0.80660322404228,0.00028810407756519376,1.4999999275821636,0.0003425465179622415,0.01155014975990344,False,DENSIFICATION_EXHAUSTION_FAILURE
E0142,D0020,mixed_q0,0,600,600.3631627141691,0.0006052711902817884,1300,0.8,1050,0.8000555378383036,0.8302689115159118,0.0010642867627792174,1.499999917424616,0.0017696337157602684,0.01155014975990344,False,DENSIFICATION_EXHAUSTION_FAILURE
E0142,D0020,mixed_q0,0,600,600.3631627141691,0.0006052711902817884,1300,0.8,1100,0.8000555378383036,0.9019681457489467,0.004532086204235856,1.4999998560005934,0.008111681177884663,0.01155014975990344,False,SUCCESS
E0142,D0020,mixed_q0,0,600,600.3631627141691,0.0006052711902817884,1300,0.8,1150,0.8000555378383036,0.9859965756556754,0.0476851709925999,1.4999990377869155,0.03340997210767878,0.01155014975990344,False,SUCCESS
E0142,D0020,mixed_q0,0,600,600.3631627141691,0.0006052711902817884,1300,0.8,1200,0.8000555378383036,0.9950542141224722,0.11631064636677944,1.4999981237375533,0.125,0.01155014975990344,False,GRAIN_GROWTH_FAILURE
E0142,D0020,mixed_q0,0,600,600.3631627141691,0.0006052711902817884,1300,0.8,1250,0.8000555378383036,0.9951589006398032,0.09037311836530766,1.499998676162975,0.42886665462647167,0.01155014975990344,False,SUCCESS
E0142,D0020,mixed_q0,0,300,301.1257852517546,0.0037526175058485685,1500,0.88,900,0.8800576079465956,0.8801709716118713,0.00011567644809874688,1.4999998809616906,8.433743414770641e-06,0.0194819809984766,False,DENSIFICATION_EXHAUSTION_FAILURE
E0142,D0020,mixed_q0,0,300,301.1257852517546,0.0037526175058485685,1500,0.88,950,0.8800576079465956,0.8807917505874162,0.0004978862342994002,1.4999998802029035,5.797626346339425e-05,0.0194819809984766,False,DENSIFICATION_EXHAUSTION_FAILURE
E0142,D0020,mixed_q0,0,300,301.1257852517546,0.0037526175058485685,1500,0.88,1000,0.8800576079465956,0.8841142797090058,0.0019313733194331717,1.4999998768818845,0.0003425465179622415,0.0194819809984766,False,DENSIFICATION_EXHAUSTION_FAILURE
E0142,D0020,mixed_q0,0,300,301.1257852517546,0.0037526175058485685,1500,0.88,1050,0.8800576079465956,0.8987005544899039,0.007137224813376569,1.4999998591525232,0.0017696337157602684,0.0194819809984766,False,DENSIFICATION_EXHAUSTION_FAILURE
E0142,D0020,mixed_q0,0,300,301.1257852517546,0.0037526175058485685,1500,0.88,1100,0.8800576079465956,0.9423708231653449,0.03043336679431945,1.4999997510154368,0.008111681177884663,0.0194819809984766,False,SUCCESS
E0142,D0020,mixed_q0,0,300,301.1257852517546,0.0037526175058485685,1500,0.88,1150,0.8800576079465956,0.9918666573886009,0.2928563437938575,1.4999984081338784,0.03340997210767878,0.0194819809984766,False,GRAIN_GROWTH_FAILURE
E0142,D0020,mixed_q0,0,300,301.1257852517546,0.0037526175058485685,1500,0.88,1200,0.8800576079465956,0.9950645703246458,0.3781888560210827,1.4999981501154422,0.125,0.0194819809984766,False,GRAIN_GROWTH_FAILURE
E0142,D0020,mixed_q0,0,300,301.1257852517546,0.0037526175058485685,1500,0.88,1250,0.8800576079465956,0.9951851765306734,0.30136843911086086,1.499998688340842,0.42886665462647167,0.0194819809984766,False,GRAIN_GROWTH_FAILURE
E0142,D0020,mixed_q0,0,300,301.1257852517546,0.0037526175058485685,1500,0.88,1300,0.8800576079465956,0.9950815015409229,0.23668485851904741,1.4999991048171875,1.3605049953550763,0.0194819809984766,False,GRAIN_GROWTH_FAILURE
E0142,D0020,mixed_q0,0,300,301.1257852517546,0.0037526175058485685,1500,0.88,1350,0.8800576079465956,0.9950866322556503,0.20155269271132503,1.4999993114050147,4.019655305354204,0.0194819809984766,False,GRAIN_GROWTH_FAILURE
E0142,D0020,mixed_q0,0,300,301.1257852517546,0.0037526175058485685,1500,0.88,1400,0.8800576079465956,0.995107535512775,0.20153388921525844,1.499999313483069,4.536358145709153,0.0194819809984766,False,GRAIN_GROWTH_FAILURE
E0142,D0020,mixed_q0,0,300,301.1257852517546,0.0037526175058485685,1500,0.88,1450,0.8800576079465956,0.995107535512775,0.20153388921525844,1.499999313483069,4.536358145709153,0.0194819809984766,False,GRAIN_GROWTH_FAILURE
E0142,D0020,mixed_q0,0,600,600.5783007030511,0.000963834505085002,1500,0.88,900,0.8800555378383031,0.8801632766166365,2.908052233688917e-05,1.4999998806894559,8.433743414770641e-06,0.019481635928068803,False,DENSIFICATION_EXHAUSTION_FAILURE
E0142,D0020,mixed_q0,0,600,600.5783007030511,0.000963834505085002,1500,0.88,950,0.8800555378383031,0.8807547452822378,0.00012516838131502404,1.499999880193464,5.797626346339425e-05,0.019481635928068803,False,DENSIFICATION_EXHAUSTION_FAILURE
E0142,D0020,mixed_q0,0,600,600.5783007030511,0.000963834505085002,1500,0.88,1000,0.8800555378383031,0.8839286223446416,0.00048548382412319334,1.4999998770320955,0.0003425465179622415,0.019481635928068803,False,DENSIFICATION_EXHAUSTION_FAILURE
E0142,D0020,mixed_q0,0,600,600.5783007030511,0.000963834505085002,1500,0.88,1050,0.8800555378383031,0.8979277724976096,0.0017918738485846238,1.4999998601431752,0.0017696337157602684,0.019481635928068803,False,DENSIFICATION_EXHAUSTION_FAILURE
E0142,D0020,mixed_q0,0,600,600.5783007030511,0.000963834505085002,1500,0.88,1100,0.8800555378383031,0.940399135238978,0.007591425561107898,1.4999997590099785,0.008111681177884663,0.019481635928068803,False,SUCCESS
E0142,D0020,mixed_q0,0,600,600.5783007030511,0.000963834505085002,1500,0.88,1150,0.8800555378383031,0.9907000113045423,0.07412481464767418,1.4999985791057788,0.03340997210767878,0.019481635928068803,False,SUCCESS
E0142,D0020,mixed_q0,0,600,600.5783007030511,0.000963834505085002,1500,0.88,1200,0.8800555378383031,0.9950676076482925,0.11517140217281391,1.4999981197181818,0.125,0.019481635928068803,False,GRAIN_GROWTH_FAILURE
E0142,D0020,mixed_q0,0,600,600.5783007030511,0.000963834505085002,1500,0.88,1250,0.8800555378383031,0.9952016713036879,0.0901720618862904,1.4999986680101818,0.42886665462647167,0.019481635928068803,False,SUCCESS
E0142,D0020,mixed_q0,0,600,600.5783007030511,0.000963834505085002,1500,0.88,1300,0.8800555378383031,0.9954686831425332,0.07498722150961491,1.4999990557203127,1.3605049953550763,0.019481635928068803,False,SUCCESS
E0142,D0020,mixed_q0,0,600,600.5783007030511,0.000963834505085002,1500,0.88,1350,0.8800555378383031,0.9954686831425332,0.06267090649560826,1.4999992897570533,4.019655305354204,0.019481635928068803,False,SUCCESS
E0142,D0020,mixed_q0,0,600,600.5783007030511,0.000963834505085002,1500,0.88,1400,0.8800555378383031,0.9954686831425332,0.061985500107554,1.4999992988086313,4.893395740004482,0.019481635928068803,False,SUCCESS
E0142,D0020,mixed_q0,0,600,600.5783007030511,0.000963834505085002,1500,0.88,1450,0.8800555378383031,0.9954686831425332,0.061985500107554,1.4999992988086313,4.893395740004482,0.019481635928068803,False,SUCCESS
E0142,D0022,persistent_junction_only,0,300,301.56269983771745,0.005208999459058011,1300,0.8,900,0.800057607946563,0.8002479698628361,8.106558685610277e-05,1.4999994390039593,2.2405905388223716e-05,0.013698934978063864,False,DENSIFICATION_EXHAUSTION_FAILURE
E0142,D0022,persistent_junction_only,0,300,301.56269983771745,0.005208999459058011,1300,0.8,950,0.800057607946563,0.8012910073906804,0.0003480406592465426,1.4999994378276418,0.0001101506708365447,0.013700120493658261,False,DENSIFICATION_EXHAUSTION_FAILURE
E0142,D0022,persistent_junction_only,0,300,301.56269983771745,0.005208999459058011,1300,0.8,1000,0.800057607946563,0.8068762469778148,0.0013314361357060272,1.4999994275695243,0.0004778459414186816,0.013705088376989647,False,DENSIFICATION_EXHAUSTION_FAILURE
E0142,D0022,persistent_junction_only,0,300,301.56269983771745,0.005208999459058011,1300,0.8,1050,0.800057607946563,0.8314059180105393,0.004597812949587869,1.4999993614289127,0.0018553388427001204,0.013723699060825365,False,DENSIFICATION_EXHAUSTION_FAILURE
E0142,D0022,persistent_junction_only,0,300,301.56269983771745,0.005208999459058011,1300,0.8,1100,0.800057607946563,0.9048477271715355,0.014494417249469841,1.4999989691931879,0.006526113770678011,0.01378679856130889,False,SUCCESS
E0142,D0022,persistent_junction_only,0,300,301.56269983771745,0.005208999459058011,1300,0.8,1150,0.800057607946563,0.9878489177308589,0.042158686772763646,1.499996032218592,0.021013780279730318,0.013982467306994434,False,SUCCESS
E0142,D0022,persistent_junction_only,0,300,301.56269983771745,0.005208999459058011,1300,0.8,1200,0.800057607946563,0.9950703380097436,0.04572360679413552,1.4999957773722916,0.0625,0.014542346127469298,False,SUCCESS
E0142,D0022,persistent_junction_only,0,300,301.56269983771745,0.005208999459058011,1300,0.8,1250,0.800057607946563,0.9952585469418359,0.03940627785237347,1.499997302972721,0.1730521931360751,0.016031207373477747,False,SUCCESS
E0142,D0022,persistent_junction_only,0,600,600.8079830186049,0.0013466383643412807,1300,0.8,900,0.8000555378382999,0.800237593622559,2.042365793668649e-05,1.499999440266568,2.2405905388223716e-05,0.013698936239870426,False,DENSIFICATION_EXHAUSTION_FAILURE
E0142,D0022,persistent_junction_only,0,600,600.8079830186049,0.0013466383643412807,1300,0.8,950,0.8000555378382999,0.8012373330009633,8.769407475741756e-05,1.4999994384749267,0.0001101506708365447,0.013700121755572505,False,DENSIFICATION_EXHAUSTION_FAILURE
E0142,D0022,persistent_junction_only,0,600,600.8079830186049,0.0013466383643412807,1300,0.8,1000,0.8000555378382999,0.8066030187434776,0.0003355984160157114,1.4999994277912896,0.0004778459414186816,0.013705089639355121,False,DENSIFICATION_EXHAUSTION_FAILURE
E0142,D0022,persistent_junction_only,0,600,600.8079830186049,0.0013466383643412807,1300,0.8,1050,0.8000555378382999,0.8302680035324969,0.0011603231832229806,1.4999993634808917,0.0018553388427001204,0.0137237003248812,False,DENSIFICATION_EXHAUSTION_FAILURE
E0142,D0022,persistent_junction_only,0,600,600.8079830186049,0.0013466383643412807,1300,0.8,1100,0.8000555378382999,0.9019664829240098,0.003671295098921704,1.4999989889761323,0.006526113770678011,0.013786799831095422,False,SUCCESS
E0142,D0022,persistent_junction_only,0,600,600.8079830186049,0.0013466383643412807,1300,0.8,1150,0.8000555378382999,0.9860172417446182,0.010786473959472156,1.499996287922787,0.021013780279730318,0.013982468594546866,False,SUCCESS
E0142,D0022,persistent_junction_only,0,600,600.8079830186049,0.0013466383643412807,1300,0.8,1200,0.8000555378382999,0.9950154649770102,0.012531864793044538,1.49999570648714,0.0625,0.014542347465816882,False,SUCCESS
E0142,D0022,persistent_junction_only,0,600,600.8079830186049,0.0013466383643412807,1300,0.8,1250,0.8000555378382999,0.9951755727032042,0.01073461097401437,1.4999972774582526,0.1730521931360751,0.016031208846617778,False,SUCCESS
E0142,D0022,persistent_junction_only,0,300,304.743290327422,0.0158109677580732,1500,0.88,900,0.8800576079465634,0.8801708345124976,7.938234954452364e-05,1.4999990461744621,2.2405905388223716e-05,0.013698934750591188,False,DENSIFICATION_EXHAUSTION_FAILURE
E0142,D0022,persistent_junction_only,0,300,304.743290327422,0.0158109677580732,1500,0.88,950,0.8800576079465634,0.8807909040593321,0.0003408149219849472,1.499999044825921,0.0001101506708365447,0.013700120266166172,False,DENSIFICATION_EXHAUSTION_FAILURE
E0142,D0022,persistent_junction_only,0,300,304.743290327422,0.0158109677580732,1500,0.88,1000,0.8800576079465634,0.8841099201949797,0.0013038072038367592,1.4999990318721323,0.0004778459414186816,0.013705088149416211,False,DENSIFICATION_EXHAUSTION_FAILURE
E0142,D0022,persistent_junction_only,0,300,304.743290327422,0.0158109677580732,1500,0.88,1050,0.8800576079465634,0.8986836922887306,0.0045025542083363705,1.4999989393778204,0.0018553388427001204,0.013723698832947197,False,DENSIFICATION_EXHAUSTION_FAILURE
E0142,D0022,persistent_junction_only,0,300,304.743290327422,0.0158109677580732,1500,0.88,1100,0.8800576079465634,0.9423487176656514,0.014195547069295374,1.4999983812224424,0.006526113770678011,0.013786798332397618,False,SUCCESS
E0142,D0022,persistent_junction_only,0,300,304.743290327422,0.0158109677580732,1500,0.88,1150,0.8800576079465634,0.9920443863856301,0.041293936665429125,1.4999948535901877,0.021013780279730318,0.013982467074880406,False,SUCCESS
E0142,D0022,persistent_junction_only,0,300,304.743290327422,0.0158109677580732,1500,0.88,1200,0.8800576079465634,0.9950808081795491,0.039357063318737014,1.4999957064195837,0.0625,0.014542345886198156,False,SUCCESS
E0142,D0022,persistent_junction_only,0,300,304.743290327422,0.0158109677580732,1500,0.88,1250,0.8800576079465634,0.9950431800491409,0.03339049270231083,1.4999971956462292,0.1730521931360751,0.016031207107906842,False,SUCCESS
E0142,D0022,persistent_junction_only,0,300,304.743290327422,0.0158109677580732,1500,0.88,1300,0.8800576079465634,0.9950530249820495,0.03225977635774655,1.499997966706317,0.4491163011162958,0.0197295294020142,False,SUCCESS
E0142,D0022,persistent_junction_only,0,300,304.743290327422,0.0158109677580732,1500,0.88,1350,0.8800576079465634,0.9950530249820495,0.034012418810796044,1.4999982535634846,1.0990649897119407,0.028327824042169065,False,SUCCESS
E0142,D0022,persistent_junction_only,0,300,304.743290327422,0.0158109677580732,1500,0.88,1400,0.8800576079465634,0.9950530249820495,0.03406512096524196,1.4999982566100851,1.1920781281014114,0.046982700181161734,False,SUCCESS
E0142,D0022,persistent_junction_only,0,300,304.743290327422,0.0158109677580732,1500,0.88,1450,0.8800576079465634,0.9950530249820495,0.03406512096524196,1.4999982566100851,1.1920781281014114,0.08434580203516244,False,SUCCESS
E0142,D0022,persistent_junction_only,0,600,602.4868295106294,0.004144715851048858,1500,0.88,900,0.8800555378382996,0.880163259162847,2.0310000826615442e-05,1.4999990413840625,2.2405905388223716e-05,0.01369893625095279,False,DENSIFICATION_EXHAUSTION_FAILURE
E0142,D0022,persistent_junction_only,0,600,602.4868295106294,0.004144715851048858,1500,0.88,950,0.8800555378382996,0.880754637246576,8.72060757866287e-05,1.4999990413293085,0.0001101506708365447,0.013700121766655814,False,DENSIFICATION_EXHAUSTION_FAILURE
E0142,D0022,persistent_junction_only,0,600,602.4868295106294,0.004144715851048858,1500,0.88,1000,0.8800555378382996,0.8839280632298896,0.00033373111128408815,1.4999990299958015,0.0004778459414186816,0.013705089650442396,False,DENSIFICATION_EXHAUSTION_FAILURE
E0142,D0022,persistent_junction_only,0,600,602.4868295106294,0.004144715851048858,1500,0.88,1050,0.8800555378382996,0.8979255785049086,0.001153869667128808,1.499998941430034,0.0018553388427001204,0.013723700335983321,False,DENSIFICATION_EXHAUSTION_FAILURE
E0142,D0022,persistent_junction_only,0,600,602.4868295106294,0.004144715851048858,1500,0.88,1100,0.8800555378382996,0.9403959622951983,0.003650901460233376,1.4999984105144453,0.006526113770678011,0.013786799842247874,False,SUCCESS
E0142,D0022,persistent_junction_only,0,600,602.4868295106294,0.004144715851048858,1500,0.88,1150,0.8800555378382996,0.9907264282410289,0.01072496475009966,1.4999951921200412,0.021013780279730318,0.013982468605855357,False,SUCCESS
E0142,D0022,persistent_junction_only,0,600,602.4868295106294,0.004144715851048858,1500,0.88,1200,0.8800555378382996,0.9950275653413694,0.010970657619572067,1.49999563686691,0.0625,0.0145423474775715,False,SUCCESS
E0142,D0022,persistent_junction_only,0,600,602.4868295106294,0.004144715851048858,1500,0.88,1250,0.8800555378382996,0.9952176311544687,0.009436806140484484,1.499997110987749,0.1730521931360751,0.016031208859556268,False,SUCCESS
E0142,D0022,persistent_junction_only,0,600,602.4868295106294,0.004144715851048858,1500,0.88,1300,0.8800555378382996,0.9954684214823715,0.009264281533505508,1.4999978950417343,0.4491163011162958,0.019729531549658178,False,SUCCESS
E0142,D0022,persistent_junction_only,0,600,602.4868295106294,0.004144715851048858,1500,0.88,1350,0.8800555378382996,0.9954684214823715,0.009837204913393863,1.4999982246534012,1.0990649897119407,0.028327827098726947,False,SUCCESS
E0142,D0022,persistent_junction_only,0,600,602.4868295106294,0.004144715851048858,1500,0.88,1400,0.8800555378382996,0.9954684214823715,0.009889742518496404,1.4999982348625462,1.2919633386207774,0.046982705153245055,False,SUCCESS
E0142,D0022,persistent_junction_only,0,600,602.4868295106294,0.004144715851048858,1500,0.88,1450,0.8800555378382996,0.9954684214823715,0.009889742518496404,1.4999982348625462,1.2919633386207774,0.08434581061135656,False,SUCCESS
E0142,D0026,persistent_q1,1,300,362.3282700929401,0.20776090030980024,1300,0.8,900,0.8000576079448531,0.8002451202935046,0.0016401288555802217,0.2499993081736379,0.0017501050165127452,0.40042069652332124,False,PREP_GROWTH_EXCEEDED
E0142,D0026,persistent_q1,1,300,362.3282700929401,0.20776090030980024,1300,0.8,950,0.8000576079448531,0.8012730896051439,0.007043612325721534,0.24999930641152157,0.0066550769253760226,0.4016044241874019,False,PREP_GROWTH_EXCEEDED
E0142,D0026,persistent_q1,1,300,362.3282700929401,0.20776090030980024,1300,0.8,1000,0.8000576079448531,0.8067778926178943,0.026937455666310284,0.2499992936048465,0.022456848134219696,0.40548422404882883,False,PREP_GROWTH_EXCEEDED
E0142,D0026,persistent_q1,1,300,362.3282700929401,0.20776090030980024,1300,0.8,1050,0.8000576079448531,0.8309375469741065,0.09251216736653949,0.24999921316752127,0.06616539228202936,0.41685872296016757,False,PREP_GROWTH_EXCEEDED
E0142,D0026,persistent_q1,1,300,362.3282700929401,0.20776090030980024,1300,0.8,1100,0.8000576079448531,0.9032792105440551,0.2832086760602353,0.24999874214313222,0.16249854577278544,0.4461746395408469,False,PREP_GROWTH_EXCEEDED
E0142,D0026,persistent_q1,1,300,362.3282700929401,0.20776090030980024,1300,0.8,1150,0.8000576079448531,0.9863281707069316,0.7495194757842738,0.24999536117934318,0.31904435631509814,0.5094828578546102,False,PREP_GROWTH_EXCEEDED
E0142,D0026,persistent_q1,1,300,362.3282700929401,0.20776090030980024,1300,0.8,1200,0.8000576079448531,0.9950616544061421,0.9192176783692315,0.2499946711101461,0.7293342732361524,0.6151099044060304,False,PREP_GROWTH_EXCEEDED
E0142,D0026,persistent_q1,1,300,362.3282700929401,0.20776090030980024,1300,0.8,1250,0.8000576079448531,0.9951753385699451,0.8723597180313636,0.24999664239546987,1.7697529805631027,0.7411116930668185,False,PREP_GROWTH_EXCEEDED
E0142,D0026,persistent_q1,1,600,631.2619038795051,0.05210317313250835,1300,0.8,900,0.8000555378380936,0.8002371968636222,0.000540390969692238,0.2499993127000105,0.0010056176100297401,0.40024182576368145,False,DENSIFICATION_EXHAUSTION_FAILURE
E0142,D0026,persistent_q1,1,600,631.2619038795051,0.05210317313250835,1300,0.8,950,0.8000555378380936,0.8012348242722319,0.002322043028236891,0.24999930882362476,0.003837801952793508,0.4009222332884526,False,DENSIFICATION_EXHAUSTION_FAILURE
E0142,D0026,persistent_q1,1,600,631.2619038795051,0.05210317313250835,1300,0.8,1000,0.8000555378380936,0.8065890062175547,0.008904091971690653,0.24999929417311842,0.013119586115645879,0.4031603943846999,False,DENSIFICATION_EXHAUSTION_FAILURE
E0142,D0026,persistent_q1,1,600,631.2619038795051,0.05210317313250835,1300,0.8,1050,0.8000555378380936,0.8301977705216721,0.03091279984780553,0.24999921408964695,0.04024213570509401,0.4097939947622322,False,DENSIFICATION_EXHAUSTION_FAILURE
E0142,D0026,persistent_q1,1,600,631.2619038795051,0.05210317313250835,1300,0.8,1100,0.8000555378380936,0.9016980810601587,0.09815815405845209,0.249998751488211,0.10896170071671255,0.4274017280762485,False,SUCCESS
E0142,D0026,persistent_q1,1,600,631.2619038795051,0.05210317313250835,1300,0.8,1150,0.8000555378380936,0.9856696816491711,0.2832992149432493,0.2499954107400123,0.24960808363895534,0.4681374526332631,False,GRAIN_GROWTH_FAILURE
E0142,D0026,persistent_q1,1,600,631.2619038795051,0.05210317313250835,1300,0.8,1200,0.8000555378380936,0.9950511358684143,0.3580424786708435,0.24999457051534543,0.5912076089560936,0.54572551492459,False,GRAIN_GROWTH_FAILURE
E0142,D0026,persistent_q1,1,600,631.2619038795051,0.05210317313250835,1300,0.8,1250,0.8000555378380936,0.9950894488253533,0.333373953248844,0.24999661905788564,1.4231596234808928,0.6583670528817743,False,GRAIN_GROWTH_FAILURE
E0142,D0026,persistent_q1,1,300,383.696332740973,0.27898777580324313,1500,0.88,900,0.8800576079448534,0.8801685020761215,0.001462584010534056,0.2499988224386424,0.001652933999496827,0.40039726870180736,False,PREP_GROWTH_EXCEEDED
E0142,D0026,persistent_q1,1,300,383.696332740973,0.27898777580324313,1500,0.88,950,0.8800576079448534,0.8807762969403314,0.00628195019659515,0.24999882078153304,0.006289202545540465,0.40151528458532804,False,PREP_GROWTH_EXCEEDED
E0142,D0026,persistent_q1,1,300,383.696332740973,0.27898777580324313,1500,0.88,1000,0.8800576079448534,0.8840307510280391,0.02403783431658166,0.24999880503092695,0.021266153387595618,0.40518142981912053,False,PREP_GROWTH_EXCEEDED
E0142,D0026,persistent_q1,1,300,383.696332740973,0.27898777580324313,1500,0.88,1050,0.8800576079448534,0.8983184273389145,0.08272232568530644,0.24999869327916519,0.06304457870522605,0.415944794170639,False,PREP_GROWTH_EXCEEDED
E0142,D0026,persistent_q1,1,300,383.696332740973,0.27898777580324313,1500,0.88,1100,0.8800576079448534,0.9411777240919775,0.25476236654837203,0.24999802677169355,0.15692326360617226,0.4437908323546239,False,PREP_GROWTH_EXCEEDED
E0142,D0026,persistent_q1,1,300,383.696332740973,0.27898777580324313,1500,0.88,1150,0.8800576079448534,0.9909084549191105,0.6819700463838652,0.2499940068123687,0.31331733150223645,0.5044471077189958,False,PREP_GROWTH_EXCEEDED
E0142,D0026,persistent_q1,1,300,383.696332740973,0.27898777580324313,1500,0.88,1200,0.8800576079448534,0.9950277891067978,0.759271834873804,0.24999462134221204,0.7514253111055788,0.6072686877389845,False,PREP_GROWTH_EXCEEDED
E0142,D0026,persistent_q1,1,300,383.696332740973,0.27898777580324313,1500,0.88,1250,0.8800576079448534,0.9952264959522823,0.7238954787114246,0.24999644002794913,1.8157520921919523,0.732647044780664,False,PREP_GROWTH_EXCEEDED
E0142,D0026,persistent_q1,1,300,383.696332740973,0.27898777580324313,1500,0.88,1300,0.8800576079448534,0.995294923246444,0.6854059682434763,0.24999743500016758,4.161400743198776,0.8411726253428561,False,PREP_GROWTH_EXCEEDED
E0142,D0026,persistent_q1,1,300,383.696332740973,0.27898777580324313,1500,0.88,1350,0.8800576079448534,0.9953921461900116,0.6581258168871374,0.24999781706049332,8.987172015709385,0.9130653255863043,False,PREP_GROWTH_EXCEEDED
E0142,D0026,persistent_q1,1,300,383.696332740973,0.27898777580324313,1500,0.88,1400,0.8800576079448534,0.9954106727081729,0.6575675275216066,0.2499978265031536,10.247143662865744,0.9538003354185062,False,PREP_GROWTH_EXCEEDED
E0142,D0026,persistent_q1,1,300,383.696332740973,0.27898777580324313,1500,0.88,1450,0.8800576079448534,0.9954106727081729,0.6575675275216066,0.2499978265031536,10.247143662865744,0.9753758460692176,False,PREP_GROWTH_EXCEEDED
E0142,D0026,persistent_q1,1,600,645.0438360295761,0.07507306004929339,1500,0.88,900,0.8800555378380936,0.8801628956446363,0.0005175456868980845,0.2499988072040401,0.0009841541256685282,0.40023667189691803,False,DENSIFICATION_EXHAUSTION_FAILURE
E0142,D0026,persistent_q1,1,600,645.0438360295761,0.07507306004929339,1500,0.88,950,0.8800555378380936,0.8807523506194445,0.002223881173538559,0.24999880983866726,0.003756171024847707,0.4009025694953232,False,DENSIFICATION_EXHAUSTION_FAILURE
E0142,D0026,persistent_q1,1,600,645.0438360295761,0.07507306004929339,1500,0.88,1000,0.8800555378380936,0.8839155091401599,0.008527875572866488,0.24999879887200185,0.012844054279220838,0.40309322870678455,False,DENSIFICATION_EXHAUSTION_FAILURE
E0142,D0026,persistent_q1,1,600,645.0438360295761,0.07507306004929339,1500,0.88,1050,0.8800555378380936,0.8978653823851683,0.02961075610980193,0.2499986913601741,0.03943203130353171,0.40958809199519786,False,DENSIFICATION_EXHAUSTION_FAILURE
E0142,D0026,persistent_q1,1,600,645.0438360295761,0.07507306004929339,1500,0.88,1100,0.8800555378380936,0.9401811555112769,0.09408385857412958,0.24999803536886364,0.10703003692237349,0.42684246811007187,False,SUCCESS
E0142,D0026,persistent_q1,1,600,645.0438360295761,0.07507306004929339,1500,0.88,1150,0.8800555378380936,0.9904559745444075,0.27208985573715994,0.24999405369007102,0.24647025637529127,0.46684383194750695,False,GRAIN_GROWTH_FAILURE
E0142,D0026,persistent_q1,1,600,645.0438360295761,0.07507306004929339,1500,0.88,1200,0.8800555378380936,0.9950038715036148,0.30703032302503336,0.2499945261364341,0.6011828066202161,0.5433558779049749,False,GRAIN_GROWTH_FAILURE
E0142,D0026,persistent_q1,1,600,645.0438360295761,0.07507306004929339,1500,0.88,1250,0.8800555378380936,0.9951323820424745,0.28744644976238826,0.24999641287696206,1.4425981362336429,0.6551947103712589,False,GRAIN_GROWTH_FAILURE
E0142,D0026,persistent_q1,1,600,645.0438360295761,0.07507306004929339,1500,0.88,1300,0.8800555378380936,0.9954628882077757,0.27768979612706396,0.24999737887862586,3.258293531978607,0.7737790410338429,False,GRAIN_GROWTH_FAILURE
E0142,D0026,persistent_q1,1,600,645.0438360295761,0.07507306004929339,1500,0.88,1350,0.8800555378380936,0.9954628882077757,0.26499148392152266,0.24999779547178902,6.987968183108572,0.8669793166225945,False,GRAIN_GROWTH_FAILURE
E0142,D0026,persistent_q1,1,600,645.0438360295761,0.07507306004929339,1500,0.88,1400,0.8800555378380936,0.9954628882077757,0.26431653911008585,0.24999780964155704,8.0833640323287,0.9262027892781527,False,GRAIN_GROWTH_FAILURE
E0142,D0026,persistent_q1,1,600,645.0438360295761,0.07507306004929339,1500,0.88,1450,0.8800555378380936,0.9954628882077757,0.26431653911008585,0.24999780964155704,8.0833640323287,0.959729320618058,False,GRAIN_GROWTH_FAILURE
E0142,D0028,pore_pinned_q1,1,300,300.93437393211065,0.0031145797737020245,1300,0.8,900,0.8000576079465856,0.8002480053858592,9.120758480726895e-05,0.24999982721438427,3.2823642030438675e-05,0.015341296905619063,False,DENSIFICATION_EXHAUSTION_FAILURE
E0142,D0028,pore_pinned_q1,1,300,300.93437393211065,0.0031145797737020245,1300,0.8,950,0.8000576079465856,0.8012912261149621,0.0003925828216505319,0.2499998261088305,0.0002667402887005662,0.015341296905619063,False,DENSIFICATION_EXHAUSTION_FAILURE
E0142,D0028,pore_pinned_q1,1,300,300.93437393211065,0.0031145797737020245,1300,0.8,1000,0.8000576079465856,0.8068773566971431,0.0015230823317751302,0.24999982137858912,0.0018371845537329856,0.015341296905619063,False,DENSIFICATION_EXHAUSTION_FAILURE
E0142,D0028,pore_pinned_q1,1,300,300.93437393211065,0.0031145797737020245,1300,0.8,1050,0.8000576079465856,0.8314097546483766,0.005631146007358041,0.24999979605751602,0.01090328211022951,0.015341296905619063,False,DENSIFICATION_EXHAUSTION_FAILURE
E0142,D0028,pore_pinned_q1,1,300,300.93437393211065,0.0031145797737020245,1300,0.8,1100,0.8000576079465856,0.9048399892357655,0.024077157895868558,0.24999964237704667,0.05602910836648546,0.015341296905619063,False,SUCCESS
E0142,D0028,pore_pinned_q1,1,300,300.93437393211065,0.0031145797737020245,1300,0.8,1150,0.8000576079465856,0.9876344325966856,0.24361236956837193,0.24999781855371178,0.21505259503679044,0.015341296905619063,False,GRAIN_GROWTH_FAILURE
E0142,D0028,pore_pinned_q1,1,300,300.93437393211065,0.0031145797737020245,1300,0.8,1200,0.8000576079465856,0.995001722768939,0.454650798838786,0.24999686199187046,0.7743783032612603,0.015341296905619063,False,GRAIN_GROWTH_FAILURE
E0142,D0028,pore_pinned_q1,1,300,300.93437393211065,0.0031145797737020245,1300,0.8,1250,0.8000576079465856,0.9951321572311962,0.3645686446068886,0.24999788440736592,3.1702814632948217,0.015341296905619063,False,GRAIN_GROWTH_FAILURE
E0142,D0028,pore_pinned_q1,1,600,600.4827202791407,0.0008045337985676494,1300,0.8,900,0.8000555378383025,0.8002375980491617,2.2907335278561055e-05,0.249999827060002,1.6450823803640813e-05,0.015341135542204684,False,DENSIFICATION_EXHAUSTION_FAILURE
E0142,D0028,pore_pinned_q1,1,600,600.4827202791407,0.0008045337985676494,1300,0.8,950,0.8000555378383025,0.8012373603162704,9.859970557463352e-05,0.2499998260897489,0.00013371720201624577,0.015341135542204684,False,DENSIFICATION_EXHAUSTION_FAILURE
E0142,D0028,pore_pinned_q1,1,600,600.4827202791407,0.0008045337985676494,1300,0.8,1000,0.8000555378383025,0.8066031580088108,0.00038246980850809747,0.24999982154403858,0.0009217601203316463,0.015341135542204684,False,DENSIFICATION_EXHAUSTION_FAILURE
E0142,D0028,pore_pinned_q1,1,600,600.4827202791407,0.0008045337985676494,1300,0.8,1050,0.8000555378383025,0.8302684942876628,0.0014123057044602638,0.24999979725587804,0.005487192278553519,0.015341135542204684,False,DENSIFICATION_EXHAUSTION_FAILURE
E0142,D0028,pore_pinned_q1,1,600,600.4827202791407,0.0008045337985676494,1300,0.8,1100,0.8000555378383025,0.9019656227250764,0.006000402396858778,0.24999965203797164,0.028582273442654026,0.015341135542204684,False,SUCCESS
E0142,D0028,pore_pinned_q1,1,600,600.4827202791407,0.0008045337985676494,1300,0.8,1150,0.8000555378383025,0.9859862670188144,0.061168864615233964,0.24999801154804033,0.1262558360594689,0.015341135542204684,False,SUCCESS
E0142,D0028,pore_pinned_q1,1,600,600.4827202791407,0.0008045337985676494,1300,0.8,1200,0.8000555378383025,0.9950450042706225,0.1413434057528199,0.24999678431868336,0.49333080036389637,0.015341135542204684,False,GRAIN_GROWTH_FAILURE
E0142,D0028,pore_pinned_q1,1,600,600.4827202791407,0.0008045337985676494,1300,0.8,1250,0.8000555378383025,0.9951543930105835,0.11018271660738643,0.2499978491537944,1.94292399013493,0.015341135542204684,False,GRAIN_GROWTH_FAILURE
E0142,D0028,pore_pinned_q1,1,300,301.4939978336591,0.004979992778863423,1500,0.88,900,0.8800576079465858,0.8801709572629536,0.00015286272671261587,0.2499997039374298,3.27607002262813e-05,0.025808375239295547,False,DENSIFICATION_EXHAUSTION_FAILURE
E0142,D0028,pore_pinned_q1,1,300,301.4939978336591,0.004979992778863423,1500,0.88,950,0.8800576079465858,0.8807916571497716,0.0006578888997555809,0.2499997040465912,0.00026617472896578096,0.025808375239295547,False,DENSIFICATION_EXHAUSTION_FAILURE
E0142,D0028,pore_pinned_q1,1,300,301.4939978336591,0.004979992778863423,1500,0.88,1000,0.8800576079465858,0.8841137031405929,0.002551214331393345,0.24999969709656583,0.0018318978185234479,0.025808375239295547,False,DENSIFICATION_EXHAUSTION_FAILURE
E0142,D0028,pore_pinned_q1,1,300,301.4939978336591,0.004979992778863423,1500,0.88,1050,0.8800576079465858,0.8986968683292359,0.009415262676693938,0.2499996557849288,0.01084233668277314,0.025808375239295547,False,DENSIFICATION_EXHAUSTION_FAILURE
E0142,D0028,pore_pinned_q1,1,300,301.4939978336591,0.004979992778863423,1500,0.88,1100,0.8800576079465858,0.9423486959540404,0.039880472535296536,0.24999940787331879,0.05507756125715152,0.025808375239295547,False,SUCCESS
E0142,D0028,pore_pinned_q1,1,300,301.4939978336591,0.004979992778863423,1500,0.88,1150,0.8800576079465858,0.9918049692781672,0.3580107242591812,0.24999693005948215,0.19657333910807145,0.025808375239295547,False,GRAIN_GROWTH_FAILURE
E0142,D0028,pore_pinned_q1,1,300,301.4939978336591,0.004979992778863423,1500,0.88,1200,0.8800576079465858,0.9950217277855352,0.4492264855094602,0.24999685343573622,0.7758564120604592,0.025808375239295547,False,GRAIN_GROWTH_FAILURE
E0142,D0028,pore_pinned_q1,1,300,301.4939978336591,0.004979992778863423,1500,0.88,1250,0.8800576079465858,0.9951620993238119,0.36125299336305167,0.24999787276624627,3.1721045156948744,0.025808375239295547,False,GRAIN_GROWTH_FAILURE
E0142,D0028,pore_pinned_q1,1,300,301.4939978336591,0.004979992778863423,1500,0.88,1300,0.8800576079465858,0.9951231854976482,0.28906885649180974,0.24999856580768562,11.748601012647478,0.025808375239295547,False,GRAIN_GROWTH_FAILURE
E0142,D0028,pore_pinned_q1,1,300,301.4939978336591,0.004979992778863423,1500,0.88,1350,0.8800576079465858,0.9952132312152439,0.25114664554405447,0.24999886591690668,39.29658280389273,0.025808375239295547,False,GRAIN_GROWTH_FAILURE
E0142,D0028,pore_pinned_q1,1,300,301.4939978336591,0.004979992778863423,1500,0.88,1400,0.8800576079465858,0.995238631229894,0.25114664554405447,0.2499988692802555,45.60330319829254,0.025808375239295547,False,GRAIN_GROWTH_FAILURE
E0142,D0028,pore_pinned_q1,1,300,301.4939978336591,0.004979992778863423,1500,0.88,1450,0.8800576079465858,0.995238631229894,0.25114664554405447,0.2499988692802555,45.60330319829254,0.025808375239295547,False,GRAIN_GROWTH_FAILURE
E0142,D0028,pore_pinned_q1,1,600,600.7677691731335,0.001279615288555769,1500,0.88,900,0.8800555378383021,0.8801632748504967,3.849926965975369e-05,0.24999970455559145,1.644276246343429e-05,0.025807921063352668,False,DENSIFICATION_EXHAUSTION_FAILURE
E0142,D0028,pore_pinned_q1,1,600,600.7677691731335,0.001279615288555769,1500,0.88,950,0.8800555378383021,0.8807547337671225,0.00016570325905631295,0.24999970423173792,0.0001336448079644526,0.025807921063352668,False,DENSIFICATION_EXHAUSTION_FAILURE
E0142,D0028,pore_pinned_q1,1,600,600.7677691731335,0.001279615288555769,1500,0.88,1000,0.8800555378383021,0.8839285512118844,0.0006426083809925165,0.24999969735402153,0.000921083756085883,0.025807921063352668,False,DENSIFICATION_EXHAUSTION_FAILURE
E0142,D0028,pore_pinned_q1,1,600,600.7677691731335,0.001279615288555769,1500,0.88,1050,0.8800555378383021,0.8979273153593172,0.0023701909652106183,0.2499996578913698,0.0054793594124973,0.025807921063352668,False,DENSIFICATION_EXHAUSTION_FAILURE
E0142,D0028,pore_pinned_q1,1,600,600.7677691731335,0.001279615288555769,1500,0.88,1100,0.8800555378383021,0.9403962918524885,0.010003976712133286,0.24999942499927297,0.02845579354571806,0.025807921063352668,False,SUCCESS
E0142,D0028,pore_pinned_q1,1,600,600.7677691731335,0.001279615288555769,1500,0.88,1150,0.8800555378383021,0.9906888995712434,0.0933081106438785,0.24999719116390043,0.12245098048469291,0.025807921063352668,False,SUCCESS
E0142,D0028,pore_pinned_q1,1,600,600.7677691731335,0.001279615288555769,1500,0.88,1200,0.8800555378383021,0.9950585888790026,0.1397884571950183,0.24999677832694905,0.4937726945182645,0.025807921063352668,False,GRAIN_GROWTH_FAILURE
E0142,D0028,pore_pinned_q1,1,600,600.7677691731335,0.001279615288555769,1500,0.88,1250,0.8800555378383021,0.9951972204099762,0.10975522114883603,0.2499978343760075,1.9428076339136244,0.025807921063352668,False,GRAIN_GROWTH_FAILURE
E0142,D0028,pore_pinned_q1,1,600,600.7677691731335,0.001279615288555769,1500,0.88,1300,0.8800555378383021,0.9954686554089273,0.09131866682297589,0.24999850519753575,6.953864827601952,0.025807921063352668,False,SUCCESS
E0142,D0028,pore_pinned_q1,1,600,600.7677691731335,0.001279615288555769,1500,0.88,1350,0.8800555378383021,0.9954686554089273,0.07658236383486051,0.24999884971134165,22.847779306196788,0.025807921063352668,False,SUCCESS
E0142,D0028,pore_pinned_q1,1,600,600.7677691731335,0.001279615288555769,1500,0.88,1400,0.8800555378383021,0.9954686554089273,0.07578420715819498,0.24999886169025956,28.31994859442419,0.025807921063352668,False,SUCCESS
E0142,D0028,pore_pinned_q1,1,600,600.7677691731335,0.001279615288555769,1500,0.88,1450,0.8800555378383021,0.9954686554089273,0.07578420715819498,0.24999886169025956,28.31994859442419,0.025807921063352668,False,SUCCESS
E0142,D0031,mixed_q0,0,300,301.3922303774017,0.00464076792467216,1300,0.8,900,0.8000576079465664,0.8002479790459871,0.0001353542522104875,0.4999999064484102,9.037486027153498e-05,0.022836772504745695,False,DENSIFICATION_EXHAUSTION_FAILURE
E0142,D0031,mixed_q0,0,300,301.3922303774017,0.00464076792467216,1300,0.8,950,0.8000576079465664,0.8012910548926,0.0005825479802874267,0.4999999061724868,0.00029219030448986914,0.022836772504745695,False,DENSIFICATION_EXHAUSTION_FAILURE
E0142,D0031,mixed_q0,0,300,301.3922303774017,0.00464076792467216,1300,0.8,1000,0.8000576079465664,0.8068763071563726,0.002259206517225133,0.49999990395642024,0.0008615010898508193,0.022836772504745695,False,DENSIFICATION_EXHAUSTION_FAILURE
E0142,D0031,mixed_q0,0,300,301.3922303774017,0.00464076792467216,1300,0.8,1050,0.8000576079465664,0.8314031498344213,0.00833959506180586,0.4999998911899796,0.0023407528017396336,0.022836772504745695,False,DENSIFICATION_EXHAUSTION_FAILURE
E0142,D0031,mixed_q0,0,300,301.3922303774017,0.00464076792467216,1300,0.8,1100,0.8000576079465664,0.9048014297038456,0.03537637573971152,0.49999981506141317,0.005913462530979374,0.022836772504745695,False,SUCCESS
E0142,D0031,mixed_q0,0,300,301.3922303774017,0.00464076792467216,1300,0.8,1150,0.8000576079465664,0.9875254623759046,0.32773884723785546,0.4999990974557134,0.01399738081464672,0.022836772504745695,False,GRAIN_GROWTH_FAILURE
E0142,D0031,mixed_q0,0,300,301.3922303774017,0.00464076792467216,1300,0.8,1200,0.8000576079465664,0.9950114441324056,0.5732220711685079,0.49999888404909393,0.03125,0.022836772504745695,False,GRAIN_GROWTH_FAILURE
E0142,D0031,mixed_q0,0,300,301.3922303774017,0.00464076792467216,1300,0.8,1250,0.8000576079465664,0.9950640549571185,0.45659394798065867,0.49999928358950263,0.0661840197338351,0.022836772504745695,False,GRAIN_GROWTH_FAILURE
E0142,D0031,mixed_q0,0,600,600.7196328128455,0.001199388021409063,1300,0.8,900,0.8000555378383002,0.8002375947714018,3.407223986750081e-05,0.49999990600207395,9.037486027153498e-05,0.022836534130600893,False,DENSIFICATION_EXHAUSTION_FAILURE
E0142,D0031,mixed_q0,0,600,600.7196328128455,0.001199388021409063,1300,0.8,950,0.8000555378383002,0.8012373389952159,0.00014665108925715232,0.49999990602290045,0.00029219030448986914,0.022836534130600893,False,DENSIFICATION_EXHAUSTION_FAILURE
E0142,D0031,mixed_q0,0,600,600.7196328128455,0.001199388021409063,1300,0.8,1000,0.8000555378383002,0.8066030273333876,0.0005687613204629929,0.49999990398477917,0.0008615010898508193,0.022836534130600893,False,DENSIFICATION_EXHAUSTION_FAILURE
E0142,D0031,mixed_q0,0,600,600.7196328128455,0.001199388021409063,1300,0.8,1050,0.8000555378383002,0.8302676699713544,0.002098509344770786,0.49999989171460985,0.0023407528017396336,0.022836534130600893,False,DENSIFICATION_EXHAUSTION_FAILURE
E0142,D0031,mixed_q0,0,600,600.7196328128455,0.001199388021409063,1300,0.8,1100,0.8000555378383002,0.9019606701702376,0.008876147731947878,0.4999998194219107,0.005913462530979374,0.022836534130600893,False,SUCCESS
E0142,D0031,mixed_q0,0,600,600.7196328128455,0.001199388021409063,1300,0.8,1150,0.8000555378383002,0.9859674269307687,0.08540118801384815,0.4999991579343925,0.01399738081464672,0.022836534130600893,False,SUCCESS
E0142,D0031,mixed_q0,0,600,600.7196328128455,0.001199388021409063,1300,0.8,1200,0.8000555378383002,0.9950298825360515,0.18129422778400203,0.4999988582832056,0.03125,0.022836534130600893,False,GRAIN_GROWTH_FAILURE
E0142,D0031,mixed_q0,0,600,600.7196328128455,0.001199388021409063,1300,0.8,1250,0.8000555378383002,0.9951471499271306,0.1420235791384457,0.4999992669995527,0.0661840197338351,0.022836534130600893,False,GRAIN_GROWTH_FAILURE
E0142,D0031,mixed_q0,0,300,302.2201695525712,0.0074005651752372045,1500,0.88,900,0.8800576079465666,0.8801709290777794,0.00022527683767115586,0.4999998410189092,9.037486027153498e-05,0.03821937290032622,False,DENSIFICATION_EXHAUSTION_FAILURE
E0142,D0031,mixed_q0,0,300,302.2201695525712,0.0074005651752372045,1500,0.88,950,0.8800576079465666,0.8807914737250525,0.0009693950205366241,0.49999984063748737,0.00029219030448986914,0.03821937290032622,False,DENSIFICATION_EXHAUSTION_FAILURE
E0142,D0031,mixed_q0,0,300,302.2201695525712,0.0074005651752372045,1500,0.88,1000,0.8800576079465666,0.8841125737348517,0.003756808450801045,0.4999998374629234,0.0008615010898508193,0.03821937290032622,False,DENSIFICATION_EXHAUSTION_FAILURE
E0142,D0031,mixed_q0,0,300,302.2201695525712,0.0074005651752372045,1500,0.88,1050,0.8800576079465666,0.8986896968118303,0.013828771337014052,0.4999998176940246,0.0023407528017396336,0.03821937290032622,False,DENSIFICATION_EXHAUSTION_FAILURE
E0142,D0031,mixed_q0,0,300,302.2201695525712,0.0074005651752372045,1500,0.88,1100,0.8800576079465666,0.9423067340389688,0.057837012183942195,0.49999970064394994,0.005913462530979374,0.03821937290032622,False,SUCCESS
E0142,D0031,mixed_q0,0,300,302.2201695525712,0.0074005651752372045,1500,0.88,1150,0.8800576079465666,0.9917060790979132,0.46310027138884025,0.49999878927687225,0.01399738081464672,0.03821937290032622,False,GRAIN_GROWTH_FAILURE
E0142,D0031,mixed_q0,0,300,302.2201695525712,0.0074005651752372045,1500,0.88,1200,0.8800576079465666,0.9950321819372968,0.5647879147219023,0.4999988794801171,0.03125,0.03821937290032622,False,GRAIN_GROWTH_FAILURE
E0142,D0031,mixed_q0,0,300,302.2201695525712,0.0074005651752372045,1500,0.88,1250,0.8800576079465666,0.9950850951663298,0.45017728149592795,0.49999927118790943,0.0661840197338351,0.03821937290032622,False,GRAIN_GROWTH_FAILURE
E0142,D0031,mixed_q0,0,300,302.2201695525712,0.0074005651752372045,1500,0.88,1300,0.8800576079465666,0.9951021125948186,0.3663711246174214,0.49999949882506384,0.13364098398118712,0.03821937290032622,False,GRAIN_GROWTH_FAILURE
E0142,D0031,mixed_q0,0,300,302.2201695525712,0.0074005651752372045,1500,0.88,1350,0.8800576079465666,0.9950249648283802,0.31119428093544155,0.49999959308442726,0.2584187811728029,0.03821937290032622,False,GRAIN_GROWTH_FAILURE
E0142,D0031,mixed_q0,0,300,302.2201695525712,0.0074005651752372045,1500,0.88,1400,0.8800576079465666,0.9950481700697779,0.31119428093544155,0.49999959388614784,0.27921921673184735,0.03821937290032622,False,GRAIN_GROWTH_FAILURE
E0142,D0031,mixed_q0,0,300,302.2201695525712,0.0074005651752372045,1500,0.88,1450,0.8800576079465666,0.9950481700697779,0.31119428093544155,0.49999959388614784,0.27921921673184735,0.03821937290032622,False,GRAIN_GROWTH_FAILURE
E0142,D0031,mixed_q0,0,600,601.1418953566895,0.0019031589278156662,1500,0.88,900,0.8800555378382999,0.8801632713668429,5.694140834711228e-05,0.4999998425726484,9.037486027153498e-05,0.03821870888401732,False,DENSIFICATION_EXHAUSTION_FAILURE
E0142,D0031,mixed_q0,0,600,601.1418953566895,0.0019031589278156662,1500,0.88,950,0.8800555378382999,0.8807547110628251,0.00024506403246920443,0.49999984141317255,0.00029219030448986914,0.03821870888401732,False,DENSIFICATION_EXHAUSTION_FAILURE
E0142,D0031,mixed_q0,0,600,601.1418953566895,0.0019031589278156662,1500,0.88,1000,0.8800555378382999,0.8839284111402689,0.0009500970401261474,0.49999983772000484,0.0008615010898508193,0.03821870888401732,False,DENSIFICATION_EXHAUSTION_FAILURE
E0142,D0031,mixed_q0,0,600,601.1418953566895,0.0019031589278156662,1500,0.88,1050,0.8800555378382999,0.8979264183362518,0.0034996654615450174,0.49999981853942205,0.0023407528017396336,0.03821870888401732,False,DENSIFICATION_EXHAUSTION_FAILURE
E0142,D0031,mixed_q0,0,600,601.1418953566895,0.0019031589278156662,1500,0.88,1100,0.8800555378382999,0.9403907761903781,0.014664426466043774,0.49999970777409997,0.005913462530979374,0.03821870888401732,False,SUCCESS
E0142,D0031,mixed_q0,0,600,601.1418953566895,0.0019031589278156662,1500,0.88,1150,0.8800555378382999,0.9906693991518015,0.12621374438603988,0.49999886374190106,0.01399738081464672,0.03821870888401732,False,GRAIN_GROWTH_FAILURE
E0142,D0031,mixed_q0,0,600,601.1418953566895,0.0019031589278156662,1500,0.88,1200,0.8800555378382999,0.995043817424976,0.17890249353309629,0.49999885487675827,0.03125,0.03821870888401732,False,GRAIN_GROWTH_FAILURE
E0142,D0031,mixed_q0,0,600,601.1418953566895,0.0019031589278156662,1500,0.88,1250,0.8800555378382999,0.9951900873996774,0.14106997300999136,0.4999992538233587,0.0661840197338351,0.03821870888401732,False,GRAIN_GROWTH_FAILURE
E0142,D0031,mixed_q0,0,600,601.1418953566895,0.0019031589278156662,1500,0.88,1300,0.8800555378382999,0.9954686007243218,0.11747510915238578,0.49999948125328253,0.13364098398118712,0.03821870888401732,False,GRAIN_GROWTH_FAILURE
E0142,D0031,mixed_q0,0,600,601.1418953566895,0.0019031589278156662,1500,0.88,1350,0.8800555378382999,0.9954686007243218,0.09908183952137392,0.4999995850338804,0.2584187811728029,0.03821870888401732,False,SUCCESS
E0142,D0031,mixed_q0,0,600,601.1418953566895,0.0019031589278156662,1500,0.88,1400,0.8800555378382999,0.9954686007243218,0.09812748463618266,0.49999958842190806,0.2914876259719738,0.03821870888401732,False,SUCCESS
E0142,D0031,mixed_q0,0,600,601.1418953566895,0.0019031589278156662,1500,0.88,1450,0.8800555378382999,0.9954686007243218,0.09812748463618266,0.49999958842190806,0.2914876259719738,0.03821870888401732,False,SUCCESS
E0142,D0032,mixed_q1,1,300,306.8352901555575,0.02278430051852494,1300,0.8,900,0.8000576079463338,0.8002476724275476,0.0006336004667853551,0.4999968908257148,1.751434537961765e-05,0.11082859461541805,False,DENSIFICATION_EXHAUSTION_FAILURE
E0142,D0032,mixed_q1,1,300,306.8352901555575,0.02278430051852494,1300,0.8,950,0.8000576079463338,0.8012890664490844,0.002724047734658324,0.4999968701078237,8.592391944448395e-05,0.11082859461541805,False,DENSIFICATION_EXHAUSTION_FAILURE
E0142,D0032,mixed_q1,1,300,306.8352901555575,0.02278430051852494,1300,0.8,1000,0.8000576079463338,0.8068642239261596,0.010518118295858766,0.49999678502283307,0.00036987860982621684,0.11082859461541805,False,DENSIFICATION_EXHAUSTION_FAILURE
E0142,D0032,mixed_q1,1,300,306.8352901555575,0.02278430051852494,1300,0.8,1050,0.8000576079463338,0.831329304268146,0.03815253994253197,0.49999633070959415,0.0013979880235796944,0.11082859461541805,False,DENSIFICATION_EXHAUSTION_FAILURE
E0142,D0032,mixed_q1,1,300,306.8352901555575,0.02278430051852494,1300,0.8,1100,0.8000576079463338,0.9044156878539775,0.14930421578749864,0.49999358982563286,0.004443001329093597,0.11082859461541805,False,GRAIN_GROWTH_FAILURE
E0142,D0032,mixed_q1,1,300,306.8352901555575,0.02278430051852494,1300,0.8,1150,0.8000576079463338,0.9869086272268521,0.8052259284982851,0.4999623172290759,0.009115023470687673,0.11082859461541805,False,GRAIN_GROWTH_FAILURE
E0142,D0032,mixed_q1,1,300,306.8352901555575,0.02278430051852494,1300,0.8,1200,0.8000576079463338,0.9950421091036463,1.0866991142769378,0.49994258652609275,0.023511675229754236,0.11082859461541805,False,GRAIN_GROWTH_FAILURE
E0142,D0032,mixed_q1,1,300,306.8352901555575,0.02278430051852494,1300,0.8,1250,0.8000576079463338,0.995011379488145,0.8784343171845025,0.4999621998117797,0.07277938836826281,0.11082859461541805,False,GRAIN_GROWTH_FAILURE
E0142,D0032,mixed_q1,1,600,603.5547592194029,0.005924598699004614,1300,0.8,900,0.8000555378382718,0.800237555766401,0.0001637881243953491,0.4999968868652206,8.908120417711725e-06,0.11082754193877539,False,DENSIFICATION_EXHAUSTION_FAILURE
E0142,D0032,mixed_q1,1,600,603.5547592194029,0.005924598699004614,1300,0.8,950,0.8000555378382718,0.8012370856082198,0.000704652746202499,0.4999968696023603,4.3769987295719274e-05,0.11082754193877539,False,DENSIFICATION_EXHAUSTION_FAILURE
E0142,D0032,mixed_q1,1,600,603.5547592194029,0.005924598699004614,1300,0.8,1000,0.8000555378382718,0.8066014812803294,0.0027272483564299375,0.4999967878103503,0.0001894969108470668,0.11082754193877539,False,DENSIFICATION_EXHAUSTION_FAILURE
E0142,D0032,mixed_q1,1,600,603.5547592194029,0.005924598699004614,1300,0.8,1050,0.8000555378382718,0.8302580499471455,0.009968993654506245,0.4999963507398209,0.0007304985928074015,0.11082754193877539,False,DENSIFICATION_EXHAUSTION_FAILURE
E0142,D0032,mixed_q1,1,600,603.5547592194029,0.005924598699004614,1300,0.8,1100,0.8000555378382718,0.901905782384482,0.04014173158758184,0.4999937390577091,0.002495187901698994,0.11082754193877539,False,SUCCESS
E0142,D0032,mixed_q1,1,600,603.5547592194029,0.005924598699004614,1300,0.8,1150,0.8000555378382718,0.9858262839839308,0.2513937199882255,0.49996433522417255,0.0066811049489867115,0.11082754193877539,False,GRAIN_GROWTH_FAILURE
E0142,D0032,mixed_q1,1,600,603.5547592194029,0.005924598699004614,1300,0.8,1200,0.8000555378382718,0.995021174677504,0.3762555095457437,0.4999417094523796,0.01809665559936889,0.11082754193877539,False,GRAIN_GROWTH_FAILURE
E0142,D0032,mixed_q1,1,600,603.5547592194029,0.005924598699004614,1300,0.8,1250,0.8000555378382718,0.9951125961770005,0.2982643105599991,0.49996123937439124,0.053329714353446876,0.11082754193877539,False,GRAIN_GROWTH_FAILURE
E0142,D0032,mixed_q1,1,300,310.57600303081193,0.03525334343603973,1500,0.88,900,0.8800576079463335,0.8801706151838984,0.0009756140281078097,0.4999946685187561,1.729749475711789e-05,0.1748744279245624,False,DENSIFICATION_EXHAUSTION_FAILURE
E0142,D0032,mixed_q1,1,300,310.57600303081193,0.03525334343603973,1500,0.88,950,0.8800576079463335,0.8807894406721488,0.004191444021574684,0.49999467225962607,8.476522207557548e-05,0.1748744279245624,False,DENSIFICATION_EXHAUSTION_FAILURE
E0142,D0032,mixed_q1,1,300,310.57600303081193,0.03525334343603973,1500,0.88,1000,0.8800576079463335,0.8841002624876328,0.01613630377591554,0.4999945482379379,0.00036340734080363444,0.1748744279245624,False,DENSIFICATION_EXHAUSTION_FAILURE
E0142,D0032,mixed_q1,1,300,310.57600303081193,0.03525334343603973,1500,0.88,1050,0.8800576079463335,0.8986153861738457,0.05786421946091145,0.4999938087412027,0.0013554660312718335,0.1748744279245624,False,DENSIFICATION_EXHAUSTION_FAILURE
E0142,D0032,mixed_q1,1,300,310.57600303081193,0.03525334343603973,1500,0.88,1100,0.8800576079463335,0.9419373769634173,0.21600218445317967,0.49998941081772985,0.004149143946082503,0.1748744279245624,False,GRAIN_GROWTH_FAILURE
E0142,D0032,mixed_q1,1,300,310.57600303081193,0.03525334343603973,1500,0.88,1150,0.8800576079463335,0.9912272336700252,0.9583853998467848,0.49994722192194146,0.008294127562374342,0.1748744279245624,False,GRAIN_GROWTH_FAILURE
E0142,D0032,mixed_q1,1,300,310.57600303081193,0.03525334343603973,1500,0.88,1200,0.8800576079463335,0.9950675562410968,1.043077515470551,0.49994241004185624,0.023726061892800198,0.1748744279245624,False,GRAIN_GROWTH_FAILURE
E0142,D0032,mixed_q1,1,300,310.57600303081193,0.03525334343603973,1500,0.88,1250,0.8800576079463335,0.9951908839371331,0.8568421014730621,0.49996130632707436,0.07273892057865092,0.1748744279245624,False,GRAIN_GROWTH_FAILURE
E0142,D0032,mixed_q1,1,300,310.57600303081193,0.03525334343603973,1500,0.88,1300,0.8800576079463335,0.9951944176719177,0.713156701119359,0.4999738773699671,0.20460980813914667,0.1748744279245624,False,GRAIN_GROWTH_FAILURE
E0142,D0032,mixed_q1,1,300,310.57600303081193,0.03525334343603973,1500,0.88,1350,0.8800576079463335,0.9952017286928377,0.6338167118598509,0.4999796110676447,0.52503077282411,0.1748744279245624,False,GRAIN_GROWTH_FAILURE
E0142,D0032,mixed_q1,1,300,310.57600303081193,0.03525334343603973,1500,0.88,1400,0.8800576079463335,0.9952378522296367,0.6338167118598509,0.49997968993199854,0.6005566292257243,0.1748744279245624,False,GRAIN_GROWTH_FAILURE
E0142,D0032,mixed_q1,1,300,310.57600303081193,0.03525334343603973,1500,0.88,1450,0.8800576079463335,0.9952378522296367,0.6338167118598509,0.49997968993199854,0.6005566292257243,0.1748744279245624,False,GRAIN_GROWTH_FAILURE
E0142,D0032,mixed_q1,1,600,605.4909537647245,0.009151589607874034,1500,0.88,900,0.8800555378382721,0.8801632312344174,0.0002567671581204629,0.49999468336378944,8.878810956491328e-06,0.17487182137163187,False,DENSIFICATION_EXHAUSTION_FAILURE
E0142,D0032,mixed_q1,1,600,605.4909537647245,0.009151589607874034,1500,0.88,950,0.8800555378382721,0.8807544503256495,0.0011043178413666628,0.4999946765505379,4.361264049982079e-05,0.17487182137163187,False,DENSIFICATION_EXHAUSTION_FAILURE
E0142,D0032,mixed_q1,1,600,605.4909537647245,0.009151589607874034,1500,0.88,1000,0.8800555378382721,0.883926819097057,0.00426775372238861,0.4999945524160841,0.0001886018048279162,0.17487182137163187,False,DENSIFICATION_EXHAUSTION_FAILURE
E0142,D0032,mixed_q1,1,600,605.4909537647245,0.009151589607874034,1500,0.88,1050,0.8800555378382721,0.8979165032817756,0.015496686108531915,0.4999938422861056,0.0007242075765012475,0.17487182137163187,False,DENSIFICATION_EXHAUSTION_FAILURE
E0142,D0032,mixed_q1,1,600,605.4909537647245,0.009151589607874034,1500,0.88,1100,0.8800555378382721,0.9403347631642769,0.06038257113150365,0.49998965508564375,0.002439841926866798,0.17487182137163187,False,SUCCESS
E0142,D0032,mixed_q1,1,600,605.4909537647245,0.009151589607874034,1500,0.88,1150,0.8800555378382721,0.99054524647918,0.314579101480906,0.4999496312770488,0.006340623877011956,0.17487182137163187,False,GRAIN_GROWTH_FAILURE
E0142,D0032,mixed_q1,1,600,605.4909537647245,0.009151589607874034,1500,0.88,1200,0.8800555378382721,0.9950377229203393,0.36426453263119957,0.49994160220061024,0.018197788653288346,0.17487182137163187,False,GRAIN_GROWTH_FAILURE
E0142,D0032,mixed_q1,1,600,605.4909537647245,0.009151589607874034,1500,0.88,1250,0.8800555378382721,0.9951546868855304,0.28992139623492286,0.49996098713014303,0.053505596308780275,0.17487182137163187,False,GRAIN_GROWTH_FAILURE
E0142,D0032,mixed_q1,1,600,605.4909537647245,0.009151589607874034,1500,0.88,1300,0.8800555378382721,0.9954058563860465,0.2414449539578282,0.49997316618821147,0.144829258572577,0.17487182137163187,False,GRAIN_GROWTH_FAILURE
E0142,D0032,mixed_q1,1,600,605.4909537647245,0.009151589607874034,1500,0.88,1350,0.8800555378382721,0.995467972502818,0.2115803723539129,0.49997926006865034,0.3629572086525883,0.17487182137163187,False,GRAIN_GROWTH_FAILURE
E0142,D0032,mixed_q1,1,600,605.4909537647245,0.009151589607874034,1500,0.88,1400,0.8800555378382721,0.995467972502818,0.2102102719412338,0.4999794859845938,0.4293115250958824,0.17487182137163187,False,GRAIN_GROWTH_FAILURE
E0142,D0032,mixed_q1,1,600,605.4909537647245,0.009151589607874034,1500,0.88,1450,0.8800555378382721,0.995467972502818,0.2102102719412338,0.4999794859845938,0.4293115250958824,0.17487182137163187,False,GRAIN_GROWTH_FAILURE
E0142,D0033,persistent_junction_only,0,300,368.0346813913733,0.2267822713045775,1300,0.8,900,0.8000576079459917,0.8002449111614182,0.0005675517113292052,0.4999999220684541,0.00021952580569061748,0.14288403932186633,False,PREP_GROWTH_EXCEEDED
E0142,D0033,persistent_junction_only,0,300,368.0346813913733,0.2267822713045775,1300,0.8,950,0.8000576079459917,0.801271944092874,0.002437776330380456,0.49999992167056834,0.0017845059986362568,0.14307561472041547,False,PREP_GROWTH_EXCEEDED
E0142,D0033,persistent_junction_only,0,300,368.0346813913733,0.2267822713045775,1300,0.8,1000,0.8000576079459917,0.8067747879171854,0.009377967029376117,0.4999999194794696,0.012304717222178347,0.1443612158094478,False,PREP_GROWTH_EXCEEDED
E0142,D0033,persistent_junction_only,0,300,368.0346813913733,0.2267822713045775,1300,0.8,1050,0.8000576079459917,0.8309616237272681,0.03363682813729734,0.4999999078997971,0.07332460129702843,0.15174260834636089,False,PREP_GROWTH_EXCEEDED
E0142,D0033,persistent_junction_only,0,300,368.0346813913733,0.2267822713045775,1300,0.8,1100,0.8000576079459917,0.9035353689128913,0.12524840166780318,0.4999998374811699,0.3836853714389848,0.18739768207990165,False,PREP_GROWTH_EXCEEDED
E0142,D0033,persistent_junction_only,0,300,368.0346813913733,0.2267822713045775,1300,0.8,1150,0.8000576079459917,0.9865286661395326,0.5192847888938309,0.4999988939302373,1.7873035940275934,0.31719671707252567,False,PREP_GROWTH_EXCEEDED
E0142,D0033,persistent_junction_only,0,300,368.0346813913733,0.2267822713045775,1300,0.8,1200,0.8000576079459917,0.9950539938645211,0.9205110724115687,0.49999791249031134,7.5,0.5862069294244094,False,PREP_GROWTH_EXCEEDED
E0142,D0033,persistent_junction_only,0,300,368.0346813913733,0.2267822713045775,1300,0.8,1250,0.8000576079459917,0.9951550531410975,0.9822441242360991,0.4999985261873949,28.643832073728543,0.8316679499738685,False,PREP_GROWTH_EXCEEDED
E0142,D0033,persistent_junction_only,0,600,637.6820987393523,0.06280349789892038,1300,0.8,900,0.8000555378382311,0.8002371199260686,0.00018908473935138988,0.4999999220507456,0.00021952580569061748,0.14288404006150676,False,DENSIFICATION_EXHAUSTION_FAILURE
E0142,D0033,persistent_junction_only,0,600,637.6820987393523,0.06280349789892038,1300,0.8,950,0.8000555378382311,0.8012343739015066,0.0008126710247303678,0.49999992167515933,0.0017845059986362568,0.14307561546088207,False,DENSIFICATION_EXHAUSTION_FAILURE
E0142,D0033,persistent_junction_only,0,600,637.6820987393523,0.06280349789892038,1300,0.8,1000,0.8000555378382311,0.8065871766803362,0.00313347837084035,0.4999999195393009,0.012304717222178347,0.14436121655544695,False,DENSIFICATION_EXHAUSTION_FAILURE
E0142,D0033,persistent_junction_only,0,600,637.6820987393523,0.06280349789892038,1300,0.8,1050,0.8000555378382311,0.8301973773138658,0.011328296693080121,0.4999999082808155,0.07332460129702843,0.1517426091237394,False,DENSIFICATION_EXHAUSTION_FAILURE
E0142,D0033,persistent_junction_only,0,600,637.6820987393523,0.06280349789892038,1300,0.8,1100,0.8000555378382311,0.9017437080576967,0.04338759345227408,0.4999998403181514,0.3836853714389848,0.18739768299958776,False,SUCCESS
E0142,D0033,persistent_junction_only,0,600,637.6820987393523,0.06280349789892038,1300,0.8,1150,0.8000555378382311,0.9857251766519785,0.1981946767710241,0.49999894427222696,1.7873035940275934,0.3171967183805675,False,GRAIN_GROWTH_FAILURE
E0142,D0033,persistent_junction_only,0,600,637.6820987393523,0.06280349789892038,1300,0.8,1200,0.8000555378382311,0.995038631375895,0.3833271557629372,0.49999788620309843,7.5,0.5862069308893888,False,GRAIN_GROWTH_FAILURE
E0142,D0033,persistent_junction_only,0,600,637.6820987393523,0.06280349789892038,1300,0.8,1250,0.8000555378382311,0.995074157957718,0.4101895551069476,0.49999852346368123,28.643832073728543,0.8316679508193695,False,GRAIN_GROWTH_FAILURE
E0142,D0033,persistent_junction_only,0,300,386.88680114310114,0.2896226704770036,1500,0.88,900,0.8800576079459916,0.8801684330451649,0.0005136021478392217,0.4999998672525041,0.00021952580569061748,0.14288404209821068,False,PREP_GROWTH_EXCEEDED
E0142,D0033,persistent_junction_only,0,300,386.88680114310114,0.2896226704770036,1500,0.88,950,0.8800576079459916,0.8807759543026652,0.0022062446857611467,0.4999998668654407,0.0017845059986362568,0.14307561749986092,False,PREP_GROWTH_EXCEEDED
E0142,D0033,persistent_junction_only,0,300,386.88680114310114,0.2896226704770036,1500,0.88,1000,0.8800576079459916,0.8840305896305407,0.00849004445392093,0.4999998632896662,0.012304717222178347,0.1443612186096605,False,PREP_GROWTH_EXCEEDED
E0142,D0033,persistent_junction_only,0,300,386.88680114310114,0.2896226704770036,1500,0.88,1050,0.8800576079459916,0.8983389108437594,0.03048574498114038,0.49999984404750025,0.07332460129702843,0.15174261126436048,False,PREP_GROWTH_EXCEEDED
E0142,D0033,persistent_junction_only,0,300,386.88680114310114,0.2896226704770036,1500,0.88,1100,0.8800576079459916,0.9413471508892695,0.11394450892755367,0.49999972814513044,0.3836853714389848,0.18739768553207267,False,PREP_GROWTH_EXCEEDED
E0142,D0033,persistent_junction_only,0,300,386.88680114310114,0.2896226704770036,1500,0.88,1150,0.8800576079459916,0.9910481316075166,0.4776973233981411,0.49999837024953636,1.7873035940275934,0.31719672198244453,False,PREP_GROWTH_EXCEEDED
E0142,D0033,persistent_junction_only,0,300,386.88680114310114,0.2896226704770036,1500,0.88,1200,0.8800576079459916,0.995022129299671,0.7682306678308395,0.49999792683383987,7.5,0.5862069349234154,False,PREP_GROWTH_EXCEEDED
E0142,D0033,persistent_junction_only,0,300,386.88680114310114,0.2896226704770036,1500,0.88,1250,0.8800576079459916,0.9952074721010913,0.8261348020706615,0.499998517478548,28.643832073728543,0.8316679531475754,False,PREP_GROWTH_EXCEEDED
E0142,D0033,persistent_junction_only,0,300,386.88680114310114,0.2896226704770036,1500,0.88,1300,0.8800576079459916,0.9951492895785927,0.7586968592748693,0.4999989892254556,100.46321086891064,0.9441669474107077,False,PREP_GROWTH_EXCEEDED
E0142,D0033,persistent_junction_only,0,300,386.88680114310114,0.2896226704770036,1500,0.88,1350,0.8800576079459916,0.9953434156931167,0.7131807248194215,0.4999992184262532,326.14279224045384,0.981989707693785,False,PREP_GROWTH_EXCEEDED
E0142,D0033,persistent_junction_only,0,300,386.88680114310114,0.2896226704770036,1500,0.88,1400,0.8800576079459916,0.9953788174400773,0.7126826607176512,0.4999992246469345,400.5328440760528,0.9939627652878902,False,PREP_GROWTH_EXCEEDED
E0142,D0033,persistent_junction_only,0,300,386.88680114310114,0.2896226704770036,1500,0.88,1450,0.8800576079459916,0.9953788174400773,0.7126826607176512,0.4999992246469345,400.5328440760528,0.9978625678413862,False,PREP_GROWTH_EXCEEDED
E0142,D0033,persistent_junction_only,0,600,648.7346718912179,0.08122445315202971,1500,0.88,900,0.8800555378382308,0.8801628673771104,0.00018269730296743955,0.49999986735444457,0.00021952580569061748,0.1428840453651559,False,DENSIFICATION_EXHAUSTION_FAILURE
E0142,D0033,persistent_junction_only,0,600,648.7346718912179,0.08122445315202971,1500,0.88,950,0.8800555378382308,0.8807521924151865,0.0007852265819062215,0.4999998668743846,0.0017845059986362568,0.14307562077045516,False,DENSIFICATION_EXHAUSTION_FAILURE
E0142,D0033,persistent_junction_only,0,600,648.7346718912179,0.08122445315202971,1500,0.88,1000,0.8800555378382308,0.8839150152271436,0.0030277767128140585,0.49999986337359464,0.012304717222178347,0.14436122190469178,False,DENSIFICATION_EXHAUSTION_FAILURE
E0142,D0033,persistent_junction_only,0,600,648.7346718912179,0.08122445315202971,1500,0.88,1050,0.8800555378382308,0.8978679037712608,0.010947650333609239,0.4999998446684521,0.07332460129702843,0.15174261469799247,False,DENSIFICATION_EXHAUSTION_FAILURE
E0142,D0033,persistent_junction_only,0,600,648.7346718912179,0.08122445315202971,1500,0.88,1100,0.8800555378382308,0.9402178542147434,0.04195122101573069,0.4999997328940626,0.3836853714389848,0.18739768959426814,False,SUCCESS
E0142,D0033,persistent_junction_only,0,600,648.7346718912179,0.08122445315202971,1500,0.88,1150,0.8800555378382308,0.9904986708176563,0.1919975553747679,0.4999984416111322,1.7873035940275934,0.3171967277599827,False,GRAIN_GROWTH_FAILURE
E0142,D0033,persistent_junction_only,0,600,648.7346718912179,0.08122445315202971,1500,0.88,1200,0.8800555378382308,0.9950621420438028,0.33301771454769297,0.499997881477687,7.5,0.5862069413941366,False,GRAIN_GROWTH_FAILURE
E0142,D0033,persistent_junction_only,0,600,648.7346718912179,0.08122445315202971,1500,0.88,1250,0.8800555378382308,0.995119051426244,0.35712600067487116,0.49999851637722337,28.643832073728543,0.8316679568820997,False,GRAIN_GROWTH_FAILURE
E0142,D0033,persistent_junction_only,0,600,648.7346718912179,0.08122445315202971,1500,0.88,1300,0.8800555378382308,0.9954624977669184,0.3341514568222702,0.49999894046775223,100.46321086891064,0.9441669488169452,False,GRAIN_GROWTH_FAILURE
E0142,D0033,persistent_junction_only,0,600,648.7346718912179,0.08122445315202971,1500,0.88,1350,0.8800555378382308,0.9954624977669184,0.3067983012511341,0.4999992066659686,326.14279224045384,0.9819897081655724,False,GRAIN_GROWTH_FAILURE
E0142,D0033,persistent_junction_only,0,600,648.7346718912179,0.08122445315202971,1500,0.88,1400,0.8800555378382308,0.9954624977669184,0.3055696252946693,0.49999921802097835,409.93997410392507,0.9939627654479662,False,GRAIN_GROWTH_FAILURE
E0142,D0033,persistent_junction_only,0,600,648.7346718912179,0.08122445315202971,1500,0.88,1450,0.8800555378382308,0.9954624977669184,0.3055696252946693,0.49999921802097835,409.93997410392507,0.9978625678982822,False,GRAIN_GROWTH_FAILURE
E0142,D0036,persistent_q0,0,300,302.2100511513504,0.00736683717116793,1300,0.8,900,0.8000576079465757,0.8002479334749806,6.48218603101718e-05,0.7499860056389845,0.0010844983232584197,0.01100095916037143,False,DENSIFICATION_EXHAUSTION_FAILURE
E0142,D0036,persistent_q0,0,300,302.2100511513504,0.00736683717116793,1300,0.8,950,0.8000576079465757,0.8012907842822596,0.0002789481986838435,0.7499859152089055,0.0035062836538784295,0.011027278789957448,False,DENSIFICATION_EXHAUSTION_FAILURE
E0142,D0036,persistent_q0,0,300,302.2100511513504,0.00736683717116793,1300,0.8,1000,0.8000576079465757,0.8068751278880314,0.0010739946341069401,0.7499855320840335,0.010338013078209831,0.011101517535738875,False,DENSIFICATION_EXHAUSTION_FAILURE
E0142,D0036,persistent_q0,0,300,302.2100511513504,0.00736683717116793,1300,0.8,1050,0.8000576079465757,0.8314019036213791,0.003768966701049002,0.7499834817607327,0.028089033620875604,0.011294361474650343,False,DENSIFICATION_EXHAUSTION_FAILURE
E0142,D0036,persistent_q0,0,300,302.2100511513504,0.00736683717116793,1300,0.8,1100,0.8000576079465757,0.904841690065885,0.012321146852804296,0.7499710334032847,0.07096155037175249,0.011759810844584467,False,SUCCESS
E0142,D0036,persistent_q0,0,300,302.2100511513504,0.00736683717116793,1300,0.8,1150,0.8000576079465757,0.9878487014561399,0.038515393896568696,0.7498210004185044,0.16796856977576066,0.012811360455142334,False,SUCCESS
E0142,D0036,persistent_q0,0,300,302.2100511513504,0.00736683717116793,1300,0.8,1200,0.8000576079465757,0.995066130980172,0.046987957683174264,0.7497445064128795,0.375,0.0150480999133495,False,SUCCESS
E0142,D0036,persistent_q0,0,300,302.2100511513504,0.00736683717116793,1300,0.8,1250,0.8000576079465757,0.9952532312294528,0.047193597785005516,0.7498268396633702,0.7942082368060213,0.019546270053159044,False,SUCCESS
E0142,D0036,persistent_q0,0,600,601.1437781392799,0.0019062968987996888,1300,0.8,900,0.8000555378383012,0.8002375890638065,1.638298721489073e-05,0.7499859918927253,0.0010844983232584197,0.011000996608034056,False,DENSIFICATION_EXHAUSTION_FAILURE
E0142,D0036,persistent_q0,0,600,601.1437781392799,0.0019062968987996888,1300,0.8,950,0.8000555378383012,0.8012373049862617,7.05066089196572e-05,0.7499859134960047,0.0035062836538784295,0.011027316326214086,False,DENSIFICATION_EXHAUSTION_FAILURE
E0142,D0036,persistent_q0,0,600,601.1437781392799,0.0019062968987996888,1300,0.8,1000,0.8000555378383012,0.8066028775309184,0.0002715420159130884,0.7499855453374971,0.010338013078209831,0.011101555321863465,False,DENSIFICATION_EXHAUSTION_FAILURE
E0142,D0036,persistent_q0,0,600,601.1437781392799,0.0019062968987996888,1300,0.8,1050,0.8000555378383012,0.8302674899474748,0.0009538776390092712,0.7499835781403292,0.028089033620875604,0.011294399909659272,False,DENSIFICATION_EXHAUSTION_FAILURE
E0142,D0036,persistent_q0,0,600,601.1437781392799,0.0019062968987996888,1300,0.8,1100,0.8000555378383012,0.9019656719020216,0.0031282137940277554,0.7499718163175315,0.07096155037175249,0.011759850844690197,False,SUCCESS
E0142,D0036,persistent_q0,0,600,601.1437781392799,0.0019062968987996888,1300,0.8,1150,0.8000555378383012,0.9860171813383821,0.00987243697072335,0.7498388570158786,0.16796856977576066,0.01281140398564572,False,SUCCESS
E0142,D0036,persistent_q0,0,600,601.1437781392799,0.0019062968987996888,1300,0.8,1200,0.8000555378383012,0.9950148674006108,0.012925243164173874,0.7497415516320415,0.375,0.015048150928006975,False,SUCCESS
E0142,D0036,persistent_q0,0,600,601.1437781392799,0.0019062968987996888,1300,0.8,1250,0.8000555378383012,0.9951747521319431,0.012933669565259069,0.749825692690293,0.7942082368060213,0.019546336014469874,False,SUCCESS
E0142,D0036,persistent_q0,0,300,306.79855793150966,0.02266185977169865,1500,0.88,900,0.8800576079465756,0.8801707581090153,6.289829946702455e-05,0.7499760118347718,0.0010844983232584197,0.011000970234654893,False,DENSIFICATION_EXHAUSTION_FAILURE
E0142,D0036,persistent_q0,0,300,306.79855793150966,0.02266185977169865,1500,0.88,950,0.8800576079465756,0.8807904317640308,0.00027067134332204635,0.7499760264275899,0.0035062836538784295,0.011027289890440549,False,DENSIFICATION_EXHAUSTION_FAILURE
E0142,D0036,persistent_q0,0,300,306.79855793150966,0.02266185977169865,1500,0.88,1000,0.8800576079465756,0.8841074748593963,0.001042139661582826,0.7499754665071465,0.010338013078209831,0.01110152871011467,False,DENSIFICATION_EXHAUSTION_FAILURE
E0142,D0036,persistent_q0,0,300,306.79855793150966,0.02266185977169865,1500,0.88,1050,0.8800576079465756,0.8986738799921261,0.00365732575906603,0.7499721256414947,0.028089033620875604,0.011294372840918736,False,DENSIFICATION_EXHAUSTION_FAILURE
E0142,D0036,persistent_q0,0,300,306.79855793150966,0.02266185977169865,1500,0.88,1100,0.8800576079465756,0.9423264164712468,0.011957720062592488,0.7499520600342165,0.07096155037175249,0.011759822673694194,False,SUCCESS
E0142,D0036,persistent_q0,0,300,306.79855793150966,0.02266185977169865,1500,0.88,1150,0.8800576079465756,0.992032522729231,0.037387716829368076,0.7497463240796218,0.16796856977576066,0.012811373328285866,False,SUCCESS
E0142,D0036,persistent_q0,0,300,306.79855793150966,0.02266185977169865,1500,0.88,1200,0.8800576079465756,0.995070992474587,0.0400830958484817,0.7497442901282625,0.375,0.01504811499975927,False,SUCCESS
E0142,D0036,persistent_q0,0,300,306.79855793150966,0.02266185977169865,1500,0.88,1250,0.8800576079465756,0.9950360579319694,0.03960691450058388,0.7498309461687223,0.7942082368060213,0.019546289559697443,False,SUCCESS
E0142,D0036,persistent_q0,0,300,306.79855793150966,0.02266185977169865,1500,0.88,1300,0.8800576079465756,0.9950518867879096,0.04353134390069061,0.7498852132349624,1.6036918077742455,0.028116935126095775,False,SUCCESS
E0142,D0036,persistent_q0,0,300,306.79855793150966,0.02266185977169865,1500,0.88,1350,0.8800576079465756,0.9950518867879096,0.0479988510755296,0.7499094307050534,3.1010253740736347,0.04358175321347286,False,SUCCESS
E0142,D0036,persistent_q0,0,300,306.79855793150966,0.02266185977169865,1500,0.88,1400,0.8800576079465756,0.9950518867879096,0.048086541677183875,0.7499097254947901,3.2957558358746866,0.06990934876630929,False,SUCCESS
E0142,D0036,persistent_q0,0,300,306.79855793150966,0.02266185977169865,1500,0.88,1450,0.8800576079465756,0.9950518867879096,0.048086541677183875,0.7499097254947901,3.2957558358746866,0.11188002595244945,False,SUCCESS
E0142,D0036,persistent_q0,0,600,603.5630577411416,0.00593842956856922,1500,0.88,900,0.880055537838301,0.8801632493680196,1.625213011394543e-05,0.7499760731937026,0.0010844983232584197,0.011001048873004371,False,DENSIFICATION_EXHAUSTION_FAILURE
E0142,D0036,persistent_q0,0,600,603.5630577411416,0.00593842956856922,1500,0.88,950,0.880055537838301,0.880754576563781,6.994345316567514e-05,0.7499760443750414,0.0035062836538784295,0.011027368714833318,False,DENSIFICATION_EXHAUSTION_FAILURE
E0142,D0036,persistent_q0,0,600,603.5630577411416,0.00593842956856922,1500,0.88,1000,0.880055537838301,0.8839277477671671,0.0002693733555186154,0.7499754864719504,0.010338013078209831,0.011101608059218481,False,DENSIFICATION_EXHAUSTION_FAILURE
E0142,D0036,persistent_q0,0,600,603.5630577411416,0.00593842956856922,1500,0.88,1050,0.880055537838301,0.897924300013775,0.0009462627076016981,0.7499722906274823,0.028089033620875604,0.011294453552649384,False,DENSIFICATION_EXHAUSTION_FAILURE
E0142,D0036,persistent_q0,0,600,603.5630577411416,0.00593842956856922,1500,0.88,1100,0.880055537838301,0.9403929680852089,0.0031032795486144096,0.7499534308174848,0.07096155037175249,0.011759906672055084,False,SUCCESS
E0142,D0036,persistent_q0,0,600,603.5630577411416,0.00593842956856922,1500,0.88,1150,0.880055537838301,0.9907246545734423,0.009792492552653404,0.7497723162581471,0.16796856977576066,0.012811464740317007,False,SUCCESS
E0142,D0036,persistent_q0,0,600,603.5630577411416,0.00593842956856922,1500,0.88,1200,0.880055537838301,0.9950261609217261,0.011284951375229176,0.7497411085529427,0.375,0.015048222128164281,False,SUCCESS
E0142,D0036,persistent_q0,0,600,603.5630577411416,0.00593842956856922,1500,0.88,1250,0.880055537838301,0.9952164734790712,0.011330428380438719,0.7498244946183195,0.7942082368060213,0.019546428075374826,False,SUCCESS
E0142,D0036,persistent_q0,0,600,603.5630577411416,0.00593842956856922,1500,0.88,1300,0.880055537838301,0.9954682744087908,0.012701947780417267,0.7498790375238352,1.6036918077742455,0.02811713263627095,False,SUCCESS
E0142,D0036,persistent_q0,0,600,603.5630577411416,0.00593842956856922,1500,0.88,1350,0.880055537838301,0.9954682744087909,0.01416489135470481,0.7499068724928613,3.1010253740736347,0.043582054486313554,False,SUCCESS
E0142,D0036,persistent_q0,0,600,603.5630577411416,0.00593842956856922,1500,0.88,1400,0.880055537838301,0.9954682744087909,0.014249929864524271,0.7499078336251425,3.4939898184205553,0.06990981873387345,False,SUCCESS
E0142,D0036,persistent_q0,0,600,603.5630577411416,0.00593842956856922,1500,0.88,1450,0.880055537838301,0.9954682744087909,0.014249929864524271,0.7499078336251425,3.4939898184205553,0.11188074412931932,False,SUCCESS
E0142,D0037,persistent_q1,1,300,350.35947882939365,0.16786492943131212,1300,0.8,900,0.8000576079448536,0.8002455973478232,0.0017523489320021614,0.7499997401983897,0.00017446380287007148,0.4000420138796302,False,DENSIFICATION_EXHAUSTION_FAILURE
E0142,D0037,persistent_q1,1,300,350.35947882939365,0.16786492943131212,1300,0.8,950,0.8000576079448536,0.8012760291737268,0.007504981997814198,0.7499997388978303,0.000784236289172917,0.40018963875145686,False,DENSIFICATION_EXHAUSTION_FAILURE
E0142,D0037,persistent_q1,1,300,350.35947882939365,0.16786492943131212,1300,0.8,1000,0.8000576079448536,0.8067929410859392,0.028457853222384023,0.7499997315747415,0.003085206433087785,0.40076058513088847,False,DENSIFICATION_EXHAUSTION_FAILURE
E0142,D0037,persistent_q1,1,300,350.35947882939365,0.16786492943131212,1300,0.8,1050,0.8000576079448536,0.8309972533147363,0.09559795902744744,0.7499996929314465,0.010471263880698299,0.4027403688231668,False,DENSIFICATION_EXHAUSTION_FAILURE
E0142,D0037,persistent_q1,1,300,350.35947882939365,0.16786492943131212,1300,0.8,1100,0.8000576079448536,0.9034308803901286,0.2806381831719371,0.7499994587925994,0.029499145794911558,0.40892813174572085,False,GRAIN_GROWTH_FAILURE
E0142,D0037,persistent_q1,1,300,350.35947882939365,0.16786492943131212,1300,0.8,1150,0.8000576079448536,0.9864505339675337,0.7071837539643164,0.7499963282842514,0.06701197940113023,0.4262402912544787,False,GRAIN_GROWTH_FAILURE
E0142,D0037,persistent_q1,1,300,350.35947882939365,0.16786492943131212,1300,0.8,1200,0.8000576079448536,0.9950526594076947,0.8098427398368491,0.7499930750537938,0.1777363221699677,0.46829235440228667,False,GRAIN_GROWTH_FAILURE
E0142,D0037,persistent_q1,1,300,350.35947882939365,0.16786492943131212,1300,0.8,1250,0.8000576079448536,0.9952101843871608,0.7387030469779156,0.7499950799126922,0.48739931745690224,0.5512568511925336,False,GRAIN_GROWTH_FAILURE
E0142,D0037,persistent_q1,1,600,623.903086461893,0.039838477436488266,1300,0.8,900,0.8000555378380934,0.8002372885699517,0.000552909399045504,0.7499997401660792,9.808923004696602e-05,0.4000236289806312,False,DENSIFICATION_EXHAUSTION_FAILURE
E0142,D0037,persistent_q1,1,600,623.903086461893,0.039838477436488266,1300,0.8,950,0.8000555378380934,0.8012353931459492,0.002372266184678201,0.7499997389176035,0.00044264678711307696,0.4001065433394015,False,DENSIFICATION_EXHAUSTION_FAILURE
E0142,D0037,persistent_q1,1,600,623.903086461893,0.039838477436488266,1300,0.8,1000,0.8000555378380934,0.8065919792342483,0.00905338782557763,0.7499997317938154,0.001765780706014806,0.40042738713375586,False,DENSIFICATION_EXHAUSTION_FAILURE
E0142,D0037,persistent_q1,1,600,623.903086461893,0.039838477436488266,1300,0.8,1050,0.8000555378380934,0.8302101793801779,0.031019029283402156,0.7499996942470661,0.006247861228564983,0.40154200605833434,False,DENSIFICATION_EXHAUSTION_FAILURE
E0142,D0037,persistent_q1,1,600,623.903086461893,0.039838477436488266,1300,0.8,1100,0.8000555378380934,0.9017325901325367,0.09558790742193471,0.7499994677316851,0.01935900104792813,0.40504664713159355,False,SUCCESS
E0142,D0037,persistent_q1,1,600,623.903086461893,0.039838477436488266,1300,0.8,1150,0.8000555378380934,0.9857061902760044,0.26278414315096466,0.7499964818280811,0.05085343014551269,0.4150236224123665,False,GRAIN_GROWTH_FAILURE
E0142,D0037,persistent_q1,1,600,623.903086461893,0.039838477436488266,1300,0.8,1200,0.8000555378380934,0.9950056382080175,0.307475789440587,0.749993027587384,0.13805830685736709,0.4403646692678382,False,GRAIN_GROWTH_FAILURE
E0142,D0037,persistent_q1,1,600,623.903086461893,0.039838477436488266,1300,0.8,1250,0.8000555378380934,0.9951046242112911,0.26906466359011355,0.7499950911750239,0.37407555226525807,0.4954948045228782,False,GRAIN_GROWTH_FAILURE
E0142,D0037,persistent_q1,1,300,377.0329869158149,0.25677662305271615,1500,0.88,900,0.8800576079448537,0.8801686588917649,0.0015133460470574162,0.7499995575079011,0.00016215982830932853,0.4000390589787253,False,PREP_GROWTH_EXCEEDED
E0142,D0037,persistent_q1,1,300,377.0329869158149,0.25677662305271615,1500,0.88,950,0.8800576079448537,0.8807772643873966,0.006483730479831177,0.7499995562157549,0.0007294927967494864,0.4001762437539469,False,PREP_GROWTH_EXCEEDED
E0142,D0037,persistent_q1,1,300,377.0329869158149,0.25677662305271615,1500,0.88,1000,0.8800576079448537,0.8840357384797662,0.024617098896685844,0.7499995442807302,0.002877666420804339,0.4007068575087128,False,PREP_GROWTH_EXCEEDED
E0142,D0037,persistent_q1,1,300,377.0329869158149,0.25677662305271615,1500,0.88,1050,0.8800576079448537,0.8983390061554479,0.08301301910382733,0.7499994801461041,0.009843335775977465,0.4025473394569249,False,PREP_GROWTH_EXCEEDED
E0142,D0037,persistent_q1,1,300,377.0329869158149,0.25677662305271615,1500,0.88,1100,0.8800576079448537,0.9412396154324193,0.24582274520316846,0.7499990952857399,0.02817723242989358,0.40830526393432265,False,PREP_GROWTH_EXCEEDED
E0142,D0037,persistent_q1,1,300,377.0329869158149,0.25677662305271615,1500,0.88,1150,0.8800576079448537,0.9909775087678911,0.6278185137760297,0.7499945971253794,0.0652813731548524,0.424459594899602,False,PREP_GROWTH_EXCEEDED
E0142,D0037,persistent_q1,1,300,377.0329869158149,0.25677662305271615,1500,0.88,1200,0.8800576079448537,0.9950106158902172,0.6484548663446023,0.7499931279577493,0.18134591879749304,0.4639761292030241,False,PREP_GROWTH_EXCEEDED
E0142,D0037,persistent_q1,1,300,377.0329869158149,0.25677662305271615,1500,0.88,1250,0.8800576079448537,0.9950220697586493,0.5841750045459045,0.7499952113694919,0.4972212642373563,0.543108363918512,False,PREP_GROWTH_EXCEEDED
E0142,D0037,persistent_q1,1,300,377.0329869158149,0.25677662305271615,1500,0.88,1300,0.8800576079448537,0.9954028387553633,0.5737886074139911,0.7499965407266549,1.2403639059100537,0.6616091662736933,False,PREP_GROWTH_EXCEEDED
E0142,D0037,persistent_q1,1,300,377.0329869158149,0.25677662305271615,1500,0.88,1350,0.8800576079448537,0.9954296956722739,0.5646919312548725,0.7499973765762883,2.9125621419668004,0.7860853667865315,False,PREP_GROWTH_EXCEEDED
E0142,D0037,persistent_q1,1,300,377.0329869158149,0.25677662305271615,1500,0.88,1400,0.8800576079448537,0.995002067713411,0.5490099810011512,0.7499974984715302,3.301945111397239,0.8801291413694999,False,PREP_GROWTH_EXCEEDED
E0142,D0037,persistent_q1,1,300,377.0329869158149,0.25677662305271615,1500,0.88,1450,0.8800576079448537,0.995002067713411,0.5490099810011512,0.7499974984715302,3.301945111397239,0.9367556455560817,False,PREP_GROWTH_EXCEEDED
E0142,D0037,persistent_q1,1,600,639.7059240776268,0.06617654012937794,1500,0.88,900,0.8800555378380936,0.8801629383438617,0.000525935848935643,0.749999557866007,9.566867771538643e-05,0.4000230702539049,False,DENSIFICATION_EXHAUSTION_FAILURE
E0142,D0037,persistent_q1,1,600,639.7059240776268,0.06617654012937794,1500,0.88,950,0.8800555378380936,0.8807526155382416,0.0022566239928047006,0.7499995562504632,0.00043176166723281437,0.400103936790113,False,DENSIFICATION_EXHAUSTION_FAILURE
E0142,D0037,persistent_q1,1,600,639.7059240776268,0.06617654012937794,1500,0.88,1000,0.8800555378380936,0.8839168962609003,0.008613277039004384,0.7499995445758846,0.001722910057567981,0.4004168615719302,False,DENSIFICATION_EXHAUSTION_FAILURE
E0142,D0037,persistent_q1,1,600,639.7059240776268,0.06617654012937794,1500,0.88,1050,0.8800555378380936,0.8978712471015068,0.029524442628646917,0.749999482206656,0.00610234716068591,0.40150403391298845,False,DENSIFICATION_EXHAUSTION_FAILURE
E0142,D0037,persistent_q1,1,600,639.7059240776268,0.06617654012937794,1500,0.88,1100,0.8800555378380936,0.9401986721344557,0.09109436844365378,0.749999109756301,0.01895839036202824,0.4049230263037284,False,SUCCESS
E0142,D0037,persistent_q1,1,600,639.7059240776268,0.06617654012937794,1500,0.88,1150,0.8800555378380936,0.9904786518027512,0.25106872035144384,0.7499948080939443,0.050068647025488064,0.4146615837010558,False,GRAIN_GROWTH_FAILURE
E0142,D0037,persistent_q1,1,600,639.7059240776268,0.06617654012937794,1500,0.88,1200,0.8800555378380936,0.9950238362404967,0.2625819784056509,0.7499930119323137,0.1394385805570558,0.43943308848667273,False,GRAIN_GROWTH_FAILURE
E0142,D0037,persistent_q1,1,600,639.7059240776268,0.06617654012937794,1500,0.88,1250,0.8800555378380936,0.9951457779756832,0.22984871307739324,0.7499950641772034,0.3764847223856387,0.4935034242640685,False,GRAIN_GROWTH_FAILURE
E0142,D0037,persistent_q1,1,600,639.7059240776268,0.06617654012937794,1500,0.88,1300,0.8800555378380936,0.995463533026272,0.22061034377329108,0.7499964818122864,0.9394198047922665,0.5878136198116718,False,GRAIN_GROWTH_FAILURE
E0142,D0037,persistent_q1,1,600,639.7059240776268,0.06617654012937794,1500,0.88,1350,0.8800555378380936,0.995463533026272,0.216135694248766,0.7499973609899193,2.2006992505070406,0.7092679076540609,False,GRAIN_GROWTH_FAILURE
E0142,D0037,persistent_q1,1,600,639.7059240776268,0.06617654012937794,1500,0.88,1400,0.8800555378380936,0.995463533026272,0.21592876409419226,0.7499973976251477,2.5875965476377747,0.8214665361433792,False,GRAIN_GROWTH_FAILURE
E0142,D0037,persistent_q1,1,600,639.7059240776268,0.06617654012937794,1500,0.88,1450,0.8800555378380936,0.995463533026272,0.21592876409419226,0.7499973976251477,2.5875965476377747,0.900035274770549,False,GRAIN_GROWTH_FAILURE
E0142,D0039,pore_pinned_q1,1,300,302.72998353894644,0.00909994512982127,1300,0.8,900,0.8000576079465108,0.8002479025812332,0.0002623110324560775,0.7499937667549884,0.0001553723446850659,0.04465379641918085,False,DENSIFICATION_EXHAUSTION_FAILURE
E0142,D0039,pore_pinned_q1,1,300,302.72998353894644,0.00909994512982127,1300,0.8,950,0.8000576079465108,0.8012905582009799,0.001128650658426765,0.7499937536897705,0.0005934980119584925,0.04465379641918085,False,DENSIFICATION_EXHAUSTION_FAILURE
E0142,D0039,pore_pinned_q1,1,300,302.72998353894644,0.00909994512982127,1300,0.8,1000,0.8000576079465108,0.806873270845829,0.004372205862044836,0.7499936397609342,0.0020355968403544715,0.04465379641918085,False,DENSIFICATION_EXHAUSTION_FAILURE
E0142,D0039,pore_pinned_q1,1,300,302.72998353894644,0.00909994512982127,1300,0.8,1050,0.8000576079465108,0.8313842197618037,0.01606689094030055,0.749992905489522,0.006306518172417916,0.04465379641918085,False,DENSIFICATION_EXHAUSTION_FAILURE
E0142,D0039,pore_pinned_q1,1,300,302.72998353894644,0.00909994512982127,1300,0.8,1100,0.8000576079465108,0.9046950407258868,0.06667294888788634,0.7499885605028648,0.01732716284863172,0.04465379641918085,False,SUCCESS
E0142,D0039,pore_pinned_q1,1,300,302.72998353894644,0.00909994512982127,1300,0.8,1150,0.8000576079465108,0.987294169204648,0.5080466181211019,0.7499568983308974,0.03282004993196736,0.04465379641918085,False,GRAIN_GROWTH_FAILURE
E0142,D0039,pore_pinned_q1,1,300,302.72998353894644,0.00909994512982127,1300,0.8,1200,0.8000576079465108,0.9950435291593968,0.7935527495469871,0.7499528444518667,0.06935956123432485,0.04465379641918085,False,GRAIN_GROWTH_FAILURE
E0142,D0039,pore_pinned_q1,1,300,302.72998353894644,0.00909994512982127,1300,0.8,1250,0.8000576079465108,0.9950189403573831,0.6327942808963287,0.7499704539506343,0.18064520625814628,0.04465379641918085,False,GRAIN_GROWTH_FAILURE
E0142,D0039,pore_pinned_q1,1,600,601.413239320839,0.0023553988680649804,1300,0.8,900,0.8000555378382933,0.8002375851915028,6.646770064248255e-05,0.7499937815229012,7.822418357432526e-05,0.044653340721762365,False,DENSIFICATION_EXHAUSTION_FAILURE
E0142,D0039,pore_pinned_q1,1,600,601.413239320839,0.0023553988680649804,1300,0.8,950,0.8000555378382933,0.8012372767051826,0.0002860536561302569,0.7499937612912243,0.00029899687204224136,0.044653340721762365,False,DENSIFICATION_EXHAUSTION_FAILURE
E0142,D0039,pore_pinned_q1,1,600,601.413239320839,0.0023553988680649804,1300,0.8,1000,0.8000555378382933,0.8066026460858939,0.0011088409272550404,0.7499936422928588,0.0010279799421704318,0.044653340721762365,False,DENSIFICATION_EXHAUSTION_FAILURE
E0142,D0039,pore_pinned_q1,1,600,601.413239320839,0.0023553988680649804,1300,0.8,1050,0.8000555378382933,0.8302652751678923,0.004081634821823566,0.7499929275641762,0.003212283486196709,0.044653340721762365,False,DENSIFICATION_EXHAUSTION_FAILURE
E0142,D0039,pore_pinned_q1,1,600,601.413239320839,0.0023553988680649804,1300,0.8,1100,0.8000555378382933,0.901946517584444,0.017045806183787142,0.7499887660864379,0.009146266619895718,0.044653340721762365,False,SUCCESS
E0142,D0039,pore_pinned_q1,1,600,601.413239320839,0.0023553988680649804,1300,0.8,1150,0.8000555378382933,0.9859214207698986,0.14243045905009824,0.7499587461263058,0.02180776694920753,0.044653340721762365,False,GRAIN_GROWTH_FAILURE
E0142,D0039,pore_pinned_q1,1,600,601.413239320839,0.0023553988680649804,1300,0.8,1200,0.8000555378382933,0.9950685775330564,0.26143228422264364,0.7499516705808305,0.04953795557358261,0.044653340721762365,False,GRAIN_GROWTH_FAILURE
E0142,D0039,pore_pinned_q1,1,600,601.413239320839,0.0023553988680649804,1300,0.8,1250,0.8000555378382933,0.9951330947673802,0.2044151438533101,0.7499697427542306,0.1227969564284914,0.044653340721762365,False,GRAIN_GROWTH_FAILURE
E0142,D0039,pore_pinned_q1,1,300,304.3202614886007,0.014400871628668845,1500,0.88,900,0.8800576079465107,0.8801708484006244,0.0004279479137744266,0.7499894020843562,0.00015453488186956146,0.07362485019623839,False,DENSIFICATION_EXHAUSTION_FAILURE
E0142,D0039,pore_pinned_q1,1,300,304.3202614886007,0.014400871628668845,1500,0.88,950,0.8800576079465107,0.8807909495033602,0.0018407204753283753,0.7499893870988662,0.0005899778171046669,0.07362485019623839,False,DENSIFICATION_EXHAUSTION_FAILURE
E0142,D0039,pore_pinned_q1,1,300,304.3202614886007,0.014400871628668845,1500,0.88,1000,0.8800576079465107,0.8841093634705013,0.0071208551956572375,0.7499892431813048,0.0020194444388068424,0.07362485019623839,False,DENSIFICATION_EXHAUSTION_FAILURE
E0142,D0039,pore_pinned_q1,1,300,304.3202614886007,0.014400871628668845,1500,0.88,1050,0.8800576079465107,0.8986696561064109,0.026024682708630693,0.7499882164216014,0.006212807603723932,0.07362485019623839,False,DENSIFICATION_EXHAUSTION_FAILURE
E0142,D0039,pore_pinned_q1,1,300,304.3202614886007,0.014400871628668845,1500,0.88,1100,0.8800576079465107,0.9421963439164129,0.10524660733380767,0.7499820457947696,0.016636470073244182,0.07362485019623839,False,GRAIN_GROWTH_FAILURE
E0142,D0039,pore_pinned_q1,1,300,304.3202614886007,0.014400871628668845,1500,0.88,1150,0.8800576079465107,0.9915131955474016,0.6680233739020366,0.7499445499660343,0.029520924269132942,0.07362485019623839,False,GRAIN_GROWTH_FAILURE
E0142,D0039,pore_pinned_q1,1,300,304.3202614886007,0.014400871628668845,1500,0.88,1200,0.8800576079465107,0.9950659087849264,0.7761739279865024,0.7499520165926178,0.06967535634865551,0.07362485019623839,False,GRAIN_GROWTH_FAILURE
E0142,D0039,pore_pinned_q1,1,300,304.3202614886007,0.014400871628668845,1500,0.88,1250,0.8800576079465107,0.995023438542962,0.6175714078623219,0.7499687019623348,0.18139237157220345,0.07362485019623839,False,GRAIN_GROWTH_FAILURE
E0142,D0039,pore_pinned_q1,1,300,304.3202614886007,0.014400871628668845,1500,0.88,1300,0.8800576079465107,0.9950762545577585,0.5102839656939625,0.7499772668758328,0.4337190198877021,0.07362485019623839,False,GRAIN_GROWTH_FAILURE
E0142,D0039,pore_pinned_q1,1,300,304.3202614886007,0.014400871628668845,1500,0.88,1350,0.8800576079465107,0.995085234393115,0.4455690521186834,0.749980545784253,0.9627747792358057,0.07362485019623839,False,GRAIN_GROWTH_FAILURE
E0142,D0039,pore_pinned_q1,1,300,304.3202614886007,0.014400871628668845,1500,0.88,1400,0.8800576079465107,0.9951132681377577,0.4455690521186834,0.7499805786548731,1.0625374842760573,0.07362485019623839,False,GRAIN_GROWTH_FAILURE
E0142,D0039,pore_pinned_q1,1,300,304.3202614886007,0.014400871628668845,1500,0.88,1450,0.8800576079465107,0.9951132681377577,0.4455690521186834,0.7499805786548731,1.0625374842760573,0.07362485019623839,False,GRAIN_GROWTH_FAILURE
E0142,D0039,pore_pinned_q1,1,600,602.2273363969646,0.0037122273282742388,1500,0.88,900,0.8800555378382933,0.8801632612881122,0.00010929085678294452,0.7499893497203056,7.811510122262462e-05,0.0736236181393739,False,DENSIFICATION_EXHAUSTION_FAILURE
E0142,D0039,pore_pinned_q1,1,600,602.2273363969646,0.0037122273282742388,1500,0.88,950,0.8800555378382933,0.8807546454415749,0.00047028145321665845,0.7499893488650657,0.0002985378150571823,0.0736236181393739,False,DENSIFICATION_EXHAUSTION_FAILURE
E0142,D0039,pore_pinned_q1,1,600,602.2273363969646,0.0037122273282742388,1500,0.88,1000,0.8800555378382933,0.8839280076271062,0.0018217354107902676,0.7499892226315715,0.0010258613233598399,0.0736236181393739,False,DENSIFICATION_EXHAUSTION_FAILURE
E0142,D0039,pore_pinned_q1,1,600,602.2273363969646,0.0037122273282742388,1500,0.88,1050,0.8800555378382933,0.8979238572339585,0.0066850775386846925,0.7499882381279175,0.0031996633382017667,0.0736236181393739,False,DENSIFICATION_EXHAUSTION_FAILURE
E0142,D0039,pore_pinned_q1,1,600,602.2273363969646,0.0037122273282742388,1500,0.88,1100,0.8800555378382933,0.9403754721886545,0.027455969542510752,0.7499823368140586,0.009041605482976939,0.0736236181393739,False,SUCCESS
E0142,D0039,pore_pinned_q1,1,600,602.2273363969646,0.0037122273282742388,1500,0.88,1150,0.8800555378382933,0.9906253134068951,0.19718735474284035,0.7499465647488155,0.02078569316270382,0.0736236181393739,False,GRAIN_GROWTH_FAILURE
E0142,D0039,pore_pinned_q1,1,600,602.2273363969646,0.0037122273282742388,1500,0.88,1200,0.8800555378382933,0.9950140919902722,0.2538521621791142,0.7499512444532451,0.04977067830964705,0.0736236181393739,False,GRAIN_GROWTH_FAILURE
E0142,D0039,pore_pinned_q1,1,600,602.2273363969646,0.0037122273282742388,1500,0.88,1250,0.8800555378382933,0.9951760466749486,0.20169661172281403,0.7499678981879763,0.1229120735182088,0.0736236181393739,False,GRAIN_GROWTH_FAILURE
E0142,D0039,pore_pinned_q1,1,600,602.2273363969646,0.0037122273282742388,1500,0.88,1300,0.8800555378382933,0.9954231178779552,0.1671696230343339,0.7499766377607565,0.283598223833556,0.0736236181393739,False,GRAIN_GROWTH_FAILURE
E0142,D0039,pore_pinned_q1,1,600,602.2273363969646,0.0037122273282742388,1500,0.88,1350,0.8800555378382933,0.9954684426541268,0.14366003658502088,0.7499802604661414,0.6143685269752017,0.0736236181393739,False,GRAIN_GROWTH_FAILURE
E0142,D0039,pore_pinned_q1,1,600,602.2273363969646,0.0037122273282742388,1500,0.88,1400,0.8800555378382933,0.9954684426541268,0.14247843469422866,0.7499803776424149,0.7062704629899913,0.0736236181393739,False,GRAIN_GROWTH_FAILURE
E0142,D0039,pore_pinned_q1,1,600,602.2273363969646,0.0037122273282742388,1500,0.88,1450,0.8800555378382933,0.9954684426541268,0.14247843469422866,0.7499803776424149,0.7062704629899913,0.0736236181393739,False,GRAIN_GROWTH_FAILURE
E0142,D0043,mixed_q1,1,300,317.17062236283755,0.05723540787612495,1300,0.8,900,0.8000576079458542,0.8002471214328751,0.001455456808739347,0.9999750671680219,3.584518660882261e-05,0.2721596424730191,False,DENSIFICATION_EXHAUSTION_FAILURE
E0142,D0043,mixed_q1,1,300,317.17062236283755,0.05723540787612495,1300,0.8,950,0.8000576079458542,0.8012855143214437,0.006246313995075952,0.9999750151237488,0.0002452405448007549,0.2721596424730191,False,DENSIFICATION_EXHAUSTION_FAILURE
E0142,D0043,mixed_q1,1,300,317.17062236283755,0.05723540787612495,1300,0.8,1000,0.8000576079458542,0.8068430948478272,0.023942547151047246,0.9999745613532928,0.0014239865614523934,0.2721596424730191,False,DENSIFICATION_EXHAUSTION_FAILURE
E0142,D0043,mixed_q1,1,300,317.17062236283755,0.05723540787612495,1300,0.8,1050,0.8000576079458542,0.831208742005555,0.08444475813555337,0.9999716433692384,0.0069468705797810105,0.2721596424730191,False,DENSIFICATION_EXHAUSTION_FAILURE
E0142,D0043,mixed_q1,1,300,317.17062236283755,0.05723540787612495,1300,0.8,1100,0.8000576079458542,0.9039104472209691,0.2963863651405749,0.9999545099903763,0.02664713166399362,0.2721596424730191,False,GRAIN_GROWTH_FAILURE
E0142,D0043,mixed_q1,1,300,317.17062236283755,0.05723540787612495,1300,0.8,1150,0.8000576079458542,0.9864947033105649,1.0917355272059297,0.9998317872842897,0.06805004377790685,0.2721596424730191,False,GRAIN_GROWTH_FAILURE
E0142,D0043,mixed_q1,1,300,317.17062236283755,0.05723540787612495,1300,0.8,1200,0.8000576079458542,0.9950658570799055,1.3221754221985018,0.9998082403805,0.22978440564285926,0.2721596424730191,False,GRAIN_GROWTH_FAILURE
E0142,D0043,mixed_q1,1,300,317.17062236283755,0.05723540787612495,1300,0.8,1250,0.8000576079458542,0.9950925964919785,1.084410098768175,0.9998803689641808,0.8839415021660261,0.2721596424730191,False,GRAIN_GROWTH_FAILURE
E0142,D0043,mixed_q1,1,600,609.0316945381938,0.015052824230322913,1300,0.8,900,0.8000555378382143,0.800237481545025,0.0003949349950800789,0.9999751626946184,1.8687152218831272e-05,0.27215752646070124,False,DENSIFICATION_EXHAUSTION_FAILURE
E0142,D0043,mixed_q1,1,600,609.0316945381938,0.015052824230322913,1300,0.8,950,0.8000555378382143,0.8012366050800387,0.0016977429178134775,0.9999750657231937,0.0001282947593465812,0.27215752646070124,False,DENSIFICATION_EXHAUSTION_FAILURE
E0142,D0043,mixed_q1,1,600,609.0316945381938,0.015052824230322913,1300,0.8,1000,0.8000555378382143,0.8065985831673793,0.006546505761244295,0.9999745754590309,0.0007543719030600349,0.27215752646070124,False,DENSIFICATION_EXHAUSTION_FAILURE
E0142,D0043,mixed_q1,1,600,609.0316945381938,0.015052824230322913,1300,0.8,1050,0.8000555378382143,0.8302406359581551,0.0235391958594719,0.9999717090476898,0.00383261099536619,0.27215752646070124,False,DENSIFICATION_EXHAUSTION_FAILURE
E0142,D0043,mixed_q1,1,600,609.0316945381938,0.015052824230322913,1300,0.8,1100,0.8000555378382143,0.9018176639528909,0.08770798903358679,0.9999550541656568,0.016534120950610964,0.27215752646070124,False,SUCCESS
E0142,D0043,mixed_q1,1,600,609.0316945381938,0.015052824230322913,1300,0.8,1150,0.8000555378382143,0.9856984272479311,0.3797975185148263,0.99983451265118,0.053696702429082456,0.27215752646070124,False,GRAIN_GROWTH_FAILURE
E0142,D0043,mixed_q1,1,600,609.0316945381938,0.015052824230322913,1300,0.8,1200,0.8000555378382143,0.995042137715808,0.48907210346832597,0.9998045361706207,0.18643219502006012,0.27215752646070124,False,GRAIN_GROWTH_FAILURE
E0142,D0043,mixed_q1,1,600,609.0316945381938,0.015052824230322913,1300,0.8,1250,0.8000555378382143,0.9950923810072974,0.3898163593527224,0.9998784820745905,0.687879182058988,0.27215752646070124,False,GRAIN_GROWTH_FAILURE
E0142,D0043,mixed_q1,1,300,325.24507101869267,0.08415023672897548,1500,0.88,900,0.8800576079458545,0.8801701066875146,0.0019760490352013524,0.9999576093225471,3.493717870711382e-05,0.38868214742241597,False,DENSIFICATION_EXHAUSTION_FAILURE
E0142,D0043,mixed_q1,1,300,325.24507101869267,0.08415023672897548,1500,0.88,950,0.8800576079458545,0.8807861820212839,0.00847073697065101,0.999957549648624,0.00023862582872489344,0.38868214742241597,False,DENSIFICATION_EXHAUSTION_FAILURE
E0142,D0043,mixed_q1,1,300,325.24507101869267,0.08415023672897548,1500,0.88,1000,0.8800576079458545,0.8840812410709985,0.03231645317417055,0.999956977774533,0.0013773929081008543,0.38868214742241597,False,DENSIFICATION_EXHAUSTION_FAILURE
E0142,D0043,mixed_q1,1,300,325.24507101869267,0.08415023672897548,1500,0.88,1050,0.8800576079458545,0.8985120924112413,0.11201288565926062,0.9999529111672749,0.006606755869296566,0.38868214742241597,False,MIXED_FAILURE
E0142,D0043,mixed_q1,1,300,325.24507101869267,0.08415023672897548,1500,0.88,1100,0.8800576079458545,0.9415490883569406,0.37054864415878486,0.9999286826720007,0.02458083454849922,0.38868214742241597,False,GRAIN_GROWTH_FAILURE
E0142,D0043,mixed_q1,1,300,325.24507101869267,0.08415023672897548,1500,0.88,1150,0.8800576079458545,0.9909561836604335,1.1786808805388902,0.9997831319991549,0.06370969341349292,0.38868214742241597,False,GRAIN_GROWTH_FAILURE
E0142,D0043,mixed_q1,1,300,325.24507101869267,0.08415023672897548,1500,0.88,1200,0.8800576079458545,0.9950267420780589,1.2188578767268323,0.9998064147057513,0.234541986971506,0.38868214742241597,False,GRAIN_GROWTH_FAILURE
E0142,D0043,mixed_q1,1,300,325.24507101869267,0.08415023672897548,1500,0.88,1250,0.8800576079458545,0.9950563541959533,0.9992960512663581,0.9998738715962561,0.8989760455956751,0.38868214742241597,False,GRAIN_GROWTH_FAILURE
E0142,D0043,mixed_q1,1,300,325.24507101869267,0.08415023672897548,1500,0.88,1300,0.8800576079458545,0.9951606454577009,0.8493150603990188,0.9999084237374881,3.0841369381061075,0.38868214742241597,False,GRAIN_GROWTH_FAILURE
E0142,D0043,mixed_q1,1,300,325.24507101869267,0.08415023672897548,1500,0.88,1350,0.8800576079458545,0.9952915925921315,0.7751426754303975,0.9999216458296684,9.49292318621959,0.38868214742241597,False,GRAIN_GROWTH_FAILURE
E0142,D0043,mixed_q1,1,300,325.24507101869267,0.08415023672897548,1500,0.88,1400,0.8800576079458545,0.9950136600037497,0.757567005376631,0.9999227928398504,11.163728765999227,0.38868214742241597,False,GRAIN_GROWTH_FAILURE
E0142,D0043,mixed_q1,1,300,325.24507101869267,0.08415023672897548,1500,0.88,1450,0.8800576079458545,0.9950136600037497,0.757567005376631,0.9999227928398504,11.163728765999227,0.38868214742241597,False,GRAIN_GROWTH_FAILURE
E0142,D0043,mixed_q1,1,600,613.3185935005727,0.02219765583428765,1500,0.88,900,0.8800555378382144,0.880163160634234,0.000556088594431053,0.9999572620288751,1.85535523481949e-05,0.38867785518774095,False,DENSIFICATION_EXHAUSTION_FAILURE
E0142,D0043,mixed_q1,1,600,613.3185935005727,0.02219765583428765,1500,0.88,950,0.8800555378382144,0.8807539949878626,0.0023891580390060607,0.999957298257615,0.00012731032549003293,0.38867785518774095,False,DENSIFICATION_EXHAUSTION_FAILURE
E0142,D0043,mixed_q1,1,600,613.3185935005727,0.02219765583428765,1500,0.88,1000,0.8800555378382144,0.8839241053119056,0.009188460121648041,0.9999568386811143,0.0007471420452337337,0.38867785518774095,False,DENSIFICATION_EXHAUSTION_FAILURE
E0142,D0043,mixed_q1,1,600,613.3185935005727,0.02219765583428765,1500,0.88,1050,0.8800555378382144,0.8979006618223142,0.03266479206883286,0.999952927323065,0.0037722583156963624,0.38867785518774095,False,DENSIFICATION_EXHAUSTION_FAILURE
E0142,D0043,mixed_q1,1,600,613.3185935005727,0.02219765583428765,1500,0.88,1100,0.8800555378382144,0.9402596598258186,0.11596879054125375,0.9999292912631413,0.0160034787807399,0.38867785518774095,False,GRAIN_GROWTH_FAILURE
E0142,D0043,mixed_q1,1,600,613.3185935005727,0.02219765583428765,1500,0.88,1150,0.8800555378382144,0.9904531710329554,0.4296913394045789,0.9997854235663014,0.05147101413065337,0.38867785518774095,False,GRAIN_GROWTH_FAILURE
E0142,D0043,mixed_q1,1,600,613.3185935005727,0.02219765583428765,1500,0.88,1200,0.8800555378382144,0.9950616387533899,0.4615759162286733,0.9998015902454509,0.18862048106178103,0.38867785518774095,False,GRAIN_GROWTH_FAILURE
E0142,D0043,mixed_q1,1,600,613.3185935005727,0.02219765583428765,1500,0.88,1250,0.8800555378382144,0.9951346430991789,0.3688791699560431,0.9998711294121938,0.6935857718529174,0.38867785518774095,False,GRAIN_GROWTH_FAILURE
E0142,D0043,mixed_q1,1,600,613.3185935005727,0.02219765583428765,1500,0.88,1300,0.8800555378382144,0.995431527072906,0.3108902904546261,0.9999061043031268,2.307293301341357,0.38867785518774095,False,GRAIN_GROWTH_FAILURE
E0142,D0043,mixed_q1,1,600,613.3185935005727,0.02219765583428765,1500,0.88,1350,0.8800555378382144,0.9954668744989881,0.27669239340481977,0.9999208349094554,6.992344705548596,0.38867785518774095,False,GRAIN_GROWTH_FAILURE
E0142,D0043,mixed_q1,1,600,613.3185935005727,0.02219765583428765,1500,0.88,1400,0.8800555378382144,0.9954668744989881,0.275262910033519,0.9999213316670829,8.596898229498096,0.38867785518774095,False,GRAIN_GROWTH_FAILURE
E0142,D0043,mixed_q1,1,600,613.3185935005727,0.02219765583428765,1500,0.88,1450,0.8800555378382144,0.9954668744989881,0.275262910033519,0.9999213316670829,8.596898229498096,0.38867785518774095,False,GRAIN_GROWTH_FAILURE
E0142,D0044,persistent_junction_only,0,300,350.0484213472911,0.1668280711576367,1300,0.8,900,0.8000576079459913,0.8002456183559017,0.000628750335898447,0.9999993721848247,0.0028228908146110923,0.14320271185240138,False,DENSIFICATION_EXHAUSTION_FAILURE
E0142,D0044,persistent_junction_only,0,300,350.0484213472911,0.1668280711576367,1300,0.8,950,0.8000576079459913,0.8012763235344987,0.0027150282747813977,0.9999993730793986,0.010792320579985155,0.14417666569329257,False,DENSIFICATION_EXHAUSTION_FAILURE
E0142,D0044,persistent_junction_only,0,300,350.0484213472911,0.1668280711576367,1300,0.8,1000,0.8000576079459913,0.806797510102004,0.010576299975213695,0.9999993597186646,0.037135489895879004,0.1473803991710903,False,DENSIFICATION_EXHAUSTION_FAILURE
E0142,D0044,persistent_junction_only,0,300,350.0484213472911,0.1668280711576367,1300,0.8,1050,0.8000576079459913,0.831052418220235,0.03834898029860902,0.9999992759004164,0.11638663824760367,0.15687554162244308,False,DENSIFICATION_EXHAUSTION_FAILURE
E0142,D0044,persistent_junction_only,0,300,350.0484213472911,0.1668280711576367,1300,0.8,1100,0.8000576079459913,0.9037472957892236,0.13401163328940624,0.9999987788961353,0.3356506279672622,0.18207669982799232,False,GRAIN_GROWTH_FAILURE
E0142,D0044,persistent_junction_only,0,300,350.0484213472911,0.1668280711576367,1300,0.8,1150,0.8000576079459913,0.9867363813462054,0.44810364349926574,0.9999942098382986,0.8985665341962161,0.24036856471786985,False,GRAIN_GROWTH_FAILURE
E0142,D0044,persistent_junction_only,0,300,350.0484213472911,0.1668280711576367,1300,0.8,1200,0.8000576079459913,0.9950405670585768,0.6611202434720839,0.9999924640589494,2.25,0.3513514409440371,False,GRAIN_GROWTH_FAILURE
E0142,D0044,persistent_junction_only,0,300,350.0484213472911,0.1668280711576367,1300,0.8,1250,0.8000576079459913,0.9952135810012355,0.7258174021920891,0.9999951150161474,5.304485000461848,0.5123730256698291,False,GRAIN_GROWTH_FAILURE
E0142,D0044,persistent_junction_only,0,600,627.246507062067,0.04541084510344489,1300,0.8,900,0.800055537838231,0.8002372480053817,0.00019586271196048844,0.9999993734428716,0.0028228908146110923,0.14320273357796953,False,DENSIFICATION_EXHAUSTION_FAILURE
E0142,D0044,persistent_junction_only,0,600,627.246507062067,0.04541084510344489,1300,0.8,950,0.800055537838231,0.8012351695177541,0.0008463669260401342,0.9999993735135952,0.010792320579985155,0.14417668754175694,False,DENSIFICATION_EXHAUSTION_FAILURE
E0142,D0044,persistent_junction_only,0,600,627.246507062067,0.04541084510344489,1300,0.8,1000,0.800055537838231,0.806591343977818,0.00330585315979452,0.9999993598749702,0.037135489895879004,0.14738042142144084,False,DENSIFICATION_EXHAUSTION_FAILURE
E0142,D0044,persistent_junction_only,0,600,627.246507062067,0.04541084510344489,1300,0.8,1050,0.800055537838231,0.8302145406860271,0.012099046168535223,0.9999992781388742,0.11638663824760367,0.15687556504254294,False,DENSIFICATION_EXHAUSTION_FAILURE
E0142,D0044,persistent_junction_only,0,600,627.246507062067,0.04541084510344489,1300,0.8,1100,0.800055537838231,0.9017880363550996,0.04358020478039245,0.9999987970694251,0.3356506279672622,0.18207672619790957,False,SUCCESS
E0142,D0044,persistent_junction_only,0,600,627.246507062067,0.04541084510344489,1300,0.8,1150,0.800055537838231,0.985788588911627,0.15826813055936959,0.9999944045157838,0.8985665341962161,0.24036859704911337,False,GRAIN_GROWTH_FAILURE
E0142,D0044,persistent_junction_only,0,600,627.246507062067,0.04541084510344489,1300,0.8,1200,0.800055537838231,0.9950235367198731,0.2504583485233434,0.9999923255619417,2.25,0.3513514812986326,False,GRAIN_GROWTH_FAILURE
E0142,D0044,persistent_junction_only,0,600,627.246507062067,0.04541084510344489,1300,0.8,1250,0.800055537838231,0.9951020816070765,0.2758126248091077,0.9999950922734582,5.304485000461848,0.5123730699098953,False,GRAIN_GROWTH_FAILURE
E0142,D0044,persistent_junction_only,0,300,377.1890840740805,0.2572969469136014,1500,0.88,900,0.8800576079459917,0.88016865953853,0.0005415459285373215,0.9999989451383202,0.0028228908146110923,0.14320271004846954,False,PREP_GROWTH_EXCEEDED
E0142,D0044,persistent_junction_only,0,300,377.1890840740805,0.2572969469136014,1500,0.88,950,0.8800576079459917,0.8807773571480098,0.0023388046935733614,0.9999989402535607,0.010792320579985155,0.14417666387915634,False,PREP_GROWTH_EXCEEDED
E0142,D0044,persistent_junction_only,0,300,377.1890840740805,0.2572969469136014,1500,0.88,1000,0.8800576079459917,0.8840378729312333,0.009115634676169732,0.9999989175468573,0.037135489895879004,0.1473803973235844,False,PREP_GROWTH_EXCEEDED
E0142,D0044,persistent_junction_only,0,300,377.1890840740805,0.2572969469136014,1500,0.88,1050,0.8800576079459917,0.898368045787141,0.03311361542034896,0.999998787757912,0.11638663824760367,0.15687553967780976,False,PREP_GROWTH_EXCEEDED
E0142,D0044,persistent_junction_only,0,300,377.1890840740805,0.2572969469136014,1500,0.88,1100,0.8800576079459917,0.9414199778328466,0.11637957279266405,0.9999980291906692,0.3356506279672622,0.1820766976384278,False,PREP_GROWTH_EXCEEDED
E0142,D0044,persistent_junction_only,0,300,377.1890840740805,0.2572969469136014,1500,0.88,1150,0.8800576079459917,0.9911618490544363,0.3944987190067522,0.9999922268764452,0.8985665341962161,0.24036856203332052,False,PREP_GROWTH_EXCEEDED
E0142,D0044,persistent_junction_only,0,300,377.1890840740805,0.2572969469136014,1500,0.88,1200,0.8800576079459917,0.9950622332947067,0.5273492908111442,0.9999924359242489,2.25,0.3513514375932874,False,PREP_GROWTH_EXCEEDED
E0142,D0044,persistent_junction_only,0,300,377.1890840740805,0.2572969469136014,1500,0.88,1250,0.8800576079459917,0.9950248269990011,0.5724299011188381,0.9999951420485244,5.304485000461848,0.5123730219964583,False,PREP_GROWTH_EXCEEDED
E0142,D0044,persistent_junction_only,0,300,377.1890840740805,0.2572969469136014,1500,0.88,1300,0.8800576079459917,0.9952955502982117,0.5986972300478007,0.9999966002923563,11.84207546486223,0.6815638243404128,False,PREP_GROWTH_EXCEEDED
E0142,D0044,persistent_junction_only,0,300,377.1890840740805,0.2572969469136014,1500,0.88,1350,0.8800576079459917,0.9953446929596803,0.5888791601972289,0.9999972493914864,25.160791099717272,0.8134374824767371,False,PREP_GROWTH_EXCEEDED
E0142,D0044,persistent_junction_only,0,300,377.1890840740805,0.2572969469136014,1500,0.88,1400,0.8800576079459917,0.9953606141602696,0.5886880428504394,0.9999972648265677,28.531814183150498,0.896737793114997,False,PREP_GROWTH_EXCEEDED
E0142,D0044,persistent_junction_only,0,300,377.1890840740805,0.2572969469136014,1500,0.88,1450,0.8800576079459917,0.9953606141602696,0.5886880428504394,0.9999972648265677,28.531814183150498,0.9437240020197065,False,PREP_GROWTH_EXCEEDED
E0142,D0044,persistent_junction_only,0,600,642.980725348755,0.07163454224792487,1500,0.88,900,0.8800555378382307,0.8801629129196663,0.00018639513101431732,0.9999989518959409,0.0028228908146110923,0.1432027413254127,False,DENSIFICATION_EXHAUSTION_FAILURE
E0142,D0044,persistent_junction_only,0,600,642.980725348755,0.07163454224792487,1500,0.88,950,0.8800555378382307,0.8807524752914594,0.0008054680048316115,0.9999989433627569,0.010792320579985155,0.14417669533302552,False,DENSIFICATION_EXHAUSTION_FAILURE
E0142,D0044,persistent_junction_only,0,600,642.980725348755,0.07163454224792487,1500,0.88,1000,0.8800555378382307,0.8839164960190181,0.003146290606817555,0.9999989181554825,0.037135489895879004,0.14738042935602394,False,DENSIFICATION_EXHAUSTION_FAILURE
E0142,D0044,persistent_junction_only,0,600,642.980725348755,0.07163454224792487,1500,0.88,1050,0.8800555378382307,0.8978739825106059,0.011517472356587182,0.9999987901910938,0.11638663824760367,0.15687557339426428,False,DENSIFICATION_EXHAUSTION_FAILURE
E0142,D0044,persistent_junction_only,0,600,642.980725348755,0.07163454224792487,1500,0.88,1100,0.8800555378382307,0.9402344832178844,0.04151530169666183,0.9999980532770848,0.3356506279672622,0.1820767356015501,False,SUCCESS
E0142,D0044,persistent_junction_only,0,600,642.980725348755,0.07163454224792487,1500,0.88,1150,0.8800555378382307,0.9905359171524991,0.15108996351551532,0.9999924496294564,0.8985665341962161,0.24036860857859163,False,GRAIN_GROWTH_FAILURE
E0142,D0044,persistent_junction_only,0,600,642.980725348755,0.07163454224792487,1500,0.88,1200,0.8800555378382307,0.9950390406263012,0.21330517173175462,0.9999923045748278,2.25,0.35135149568927665,False,GRAIN_GROWTH_FAILURE
E0142,D0044,persistent_junction_only,0,600,642.980725348755,0.07163454224792487,1500,0.88,1250,0.8800555378382307,0.9951433126559861,0.23557722759640434,0.9999950090682297,5.304485000461848,0.5123730856861165,False,GRAIN_GROWTH_FAILURE
E0142,D0044,persistent_junction_only,0,600,642.980725348755,0.07163454224792487,1500,0.88,1300,0.8800555378382307,0.9954631836929447,0.24812445442022368,0.9999965229056403,11.84207546486223,0.6815638796657222,False,GRAIN_GROWTH_FAILURE
E0142,D0044,persistent_junction_only,0,600,642.980725348755,0.07163454224792487,1500,0.88,1350,0.8800555378382307,0.9954631836929447,0.24239527139794437,0.999997226300101,25.160791099717272,0.8134375211618153,False,GRAIN_GROWTH_FAILURE
E0142,D0044,persistent_junction_only,0,600,642.980725348755,0.07163454224792487,1500,0.88,1400,0.8800555378382307,0.9954631836929447,0.24188258205195742,0.9999972509769341,29.071601436540703,0.8967378167198756,False,GRAIN_GROWTH_FAILURE
E0142,D0044,persistent_junction_only,0,600,642.980725348755,0.07163454224792487,1500,0.88,1450,0.8800555378382307,0.9954631836929447,0.24188258205195742,0.9999972509769341,29.071601436540703,0.943724015557974,False,GRAIN_GROWTH_FAILURE
E0142,D0047,persistent_q0,0,300,301.2878853366595,0.004292951122198077,1300,0.8,900,0.8000576079465629,0.8002479854169476,8.124372955683313e-05,1.4994392135237302,2.5823705294067215e-05,0.013701094665825884,False,DENSIFICATION_EXHAUSTION_FAILURE
E0142,D0047,persistent_q0,0,300,301.2878853366595,0.004292951122198077,1300,0.8,950,0.8000576079465629,0.8012911039199948,0.00034880335406921255,1.499438037682978,0.00010735953229581994,0.013702196460321989,False,DENSIFICATION_EXHAUSTION_FAILURE
E0142,D0047,persistent_q0,0,300,301.2878853366595,0.004292951122198077,1300,0.8,1000,0.8000576079465629,0.806876753190933,0.0013342564284481873,1.4994277845713044,0.00039907734667887193,0.013706138426086867,False,DENSIFICATION_EXHAUSTION_FAILURE
E0142,D0047,persistent_q0,0,300,301.2878853366595,0.004292951122198077,1300,0.8,1050,0.8000576079465629,0.8314080297468953,0.004605667071984766,1.4993616833622687,0.00134331593167551,0.013718897650804578,False,DENSIFICATION_EXHAUSTION_FAILURE
E0142,D0047,persistent_q0,0,300,301.2878853366595,0.004292951122198077,1300,0.8,1100,0.8000576079465629,0.9048530842527103,0.014494225700821217,1.498969767727687,0.004139153445423531,0.013756675064105724,False,SUCCESS
E0142,D0047,persistent_q0,0,300,301.2878853366595,0.004292951122198077,1300,0.8,1150,0.8000576079465629,0.9878528012165433,0.041915422715133786,1.4960382266478356,0.011784284696265895,0.013859961458177555,False,SUCCESS
E0142,D0047,persistent_q0,0,300,301.2878853366595,0.004292951122198077,1300,0.8,1200,0.8000576079465629,0.9950727854845879,0.04457429841443493,1.4957831492627776,0.03125,0.01412284733959679,False,SUCCESS
E0142,D0047,persistent_q0,0,300,301.2878853366595,0.004292951122198077,1300,0.8,1250,0.8000576079465629,0.9952606153951096,0.0365250786463465,1.4973052719746376,0.07773015316701852,0.014749998597617484,False,SUCCESS
E0142,D0047,persistent_q0,0,600,600.6656430290451,0.0011094050484083565,1300,0.8,900,0.8000555378382999,0.8002375955634747,2.0440913481445343e-05,1.4994404727795756,2.5823705294067215e-05,0.01370235679142859,False,DENSIFICATION_EXHAUSTION_FAILURE
E0142,D0047,persistent_q0,0,600,600.6656430290451,0.0011094050484083565,1300,0.8,950,0.8000555378382999,0.8012373450693673,8.776767611971217e-05,1.4994386831162727,0.00010735953229581994,0.01370345868601029,False,DENSIFICATION_EXHAUSTION_FAILURE
E0142,D0047,persistent_q0,0,600,600.6656430290451,0.0011094050484083565,1300,0.8,1000,0.8000555378382999,0.8066030822601142,0.0003358559781798751,1.4994280067798125,0.00039907734667887193,0.013707401009856424,False,DENSIFICATION_EXHAUSTION_FAILURE
E0142,D0047,persistent_q0,0,600,600.6656430290451,0.0011094050484083565,1300,0.8,1050,0.8000555378382999,0.8302682708816618,0.001160741181746758,1.4993637408775613,0.00134331593167551,0.01372016139357982,False,DENSIFICATION_EXHAUSTION_FAILURE
E0142,D0047,persistent_q0,0,600,600.6656430290451,0.0011094050484083565,1300,0.8,1100,0.8000555378382999,0.9019671797065762,0.0036662866741024014,1.4989895772430264,0.004139153445423531,0.013757942238277657,False,SUCCESS
E0142,D0047,persistent_q0,0,600,600.6656430290451,0.0011094050484083565,1300,0.8,1150,0.8000555378382999,0.9860177953448637,0.01070837271434391,1.496293890667318,0.011784284696265895,0.013861238012694704,False,SUCCESS
E0142,D0047,persistent_q0,0,600,600.6656430290451,0.0011094050484083565,1300,0.8,1200,0.8000555378382999,0.9950158118639278,0.012196417399473644,1.4957133938741718,0.03125,0.014124147760099829,False,SUCCESS
E0142,D0047,persistent_q0,0,600,600.6656430290451,0.0011094050484083565,1300,0.8,1250,0.8000555378382999,0.9951758870285413,0.009926240742229782,1.4972802170254829,0.07773015316701852,0.01475135590164928,False,SUCCESS
E0142,D0047,persistent_q0,0,300,302.53092817606563,0.008436427253551933,1500,0.88,900,0.8800576079465634,0.8801709180699797,8.059830132280993e-05,1.4990467812768635,2.5823705294067215e-05,0.013700867196027654,False,DENSIFICATION_EXHAUSTION_FAILURE
E0142,D0047,persistent_q0,0,300,302.53092817606563,0.008436427253551933,1500,0.88,950,0.8800576079465634,0.8807914224831471,0.0003460327176392943,1.4990454327159997,0.00010735953229581994,0.013701968972485547,False,DENSIFICATION_EXHAUSTION_FAILURE
E0142,D0047,persistent_q0,0,300,302.53092817606563,0.008436427253551933,1500,0.88,1000,0.8800576079465634,0.8841126404064371,0.001323663935929661,1.499032480298999,0.00039907734667887193,0.013705910873714222,False,DENSIFICATION_EXHAUSTION_FAILURE
E0142,D0047,persistent_q0,0,300,302.53092817606563,0.008436427253551933,1500,0.88,1050,0.8800576079465634,0.8986950778453345,0.004569188230292933,1.4989400070942671,0.00134331593167551,0.013718669889546864,False,DENSIFICATION_EXHAUSTION_FAILURE
E0142,D0047,persistent_q0,0,300,302.53092817606563,0.008436427253551933,1500,0.88,1100,0.8800576079465634,0.9423777240827305,0.014380547580890737,1.4983820802883387,0.004139153445423531,0.013756446684414857,False,SUCCESS
E0142,D0047,persistent_q0,0,300,302.53092817606563,0.008436427253551933,1500,0.88,1150,0.8800576079465634,0.9920633871795312,0.04159103885580252,1.494857823849236,0.011784284696265895,0.013859731387887477,False,SUCCESS
E0142,D0047,persistent_q0,0,300,302.53092817606563,0.008436427253551933,1500,0.88,1200,0.8800576079465634,0.9950103622914932,0.03860289202311963,1.4957437271466192,0.03125,0.01412261296799181,False,SUCCESS
E0142,D0047,persistent_q0,0,300,302.53092817606563,0.008436427253551933,1500,0.88,1250,0.8800576079465634,0.9950487849526354,0.03133770820355077,1.4971977397769738,0.07773015316701852,0.014749753974016401,False,SUCCESS
E0142,D0047,persistent_q0,0,300,302.53092817606563,0.008436427253551933,1500,0.88,1300,0.8800576079465634,0.9950542727439541,0.027625019271869396,1.4979683640600923,0.18246230611564193,0.016159949302991552,False,SUCCESS
E0142,D0047,persistent_q0,0,300,302.53092817606563,0.008436427253551933,1500,0.88,1350,0.8800576079465634,0.9950542727439541,0.02679201420667651,1.4982546332827662,0.40637375915708057,0.019161367835559356,False,SUCCESS
E0142,D0047,persistent_q0,0,300,302.53092817606563,0.008436427253551933,1500,0.88,1400,0.8800576079465634,0.9950542727439541,0.026792670438549316,1.4982576071867988,0.4365820571094238,0.02522274025354118,False,SUCCESS
E0142,D0047,persistent_q0,0,300,302.53092817606563,0.008436427253551933,1500,0.88,1450,0.8800576079465634,0.9950542727439541,0.026792670438549316,1.4982576071867988,0.4365820571094238,0.036838378240633615,False,SUCCESS
E0142,D0047,persistent_q0,0,600,601.3148912203209,0.0021914853672013288,1500,0.88,900,0.8800555378382996,0.880163269881509,2.0402157074467886e-05,1.4990422882122443,2.5823705294067215e-05,0.013702367959731038,False,DENSIFICATION_EXHAUSTION_FAILURE
E0142,D0047,persistent_q0,0,600,601.3148912203209,0.0021914853672013288,1500,0.88,950,0.8800555378382996,0.8807547038941097,8.760120960900083e-05,1.4990421498751485,0.00010735953229581994,0.013703469855198373,False,DENSIFICATION_EXHAUSTION_FAILURE
E0142,D0047,persistent_q0,0,600,601.3148912203209,0.0021914853672013288,1500,0.88,1000,0.8800555378382996,0.8839284142578058,0.0003352188867644234,1.4990307293387801,0.00039907734667887193,0.013707412182213094,False,DENSIFICATION_EXHAUSTION_FAILURE
E0142,D0047,persistent_q0,0,600,601.3148912203209,0.0021914853672013288,1500,0.88,1050,0.8800555378382996,0.8979270610895311,0.001158545518596157,1.4989421869361006,0.00134331593167551,0.013720172576192291,False,DENSIFICATION_EXHAUSTION_FAILURE
E0142,D0047,persistent_q0,0,600,601.3148912203209,0.0021914853672013288,1500,0.88,1100,0.8800555378382996,0.9403998445530595,0.0036594954733794533,1.498411950934134,0.004139153445423531,0.013757953451253843,False,SUCCESS
E0142,D0047,persistent_q0,0,600,601.3148912203209,0.0021914853672013288,1500,0.88,1150,0.8800555378382996,0.9907292422057847,0.010688403284478815,1.4952015069617763,0.011784284696265895,0.01386124930867562,False,SUCCESS
E0142,D0047,persistent_q0,0,600,601.3148912203209,0.0021914853672013288,1500,0.88,1200,0.8800555378382996,0.9950290615687496,0.010715343965059958,1.4956440812814153,0.03125,0.014124159267265894,False,SUCCESS
E0142,D0047,persistent_q0,0,600,601.3148912203209,0.0021914853672013288,1500,0.88,1250,0.8800555378382996,0.9952185138433342,0.008760292251307096,1.4971144245416377,0.07773015316701852,0.01475136791216583,False,SUCCESS
E0142,D0047,persistent_q0,0,600,601.3148912203209,0.0021914853672013288,1500,0.88,1300,0.8800555378382996,0.9954685828213115,0.007823921135856225,1.497897168563234,0.18246230611564193,0.016161715015457087,False,SUCCESS
E0142,D0047,persistent_q0,0,600,601.3148912203209,0.0021914853672013288,1500,0.88,1350,0.8800555378382996,0.9954685828213115,0.007555351435504681,1.498226276803037,0.40637375915708057,0.019163455109337563,False,SUCCESS
E0142,D0047,persistent_q0,0,600,601.3148912203209,0.0021914853672013288,1500,0.88,1400,0.8800555378382996,0.9954685828213115,0.007556072126041711,1.4982364560325627,0.46956523759976626,0.025225470819743932,False,SUCCESS
E0142,D0047,persistent_q0,0,600,601.3148912203209,0.0021914853672013288,1500,0.88,1450,0.8800555378382996,0.9954685828213115,0.007556072126041711,1.4982364560325627,0.46956523759976626,0.036842318766345916,False,SUCCESS
E0142,D0048,persistent_q1,1,300,301.00348347899325,0.003344944929977394,1300,0.8,900,0.8000576079465876,0.8002480018210539,4.908927968043983e-05,1.4999937638760017,3.3620861157485807e-06,0.008264511840650237,False,DENSIFICATION_EXHAUSTION_FAILURE
E0142,D0048,persistent_q1,1,300,301.00348347899325,0.003344944929977394,1300,0.8,950,0.8000576079465876,0.8012912113703998,0.00021075309219223341,1.4999937450696632,2.3108332887498704e-05,0.008264673722943311,False,DENSIFICATION_EXHAUSTION_FAILURE
E0142,D0048,persistent_q1,1,300,301.00348347899325,0.003344944929977394,1300,0.8,1000,0.8000576079465876,0.806877425977496,0.0008061950636262986,1.4999935971201221,0.00013645203679012955,0.008265603567339233,False,DENSIFICATION_EXHAUSTION_FAILURE
E0142,D0048,persistent_q1,1,300,301.00348347899325,0.003344944929977394,1300,0.8,1050,0.8000576079465876,0.8314123611649519,0.0027835974134242836,1.4999927456944557,0.0007035393792048405,0.008270266604072542,False,DENSIFICATION_EXHAUSTION_FAILURE
E0142,D0048,persistent_q1,1,300,301.00348347899325,0.003344944929977394,1300,0.8,1100,0.8000576079465876,0.9048759245871854,0.008773829536112604,1.4999876625104236,0.0032057876756359993,0.008290988843992524,False,SUCCESS
E0142,D0048,persistent_q1,1,300,301.00348347899325,0.003344944929977394,1300,0.8,1150,0.8000576079465876,0.987890864472688,0.025545683470770384,1.4999386915504453,0.012988140344941975,0.008373640797137821,False,SUCCESS
E0142,D0048,persistent_q1,1,300,301.00348347899325,0.003344944929977394,1300,0.8,1200,0.8000576079465876,0.995010664079372,0.027436222856996574,1.4999259923328416,0.0485097629217748,0.008672759046539075,False,SUCCESS
E0142,D0048,persistent_q1,1,300,301.00348347899325,0.003344944929977394,1300,0.8,1250,0.8000576079465876,0.9952677904832377,0.02394573956799125,1.4999514907886926,0.16704713137816568,0.009663847313206983,False,SUCCESS
E0142,D0048,persistent_q1,1,600,600.4306627822808,0.0007177713038012495,1300,0.8,900,0.8000555378383027,0.8002375988029578,1.2337047528986327e-05,1.4999937335268676,1.685518099561226e-06,0.00826450778273303,False,DENSIFICATION_EXHAUSTION_FAILURE
E0142,D0048,persistent_q1,1,600,600.4306627822808,0.0007177713038012495,1300,0.8,950,0.8000555378383027,0.8012373658945402,5.296884820827819e-05,1.4999937348948693,1.1586323470204622e-05,0.008264588936476651,False,DENSIFICATION_EXHAUSTION_FAILURE
E0142,D0048,persistent_q1,1,600,600.4306627822808,0.0007177713038012495,1300,0.8,1000,0.8000555378383027,0.8066032051218306,0.00020265579471751092,1.499993599017191,6.844632260432101e-05,0.008265055080078324,False,DENSIFICATION_EXHAUSTION_FAILURE
E0142,D0048,persistent_q1,1,600,600.4306627822808,0.0007177713038012495,1300,0.8,1050,0.8000555378383027,0.8302689745904441,0.0007000425741725208,1.499992781008724,0.00035342599226587866,0.00826739273018428,False,DENSIFICATION_EXHAUSTION_FAILURE
E0142,D0048,persistent_q1,1,600,600.4306627822808,0.0007177713038012495,1300,0.8,1100,0.8000555378383027,0.9019705014565068,0.0022087217084077533,1.4999879612579077,0.001617607318077657,0.008277781231812553,False,SUCCESS
E0142,D0048,persistent_q1,1,600,600.4306627822808,0.0007177713038012495,1300,0.8,1150,0.8000555378383027,0.9860233628707702,0.0064399798357066195,1.4999438322357879,0.0066345573211000425,0.008319218575844164,False,SUCCESS
E0142,D0048,persistent_q1,1,600,600.4306627822808,0.0007177713038012495,1300,0.8,1200,0.8000555378383027,0.9950187049952445,0.00732829753470881,1.499924367294378,0.02480126258779711,0.00846920953468914,False,SUCCESS
E0142,D0048,persistent_q1,1,600,600.4306627822808,0.0007177713038012495,1300,0.8,1250,0.8000555378383027,0.9951771439524448,0.006038999391391319,1.4999511162606953,0.08520604153310884,0.008966507142449833,False,SUCCESS
E0142,D0048,persistent_q1,1,300,304.5211561709287,0.015070520569762184,1500,0.88,900,0.8800576079465878,0.8801708430247531,4.7961884900137395e-05,1.4999894016374211,3.3232527548073113e-06,0.008264510732998396,False,DENSIFICATION_EXHAUSTION_FAILURE
E0142,D0048,persistent_q1,1,300,304.5211561709287,0.015070520569762184,1500,0.88,950,0.8800576079465878,0.8807909605572479,0.00020591322748033706,1.4999893760799057,2.2841507540812743e-05,0.00826467074529524,False,DENSIFICATION_EXHAUSTION_FAILURE
E0142,D0048,persistent_q1,1,300,304.5211561709287,0.015070520569762184,1500,0.88,1000,0.8800576079465878,0.8841102880536286,0.0007876854636538631,1.4999891644606194,0.00013487830199138376,0.008265589848531098,False,DENSIFICATION_EXHAUSTION_FAILURE
E0142,D0048,persistent_q1,1,300,304.5211561709287,0.015070520569762184,1500,0.88,1050,0.8800576079465878,0.89868623670467,0.0027197324340537303,1.4999878468132435,0.000695456651693672,0.0082701990201823,False,DENSIFICATION_EXHAUSTION_FAILURE
E0142,D0048,persistent_q1,1,300,304.5211561709287,0.015070520569762184,1500,0.88,1100,0.8800576079465878,0.9423633401004968,0.00857287556398481,1.4999800278514044,0.003169386102831652,0.008290681893145264,False,SUCCESS
E0142,D0048,persistent_q1,1,300,304.5211561709287,0.015070520569762184,1500,0.88,1150,0.8800576079465878,0.9920714591664558,0.0249585848945459,1.4999170832163777,0.012845320845903075,0.008372379214545556,False,SUCCESS
E0142,D0048,persistent_q1,1,300,304.5211561709287,0.015070520569762184,1500,0.88,1200,0.8800576079465878,0.9950166396147202,0.02350991074721588,1.4999257992296997,0.04813323018599075,0.008668043956826521,False,SUCCESS
E0142,D0048,persistent_q1,1,300,304.5211561709287,0.015070520569762184,1500,0.88,1250,0.8800576079465878,0.995049993063714,0.02019789526982901,1.4999518315945155,0.16572288529609835,0.009647704212563031,False,SUCCESS
E0142,D0048,persistent_q1,1,300,304.5211561709287,0.015070520569762184,1500,0.88,1300,0.8800576079465878,0.9950531600671035,0.020453437243452947,1.4999668876331569,0.5257504120865222,0.012639256156504412,False,SUCCESS
E0142,D0048,persistent_q1,1,300,304.5211561709287,0.015070520569762184,1500,0.88,1350,0.8800576079465878,0.9950531600671035,0.023074431267578223,1.499972876457451,1.5497138843393112,0.02107939977737317,False,SUCCESS
E0142,D0048,persistent_q1,1,300,304.5211561709287,0.015070520569762184,1500,0.88,1400,0.8800576079465878,0.9950531600671035,0.023144766831755807,1.4999729415646175,1.7081334740609662,0.04295952021348527,False,SUCCESS
E0142,D0048,persistent_q1,1,300,304.5211561709287,0.015070520569762184,1500,0.88,1450,0.8800576079465878,0.9950531600671035,0.023144766831755807,1.4999729415646175,1.7081334740609662,0.09400020101780435,False,SUCCESS
E0142,D0048,persistent_q1,1,600,601.4395166872254,0.0023991944787089027,1500,0.88,900,0.8800555378383023,0.8801632687619197,1.2295727980655717e-05,1.4999895052259178,1.6826908829614205e-06,0.00826451120761893,False,DENSIFICATION_EXHAUSTION_FAILURE
E0142,D0048,persistent_q1,1,600,601.4395166872254,0.0023991944787089027,1500,0.88,950,0.8800555378383023,0.8807546973893638,5.279144836887493e-05,1.4999894277709491,1.1566890633115478e-05,0.008264592225268897,False,DENSIFICATION_EXHAUSTION_FAILURE
E0142,D0048,persistent_q1,1,600,601.4395166872254,0.0023991944787089027,1500,0.88,1000,0.8800555378383023,0.8839283888832721,0.0002019771150431761,1.4999891814560784,6.833155709665335e-05,0.008265057587154921,False,DENSIFICATION_EXHAUSTION_FAILURE
E0142,D0048,persistent_q1,1,600,601.4395166872254,0.0023991944787089027,1500,0.88,1050,0.8800555378383023,0.8979270799840541,0.0006976985296839732,1.4999879028035525,0.00035283398069102783,0.008267391317068665,False,DENSIFICATION_EXHAUSTION_FAILURE
E0142,D0048,persistent_q1,1,600,601.4395166872254,0.0023991944787089027,1500,0.88,1100,0.8800555378383023,0.9404009398863439,0.0022013284149093823,1.4999805186003516,0.0016149058336044394,0.00827776239761184,False,SUCCESS
E0142,D0048,persistent_q1,1,600,601.4395166872254,0.0023991944787089027,1500,0.88,1150,0.8800555378383023,0.9907324802085747,0.0064173633633385265,1.4999241875117093,0.00662349629873079,0.008319130256566465,False,SUCCESS
E0142,D0048,persistent_q1,1,600,601.4395166872254,0.0023991944787089027,1500,0.88,1200,0.8800555378383023,0.9950311316016912,0.006427603275448651,1.4999241427635333,0.024781817952383458,0.008468869748405331,False,SUCCESS
E0142,D0048,persistent_q1,1,600,601.4395166872254,0.0023991944787089027,1500,0.88,1250,0.8800555378383023,0.9952194081285056,0.005320192511804402,1.4999502354816348,0.0851239199330536,0.008965334156374388,False,SUCCESS
E0142,D0048,persistent_q1,1,600,601.4395166872254,0.0023991944787089027,1500,0.88,1300,0.8800555378383023,0.9954685669607773,0.005004412521180985,1.4999654637365274,0.27015123815785674,0.010484372481223442,False,SUCCESS
E0142,D0048,persistent_q1,1,600,601.4395166872254,0.0023991944787089027,1500,0.88,1350,0.8800555378383023,0.9954685669607773,0.005245811781979367,1.499972352896172,0.7979973773436555,0.01479461982973589,False,SUCCESS
E0142,D0048,persistent_q1,1,600,601.4395166872254,0.0023991944787089027,1500,0.88,1400,0.8800555378383023,0.9954685669607773,0.005276266222221534,1.499972574138834,0.9702346689808861,0.02614006277701521,False,SUCCESS
E0142,D0048,persistent_q1,1,600,601.4395166872254,0.0023991944787089027,1500,0.88,1450,0.8800555378383023,0.9954685669607773,0.005276266222221534,1.499972574138834,0.9702346689808861,0.05360958657276418,False,SUCCESS
E0142,D0049,pore_pinned_q0,0,300,318.5770500340651,0.061923500113550196,1300,0.8,900,0.8000576079457848,0.800247049428116,0.0015557830830996058,1.4998601467016566,3.13654534956788e-05,0.29352346483150243,False,DENSIFICATION_EXHAUSTION_FAILURE
E0142,D0049,pore_pinned_q0,0,300,318.5770500340651,0.061923500113550196,1300,0.8,950,0.8000576079457848,0.8012850520512389,0.006675400997652033,1.4998591742820893,0.00011991467311094618,0.29352346483150243,False,DENSIFICATION_EXHAUSTION_FAILURE
E0142,D0049,pore_pinned_q0,0,300,318.5770500340651,0.061923500113550196,1300,0.8,1000,0.8000576079457848,0.806840385651063,0.0255641207721412,1.4998553541652218,0.0004126165543986556,0.29352346483150243,False,DENSIFICATION_EXHAUSTION_FAILURE
E0142,D0049,pore_pinned_q0,0,300,318.5770500340651,0.061923500113550196,1300,0.8,1050,0.8000576079457848,0.8311939765893519,0.08985970551151196,1.4998350219609766,0.0012931848694178187,0.29352346483150243,False,DENSIFICATION_EXHAUSTION_FAILURE
E0142,D0049,pore_pinned_q0,0,300,318.5770500340651,0.061923500113550196,1300,0.8,1100,0.8000576079457848,0.9038560208744533,0.31166768297279795,1.4997131455131931,0.0037294514218584687,0.29352346483150243,False,GRAIN_GROWTH_FAILURE
E0142,D0049,pore_pinned_q0,0,300,318.5770500340651,0.061923500113550196,1300,0.8,1150,0.8000576079457848,0.9864598964208376,1.1123836681627353,1.4983427408028016,0.009984072602180179,0.29352346483150243,False,GRAIN_GROWTH_FAILURE
E0142,D0049,pore_pinned_q0,0,300,318.5770500340651,0.061923500113550196,1300,0.8,1200,0.8000576079457848,0.9950573127696315,1.3360890100990204,1.4973920079273884,0.025,0.29352346483150243,False,GRAIN_GROWTH_FAILURE
E0142,D0049,pore_pinned_q0,0,300,318.5770500340651,0.061923500113550196,1300,0.8,1250,0.8000576079457848,0.9951201086446232,1.0994565167377854,1.4982722966328421,0.05893872222735387,0.29352346483150243,False,GRAIN_GROWTH_FAILURE
E0142,D0049,pore_pinned_q0,0,600,609.7863345423997,0.016310557570666063,1300,0.8,900,0.8000555378382059,0.8002374714328822,0.00042487226921446633,1.4998598974724977,3.13654534956788e-05,0.29352124970268806,False,DENSIFICATION_EXHAUSTION_FAILURE
E0142,D0049,pore_pinned_q0,0,600,609.7863345423997,0.016310557570666063,1300,0.8,950,0.8000555378382059,0.8012365397714789,0.00182624632710277,1.4998591414173208,0.00011991467311094618,0.29352124970268806,False,DENSIFICATION_EXHAUSTION_FAILURE
E0142,D0049,pore_pinned_q0,0,600,609.7863345423997,0.016310557570666063,1300,0.8,1000,0.8000555378382059,0.806598192570287,0.007038601997643134,1.4998554643193012,0.0004126165543986556,0.29352124970268806,False,DENSIFICATION_EXHAUSTION_FAILURE
E0142,D0049,pore_pinned_q0,0,600,609.7863345423997,0.016310557570666063,1300,0.8,1050,0.8000555378382059,0.8302383467349506,0.025255110745950413,1.4998358090858022,0.0012931848694178187,0.29352124970268806,False,DENSIFICATION_EXHAUSTION_FAILURE
E0142,D0049,pore_pinned_q0,0,600,609.7863345423997,0.016310557570666063,1300,0.8,1100,0.8000555378382059,0.9018069645459441,0.09323389699209074,1.4997184719585388,0.0037294514218584687,0.29352124970268806,False,SUCCESS
E0142,D0049,pore_pinned_q0,0,600,609.7863345423997,0.016310557570666063,1300,0.8,1150,0.8000555378382059,0.985686450837092,0.39071118825394824,1.498400230746729,0.009984072602180179,0.29352124970268806,False,GRAIN_GROWTH_FAILURE
E0142,D0049,pore_pinned_q0,0,600,609.7863345423997,0.016310557570666063,1300,0.8,1200,0.8000555378382059,0.9950382547705291,0.49767002466587196,1.4973523287854742,0.025,0.29352124970268806,False,GRAIN_GROWTH_FAILURE
E0142,D0049,pore_pinned_q0,0,600,609.7863345423997,0.016310557570666063,1300,0.8,1250,0.8000555378382059,0.9950906445310855,0.3970634588033154,1.498252645595569,0.05893872222735387,0.29352124970268806,False,GRAIN_GROWTH_FAILURE
E0142,D0049,pore_pinned_q0,0,300,327.1387945234356,0.09046264841145177,1500,0.88,900,0.8800576079457851,0.8801700446550091,0.002080282946904842,1.4997602110094381,3.13654534956788e-05,0.413990101399898,False,DENSIFICATION_EXHAUSTION_FAILURE
E0142,D0049,pore_pinned_q0,0,300,327.1387945234356,0.09046264841145177,1500,0.88,950,0.8800576079457851,0.8807857871749626,0.008915435255737016,1.4997603163271176,0.00011991467311094618,0.413990101399898,False,DENSIFICATION_EXHAUSTION_FAILURE
E0142,D0049,pore_pinned_q0,0,300,327.1387945234356,0.09046264841145177,1500,0.88,1000,0.8800576079457851,0.8840789892778497,0.03397992657357132,1.49975474422539,0.0004126165543986556,0.413990101399898,False,DENSIFICATION_EXHAUSTION_FAILURE
E0142,D0049,pore_pinned_q0,0,300,327.1387945234356,0.09046264841145177,1500,0.88,1050,0.8800576079457851,0.8985006277310723,0.11736092017270569,1.4997217213670366,0.0012931848694178187,0.413990101399898,False,MIXED_FAILURE
E0142,D0049,pore_pinned_q0,0,300,327.1387945234356,0.09046264841145177,1500,0.88,1100,0.8800576079457851,0.9415118020893896,0.3838262832012447,1.4995266712949387,0.0037294514218584687,0.413990101399898,False,GRAIN_GROWTH_FAILURE
E0142,D0049,pore_pinned_q0,0,300,327.1387945234356,0.09046264841145177,1500,0.88,1150,0.8800576079457851,0.9909348937790816,1.191045346466106,1.4976731765774194,0.009984072602180179,0.413990101399898,False,GRAIN_GROWTH_FAILURE
E0142,D0049,pore_pinned_q0,0,300,327.1387945234356,0.09046264841145177,1500,0.88,1200,0.8800576079457851,0.9950186967422198,1.226986008036023,1.4974095978029756,0.025,0.413990101399898,False,GRAIN_GROWTH_FAILURE
E0142,D0049,pore_pinned_q0,0,300,327.1387945234356,0.09046264841145177,1500,0.88,1250,0.8800576079457851,0.995092220933457,1.009982273018978,1.4982758488712382,0.05893872222735387,0.413990101399898,False,GRAIN_GROWTH_FAILURE
E0142,D0049,pore_pinned_q0,0,300,327.1387945234356,0.09046264841145177,1500,0.88,1300,0.8800576079457851,0.9952036458660971,0.8596150545251025,1.4988225862567033,0.131578616276247,0.413990101399898,False,GRAIN_GROWTH_FAILURE
E0142,D0049,pore_pinned_q0,0,300,327.1387945234356,0.09046264841145177,1500,0.88,1350,0.8800576079457851,0.9950083508390147,0.7669232809806023,1.4990974208541856,0.2795643455524141,0.413990101399898,False,GRAIN_GROWTH_FAILURE
E0142,D0049,pore_pinned_q0,0,300,327.1387945234356,0.09046264841145177,1500,0.88,1400,0.8800576079457851,0.9950447005953579,0.7669232809806023,1.4991006780093872,0.31145192252567916,0.413990101399898,False,GRAIN_GROWTH_FAILURE
E0142,D0049,pore_pinned_q0,0,300,327.1387945234356,0.09046264841145177,1500,0.88,1450,0.8800576079457851,0.9950447005953579,0.7669232809806023,1.4991006780093872,0.31145192252567916,0.413990101399898,False,GRAIN_GROWTH_FAILURE
E0142,D0049,pore_pinned_q0,0,600,614.3466519980576,0.02391108666342914,1500,0.88,900,0.8800555378382062,0.8801631515124776,0.0005902992680995436,1.4997609076588638,3.13654534956788e-05,0.41398571895078934,False,DENSIFICATION_EXHAUSTION_FAILURE
E0142,D0049,pore_pinned_q0,0,600,614.3466519980576,0.02391108666342914,1500,0.88,950,0.8800555378382062,0.8807539364385364,0.002535831447099656,1.499760510483821,0.00011991467311094618,0.41398571895078934,False,DENSIFICATION_EXHAUSTION_FAILURE
E0142,D0049,pore_pinned_q0,0,600,614.3466519980576,0.02391108666342914,1500,0.88,1000,0.8800555378382062,0.8839237619023856,0.009747060330429647,1.4997548952837254,0.0004126165543986556,0.41398571895078934,False,DENSIFICATION_EXHAUSTION_FAILURE
E0142,D0049,pore_pinned_q0,0,600,614.3466519980576,0.02391108666342914,1500,0.88,1050,0.8800555378382062,0.8978987414821666,0.034567082049491105,1.4997229620770132,0.0012931848694178187,0.41398571895078934,False,DENSIFICATION_EXHAUSTION_FAILURE
E0142,D0049,pore_pinned_q0,0,600,614.3466519980576,0.02391108666342914,1500,0.88,1100,0.8800555378382062,0.940251476025681,0.12153705266842968,1.4995348876858798,0.0037294514218584687,0.41398571895078934,False,GRAIN_GROWTH_FAILURE
E0142,D0049,pore_pinned_q0,0,600,614.3466519980576,0.02391108666342914,1500,0.88,1150,0.8800555378382062,0.990445258295601,0.4383254434128536,1.4977394444836536,0.009984072602180179,0.41398571895078934,False,GRAIN_GROWTH_FAILURE
E0142,D0049,pore_pinned_q0,0,600,614.3466519980576,0.02391108666342914,1500,0.88,1200,0.8800555378382062,0.9950581394000928,0.4683071892678358,1.4973482760221317,0.025,0.41398571895078934,False,GRAIN_GROWTH_FAILURE
E0142,D0049,pore_pinned_q0,0,600,614.3466519980576,0.02391108666342914,1500,0.88,1250,0.8800555378382062,0.9951330408446635,0.37459090831413705,1.4982420835867905,0.05893872222735387,0.41398571895078934,False,GRAIN_GROWTH_FAILURE
E0142,D0049,pore_pinned_q0,0,600,614.3466519980576,0.02391108666342914,1500,0.88,1300,0.8800555378382062,0.9954346226652391,0.31606003109297287,1.4987860563309354,0.131578616276247,0.41398571895078934,False,GRAIN_GROWTH_FAILURE
E0142,D0049,pore_pinned_q0,0,600,614.3466519980576,0.02391108666342914,1500,0.88,1350,0.8800555378382062,0.9954667332349174,0.28163013254631614,1.4990657038319122,0.2795643455524141,0.41398571895078934,False,GRAIN_GROWTH_FAILURE
E0142,D0049,pore_pinned_q0,0,600,614.3466519980576,0.02391108666342914,1500,0.88,1400,0.8800555378382062,0.9954667332349174,0.28020020233556375,1.4990762193338896,0.3226730383716434,0.41398571895078934,False,GRAIN_GROWTH_FAILURE
E0142,D0049,pore_pinned_q0,0,600,614.3466519980576,0.02391108666342914,1500,0.88,1450,0.8800555378382062,0.9954667332349174,0.28020020233556375,1.4990762193338896,0.3226730383716434,0.41398571895078934,False,GRAIN_GROWTH_FAILURE
E0142,D0053,mixed_q0,0,300,300.93437393211065,0.0031145797737020245,1300,0.8,900,0.8000576079465856,0.8002480053858592,9.120758480726895e-05,0.24999992224644316,0.00011664273361608591,0.015341296905619063,False,DENSIFICATION_EXHAUSTION_FAILURE
E0142,D0053,mixed_q0,0,300,300.93437393211065,0.0031145797737020245,1300,0.8,950,0.8000576079465856,0.8012912261149621,0.0003925828216505319,0.24999992174894375,0.0006780862412277787,0.015341296905619063,False,DENSIFICATION_EXHAUSTION_FAILURE
E0142,D0053,mixed_q0,0,300,300.93437393211065,0.0031145797737020245,1300,0.8,1000,0.8000576079465856,0.8068773566971431,0.0015230823317751302,0.24999991962033366,0.0034329697583267184,0.015341296905619063,False,DENSIFICATION_EXHAUSTION_FAILURE
E0142,D0053,mixed_q0,0,300,300.93437393211065,0.0031145797737020245,1300,0.8,1050,0.8000576079465856,0.8314097546483766,0.005631146007358041,0.24999990822584156,0.015375156983085643,0.015341296905619063,False,DENSIFICATION_EXHAUSTION_FAILURE
E0142,D0053,mixed_q0,0,300,300.93437393211065,0.0031145797737020245,1300,0.8,1100,0.8000576079465856,0.9048399892357655,0.024077157895868558,0.2499998390695499,0.061737495131894304,0.015341296905619063,False,SUCCESS
E0142,D0053,mixed_q0,0,300,300.93437393211065,0.0031145797737020245,1300,0.8,1150,0.8000576079465856,0.9876344325966856,0.24361236956837193,0.24999901834566357,0.2248311066948543,0.015341296905619063,False,GRAIN_GROWTH_FAILURE
E0142,D0053,mixed_q0,0,300,300.93437393211065,0.0031145797737020245,1300,0.8,1200,0.8000576079465856,0.995001722768939,0.454650798838786,0.24999858789034007,0.75,0.015341296905619063,False,GRAIN_GROWTH_FAILURE
E0142,D0053,mixed_q0,0,300,300.93437393211065,0.0031145797737020245,1300,0.8,1250,0.8000576079465856,0.9951321572311962,0.3645686446068886,0.24999904798073389,2.3116173321973226,0.015341296905619063,False,GRAIN_GROWTH_FAILURE
E0142,D0053,mixed_q0,0,600,600.4827202791407,0.0008045337985676494,1300,0.8,900,0.8000555378383025,0.8002375980491617,2.2907335278561055e-05,0.24999992217697165,0.00011664273361608591,0.015341135542204684,False,DENSIFICATION_EXHAUSTION_FAILURE
E0142,D0053,mixed_q0,0,600,600.4827202791407,0.0008045337985676494,1300,0.8,950,0.8000555378383025,0.8012373603162704,9.859970557463352e-05,0.2499999217403572,0.0006780862412277787,0.015341135542204684,False,DENSIFICATION_EXHAUSTION_FAILURE
E0142,D0053,mixed_q0,0,600,600.4827202791407,0.0008045337985676494,1300,0.8,1000,0.8000555378383025,0.8066031580088108,0.00038246980850809747,0.249999919694786,0.0034329697583267184,0.015341135542204684,False,DENSIFICATION_EXHAUSTION_FAILURE
E0142,D0053,mixed_q0,0,600,600.4827202791407,0.0008045337985676494,1300,0.8,1050,0.8000555378383025,0.8302684942876628,0.0014123057044602638,0.24999990876510492,0.015375156983085643,0.015341135542204684,False,DENSIFICATION_EXHAUSTION_FAILURE
E0142,D0053,mixed_q0,0,600,600.4827202791407,0.0008045337985676494,1300,0.8,1100,0.8000555378383025,0.9019656227250764,0.006000402396858778,0.2499998434169722,0.061737495131894304,0.015341135542204684,False,SUCCESS
E0142,D0053,mixed_q0,0,600,600.4827202791407,0.0008045337985676494,1300,0.8,1150,0.8000555378383025,0.9859862670188144,0.061168864615233964,0.24999910519364166,0.2248311066948543,0.015341135542204684,False,SUCCESS
E0142,D0053,mixed_q0,0,600,600.4827202791407,0.0008045337985676494,1300,0.8,1200,0.8000555378383025,0.9950450042706225,0.1413434057528199,0.24999855293709264,0.75,0.015341135542204684,False,GRAIN_GROWTH_FAILURE
E0142,D0053,mixed_q0,0,600,600.4827202791407,0.0008045337985676494,1300,0.8,1250,0.8000555378383025,0.9951543930105835,0.11018271660738643,0.24999903211653862,2.3116173321973226,0.015341135542204684,False,GRAIN_GROWTH_FAILURE
E0142,D0053,mixed_q0,0,300,301.4939978336591,0.004979992778863423,1500,0.88,900,0.8800576079465858,0.8801709572629536,0.00015286272671261587,0.2499998667717575,0.00011664273361608591,0.025808375239295547,False,DENSIFICATION_EXHAUSTION_FAILURE
E0142,D0053,mixed_q0,0,300,301.4939978336591,0.004979992778863423,1500,0.88,950,0.8800576079465858,0.8807916571497716,0.0006578888997555809,0.2499998668208795,0.0006780862412277787,0.025808375239295547,False,DENSIFICATION_EXHAUSTION_FAILURE
E0142,D0053,mixed_q0,0,300,301.4939978336591,0.004979992778863423,1500,0.88,1000,0.8800576079465858,0.8841137031405929,0.002551214331393345,0.24999986369336447,0.0034329697583267184,0.025808375239295547,False,DENSIFICATION_EXHAUSTION_FAILURE
E0142,D0053,mixed_q0,0,300,301.4939978336591,0.004979992778863423,1500,0.88,1050,0.8800576079465858,0.8986968683292359,0.009415262676693938,0.24999984510310289,0.015375156983085643,0.025808375239295547,False,DENSIFICATION_EXHAUSTION_FAILURE
E0142,D0053,mixed_q0,0,300,301.4939978336591,0.004979992778863423,1500,0.88,1100,0.8800576079465858,0.9423486959540404,0.039880472535296536,0.24999973354266947,0.061737495131894304,0.025808375239295547,False,SUCCESS
E0142,D0053,mixed_q0,0,300,301.4939978336591,0.004979992778863423,1500,0.88,1150,0.8800576079465858,0.9918049692781672,0.3580107242591812,0.24999861852019173,0.2248311066948543,0.025808375239295547,False,GRAIN_GROWTH_FAILURE
E0142,D0053,mixed_q0,0,300,301.4939978336591,0.004979992778863423,1500,0.88,1200,0.8800576079465858,0.9950217277855352,0.4492264855094602,0.24999858404004918,0.75,0.025808375239295547,False,GRAIN_GROWTH_FAILURE
E0142,D0053,mixed_q0,0,300,301.4939978336591,0.004979992778863423,1500,0.88,1250,0.8800576079465858,0.9951620993238119,0.36125299336305167,0.2499990427421969,2.3116173321973226,0.025808375239295547,False,GRAIN_GROWTH_FAILURE
E0142,D0053,mixed_q0,0,300,301.4939978336591,0.004979992778863423,1500,0.88,1300,0.8800576079465858,0.9951231854976482,0.28906885649180974,0.24999935461228726,6.632782065153073,0.025808375239295547,False,GRAIN_GROWTH_FAILURE
E0142,D0053,mixed_q0,0,300,301.4939978336591,0.004979992778863423,1500,0.88,1350,0.8800576079465858,0.9952132312152439,0.25114664554405447,0.24999948966185742,17.834968292973663,0.025808375239295547,False,GRAIN_GROWTH_FAILURE
E0142,D0053,mixed_q0,0,300,301.4939978336591,0.004979992778863423,1500,0.88,1400,0.8800576079465858,0.995238631229894,0.25114664554405447,0.24999949117536835,20.210228056691843,0.025808375239295547,False,GRAIN_GROWTH_FAILURE
E0142,D0053,mixed_q0,0,300,301.4939978336591,0.004979992778863423,1500,0.88,1450,0.8800576079465858,0.995238631229894,0.25114664554405447,0.24999949117536835,20.210228056691843,0.025808375239295547,False,GRAIN_GROWTH_FAILURE
E0142,D0053,mixed_q0,0,600,600.7677691731335,0.001279615288555769,1500,0.88,900,0.8800555378383021,0.8801632748504967,3.849926965975369e-05,0.24999986704992838,0.00011664273361608591,0.025807921063352668,False,DENSIFICATION_EXHAUSTION_FAILURE
E0142,D0053,mixed_q0,0,600,600.7677691731335,0.001279615288555769,1500,0.88,950,0.8800555378383021,0.8807547337671225,0.00016570325905631295,0.24999986690419526,0.0006780862412277787,0.025807921063352668,False,DENSIFICATION_EXHAUSTION_FAILURE
E0142,D0053,mixed_q0,0,600,600.7677691731335,0.001279615288555769,1500,0.88,1000,0.8800555378383021,0.8839285512118844,0.0006426083809925165,0.24999986380921946,0.0034329697583267184,0.025807921063352668,False,DENSIFICATION_EXHAUSTION_FAILURE
E0142,D0053,mixed_q0,0,600,600.7677691731335,0.001279615288555769,1500,0.88,1050,0.8800555378383021,0.8979273153593172,0.0023701909652106183,0.24999984605100256,0.015375156983085643,0.025807921063352668,False,DENSIFICATION_EXHAUSTION_FAILURE
E0142,D0053,mixed_q0,0,600,600.7677691731335,0.001279615288555769,1500,0.88,1100,0.8800555378383021,0.9403962918524885,0.010003976712133286,0.2499997412493657,0.061737495131894304,0.025807921063352668,False,SUCCESS
E0142,D0053,mixed_q0,0,600,600.7677691731335,0.001279615288555769,1500,0.88,1150,0.8800555378383021,0.9906888995712434,0.0933081106438785,0.249998736018128,0.2248311066948543,0.025807921063352668,False,SUCCESS
E0142,D0053,mixed_q0,0,600,600.7677691731335,0.001279615288555769,1500,0.88,1200,0.8800555378383021,0.9950585888790026,0.1397884571950183,0.24999855024079032,0.75,0.025807921063352668,False,GRAIN_GROWTH_FAILURE
E0142,D0053,mixed_q0,0,600,600.7677691731335,0.001279615288555769,1500,0.88,1250,0.8800555378383021,0.9951972204099762,0.10975522114883603,0.24999902546649413,2.3116173321973226,0.025807921063352668,False,GRAIN_GROWTH_FAILURE
E0142,D0053,mixed_q0,0,600,600.7677691731335,0.001279615288555769,1500,0.88,1300,0.8800555378383021,0.9954686554089273,0.09131866682297589,0.24999932733762953,6.632782065153073,0.025807921063352668,False,SUCCESS
E0142,D0053,mixed_q0,0,600,600.7677691731335,0.001279615288555769,1500,0.88,1350,0.8800555378383021,0.9954686554089273,0.07658236383486051,0.24999948236933558,17.834968292973663,0.025807921063352668,False,SUCCESS
E0142,D0053,mixed_q0,0,600,600.7677691731335,0.001279615288555769,1500,0.88,1400,0.8800555378383021,0.9954686554089273,0.07578420715819498,0.24999948775986247,21.351624234930263,0.025807921063352668,False,SUCCESS
E0142,D0053,mixed_q0,0,600,600.7677691731335,0.001279615288555769,1500,0.88,1450,0.8800555378383021,0.9954686554089273,0.07578420715819498,0.24999948775986247,21.351624234930263,0.025807921063352668,False,SUCCESS
E0142,D0054,mixed_q1,1,300,305.2547136462768,0.017515712154255784,1300,0.8,900,0.8000576079464028,0.8002477602458198,0.0004938570655393329,0.24999766076409555,8.877537690417627e-05,0.08549013380743085,False,DENSIFICATION_EXHAUSTION_FAILURE
E0142,D0054,mixed_q1,1,300,305.2547136462768,0.017515712154255784,1300,0.8,950,0.8000576079464028,0.8012896350757314,0.002123881438663547,0.2499976499664345,0.0002865531329162691,0.08549013380743085,False,DENSIFICATION_EXHAUSTION_FAILURE
E0142,D0054,mixed_q1,1,300,305.2547136462768,0.017515712154255784,1300,0.8,1000,0.8000576079464028,0.8068676598271775,0.00821085016256037,0.24999758332456926,0.0008397901450968954,0.08549013380743085,False,DENSIFICATION_EXHAUSTION_FAILURE
E0142,D0054,mixed_q1,1,300,305.2547136462768,0.017515712154255784,1300,0.8,1050,0.8000576079464028,0.8313499065569673,0.02992853620232494,0.24999723073246505,0.002233755042657735,0.08549013380743085,False,DENSIFICATION_EXHAUSTION_FAILURE
E0142,D0054,mixed_q1,1,300,305.2547136462768,0.017515712154255784,1300,0.8,1100,0.8000576079464028,0.9045159209789008,0.11962861487320695,0.249995074407438,0.005192231429161831,0.08549013380743085,False,GRAIN_GROWTH_FAILURE
E0142,D0054,mixed_q1,1,300,305.2547136462768,0.017515712154255784,1300,0.8,1150,0.8000576079464028,0.9870245859512389,0.7172633567371474,0.24996567642118508,0.008021946456194834,0.08549013380743085,False,GRAIN_GROWTH_FAILURE
E0142,D0054,mixed_q1,1,300,305.2547136462768,0.017515712154255784,1300,0.8,1200,0.8000576079464028,0.9950099215989144,1.0026326671132544,0.24993833083008468,0.015394185412391879,0.08549013380743085,False,GRAIN_GROWTH_FAILURE
E0142,D0054,mixed_q1,1,300,305.2547136462768,0.017515712154255784,1300,0.8,1250,0.8000576079464028,0.9951048134229526,0.8185791165973308,0.2499564380828936,0.036124445605627255,0.08549013380743085,False,GRAIN_GROWTH_FAILURE
E0142,D0054,mixed_q1,1,600,602.7279467956157,0.0045465779926927505,1300,0.8,900,0.8000555378382805,0.80023756709977,0.00012669234490953084,0.24999766143612925,4.497722515631635e-05,0.08548929866228776,False,DENSIFICATION_EXHAUSTION_FAILURE
E0142,D0054,mixed_q1,1,600,602.7279467956157,0.0045465779926927505,1300,0.8,950,0.8000555378382805,0.8012371591703789,0.000545127582998289,0.24999765028464532,0.0001453548519525273,0.08548929866228776,False,DENSIFICATION_EXHAUSTION_FAILURE
E0142,D0054,mixed_q1,1,600,602.7279467956157,0.0045465779926927505,1300,0.8,1000,0.8000555378382805,0.8066019288177939,0.0021110782485881507,0.2499975861033172,0.000427899541594567,0.08548929866228776,False,DENSIFICATION_EXHAUSTION_FAILURE
E0142,D0054,mixed_q1,1,600,602.7279467956157,0.0045465779926927505,1300,0.8,1050,0.8000555378382805,0.8302608099358328,0.0077372513128126106,0.2499972476162561,0.0011561539762099183,0.08548929866228776,False,DENSIFICATION_EXHAUSTION_FAILURE
E0142,D0054,mixed_q1,1,600,602.7279467956157,0.0045465779926927505,1300,0.8,1100,0.8000555378382805,0.901921012273368,0.031581878522698635,0.24999520197628347,0.0028534852359320207,0.08548929866228776,False,SUCCESS
E0142,D0054,mixed_q1,1,600,602.7279467956157,0.0045465779926927505,1300,0.8,1150,0.8000555378382805,0.9858573180072105,0.2171226162840499,0.2499681049412745,0.00572737366974548,0.08548929866228776,False,GRAIN_GROWTH_FAILURE
E0142,D0054,mixed_q1,1,600,602.7279467956157,0.0045465779926927505,1300,0.8,1200,0.8000555378382805,0.995035042371513,0.34318018716177673,0.24993711578787872,0.01160525405486105,0.08548929866228776,False,GRAIN_GROWTH_FAILURE
E0142,D0054,mixed_q1,1,600,602.7279467956157,0.0045465779926927505,1300,0.8,1250,0.8000555378382805,0.995118457424897,0.27104383140163474,0.24995588529255297,0.026078392719881105,0.08548929866228776,False,GRAIN_GROWTH_FAILURE
E0142,D0054,mixed_q1,1,300,308.19990512084286,0.027333017069476027,1500,0.88,900,0.8800576079464025,0.8801707025407963,0.0007770976520420583,0.24999603128843362,8.790219530114074e-05,0.13715191145719716,False,DENSIFICATION_EXHAUSTION_FAILURE
E0142,D0054,mixed_q1,1,300,308.19990512084286,0.027333017069476027,1500,0.88,950,0.8800576079464025,0.8807900047243161,0.003340008103880902,0.24999600680400655,0.0002834714993723027,0.13715191145719716,False,DENSIFICATION_EXHAUSTION_FAILURE
E0142,D0054,mixed_q1,1,300,308.19990512084286,0.027333017069476027,1500,0.88,1000,0.8800576079464025,0.8841036413038785,0.012881105709125257,0.2499958964745266,0.0008279377544258557,0.13715191145719716,False,DENSIFICATION_EXHAUSTION_FAILURE
E0142,D0054,mixed_q1,1,300,308.19990512084286,0.027333017069476027,1500,0.88,1050,0.8800576079464025,0.8986351189177147,0.04650775007921857,0.249995308139825,0.002177431329856118,0.13715191145719716,False,DENSIFICATION_EXHAUSTION_FAILURE
E0142,D0054,mixed_q1,1,300,308.19990512084286,0.027333017069476027,1500,0.88,1100,0.8800576079464025,0.9420257792074094,0.17844719821721605,0.24999174949796238,0.00488643514937454,0.13715191145719716,False,GRAIN_GROWTH_FAILURE
E0142,D0054,mixed_q1,1,300,308.19990512084286,0.027333017069476027,1500,0.88,1150,0.8800576079464025,0.9913094140950532,0.8781566036873389,0.2499497720820159,0.007257283599511604,0.13715191145719716,False,GRAIN_GROWTH_FAILURE
E0142,D0054,mixed_q1,1,300,308.19990512084286,0.027333017069476027,1500,0.88,1200,0.8800576079464025,0.9950344901892793,0.9687810949606344,0.24993810675682246,0.015510183619834106,0.13715191145719716,False,GRAIN_GROWTH_FAILURE
E0142,D0054,mixed_q1,1,300,308.19990512084286,0.027333017069476027,1500,0.88,1250,0.8800576079464025,0.99508515187551,0.7874754471859292,0.24995655636486533,0.036401827188719954,0.13715191145719716,False,GRAIN_GROWTH_FAILURE
E0142,D0054,mixed_q1,1,300,308.19990512084286,0.027333017069476027,1500,0.88,1300,0.8800576079464025,0.9951104916239337,0.6544363203558089,0.24996988065955367,0.07941448735295868,0.13715191145719716,False,GRAIN_GROWTH_FAILURE
E0142,D0054,mixed_q1,1,300,308.19990512084286,0.027333017069476027,1500,0.88,1350,0.8800576079464025,0.9951288998839027,0.5795867288489716,0.24997693642254706,0.16083876338041767,0.13715191145719716,False,GRAIN_GROWTH_FAILURE
E0142,D0054,mixed_q1,1,300,308.19990512084286,0.027333017069476027,1500,0.88,1400,0.8800576079464025,0.9951616470423089,0.5795867288489716,0.24997703512268357,0.17659062596876782,0.13715191145719716,False,GRAIN_GROWTH_FAILURE
E0142,D0054,mixed_q1,1,300,308.19990512084286,0.027333017069476027,1500,0.88,1450,0.8800576079464025,0.9951616470423089,0.5795867288489716,0.24997703512268357,0.17659062596876782,0.13715191145719716,False,GRAIN_GROWTH_FAILURE
E0142,D0054,mixed_q1,1,600,604.2460240053906,0.0070767066756508255,1500,0.88,900,0.8800555378382803,0.8801632426546753,0.00020221900923703476,0.24999602271574037,4.486084578432836e-05,0.1371497737111246,False,DENSIFICATION_EXHAUSTION_FAILURE
E0142,D0054,mixed_q1,1,600,604.2460240053906,0.0070767066756508255,1500,0.88,950,0.8800555378382803,0.8807545243722877,0.0008698773417738717,0.249996006485034,0.0001449427221285381,0.1371497737111246,False,DENSIFICATION_EXHAUSTION_FAILURE
E0142,D0054,mixed_q1,1,600,604.2460240053906,0.0070767066756508255,1500,0.88,1000,0.8800555378382803,0.8839272682074177,0.0033646691230685595,0.2499959011483891,0.0004262923545011147,0.1371497737111246,False,DENSIFICATION_EXHAUSTION_FAILURE
E0142,D0054,mixed_q1,1,600,604.2460240053906,0.0070767066756508255,1500,0.88,1050,0.8800555378382803,0.8979192498301602,0.012265113505487282,0.249995338438874,0.001148102093825138,0.1371497737111246,False,DENSIFICATION_EXHAUSTION_FAILURE
E0142,D0054,mixed_q1,1,600,604.2460240053906,0.0070767066756508255,1500,0.88,1100,0.8800555378382803,0.9403494491917822,0.048700293913387385,0.24999197211392724,0.002799967618006681,0.1371497737111246,False,SUCCESS
E0142,D0054,mixed_q1,1,600,604.2460240053906,0.0070767066756508255,1500,0.88,1150,0.8800555378382803,0.9905700465170205,0.27979153667782247,0.2499529618714557,0.00543407800398335,0.1371497737111246,False,GRAIN_GROWTH_FAILURE
E0142,D0054,mixed_q1,1,600,604.2460240053906,0.0070767066756508255,1500,0.88,1200,0.8800555378382803,0.9950508988979924,0.3338713075497205,0.24993697366546533,0.011657126483023706,0.1371497737111246,False,GRAIN_GROWTH_FAILURE
E0142,D0054,mixed_q1,1,600,604.2460240053906,0.0070767066756508255,1500,0.88,1250,0.8800555378382803,0.9951607676014907,0.2648378418602238,0.24995562471165578,0.02614156858836904,0.1371497737111246,False,GRAIN_GROWTH_FAILURE
E0142,D0054,mixed_q1,1,600,604.2460240053906,0.0070767066756508255,1500,0.88,1300,0.8800555378382803,0.9954055990434009,0.22003122608891987,0.24996865435698265,0.05492847546400287,0.1371497737111246,False,GRAIN_GROWTH_FAILURE
E0142,D0054,mixed_q1,1,600,604.2460240053906,0.0070767066756508255,1500,0.88,1350,0.8800555378382803,0.9954681509517301,0.1918393087763826,0.24997628674980793,0.10866699037339009,0.1371497737111246,False,GRAIN_GROWTH_FAILURE
E0142,D0054,mixed_q1,1,600,604.2460240053906,0.0070767066756508255,1500,0.88,1400,0.8800555378382803,0.9954681509517301,0.1905083091722423,0.24997660129713908,0.12293225065436986,0.1371497737111246,False,GRAIN_GROWTH_FAILURE
E0142,D0054,mixed_q1,1,600,604.2460240053906,0.0070767066756508255,1500,0.88,1450,0.8800555378382803,0.9954681509517301,0.1905083091722423,0.24997660129713908,0.12293225065436986,0.1371497737111246,False,GRAIN_GROWTH_FAILURE
E0142,D0055,persistent_junction_only,0,300,302.30670028146955,0.007689000938231635,1300,0.8,900,0.8000576079465512,0.8002479277661089,9.653978563443849e-05,0.49999861482719765,6.803549059673149e-05,0.016394558376078908,False,DENSIFICATION_EXHAUSTION_FAILURE
E0142,D0055,persistent_junction_only,0,300,302.30670028146955,0.007689000938231635,1300,0.8,950,0.8000576079465512,0.8012907433603338,0.0004145273897756523,0.4999986119233958,0.00030758055209108737,0.01639842094832048,False,DENSIFICATION_EXHAUSTION_FAILURE
E0142,D0055,persistent_junction_only,0,300,302.30670028146955,0.007689000938231635,1300,0.8,1000,0.8000576079465512,0.8068748085185973,0.001586500946770615,0.4999985866004202,0.0012351436853180614,0.01641337726192857,False,DENSIFICATION_EXHAUSTION_FAILURE
E0142,D0055,persistent_junction_only,0,300,302.30670028146955,0.007689000938231635,1300,0.8,1050,0.8000576079465512,0.8313991621906985,0.005486781835250609,0.4999984233343923,0.004465249131733168,0.01646545692721642,False,DENSIFICATION_EXHAUSTION_FAILURE
E0142,D0055,persistent_junction_only,0,300,302.30670028146955,0.007689000938231635,1300,0.8,1100,0.8000576079465512,0.9048246602482231,0.017372739884892307,0.49999745529882955,0.01470036361431318,0.01663044339878777,False,SUCCESS
E0142,D0055,persistent_junction_only,0,300,302.30670028146955,0.007689000938231635,1300,0.8,1150,0.8000576079465512,0.9878213085011858,0.05110860243514013,0.4999902154309895,0.04450908845268526,0.017110634432843656,False,SUCCESS
E0142,D0055,persistent_junction_only,0,300,302.30670028146955,0.007689000938231635,1300,0.8,1200,0.8000576079465512,0.9950551701455257,0.05724459425978529,0.4999895879826688,0.125,0.018404928928579135,False,SUCCESS
E0142,D0055,persistent_junction_only,0,300,302.30670028146955,0.007689000938231635,1300,0.8,1250,0.8000576079465512,0.995250375735614,0.052458455893225266,0.49999334452423005,0.3280411374002423,0.02165473769709153,False,SUCCESS
E0142,D0055,persistent_junction_only,0,600,601.1938250935755,0.001989708489292267,1300,0.8,900,0.8000555378382983,0.8002375883495337,2.4411163530880115e-05,0.49999861804925855,6.803549059673149e-05,0.016394569531366546,False,DENSIFICATION_EXHAUSTION_FAILURE
E0142,D0055,persistent_junction_only,0,600,601.1938250935755,0.001989708489292267,1300,0.8,950,0.8000555378382983,0.8012372998754623,0.00010483030650157833,0.4999986135796443,0.00030758055209108737,0.016398432106192504,False,DENSIFICATION_EXHAUSTION_FAILURE
E0142,D0055,persistent_junction_only,0,600,601.1938250935755,0.001989708489292267,1300,0.8,1000,0.8000555378382983,0.8066028378099204,0.0004013872209478974,0.4999985871599831,0.0012351436853180614,0.016413388429807402,False,DENSIFICATION_EXHAUSTION_FAILURE
E0142,D0055,persistent_junction_only,0,600,601.1938250935755,0.001989708489292267,1300,0.8,1050,0.8000555378382983,0.8302671485011666,0.0013901779681525744,0.49999842835192143,0.004465249131733168,0.016465468129937745,False,DENSIFICATION_EXHAUSTION_FAILURE
E0142,D0055,persistent_junction_only,0,600,601.1938250935755,0.001989708489292267,1300,0.8,1100,0.8000555378382983,0.9019634963585815,0.0044210573699365605,0.49999750366148477,0.01470036361431318,0.01663045471186405,False,SUCCESS
E0142,D0055,persistent_junction_only,0,600,601.1938250935755,0.001989708489292267,1300,0.8,1150,0.8000555378382983,0.986013323792413,0.013165943678963126,0.49999083484278656,0.04450908845268526,0.017110646066892336,False,SUCCESS
E0142,D0055,persistent_junction_only,0,600,601.1938250935755,0.001989708489292267,1300,0.8,1200,0.8000555378382983,0.9950132675723266,0.01580585643030511,0.49998939942242865,0.125,0.018404941426179728,False,SUCCESS
E0142,D0055,persistent_junction_only,0,600,601.1938250935755,0.001989708489292267,1300,0.8,1250,0.8000555378382983,0.9951743032451548,0.014400164631040125,0.4999932776149433,0.3280411374002423,0.02165475235274542,False,SUCCESS
E0142,D0055,persistent_junction_only,0,300,307.9035457632233,0.026345152544077415,1500,0.88,900,0.8800576079465513,0.8801707172540335,9.306236343873172e-05,0.4999976448806225,6.803549059673149e-05,0.016394556364735472,False,DENSIFICATION_EXHAUSTION_FAILURE
E0142,D0055,persistent_junction_only,0,300,307.9035457632233,0.026345152544077415,1500,0.88,950,0.8800576079465513,0.8807901747334528,0.0003995981422329587,0.49999764155424453,0.00030758055209108737,0.016398418936511075,False,DENSIFICATION_EXHAUSTION_FAILURE
E0142,D0055,persistent_junction_only,0,300,307.9035457632233,0.026345152544077415,1500,0.88,1000,0.8800576079465513,0.8841060585906395,0.0015293951076659161,0.49999760960313516,0.0012351436853180614,0.016413375248314894,False,DENSIFICATION_EXHAUSTION_FAILURE
E0142,D0055,persistent_junction_only,0,300,307.9035457632233,0.026345152544077415,1500,0.88,1050,0.8800576079465513,0.898667038107696,0.005289654517820951,0.49999738148747275,0.004465249131733168,0.016465454907320504,False,DENSIFICATION_EXHAUSTION_FAILURE
E0142,D0055,persistent_junction_only,0,300,307.9035457632233,0.026345152544077415,1500,0.88,1100,0.8800576079465513,0.9423022538636325,0.01675208287198934,0.4999960054363223,0.01470036361431318,0.016630441358994403,False,SUCCESS
E0142,D0055,persistent_junction_only,0,300,307.9035457632233,0.026345152544077415,1500,0.88,1150,0.8800576079465513,0.992005063635469,0.049302768135453076,0.4999873263838178,0.04450908845268526,0.01711063233517767,False,SUCCESS
E0142,D0055,persistent_junction_only,0,300,307.9035457632233,0.026345152544077415,1500,0.88,1200,0.8800576079465513,0.9950577995553084,0.04857014155481662,0.4999894200367208,0.125,0.01840492667521125,False,SUCCESS
E0142,D0055,persistent_junction_only,0,300,307.9035457632233,0.026345152544077415,1500,0.88,1250,0.8800576079465513,0.9950318544324891,0.043814725093723264,0.49999308054456254,0.3280411374002423,0.021654735054617905,False,SUCCESS
E0142,D0055,persistent_junction_only,0,300,307.9035457632233,0.026345152544077415,1500,0.88,1300,0.8800576079465513,0.9950512697739647,0.04570357847739182,0.49999497965651746,0.8096754708686998,0.029278220203898808,False,SUCCESS
E0142,D0055,persistent_junction_only,0,300,307.9035457632233,0.026345152544077415,1500,0.88,1350,0.8800576079465513,0.9950512697739647,0.05043990910906171,0.49999568890490387,1.8902511397741395,0.0459571068889117,False,SUCCESS
E0142,D0055,persistent_junction_only,0,300,307.9035457632233,0.026345152544077415,1500,0.88,1400,0.8800576079465513,0.9950512697739647,0.05055301462288735,0.49999569672900934,2.0452356568798185,0.07968262334096084,False,SUCCESS
E0142,D0055,persistent_junction_only,0,300,307.9035457632233,0.026345152544077415,1500,0.88,1450,0.8800576079465513,0.9950512697739647,0.05055301462288735,0.49999569672900934,2.0452356568798185,0.14149055566636629,False,SUCCESS
E0142,D0055,persistent_junction_only,0,600,604.1590505473297,0.006931750912216015,1500,0.88,900,0.8800555378382983,0.8801632439313827,2.417218048879499e-05,0.49999763178881423,6.803549059673149e-05,0.01639456962936922,False,DENSIFICATION_EXHAUSTION_FAILURE
E0142,D0055,persistent_junction_only,0,600,604.1590505473297,0.006931750912216015,1500,0.88,950,0.8800555378382983,0.8807545423142259,0.00010380406760708799,0.49999763201650393,0.00030758055209108737,0.01639843220421788,False,DENSIFICATION_EXHAUSTION_FAILURE
E0142,D0055,persistent_junction_only,0,600,604.1590505473297,0.006931750912216015,1500,0.88,1000,0.8800555378382983,0.8839275588457228,0.0003974584044101732,0.49999760445351366,0.0012351436853180614,0.01641338852792069,False,DENSIFICATION_EXHAUSTION_FAILURE
E0142,D0055,persistent_junction_only,0,600,604.1590505473297,0.006931750912216015,1500,0.88,1050,0.8800555378382983,0.8979233855242523,0.0013765774548919237,0.49999738606796834,0.004465249131733168,0.016465468228357136,False,DENSIFICATION_EXHAUSTION_FAILURE
E0142,D0055,persistent_junction_only,0,600,604.1590505473297,0.006931750912216015,1500,0.88,1100,0.8800555378382983,0.9403896884503972,0.004377870519641925,0.4999960753205196,0.01470036361431318,0.016630454811252943,False,SUCCESS
E0142,D0055,persistent_junction_only,0,600,604.1590505473297,0.006931750912216015,1500,0.88,1150,0.8800555378382983,0.9907205801339002,0.01303567978357114,0.49998813000916426,0.04450908845268526,0.017110646169101074,False,SUCCESS
E0142,D0055,persistent_junction_only,0,600,604.1590505473297,0.006931750912216015,1500,0.88,1200,0.8800555378382983,0.9950241910590676,0.013780577570254877,0.4999892274378184,0.125,0.018404941535975036,False,SUCCESS
E0142,D0055,persistent_junction_only,0,600,604.1590505473297,0.006931750912216015,1500,0.88,1250,0.8800555378382983,0.9952157671127522,0.01260340207615911,0.4999928658345217,0.3280411374002423,0.0216547524814999,False,SUCCESS
E0142,D0055,persistent_junction_only,0,600,604.1590505473297,0.006931750912216015,1500,0.88,1300,0.8800555378382983,0.9954681917107975,0.013385974840627623,0.4999948012513099,0.8096754708686998,0.029278243582262598,False,SUCCESS
E0142,D0055,persistent_junction_only,0,600,604.1590505473297,0.006931750912216015,1500,0.88,1350,0.8800555378382983,0.9954681917107975,0.0149583974440134,0.49999561541687476,1.8902511397741395,0.04595714295468441,False,SUCCESS
E0142,D0055,persistent_junction_only,0,600,604.1590505473297,0.006931750912216015,1500,0.88,1400,0.8800555378382983,0.9954681917107975,0.015068757400249974,0.4999956407050192,2.2038080805649987,0.07968268366298321,False,SUCCESS
E0142,D0055,persistent_junction_only,0,600,604.1590505473297,0.006931750912216015,1500,0.88,1450,0.8800555378382983,0.9954681917107975,0.015068757400249974,0.4999956407050192,2.2038080805649987,0.1414906555851537,False,SUCCESS
E0142,D0058,persistent_q0,0,300,361.430833785056,0.2047694459501865,1300,0.8,900,0.8000576079462834,0.8002451642447435,0.00031720820168404753,0.4999766208107114,0.0011664273361608592,0.07700878232015909,False,PREP_GROWTH_EXCEEDED
E0142,D0058,persistent_q0,0,300,361.430833785056,0.2047694459501865,1300,0.8,950,0.8000576079462834,0.8012735504989327,0.001368243517615109,0.499976502134595,0.006780862412277786,0.07740721054706536,False,PREP_GROWTH_EXCEEDED
E0142,D0058,persistent_q0,0,300,361.430833785056,0.2047694459501865,1300,0.8,1000,0.8000576079462834,0.8067838735005013,0.0053556109638174315,0.4999758439842111,0.034329697583267184,0.07935723855604086,False,PREP_GROWTH_EXCEEDED
E0142,D0058,persistent_q0,0,300,361.430833785056,0.2047694459501865,1300,0.8,1050,0.8000576079462834,0.8310080437049461,0.020288882407860975,0.49997236411629226,0.15375156983085644,0.087715991524295,False,PREP_GROWTH_EXCEEDED
E0142,D0058,persistent_q0,0,300,361.430833785056,0.2047694459501865,1300,0.8,1100,0.8000576079462834,0.9037117862610259,0.08390707962120197,0.4999511616009692,0.617374951318943,0.11877714327164356,False,PREP_GROWTH_EXCEEDED
E0142,D0058,persistent_q0,0,300,361.430833785056,0.2047694459501865,1300,0.8,1150,0.8000576079462834,0.9867335226382876,0.38234102135072295,0.49966416744506514,2.248311066948543,0.21303441275711038,False,PREP_GROWTH_EXCEEDED
E0142,D0058,persistent_q0,0,300,361.430833785056,0.2047694459501865,1300,0.8,1200,0.8000576079462834,0.9950651638106023,0.7191823804074242,0.49937646109804407,7.5,0.4146440136581181,False,PREP_GROWTH_EXCEEDED
E0142,D0058,persistent_q0,0,300,361.430833785056,0.2047694459501865,1300,0.8,1250,0.8000576079462834,0.9951807312611047,0.8486770886073387,0.4995579876173064,23.116173321973225,0.6677479051062293,False,PREP_GROWTH_EXCEEDED
E0142,D0058,persistent_q0,0,600,633.8156705402628,0.05635945090043781,1300,0.8,900,0.8000555378382659,0.800237167220289,0.00010316093132784068,0.49997661625496653,0.0011664273361608592,0.07700891116775965,False,DENSIFICATION_EXHAUSTION_FAILURE
E0142,D0058,persistent_q0,0,600,633.8156705402628,0.05635945090043781,1300,0.8,950,0.8000555378382659,0.8012346747077187,0.00044513096618806143,0.49997650366053176,0.006780862412277786,0.07740734000539036,False,DENSIFICATION_EXHAUSTION_FAILURE
E0142,D0058,persistent_q0,0,600,633.8156705402628,0.05635945090043781,1300,0.8,1000,0.8000555378382659,0.8065888883213377,0.0017446751327256547,0.4999758628506205,0.034329697583267184,0.07935737099513403,False,DENSIFICATION_EXHAUSTION_FAILURE
E0142,D0058,persistent_q0,0,600,633.8156705402628,0.05635945090043781,1300,0.8,1050,0.8000555378382659,0.8302063175934544,0.006642322141650737,0.4999724846589423,0.15375156983085644,0.08771613658418406,False,DENSIFICATION_EXHAUSTION_FAILURE
E0142,D0058,persistent_q0,0,600,633.8156705402628,0.05635945090043781,1300,0.8,1100,0.8000555378382659,0.9017810986759304,0.02803505441734286,0.49995208511297734,0.617374951318943,0.11877733301086159,False,SUCCESS
E0142,D0058,persistent_q0,0,600,633.8156705402628,0.05635945090043781,1300,0.8,1150,0.8000555378382659,0.9857889037198603,0.13848154598636636,0.4996826681497701,2.248311066948543,0.2130347166663531,False,GRAIN_GROWTH_FAILURE
E0142,D0058,persistent_q0,0,600,633.8156705402628,0.05635945090043781,1300,0.8,1200,0.8000555378382659,0.9950054840953098,0.28450970683171134,0.4993730413144686,7.5,0.4146444536389013,False,GRAIN_GROWTH_FAILURE
E0142,D0058,persistent_q0,0,600,633.8156705402628,0.05635945090043781,1300,0.8,1250,0.8000555378382659,0.9950872464445858,0.34108873127397793,0.49955791342599215,23.116173321973225,0.6677483072842268,False,GRAIN_GROWTH_FAILURE
E0142,D0058,persistent_q0,0,300,384.27912917628424,0.28093043058761397,1500,0.88,900,0.8800576079462834,0.8801684938456966,0.00028062250330432786,0.49996017846544427,0.0011664273361608592,0.07700926585065998,False,PREP_GROWTH_EXCEEDED
E0142,D0058,persistent_q0,0,300,384.27912917628424,0.28093043058761397,1500,0.88,950,0.8800576079462834,0.8807763526577645,0.0012105078604351081,0.4999600627134905,0.006780862412277786,0.07740769636945039,False,PREP_GROWTH_EXCEEDED
E0142,D0058,persistent_q0,0,300,384.27912917628424,0.28093043058761397,1500,0.88,1000,0.8800576079462834,0.8840330754724028,0.004739279857655947,0.49995898954439894,0.034329697583267184,0.07935773556444481,False,PREP_GROWTH_EXCEEDED
E0142,D0058,persistent_q0,0,300,384.27912917628424,0.28093043058761397,1500,0.88,1050,0.8800576079462834,0.8983545340087683,0.01796912115814722,0.4999532119662165,0.15375156983085644,0.08771653589513909,False,PREP_GROWTH_EXCEEDED
E0142,D0058,persistent_q0,0,300,384.27912917628424,0.28093043058761397,1500,0.88,1100,0.8800576079462834,0.9414262281346947,0.07456261677651242,0.49991835237168275,0.617374951318943,0.11877785531191144,False,PREP_GROWTH_EXCEEDED
E0142,D0058,persistent_q0,0,300,384.27912917628424,0.28093043058761397,1500,0.88,1150,0.8800576079462834,0.9911727163836535,0.34375293406799684,0.4995061651262842,2.248311066948543,0.21303555324624632,False,PREP_GROWTH_EXCEEDED
E0142,D0058,persistent_q0,0,300,384.27912917628424,0.28093043058761397,1500,0.88,1200,0.8800576079462834,0.9950233890279001,0.5849632710974914,0.4993811803625541,7.5,0.414645664785257,False,PREP_GROWTH_EXCEEDED
E0142,D0058,persistent_q0,0,300,384.27912917628424,0.28093043058761397,1500,0.88,1250,0.8800576079462834,0.9952312318068881,0.6980955185802569,0.499555220070117,23.116173321973225,0.6677494143679814,False,PREP_GROWTH_EXCEEDED
E0142,D0058,persistent_q0,0,300,384.27912917628424,0.28093043058761397,1500,0.88,1300,0.8800576079462834,0.9951835789933667,0.6922374987859644,0.4996960473661172,66.32782065153073,0.8487350771440876,False,PREP_GROWTH_EXCEEDED
E0142,D0058,persistent_q0,0,300,384.27912917628424,0.28093043058761397,1500,0.88,1350,0.8800576079462834,0.99531896662106,0.6635823485468716,0.4997661816497187,178.34968292973662,0.9372903782336737,False,PREP_GROWTH_EXCEEDED
E0142,D0058,persistent_q0,0,300,384.27912917628424,0.28093043058761397,1500,0.88,1400,0.8800576079462834,0.9953467307373738,0.6631984604504895,0.4997680840893542,211.05925810415306,0.974196809002096,False,PREP_GROWTH_EXCEEDED
E0142,D0058,persistent_q0,0,300,384.27912917628424,0.28093043058761397,1500,0.88,1450,0.8800576079462834,0.9953467307373738,0.6631984604504895,0.4997680840893542,211.05925810415306,0.9890766884420599,False,PREP_GROWTH_EXCEEDED
E0142,D0058,persistent_q0,0,600,647.1853533224536,0.07864225553742239,1500,0.88,900,0.8800555378382657,0.8801628797744453,9.89459556254837e-05,0.499960209682974,0.0011664273361608592,0.07700983462498398,False,DENSIFICATION_EXHAUSTION_FAILURE
E0142,D0058,persistent_q0,0,600,647.1853533224536,0.07864225553742239,1500,0.88,950,0.8800555378382657,0.8807522738415643,0.00042694659781477207,0.4999600655297608,0.006780862412277786,0.077408267839702,False,DENSIFICATION_EXHAUSTION_FAILURE
E0142,D0058,persistent_q0,0,600,647.1853533224536,0.07864225553742239,1500,0.88,1000,0.8800555378382657,0.8839155270418508,0.0016734466584775638,0.4999590154013456,0.034329697583267184,0.07935832019273328,False,DENSIFICATION_EXHAUSTION_FAILURE
E0142,D0058,persistent_q0,0,600,647.1853533224536,0.07864225553742239,1500,0.88,1050,0.8800555378382657,0.8978711998118122,0.0063717820531881235,0.4999534040020275,0.15375156983085644,0.08771717623552962,False,DENSIFICATION_EXHAUSTION_FAILURE
E0142,D0058,persistent_q0,0,600,647.1853533224536,0.07864225553742239,1500,0.88,1100,0.8800555378382657,0.9402361800500308,0.026904772769015827,0.4999198638619239,0.617374951318943,0.11877869288052575,False,SUCCESS
E0142,D0058,persistent_q0,0,600,647.1853533224536,0.07864225553742239,1500,0.88,1150,0.8800555378382657,0.9905398861060591,0.13313478131511539,0.49953192100812494,2.248311066948543,0.2130368947947729,False,GRAIN_GROWTH_FAILURE
E0142,D0058,persistent_q0,0,600,647.1853533224536,0.07864225553742239,1500,0.88,1200,0.8800555378382657,0.9950242438789121,0.24434061470499643,0.499371616852371,7.5,0.41464760698750946,False,GRAIN_GROWTH_FAILURE
E0142,D0058,persistent_q0,0,600,647.1853533224536,0.07864225553742239,1500,0.88,1250,0.8800555378382657,0.9951305302975636,0.29407622156776503,0.49955563143387127,23.116173321973225,0.6677511896889252,False,GRAIN_GROWTH_FAILURE
E0142,D0058,persistent_q0,0,600,647.1853533224536,0.07864225553742239,1500,0.88,1300,0.8800555378382657,0.9954626942216676,0.2994618775324152,0.49968264999239803,66.32782065153073,0.8487361044679083,False,GRAIN_GROWTH_FAILURE
E0142,D0058,persistent_q0,0,600,647.1853533224536,0.07864225553742239,1500,0.88,1350,0.8800555378382657,0.9954626942216676,0.2822447321677388,0.4997622121127827,178.34968292973662,0.9372908485661949,False,GRAIN_GROWTH_FAILURE
E0142,D0058,persistent_q0,0,600,647.1853533224536,0.07864225553742239,1500,0.88,1400,0.8800555378382657,0.9954626942216676,0.28126783393804883,0.49976558425142015,215.91063724087203,0.9741970101505323,False,GRAIN_GROWTH_FAILURE
E0142,D0058,persistent_q0,0,600,647.1853533224536,0.07864225553742239,1500,0.88,1450,0.8800555378382657,0.9954626942216676,0.28126783393804883,0.49976558425142015,215.91063724087203,0.9890767748952008,False,GRAIN_GROWTH_FAILURE
E0142,D0060,pore_pinned_q0,0,300,309.7766486479825,0.03258882882660805,1300,0.8,900,0.8000576079462024,0.8002475115793077,0.0008833500788516936,0.7499998593424054,0.0006123194153705834,0.15751434516957652,False,DENSIFICATION_EXHAUSTION_FAILURE
E0142,D0060,pore_pinned_q0,0,300,309.7766486479825,0.03258882882660805,1300,0.8,950,0.8000576079462024,0.8012880267505249,0.0037957609729191246,0.7499998591461726,0.0027682249688197862,0.15751434516957652,False,DENSIFICATION_EXHAUSTION_FAILURE
E0142,D0060,pore_pinned_q0,0,300,309.7766486479825,0.03258882882660805,1300,0.8,1000,0.8000576079462024,0.8068579807596803,0.014623909691699839,0.7499998559308372,0.011116293167862553,0.15751434516957652,False,DENSIFICATION_EXHAUSTION_FAILURE
E0142,D0060,pore_pinned_q0,0,300,309.7766486479825,0.03258882882660805,1300,0.8,1050,0.8000576079462024,0.8312926209707592,0.05259064418093181,0.7499998368764244,0.040187242185598514,0.15751434516957652,False,DENSIFICATION_EXHAUSTION_FAILURE
E0142,D0060,pore_pinned_q0,0,300,309.7766486479825,0.03258882882660805,1300,0.8,1100,0.8000576079462024,0.9042486588957815,0.1986013531634631,0.7499997239628909,0.13230327252881863,0.15751434516957652,False,GRAIN_GROWTH_FAILURE
E0142,D0060,pore_pinned_q0,0,300,309.7766486479825,0.03258882882660805,1300,0.8,1150,0.8000576079462024,0.9867476762040596,0.9232738808386238,0.7499986919704765,0.40058179607416733,0.15751434516957652,False,GRAIN_GROWTH_FAILURE
E0142,D0060,pore_pinned_q0,0,300,309.7766486479825,0.03258882882660805,1300,0.8,1200,0.8000576079462024,0.9950635289836355,1.1905030962762453,0.7499982944539605,1.125,0.15751434516957652,False,GRAIN_GROWTH_FAILURE
E0142,D0060,pore_pinned_q0,0,300,309.7766486479825,0.03258882882660805,1300,0.8,1250,0.8000576079462024,0.9952209225602547,0.9830336863504121,0.7499989007519626,2.9523702366021807,0.15751434516957652,False,GRAIN_GROWTH_FAILURE
E0142,D0060,pore_pinned_q0,0,600,605.1010618249624,0.008501769708270383,1300,0.8,900,0.800055537838256,0.8002375346621238,0.00023158169027288872,0.7499998589953559,0.0006123194153705834,0.15751292761270363,False,DENSIFICATION_EXHAUSTION_FAILURE
E0142,D0060,pore_pinned_q0,0,600,605.1010618249624,0.008501769708270383,1300,0.8,950,0.800055537838256,0.8012369487595019,0.0009960840510553665,0.7499998590318079,0.0027682249688197862,0.15751292761270363,False,DENSIFICATION_EXHAUSTION_FAILURE
E0142,D0060,pore_pinned_q0,0,600,605.1010618249624,0.008501769708270383,1300,0.8,1000,0.800055537838256,0.8066006515065917,0.0038510143865626636,0.7499998559755275,0.011116293167862553,0.15751292761270363,False,DENSIFICATION_EXHAUSTION_FAILURE
E0142,D0060,pore_pinned_q0,0,600,605.1010618249624,0.008501769708270383,1300,0.8,1050,0.800055537838256,0.8302529842640746,0.014008661944166553,0.7499998375722493,0.040187242185598514,0.15751292761270363,False,DENSIFICATION_EXHAUSTION_FAILURE
E0142,D0060,pore_pinned_q0,0,600,605.1010618249624,0.008501769708270383,1300,0.8,1100,0.800055537838256,0.9018788037793403,0.0550719968534736,0.7499997291947595,0.13230327252881863,0.15751292761270363,False,SUCCESS
E0142,D0060,pore_pinned_q0,0,600,605.1010618249624,0.008501769708270383,1300,0.8,1150,0.800055537838256,0.98577974684044,0.3005386969101089,0.749998737957587,0.40058179607416733,0.15751292761270363,False,GRAIN_GROWTH_FAILURE
E0142,D0060,pore_pinned_q0,0,600,605.1010618249624,0.008501769708270383,1300,0.8,1200,0.800055537838256,0.9950023847369105,0.42050628754669656,0.7499982722980713,1.125,0.15751292761270363,False,GRAIN_GROWTH_FAILURE
E0142,D0060,pore_pinned_q0,0,600,605.1010618249624,0.008501769708270383,1300,0.8,1250,0.800055537838256,0.9951047732924697,0.33490653271936294,0.7499988976087656,2.9523702366021807,0.15751292761270363,False,GRAIN_GROWTH_FAILURE
E0142,D0060,pore_pinned_q0,0,300,314.89722714860443,0.04965742382868122,1500,0.88,900,0.880057607946202,0.8801704600137893,0.0013088101322985012,0.7499997615959725,0.0006123194153705834,0.241220034148768,False,DENSIFICATION_EXHAUSTION_FAILURE
E0142,D0060,pore_pinned_q0,0,300,314.89722714860443,0.04965742382868122,1500,0.88,950,0.880057607946202,0.8807884419321111,0.005618840323449742,0.7499997609936667,0.0027682249688197862,0.241220034148768,False,DENSIFICATION_EXHAUSTION_FAILURE
E0142,D0060,pore_pinned_q0,0,300,314.89722714860443,0.04965742382868122,1500,0.88,1000,0.880057607946202,0.8840943451050957,0.021567185462205214,0.7499997562275813,0.011116293167862553,0.241220034148768,False,DENSIFICATION_EXHAUSTION_FAILURE
E0142,D0060,pore_pinned_q0,0,300,314.89722714860443,0.04965742382868122,1500,0.88,1050,0.880057607946202,0.898581908839482,0.07646523891364357,0.7499997267733683,0.040187242185598514,0.241220034148768,False,DENSIFICATION_EXHAUSTION_FAILURE
E0142,D0060,pore_pinned_q0,0,300,314.89722714860443,0.04965742382868122,1500,0.88,1100,0.880057607946202,0.941799434123826,0.27341225923479645,0.7499995540856167,0.13230327252881863,0.241220034148768,False,GRAIN_GROWTH_FAILURE
E0142,D0060,pore_pinned_q0,0,300,314.89722714860443,0.04965742382868122,1500,0.88,1150,0.880057607946202,0.9911178586574289,1.0578650627000188,0.7499982472142029,0.40058179607416733,0.241220034148768,False,GRAIN_GROWTH_FAILURE
E0142,D0060,pore_pinned_q0,0,300,314.89722714860443,0.04965742382868122,1500,0.88,1200,0.880057607946202,0.9950205652630657,1.122702368410706,0.7499983018106541,1.125,0.241220034148768,False,GRAIN_GROWTH_FAILURE
E0142,D0060,pore_pinned_q0,0,300,314.89722714860443,0.04965742382868122,1500,0.88,1250,0.880057607946202,0.995174280509441,0.9271032051511017,0.7499988902059492,2.9523702366021807,0.241220034148768,False,GRAIN_GROWTH_FAILURE
E0142,D0060,pore_pinned_q0,0,300,314.89722714860443,0.04965742382868122,1500,0.88,1300,0.880057607946202,0.9951202191403264,0.77141949218497,0.7499992447766085,7.287079237818299,0.241220034148768,False,GRAIN_GROWTH_FAILURE
E0142,D0060,pore_pinned_q0,0,300,314.89722714860443,0.04965742382868122,1500,0.88,1350,0.880057607946202,0.9950617363509141,0.6869224358520191,0.749999389180655,17.012260257967256,0.241220034148768,False,GRAIN_GROWTH_FAILURE
E0142,D0060,pore_pinned_q0,0,300,314.89722714860443,0.04965742382868122,1500,0.88,1400,0.880057607946202,0.9950961445985046,0.6869224358520191,0.7499993908517757,19.19557488199971,0.241220034148768,False,GRAIN_GROWTH_FAILURE
E0142,D0060,pore_pinned_q0,0,300,314.89722714860443,0.04965742382868122,1500,0.88,1450,0.880057607946202,0.9950961445985046,0.6869224358520191,0.7499993908517757,19.19557488199971,0.241220034148768,False,GRAIN_GROWTH_FAILURE
E0142,D0060,pore_pinned_q0,0,600,607.7715754605606,0.012952625767600786,1500,0.88,900,0.8800555378382564,0.8801632104518368,0.00035150178339179425,0.7499997639990093,0.0006123194153705834,0.24121672779041428,False,DENSIFICATION_EXHAUSTION_FAILURE
E0142,D0060,pore_pinned_q0,0,600,607.7715754605606,0.012952625767600786,1500,0.88,950,0.8800555378382564,0.8807543158667069,0.0015112624593277776,0.7499997621869022,0.0027682249688197862,0.24121672779041428,False,DENSIFICATION_EXHAUSTION_FAILURE
E0142,D0060,pore_pinned_q0,0,600,607.7715754605606,0.012952625767600786,1500,0.88,1000,0.8800555378382564,0.8839260093805918,0.005831544556359418,0.7499997565914556,0.011116293167862553,0.24121672779041428,False,DENSIFICATION_EXHAUSTION_FAILURE
E0142,D0060,pore_pinned_q0,0,600,607.7715754605606,0.012952625767600786,1500,0.88,1050,0.8800555378382564,0.8979116455016698,0.021032943452709896,0.7499997277983448,0.040187242185598514,0.24121672779041428,False,DENSIFICATION_EXHAUSTION_FAILURE
E0142,D0060,pore_pinned_q0,0,600,607.7715754605606,0.012952625767600786,1500,0.88,1100,0.8800555378382564,0.9403101191936205,0.07943565230964829,0.7499995617045637,0.13230327252881863,0.24121672779041428,False,SUCCESS
E0142,D0060,pore_pinned_q0,0,600,607.7715754605606,0.012952625767600786,1500,0.88,1150,0.8800555378382564,0.9905100006117884,0.3614568545571369,0.7499982958898516,0.40058179607416733,0.24121672779041428,False,GRAIN_GROWTH_FAILURE
E0142,D0060,pore_pinned_q0,0,600,607.7715754605606,0.012952625767600786,1500,0.88,1200,0.8800555378382564,0.995019964754091,0.4037527200577553,0.7499982676611833,1.125,0.24121672779041428,False,GRAIN_GROWTH_FAILURE
E0142,D0060,pore_pinned_q0,0,600,607.7715754605606,0.012952625767600786,1500,0.88,1250,0.8800555378382564,0.9951466295065149,0.32273222589708456,0.7499988784873652,2.9523702366021807,0.24121672779041428,False,GRAIN_GROWTH_FAILURE
E0142,D0060,pore_pinned_q0,0,600,607.7715754605606,0.012952625767600786,1500,0.88,1300,0.8800555378382564,0.9954136900770069,0.2699333960031607,0.7499992225826221,7.287079237818299,0.24121672779041428,False,GRAIN_GROWTH_FAILURE
E0142,D0060,pore_pinned_q0,0,600,607.7715754605606,0.012952625767600786,1500,0.88,1350,0.8800555378382564,0.9954676483838263,0.23802419791918977,0.7499993765708718,17.012260257967256,0.24121672779041428,False,GRAIN_GROWTH_FAILURE
E0142,D0060,pore_pinned_q0,0,600,607.7715754605606,0.012952625767600786,1500,0.88,1400,0.8800555378382564,0.9954676483838263,0.23661796404657862,0.7499993819268439,19.951669067730194,0.24121672779041428,False,GRAIN_GROWTH_FAILURE
E0142,D0060,pore_pinned_q0,0,600,607.7715754605606,0.012952625767600786,1500,0.88,1450,0.8800555378382564,0.9954676483838263,0.23661796404657862,0.7499993819268439,19.951669067730194,0.24121672779041428,False,GRAIN_GROWTH_FAILURE
E0142,D0064,mixed_q0,0,300,302.72998353894644,0.00909994512982127,1300,0.8,900,0.8000576079465108,0.8002479025812332,0.0002623110324560775,0.7499990650066448,0.0007229988821722799,0.04465379641918085,False,DENSIFICATION_EXHAUSTION_FAILURE
E0142,D0064,mixed_q0,0,300,302.72998353894644,0.00909994512982127,1300,0.8,950,0.8000576079465108,0.8012905582009799,0.001128650658426765,0.7499990630468439,0.002337522435918953,0.04465379641918085,False,DENSIFICATION_EXHAUSTION_FAILURE
E0142,D0064,mixed_q0,0,300,302.72998353894644,0.00909994512982127,1300,0.8,1000,0.8000576079465108,0.806873270845829,0.004372205862044836,0.7499990459573354,0.006892008718806554,0.04465379641918085,False,DENSIFICATION_EXHAUSTION_FAILURE
E0142,D0064,mixed_q0,0,300,302.72998353894644,0.00909994512982127,1300,0.8,1050,0.8000576079465108,0.8313842197618037,0.01606689094030055,0.7499989358152085,0.01872602241391707,0.04465379641918085,False,DENSIFICATION_EXHAUSTION_FAILURE
E0142,D0064,mixed_q0,0,300,302.72998353894644,0.00909994512982127,1300,0.8,1100,0.8000576079465108,0.9046950407258868,0.06667294888788634,0.7499982840558617,0.04730770024783499,0.04465379641918085,False,SUCCESS
E0142,D0064,mixed_q0,0,300,302.72998353894644,0.00909994512982127,1300,0.8,1150,0.8000576079465108,0.987294169204648,0.5080466181211019,0.7499935345458596,0.11197904651717376,0.04465379641918085,False,GRAIN_GROWTH_FAILURE
E0142,D0064,mixed_q0,0,300,302.72998353894644,0.00909994512982127,1300,0.8,1200,0.8000576079465108,0.9950435291593968,0.7935527495469871,0.7499929264542579,0.25,0.04465379641918085,False,GRAIN_GROWTH_FAILURE
E0142,D0064,mixed_q0,0,300,302.72998353894644,0.00909994512982127,1300,0.8,1250,0.8000576079465108,0.9950189403573831,0.6327942808963287,0.7499955680097689,0.5294721578706808,0.04465379641918085,False,GRAIN_GROWTH_FAILURE
E0142,D0064,mixed_q0,0,600,601.413239320839,0.0023553988680649804,1300,0.8,900,0.8000555378382933,0.8002375851915028,6.646770064248255e-05,0.7499990672214468,0.0007229988821722799,0.044653340721762365,False,DENSIFICATION_EXHAUSTION_FAILURE
E0142,D0064,mixed_q0,0,600,601.413239320839,0.0023553988680649804,1300,0.8,950,0.8000555378382933,0.8012372767051826,0.0002860536561302569,0.7499990641868487,0.002337522435918953,0.044653340721762365,False,DENSIFICATION_EXHAUSTION_FAILURE
E0142,D0064,mixed_q0,0,600,601.413239320839,0.0023553988680649804,1300,0.8,1000,0.8000555378382933,0.8066026460858939,0.0011088409272550404,0.7499990463370523,0.006892008718806554,0.044653340721762365,False,DENSIFICATION_EXHAUSTION_FAILURE
E0142,D0064,mixed_q0,0,600,601.413239320839,0.0023553988680649804,1300,0.8,1050,0.8000555378382933,0.8302652751678923,0.004081634821823566,0.7499989391264248,0.01872602241391707,0.044653340721762365,False,DENSIFICATION_EXHAUSTION_FAILURE
E0142,D0064,mixed_q0,0,600,601.413239320839,0.0023553988680649804,1300,0.8,1100,0.8000555378382933,0.901946517584444,0.017045806183787142,0.7499983148939527,0.04730770024783499,0.044653340721762365,False,SUCCESS
E0142,D0064,mixed_q0,0,600,601.413239320839,0.0023553988680649804,1300,0.8,1150,0.8000555378382933,0.9859214207698986,0.14243045905009824,0.7499938117293675,0.11197904651717376,0.044653340721762365,False,GRAIN_GROWTH_FAILURE
E0142,D0064,mixed_q0,0,600,601.413239320839,0.0023553988680649804,1300,0.8,1200,0.8000555378382933,0.9950685775330564,0.26143228422264364,0.7499927503625855,0.25,0.044653340721762365,False,GRAIN_GROWTH_FAILURE
E0142,D0064,mixed_q0,0,600,601.413239320839,0.0023553988680649804,1300,0.8,1250,0.8000555378382933,0.9951330947673802,0.2044151438533101,0.7499954613263676,0.5294721578706808,0.044653340721762365,False,GRAIN_GROWTH_FAILURE
E0142,D0064,mixed_q0,0,300,304.3202614886007,0.014400871628668845,1500,0.88,900,0.8800576079465107,0.8801708484006244,0.0004279479137744266,0.7499984102935662,0.0007229988821722799,0.07362485019623839,False,DENSIFICATION_EXHAUSTION_FAILURE
E0142,D0064,mixed_q0,0,300,304.3202614886007,0.014400871628668845,1500,0.88,950,0.8800576079465107,0.8807909495033602,0.0018407204753283753,0.7499984080457079,0.002337522435918953,0.07362485019623839,False,DENSIFICATION_EXHAUSTION_FAILURE
E0142,D0064,mixed_q0,0,300,304.3202614886007,0.014400871628668845,1500,0.88,1000,0.8800576079465107,0.8841093634705013,0.0071208551956572375,0.7499983864577228,0.006892008718806554,0.07362485019623839,False,DENSIFICATION_EXHAUSTION_FAILURE
E0142,D0064,mixed_q0,0,300,304.3202614886007,0.014400871628668845,1500,0.88,1050,0.8800576079465107,0.8986696561064109,0.026024682708630693,0.7499982324407809,0.01872602241391707,0.07362485019623839,False,DENSIFICATION_EXHAUSTION_FAILURE
E0142,D0064,mixed_q0,0,300,304.3202614886007,0.014400871628668845,1500,0.88,1100,0.8800576079465107,0.9421963439164129,0.10524660733380767,0.7499973068229587,0.04730770024783499,0.07362485019623839,False,GRAIN_GROWTH_FAILURE
E0142,D0064,mixed_q0,0,300,304.3202614886007,0.014400871628668845,1500,0.88,1150,0.8800576079465107,0.9915131955474016,0.6680233739020366,0.7499916821704821,0.11197904651717376,0.07362485019623839,False,GRAIN_GROWTH_FAILURE
E0142,D0064,mixed_q0,0,300,304.3202614886007,0.014400871628668845,1500,0.88,1200,0.8800576079465107,0.9950659087849264,0.7761739279865024,0.7499928022645237,0.25,0.07362485019623839,False,GRAIN_GROWTH_FAILURE
E0142,D0064,mixed_q0,0,300,304.3202614886007,0.014400871628668845,1500,0.88,1250,0.8800576079465107,0.995023438542962,0.6175714078623219,0.7499953051968149,0.5294721578706808,0.07362485019623839,False,GRAIN_GROWTH_FAILURE
E0142,D0064,mixed_q0,0,300,304.3202614886007,0.014400871628668845,1500,0.88,1300,0.8800576079465107,0.9950762545577585,0.5102839656939625,0.7499965899762715,1.069127871849497,0.07362485019623839,False,GRAIN_GROWTH_FAILURE
E0142,D0064,mixed_q0,0,300,304.3202614886007,0.014400871628668845,1500,0.88,1350,0.8800576079465107,0.995085234393115,0.4455690521186834,0.7499970818247431,2.0673502493824234,0.07362485019623839,False,GRAIN_GROWTH_FAILURE
E0142,D0064,mixed_q0,0,300,304.3202614886007,0.014400871628668845,1500,0.88,1400,0.8800576079465107,0.9951132681377577,0.4455690521186834,0.749997086755446,2.2536225078374135,0.07362485019623839,False,GRAIN_GROWTH_FAILURE
E0142,D0064,mixed_q0,0,300,304.3202614886007,0.014400871628668845,1500,0.88,1450,0.8800576079465107,0.9951132681377577,0.4455690521186834,0.749997086755446,2.2536225078374135,0.07362485019623839,False,GRAIN_GROWTH_FAILURE
E0142,D0064,mixed_q0,0,600,602.2273363969646,0.0037122273282742388,1500,0.88,900,0.8800555378382933,0.8801632612881122,0.00010929085678294452,0.7499984024407683,0.0007229988821722799,0.0736236181393739,False,DENSIFICATION_EXHAUSTION_FAILURE
E0142,D0064,mixed_q0,0,600,602.2273363969646,0.0037122273282742388,1500,0.88,950,0.8800555378382933,0.8807546454415749,0.00047028145321665845,0.749998402311905,0.002337522435918953,0.0736236181393739,False,DENSIFICATION_EXHAUSTION_FAILURE
E0142,D0064,mixed_q0,0,600,602.2273363969646,0.0037122273282742388,1500,0.88,1000,0.8800555378382933,0.8839280076271062,0.0018217354107902676,0.7499983833758942,0.006892008718806554,0.0736236181393739,False,DENSIFICATION_EXHAUSTION_FAILURE
E0142,D0064,mixed_q0,0,600,602.2273363969646,0.0037122273282742388,1500,0.88,1050,0.8800555378382933,0.8979238572339585,0.0066850775386846925,0.7499982356969807,0.01872602241391707,0.0736236181393739,False,DENSIFICATION_EXHAUSTION_FAILURE
E0142,D0064,mixed_q0,0,600,602.2273363969646,0.0037122273282742388,1500,0.88,1100,0.8800555378382933,0.9403754721886545,0.027455969542510752,0.749997350477029,0.04730770024783499,0.0736236181393739,False,SUCCESS
E0142,D0064,mixed_q0,0,600,602.2273363969646,0.0037122273282742388,1500,0.88,1150,0.8800555378382933,0.9906253134068951,0.19718735474284035,0.7499919844070048,0.11197904651717376,0.0736236181393739,False,GRAIN_GROWTH_FAILURE
E0142,D0064,mixed_q0,0,600,602.2273363969646,0.0037122273282742388,1500,0.88,1200,0.8800555378382933,0.9950140919902722,0.2538521621791142,0.7499926864365523,0.25,0.0736236181393739,False,GRAIN_GROWTH_FAILURE
E0142,D0064,mixed_q0,0,600,602.2273363969646,0.0037122273282742388,1500,0.88,1250,0.8800555378382933,0.9951760466749486,0.20169661172281403,0.7499951846270703,0.5294721578706808,0.0736236181393739,False,GRAIN_GROWTH_FAILURE
E0142,D0064,mixed_q0,0,600,602.2273363969646,0.0037122273282742388,1500,0.88,1300,0.8800555378382933,0.9954231178779552,0.1671696230343339,0.7499964956077154,1.069127871849497,0.0736236181393739,False,GRAIN_GROWTH_FAILURE
E0142,D0064,mixed_q0,0,600,602.2273363969646,0.0037122273282742388,1500,0.88,1350,0.8800555378382933,0.9954684426541268,0.14366003658502088,0.7499970390272953,2.0673502493824234,0.0736236181393739,False,GRAIN_GROWTH_FAILURE
E0142,D0064,mixed_q0,0,600,602.2273363969646,0.0037122273282742388,1500,0.88,1400,0.8800555378382933,0.9954684426541268,0.14247843469422866,0.7499970566041296,2.334174894249045,0.0736236181393739,False,GRAIN_GROWTH_FAILURE
E0142,D0064,mixed_q0,0,600,602.2273363969646,0.0037122273282742388,1500,0.88,1450,0.8800555378382933,0.9954684426541268,0.14247843469422866,0.7499970566041296,2.334174894249045,0.0736236181393739,False,GRAIN_GROWTH_FAILURE
E0142,D0065,mixed_q1,1,300,302.4372434582077,0.008124144860692264,1300,0.8,900,0.8000576079465228,0.8002479192513697,0.00023478561948541942,0.9999813410862043,3.3735702820783024e-06,0.039890179925219246,False,DENSIFICATION_EXHAUSTION_FAILURE
E0142,D0065,mixed_q1,1,300,302.4372434582077,0.008124144860692264,1300,0.8,950,0.8000576079465228,0.801290666438631,0.0010102755246646088,0.9999812203117785,1.52397284321336e-05,0.039890179925219246,False,DENSIFICATION_EXHAUSTION_FAILURE
E0142,D0065,mixed_q1,1,300,302.4372434582077,0.008124144860692264,1300,0.8,1000,0.8000576079465228,0.8068739314694532,0.003914584837563493,0.9999807095431382,6.102113433023993e-05,0.039890179925219246,False,DENSIFICATION_EXHAUSTION_FAILURE
E0142,D0065,mixed_q1,1,300,302.4372434582077,0.008124144860692264,1300,0.8,1050,0.8000576079465228,0.8313883162954578,0.014399259204002049,0.9999779773211726,0.0002183266266846674,0.039890179925219246,False,DENSIFICATION_EXHAUSTION_FAILURE
E0142,D0065,mixed_q1,1,300,302.4372434582077,0.008124144860692264,1300,0.8,1100,0.8000576079465228,0.9047175693369877,0.06003264992618804,0.9999614251657063,0.0006879167248235414,0.039890179925219246,False,SUCCESS
E0142,D0065,mixed_q1,1,300,302.4372434582077,0.008124144860692264,1300,0.8,1150,0.8000576079465228,0.987336917682054,0.4746478213833967,0.9997685535568405,0.0014977899074137123,0.039890179925219246,False,GRAIN_GROWTH_FAILURE
E0142,D0065,mixed_q1,1,300,302.4372434582077,0.008124144860692264,1300,0.8,1200,0.8000576079465228,0.9950626807192812,0.7581910860562762,0.9996568733313519,0.00354136233313081,0.039890179925219246,False,GRAIN_GROWTH_FAILURE
E0142,D0065,mixed_q1,1,300,302.4372434582077,0.008124144860692264,1300,0.8,1250,0.8000576079465228,0.99503594903732,0.6031580656326996,0.9997732819060744,0.01025012889033761,0.039890179925219246,False,GRAIN_GROWTH_FAILURE
E0142,D0065,mixed_q1,1,600,601.2612793610556,0.0021021322684259265,1300,0.8,900,0.8000555378382948,0.8002375872882475,5.9407357993943276e-05,0.999981322470717,1.6972186534240374e-06,0.03988977081127225,False,DENSIFICATION_EXHAUSTION_FAILURE
E0142,D0065,mixed_q1,1,600,601.2612793610556,0.0021021322684259265,1300,0.8,950,0.8000555378382948,0.8012372903353826,0.00025567455224500174,0.9999812179863151,7.671425991337421e-06,0.03988977081127225,False,DENSIFICATION_EXHAUSTION_FAILURE
E0142,D0065,mixed_q1,1,600,601.2612793610556,0.0021021322684259265,1300,0.8,1000,0.8000555378382948,0.8066027294432985,0.0009911922178308565,0.9999807271116888,3.078336954678099e-05,0.03988977081127225,False,DENSIFICATION_EXHAUSTION_FAILURE
E0142,D0065,mixed_q1,1,600,601.2612793610556,0.0021021322684259265,1300,0.8,1050,0.8000555378382948,0.830265797493047,0.0036504297848413505,0.9999781042636426,0.00011099280397204883,0.03988977081127225,False,DENSIFICATION_EXHAUSTION_FAILURE
E0142,D0065,mixed_q1,1,600,601.2612793610556,0.0021021322684259265,1300,0.8,1100,0.8000555378382948,0.9019495751070195,0.015286958605767198,0.9999624251464948,0.00036123211033169806,0.03988977081127225,False,SUCCESS
E0142,D0065,mixed_q1,1,600,601.2612793610556,0.0021021322684259265,1300,0.8,1150,0.8000555378382948,0.9859305466751844,0.13135307495733914,0.9997855657255874,0.000981941176671031,0.03988977081127225,False,GRAIN_GROWTH_FAILURE
E0142,D0065,mixed_q1,1,600,601.2612793610556,0.0021021322684259265,1300,0.8,1200,0.8000555378382948,0.9950048046941339,0.24500414696976958,0.9996533419406487,0.0025101758672472154,0.03988977081127225,False,GRAIN_GROWTH_FAILURE
E0142,D0065,mixed_q1,1,600,601.2612793610556,0.0021021322684259265,1300,0.8,1250,0.8000555378382948,0.9951355738650127,0.1933176537033856,0.9997677223246805,0.00689949095455276,0.03988977081127225,False,GRAIN_GROWTH_FAILURE
E0142,D0065,mixed_q1,1,300,303.86340809979646,0.01287802699932142,1500,0.88,900,0.8800576079465231,0.8801708658465043,0.00038469959751904397,0.9999680208402766,3.3572344790160183e-06,0.0659840967565556,False,DENSIFICATION_EXHAUSTION_FAILURE
E0142,D0065,mixed_q1,1,300,303.86340809979646,0.01287802699932142,1500,0.88,950,0.8800576079465231,0.8807910627614957,0.0016548502878136668,0.9999680365793431,1.5158460863360877e-05,0.0659840967565556,False,DENSIFICATION_EXHAUSTION_FAILURE
E0142,D0065,mixed_q1,1,300,303.86340809979646,0.01287802699932142,1500,0.88,1000,0.8800576079465231,0.8841100548731812,0.00640425088486448,0.9999672881567798,6.058480171413308e-05,0.0659840967565556,False,DENSIFICATION_EXHAUSTION_FAILURE
E0142,D0065,mixed_q1,1,300,303.86340809979646,0.01287802699932142,1500,0.88,1050,0.8800576079465231,0.8986739303295578,0.02344134183537023,0.9999628338075824,0.0002153862370841984,0.0659840967565556,False,DENSIFICATION_EXHAUSTION_FAILURE
E0142,D0065,mixed_q1,1,300,303.86340809979646,0.01287802699932142,1500,0.88,1100,0.8800576079465231,0.9422190999946273,0.09546138307439327,0.9999361861962569,0.0006625978496324443,0.0659840967565556,False,SUCCESS
E0142,D0065,mixed_q1,1,300,303.86340809979646,0.01287802699932142,1500,0.88,1150,0.8800576079465231,0.9915473981229128,0.6318787034395674,0.999675601370605,0.001347251249055208,0.0659840967565556,False,GRAIN_GROWTH_FAILURE
E0142,D0065,mixed_q1,1,300,303.86340809979646,0.01287802699932142,1500,0.88,1200,0.8800576079465231,0.9950121134938681,0.735208821619452,0.9996593354206526,0.003571629936795755,0.0659840967565556,False,GRAIN_GROWTH_FAILURE
E0142,D0065,mixed_q1,1,300,303.86340809979646,0.01287802699932142,1500,0.88,1250,0.8800576079465231,0.9950435402461968,0.5898333882789353,0.9997726533389852,0.01028752548121243,0.0659840967565556,False,GRAIN_GROWTH_FAILURE
E0142,D0065,mixed_q1,1,300,303.86340809979646,0.01287802699932142,1500,0.88,1300,0.8800576079465231,0.9950970427565261,0.4866934747440135,0.9998450980470577,0.027153372380542745,0.0659840967565556,False,GRAIN_GROWTH_FAILURE
E0142,D0065,mixed_q1,1,300,303.86340809979646,0.01287802699932142,1500,0.88,1350,0.8800576079465231,0.9951015852375124,0.4236624071899439,0.9998784695750373,0.06619828214371126,0.0659840967565556,False,GRAIN_GROWTH_FAILURE
E0142,D0065,mixed_q1,1,300,303.86340809979646,0.01287802699932142,1500,0.88,1400,0.8800576079465231,0.9951293945821869,0.4236624071899439,0.9998788391813539,0.07395681580763215,0.0659840967565556,False,GRAIN_GROWTH_FAILURE
E0142,D0065,mixed_q1,1,300,303.86340809979646,0.01287802699932142,1500,0.88,1450,0.8800576079465231,0.9951293945821869,0.4236624071899439,0.9998788391813539,0.07395681580763215,0.0659840967565556,False,GRAIN_GROWTH_FAILURE
E0142,D0065,mixed_q1,1,600,601.990772243209,0.0033179537386815255,1500,0.88,900,0.8800555378382947,0.880163263481126,9.802658821436281e-05,0.9999680949883366,1.6950966364444252e-06,0.06598298345472949,False,DENSIFICATION_EXHAUSTION_FAILURE
E0142,D0065,mixed_q1,1,600,601.990772243209,0.0033179537386815255,1500,0.88,950,0.8800555378382947,0.8807546597117578,0.00042182719420207044,0.9999680585127234,7.660859826777316e-06,0.06598298345472949,False,DENSIFICATION_EXHAUSTION_FAILURE
E0142,D0065,mixed_q1,1,600,601.990772243209,0.0033179537386815255,1500,0.88,1000,0.8800555378382947,0.8839280952096656,0.0016343300466548345,0.9999673152427401,3.072636604041837e-05,0.06598298345472949,False,DENSIFICATION_EXHAUSTION_FAILURE
E0142,D0065,mixed_q1,1,600,601.990772243209,0.0033179537386815255,1500,0.88,1050,0.8800555378382947,0.8979244102538231,0.006002231097471794,0.9999630538454879,0.00011059972030063426,0.06598298345472949,False,DENSIFICATION_EXHAUSTION_FAILURE
E0142,D0065,mixed_q1,1,600,601.990772243209,0.0033179537386815255,1500,0.88,1100,0.8800555378382947,0.9403787230292456,0.024756448503327623,0.9999379119999887,0.00035746938458580105,0.06598298345472949,False,SUCCESS
E0142,D0065,mixed_q1,1,600,601.990772243209,0.0033179537386815255,1500,0.88,1150,0.8800555378382947,0.9906337156339424,0.18401544858234947,0.9996972050337242,0.0009372891176188483,0.06598298345472949,False,GRAIN_GROWTH_FAILURE
E0142,D0065,mixed_q1,1,600,601.990772243209,0.0033179537386815255,1500,0.88,1200,0.8800555378382947,0.9950194380843187,0.24069520278111092,0.9996526885419805,0.002515871881351962,0.06598298345472949,False,GRAIN_GROWTH_FAILURE
E0142,D0065,mixed_q1,1,600,601.990772243209,0.0033179537386815255,1500,0.88,1250,0.8800555378382947,0.9951786419393176,0.19100116206838932,0.9997661368783746,0.006904736105953567,0.06598298345472949,False,GRAIN_GROWTH_FAILURE
E0142,D0065,mixed_q1,1,600,601.990772243209,0.0033179537386815255,1500,0.88,1300,0.8800555378382947,0.9954296693332412,0.15835883004678208,0.999838983580818,0.017591005631308495,0.06598298345472949,False,GRAIN_GROWTH_FAILURE
E0142,D0065,mixed_q1,1,600,601.990772243209,0.0033179537386815255,1500,0.88,1350,0.8800555378382947,0.9954684770307345,0.13568582124296544,0.9998756999093088,0.0418423282339624,0.06598298345472949,False,GRAIN_GROWTH_FAILURE
E0142,D0065,mixed_q1,1,600,601.990772243209,0.0033179537386815255,1500,0.88,1400,0.8800555378382947,0.9954684770307345,0.1345377741644029,0.9998770167591112,0.04893041422678102,0.06598298345472949,False,GRAIN_GROWTH_FAILURE
E0142,D0065,mixed_q1,1,600,601.990772243209,0.0033179537386815255,1500,0.88,1450,0.8800555378382947,0.9954684770307345,0.1345377741644029,0.9998770167591112,0.04893041422678102,0.06598298345472949,False,GRAIN_GROWTH_FAILURE
E0142,D0066,persistent_junction_only,0,300,358.1856042184457,0.19395201406148557,1300,0.8,900,0.8000576079465691,0.8002452931693558,5.1888887095818144e-05,0.999999653618362,0.0020240984195449537,0.012370362439615715,False,DENSIFICATION_EXHAUSTION_FAILURE
E0142,D0066,persistent_junction_only,0,300,358.1856042184457,0.19395201406148557,1300,0.8,950,0.8000576079465691,0.8012743895568136,0.00022536696977908975,0.9999996518661781,0.01391430323121462,0.01251531435635462,False,DENSIFICATION_EXHAUSTION_FAILURE
E0142,D0066,persistent_junction_only,0,300,358.1856042184457,0.19395201406148557,1300,0.8,1000,0.8000576079465691,0.8067890347332952,0.0009190028500709396,0.9999996421074505,0.08221116431093796,0.013347088964668812,False,DENSIFICATION_EXHAUSTION_FAILURE
E0142,D0066,persistent_junction_only,0,300,358.1856042184457,0.19395201406148557,1300,0.8,1050,0.8000576079465691,0.8310408283648986,0.004150548166567665,0.9999995904807436,0.4247120917824644,0.01749729875264914,False,DENSIFICATION_EXHAUSTION_FAILURE
E0142,D0066,persistent_junction_only,0,300,358.1856042184457,0.19395201406148557,1300,0.8,1100,0.8000576079465691,0.903893332548304,0.02623758811870921,0.9999992750619193,1.946803482692319,0.03552643640079247,False,SUCCESS
E0142,D0066,persistent_junction_only,0,300,358.1856042184457,0.19395201406148557,1300,0.8,1150,0.8000576079465691,0.9870075468503297,0.20012644871357382,0.9999949330721496,8.018393305842906,0.10130935205211818,False,GRAIN_GROWTH_FAILURE
E0142,D0066,persistent_junction_only,0,300,358.1856042184457,0.19395201406148557,1300,0.8,1200,0.8000576079465691,0.995010433891958,0.5230598688678701,0.9999908748794544,30.0,0.2792793398941784,False,GRAIN_GROWTH_FAILURE
E0142,D0066,persistent_junction_only,0,300,358.1856042184457,0.19395201406148557,1300,0.8,1250,0.8000576079465691,0.9952006897396846,0.74935312500088,0.9999934437406366,102.9279971103532,0.5650472595579104,False,GRAIN_GROWTH_FAILURE
E0142,D0066,persistent_junction_only,0,600,631.9329121327617,0.05322152022126921,1300,0.8,900,0.8000555378383004,0.8002371906372945,1.6670794305761177e-05,0.9999996535575683,0.0020240984195449537,0.012370362603736204,False,DENSIFICATION_EXHAUSTION_FAILURE
E0142,D0066,persistent_junction_only,0,600,631.9329121327617,0.05322152022126921,1300,0.8,950,0.8000555378383004,0.8012348272247906,7.240986102734132e-05,0.9999996518899572,0.01391430323121462,0.012515314522373852,False,DENSIFICATION_EXHAUSTION_FAILURE
E0142,D0066,persistent_junction_only,0,600,631.9329121327617,0.05322152022126921,1300,0.8,1000,0.8000555378383004,0.8065898279871591,0.00029534271847350495,0.9999996423947578,0.08221116431093796,0.013347089141572635,False,DENSIFICATION_EXHAUSTION_FAILURE
E0142,D0066,persistent_junction_only,0,600,631.9329121327617,0.05322152022126921,1300,0.8,1050,0.8000555378383004,0.8302123415420595,0.0013353311088085105,0.9999995923328105,0.4247120917824644,0.017497298983584812,False,DENSIFICATION_EXHAUSTION_FAILURE
E0142,D0066,persistent_junction_only,0,600,631.9329121327617,0.05322152022126921,1300,0.8,1100,0.8000555378383004,0.9018165130488938,0.008503699945370365,0.9999992898800114,1.946803482692319,0.035526436861078974,False,SUCCESS
E0142,D0066,persistent_junction_only,0,600,631.9329121327617,0.05322152022126921,1300,0.8,1150,0.8000555378383004,0.9858616128365711,0.06838278947414653,0.9999952822001696,8.018393305842906,0.10130935327517329,False,SUCCESS
E0142,D0066,persistent_junction_only,0,600,631.9329121327617,0.05322152022126921,1300,0.8,1200,0.8000555378383004,0.9950388450080175,0.19950739325554326,0.9999906910434286,30.0,0.27927934259808723,False,GRAIN_GROWTH_FAILURE
E0142,D0066,persistent_junction_only,0,600,631.9329121327617,0.05322152022126921,1300,0.8,1250,0.8000555378383004,0.9950966424147488,0.2937133942451025,0.9999934519802522,102.9279971103532,0.5650472628594241,False,GRAIN_GROWTH_FAILURE
E0142,D0066,persistent_junction_only,0,300,383.371585979418,0.27790528659805985,1500,0.88,900,0.8800576079465693,0.880168515893506,4.5295212579316637e-05,0.9999994100032674,0.0020240984195449537,0.012370363055333265,False,PREP_GROWTH_EXCEEDED
E0142,D0066,persistent_junction_only,0,300,383.371585979418,0.27790528659805985,1500,0.88,950,0.8800576079465693,0.8807765110433875,0.00019673108474633065,0.999999408289175,0.01391430323121462,0.012515314979195525,False,PREP_GROWTH_EXCEEDED
E0142,D0066,persistent_junction_only,0,300,383.371585979418,0.27790528659805985,1500,0.88,1000,0.8800576079465693,0.8840343314019607,0.0008022665056563384,0.9999993923834274,0.08221116431093796,0.013347089628344565,False,PREP_GROWTH_EXCEEDED
E0142,D0066,persistent_junction_only,0,300,383.371585979418,0.27790528659805985,1500,0.88,1050,0.8800576079465693,0.8983661554983016,0.0036240638922695155,0.9999993067086004,0.4247120917824644,0.017497299619031806,False,PREP_GROWTH_EXCEEDED
E0142,D0066,persistent_junction_only,0,300,383.371585979418,0.27790528659805985,1500,0.88,1100,0.8800576079465693,0.9415145155622228,0.02294067580819959,0.9999987884898248,1.946803482692319,0.03552643812761207,False,PREP_GROWTH_EXCEEDED
E0142,D0066,persistent_junction_only,0,300,383.371585979418,0.27790528659805985,1500,0.88,1150,0.8800576079465693,0.9913402863586294,0.1765399130738287,0.9999925648930827,8.018393305842906,0.10130935664055497,False,PREP_GROWTH_EXCEEDED
E0142,D0066,persistent_junction_only,0,300,383.371585979418,0.27790528659805985,1500,0.88,1200,0.8800576079465693,0.9950268872292779,0.41842943759094886,0.9999908517281854,30.0,0.27927935003821414,False,PREP_GROWTH_EXCEEDED
E0142,D0066,persistent_junction_only,0,300,383.371585979418,0.27790528659805985,1500,0.88,1250,0.8800576079465693,0.9950141012901166,0.5970855856781607,0.9999936182670589,102.9279971103532,0.5650472719439317,False,PREP_GROWTH_EXCEEDED
E0142,D0066,persistent_junction_only,0,300,383.371585979418,0.27790528659805985,1500,0.88,1300,0.8800576079465693,0.9951917279056088,0.6525284823406833,0.9999954941900165,326.5211988852183,0.80369124939651,False,PREP_GROWTH_EXCEEDED
E0142,D0066,persistent_junction_only,0,300,383.371585979418,0.27790528659805985,1500,0.88,1350,0.8800576079465693,0.9952934921797125,0.6348007827111917,0.9999965434395831,964.717273285009,0.9234975111609841,False,PREP_GROWTH_EXCEEDED
E0142,D0066,persistent_junction_only,0,300,383.371585979418,0.27790528659805985,1500,0.88,1400,0.8800576079465693,0.9953172715525804,0.6344707927228729,0.9999965714927851,1156.2045739573668,0.9709364073974759,False,PREP_GROWTH_EXCEEDED
E0142,D0066,persistent_junction_only,0,300,383.371585979418,0.27790528659805985,1500,0.88,1450,0.8800576079465693,0.9953172715525804,0.6344707927228729,0.9999965714927851,1156.2045739573668,0.9886601022948774,False,PREP_GROWTH_EXCEEDED
E0142,D0066,persistent_junction_only,0,600,646.6507728334708,0.07775128805578456,1500,0.88,900,0.8800555378383,0.8801628842042097,1.5920580846386407e-05,0.9999994104683703,0.0020240984195449537,0.012370363779537513,False,DENSIFICATION_EXHAUSTION_FAILURE
E0142,D0066,persistent_junction_only,0,600,646.6507728334708,0.07775128805578456,1500,0.88,950,0.8800555378383,0.8807523057462288,6.915138335658561e-05,0.999999408331597,0.01391430323121462,0.01251531571177823,False,DENSIFICATION_EXHAUSTION_FAILURE
E0142,D0066,persistent_junction_only,0,600,646.6507728334708,0.07775128805578456,1500,0.88,1000,0.8800555378383,0.8839157815957789,0.0002820535696310243,0.9999993927716057,0.08221116431093796,0.013347090408957039,False,DENSIFICATION_EXHAUSTION_FAILURE
E0142,D0066,persistent_junction_only,0,600,646.6507728334708,0.07775128805578456,1500,0.88,1050,0.8800555378383,0.8978735925160264,0.0012752767165208052,0.9999993096180038,0.4247120917824644,0.01749730063806725,False,DENSIFICATION_EXHAUSTION_FAILURE
E0142,D0066,persistent_junction_only,0,600,646.6507728334708,0.07775128805578456,1500,0.88,1100,0.8800555378383,0.9402554645686958,0.008122555119607258,0.9999988123608913,1.946803482692319,0.0355264401586896,False,SUCCESS
E0142,D0066,persistent_junction_only,0,600,646.6507728334708,0.07775128805578456,1500,0.88,1150,0.8800555378383,0.9905881557647369,0.06538235460861967,0.9999930429539238,8.018393305842906,0.10130936203745389,False,SUCCESS
E0142,D0066,persistent_junction_only,0,600,646.6507728334708,0.07775128805578456,1500,0.88,1200,0.8800555378383,0.9950523523029109,0.16986417147298216,0.9999906717362405,30.0,0.27927936196958353,False,GRAIN_GROWTH_FAILURE
E0142,D0066,persistent_junction_only,0,600,646.6507728334708,0.07775128805578456,1500,0.88,1250,0.8800555378383,0.9951386656982062,0.2514947162800777,0.9999934169088505,102.9279971103532,0.5650472865123142,False,GRAIN_GROWTH_FAILURE
E0142,D0066,persistent_junction_only,0,600,646.6507728334708,0.07775128805578456,1500,0.88,1300,0.8800555378383,0.9954627729704818,0.2800954099717406,0.9999952999727827,326.5211988852183,0.8036912587487015,False,GRAIN_GROWTH_FAILURE
E0142,D0066,persistent_junction_only,0,600,646.6507728334708,0.07775128805578456,1500,0.88,1350,0.8800555378383,0.9954627729704818,0.269046921162609,0.9999964773788557,964.717273285009,0.9234975153488789,False,GRAIN_GROWTH_FAILURE
E0142,D0066,persistent_junction_only,0,600,646.6507728334708,0.07775128805578456,1500,0.88,1400,0.8800555378383,0.9954627729704818,0.2681852596198363,0.9999965270835626,1188.6082243965639,0.970936409070201,False,GRAIN_GROWTH_FAILURE
E0142,D0066,persistent_junction_only,0,600,646.6507728334708,0.07775128805578456,1500,0.88,1450,0.8800555378383,0.9954627729704818,0.2681852596198363,0.9999965270835626,1188.6082243965639,0.9886601029594474,False,GRAIN_GROWTH_FAILURE
E0142,D0069,persistent_q0,0,300,347.3990232736615,0.15799674424553808,1300,0.8,900,0.8000576079459916,0.8002457289604625,0.0006368504730207343,0.9999998116447243,2.1952580569061748e-05,0.14285984536074506,False,DENSIFICATION_EXHAUSTION_FAILURE
E0142,D0069,persistent_q0,0,300,347.3990232736615,0.15799674424553808,1300,0.8,950,0.8000576079459916,0.8012770094531673,0.002731842993152863,0.9999998119198772,0.0001784505998636257,0.14287900783652546,False,DENSIFICATION_EXHAUSTION_FAILURE
E0142,D0069,persistent_q0,0,300,347.3990232736615,0.15799674424553808,1300,0.8,1000,0.8000576079459916,0.8068011408276454,0.010421517459223035,0.9999998079128626,0.0012304717222178345,0.1430078008369765,False,DENSIFICATION_EXHAUSTION_FAILURE
E0142,D0069,persistent_q0,0,300,347.3990232736615,0.15799674424553808,1300,0.8,1050,0.8000576079459916,0.8310698069587683,0.035736194584047115,0.9999997827516371,0.007332460129702843,0.14375407012310049,False,DENSIFICATION_EXHAUSTION_FAILURE
E0142,D0069,persistent_q0,0,300,347.3990232736615,0.15799674424553808,1300,0.8,1100,0.8000576079459916,0.903835487814036,0.11149968398907796,0.9999996333940756,0.03836853714389848,0.14752973449107856,False,GRAIN_GROWTH_FAILURE
E0142,D0069,persistent_q0,0,300,347.3990232736615,0.15799674424553808,1300,0.8,1150,0.8000576079459916,0.9869117316336732,0.32723121862010845,0.9999982501148775,0.17873035940275933,0.1641976250081975,False,GRAIN_GROWTH_FAILURE
E0142,D0069,persistent_q0,0,300,347.3990232736615,0.15799674424553808,1300,0.8,1200,0.8000576079459916,0.9950665823472239,0.462907650557809,0.9999977423498675,0.75,0.22580647222961675,False,GRAIN_GROWTH_FAILURE
E0142,D0069,persistent_q0,0,300,347.3990232736615,0.15799674424553808,1300,0.8,1250,0.8000576079459916,0.9950057696340201,0.5790210252829561,0.9999985691510604,2.8643832073728546,0.39175115193068377,False,GRAIN_GROWTH_FAILURE
E0142,D0069,persistent_q0,0,600,625.7422112562097,0.042903685427016024,1300,0.8,900,0.8000555378382309,0.8002372668295453,0.0001963356656411935,0.9999998120258009,2.1952580569061748e-05,0.14285985186583244,False,DENSIFICATION_EXHAUSTION_FAILURE
E0142,D0069,persistent_q0,0,600,625.7422112562097,0.042903685427016024,1300,0.8,950,0.8000555378382309,0.8012352866432744,0.0008428125792728046,0.999999812051856,0.0001784505998636257,0.14287901434233996,False,DENSIFICATION_EXHAUSTION_FAILURE
E0142,D0069,persistent_q0,0,600,625.7422112562097,0.042903685427016024,1300,0.8,1000,0.8000555378382309,0.8065919700500306,0.0032236783981550543,0.9999998079626506,0.0012304717222178345,0.14300780734767696,False,DENSIFICATION_EXHAUSTION_FAILURE
E0142,D0069,persistent_q0,0,600,625.7422112562097,0.042903685427016024,1300,0.8,1050,0.8000555378382309,0.8302176318961202,0.011149128333259638,0.9999997834411868,0.007332460129702843,0.14375407666207715,False,DENSIFICATION_EXHAUSTION_FAILURE
E0142,D0069,persistent_q0,0,600,625.7422112562097,0.042903685427016024,1300,0.8,1100,0.8000555378382309,0.9018055221342356,0.035644832486889,0.9999996391033006,0.03836853714389848,0.1475297411722085,False,SUCCESS
E0142,D0069,persistent_q0,0,600,625.7422112562097,0.042903685427016024,1300,0.8,1150,0.8000555378382309,0.9858369777510139,0.11116453788476803,0.9999983208342337,0.17873035940275933,0.16419763229876927,False,GRAIN_GROWTH_FAILURE
E0142,D0069,persistent_q0,0,600,625.7422112562097,0.042903685427016024,1300,0.8,1200,0.8000555378382309,0.9950571797516011,0.16794458649287047,0.999997698421223,0.75,0.22580648151665078,False,GRAIN_GROWTH_FAILURE
E0142,D0069,persistent_q0,0,600,625.7422112562097,0.042903685427016024,1300,0.8,1250,0.8000555378382309,0.995113969518084,0.21607098237371639,0.9999985295348901,2.8643832073728546,0.3917511645891967,False,GRAIN_GROWTH_FAILURE
E0142,D0069,persistent_q0,0,300,379.593323066391,0.2653110768879698,1500,0.88,900,0.8800576079459916,0.8801686022696795,0.0005334331291978102,0.9999996835229478,2.1952580569061748e-05,0.1428598448210107,False,PREP_GROWTH_EXCEEDED
E0142,D0069,persistent_q0,0,300,379.593323066391,0.2653110768879698,1500,0.88,950,0.8800576079459916,0.8807770028983806,0.002288609885170921,0.9999996820659767,0.0001784505998636257,0.14287900729673078,False,PREP_GROWTH_EXCEEDED
E0142,D0069,persistent_q0,0,300,379.593323066391,0.2653110768879698,1500,0.88,1000,0.8800576079459916,0.88403606391818,0.008736039078487558,0.9999996752630003,0.0012304717222178345,0.14300780029677643,False,PREP_GROWTH_EXCEEDED
E0142,D0069,persistent_q0,0,300,379.593323066391,0.2653110768879698,1500,0.88,1050,0.8800576079459916,0.8983621511806412,0.030015667701383926,0.9999996363429152,0.007332460129702843,0.14375406958055428,False,PREP_GROWTH_EXCEEDED
E0142,D0069,persistent_q0,0,300,379.593323066391,0.2653110768879698,1500,0.88,1100,0.8800576079459916,0.9414338198655943,0.09416026382492511,0.999999408682914,0.03836853714389848,0.14752973393673774,False,PREP_GROWTH_EXCEEDED
E0142,D0069,persistent_q0,0,300,379.593323066391,0.2653110768879698,1500,0.88,1150,0.8800576079459916,0.9912547669646149,0.27973514411010153,0.9999976561218672,0.17873035940275933,0.1641976244032906,False,PREP_GROWTH_EXCEEDED
E0142,D0069,persistent_q0,0,300,379.593323066391,0.2653110768879698,1500,0.88,1200,0.8800576079459916,0.9950664478281424,0.35659451582046303,0.9999977374900763,0.75,0.22580647145906116,False,PREP_GROWTH_EXCEEDED
E0142,D0069,persistent_q0,0,300,379.593323066391,0.2653110768879698,1500,0.88,1250,0.8800576079459916,0.9950482735725966,0.44937159493267487,0.9999985419098598,2.8643832073728546,0.3917511508803929,False,PREP_GROWTH_EXCEEDED
E0142,D0069,persistent_q0,0,300,379.593323066391,0.2653110768879698,1500,0.88,1300,0.8800576079459916,0.9953036332755644,0.5525344679531409,0.9999989798875787,10.046321086891064,0.6480179196426307,False,PREP_GROWTH_EXCEEDED
E0142,D0069,persistent_q0,0,300,379.593323066391,0.2653110768879698,1500,0.88,1350,0.8800576079459916,0.9952749630571551,0.5654275243183176,0.9999991780367758,32.61427922404539,0.8485394776947819,False,PREP_GROWTH_EXCEEDED
E0142,D0069,persistent_q0,0,300,379.593323066391,0.2653110768879698,1500,0.88,1400,0.8800576079459916,0.9952867877950073,0.5653740811387681,0.9999991824931035,39.46612192929459,0.9432265727282532,False,PREP_GROWTH_EXCEEDED
E0142,D0069,persistent_q0,0,300,379.593323066391,0.2653110768879698,1500,0.88,1450,0.8800576079459916,0.9952867877950073,0.5653740811387681,0.9999991824931035,39.46612192929459,0.9790948525024395,False,PREP_GROWTH_EXCEEDED
E0142,D0069,persistent_q0,0,600,644.424595420691,0.07404099236781832,1500,0.88,900,0.8800555378382307,0.8801629014141303,0.0001851178791869002,0.9999996855495238,2.1952580569061748e-05,0.14285985418536354,False,DENSIFICATION_EXHAUSTION_FAILURE
E0142,D0069,persistent_q0,0,600,644.424595420691,0.07404099236781832,1500,0.88,950,0.8800555378382307,0.8807524039130119,0.0007946724806252649,0.9999996829978579,0.0001784505998636257,0.14287901666213032,False,DENSIFICATION_EXHAUSTION_FAILURE
E0142,D0069,persistent_q0,0,600,644.424595420691,0.07404099236781832,1500,0.88,1000,0.8800555378382307,0.8839161283109076,0.0030397526174752313,0.999999675442018,0.0012304717222178345,0.14300780966920953,False,DENSIFICATION_EXHAUSTION_FAILURE
E0142,D0069,persistent_q0,0,600,644.424595420691,0.07404099236781832,1500,0.88,1050,0.8800555378382307,0.897872749598231,0.010515362516409164,0.9999996370566933,0.007332460129702843,0.14375407899369222,False,DENSIFICATION_EXHAUSTION_FAILURE
E0142,D0069,persistent_q0,0,600,644.424595420691,0.07404099236781832,1500,0.88,1100,0.8800555378382307,0.9402376813707708,0.03364109632064498,0.9999994160045578,0.03836853714389848,0.1475297435545114,False,SUCCESS
E0142,D0069,persistent_q0,0,600,644.424595420691,0.07404099236781832,1500,0.88,1150,0.8800555378382307,0.9905642641680187,0.10509558841093611,0.9999977349925745,0.17873035940275933,0.164197634898382,False,GRAIN_GROWTH_FAILURE
E0142,D0069,persistent_q0,0,600,644.424595420691,0.07404099236781832,1500,0.88,1200,0.8800555378382307,0.9950655665940765,0.14117003706762457,0.9999976918381055,0.75,0.22580648482814578,False,GRAIN_GROWTH_FAILURE
E0142,D0069,persistent_q0,0,600,644.424595420691,0.07404099236781832,1500,0.88,1250,0.8800555378382307,0.9951534731467684,0.18232438921690755,0.9999985038872717,2.8643832073728546,0.39175116910286617,False,GRAIN_GROWTH_FAILURE
E0142,D0069,persistent_q0,0,600,644.424595420691,0.07404099236781832,1500,0.88,1300,0.8800555378382307,0.9954630157692727,0.22915590690195398,0.9999989573665866,10.046321086891064,0.6480179370857161,False,GRAIN_GROWTH_FAILURE
E0142,D0069,persistent_q0,0,600,644.424595420691,0.07404099236781832,1500,0.88,1350,0.8800555378382307,0.9954630157692727,0.23549836097611224,0.9999991680155791,32.61427922404539,0.8485394875232817,False,GRAIN_GROWTH_FAILURE
E0142,D0069,persistent_q0,0,600,644.424595420691,0.07404099236781832,1500,0.88,1400,0.8800555378382307,0.9954630157692727,0.23513200434150064,0.9999991753928863,40.85686173354673,0.9432265768234697,False,GRAIN_GROWTH_FAILURE
E0142,D0069,persistent_q0,0,600,644.424595420691,0.07404099236781832,1500,0.88,1450,0.8800555378382307,0.9954630157692727,0.23513200434150064,0.9999991753928863,40.85686173354673,0.9790948540677256,False,GRAIN_GROWTH_FAILURE
E0142,D0070,persistent_q1,1,300,302.8904012217114,0.0096346707390379,1300,0.8,900,0.8000576079465044,0.8002478944678223,0.00015853945634466902,1.4999984404647375,5.1146461088510575e-05,0.027028395968436376,False,DENSIFICATION_EXHAUSTION_FAILURE
E0142,D0070,persistent_q1,1,300,302.8904012217114,0.0096346707390379,1300,0.8,950,0.8000576079465044,0.801290525903772,0.0006806221562600849,1.4999984332918623,0.00021252570621351017,0.027032643245060762,False,DENSIFICATION_EXHAUSTION_FAILURE
E0142,D0070,persistent_q1,1,300,302.8904012217114,0.0096346707390379,1300,0.8,1000,0.8000576079465044,0.8068734595388375,0.002603029694518677,1.4999983888237667,0.0007884899122375628,0.027047838792104695,False,DENSIFICATION_EXHAUSTION_FAILURE
E0142,D0070,persistent_q1,1,300,302.8904012217114,0.0096346707390379,1300,0.8,1050,0.8000576079465044,0.8313906508108461,0.008979115644059434,1.4999981533645326,0.002637362315462987,0.02709702081584147,False,DENSIFICATION_EXHAUSTION_FAILURE
E0142,D0070,persistent_q1,1,300,302.8904012217114,0.0096346707390379,1300,0.8,1100,0.8000576079465044,0.9047812689074397,0.028195711152217823,1.4999967071381315,0.007974920336093066,0.02724261687772644,False,SUCCESS
E0142,D0070,persistent_q1,1,300,302.8904012217114,0.0096346707390379,1300,0.8,1150,0.8000576079465044,0.9877536129508449,0.08100119490450332,1.4999759510786246,0.021596221455224066,0.027640522398192098,False,SUCCESS
E0142,D0070,persistent_q1,1,300,302.8904012217114,0.0096346707390379,1300,0.8,1200,0.8000576079465044,0.9950225414999277,0.08740047381352505,1.4999592578530543,0.056952521653783804,0.028652184819016237,False,SUCCESS
E0142,D0070,persistent_q1,1,300,302.8904012217114,0.0096346707390379,1300,0.8,1250,0.8000576079465044,0.9952384604638485,0.07431103999345601,1.4999707148206471,0.14350048463221968,0.031059334701596785,False,SUCCESS
E0142,D0070,persistent_q1,1,600,601.3090224279338,0.002181704046556078,1300,0.8,900,0.8000555378382925,0.8002375867167764,4.022794876018556e-05,1.499998440939876,2.5766453839715175e-05,0.027027729441074268,False,DENSIFICATION_EXHAUSTION_FAILURE
E0142,D0070,persistent_q1,1,600,601.3090224279338,0.002181704046556078,1300,0.8,950,0.8000555378382925,0.8012372883975797,0.00017272185206480175,1.4999984335102452,0.00010710735372478849,0.027029868879989212,False,DENSIFICATION_EXHAUSTION_FAILURE
E0142,D0070,persistent_q1,1,600,601.3090224279338,0.002181704046556078,1300,0.8,1000,0.8000555378382925,0.8066027516967816,0.0006608616084132485,1.499998390718488,0.00039794613196361694,0.02703752325948083,False,DENSIFICATION_EXHAUSTION_FAILURE
E0142,D0070,persistent_q1,1,600,601.3090224279338,0.002181704046556078,1300,0.8,1050,0.8000555378382925,0.8302664264087714,0.0022829991729465863,1.4999981650148715,0.001337344831478831,0.027062298296200802,False,DENSIFICATION_EXHAUSTION_FAILURE
E0142,D0070,persistent_q1,1,600,601.3090224279338,0.002181704046556078,1300,0.8,1100,0.8000555378382925,0.9019587928114813,0.007201255097909607,1.4999968002867288,0.00410067500340972,0.02713564839273265,False,SUCCESS
E0142,D0070,persistent_q1,1,600,601.3090224279338,0.002181704046556078,1300,0.8,1150,0.8000555378382925,0.9860042833422195,0.02094570873462521,1.4999786158411563,0.011517830003487533,0.027336165505735727,False,SUCCESS
E0142,D0070,persistent_q1,1,600,601.3090224279338,0.002181704046556078,1300,0.8,1200,0.8000555378382925,0.9950088794075581,0.0238266010400302,1.499958700571683,0.030459955017851644,0.027846340877823353,False,SUCCESS
E0142,D0070,persistent_q1,1,600,601.3090224279338,0.002181704046556078,1300,0.8,1250,0.8000555378382925,0.995172816584887,0.019403893045104623,1.4999705595493544,0.07610915366665873,0.029062373529560783,False,SUCCESS
E0142,D0070,persistent_q1,1,300,306.93145960028636,0.023104865334287805,1500,0.88,900,0.8800576079465044,0.8801707526812815,0.00015439260428436234,1.4999973542795486,5.0473275830896104e-05,0.027028382246496094,False,DENSIFICATION_EXHAUSTION_FAILURE
E0142,D0070,persistent_q1,1,300,306.93145960028636,0.023104865334287805,1500,0.88,950,0.8800576079465044,0.8807903875102572,0.0006628225534075886,1.4999973378356648,0.00020973131654401938,0.02703257360448815,False,DENSIFICATION_EXHAUSTION_FAILURE
E0142,D0070,persistent_q1,1,300,306.93145960028636,0.023104865334287805,1500,0.88,1000,0.8800576079465044,0.8841070390426146,0.002535000243863332,1.4999972642060544,0.0007781613485651952,0.027047569094524482,False,DENSIFICATION_EXHAUSTION_FAILURE
E0142,D0070,persistent_q1,1,300,306.93145960028636,0.023104865334287805,1500,0.88,1050,0.8800576079465044,0.8986692462112307,0.008744965710521732,1.4999968710275922,0.0026032416935811474,0.027096103654500863,False,DENSIFICATION_EXHAUSTION_FAILURE
E0142,D0070,persistent_q1,1,300,306.93145960028636,0.023104865334287805,1500,0.88,1100,0.8800576079465044,0.9422929840265462,0.02746531526149151,1.4999944746008653,0.007875505853477445,0.02723978337497031,False,SUCCESS
E0142,D0070,persistent_q1,1,300,306.93145960028636,0.023104865334287805,1500,0.88,1150,0.8800576079465044,0.991969623943057,0.07892793657970858,1.4999642533383537,0.021352552880584397,0.027632454534318947,False,SUCCESS
E0142,D0070,persistent_q1,1,300,306.93145960028636,0.023104865334287805,1500,0.88,1200,0.8800576079465044,0.9950366378987324,0.07499510987784588,1.4999591646062576,0.05685117063861147,0.02863082779735474,False,SUCCESS
E0142,D0070,persistent_q1,1,300,306.93145960028636,0.023104865334287805,1500,0.88,1250,0.8800576079465044,0.9950251787710879,0.06274557643518522,1.4999715743968713,0.1431513623580918,0.031006467356207715,False,SUCCESS
E0142,D0070,persistent_q1,1,300,306.93145960028636,0.023104865334287805,1500,0.88,1300,0.8800576079465044,0.995051783860762,0.05823668124750652,1.4999802637316704,0.33768881036702536,0.03631705871186102,False,SUCCESS
E0142,D0070,persistent_q1,1,300,306.93145960028636,0.023104865334287805,1500,0.88,1350,0.8800576079465044,0.995051783860762,0.05870191752747684,1.4999847797194008,0.7518021771075614,0.047477808839865916,False,SUCCESS
E0142,D0070,persistent_q1,1,300,306.93145960028636,0.023104865334287805,1500,0.88,1400,0.8800576079465044,0.995051783860762,0.05874129127832886,1.4999848423067699,0.8101564635036212,0.06944451815848582,False,SUCCESS
E0142,D0070,persistent_q1,1,300,306.93145960028636,0.023104865334287805,1500,0.88,1450,0.8800576079465044,0.995051783860762,0.05874129127832886,1.4999848423067699,0.8101564635036212,0.10952051317209666,False,SUCCESS
E0142,D0070,persistent_q1,1,600,602.5549557020398,0.0042582595033995125,1500,0.88,900,0.8800555378382925,0.8801632584868072,4.006178777889508e-05,1.4999973485384925,2.5713179507135755e-05,0.027027735633824223,False,DENSIFICATION_EXHAUSTION_FAILURE
E0142,D0070,persistent_q1,1,600,602.5549557020398,0.0042582595033995125,1500,0.88,950,0.8800555378382925,0.8807546319309978,0.00017200844569077562,1.4999973376273652,0.00010688595853036701,0.027029870649512466,False,DENSIFICATION_EXHAUSTION_FAILURE
E0142,D0070,persistent_q1,1,600,602.5549557020398,0.0042582595033995125,1500,0.88,1000,0.8800555378382925,0.8839280136213745,0.0006581322837895111,1.4999972673895663,0.00039712435959405175,0.027037509203959767,False,DENSIFICATION_EXHAUSTION_FAILURE
E0142,D0070,persistent_q1,1,600,602.5549557020398,0.0042582595033995125,1500,0.88,1050,0.8800555378382925,0.8979250634461935,0.0022735739217207636,1.4999968921379607,0.0013345920601338813,0.027062233021242086,False,DENSIFICATION_EXHAUSTION_FAILURE
E0142,D0070,persistent_q1,1,600,602.5549557020398,0.0042582595033995125,1500,0.88,1100,0.8800555378382925,0.94039210686767,0.007171559702340688,1.499994645246888,0.004092316233102895,0.027135431490447826,False,SUCCESS
E0142,D0070,persistent_q1,1,600,602.5549557020398,0.0042582595033995125,1500,0.88,1150,0.8800555378382925,0.9907179583006491,0.020856208168273806,1.4999684028636493,0.01149507876666964,0.02733553421637225,False,SUCCESS
E0142,D0070,persistent_q1,1,600,602.5549557020398,0.0042582595033995125,1500,0.88,1200,0.8800555378382925,0.9950224095764957,0.020902249048106065,1.4999586118232717,0.030484048759693926,0.027844656032924596,False,SUCCESS
E0142,D0070,persistent_q1,1,600,602.5549557020398,0.0042582595033995125,1500,0.88,1250,0.8800555378382925,0.9952154602067861,0.017096531383929473,1.4999703782543763,0.07612409135400196,0.029058181925048134,False,SUCCESS
E0142,D0070,persistent_q1,1,600,602.5549557020398,0.0042582595033995125,1500,0.88,1300,0.8800555378382925,0.995468408909009,0.0152527570664563,1.4999790301438445,0.17906340723461842,0.03178150542737034,False,SUCCESS
E0142,D0070,persistent_q1,1,600,602.5549557020398,0.0042582595033995125,1500,0.88,1350,0.8800555378382925,0.995468408909009,0.014699200368652248,1.499984222393107,0.3990068305633925,0.03755287894555954,False,SUCCESS
E0142,D0070,persistent_q1,1,600,602.5549557020398,0.0042582595033995125,1500,0.88,1400,0.8800555378382925,0.995468408909009,0.014698500147157635,1.499984422348066,0.4612013773083609,0.04910605542881734,False,SUCCESS
E0142,D0070,persistent_q1,1,600,602.5549557020398,0.0042582595033995125,1500,0.88,1450,0.8800555378382925,0.995468408909009,0.014698500147157635,1.499984422348066,0.4612013773083609,0.0708716597862727,False,SUCCESS
E0142,D0076,mixed_q1,1,300,306.8352901555575,0.02278430051852494,1300,0.8,900,0.8000576079463338,0.8002476724275476,0.0006336004667853551,0.24990653517171652,8.547918592125112e-05,0.11082859461541805,False,DENSIFICATION_EXHAUSTION_FAILURE
E0142,D0076,mixed_q1,1,300,306.8352901555575,0.02278430051852494,1300,0.8,950,0.8000576079463338,0.8012890664490844,0.002724047734658324,0.2499063395518736,0.0004958874778506318,0.11082859461541805,False,DENSIFICATION_EXHAUSTION_FAILURE
E0142,D0076,mixed_q1,1,300,306.8352901555575,0.02278430051852494,1300,0.8,1000,0.8000576079463338,0.8068642239261596,0.010518118295858766,0.24990463383148115,0.0024912227948185456,0.11082859461541805,False,DENSIFICATION_EXHAUSTION_FAILURE
E0142,D0076,mixed_q1,1,300,306.8352901555575,0.02278430051852494,1300,0.8,1050,0.8000576079463338,0.831329304268146,0.03815253994253197,0.24989365008975783,0.010861030894495331,0.11082859461541805,False,DENSIFICATION_EXHAUSTION_FAILURE
E0142,D0076,mixed_q1,1,300,306.8352901555575,0.02278430051852494,1300,0.8,1100,0.8000576079463338,0.9044156878539775,0.14930421578749864,0.24982887955577088,0.039404160907131974,0.11082859461541805,False,GRAIN_GROWTH_FAILURE
E0142,D0076,mixed_q1,1,300,306.8352901555575,0.02278430051852494,1300,0.8,1150,0.8000576079463338,0.9869086272268521,0.8052259284982851,0.24936298902872087,0.09142843353194706,0.11082859461541805,False,GRAIN_GROWTH_FAILURE
E0142,D0076,mixed_q1,1,300,306.8352901555575,0.02278430051852494,1300,0.8,1200,0.8000576079463338,0.9950421091036463,1.0866991142769378,0.2492895302307157,0.26450634633473513,0.11082859461541805,False,GRAIN_GROWTH_FAILURE
E0142,D0076,mixed_q1,1,300,306.8352901555575,0.02278430051852494,1300,0.8,1250,0.8000576079463338,0.995011379488145,0.8784343171845025,0.24955632137649322,0.9114199118014078,0.11082859461541805,False,GRAIN_GROWTH_FAILURE
E0142,D0076,mixed_q1,1,600,603.5547592194029,0.005924598699004614,1300,0.8,900,0.8000555378382718,0.800237555766401,0.0001637881243953491,0.24990679756075687,4.347629699484075e-05,0.11082754193877539,False,DENSIFICATION_EXHAUSTION_FAILURE
E0142,D0076,mixed_q1,1,600,603.5547592194029,0.005924598699004614,1300,0.8,950,0.8000555378382718,0.8012370856082198,0.000704652746202499,0.2499064762277829,0.0002526070591979009,0.11082754193877539,False,DENSIFICATION_EXHAUSTION_FAILURE
E0142,D0076,mixed_q1,1,600,603.5547592194029,0.005924598699004614,1300,0.8,1000,0.8000555378382718,0.8066014812803294,0.0027272483564299375,0.24990467625149312,0.0012763079867519546,0.11082754193877539,False,DENSIFICATION_EXHAUSTION_FAILURE
E0142,D0076,mixed_q1,1,600,603.5547592194029,0.005924598699004614,1300,0.8,1050,0.8000555378382718,0.8302580499471455,0.009968993654506245,0.2498939540939784,0.005675275933016077,0.11082754193877539,False,DENSIFICATION_EXHAUSTION_FAILURE
E0142,D0076,mixed_q1,1,600,603.5547592194029,0.005924598699004614,1300,0.8,1100,0.8000555378382718,0.901905782384482,0.04014173158758184,0.2498315785714968,0.022129362178726665,0.11082754193877539,False,SUCCESS
E0142,D0076,mixed_q1,1,600,603.5547592194029,0.005924598699004614,1300,0.8,1150,0.8000555378382718,0.9858262839839308,0.2513937199882255,0.24938166319745722,0.06701496290303133,0.11082754193877539,False,GRAIN_GROWTH_FAILURE
E0142,D0076,mixed_q1,1,600,603.5547592194029,0.005924598699004614,1300,0.8,1200,0.8000555378382718,0.995021174677504,0.3762555095457437,0.24927543824546236,0.2035873754929,0.11082754193877539,False,GRAIN_GROWTH_FAILURE
E0142,D0076,mixed_q1,1,600,603.5547592194029,0.005924598699004614,1300,0.8,1250,0.8000555378382718,0.9951125961770005,0.2982643105599991,0.24954593382763113,0.6678506736889332,0.11082754193877539,False,GRAIN_GROWTH_FAILURE
E0142,D0076,mixed_q1,1,300,310.57600303081193,0.03525334343603973,1500,0.88,900,0.8800576079463335,0.8801706151838984,0.0009756140281078097,0.24984112951142537,8.442084121717972e-05,0.1748744279245624,False,DENSIFICATION_EXHAUSTION_FAILURE
E0142,D0076,mixed_q1,1,300,310.57600303081193,0.03525334343603973,1500,0.88,950,0.8800576079463335,0.8807894406721488,0.004191444021574684,0.24984090532233413,0.0004892003583666162,0.1748744279245624,False,DENSIFICATION_EXHAUSTION_FAILURE
E0142,D0076,mixed_q1,1,300,310.57600303081193,0.03525334343603973,1500,0.88,1000,0.8800576079463335,0.8841002624876328,0.01613630377591554,0.2498387533144046,0.00244763721708526,0.1748744279245624,False,DENSIFICATION_EXHAUSTION_FAILURE
E0142,D0076,mixed_q1,1,300,310.57600303081193,0.03525334343603973,1500,0.88,1050,0.8800576079463335,0.8986153861738457,0.05786421946091145,0.24982342204135768,0.01053067565227473,0.1748744279245624,False,DENSIFICATION_EXHAUSTION_FAILURE
E0142,D0076,mixed_q1,1,300,310.57600303081193,0.03525334343603973,1500,0.88,1100,0.8800576079463335,0.9419373769634173,0.21600218445317967,0.24973171789388826,0.03679799387132781,0.1748744279245624,False,GRAIN_GROWTH_FAILURE
E0142,D0076,mixed_q1,1,300,310.57600303081193,0.03525334343603973,1500,0.88,1150,0.8800576079463335,0.9912272336700252,0.9583853998467848,0.24918065260929276,0.0831944199574093,0.1748744279245624,False,GRAIN_GROWTH_FAILURE
E0142,D0076,mixed_q1,1,300,310.57600303081193,0.03525334343603973,1500,0.88,1200,0.8800576079463335,0.9950675562410968,1.043077515470551,0.24927724835741322,0.2669181962940022,0.1748744279245624,False,GRAIN_GROWTH_FAILURE
E0142,D0076,mixed_q1,1,300,310.57600303081193,0.03525334343603973,1500,0.88,1250,0.8800576079463335,0.9951908839371331,0.8568421014730621,0.2495234167609582,0.9109131316529923,0.1748744279245624,False,GRAIN_GROWTH_FAILURE
E0142,D0076,mixed_q1,1,300,310.57600303081193,0.03525334343603973,1500,0.88,1300,0.8800576079463335,0.9951944176719177,0.713156701119359,0.24965641142609424,2.832922109498431,0.1748744279245624,False,GRAIN_GROWTH_FAILURE
E0142,D0076,mixed_q1,1,300,310.57600303081193,0.03525334343603973,1500,0.88,1350,0.8800576079463335,0.9952017286928377,0.6338167118598509,0.24970719937583233,7.987392073438452,0.1748744279245624,False,GRAIN_GROWTH_FAILURE
E0142,D0076,mixed_q1,1,300,310.57600303081193,0.03525334343603973,1500,0.88,1400,0.8800576079463335,0.9952378522296367,0.6338167118598509,0.24970783174607425,9.26655561228142,0.1748744279245624,False,GRAIN_GROWTH_FAILURE
E0142,D0076,mixed_q1,1,300,310.57600303081193,0.03525334343603973,1500,0.88,1450,0.8800576079463335,0.9952378522296367,0.6338167118598509,0.24970783174607425,9.26655561228142,0.1748744279245624,False,GRAIN_GROWTH_FAILURE
E0142,D0076,mixed_q1,1,600,605.4909537647245,0.009151589607874034,1500,0.88,900,0.8800555378382721,0.8801632312344174,0.0002567671581204629,0.24984016753934737,4.333325146098794e-05,0.17487182137163187,False,DENSIFICATION_EXHAUSTION_FAILURE
E0142,D0076,mixed_q1,1,600,605.4909537647245,0.009151589607874034,1500,0.88,950,0.8800555378382721,0.8807544503256495,0.0011043178413666628,0.24984020574521085,0.0002516989732275397,0.17487182137163187,False,DENSIFICATION_EXHAUSTION_FAILURE
E0142,D0076,mixed_q1,1,600,605.4909537647245,0.009151589607874034,1500,0.88,1000,0.8800555378382721,0.883926819097057,0.00426775372238861,0.24983837252307906,0.001270279229047542,0.17487182137163187,False,DENSIFICATION_EXHAUSTION_FAILURE
E0142,D0076,mixed_q1,1,600,605.4909537647245,0.009151589607874034,1500,0.88,1050,0.8800555378382721,0.8979165032817756,0.015496686108531915,0.24982365504754145,0.005626400748603586,0.17487182137163187,False,DENSIFICATION_EXHAUSTION_FAILURE
E0142,D0076,mixed_q1,1,600,605.4909537647245,0.009151589607874034,1500,0.88,1100,0.8800555378382721,0.9403347631642769,0.06038257113150365,0.2497352174894243,0.02163850891618784,0.17487182137163187,False,SUCCESS
E0142,D0076,mixed_q1,1,600,605.4909537647245,0.009151589607874034,1500,0.88,1150,0.8800555378382721,0.99054524647918,0.314579101480906,0.24919901860016533,0.06359976039060362,0.17487182137163187,False,GRAIN_GROWTH_FAILURE
E0142,D0076,mixed_q1,1,600,605.4909537647245,0.009151589607874034,1500,0.88,1200,0.8800555378382721,0.9950377229203393,0.36426453263119957,0.2492640757075464,0.2047251223494939,0.17487182137163187,False,GRAIN_GROWTH_FAILURE
E0142,D0076,mixed_q1,1,600,605.4909537647245,0.009151589607874034,1500,0.88,1250,0.8800555378382721,0.9951546868855304,0.28992139623492286,0.2495183907247819,0.6700532521910539,0.17487182137163187,False,GRAIN_GROWTH_FAILURE
E0142,D0076,mixed_q1,1,600,605.4909537647245,0.009151589607874034,1500,0.88,1300,0.8800555378382721,0.9954058563860465,0.2414449539578282,0.24964962141872507,2.005231383793182,0.17487182137163187,False,GRAIN_GROWTH_FAILURE
E0142,D0076,mixed_q1,1,600,605.4909537647245,0.009151589607874034,1500,0.88,1350,0.8800555378382721,0.995467972502818,0.2115803723539129,0.2497038308061263,5.521736403744563,0.17487182137163187,False,GRAIN_GROWTH_FAILURE
E0142,D0076,mixed_q1,1,600,605.4909537647245,0.009151589607874034,1500,0.88,1400,0.8800555378382721,0.995467972502818,0.2102102719412338,0.24970563329634407,6.6471281022671,0.17487182137163187,False,GRAIN_GROWTH_FAILURE
E0142,D0076,mixed_q1,1,600,605.4909537647245,0.009151589607874034,1500,0.88,1450,0.8800555378382721,0.995467972502818,0.2102102719412338,0.24970563329634407,6.6471281022671,0.17487182137163187,False,GRAIN_GROWTH_FAILURE
E0142,D0077,persistent_junction_only,0,300,313.79510585118265,0.04598368617060874,1300,0.8,900,0.8000576079462834,0.800247303468993,0.0004207552045948569,0.2499996523035114,0.0010844983232584197,0.07700013836909392,False,DENSIFICATION_EXHAUSTION_FAILURE
E0142,D0077,persistent_junction_only,0,300,313.79510585118265,0.04598368617060874,1300,0.8,950,0.8000576079462834,0.8012868133142067,0.0018092895616514339,0.24999965207864555,0.0035062836538784295,0.07717203887637988,False,DENSIFICATION_EXHAUSTION_FAILURE
E0142,D0077,persistent_junction_only,0,300,313.79510585118265,0.04598368617060874,1300,0.8,1000,0.8000576079462834,0.8068531231866884,0.006947888027645946,0.24999964426503607,0.010338013078209831,0.07765661629534124,False,DENSIFICATION_EXHAUSTION_FAILURE
E0142,D0077,persistent_junction_only,0,300,313.79510585118265,0.04598368617060874,1300,0.8,1050,0.8000576079462834,0.8312937305709746,0.024179370627298056,0.2499995972302138,0.028089033620875604,0.07891332781152606,False,DENSIFICATION_EXHAUSTION_FAILURE
E0142,D0077,persistent_junction_only,0,300,313.79510585118265,0.04598368617060874,1300,0.8,1100,0.8000576079462834,0.9044440939265759,0.07714443622083865,0.24999931732447522,0.07096155037175249,0.0819344778082752,False,SUCCESS
E0142,D0077,persistent_junction_only,0,300,313.79510585118265,0.04598368617060874,1300,0.8,1150,0.8000576079462834,0.9873690201776338,0.22647843135033352,0.24999668670512926,0.16796856977576066,0.08869777393370717,False,GRAIN_GROWTH_FAILURE
E0142,D0077,persistent_junction_only,0,300,313.79510585118265,0.04598368617060874,1300,0.8,1200,0.8000576079462834,0.9950591162088869,0.274058877680181,0.24999584820400617,0.375,0.1028038188732737,False,GRAIN_GROWTH_FAILURE
E0142,D0077,persistent_junction_only,0,300,313.79510585118265,0.04598368617060874,1300,0.8,1250,0.8000576079462834,0.9951410430239191,0.26709329347478955,0.24999733152055553,0.7942082368060213,0.13006977777877524,False,GRAIN_GROWTH_FAILURE
E0142,D0077,persistent_junction_only,0,600,607.2316307025752,0.012052717837625265,1300,0.8,900,0.8000555378382657,0.800237506623295,0.00011237763210011177,0.24999965183571213,0.0010844983232584197,0.07700016635515892,False,DENSIFICATION_EXHAUSTION_FAILURE
E0142,D0077,persistent_junction_only,0,600,607.2316307025752,0.012052717837625265,1300,0.8,950,0.8000555378382657,0.8012367843353019,0.0004834802970121491,0.24999965192905005,0.0035062836538784295,0.07717206691969912,False,DENSIFICATION_EXHAUSTION_FAILURE
E0142,D0077,persistent_junction_only,0,600,607.2316307025752,0.012052717837625265,1300,0.8,1000,0.8000555378382657,0.80659998027227,0.0018601007499159763,0.24999964438397237,0.010338013078209831,0.0776566444999316,False,DENSIFICATION_EXHAUSTION_FAILURE
E0142,D0077,persistent_junction_only,0,600,607.2316307025752,0.012052717837625265,1300,0.8,1050,0.8000555378382657,0.8302530641574792,0.006513696614029278,0.24999959894989515,0.028089033620875604,0.07891335643349807,False,DENSIFICATION_EXHAUSTION_FAILURE
E0142,D0077,persistent_junction_only,0,600,607.2316307025752,0.012052717837625265,1300,0.8,1100,0.8000555378382657,0.9019100676907734,0.021170324397872777,0.24999933134988775,0.07096155037175249,0.08193450742854869,False,SUCCESS
E0142,D0077,persistent_junction_only,0,600,607.2316307025752,0.012052717837625265,1300,0.8,1150,0.8000555378382657,0.9859379731836856,0.06519421132202673,0.24999688485755514,0.16796856977576066,0.0886978057627696,False,SUCCESS
E0142,D0077,persistent_junction_only,0,600,607.2316307025752,0.012052717837625265,1300,0.8,1200,0.8000555378382657,0.9950431400991768,0.08410358392691838,0.24999576976298055,0.375,0.10280385519323326,False,SUCCESS
E0142,D0077,persistent_junction_only,0,600,607.2316307025752,0.012052717837625265,1300,0.8,1250,0.8000555378382657,0.9951529215366258,0.08185332731608667,0.24999728317458603,0.7942082368060213,0.13006982233511477,False,SUCCESS
E0142,D0077,persistent_junction_only,0,300,332.95213717814414,0.10984045726048038,1500,0.88,900,0.8800576079462834,0.8801698693215629,0.0003737393143538313,0.24999941206277518,0.0010844983232584197,0.07700013607549838,False,DENSIFICATION_EXHAUSTION_FAILURE
E0142,D0077,persistent_junction_only,0,300,332.95213717814414,0.10984045726048038,1500,0.88,950,0.8800576079462834,0.8807848815664729,0.0016072407227271095,0.24999941024408356,0.0035062836538784295,0.07717203657809206,False,DENSIFICATION_EXHAUSTION_FAILURE
E0142,D0077,persistent_junction_only,0,300,332.95213717814414,0.10984045726048038,1500,0.88,1000,0.8800576079462834,0.8840776721073462,0.006173751196275134,0.24999939825396403,0.010338013078209831,0.07765661398383646,False,DENSIFICATION_EXHAUSTION_FAILURE
E0142,D0077,persistent_junction_only,0,300,332.95213717814414,0.10984045726048038,1500,0.88,1050,0.8800576079462834,0.898539622160512,0.02150537512950182,0.24999932563806485,0.028089033620875604,0.0789133254658148,False,DENSIFICATION_EXHAUSTION_FAILURE
E0142,D0077,persistent_junction_only,0,300,332.95213717814414,0.10984045726048038,1500,0.88,1100,0.8800576079462834,0.9419088251534957,0.06879846898849958,0.24999889776349773,0.07096155037175249,0.08193447538074823,False,SUCCESS
E0142,D0077,persistent_junction_only,0,300,332.95213717814414,0.10984045726048038,1500,0.88,1150,0.8800576079462834,0.9916100907980053,0.20325167440555736,0.2499955535859454,0.16796856977576066,0.08869777132515907,False,GRAIN_GROWTH_FAILURE
E0142,D0077,persistent_junction_only,0,300,332.95213717814414,0.10984045726048038,1500,0.88,1200,0.8800576079462834,0.9950554707733856,0.21918760197920728,0.24999584121327445,0.375,0.10280381589667449,False,GRAIN_GROWTH_FAILURE
E0142,D0077,persistent_junction_only,0,300,332.95213717814414,0.10984045726048038,1500,0.88,1250,0.8800576079462834,0.995179321650599,0.21422731704084877,0.24999728036029137,0.7942082368060213,0.1300697741271642,False,GRAIN_GROWTH_FAILURE
E0142,D0077,persistent_junction_only,0,300,332.95213717814414,0.10984045726048038,1500,0.88,1300,0.8800576079462834,0.9950385262445658,0.22278856884493364,0.24999815978319595,1.6036918077742455,0.178290095515659,False,GRAIN_GROWTH_FAILURE
E0142,D0077,persistent_junction_only,0,300,332.95213717814414,0.10984045726048038,1500,0.88,1350,0.8800576079462834,0.9950385262445658,0.23560226868010004,0.24999849756402634,3.1010253740736347,0.2547060109272509,False,GRAIN_GROWTH_FAILURE
E0142,D0077,persistent_junction_only,0,300,332.95213717814414,0.10984045726048038,1500,0.88,1400,0.8800576079462834,0.9950385262445658,0.23590038584382955,0.2499985026678732,3.338077220135077,0.36049999403949173,False,GRAIN_GROWTH_FAILURE
E0142,D0077,persistent_junction_only,0,300,332.95213717814414,0.10984045726048038,1500,0.88,1450,0.8800576079462834,0.9950385262445658,0.23590038584382955,0.2499985026678732,3.338077220135077,0.4858058750887243,False,GRAIN_GROWTH_FAILURE
E0142,D0077,persistent_junction_only,0,600,617.6784120739865,0.02946402012331069,1500,0.88,900,0.880055537838266,0.8801631237489914,0.0001086087932217765,0.24999941765165268,0.0010844983232584197,0.07700017632331677,False,DENSIFICATION_EXHAUSTION_FAILURE
E0142,D0077,persistent_junction_only,0,600,617.6784120739865,0.02946402012331069,1500,0.88,950,0.880055537838266,0.8807537903222777,0.00046726859450160627,0.249999412982747,0.0035062836538784295,0.07717207690824995,False,DENSIFICATION_EXHAUSTION_FAILURE
E0142,D0077,persistent_junction_only,0,600,617.6784120739865,0.02946402012331069,1500,0.88,1000,0.880055537838266,0.8839235059601909,0.0017977705834515687,0.2499993990271488,0.010338013078209831,0.07765665454592445,False,DENSIFICATION_EXHAUSTION_FAILURE
E0142,D0077,persistent_junction_only,0,600,617.6784120739865,0.02946402012331069,1500,0.88,1050,0.880055537838266,0.8979049409652403,0.0062959155543818104,0.24999932792489812,0.028089033620875604,0.07891336662815512,False,DENSIFICATION_EXHAUSTION_FAILURE
E0142,D0077,persistent_junction_only,0,600,617.6784120739865,0.02946402012331069,1500,0.88,1100,0.880055537838266,0.9403300961799296,0.020467400138593574,0.24999891808341107,0.07096155037175249,0.08193451797878362,False,SUCCESS
E0142,D0077,persistent_junction_only,0,600,617.6784120739865,0.02946402012331069,1500,0.88,1150,0.880055537838266,0.9906504082012473,0.06306178478349002,0.24999579792577942,0.16796856977576066,0.08869781709973737,False,SUCCESS
E0142,D0077,persistent_junction_only,0,600,617.6784120739865,0.02946402012331069,1500,0.88,1200,0.880055537838266,0.9950519251174624,0.07196102284374971,0.24999575779346253,0.375,0.10280386812978169,False,SUCCESS
E0142,D0077,persistent_junction_only,0,600,617.6784120739865,0.02946402012331069,1500,0.88,1250,0.880055537838266,0.9951931617357135,0.07023658354002098,0.24999723446677055,0.7942082368060213,0.13006983820532067,False,SUCCESS
E0142,D0077,persistent_junction_only,0,600,617.6784120739865,0.02946402012331069,1500,0.88,1300,0.880055537838266,0.9954663716837103,0.07557828862082878,0.24999807790437178,1.6036918077742455,0.17829017848066125,False,SUCCESS
E0142,D0077,persistent_junction_only,0,600,617.6784120739865,0.02946402012331069,1500,0.88,1350,0.880055537838266,0.9954663716837104,0.08053114802130867,0.2499984629330442,3.1010253740736347,0.2547061184291123,False,SUCCESS
E0142,D0077,persistent_junction_only,0,600,617.6784120739865,0.02946402012331069,1500,0.88,1400,0.880055537838266,0.9954663716837104,0.08079134594225423,0.24999847572038203,3.50235573605716,0.3605001245949279,False,SUCCESS
E0142,D0077,persistent_junction_only,0,600,617.6784120739865,0.02946402012331069,1500,0.88,1450,0.880055537838266,0.9954663716837104,0.08079134594225423,0.24999847572038203,3.50235573605716,0.4858060165504616,False,SUCCESS
E0142,D0081,persistent_q1,1,300,320.19403153019897,0.06731343843399643,1300,0.8,900,0.8000576079455175,0.8002469703238145,0.001311463780293458,0.4999937338084344,9.095287564713513e-07,0.2500016446399768,False,DENSIFICATION_EXHAUSTION_FAILURE
E0142,D0081,persistent_q1,1,300,320.19403153019897,0.06731343843399643,1300,0.8,950,0.8000576079455175,0.8012846019122395,0.005618750937312313,0.49999373485864046,5.264817500981564e-06,0.25000246657057007,False,DENSIFICATION_EXHAUSTION_FAILURE
E0142,D0081,persistent_q1,1,300,320.19403153019897,0.06731343843399643,1300,0.8,1000,0.8000576079455175,0.8068388249673939,0.021330997557368794,0.49999359683950506,2.624513905237333e-05,0.250006499582539,False,DENSIFICATION_EXHAUSTION_FAILURE
E0142,D0081,persistent_q1,1,300,320.19403153019897,0.06731343843399643,1300,0.8,1050,0.8000576079455175,0.8311997554863038,0.07189248192510585,0.49999275356619066,0.00011200931647027456,0.2500239818470545,False,DENSIFICATION_EXHAUSTION_FAILURE
E0142,D0081,persistent_q1,1,300,320.19403153019897,0.06731343843399643,1300,0.8,1100,0.8000576079455175,0.9040000855289305,0.212397708071272,0.4999877598285876,0.0003977202710373114,0.25009184432581805,False,GRAIN_GROWTH_FAILURE
E0142,D0081,persistent_q1,1,300,320.19403153019897,0.06731343843399643,1300,0.8,1150,0.8000576079455175,0.9868656067499002,0.5386597286147977,0.4999417427172968,0.0011408891247113911,0.2503304736545439,False,GRAIN_GROWTH_FAILURE
E0142,D0081,persistent_q1,1,300,320.19403153019897,0.06731343843399643,1300,0.8,1200,0.8000576079455175,0.9950068155964482,0.5773631004452325,0.4999253198684757,0.003718395403596322,0.2510978402150383,False,GRAIN_GROWTH_FAILURE
E0142,D0081,persistent_q1,1,300,320.19403153019897,0.06731343843399643,1300,0.8,1250,0.8000576079455175,0.9950683486319639,0.46889267587047856,0.49995218302209365,0.012346269176818934,0.2533703923069324,False,GRAIN_GROWTH_FAILURE
E0142,D0081,persistent_q1,1,600,610.4676226683458,0.01744603778057625,1300,0.8,900,0.8000555378381736,0.8002374626910351,0.0003609634706151046,0.49999373307193384,4.775057938016649e-07,0.25000222785811843,False,DENSIFICATION_EXHAUSTION_FAILURE
E0142,D0081,persistent_q1,1,600,610.4676226683458,0.01744603778057625,1300,0.8,950,0.8000555378381736,0.8012364907493266,0.0015488898742701998,0.4999937347777962,2.77262753423478e-06,0.25000265896686347,False,DENSIFICATION_EXHAUSTION_FAILURE
E0142,D0081,persistent_q1,1,600,610.4676226683458,0.01744603778057625,1300,0.8,1000,0.8000555378381736,0.8065980427179688,0.0059132570937340465,0.499993598924128,1.397629647217051e-05,0.2500047743183233,False,DENSIFICATION_EXHAUSTION_FAILURE
E0142,D0081,persistent_q1,1,600,610.4676226683458,0.01744603778057625,1300,0.8,1050,0.8000555378381736,0.8302395703140046,0.020281508774995193,0.49999278114946905,6.17155834792949e-05,0.2500139440501507,False,DENSIFICATION_EXHAUSTION_FAILURE
E0142,D0081,persistent_q1,1,600,610.4676226683458,0.01744603778057625,1300,0.8,1100,0.8000555378381736,0.9018362461261134,0.06265637530934738,0.4999879669229409,0.00023795024830554982,0.2500495409491127,False,SUCCESS
E0142,D0081,persistent_q1,1,600,610.4676226683458,0.01744603778057625,1300,0.8,1150,0.8000555378381736,0.9858221699822685,0.17301254475654423,0.4999440044696932,0.0007850779647615419,0.2501747370101589,False,GRAIN_GROWTH_FAILURE
E0142,D0081,persistent_q1,1,600,610.4676226683458,0.01744603778057625,1300,0.8,1200,0.8000555378381736,0.9950610330040455,0.1943076829751858,0.49992328936582947,0.0025736959448327884,0.25057759020269194,False,GRAIN_GROWTH_FAILURE
E0142,D0081,persistent_q1,1,600,610.4676226683458,0.01744603778057625,1300,0.8,1250,0.8000555378381736,0.9951341862906439,0.1539573746258681,0.49995106073076534,0.008221017504620995,0.25177294210484896,False,GRAIN_GROWTH_FAILURE
E0142,D0081,persistent_q1,1,300,329.99028191226387,0.09996760637421277,1500,0.88,900,0.8800576079455175,0.8801699578875313,0.0012348091976265472,0.49998941449233764,8.825954770621685e-07,0.2500015850167184,False,DENSIFICATION_EXHAUSTION_FAILURE
E0142,D0081,persistent_q1,1,300,329.99028191226387,0.09996760637421277,1500,0.88,950,0.8800576079455175,0.8807853398129787,0.00529099731158621,0.4999893830800091,5.110185730661348e-06,0.2500023825470051,False,DENSIFICATION_EXHAUSTION_FAILURE
E0142,D0081,persistent_q1,1,300,329.99028191226387,0.09996760637421277,1500,0.88,1000,0.8800576079455175,0.8840783522148935,0.020095687612981614,0.49998916827412043,2.5496790413253198e-05,0.25000629583340195,False,DENSIFICATION_EXHAUSTION_FAILURE
E0142,D0081,persistent_q1,1,300,329.99028191226387,0.09996760637421277,1500,0.88,1050,0.8800576079455175,0.8985202225287693,0.06782068515421609,0.49998786308075627,0.0001090978258077777,0.25002325912701584,False,DENSIFICATION_EXHAUSTION_FAILURE
E0142,D0081,persistent_q1,1,300,329.99028191226387,0.09996760637421277,1500,0.88,1100,0.8800576079455175,0.9417181189394159,0.2010071875127873,0.4999802084570712,0.00038956806135446477,0.2500891072921921,False,GRAIN_GROWTH_FAILURE
E0142,D0081,persistent_q1,1,300,329.99028191226387,0.09996760637421277,1500,0.88,1150,0.8800576079455175,0.9913125544895565,0.5123862082691307,0.499921497615917,0.0011268562295795037,0.25032065636571693,False,GRAIN_GROWTH_FAILURE
E0142,D0081,persistent_q1,1,300,329.99028191226387,0.09996760637421277,1500,0.88,1200,0.8800576079455175,0.9950471960328867,0.4935785061440473,0.4999249056913062,0.0038107147881776687,0.251065284415717,False,GRAIN_GROWTH_FAILURE
E0142,D0081,persistent_q1,1,300,329.99028191226387,0.09996760637421277,1500,0.88,1250,0.8800576079455175,0.9951240102557241,0.40018389752767297,0.49995122116117363,0.01256982116774787,0.2532707619087501,False,GRAIN_GROWTH_FAILURE
E0142,D0081,persistent_q1,1,300,329.99028191226387,0.09996760637421277,1500,0.88,1300,0.8800576079455175,0.9950396596743457,0.3377611076944387,0.4999668494757966,0.037857301468351236,0.25930640374869823,False,GRAIN_GROWTH_FAILURE
E0142,D0081,persistent_q1,1,300,329.99028191226387,0.09996760637421277,1500,0.88,1350,0.8800576079455175,0.9950396596743457,0.3138553889341371,0.49997296129732977,0.10353250443435844,0.2745081955433724,False,GRAIN_GROWTH_FAILURE
E0142,D0081,persistent_q1,1,300,329.99028191226387,0.09996760637421277,1500,0.88,1400,0.8800576079455175,0.9950396596743457,0.31350036348670773,0.49997305949664667,0.11619274120273201,0.3091493727391213,False,GRAIN_GROWTH_FAILURE
E0142,D0081,persistent_q1,1,300,329.99028191226387,0.09996760637421277,1500,0.88,1450,0.8800576079455175,0.9950396596743457,0.31350036348670773,0.49997305949664667,0.11619274120273201,0.3779029785219352,False,GRAIN_GROWTH_FAILURE
E0142,D0081,persistent_q1,1,600,614.5371943269433,0.02422865721157206,1500,0.88,900,0.880055537838174,0.8801631504715764,0.00035620163346437134,0.4999895161783121,4.743459211418262e-07,0.25000246396102666,False,DENSIFICATION_EXHAUSTION_FAILURE
E0142,D0081,persistent_q1,1,600,614.5371943269433,0.02422865721157206,1500,0.88,950,0.880055537838174,0.8807539428659948,0.0015284689472155426,0.49998943306208915,2.754322758572235e-06,0.2500028922151676,False,DENSIFICATION_EXHAUSTION_FAILURE
E0142,D0081,persistent_q1,1,600,614.5371943269433,0.02422865721157206,1500,0.88,1000,0.880055537838174,0.8839240473785138,0.005835462171860397,0.4999891824823837,1.3884814632823436e-05,0.25000499355978884,False,DENSIFICATION_EXHAUSTION_FAILURE
E0142,D0081,persistent_q1,1,600,614.5371943269433,0.02422865721157206,1500,0.88,1050,0.880055537838174,0.8979036348707142,0.02001653191876686,0.4999879024531646,6.132278623256597e-05,0.25001410257497586,False,DENSIFICATION_EXHAUSTION_FAILURE
E0142,D0081,persistent_q1,1,600,614.5371943269433,0.02422865721157206,1500,0.88,1100,0.880055537838174,0.9402996631735628,0.061853743615136375,0.49998052455032505,0.00023655283537584164,0.2500494637859152,False,SUCCESS
E0142,D0081,persistent_q1,1,600,614.5371943269433,0.02422865721157206,1500,0.88,1150,0.880055537838174,0.9905796913284892,0.17087279310857423,0.4999244181203668,0.0007813658656382726,0.2501738310970273,False,GRAIN_GROWTH_FAILURE
E0142,D0081,persistent_q1,1,600,614.5371943269433,0.02422865721157206,1500,0.88,1200,0.880055537838174,0.9950126641250148,0.16978179225207027,0.499923702012685,0.0026103135023430807,0.250574019421444,False,GRAIN_GROWTH_FAILURE
E0142,D0081,persistent_q1,1,600,614.5371943269433,0.02422865721157206,1500,0.88,1250,0.880055537838174,0.9951791169981422,0.13546232134520778,0.49995020382380295,0.008299938973897159,0.2517614808423375,False,GRAIN_GROWTH_FAILURE
E0142,D0081,persistent_q1,1,600,614.5371943269433,0.02422865721157206,1500,0.88,1300,0.880055537838174,0.9954667454392826,0.11490118362395586,0.49996537719107226,0.024294122173932488,0.2550277881302694,False,GRAIN_GROWTH_FAILURE
E0142,D0081,persistent_q1,1,600,614.5371943269433,0.02422865721157206,1500,0.88,1350,0.880055537838174,0.9954667454392826,0.10466833264359761,0.4999723247411855,0.0658875400252366,0.26336405957407294,False,GRAIN_GROWTH_FAILURE
E0142,D0081,persistent_q1,1,600,614.5371943269433,0.02422865721157206,1500,0.88,1400,0.880055537838174,0.9954667454392826,0.10432944422196976,0.49997255694322573,0.07916984841042547,0.2829670875784731,False,GRAIN_GROWTH_FAILURE
E0142,D0081,persistent_q1,1,600,614.5371943269433,0.02422865721157206,1500,0.88,1450,0.880055537838174,0.9954667454392826,0.10432944422196976,0.49997255694322573,0.07916984841042547,0.324570369460679,False,GRAIN_GROWTH_FAILURE
E0142,D0082,pore_pinned_q0,0,300,306.8352901555575,0.02278430051852494,1300,0.8,900,0.8000576079463338,0.8002476724275476,0.0006336004667853551,0.4999998445403629,0.08675986586067358,0.11082859461541805,False,DENSIFICATION_EXHAUSTION_FAILURE
E0142,D0082,pore_pinned_q0,0,300,306.8352901555575,0.02278430051852494,1300,0.8,950,0.8000576079463338,0.8012890664490844,0.002724047734658324,0.4999998435044619,0.28050269231027436,0.11082859461541805,False,DENSIFICATION_EXHAUSTION_FAILURE
E0142,D0082,pore_pinned_q0,0,300,306.8352901555575,0.02278430051852494,1300,0.8,1000,0.8000576079463338,0.8068642239261596,0.010518118295858766,0.49999983925016406,0.8270410462567865,0.11082859461541805,False,DENSIFICATION_EXHAUSTION_FAILURE
E0142,D0082,pore_pinned_q0,0,300,306.8352901555575,0.02278430051852494,1300,0.8,1050,0.8000576079463338,0.831329304268146,0.03815253994253197,0.4999998165342161,2.2471226896700482,0.11082859461541805,False,DENSIFICATION_EXHAUSTION_FAILURE
E0142,D0082,pore_pinned_q0,0,300,306.8352901555575,0.02278430051852494,1300,0.8,1100,0.8000576079463338,0.9044156878539775,0.14930421578749864,0.4999996794875466,5.676924029740198,0.11082859461541805,False,GRAIN_GROWTH_FAILURE
E0142,D0082,pore_pinned_q0,0,300,306.8352901555575,0.02278430051852494,1300,0.8,1150,0.8000576079463338,0.9869086272268521,0.8052259284982851,0.49999811576008346,13.437485582060852,0.11082859461541805,False,GRAIN_GROWTH_FAILURE
E0142,D0082,pore_pinned_q0,0,300,306.8352901555575,0.02278430051852494,1300,0.8,1200,0.8000576079463338,0.9950421091036463,1.0866991142769378,0.4999971291334891,30.0,0.11082859461541805,False,GRAIN_GROWTH_FAILURE
E0142,D0082,pore_pinned_q0,0,300,306.8352901555575,0.02278430051852494,1300,0.8,1250,0.8000576079463338,0.995011379488145,0.8784343171845025,0.4999981099112954,63.536658944481694,0.11082859461541805,False,GRAIN_GROWTH_FAILURE
E0142,D0082,pore_pinned_q0,0,600,603.5547592194029,0.005924598699004614,1300,0.8,900,0.8000555378382718,0.800237555766401,0.0001637881243953491,0.4999998443423493,0.08675986586067358,0.11082754193877539,False,DENSIFICATION_EXHAUSTION_FAILURE
E0142,D0082,pore_pinned_q0,0,600,603.5547592194029,0.005924598699004614,1300,0.8,950,0.8000555378382718,0.8012370856082198,0.000704652746202499,0.4999998434791894,0.28050269231027436,0.11082754193877539,False,DENSIFICATION_EXHAUSTION_FAILURE
E0142,D0082,pore_pinned_q0,0,600,603.5547592194029,0.005924598699004614,1300,0.8,1000,0.8000555378382718,0.8066014812803294,0.0027272483564299375,0.49999983938954123,0.8270410462567865,0.11082754193877539,False,DENSIFICATION_EXHAUSTION_FAILURE
E0142,D0082,pore_pinned_q0,0,600,603.5547592194029,0.005924598699004614,1300,0.8,1050,0.8000555378382718,0.8302580499471455,0.009968993654506245,0.49999981753573985,2.2471226896700482,0.11082754193877539,False,DENSIFICATION_EXHAUSTION_FAILURE
E0142,D0082,pore_pinned_q0,0,600,603.5547592194029,0.005924598699004614,1300,0.8,1100,0.8000555378382718,0.901905782384482,0.04014173158758184,0.4999996869493109,5.676924029740198,0.11082754193877539,False,SUCCESS
E0142,D0082,pore_pinned_q0,0,600,603.5547592194029,0.005924598699004614,1300,0.8,1150,0.8000555378382718,0.9858262839839308,0.2513937199882255,0.49999821666901134,13.437485582060852,0.11082754193877539,False,GRAIN_GROWTH_FAILURE
E0142,D0082,pore_pinned_q0,0,600,603.5547592194029,0.005924598699004614,1300,0.8,1200,0.8000555378382718,0.995021174677504,0.3762555095457437,0.4999970852732213,30.0,0.11082754193877539,False,GRAIN_GROWTH_FAILURE
E0142,D0082,pore_pinned_q0,0,600,603.5547592194029,0.005924598699004614,1300,0.8,1250,0.8000555378382718,0.9951125961770005,0.2982643105599991,0.4999980618854643,63.536658944481694,0.11082754193877539,False,GRAIN_GROWTH_FAILURE
E0142,D0082,pore_pinned_q0,0,300,310.57600303081193,0.03525334343603973,1500,0.88,900,0.8800576079463335,0.8801706151838984,0.0009756140281078097,0.49999973342324605,0.08675986586067358,0.1748744279245624,False,DENSIFICATION_EXHAUSTION_FAILURE
E0142,D0082,pore_pinned_q0,0,300,310.57600303081193,0.03525334343603973,1500,0.88,950,0.8800576079463335,0.8807894406721488,0.004191444021574684,0.49999973361028643,0.28050269231027436,0.1748744279245624,False,DENSIFICATION_EXHAUSTION_FAILURE
E0142,D0082,pore_pinned_q0,0,300,310.57600303081193,0.03525334343603973,1500,0.88,1000,0.8800576079463335,0.8841002624876328,0.01613630377591554,0.49999972740909243,0.8270410462567865,0.1748744279245624,False,DENSIFICATION_EXHAUSTION_FAILURE
E0142,D0082,pore_pinned_q0,0,300,310.57600303081193,0.03525334343603973,1500,0.88,1050,0.8800576079463335,0.8986153861738457,0.05786421946091145,0.49999969043349024,2.2471226896700482,0.1748744279245624,False,DENSIFICATION_EXHAUSTION_FAILURE
E0142,D0082,pore_pinned_q0,0,300,310.57600303081193,0.03525334343603973,1500,0.88,1100,0.8800576079463335,0.9419373769634173,0.21600218445317967,0.4999994705309337,5.676924029740198,0.1748744279245624,False,GRAIN_GROWTH_FAILURE
E0142,D0082,pore_pinned_q0,0,300,310.57600303081193,0.03525334343603973,1500,0.88,1150,0.8800576079463335,0.9912272336700252,0.9583853998467848,0.4999973609074739,13.437485582060852,0.1748744279245624,False,GRAIN_GROWTH_FAILURE
E0142,D0082,pore_pinned_q0,0,300,310.57600303081193,0.03525334343603973,1500,0.88,1200,0.8800576079463335,0.9950675562410968,1.043077515470551,0.49999712030820137,30.0,0.1748744279245624,False,GRAIN_GROWTH_FAILURE
E0142,D0082,pore_pinned_q0,0,300,310.57600303081193,0.03525334343603973,1500,0.88,1250,0.8800576079463335,0.9951908839371331,0.8568421014730621,0.4999980652333526,63.536658944481694,0.1748744279245624,False,GRAIN_GROWTH_FAILURE
E0142,D0082,pore_pinned_q0,0,300,310.57600303081193,0.03525334343603973,1500,0.88,1300,0.8800576079463335,0.9951944176719177,0.713156701119359,0.49999869383125284,128.29534462193965,0.1748744279245624,False,GRAIN_GROWTH_FAILURE
E0142,D0082,pore_pinned_q0,0,300,310.57600303081193,0.03525334343603973,1500,0.88,1350,0.8800576079463335,0.9952017286928377,0.6338167118598509,0.49999898053009567,248.08202992589082,0.1748744279245624,False,GRAIN_GROWTH_FAILURE
E0142,D0082,pore_pinned_q0,0,300,310.57600303081193,0.03525334343603973,1500,0.88,1400,0.8800576079463335,0.9952378522296367,0.6338167118598509,0.49999898447347124,273.9076714152737,0.1748744279245624,False,GRAIN_GROWTH_FAILURE
E0142,D0082,pore_pinned_q0,0,300,310.57600303081193,0.03525334343603973,1500,0.88,1450,0.8800576079463335,0.9952378522296367,0.6338167118598509,0.49999898447347124,273.9076714152737,0.1748744279245624,False,GRAIN_GROWTH_FAILURE
E0142,D0082,pore_pinned_q0,0,600,605.4909537647245,0.009151589607874034,1500,0.88,900,0.8800555378382721,0.8801632312344174,0.0002567671581204629,0.4999997341654588,0.08675986586067358,0.17487182137163187,False,DENSIFICATION_EXHAUSTION_FAILURE
E0142,D0082,pore_pinned_q0,0,600,605.4909537647245,0.009151589607874034,1500,0.88,950,0.8800555378382721,0.8807544503256495,0.0011043178413666628,0.499999733824825,0.28050269231027436,0.17487182137163187,False,DENSIFICATION_EXHAUSTION_FAILURE
E0142,D0082,pore_pinned_q0,0,600,605.4909537647245,0.009151589607874034,1500,0.88,1000,0.8800555378382721,0.883926819097057,0.00426775372238861,0.49999972761800165,0.8270410462567865,0.17487182137163187,False,DENSIFICATION_EXHAUSTION_FAILURE
E0142,D0082,pore_pinned_q0,0,600,605.4909537647245,0.009151589607874034,1500,0.88,1050,0.8800555378382721,0.8979165032817756,0.015496686108531915,0.49999969211076833,2.2471226896700482,0.17487182137163187,False,DENSIFICATION_EXHAUSTION_FAILURE
E0142,D0082,pore_pinned_q0,0,600,605.4909537647245,0.009151589607874034,1500,0.88,1100,0.8800555378382721,0.9403347631642769,0.06038257113150365,0.4999994827447385,5.676924029740198,0.17487182137163187,False,SUCCESS
E0142,D0082,pore_pinned_q0,0,600,605.4909537647245,0.009151589607874034,1500,0.88,1150,0.8800555378382721,0.99054524647918,0.314579101480906,0.4999974813894788,13.437485582060852,0.17487182137163187,False,GRAIN_GROWTH_FAILURE
E0142,D0082,pore_pinned_q0,0,600,605.4909537647245,0.009151589607874034,1500,0.88,1200,0.8800555378382721,0.9950377229203393,0.36426453263119957,0.49999707990997566,30.0,0.17487182137163187,False,GRAIN_GROWTH_FAILURE
E0142,D0082,pore_pinned_q0,0,600,605.4909537647245,0.009151589607874034,1500,0.88,1250,0.8800555378382721,0.9951546868855304,0.28992139623492286,0.4999980492720537,63.536658944481694,0.17487182137163187,False,GRAIN_GROWTH_FAILURE
E0142,D0082,pore_pinned_q0,0,600,605.4909537647245,0.009151589607874034,1500,0.88,1300,0.8800555378382721,0.9954058563860465,0.2414449539578282,0.4999986582703525,128.29534462193965,0.17487182137163187,False,GRAIN_GROWTH_FAILURE
E0142,D0082,pore_pinned_q0,0,600,605.4909537647245,0.009151589607874034,1500,0.88,1350,0.8800555378382721,0.995467972502818,0.2115803723539129,0.49999896297947555,248.08202992589082,0.17487182137163187,False,GRAIN_GROWTH_FAILURE
E0142,D0082,pore_pinned_q0,0,600,605.4909537647245,0.009151589607874034,1500,0.88,1400,0.8800555378382721,0.995467972502818,0.2102102719412338,0.4999989742757242,280.59769850850785,0.17487182137163187,False,GRAIN_GROWTH_FAILURE
E0142,D0082,pore_pinned_q0,0,600,605.4909537647245,0.009151589607874034,1500,0.88,1450,0.8800555378382721,0.995467972502818,0.2102102719412338,0.4999989742757242,280.59769850850785,0.17487182137163187,False,GRAIN_GROWTH_FAILURE
E0142,D0087,mixed_q1,1,300,301.8440361423597,0.0061467871411988685,1300,0.8,900,0.8000576079465476,0.8002479531390678,0.0001785686187296756,0.7499649117624324,3.6357632719941455e-06,0.030218995233170762,False,DENSIFICATION_EXHAUSTION_FAILURE
E0142,D0087,mixed_q1,1,300,301.8440361423597,0.0061467871411988685,1300,0.8,950,0.8000576079465476,0.8012908865480693,0.000768466983591497,0.749964750629369,2.9537415471929462e-05,0.030218995233170762,False,DENSIFICATION_EXHAUSTION_FAILURE
E0142,D0087,mixed_q1,1,300,301.8440361423597,0.0061467871411988685,1300,0.8,1000,0.8000576079465476,0.8068752766833374,0.002979099835967247,0.7499637499159857,0.00020322160649360145,0.030218995233170762,False,DENSIFICATION_EXHAUSTION_FAILURE
E0142,D0087,mixed_q1,1,300,301.8440361423597,0.0061467871411988685,1300,0.8,1050,0.8000576079465476,0.831396695937209,0.010980092231889315,0.7499584514302463,0.0012014486375154629,0.030218995233170762,False,DENSIFICATION_EXHAUSTION_FAILURE
E0142,D0087,mixed_q1,1,300,301.8440361423597,0.0061467871411988685,1300,0.8,1100,0.8000576079465476,0.904764490866388,0.04622406304760856,0.7499259299849765,0.006075668030682846,0.030218995233170762,False,SUCCESS
E0142,D0087,mixed_q1,1,300,301.8440361423597,0.0061467871411988685,1300,0.8,1150,0.8000576079465476,0.9874357604418899,0.39749378342034436,0.7494710414086978,0.021198856316665064,0.030218995233170762,False,GRAIN_GROWTH_FAILURE
E0142,D0087,mixed_q1,1,300,301.8440361423597,0.0061467871411988685,1300,0.8,1200,0.8000576079465476,0.9950375151054518,0.6646054883695934,0.749076673625716,0.07496546265998254,0.030218995233170762,False,GRAIN_GROWTH_FAILURE
E0142,D0087,mixed_q1,1,300,301.8440361423597,0.0061467871411988685,1300,0.8,1250,0.8000576079465476,0.9951161877908422,0.5343703717923038,0.7493479609669789,0.3123271180518093,0.030218995233170762,False,GRAIN_GROWTH_FAILURE
E0142,D0087,mixed_q1,1,600,600.9536544716677,0.0015894241194460584,1300,0.8,900,0.8000555378382977,0.8002375915364354,4.505093585476832e-05,0.7499649227257497,1.8263965515915003e-06,0.03021868218510021,False,DENSIFICATION_EXHAUSTION_FAILURE
E0142,D0087,mixed_q1,1,600,600.9536544716677,0.0015894241194460584,1300,0.8,950,0.8000555378382977,0.8012373179567982,0.0001938975185282862,0.749964755599569,1.4844412329970164e-05,0.03021868218510021,False,DENSIFICATION_EXHAUSTION_FAILURE
E0142,D0087,mixed_q1,1,600,600.9536544716677,0.0015894241194460584,1300,0.8,1000,0.8000555378382977,0.8066028984801228,0.000751867776539663,0.749963792855015,0.00010229983672439531,0.03021868218510021,False,DENSIFICATION_EXHAUSTION_FAILURE
E0142,D0087,mixed_q1,1,600,600.9536544716677,0.0015894241194460584,1300,0.8,1050,0.8000555378382977,0.8302668588950607,0.0027719012536970757,0.7499587149425705,0.000608386127844007,0.03021868218510021,False,DENSIFICATION_EXHAUSTION_FAILURE
E0142,D0087,mixed_q1,1,600,600.9536544716677,0.0015894241194460584,1300,0.8,1100,0.8000555378382977,0.9019558381942885,0.011673520959112595,0.7499280143789487,0.0031555755818807765,0.03021868218510021,False,SUCCESS
E0142,D0087,mixed_q1,1,600,600.9536544716677,0.0015894241194460584,1300,0.8,1150,0.8000555378382977,0.9859505633431538,0.10665204891890336,0.7495200380167598,0.01344314519586297,0.03021868218510021,False,GRAIN_GROWTH_FAILURE
E0142,D0087,mixed_q1,1,600,600.9536544716677,0.0015894241194460584,1300,0.8,1200,0.8000555378382977,0.9950177964786318,0.21234622592013952,0.7490651394068669,0.05157913749232697,0.03021868218510021,False,GRAIN_GROWTH_FAILURE
E0142,D0087,mixed_q1,1,600,600.9536544716677,0.0015894241194460584,1300,0.8,1250,0.8000555378382977,0.9951415039893201,0.1669492659244207,0.7493387308708662,0.20541230253336132,0.03021868218510021,False,GRAIN_GROWTH_FAILURE
E0142,D0087,mixed_q1,1,300,302.93301080737535,0.009776702691250961,1500,0.88,900,0.8800576079465479,0.8801709015549849,0.00029518433020761574,0.7499404830674283,3.622272058893219e-06,0.050318121517125,False,DENSIFICATION_EXHAUSTION_FAILURE
E0142,D0087,mixed_q1,1,300,302.93301080737535,0.009776702691250961,1500,0.88,950,0.8800576079465479,0.8807912947535715,0.0012700272359214362,0.7499401061941924,2.9416522760761322e-05,0.050318121517125,False,DENSIFICATION_EXHAUSTION_FAILURE
E0142,D0087,mixed_q1,1,300,302.93301080737535,0.009776702691250961,1500,0.88,1000,0.8800576079465479,0.8841114748364016,0.0049188609683360396,0.749938447339793,0.0002021010276074488,0.050318121517125,False,DENSIFICATION_EXHAUSTION_FAILURE
E0142,D0087,mixed_q1,1,300,302.93301080737535,0.009776702691250961,1500,0.88,1050,0.8800576079465479,0.8986827802688762,0.01806141240881276,0.7499295949300304,0.0011888211547386757,0.050318121517125,False,DENSIFICATION_EXHAUSTION_FAILURE
E0142,D0087,mixed_q1,1,300,302.93301080737535,0.009776702691250961,1500,0.88,1100,0.8800576079465479,0.9422675444466383,0.07464651842166227,0.7498757481516295,0.0058941227390918284,0.050318121517125,False,SUCCESS
E0142,D0087,mixed_q1,1,300,302.93301080737535,0.009776702691250961,1500,0.88,1150,0.8800576079465479,0.9916288641838483,0.5453458050252615,0.7492237861954456,0.019102505639907324,0.050318121517125,False,GRAIN_GROWTH_FAILURE
E0142,D0087,mixed_q1,1,300,302.93301080737535,0.009776702691250961,1500,0.88,1200,0.8800576079465479,0.9950588260218988,0.6531613870081159,0.7490735959390465,0.07521594237919724,0.050318121517125,False,GRAIN_GROWTH_FAILURE
E0142,D0087,mixed_q1,1,300,302.93301080737535,0.009776702691250961,1500,0.88,1250,0.8800576079465479,0.9951306267334677,0.5249534197569036,0.749346580502684,0.3131261351541027,0.050318121517125,False,GRAIN_GROWTH_FAILURE
E0142,D0087,mixed_q1,1,300,302.93301080737535,0.009776702691250961,1500,0.88,1300,0.8800576079465479,0.9951810896849735,0.4314381186569697,0.7495454284899975,1.1699821962837549,0.050318121517125,False,GRAIN_GROWTH_FAILURE
E0142,D0087,mixed_q1,1,300,302.93301080737535,0.009776702691250961,1500,0.88,1350,0.8800576079465479,0.9951672650104959,0.3721466497458085,0.7496527000721677,3.962342679094433,0.050318121517125,False,GRAIN_GROWTH_FAILURE
E0142,D0087,mixed_q1,1,300,302.93301080737535,0.009776702691250961,1500,0.88,1400,0.8800576079465479,0.9951951250700092,0.3721466497458085,0.7496540392452485,4.630611491759623,0.050318121517125,False,GRAIN_GROWTH_FAILURE
E0142,D0087,mixed_q1,1,300,302.93301080737535,0.009776702691250961,1500,0.88,1450,0.8800576079465479,0.9951951250700092,0.3721466497458085,0.7496540392452485,4.630611491759623,0.050318121517125,False,GRAIN_GROWTH_FAILURE
E0142,D0087,mixed_q1,1,600,601.509753368305,0.002516255613841637,1500,0.88,900,0.8800555378382977,0.8801632679464381,7.487407118847127e-05,0.7499403481386431,1.8246537348730176e-06,0.05031725829646403,False,DENSIFICATION_EXHAUSTION_FAILURE
E0142,D0087,mixed_q1,1,600,601.509753368305,0.002516255613841637,1500,0.88,950,0.8800555378382977,0.8807546887821516,0.00032222286256119987,0.7499401013976627,1.4828789973957193e-05,0.05031725829646403,False,DENSIFICATION_EXHAUSTION_FAILURE
E0142,D0087,mixed_q1,1,600,601.509753368305,0.002516255613841637,1500,0.88,1000,0.8800555378382977,0.8839282739133687,0.0012488814060299428,0.7499385211120592,0.000102154632715023,0.05031725829646403,False,DENSIFICATION_EXHAUSTION_FAILURE
E0142,D0087,mixed_q1,1,600,601.509753368305,0.002516255613841637,1500,0.88,1050,0.8800555378382977,0.8979255435507167,0.004594287197670177,0.74993007901176,0.000606723522134353,0.05031725829646403,False,DENSIFICATION_EXHAUSTION_FAILURE
E0142,D0087,mixed_q1,1,600,601.509753368305,0.002516255613841637,1500,0.88,1100,0.8800555378382977,0.9403854764942936,0.01911767906927305,0.7498795438237217,0.0031296933830716744,0.05031725829646403,False,SUCCESS
E0142,D0087,mixed_q1,1,600,601.509753368305,0.002516255613841637,1500,0.88,1150,0.8800555378382977,0.9906527132341854,0.1536223818451327,0.7492918917889758,0.01288609103154671,0.05031725829646403,False,GRAIN_GROWTH_FAILURE
E0142,D0087,mixed_q1,1,600,601.509753368305,0.002516255613841637,1500,0.88,1200,0.8800555378382977,0.9950320479161294,0.2091240077307782,0.7490630857020202,0.051669299139037055,0.05031725829646403,False,GRAIN_GROWTH_FAILURE
E0142,D0087,mixed_q1,1,600,601.509753368305,0.002516255613841637,1500,0.88,1250,0.8800555378382977,0.9951845441784506,0.1654235745089597,0.7493346679266496,0.2054969430465029,0.05031725829646403,False,GRAIN_GROWTH_FAILURE
E0142,D0087,mixed_q1,1,600,601.509753368305,0.002516255613841637,1500,0.88,1300,0.8800555378382977,0.9954520258734635,0.13747530422826848,0.7495283866168364,0.7415044851764028,0.05031725829646403,False,GRAIN_GROWTH_FAILURE
E0142,D0087,mixed_q1,1,600,601.509753368305,0.002516255613841637,1500,0.88,1350,0.8800555378382977,0.9954685470569768,0.11681498728242697,0.7496447640301562,2.448033388223265,0.05031725829646403,False,GRAIN_GROWTH_FAILURE
E0142,D0087,mixed_q1,1,600,601.509753368305,0.002516255613841637,1500,0.88,1400,0.8800555378382977,0.9954685470569768,0.1157581850580379,0.7496493569657132,3.0391672444394073,0.05031725829646403,False,GRAIN_GROWTH_FAILURE
E0142,D0087,mixed_q1,1,600,601.509753368305,0.002516255613841637,1500,0.88,1450,0.8800555378382977,0.9954685470569768,0.1157581850580379,0.7496493569657132,3.0391672444394073,0.05031725829646403,False,GRAIN_GROWTH_FAILURE
E0142,D0091,persistent_q0,0,300,347.16155900804296,0.1572051966934763,1300,0.8,900,0.8000576079465873,0.8002457433496668,3.729565165161474e-05,0.9999999532344258,0.010754834586347383,0.008352603673242687,False,DENSIFICATION_EXHAUSTION_FAILURE
E0142,D0091,persistent_q0,0,300,347.16155900804296,0.1572051966934763,1300,0.8,950,0.8000576079465873,0.8012771879517862,0.0001667098209061089,0.9999999530014039,0.052872322001541454,0.00869762397401782,False,DENSIFICATION_EXHAUSTION_FAILURE
E0142,D0091,persistent_q0,0,300,347.16155900804296,0.1572051966934763,1300,0.8,1000,0.8000576079465873,0.8068037675120321,0.0007430582785829673,0.9999999516811054,0.22936605188096715,0.01014082760133642,False,DENSIFICATION_EXHAUSTION_FAILURE
E0142,D0091,persistent_q0,0,300,347.16155900804296,0.1572051966934763,1300,0.8,1050,0.8000576079465873,0.8311026163073244,0.00391468755498706,0.9999999446949447,0.8905626444960578,0.015510328930671922,False,DENSIFICATION_EXHAUSTION_FAILURE
E0142,D0091,persistent_q0,0,300,347.16155900804296,0.1572051966934763,1300,0.8,1100,0.8000576079465873,0.904048641003967,0.026169735077671622,0.9999999019745213,3.1325346099254454,0.033291310656936655,False,SUCCESS
E0142,D0091,persistent_q0,0,300,347.16155900804296,0.1572051966934763,1300,0.8,1150,0.8000576079465873,0.9871311929653175,0.179569062706597,0.9999993101370127,10.086614534270552,0.08457472935924289,False,GRAIN_GROWTH_FAILURE
E0142,D0091,persistent_q0,0,300,347.16155900804296,0.1572051966934763,1300,0.8,1200,0.8000576079465873,0.9950145555109822,0.4231945866333231,0.9999987705521207,30.0,0.20529801987758098,False,GRAIN_GROWTH_FAILURE
E0142,D0091,persistent_q0,0,300,347.16155900804296,0.1572051966934763,1300,0.8,1250,0.8000576079465873,0.9950016331458055,0.6005435251361765,0.9999991421976852,83.06505270531605,0.41195223582137414,False,GRAIN_GROWTH_FAILURE
E0142,D0091,persistent_q0,0,600,625.6058029755484,0.042676338292580454,1300,0.8,900,0.8000555378383026,0.8002372692660975,1.148485499073171e-05,0.9999999532299755,0.010754834586347383,0.008352603688278051,False,DENSIFICATION_EXHAUSTION_FAILURE
E0142,D0091,persistent_q0,0,600,625.6058029755484,0.042676338292580454,1300,0.8,950,0.8000555378383026,0.8012353165917955,5.133905941758288e-05,0.999999953005164,0.052872322001541454,0.0086976239896688,False,DENSIFICATION_EXHAUSTION_FAILURE
E0142,D0091,persistent_q0,0,600,625.6058029755484,0.042676338292580454,1300,0.8,1000,0.8000555378383026,0.80659241071698,0.00022887375541604131,0.9999999517229401,0.22936605188096715,0.010140827619557813,False,DENSIFICATION_EXHAUSTION_FAILURE
E0142,D0091,persistent_q0,0,600,625.6058029755484,0.042676338292580454,1300,0.8,1050,0.8000555378383026,0.8302232515602987,0.0012071042878706202,0.9999999449620276,0.8905626444960578,0.01551032895839025,False,DENSIFICATION_EXHAUSTION_FAILURE
E0142,D0091,persistent_q0,0,600,625.6058029755484,0.042676338292580454,1300,0.8,1100,0.8000555378383026,0.9018449129675005,0.008130864112055453,0.9999999041089698,3.1325346099254454,0.033291310715356626,False,SUCCESS
E0142,D0091,persistent_q0,0,600,625.6058029755484,0.042676338292580454,1300,0.8,1150,0.8000555378383026,0.9858898051799996,0.05854080714657385,0.9999993622166972,10.086614534270552,0.08457472949978234,False,SUCCESS
E0142,D0091,persistent_q0,0,600,625.6058029755484,0.042676338292580454,1300,0.8,1200,0.8000555378383026,0.9950636856558115,0.15289890371556406,0.9999987414043873,30.0,0.20529802017373924,False,GRAIN_GROWTH_FAILURE
E0142,D0091,persistent_q0,0,600,625.6058029755484,0.042676338292580454,1300,0.8,1250,0.8000555378383026,0.9951123593119272,0.22486840762966584,0.9999991168375514,83.06505270531605,0.4119522362611124,False,GRAIN_GROWTH_FAILURE
E0142,D0091,persistent_q0,0,300,377.46638828923926,0.2582212942974641,1500,0.88,900,0.8800576079465875,0.8801686551948905,3.154758712275022e-05,0.9999999203511495,0.010754834586347383,0.008352603729621521,False,PREP_GROWTH_EXCEEDED
E0142,D0091,persistent_q0,0,300,377.46638828923926,0.2582212942974641,1500,0.88,950,0.8800576079465875,0.8807773775289285,0.00014101764411125436,0.9999999201187693,0.052872322001541454,0.008697624032705064,False,PREP_GROWTH_EXCEEDED
E0142,D0091,persistent_q0,0,300,377.46638828923926,0.2582212942974641,1500,0.88,1000,0.8800576079465875,0.8840389058393948,0.0006285710583358716,0.9999999179690094,0.22936605188096715,0.010140827669662065,False,PREP_GROWTH_EXCEEDED
E0142,D0091,persistent_q0,0,300,377.46638828923926,0.2582212942974641,1500,0.88,1050,0.8800576079465875,0.8983854979712664,0.0033123338250084103,0.9999999063884908,0.8905626444960578,0.015510329034608668,False,PREP_GROWTH_EXCEEDED
E0142,D0091,persistent_q0,0,300,377.46638828923926,0.2582212942974641,1500,0.88,1100,0.8800576079465875,0.9415650354072256,0.02217993502615144,0.9999998363063215,3.1325346099254454,0.03329131087599685,False,PREP_GROWTH_EXCEEDED
E0142,D0091,persistent_q0,0,300,377.46638828923926,0.2582212942974641,1500,0.88,1150,0.8800576079465875,0.9913964756276601,0.15367797115537796,0.9999989907223115,10.086614534270552,0.08457472988623055,False,PREP_GROWTH_EXCEEDED
E0142,D0091,persistent_q0,0,300,377.46638828923926,0.2582212942974641,1500,0.88,1200,0.8800576079465875,0.9950135649143866,0.32746706538864156,0.9999987702534835,30.0,0.2052980209881,False,PREP_GROWTH_EXCEEDED
E0142,D0091,persistent_q0,0,300,377.46638828923926,0.2582212942974641,1500,0.88,1250,0.8800576079465875,0.9950461153878177,0.47004890994937387,0.9999991369210061,83.06505270531605,0.4119522374702821,False,PREP_GROWTH_EXCEEDED
E0142,D0091,persistent_q0,0,300,377.46638828923926,0.2582212942974641,1500,0.88,1300,0.8800576079465875,0.9953032651785836,0.5546744700685805,0.999999384810919,215.575824535822,0.6434681650090398,False,PREP_GROWTH_EXCEEDED
E0142,D0091,persistent_q0,0,300,377.46638828923926,0.2582212942974641,1500,0.88,1350,0.8800576079465875,0.9953031352048469,0.5591974703330527,0.9999995331273576,527.5511950617315,0.8149722084049376,False,PREP_GROWTH_EXCEEDED
E0142,D0091,persistent_q0,0,300,377.46638828923926,0.2582212942974641,1500,0.88,1400,0.8800576079465875,0.9953141682278607,0.559065010667612,0.9999995372371034,610.2892605697438,0.910765386153736,False,PREP_GROWTH_EXCEEDED
E0142,D0091,persistent_q0,0,300,377.46638828923926,0.2582212942974641,1500,0.88,1450,0.8800576079465875,0.9953141682278607,0.559065010667612,0.9999995372371034,610.2892605697438,0.9575146945292502,False,PREP_GROWTH_EXCEEDED
E0142,D0091,persistent_q0,0,600,643.1582178113492,0.07193036301891526,1500,0.88,900,0.8800555378383024,0.880162911952261,1.0866546807156966e-05,0.9999999204143512,0.010754834586347383,0.008352603795897138,False,DENSIFICATION_EXHAUSTION_FAILURE
E0142,D0091,persistent_q0,0,600,643.1582178113492,0.07193036301891526,1500,0.88,950,0.8800555378383024,0.8807524785541593,4.8575179213008964e-05,0.9999999201248978,0.052872322001541454,0.00869762410169431,False,DENSIFICATION_EXHAUSTION_FAILURE
E0142,D0091,persistent_q0,0,600,643.1582178113492,0.07193036301891526,1500,0.88,1000,0.8800555378383024,0.8839166959886307,0.00021655318234798087,0.9999999180239724,0.22936605188096715,0.01014082774998165,False,DENSIFICATION_EXHAUSTION_FAILURE
E0142,D0091,persistent_q0,0,600,643.1582178113492,0.07193036301891526,1500,0.88,1050,0.8800555378383024,0.8978774832869909,0.0011421542611835627,0.9999999067958887,0.8905626444960578,0.015510329156790546,False,DENSIFICATION_EXHAUSTION_FAILURE
E0142,D0091,persistent_q0,0,600,643.1582178113492,0.07193036301891526,1500,0.88,1100,0.8800555378383024,0.940265937049095,0.007694789317114538,0.9999998396453622,3.1325346099254454,0.033291311133511026,False,SUCCESS
E0142,D0091,persistent_q0,0,600,643.1582178113492,0.07193036301891526,1500,0.88,1150,0.8800555378383024,0.9906024159826224,0.055457570794765584,0.9999990599480487,10.086614534270552,0.08457473050572605,False,SUCCESS
E0142,D0091,persistent_q0,0,600,643.1582178113492,0.07193036301891526,1500,0.88,1200,0.8800555378383024,0.9950023558322885,0.12800331369223825,0.9999987534401195,30.0,0.20529802229356034,False,GRAIN_GROWTH_FAILURE
E0142,D0091,persistent_q0,0,600,643.1582178113492,0.07193036301891526,1500,0.88,1250,0.8800555378383024,0.9951524645151535,0.19027977010057012,0.9999991118151339,83.06505270531605,0.41195223940864056,False,GRAIN_GROWTH_FAILURE
E0142,D0091,persistent_q0,0,600,643.1582178113492,0.07193036301891526,1500,0.88,1300,0.8800555378383024,0.9954631911182524,0.228680019596355,0.9999993665730883,215.575824535822,0.6434681668447326,False,GRAIN_GROWTH_FAILURE
E0142,D0091,persistent_q0,0,600,643.1582178113492,0.07193036301891526,1500,0.88,1350,0.8800555378383024,0.9954631911182524,0.23056173475687966,0.999999524859112,527.5511950617315,0.8149722096115128,False,GRAIN_GROWTH_FAILURE
E0142,D0091,persistent_q0,0,600,643.1582178113492,0.07193036301891526,1500,0.88,1400,0.8800555378383024,0.9954631911182524,0.23018283063691916,0.999999531472049,625.9837671174653,0.9107653868040371,False,GRAIN_GROWTH_FAILURE
E0142,D0091,persistent_q0,0,600,643.1582178113492,0.07193036301891526,1500,0.88,1450,0.8800555378383024,0.9954631911182524,0.23018283063691916,0.999999531472049,625.9837671174653,0.9575146948547559,False,GRAIN_GROWTH_FAILURE
E0142,D0093,pore_pinned_q0,0,300,317.17062236283755,0.05723540787612495,1300,0.8,900,0.8000576079458542,0.8002471214328751,0.001455456808739347,0.999998753328878,0.0003098844635288066,0.2721596424730191,False,DENSIFICATION_EXHAUSTION_FAILURE
E0142,D0093,pore_pinned_q0,0,300,317.17062236283755,0.05723540787612495,1300,0.8,950,0.8000576079458542,0.8012855143214437,0.006246313995075952,0.9999987507265843,0.0012883143875498393,0.2721596424730191,False,DENSIFICATION_EXHAUSTION_FAILURE
E0142,D0093,pore_pinned_q0,0,300,317.17062236283755,0.05723540787612495,1300,0.8,1000,0.8000576079458542,0.8068430948478272,0.023942547151047246,0.9999987280372473,0.004788928160146463,0.2721596424730191,False,DENSIFICATION_EXHAUSTION_FAILURE
E0142,D0093,pore_pinned_q0,0,300,317.17062236283755,0.05723540787612495,1300,0.8,1050,0.8000576079458542,0.831208742005555,0.08444475813555337,0.9999985821317591,0.016119791180106122,0.2721596424730191,False,DENSIFICATION_EXHAUSTION_FAILURE
E0142,D0093,pore_pinned_q0,0,300,317.17062236283755,0.05723540787612495,1300,0.8,1100,0.8000576079458542,0.9039104472209691,0.2963863651405749,0.999997725412923,0.04966984134508237,0.2721596424730191,False,GRAIN_GROWTH_FAILURE
E0142,D0093,pore_pinned_q0,0,300,317.17062236283755,0.05723540787612495,1300,0.8,1150,0.8000576079458542,0.9864947033105649,1.0917355272059297,0.9999915884897834,0.14141141635519075,0.2721596424730191,False,GRAIN_GROWTH_FAILURE
E0142,D0093,pore_pinned_q0,0,300,317.17062236283755,0.05723540787612495,1300,0.8,1200,0.8000576079458542,0.9950658570799055,1.3221754221985018,0.9999904110325774,0.375,0.2721596424730191,False,GRAIN_GROWTH_FAILURE
E0142,D0093,pore_pinned_q0,0,300,317.17062236283755,0.05723540787612495,1300,0.8,1250,0.8000576079458542,0.9950925964919785,1.084410098768175,0.999994018069582,0.9327618380042222,0.2721596424730191,False,GRAIN_GROWTH_FAILURE
E0142,D0093,pore_pinned_q0,0,600,609.0316945381938,0.015052824230322913,1300,0.8,900,0.8000555378382143,0.800237481545025,0.0003949349950800789,0.9999987581035974,0.0003098844635288066,0.27215752646070124,False,DENSIFICATION_EXHAUSTION_FAILURE
E0142,D0093,pore_pinned_q0,0,600,609.0316945381938,0.015052824230322913,1300,0.8,950,0.8000555378382143,0.8012366050800387,0.0016977429178134775,0.9999987532556782,0.0012883143875498393,0.27215752646070124,False,DENSIFICATION_EXHAUSTION_FAILURE
E0142,D0093,pore_pinned_q0,0,600,609.0316945381938,0.015052824230322913,1300,0.8,1000,0.8000555378382143,0.8065985831673793,0.006546505761244295,0.9999987287422438,0.004788928160146463,0.27215752646070124,False,DENSIFICATION_EXHAUSTION_FAILURE
E0142,D0093,pore_pinned_q0,0,600,609.0316945381938,0.015052824230322913,1300,0.8,1050,0.8000555378382143,0.8302406359581551,0.0235391958594719,0.9999985854157146,0.016119791180106122,0.27215752646070124,False,DENSIFICATION_EXHAUSTION_FAILURE
E0142,D0093,pore_pinned_q0,0,600,609.0316945381938,0.015052824230322913,1300,0.8,1100,0.8000555378382143,0.9018176639528909,0.08770798903358679,0.9999977526231709,0.04966984134508237,0.27215752646070124,False,SUCCESS
E0142,D0093,pore_pinned_q0,0,600,609.0316945381938,0.015052824230322913,1300,0.8,1150,0.8000555378382143,0.9856984272479311,0.3797975185148263,0.9999917247773101,0.14141141635519075,0.27215752646070124,False,GRAIN_GROWTH_FAILURE
E0142,D0093,pore_pinned_q0,0,600,609.0316945381938,0.015052824230322913,1300,0.8,1200,0.8000555378382143,0.995042137715808,0.48907210346832597,0.9999902257817762,0.375,0.27215752646070124,False,GRAIN_GROWTH_FAILURE
E0142,D0093,pore_pinned_q0,0,600,609.0316945381938,0.015052824230322913,1300,0.8,1250,0.8000555378382143,0.9950923810072974,0.3898163593527224,0.9999939237126573,0.9327618380042222,0.27215752646070124,False,GRAIN_GROWTH_FAILURE
E0142,D0093,pore_pinned_q0,0,300,325.24507101869267,0.08415023672897548,1500,0.88,900,0.8800576079458545,0.8801701066875146,0.0019760490352013524,0.9999978803807787,0.0003098844635288066,0.38868214742241597,False,DENSIFICATION_EXHAUSTION_FAILURE
E0142,D0093,pore_pinned_q0,0,300,325.24507101869267,0.08415023672897548,1500,0.88,950,0.8800576079458545,0.8807861820212839,0.00847073697065101,0.9999978773969395,0.0012883143875498393,0.38868214742241597,False,DENSIFICATION_EXHAUSTION_FAILURE
E0142,D0093,pore_pinned_q0,0,300,325.24507101869267,0.08415023672897548,1500,0.88,1000,0.8800576079458545,0.8840812410709985,0.03231645317417055,0.99999784880168,0.004788928160146463,0.38868214742241597,False,DENSIFICATION_EXHAUSTION_FAILURE
E0142,D0093,pore_pinned_q0,0,300,325.24507101869267,0.08415023672897548,1500,0.88,1050,0.8800576079458545,0.8985120924112413,0.11201288565926062,0.9999976454581011,0.016119791180106122,0.38868214742241597,False,MIXED_FAILURE
E0142,D0093,pore_pinned_q0,0,300,325.24507101869267,0.08415023672897548,1500,0.88,1100,0.8800576079458545,0.9415490883569406,0.37054864415878486,0.9999964339291894,0.04966984134508237,0.38868214742241597,False,GRAIN_GROWTH_FAILURE
E0142,D0093,pore_pinned_q0,0,300,325.24507101869267,0.08415023672897548,1500,0.88,1150,0.8800576079458545,0.9909561836604335,1.1786808805388902,0.9999891552025129,0.14141141635519075,0.38868214742241597,False,GRAIN_GROWTH_FAILURE
E0142,D0093,pore_pinned_q0,0,300,325.24507101869267,0.08415023672897548,1500,0.88,1200,0.8800576079458545,0.9950267420780589,1.2188578767268323,0.9999903197145168,0.375,0.38868214742241597,False,GRAIN_GROWTH_FAILURE
E0142,D0093,pore_pinned_q0,0,300,325.24507101869267,0.08415023672897548,1500,0.88,1250,0.8800576079458545,0.9950563541959533,0.9992960512663581,0.999993693138073,0.9327618380042222,0.38868214742241597,False,GRAIN_GROWTH_FAILURE
E0142,D0093,pore_pinned_q0,0,300,325.24507101869267,0.08415023672897548,1500,0.88,1300,0.8800576079458545,0.9951606454577009,0.8493150603990188,0.9999954209377407,2.189547673387703,0.38868214742241597,False,GRAIN_GROWTH_FAILURE
E0142,D0093,pore_pinned_q0,0,300,325.24507101869267,0.08415023672897548,1500,0.88,1350,0.8800576079458545,0.9952915925921315,0.7751426754303975,0.9999960820977463,4.876485109884967,0.38868214742241597,False,GRAIN_GROWTH_FAILURE
E0142,D0093,pore_pinned_q0,0,300,325.24507101869267,0.08415023672897548,1500,0.88,1400,0.8800576079458545,0.9950136600037497,0.757567005376631,0.999996139452532,5.457006953802076,0.38868214742241597,False,GRAIN_GROWTH_FAILURE
E0142,D0093,pore_pinned_q0,0,300,325.24507101869267,0.08415023672897548,1500,0.88,1450,0.8800576079458545,0.9950136600037497,0.757567005376631,0.999996139452532,5.457006953802076,0.38868214742241597,False,GRAIN_GROWTH_FAILURE
E0142,D0093,pore_pinned_q0,0,600,613.3185935005727,0.02219765583428765,1500,0.88,900,0.8800555378382144,0.880163160634234,0.000556088594431053,0.9999978630213591,0.0003098844635288066,0.38867785518774095,False,DENSIFICATION_EXHAUSTION_FAILURE
E0142,D0093,pore_pinned_q0,0,600,613.3185935005727,0.02219765583428765,1500,0.88,950,0.8800555378382144,0.8807539949878626,0.0023891580390060607,0.9999978648309554,0.0012883143875498393,0.38867785518774095,False,DENSIFICATION_EXHAUSTION_FAILURE
E0142,D0093,pore_pinned_q0,0,600,613.3185935005727,0.02219765583428765,1500,0.88,1000,0.8800555378382144,0.8839241053119056,0.009188460121648041,0.9999978418486457,0.004788928160146463,0.38867785518774095,False,DENSIFICATION_EXHAUSTION_FAILURE
E0142,D0093,pore_pinned_q0,0,600,613.3185935005727,0.02219765583428765,1500,0.88,1050,0.8800555378382144,0.8979006618223142,0.03266479206883286,0.9999976462663779,0.016119791180106122,0.38867785518774095,False,DENSIFICATION_EXHAUSTION_FAILURE
E0142,D0093,pore_pinned_q0,0,600,613.3185935005727,0.02219765583428765,1500,0.88,1100,0.8800555378382144,0.9402596598258186,0.11596879054125375,0.9999964643609394,0.04966984134508237,0.38867785518774095,False,GRAIN_GROWTH_FAILURE
E0142,D0093,pore_pinned_q0,0,600,613.3185935005727,0.02219765583428765,1500,0.88,1150,0.8800555378382144,0.9904531710329554,0.4296913394045789,0.9999892697981437,0.14141141635519075,0.38867785518774095,False,GRAIN_GROWTH_FAILURE
E0142,D0093,pore_pinned_q0,0,600,613.3185935005727,0.02219765583428765,1500,0.88,1200,0.8800555378382144,0.9950616387533899,0.4615759162286733,0.9999900784416531,0.375,0.38867785518774095,False,GRAIN_GROWTH_FAILURE
E0142,D0093,pore_pinned_q0,0,600,613.3185935005727,0.02219765583428765,1500,0.88,1250,0.8800555378382144,0.9951346430991789,0.3688791699560431,0.9999935560138932,0.9327618380042222,0.38867785518774095,False,GRAIN_GROWTH_FAILURE
E0142,D0093,pore_pinned_q0,0,600,613.3185935005727,0.02219765583428765,1500,0.88,1300,0.8800555378382144,0.995431527072906,0.3108902904546261,0.9999953049592658,2.189547673387703,0.38867785518774095,False,GRAIN_GROWTH_FAILURE
E0142,D0093,pore_pinned_q0,0,600,613.3185935005727,0.02219765583428765,1500,0.88,1350,0.8800555378382144,0.9954668744989881,0.27669239340481977,0.9999960415523585,4.876485109884967,0.38867785518774095,False,GRAIN_GROWTH_FAILURE
E0142,D0093,pore_pinned_q0,0,600,613.3185935005727,0.02219765583428765,1500,0.88,1400,0.8800555378382144,0.9954668744989881,0.275262910033519,0.9999960663921079,5.677799381362845,0.38867785518774095,False,GRAIN_GROWTH_FAILURE
E0142,D0093,pore_pinned_q0,0,600,613.3185935005727,0.02219765583428765,1500,0.88,1450,0.8800555378382144,0.9954668744989881,0.275262910033519,0.9999960663921079,5.677799381362845,0.38867785518774095,False,GRAIN_GROWTH_FAILURE
E0142,D0098,mixed_q1,1,300,303.59315874139367,0.011977195804645355,1300,0.8,900,0.8000576079464738,0.8002478536301716,0.0003426455550547382,1.4997192314857923,4.081495601263697e-05,0.0586651874465205,False,DENSIFICATION_EXHAUSTION_FAILURE
E0142,D0098,mixed_q1,1,300,303.59315874139367,0.011977195804645355,1300,0.8,950,0.8000576079464738,0.8012902405152152,0.0014740560045445083,1.4997185135305733,0.00016949288877692294,0.0586651874465205,False,DENSIFICATION_EXHAUSTION_FAILURE
E0142,D0098,mixed_q1,1,300,303.59315874139367,0.011977195804645355,1300,0.8,1000,0.8000576079464738,0.8068713351871393,0.0057062255574388335,1.4997119226538562,0.0006273940305085414,0.0586651874465205,False,DENSIFICATION_EXHAUSTION_FAILURE
E0142,D0098,mixed_q1,1,300,303.59315874139367,0.011977195804645355,1300,0.8,1050,0.8000576079464738,0.8313722863483316,0.020909754224979458,1.499673690794582,0.0020804634477667597,0.0586651874465205,False,DENSIFICATION_EXHAUSTION_FAILURE
E0142,D0098,mixed_q1,1,300,303.59315874139367,0.011977195804645355,1300,0.8,1100,0.8000576079464738,0.9046308690739395,0.08561799647935694,1.499446233454804,0.006029489136675502,0.0586651874465205,False,SUCCESS
E0142,D0098,mixed_q1,1,300,303.59315874139367,0.011977195804645355,1300,0.8,1150,0.8000576079464738,0.9871852816619257,0.5929955530715739,1.4973388322834238,0.011699658883079283,0.0586651874465205,False,GRAIN_GROWTH_FAILURE
E0142,D0098,mixed_q1,1,300,303.59315874139367,0.011977195804645355,1300,0.8,1200,0.8000576079464738,0.9950698397162565,0.8867625151265267,1.4966164150455281,0.026293395682593982,0.0586651874465205,False,GRAIN_GROWTH_FAILURE
E0142,D0098,mixed_q1,1,300,303.59315874139367,0.011977195804645355,1300,0.8,1250,0.8000576079464738,0.9950163768096669,0.7080472144442067,1.4978558910009556,0.07267085709597755,0.0586651874465205,False,GRAIN_GROWTH_FAILURE
E0142,D0098,mixed_q1,1,600,601.8618898014406,0.0031031496690675222,1300,0.8,900,0.800055537838289,0.8002375790078256,8.719221733508812e-05,1.4997180538726593,2.0593262783606284e-05,0.05866459754157229,False,DENSIFICATION_EXHAUSTION_FAILURE
E0142,D0098,mixed_q1,1,600,601.8618898014406,0.0031031496690675222,1300,0.8,950,0.800055537838289,0.8012372365175652,0.0003752182570760651,1.4997181199108147,8.558987950301398e-05,0.05866459754157229,False,DENSIFICATION_EXHAUSTION_FAILURE
E0142,D0098,mixed_q1,1,600,601.8618898014406,0.0031031496690675222,1300,0.8,1000,0.800055537838289,0.8066024005287107,0.0014539947733436837,1.4997120083184476,0.0003178131005213101,0.05866459754157229,False,DENSIFICATION_EXHAUSTION_FAILURE
E0142,D0098,mixed_q1,1,600,601.8618898014406,0.0031031496690675222,1300,0.8,1050,0.800055537838289,0.8302637406230746,0.005344154918279894,1.4996752128492918,0.0010656461519959303,0.05866459754157229,False,DENSIFICATION_EXHAUSTION_FAILURE
E0142,D0098,mixed_q1,1,600,601.8618898014406,0.0031031496690675222,1300,0.8,1100,0.800055537838289,0.9019376265002519,0.022140875934997924,1.4994584837186193,0.003229774657175667,0.05866459754157229,False,SUCCESS
E0142,D0098,mixed_q1,1,600,601.8618898014406,0.0031031496690675222,1300,0.8,1150,0.800055537838289,0.9858968915384373,0.17164758753555615,1.497478133371439,0.008025676706995341,0.05866459754157229,False,GRAIN_GROWTH_FAILURE
E0142,D0098,mixed_q1,1,600,601.8618898014406,0.0031031496690675222,1300,0.8,1200,0.800055537838289,0.9950547980627997,0.29537842988030183,1.4965525787352378,0.019281773141258132,0.05866459754157229,False,GRAIN_GROWTH_FAILURE
E0142,D0098,mixed_q1,1,600,601.8618898014406,0.0031031496690675222,1300,0.8,1250,0.800055537838289,0.9951269896022913,0.23196518429236102,1.49780137966744,0.05063156576225313,0.05866459754157229,False,GRAIN_GROWTH_FAILURE
E0142,D0098,mixed_q1,1,300,305.6587111858498,0.018862370619499233,1500,0.88,900,0.8800576079464741,0.8801707976197024,0.000552022149982307,1.4995232305726778,4.053067444118754e-05,0.09581501163555117,False,DENSIFICATION_EXHAUSTION_FAILURE
E0142,D0098,mixed_q1,1,300,305.6587111858498,0.018862370619499233,1500,0.88,950,0.8800576079464741,0.8807906201490165,0.0023737681298582744,1.4995220772139086,0.00016819670986274477,0.09581501163555117,False,DENSIFICATION_EXHAUSTION_FAILURE
E0142,D0098,mixed_q1,1,300,305.6587111858498,0.018862370619499233,1500,0.88,1000,0.8800576079464741,0.8841073595728358,0.009172923585088345,1.4995125623383627,0.0006210180716367878,0.09581501163555117,False,DENSIFICATION_EXHAUSTION_FAILURE
E0142,D0098,mixed_q1,1,300,305.6587111858498,0.018862370619499233,1500,0.88,1050,0.8800576079464741,0.8986573941110512,0.03337903762419004,1.4994534155385033,0.0020415229412597737,0.09581501163555117,False,DENSIFICATION_EXHAUSTION_FAILURE
E0142,D0098,mixed_q1,1,300,305.6587111858498,0.018862370619499233,1500,0.88,1100,0.8800576079464741,0.942133204269683,0.13239683664622554,1.4991046052659902,0.005741895540425016,0.09581501163555117,False,GRAIN_GROWTH_FAILURE
E0142,D0098,mixed_q1,1,300,305.6587111858498,0.018862370619499233,1500,0.88,1150,0.8800576079464741,0.9914285628431517,0.756642401349931,1.49643865641457,0.010540347213015815,0.09581501163555117,False,GRAIN_GROWTH_FAILURE
E0142,D0098,mixed_q1,1,300,305.6587111858498,0.018862370619499233,1500,0.88,1200,0.8800576079464741,0.9950214207230477,0.8560046878003278,1.4966312009947709,0.026550329122097194,0.09581501163555117,False,GRAIN_GROWTH_FAILURE
E0142,D0098,mixed_q1,1,300,305.6587111858498,0.018862370619499233,1500,0.88,1250,0.8800576079464741,0.9950116555405821,0.687251984016825,1.4978245564635955,0.07306937785320683,0.09581501163555117,False,GRAIN_GROWTH_FAILURE
E0142,D0098,mixed_q1,1,300,305.6587111858498,0.018862370619499233,1500,0.88,1300,0.8800576079464741,0.9950581691121901,0.5694922997168428,1.4984999013491456,0.18439103576109483,0.09581501163555117,False,GRAIN_GROWTH_FAILURE
E0142,D0098,mixed_q1,1,300,305.6587111858498,0.018862370619499233,1500,0.88,1350,0.8800576079464741,0.9950765802658182,0.5007086787429937,1.4987764546941982,0.429492016905869,0.09581501163555117,False,GRAIN_GROWTH_FAILURE
E0142,D0098,mixed_q1,1,300,305.6587111858498,0.018862370619499233,1500,0.88,1400,0.8800576079464741,0.9951059056779897,0.5007086787429937,1.4987794282920126,0.47790525354998065,0.09581501163555117,False,GRAIN_GROWTH_FAILURE
E0142,D0098,mixed_q1,1,300,305.6587111858498,0.018862370619499233,1500,0.88,1450,0.8800576079464741,0.9951059056779897,0.5007086787429937,1.4987794282920126,0.47790525354998065,0.09581501163555117,False,GRAIN_GROWTH_FAILURE
E0142,D0098,mixed_q1,1,600,602.9217986776965,0.004869664462827393,1500,0.88,900,0.8800555378382889,0.8801632548617103,0.00014189937879539877,1.4995279528619874,2.0555938603065732e-05,0.09581344664957998,False,DENSIFICATION_EXHAUSTION_FAILURE
E0142,D0098,mixed_q1,1,600,602.9217986776965,0.004869664462827393,1500,0.88,950,0.8800555378382889,0.8807546036502901,0.0006105288610561295,1.4995244312578793,8.541936525975102e-05,0.09581344664957998,False,DENSIFICATION_EXHAUSTION_FAILURE
E0142,D0098,mixed_q1,1,600,602.9217986776965,0.004869664462827393,1500,0.88,1000,0.8800555378382889,0.8839277516604156,0.002363787028288362,1.499513323597148,0.0003169670487168299,0.09581344664957998,False,DENSIFICATION_EXHAUSTION_FAILURE
E0142,D0098,mixed_q1,1,600,602.9217986776965,0.004869664462827393,1500,0.88,1050,0.8800555378382889,0.8979222499468416,0.008653915718103913,1.4994558033432912,0.0010602898906825029,0.09581344664957998,False,DENSIFICATION_EXHAUSTION_FAILURE
E0142,D0098,mixed_q1,1,600,602.9217986776965,0.004869664462827393,1500,0.88,1100,0.8800555378382889,0.9403661841498285,0.03511440870931769,1.4991238162876008,0.003183792368688578,0.09581344664957998,False,SUCCESS
E0142,D0098,mixed_q1,1,600,602.9217986776965,0.004869664462827393,1500,0.88,1150,0.8800555378382889,0.9906034409749747,0.23071234346600014,1.4965978924169236,0.007628315658188997,0.09581344664957998,False,GRAIN_GROWTH_FAILURE
E0142,D0098,mixed_q1,1,600,602.9217986776965,0.004869664462827393,1500,0.88,1200,0.8800555378382889,0.9950007481029368,0.2861528470822841,1.4965710639888945,0.019386276391885254,0.09581344664957998,False,GRAIN_GROWTH_FAILURE
E0142,D0098,mixed_q1,1,600,602.9217986776965,0.004869664462827393,1500,0.88,1250,0.8800555378382889,0.9951696624339796,0.22805138805586378,1.497762292611307,0.05070531012236772,0.09581344664957998,False,GRAIN_GROWTH_FAILURE
E0142,D0098,mixed_q1,1,600,602.9217986776965,0.004869664462827393,1500,0.88,1300,0.8800555378382889,0.9954122482372989,0.18906389523026618,1.498449590446723,0.12338705318497482,0.09581344664957998,False,GRAIN_GROWTH_FAILURE
E0142,D0098,mixed_q1,1,600,602.9217986776965,0.004869664462827393,1500,0.88,1350,0.8800555378382889,0.995468341972675,0.16352890528193706,1.498754965973118,0.28063935078171187,0.09581344664957998,False,GRAIN_GROWTH_FAILURE
E0142,D0098,mixed_q1,1,600,602.9217986776965,0.004869664462827393,1500,0.88,1400,0.8800555378382889,0.995468341972675,0.16227532305370204,1.4987653413534683,0.3256300778547993,0.09581344664957998,False,GRAIN_GROWTH_FAILURE
E0142,D0098,mixed_q1,1,600,602.9217986776965,0.004869664462827393,1500,0.88,1450,0.8800555378382889,0.995468341972675,0.16227532305370204,1.4987653413534683,0.3256300778547993,0.09581344664957998,False,GRAIN_GROWTH_FAILURE
E0142,D0099,persistent_junction_only,0,300,363.76262740439057,0.21254209134796834,1300,0.8,900,0.8000576079461813,0.8002450737833176,0.00040705491989495796,1.4999968837602775,0.0011664273361608592,0.10010511502498581,False,PREP_GROWTH_EXCEEDED
E0142,D0099,persistent_junction_only,0,300,363.76262740439057,0.21254209134796834,1300,0.8,950,0.8000576079461813,0.8012729759675415,0.0017553009134335948,1.4999968693936092,0.006780862412277786,0.10061001355157334,False,PREP_GROWTH_EXCEEDED
E0142,D0099,persistent_junction_only,0,300,363.76262740439057,0.21254209134796834,1300,0.8,1000,0.8000576079461813,0.8067806064173312,0.006862482675188632,1.4999967861621155,0.034329697583267184,0.10307925504033258,False,PREP_GROWTH_EXCEEDED
E0142,D0099,persistent_junction_only,0,300,363.76262740439057,0.21254209134796834,1300,0.8,1050,0.8000576079461813,0.8309906200098807,0.025875309893115435,1.4999963376604215,0.15375156983085644,0.11362827337269188,False,PREP_GROWTH_EXCEEDED
E0142,D0099,persistent_junction_only,0,300,363.76262740439057,0.21254209134796834,1300,0.8,1100,0.8000576079461813,0.90363327395941,0.10516839124679175,1.4999936397909444,0.617374951318943,0.15233306005114752,False,PREP_GROWTH_EXCEEDED
E0142,D0099,persistent_junction_only,0,300,363.76262740439057,0.21254209134796834,1300,0.8,1150,0.8000576079461813,0.986628706594171,0.45583273803784524,1.4999629852682654,2.248311066948543,0.26520513660873524,False,PREP_GROWTH_EXCEEDED
E0142,D0099,persistent_junction_only,0,300,363.76262740439057,0.21254209134796834,1300,0.8,1200,0.8000576079461813,0.9950282739017036,0.8068730761724309,1.4999424519097864,7.5,0.48571469834796577,False,PREP_GROWTH_EXCEEDED
E0142,D0099,persistent_junction_only,0,300,363.76262740439057,0.21254209134796834,1300,0.8,1250,0.8000576079461813,0.9951704658740157,0.9010110892629157,1.4999612418292745,23.116173321973225,0.7282297961799089,False,PREP_GROWTH_EXCEEDED
E0142,D0099,persistent_junction_only,0,600,635.1756558244422,0.0586260930407369,1300,0.8,900,0.8000555378382538,0.8002371505174045,0.00013352443303676104,1.4999968835346416,0.0011664273361608592,0.10010514938880481,False,DENSIFICATION_EXHAUSTION_FAILURE
E0142,D0099,persistent_junction_only,0,600,635.1756558244422,0.0586260930407369,1300,0.8,950,0.8000555378382538,0.8012345684359601,0.0005760437177643674,1.4999968691984453,0.006780862412277786,0.100610048069335,False,DENSIFICATION_EXHAUSTION_FAILURE
E0142,D0099,persistent_junction_only,0,600,635.1756558244422,0.0586260930407369,1300,0.8,1000,0.8000555378382538,0.8065882809466366,0.0022559303808248597,1.499996787805706,0.034329697583267184,0.10307929030816025,False,DENSIFICATION_EXHAUSTION_FAILURE
E0142,D0099,persistent_junction_only,0,600,635.1756558244422,0.0586260930407369,1300,0.8,1050,0.8000555378382538,0.8302030163596672,0.008559616078795684,1.4999963514546795,0.15375156983085644,0.11362831179254236,False,DENSIFICATION_EXHAUSTION_FAILURE
E0142,D0099,persistent_junction_only,0,600,635.1756558244422,0.0586260930407369,1300,0.8,1100,0.8000555378382538,0.9017648100175714,0.03566840612858917,1.4999937458984818,0.617374951318943,0.15233310930869376,False,SUCCESS
E0142,D0099,persistent_junction_only,0,600,635.1756558244422,0.0586260930407369,1300,0.8,1150,0.8000555378382538,0.9857572736682021,0.16922355066730266,1.4999644735612325,2.248311066948543,0.26520521094511146,False,GRAIN_GROWTH_FAILURE
E0142,D0099,persistent_junction_only,0,600,635.1756558244422,0.0586260930407369,1300,0.8,1200,0.8000555378382538,0.9950586371181785,0.32761739871606976,1.4999411655448278,7.5,0.4857147936360652,False,GRAIN_GROWTH_FAILURE
E0142,D0099,persistent_junction_only,0,600,635.1756558244422,0.0586260930407369,1300,0.8,1250,0.8000555378382538,0.9950821534136016,0.3674376586524419,1.4999610745282559,23.116173321973225,0.7282298716758409,False,GRAIN_GROWTH_FAILURE
E0142,D0099,persistent_junction_only,0,300,385.16332901731676,0.28387776339105564,1500,0.88,900,0.8800576079461814,0.8801684731183531,0.00036308590623356293,1.4999947118444183,0.0011664273361608592,0.10010512512704926,False,PREP_GROWTH_EXCEEDED
E0142,D0099,persistent_junction_only,0,300,385.16332901731676,0.28387776339105564,1500,0.88,950,0.8800576079461814,0.880776216468259,0.0015658114555276476,1.499994684533989,0.006780862412277786,0.1006100236988919,False,PREP_GROWTH_EXCEEDED
E0142,D0099,persistent_junction_only,0,300,385.16332901731676,0.28387776339105564,1500,0.88,1000,0.8800576079461814,0.884032212291119,0.006123331609131295,1.4999945515074569,0.034329697583267184,0.10307926540815093,False,PREP_GROWTH_EXCEEDED
E0142,D0099,persistent_junction_only,0,300,385.16332901731676,0.28387776339105564,1500,0.88,1050,0.8800576079461814,0.8983486636662912,0.02311128862531997,1.499993823513175,0.15375156983085644,0.11362828466712248,False,PREP_GROWTH_EXCEEDED
E0142,D0099,persistent_junction_only,0,300,385.16332901731676,0.28387776339105564,1500,0.88,1100,0.8800576079461814,0.9413895144483148,0.09429251560508328,1.4999895038180822,0.617374951318943,0.1523330745315772,False,PREP_GROWTH_EXCEEDED
E0142,D0099,persistent_junction_only,0,300,385.16332901731676,0.28387776339105564,1500,0.88,1150,0.8800576079461814,0.9911080150797226,0.41360897074339026,1.499947899146612,2.248311066948543,0.26520515846168535,False,PREP_GROWTH_EXCEEDED
E0142,D0099,persistent_junction_only,0,300,385.16332901731676,0.28387776339105564,1500,0.88,1200,0.8800576079461814,0.9950617496545239,0.6661236504717079,1.49994225906338,7.5,0.48571472636017615,False,PREP_GROWTH_EXCEEDED
E0142,D0099,persistent_junction_only,0,300,385.16332901731676,0.28387776339105564,1500,0.88,1250,0.8800576079461814,0.9952220910157463,0.7474613393111499,1.499960986106757,23.116173321973225,0.7282298183737409,False,PREP_GROWTH_EXCEEDED
E0142,D0099,persistent_junction_only,0,300,385.16332901731676,0.28387776339105564,1500,0.88,1300,0.8800576079461814,0.995173745934533,0.7170369529252671,1.4999739040359754,66.32782065153073,0.8820877378788349,False,PREP_GROWTH_EXCEEDED
E0142,D0099,persistent_junction_only,0,300,385.16332901731676,0.28387776339105564,1500,0.88,1350,0.8800576079461814,0.9953295782204079,0.6820494955842039,1.4999794840092624,178.34968292973662,0.9522166178226166,False,PREP_GROWTH_EXCEEDED
E0142,D0099,persistent_junction_only,0,300,385.16332901731676,0.28387776339105564,1500,0.88,1400,0.8800576079461814,0.9953600872038715,0.6816255484667524,1.49997961941489,211.40867011459596,0.9805210851492367,False,PREP_GROWTH_EXCEEDED
E0142,D0099,persistent_junction_only,0,300,385.16332901731676,0.28387776339105564,1500,0.88,1450,0.8800576079461814,0.9953600872038715,0.6816255484667524,1.49997961941489,211.40867011459596,0.9917847105183714,False,PREP_GROWTH_EXCEEDED
E0142,D0099,persistent_junction_only,0,600,647.7095434418333,0.0795159057363887,1500,0.88,900,0.8800555378382534,0.8801628755703235,0.0001284072424996183,1.4999946973399472,0.0011664273361608592,0.10010519749805226,False,DENSIFICATION_EXHAUSTION_FAILURE
E0142,D0099,persistent_junction_only,0,600,647.7095434418333,0.0795159057363887,1500,0.88,950,0.8800555378382534,0.8807522461553354,0.0005539721013623258,1.4999946799453838,0.006780862412277786,0.10061009639410175,False,DENSIFICATION_EXHAUSTION_FAILURE
E0142,D0099,persistent_junction_only,0,600,647.7095434418333,0.0795159057363887,1500,0.88,1000,0.8800555378382534,0.8839153504222537,0.002169561962812213,1.4999945524298117,0.034329697583267184,0.10307933968301713,False,DENSIFICATION_EXHAUSTION_FAILURE
E0142,D0099,persistent_junction_only,0,600,647.7095434418333,0.0795159057363887,1500,0.88,1050,0.8800555378382534,0.897869971845099,0.008232893206784388,1.4999938434660665,0.15375156983085644,0.11362836558022152,False,DENSIFICATION_EXHAUSTION_FAILURE
E0142,D0099,persistent_junction_only,0,600,647.7095434418333,0.0795159057363887,1500,0.88,1100,0.8800555378382534,0.9402277870097362,0.03432399644228997,1.4999896680047908,0.617374951318943,0.15233317826911308,False,SUCCESS
E0142,D0099,persistent_junction_only,0,600,647.7095434418333,0.0795159057363887,1500,0.88,1150,0.8800555378382534,0.9905190483992938,0.16315769029905067,1.4999498170279657,2.248311066948543,0.265205315015808,False,GRAIN_GROWTH_FAILURE
E0142,D0099,persistent_junction_only,0,600,647.7095434418333,0.0795159057363887,1500,0.88,1200,0.8800555378382534,0.9950109787597775,0.2813054336430525,1.499941634467384,7.5,0.4857149270390825,False,GRAIN_GROWTH_FAILURE
E0142,D0099,persistent_junction_only,0,600,647.7095434418333,0.0795159057363887,1500,0.88,1250,0.8800555378382534,0.9951260813723608,0.31798362764286436,1.499960860347873,23.116173321973225,0.7282299773698672,False,GRAIN_GROWTH_FAILURE
E0142,D0099,persistent_junction_only,0,600,647.7095434418333,0.0795159057363887,1500,0.88,1300,0.8800555378382534,0.9954626261065044,0.312128524350949,1.4999728608168892,66.32782065153073,0.8820878214366323,False,GRAIN_GROWTH_FAILURE
E0142,D0099,persistent_junction_only,0,600,647.7095434418333,0.0795159057363887,1500,0.88,1350,0.8800555378382534,0.9954626261065044,0.2912066980994671,1.4999792032997554,178.34968292973662,0.9522166543761064,False,GRAIN_GROWTH_FAILURE
E0142,D0099,persistent_junction_only,0,600,647.7095434418333,0.0795159057363887,1500,0.88,1400,0.8800555378382534,0.9954626261065044,0.2901417306467587,1.4999794446978718,215.9886915347637,0.9805211004932121,False,GRAIN_GROWTH_FAILURE
E0142,D0099,persistent_junction_only,0,600,647.7095434418333,0.0795159057363887,1500,0.88,1450,0.8800555378382534,0.9954626261065044,0.2901417306467587,1.4999794446978718,215.9886915347637,0.991784717064077,False,GRAIN_GROWTH_FAILURE
E0142,D0102,persistent_q0,0,300,312.67719041144915,0.042257301371497046,1300,0.8,900,0.8000576079462836,0.8002473618364964,0.0004233490706854031,0.24999984357576846,8.433743414770641e-06,0.07692370367489702,False,DENSIFICATION_EXHAUSTION_FAILURE
E0142,D0102,persistent_q0,0,300,312.67719041144915,0.042257301371497046,1300,0.8,950,0.8000576079462836,0.8012871752593187,0.0018164795832491044,0.24999984344866322,5.797626346339425e-05,0.07692722147017078,False,DENSIFICATION_EXHAUSTION_FAILURE
E0142,D0102,persistent_q0,0,300,312.67719041144915,0.042257301371497046,1300,0.8,1000,0.8000576079462836,0.8068550250964943,0.006934004000128084,0.24999983991961952,0.0003425465179622415,0.07694742702628288,False,DENSIFICATION_EXHAUSTION_FAILURE
E0142,D0102,persistent_q0,0,300,312.67719041144915,0.042257301371497046,1300,0.8,1050,0.8000576079462836,0.8313020489490314,0.023783749430309056,0.2499998187455786,0.0017696337157602684,0.07704874223372885,False,DENSIFICATION_EXHAUSTION_FAILURE
E0142,D0102,persistent_q0,0,300,312.67719041144915,0.042257301371497046,1300,0.8,1100,0.8000576079462836,0.9044731021857221,0.07362955609011958,0.24999969271338202,0.008111681177884663,0.0774987232108015,False,SUCCESS
E0142,D0102,persistent_q0,0,300,312.67719041144915,0.042257301371497046,1300,0.8,1150,0.8000576079462836,0.9874150364862189,0.20588355150675808,0.24999850554461006,0.03340997210767878,0.07928933013393712,False,GRAIN_GROWTH_FAILURE
E0142,D0102,persistent_q0,0,300,312.67719041144915,0.042257301371497046,1300,0.8,1200,0.8000576079462836,0.9950160008165387,0.23318498326307555,0.2499981423805829,0.125,0.08571431651375415,False,GRAIN_GROWTH_FAILURE
E0142,D0102,persistent_q0,0,300,312.67719041144915,0.042257301371497046,1300,0.8,1250,0.8000576079462836,0.9951577863708386,0.22421232048566775,0.2499987977754662,0.42886665462647167,0.10640266175752928,False,GRAIN_GROWTH_FAILURE
E0142,D0102,persistent_q0,0,600,606.6384858025228,0.011064143004204606,1300,0.8,900,0.8000555378382656,0.8002375145429246,0.00011248599457674139,0.24999984332645464,8.433743414770641e-06,0.07692371625745188,False,DENSIFICATION_EXHAUSTION_FAILURE
E0142,D0102,persistent_q0,0,600,606.6384858025228,0.011064143004204606,1300,0.8,950,0.8000555378382656,0.8012368335944927,0.0004828940238339244,0.2499998433681268,5.797626346339425e-05,0.07692723405325311,False,DENSIFICATION_EXHAUSTION_FAILURE
E0142,D0102,persistent_q0,0,600,606.6384858025228,0.011064143004204606,1300,0.8,1000,0.8000555378382656,0.8066002411622943,0.0018467859133650673,0.24999983997281702,0.0003425465179622415,0.07694743961239474,False,DENSIFICATION_EXHAUSTION_FAILURE
E0142,D0102,persistent_q0,0,600,606.6384858025228,0.011064143004204606,1300,0.8,1050,0.8000555378382656,0.8302542313500716,0.006373198030003686,0.2499998195270162,0.0017696337157602684,0.07704875483502932,False,DENSIFICATION_EXHAUSTION_FAILURE
E0142,D0102,persistent_q0,0,600,606.6384858025228,0.011064143004204606,1300,0.8,1100,0.8000555378382656,0.9019144385591072,0.020078175256055035,0.24999969910125394,0.008111681177884663,0.07749873587951664,False,SUCCESS
E0142,D0102,persistent_q0,0,600,606.6384858025228,0.011064143004204606,1300,0.8,1150,0.8000555378382656,0.985946710018499,0.05860162951247936,0.24999859796800497,0.03340997210767878,0.07928934307020416,False,SUCCESS
E0142,D0102,persistent_q0,0,600,606.6384858025228,0.011064143004204606,1300,0.8,1200,0.8000555378382656,0.9950501902503716,0.07078760773208152,0.24999809598787734,0.125,0.0857143304006869,False,SUCCESS
E0142,D0102,persistent_q0,0,600,606.6384858025228,0.011064143004204606,1300,0.8,1250,0.8000555378382656,0.9951568447061949,0.06763660026300766,0.24999877754569708,0.42886665462647167,0.10640267860619074,False,SUCCESS
E0142,D0102,persistent_q0,0,300,344.1940937576582,0.1473136458588605,1500,0.88,900,0.8800576079462834,0.8801695314273651,0.0003493818847556851,0.24999973569636177,8.433743414770641e-06,0.07692370264356561,False,DENSIFICATION_EXHAUSTION_FAILURE
E0142,D0102,persistent_q0,0,300,344.1940937576582,0.1473136458588605,1500,0.88,950,0.8800576079462834,0.8807827873315079,0.0014992875948884748,0.249999734752366,5.797626346339425e-05,0.07692722043879616,False,DENSIFICATION_EXHAUSTION_FAILURE
E0142,D0102,persistent_q0,0,300,344.1940937576582,0.1473136458588605,1500,0.88,1000,0.8800576079462834,0.8840667428139284,0.005725729715753037,0.24999972926806777,0.0003425465179622415,0.07694742599465992,False,DENSIFICATION_EXHAUSTION_FAILURE
E0142,D0102,persistent_q0,0,300,344.1940937576582,0.1473136458588605,1500,0.88,1050,0.8800576079462834,0.8984949154262163,0.019667469452718956,0.24999969664830632,0.0017696337157602684,0.07704874120086096,False,DENSIFICATION_EXHAUSTION_FAILURE
E0142,D0102,persistent_q0,0,300,344.1940937576582,0.1473136458588605,1500,0.88,1100,0.8800576079462834,0.941805915395138,0.061130548924343955,0.24999950473361635,0.008111681177884663,0.07749872217240796,False,SUCCESS
E0142,D0102,persistent_q0,0,300,344.1940937576582,0.1473136458588605,1500,0.88,1150,0.8800576079462834,0.9915719290582918,0.17248629340588917,0.24999800492216626,0.03340997210767878,0.07928932907361363,False,GRAIN_GROWTH_FAILURE
E0142,D0102,persistent_q0,0,300,344.1940937576582,0.1473136458588605,1500,0.88,1200,0.8800576079462834,0.9950510808834326,0.17488160599058528,0.24999812932695495,0.125,0.08571431537550916,False,GRAIN_GROWTH_FAILURE
E0142,D0102,persistent_q0,0,300,344.1940937576582,0.1473136458588605,1500,0.88,1250,0.8800576079462834,0.9951780388822313,0.1679505654237277,0.24999877629512227,0.42886665462647167,0.10640266037652565,False,GRAIN_GROWTH_FAILURE
E0142,D0102,persistent_q0,0,300,344.1940937576582,0.1473136458588605,1500,0.88,1300,0.8800576079462834,0.9950334839267401,0.19155377051831382,0.24999917224925536,1.3605049953550763,0.16437484215828668,False,GRAIN_GROWTH_FAILURE
E0142,D0102,persistent_q0,0,300,344.1940937576582,0.1473136458588605,1500,0.88,1350,0.8800576079462834,0.9950334839267401,0.2264901257916616,0.24999932439331346,4.019655305354204,0.2949329204877035,False,GRAIN_GROWTH_FAILURE
E0142,D0102,persistent_q0,0,300,344.1940937576582,0.1473136458588605,1500,0.88,1400,0.8800576079462834,0.9950334839267401,0.22739268492855721,0.24999932674833247,4.5461913534596405,0.5027267882729506,False,GRAIN_GROWTH_FAILURE
E0142,D0102,persistent_q0,0,300,344.1940937576582,0.1473136458588605,1500,0.88,1450,0.8800576079462834,0.9950334839267401,0.22739268492855721,0.24999932674833247,4.5461913534596405,0.7146745731719663,False,GRAIN_GROWTH_FAILURE
E0142,D0102,persistent_q0,0,600,624.0447670133559,0.040074611688926294,1500,0.88,900,0.880055537838266,0.8801630691120248,0.00010629880582395596,0.24999973800503017,8.433743414770641e-06,0.07692372073915987,False,DENSIFICATION_EXHAUSTION_FAILURE
E0142,D0102,persistent_q0,0,600,624.0447670133559,0.040074611688926294,1500,0.88,950,0.880055537838266,0.8807534507517762,0.0004563375213044198,0.2499997358691961,5.797626346339425e-05,0.07692723853514898,False,DENSIFICATION_EXHAUSTION_FAILURE
E0142,D0102,persistent_q0,0,600,624.0447670133559,0.040074611688926294,1500,0.88,1000,0.880055537838266,0.8839217214307987,0.0017452880948250113,0.24999972956401154,0.0003425465179622415,0.07694744409536967,False,DENSIFICATION_EXHAUSTION_FAILURE
E0142,D0102,persistent_q0,0,600,624.0447670133559,0.040074611688926294,1500,0.88,1050,0.880055537838266,0.8978974916139544,0.006023674918345077,0.24999969756456258,0.0017696337157602684,0.0770487593234142,False,DENSIFICATION_EXHAUSTION_FAILURE
E0142,D0102,persistent_q0,0,600,624.0447670133559,0.040074611688926294,1500,0.88,1100,0.880055537838266,0.9403118695345034,0.01898399878863604,0.2499995131942026,0.008111681177884663,0.07749874039191357,False,SUCCESS
E0142,D0102,persistent_q0,0,600,624.0447670133559,0.040074611688926294,1500,0.88,1150,0.880055537838266,0.9906423221900542,0.0554535741798186,0.24999810970942435,0.03340997210767878,0.07928934767789886,False,SUCCESS
E0142,D0102,persistent_q0,0,600,624.0447670133559,0.040074611688926294,1500,0.88,1200,0.880055537838266,0.9950511181628099,0.05923318138802568,0.24999809100318837,0.125,0.08571433534699377,False,SUCCESS
E0142,D0102,persistent_q0,0,600,624.0447670133559,0.040074611688926294,1500,0.88,1250,0.880055537838266,0.9951930960801539,0.056772429742408155,0.24999875543975092,0.42886665462647167,0.10640268460741871,False,SUCCESS
E0142,D0102,persistent_q0,0,600,624.0447670133559,0.040074611688926294,1500,0.88,1300,0.880055537838266,0.9954655502003086,0.06737609459372529,0.24999913501070611,1.3605049953550763,0.1643748771626285,False,SUCCESS
E0142,D0102,persistent_q0,0,600,624.0447670133559,0.040074611688926294,1500,0.88,1350,0.880055537838266,0.9954655502003086,0.0814649889991959,0.2499993082979179,4.019655305354204,0.29493297348195163,False,SUCCESS
E0142,D0102,persistent_q0,0,600,624.0447670133559,0.040074611688926294,1500,0.88,1400,0.880055537838266,0.9954655502003086,0.08227185912878425,0.24999931407615164,4.9117027071297406,0.5027268519821452,False,SUCCESS
E0142,D0102,persistent_q0,0,600,624.0447670133559,0.040074611688926294,1500,0.88,1450,0.880055537838266,0.9954655502003086,0.08227185912878425,0.24999931407615164,4.9117027071297406,0.7146746251385068,False,SUCCESS
E0142,D0103,persistent_q1,1,300,305.99423102464135,0.0199807700821377,1300,0.8,900,0.8000576079464136,0.8002477214324939,0.0002737086149527628,0.24999533611815614,0.0001537131347932315,0.04762669476732376,False,DENSIFICATION_EXHAUSTION_FAILURE
E0142,D0103,persistent_q1,1,300,305.99423102464135,0.0199807700821377,1300,0.8,950,0.8000576079464136,0.8012894320664294,0.0011751297698366372,0.24999530519491692,0.0005871395599444181,0.04764638018656873,False,DENSIFICATION_EXHAUSTION_FAILURE
E0142,D0103,persistent_q1,1,300,305.99423102464135,0.0199807700821377,1300,0.8,1000,0.8000576079464136,0.806867338185526,0.004494722880312192,0.2499951775320074,0.0020136363146386763,0.04771144509085078,False,DENSIFICATION_EXHAUSTION_FAILURE
E0142,D0103,persistent_q1,1,300,305.99423102464135,0.0199807700821377,1300,0.8,1050,0.8000576079464136,0.8313598046493664,0.015503619330149605,0.24999449522819703,0.006242678311884902,0.04790713363857772,False,DENSIFICATION_EXHAUSTION_FAILURE
E0142,D0103,persistent_q1,1,300,305.99423102464135,0.0199807700821377,1300,0.8,1100,0.8000576079464136,0.9046634037909922,0.04862643914824711,0.24999036176094633,0.017435878046166035,0.048448125912341135,False,SUCCESS
E0142,D0103,persistent_q1,1,300,305.99423102464135,0.0199807700821377,1300,0.8,1150,0.8000576079464136,0.9876061687903614,0.13893880154324886,0.2499412498381555,0.042975021303046826,0.049834202899620504,False,GRAIN_GROWTH_FAILURE
E0142,D0103,persistent_q1,1,300,305.99423102464135,0.0199807700821377,1300,0.8,1200,0.8000576079464136,0.9950280241199373,0.1541859776197805,0.249915155763757,0.1062529125072774,0.05314543261790379,False,GRAIN_GROWTH_FAILURE
E0142,D0103,persistent_q1,1,300,305.99423102464135,0.0199807700821377,1300,0.8,1250,0.8000576079464136,0.9952041127568667,0.13668151911541826,0.24994256005149867,0.2546991923099709,0.06054504899859866,False,GRAIN_GROWTH_FAILURE
E0142,D0103,persistent_q1,1,600,602.5552605154946,0.004258767525824188,1300,0.8,900,0.8000555378382816,0.8002375696679535,7.058850942810592e-05,0.24999533047179148,7.807560444868417e-05,0.047623418920308976,False,DENSIFICATION_EXHAUSTION_FAILURE
E0142,D0103,persistent_q1,1,600,602.5552605154946,0.004258767525824188,1300,0.8,950,0.8000555378382816,0.8012371798426751,0.00030310168521652253,0.24999530447781518,0.00029842510799335124,0.047633415925675764,False,DENSIFICATION_EXHAUSTION_FAILURE
E0142,D0103,persistent_q1,1,600,602.5552605154946,0.004258767525824188,1300,0.8,1000,0.8000555378382816,0.8066021309125503,0.0011599765796493687,0.24999518177915722,0.0010259792785459816,0.047666459808493204,False,DENSIFICATION_EXHAUSTION_FAILURE
E0142,D0103,persistent_q1,1,600,602.5552605154946,0.004258767525824188,1300,0.8,1050,0.8000555378382816,0.8302631195600186,0.004009429981941341,0.24999452612007111,0.0032064231014427265,0.04776585565006253,False,DENSIFICATION_EXHAUSTION_FAILURE
E0142,D0103,persistent_q1,1,600,602.5552605154946,0.004258767525824188,1300,0.8,1100,0.8000555378382816,0.9019447032931557,0.012661331805374645,0.24999060675891907,0.009168251792319605,0.04804074584142769,False,SUCCESS
E0142,D0103,persistent_q1,1,600,602.5552605154946,0.004258767525824188,1300,0.8,1150,0.8000555378382816,0.9859827782443175,0.03689451175542402,0.24994634914421662,0.02397149561134052,0.048745744538969335,False,SUCCESS
E0142,D0103,persistent_q1,1,600,602.5552605154946,0.004258767525824188,1300,0.8,1200,0.8000555378382816,0.9950686610246431,0.04276558314539082,0.2499130945300749,0.05969503418713849,0.05043403141614365,False,SUCCESS
E0142,D0103,persistent_q1,1,600,602.5552605154946,0.004258767525824188,1300,0.8,1250,0.8000555378382816,0.9951675858309939,0.03566858828586706,0.249941901513155,0.14175095555015021,0.05422787541840564,False,SUCCESS
E0142,D0103,persistent_q1,1,300,315.2712422425606,0.05090414080853532,1500,0.88,900,0.8800576079464133,0.8801704527247817,0.0002578418509301422,0.24999200263729493,0.00014919241200849352,0.04762653572016563,False,DENSIFICATION_EXHAUSTION_FAILURE
E0142,D0103,persistent_q1,1,300,315.2712422425606,0.05090414080853532,1500,0.88,950,0.8800576079464133,0.8807885143852239,0.0011070232969678222,0.24999200849897193,0.0005699013787758389,0.04764564192371264,False,DENSIFICATION_EXHAUSTION_FAILURE
E0142,D0103,persistent_q1,1,300,315.2712422425606,0.05090414080853532,1500,0.88,1000,0.8800576079464133,0.8840969794825504,0.004234461224477593,0.2499918227332352,0.0019548895404012216,0.0477087925503059,False,DENSIFICATION_EXHAUSTION_FAILURE
E0142,D0103,persistent_q1,1,300,315.2712422425606,0.05090414080853532,1500,0.88,1050,0.8800576079464133,0.8986239288239712,0.014608796632993975,0.24999071281536012,0.006064317208268485,0.047898725265961235,False,DENSIFICATION_EXHAUSTION_FAILURE
E0142,D0103,persistent_q1,1,300,315.2712422425606,0.05090414080853532,1500,0.88,1100,0.8800576079464133,0.9421524164861268,0.04584827281813732,0.24998406518917227,0.016967685284156826,0.04842381716138235,False,SUCCESS
E0142,D0103,persistent_q1,1,300,315.2712422425606,0.05090414080853532,1500,0.88,1150,0.8800576079464133,0.9918290311674828,0.13120085563375736,0.2499170376773609,0.04199562195834301,0.04976923587396472,False,GRAIN_GROWTH_FAILURE
E0142,D0103,persistent_q1,1,300,315.2712422425606,0.05090414080853532,1500,0.88,1200,0.8800576079464133,0.9950337603797592,0.12870802155932276,0.24991507331012028,0.10545307000566012,0.05298380268053367,False,GRAIN_GROWTH_FAILURE
E0142,D0103,persistent_q1,1,300,315.2712422425606,0.05090414080853532,1500,0.88,1250,0.8800576079464133,0.9952497529718813,0.11432136209497523,0.24994212427094878,0.2521537888242237,0.06016978427061363,False,GRAIN_GROWTH_FAILURE
E0142,D0103,persistent_q1,1,300,315.2712422425606,0.05090414080853532,1500,0.88,1300,0.8800576079464133,0.9950472769144088,0.10933741747735835,0.2499617331486208,0.5662155326359846,0.07518948117300915,False,GRAIN_GROWTH_FAILURE
E0142,D0103,persistent_q1,1,300,315.2712422425606,0.05090414080853532,1500,0.88,1350,0.8800576079464133,0.9950472769144088,0.11300637274938875,0.24996984424891092,1.1993905234165647,0.1043499664212862,False,GRAIN_GROWTH_FAILURE
E0142,D0103,persistent_q1,1,300,315.2712422425606,0.05090414080853532,1500,0.88,1400,0.8800576079464133,0.9950472769144088,0.11312592980986452,0.24996995551165666,1.2929377547311185,0.15617773723751882,False,GRAIN_GROWTH_FAILURE
E0142,D0103,persistent_q1,1,300,315.2712422425606,0.05090414080853532,1500,0.88,1450,0.8800576079464133,0.9950472769144088,0.11312592980986452,0.24996995551165666,1.2929377547311185,0.23856875190576124,False,GRAIN_GROWTH_FAILURE
E0142,D0103,persistent_q1,1,600,605.5352449682384,0.0092254082803972,1500,0.88,900,0.8800555378382815,0.8801632313446881,6.989634325970063e-05,0.24999202523560926,7.769142929945113e-05,0.04762361937599898,False,DENSIFICATION_EXHAUSTION_FAILURE
E0142,D0103,persistent_q1,1,600,605.5352449682384,0.0092254082803972,1500,0.88,950,0.8800555378382815,0.8807544614852266,0.00030012957720036926,0.2499920150014252,0.0002969573668331538,0.04763356722781399,False,DENSIFICATION_EXHAUSTION_FAILURE
E0142,D0103,persistent_q1,1,600,605.5352449682384,0.0092254082803972,1500,0.88,1000,0.8800555378382815,0.8839270832590187,0.001148603199917377,0.24999182882298013,0.0010209417620491404,0.047666448646863084,False,DENSIFICATION_EXHAUSTION_FAILURE
E0142,D0103,persistent_q1,1,600,605.5352449682384,0.0092254082803972,1500,0.88,1050,0.8800555378382815,0.897920672409459,0.003970135684970702,0.24999076365315556,0.0031907681414007926,0.04776535586581892,False,DENSIFICATION_EXHAUSTION_FAILURE
E0142,D0103,persistent_q1,1,600,605.5352449682384,0.0092254082803972,1500,0.88,1100,0.8800555378382815,0.9403768229663959,0.012537474544104926,0.2499844792388064,0.009124246293312648,0.04803889524586287,False,SUCCESS
E0142,D0103,persistent_q1,1,600,605.5352449682384,0.0092254082803972,1500,0.88,1150,0.8800555378382815,0.9906983670453618,0.03653026682677734,0.24992419880617917,0.023862126240367747,0.048740433126317165,False,SUCCESS
E0142,D0103,persistent_q1,1,600,605.5352449682384,0.0092254082803972,1500,0.88,1200,0.8800555378382815,0.9950108679707441,0.0371535017713398,0.24991378734866088,0.05972269511939611,0.05042045301210694,False,SUCCESS
E0142,D0103,persistent_q1,1,600,605.5352449682384,0.0092254082803972,1500,0.88,1250,0.8800555378382815,0.9952098742263631,0.03126742461404364,0.24994150296239756,0.1416552245191416,0.05419582664490686,False,SUCCESS
E0142,D0103,persistent_q1,1,600,605.5352449682384,0.0092254082803972,1500,0.88,1300,0.8800555378382815,0.9954679966978842,0.028989376381826082,0.2499596626080755,0.3171052147405166,0.06217631554410133,False,SUCCESS
E0142,D0103,persistent_q1,1,600,605.5352449682384,0.0092254082803972,1500,0.88,1350,0.8800555378382815,0.9954679966978842,0.028742367118091416,0.2499689517970571,0.6739080078089021,0.07802495813426243,False,SUCCESS
E0142,D0103,persistent_q1,1,600,605.5352449682384,0.0092254082803972,1500,0.88,1400,0.8800555378382815,0.9954679966978842,0.02877605069946341,0.24996927457195375,0.7727981891675565,0.10740778225673074,False,SUCCESS
E0142,D0103,persistent_q1,1,600,605.5352449682384,0.0092254082803972,1500,0.88,1450,0.8800555378382815,0.9954679966978842,0.02877605069946341,0.24996927457195375,0.7727981891675565,0.1576088701329806,False,SUCCESS
E0142,D0104,pore_pinned_q0,0,300,305.2547136462768,0.017515712154255784,1300,0.8,900,0.8000576079464028,0.8002477602458198,0.0004938570655393329,0.249999913360851,4.8601139006702465e-06,0.08549013380743085,False,DENSIFICATION_EXHAUSTION_FAILURE
E0142,D0104,pore_pinned_q0,0,300,305.2547136462768,0.017515712154255784,1300,0.8,950,0.8000576079464028,0.8012896350757314,0.002123881438663547,0.2499999129609325,2.8253593384490777e-05,0.08549013380743085,False,DENSIFICATION_EXHAUSTION_FAILURE
E0142,D0104,pore_pinned_q0,0,300,305.2547136462768,0.017515712154255784,1300,0.8,1000,0.8000576079464028,0.8068676598271775,0.00821085016256037,0.2499999104926712,0.0001430404065969466,0.08549013380743085,False,DENSIFICATION_EXHAUSTION_FAILURE
E0142,D0104,pore_pinned_q0,0,300,305.2547136462768,0.017515712154255784,1300,0.8,1050,0.8000576079464028,0.8313499065569673,0.02992853620232494,0.24999989743344841,0.0006406315409619018,0.08549013380743085,False,DENSIFICATION_EXHAUSTION_FAILURE
E0142,D0104,pore_pinned_q0,0,300,305.2547136462768,0.017515712154255784,1300,0.8,1100,0.8000576079464028,0.9045159209789008,0.11962861487320695,0.24999981756726597,0.002572395630495596,0.08549013380743085,False,GRAIN_GROWTH_FAILURE
E0142,D0104,pore_pinned_q0,0,300,305.2547136462768,0.017515712154255784,1300,0.8,1150,0.8000576079464028,0.9870245859512389,0.7172633567371474,0.249998728619951,0.009367962778952263,0.08549013380743085,False,GRAIN_GROWTH_FAILURE
E0142,D0104,pore_pinned_q0,0,300,305.2547136462768,0.017515712154255784,1300,0.8,1200,0.8000576079464028,0.9950099215989144,1.0026326671132544,0.24999771560037337,0.03125,0.08549013380743085,False,GRAIN_GROWTH_FAILURE
E0142,D0104,pore_pinned_q0,0,300,305.2547136462768,0.017515712154255784,1300,0.8,1250,0.8000576079464028,0.9951048134229526,0.8185791165973308,0.24999838642981087,0.09631738884155511,0.08549013380743085,False,GRAIN_GROWTH_FAILURE
E0142,D0104,pore_pinned_q0,0,600,602.7279467956157,0.0045465779926927505,1300,0.8,900,0.8000555378382805,0.80023756709977,0.00012669234490953084,0.24999991338574273,4.8601139006702465e-06,0.08548929866228776,False,DENSIFICATION_EXHAUSTION_FAILURE
E0142,D0104,pore_pinned_q0,0,600,602.7279467956157,0.0045465779926927505,1300,0.8,950,0.8000555378382805,0.8012371591703789,0.000545127582998289,0.24999991297271829,2.8253593384490777e-05,0.08548929866228776,False,DENSIFICATION_EXHAUSTION_FAILURE
E0142,D0104,pore_pinned_q0,0,600,602.7279467956157,0.0045465779926927505,1300,0.8,1000,0.8000555378382805,0.8066019288177939,0.0021110782485881507,0.24999991059558951,0.0001430404065969466,0.08548929866228776,False,DENSIFICATION_EXHAUSTION_FAILURE
E0142,D0104,pore_pinned_q0,0,600,602.7279467956157,0.0045465779926927505,1300,0.8,1050,0.8000555378382805,0.8302608099358328,0.0077372513128126106,0.2499998980587867,0.0006406315409619018,0.08548929866228776,False,DENSIFICATION_EXHAUSTION_FAILURE
E0142,D0104,pore_pinned_q0,0,600,602.7279467956157,0.0045465779926927505,1300,0.8,1100,0.8000555378382805,0.901921012273368,0.031581878522698635,0.24999982229220488,0.002572395630495596,0.08548929866228776,False,SUCCESS
E0142,D0104,pore_pinned_q0,0,600,602.7279467956157,0.0045465779926927505,1300,0.8,1150,0.8000555378382805,0.9858573180072105,0.2171226162840499,0.24999881858198075,0.009367962778952263,0.08548929866228776,False,GRAIN_GROWTH_FAILURE
E0142,D0104,pore_pinned_q0,0,600,602.7279467956157,0.0045465779926927505,1300,0.8,1200,0.8000555378382805,0.995035042371513,0.34318018716177673,0.24999767058361624,0.03125,0.08548929866228776,False,GRAIN_GROWTH_FAILURE
E0142,D0104,pore_pinned_q0,0,600,602.7279467956157,0.0045465779926927505,1300,0.8,1250,0.8000555378382805,0.995118457424897,0.27104383140163474,0.24999836595185448,0.09631738884155511,0.08548929866228776,False,GRAIN_GROWTH_FAILURE
E0142,D0104,pore_pinned_q0,0,300,308.19990512084286,0.027333017069476027,1500,0.88,900,0.8800576079464025,0.8801707025407963,0.0007770976520420583,0.24999985300845792,4.8601139006702465e-06,0.13715191145719716,False,DENSIFICATION_EXHAUSTION_FAILURE
E0142,D0104,pore_pinned_q0,0,300,308.19990512084286,0.027333017069476027,1500,0.88,950,0.8800576079464025,0.8807900047243161,0.003340008103880902,0.24999985210158274,2.8253593384490777e-05,0.13715191145719716,False,DENSIFICATION_EXHAUSTION_FAILURE
E0142,D0104,pore_pinned_q0,0,300,308.19990512084286,0.027333017069476027,1500,0.88,1000,0.8800576079464025,0.8841036413038785,0.012881105709125257,0.24999984801518182,0.0001430404065969466,0.13715191145719716,False,DENSIFICATION_EXHAUSTION_FAILURE
E0142,D0104,pore_pinned_q0,0,300,308.19990512084286,0.027333017069476027,1500,0.88,1050,0.8800576079464025,0.8986351189177147,0.04650775007921857,0.2499998262242926,0.0006406315409619018,0.13715191145719716,False,DENSIFICATION_EXHAUSTION_FAILURE
E0142,D0104,pore_pinned_q0,0,300,308.19990512084286,0.027333017069476027,1500,0.88,1100,0.8800576079464025,0.9420257792074094,0.17844719821721605,0.24999969441650083,0.002572395630495596,0.13715191145719716,False,GRAIN_GROWTH_FAILURE
E0142,D0104,pore_pinned_q0,0,300,308.19990512084286,0.027333017069476027,1500,0.88,1150,0.8800576079464025,0.9913094140950532,0.8781566036873389,0.24999813942931215,0.009367962778952263,0.13715191145719716,False,GRAIN_GROWTH_FAILURE
E0142,D0104,pore_pinned_q0,0,300,308.19990512084286,0.027333017069476027,1500,0.88,1200,0.8800576079464025,0.9950344901892793,0.9687810949606344,0.2499977072990315,0.03125,0.13715191145719716,False,GRAIN_GROWTH_FAILURE
E0142,D0104,pore_pinned_q0,0,300,308.19990512084286,0.027333017069476027,1500,0.88,1250,0.8800576079464025,0.99508515187551,0.7874754471859292,0.2499983908114172,0.09631738884155511,0.13715191145719716,False,GRAIN_GROWTH_FAILURE
E0142,D0104,pore_pinned_q0,0,300,308.19990512084286,0.027333017069476027,1500,0.88,1300,0.8800576079464025,0.9951104916239337,0.6544363203558089,0.24999888439268458,0.27636591938137806,0.13715191145719716,False,GRAIN_GROWTH_FAILURE
E0142,D0104,pore_pinned_q0,0,300,308.19990512084286,0.027333017069476027,1500,0.88,1350,0.8800576079464025,0.9951288998839027,0.5795867288489716,0.24999914574838117,0.7431236788739026,0.13715191145719716,False,GRAIN_GROWTH_FAILURE
E0142,D0104,pore_pinned_q0,0,300,308.19990512084286,0.027333017069476027,1500,0.88,1400,0.8800576079464025,0.9951616470423089,0.5795867288489716,0.24999914940428658,0.8549219760344033,0.13715191145719716,False,GRAIN_GROWTH_FAILURE
E0142,D0104,pore_pinned_q0,0,300,308.19990512084286,0.027333017069476027,1500,0.88,1450,0.8800576079464025,0.9951616470423089,0.5795867288489716,0.24999914940428658,0.8549219760344033,0.13715191145719716,False,GRAIN_GROWTH_FAILURE
E0142,D0104,pore_pinned_q0,0,600,604.2460240053906,0.0070767066756508255,1500,0.88,900,0.8800555378382803,0.8801632426546753,0.00020221900923703476,0.2499998526909345,4.8601139006702465e-06,0.1371497737111246,False,DENSIFICATION_EXHAUSTION_FAILURE
E0142,D0104,pore_pinned_q0,0,600,604.2460240053906,0.0070767066756508255,1500,0.88,950,0.8800555378382803,0.8807545243722877,0.0008698773417738717,0.24999985208976655,2.8253593384490777e-05,0.1371497737111246,False,DENSIFICATION_EXHAUSTION_FAILURE
E0142,D0104,pore_pinned_q0,0,600,604.2460240053906,0.0070767066756508255,1500,0.88,1000,0.8800555378382803,0.8839272682074177,0.0033646691230685595,0.24999984818829227,0.0001430404065969466,0.1371497737111246,False,DENSIFICATION_EXHAUSTION_FAILURE
E0142,D0104,pore_pinned_q0,0,600,604.2460240053906,0.0070767066756508255,1500,0.88,1050,0.8800555378382803,0.8979192498301602,0.012265113505487282,0.24999982734651682,0.0006406315409619018,0.1371497737111246,False,DENSIFICATION_EXHAUSTION_FAILURE
E0142,D0104,pore_pinned_q0,0,600,604.2460240053906,0.0070767066756508255,1500,0.88,1100,0.8800555378382803,0.9403494491917822,0.048700293913387385,0.2499997026620085,0.002572395630495596,0.1371497737111246,False,SUCCESS
E0142,D0104,pore_pinned_q0,0,600,604.2460240053906,0.0070767066756508255,1500,0.88,1150,0.8800555378382803,0.9905700465170205,0.27979153667782247,0.249998257599902,0.009367962778952263,0.1371497737111246,False,GRAIN_GROWTH_FAILURE
E0142,D0104,pore_pinned_q0,0,600,604.2460240053906,0.0070767066756508255,1500,0.88,1200,0.8800555378382803,0.9950508988979924,0.3338713075497205,0.24999766531832793,0.03125,0.1371497737111246,False,GRAIN_GROWTH_FAILURE
E0142,D0104,pore_pinned_q0,0,600,604.2460240053906,0.0070767066756508255,1500,0.88,1250,0.8800555378382803,0.9951607676014907,0.2648378418602238,0.24999835629885822,0.09631738884155511,0.1371497737111246,False,GRAIN_GROWTH_FAILURE
E0142,D0104,pore_pinned_q0,0,600,604.2460240053906,0.0070767066756508255,1500,0.88,1300,0.8800555378382803,0.9954055990434009,0.22003122608891987,0.24999883896847047,0.27636591938137806,0.1371497737111246,False,GRAIN_GROWTH_FAILURE
E0142,D0104,pore_pinned_q0,0,600,604.2460240053906,0.0070767066756508255,1500,0.88,1350,0.8800555378382803,0.9954681509517301,0.1918393087763826,0.24999912168428753,0.7431236788739026,0.1371497737111246,False,GRAIN_GROWTH_FAILURE
E0142,D0104,pore_pinned_q0,0,600,604.2460240053906,0.0070767066756508255,1500,0.88,1400,0.8800555378382803,0.9954681509517301,0.1905083091722423,0.24999913333528967,0.8931696005470574,0.1371497737111246,False,GRAIN_GROWTH_FAILURE
E0142,D0104,pore_pinned_q0,0,600,604.2460240053906,0.0070767066756508255,1500,0.88,1450,0.8800555378382803,0.9954681509517301,0.1905083091722423,0.24999913333528967,0.8931696005470574,0.1371497737111246,False,GRAIN_GROWTH_FAILURE
E0142,D0110,persistent_junction_only,0,300,304.8299259413975,0.016099753137991543,1300,0.8,900,0.8000576079465755,0.8002477873150649,6.364468698739e-05,0.7499906363182987,1.0976290284530874e-05,0.010989215706369487,False,DENSIFICATION_EXHAUSTION_FAILURE
E0142,D0110,persistent_junction_only,0,300,304.8299259413975,0.016099753137991543,1300,0.8,950,0.8000576079465755,0.8012898771046462,0.00027325244890080285,0.7499906144206896,8.922529993181285e-05,0.010990066141975058,False,DENSIFICATION_EXHAUSTION_FAILURE
E0142,D0110,persistent_junction_only,0,300,304.8299259413975,0.016099753137991543,1300,0.8,1000,0.8000576079465755,0.8068703707257865,0.0010456062860549678,0.7499903956327593,0.0006152358611089172,0.010995782957328025,False,DENSIFICATION_EXHAUSTION_FAILURE
E0142,D0110,persistent_junction_only,0,300,304.8299259413975,0.016099753137991543,1300,0.8,1050,0.8000576079465755,0.8313821372953812,0.003617961803840687,0.7499891203949908,0.0036662300648514215,0.011028940627935448,False,DENSIFICATION_EXHAUSTION_FAILURE
E0142,D0110,persistent_junction_only,0,300,304.8299259413975,0.016099753137991543,1300,0.8,1100,0.8000576079465755,0.9047936294754655,0.011537511220358537,0.7499815085891265,0.01918426857194924,0.011197553545963407,False,SUCCESS
E0142,D0110,persistent_junction_only,0,300,304.8299259413975,0.016099753137991543,1300,0.8,1150,0.8000576079465755,0.9878236196358297,0.035396525927762386,0.7499083860771314,0.08936517970137967,0.011959394353584297,False,SUCCESS
E0142,D0110,persistent_junction_only,0,300,304.8299259413975,0.016099753137991543,1300,0.8,1200,0.8000576079465755,0.9950552496827049,0.04617255566969805,0.7498883644775929,0.375,0.015047996111977501,False,SUCCESS
E0142,D0110,persistent_junction_only,0,300,304.8299259413975,0.016099753137991543,1300,0.8,1250,0.8000576079465755,0.9952407916999548,0.06127278426013844,0.7499274040134831,1.4321916036864273,0.02631345395191481,False,SUCCESS
E0142,D0110,persistent_junction_only,0,600,602.5083573372635,0.004180595562105726,1300,0.8,900,0.8000555378383012,0.8002375705250866,1.629151624952175e-05,0.7499906000703311,1.0976290284530874e-05,0.010989254230582005,False,DENSIFICATION_EXHAUSTION_FAILURE
E0142,D0110,persistent_junction_only,0,600,602.5083573372635,0.004180595562105726,1300,0.8,950,0.8000555378383012,0.8012371897116296,6.99515256506925e-05,0.7499906023227741,8.922529993181285e-05,0.010990104669135766,False,DENSIFICATION_EXHAUSTION_FAILURE
E0142,D0110,persistent_junction_only,0,600,602.5083573372635,0.004180595562105726,1300,0.8,1000,0.8000555378383012,0.8066022710139935,0.0002677477036369318,0.7499903985691144,0.0006152358611089172,0.010995821504306984,False,DENSIFICATION_EXHAUSTION_FAILURE
E0142,D0110,persistent_junction_only,0,600,602.5083573372635,0.004180595562105726,1300,0.8,1050,0.8000555378383012,0.8302649488438062,0.0009273323418965716,0.7499891716846395,0.0036662300648514215,0.011028979289856185,False,DENSIFICATION_EXHAUSTION_FAILURE
E0142,D0110,persistent_junction_only,0,600,602.5083573372635,0.004180595562105726,1300,0.8,1100,0.8000555378383012,0.901959329781436,0.002965867805841981,0.7499819432698281,0.01918426857194924,0.011197592792263867,False,SUCCESS
E0142,D0110,persistent_junction_only,0,600,602.5083573372635,0.004180595562105726,1300,0.8,1150,0.8000555378383012,0.9860135359297201,0.009178383385770676,0.7499157748146182,0.08936517970137967,0.011959436237764843,False,SUCCESS
E0142,D0110,persistent_junction_only,0,600,602.5083573372635,0.004180595562105726,1300,0.8,1200,0.8000555378383012,0.9950133214713366,0.012854983959140889,0.7498865834418962,0.375,0.015048048648313004,False,SUCCESS
E0142,D0110,persistent_junction_only,0,600,602.5083573372635,0.004180595562105726,1300,0.8,1250,0.8000555378383012,0.9951727880559189,0.017080793798119318,0.7499266748924134,1.4321916036864273,0.026313544768056755,False,SUCCESS
E0142,D0110,persistent_junction_only,0,300,332.6332503548125,0.10877750118270814,1500,0.88,900,0.8800576079465753,0.8801698809188538,5.3450523860158714e-05,0.7499841255881591,1.0976290284530874e-05,0.010989212558530661,False,DENSIFICATION_EXHAUSTION_FAILURE
E0142,D0110,persistent_junction_only,0,300,332.6332503548125,0.10877750118270814,1500,0.88,950,0.8800576079465753,0.8807849875529021,0.00022948862131064057,0.7499840766747053,8.922529993181285e-05,0.010990062993895332,False,DENSIFICATION_EXHAUSTION_FAILURE
E0142,D0110,persistent_junction_only,0,300,332.6332503548125,0.10877750118270814,1500,0.88,1000,0.8800576079465753,0.8840788900562389,0.0008781972697722039,0.7499837530340537,0.0006152358611089172,0.010995779807628937,False,DENSIFICATION_EXHAUSTION_FAILURE
E0142,D0110,persistent_junction_only,0,300,332.6332503548125,0.10877750118270814,1500,0.88,1050,0.8800576079465753,0.8985540717438562,0.003039323633530076,0.7499817907723392,0.0036662300648514215,0.01102893746884439,False,DENSIFICATION_EXHAUSTION_FAILURE
E0142,D0110,persistent_junction_only,0,300,332.6332503548125,0.10877750118270814,1500,0.88,1100,0.8800576079465753,0.9420209877922425,0.00969833671803254,0.7499701954125486,0.01918426857194924,0.011197550339122295,False,SUCCESS
E0142,D0110,persistent_junction_only,0,300,332.6332503548125,0.10877750118270814,1500,0.88,1150,0.8800576079465753,0.9918369174981376,0.029803720242900397,0.7498779536081075,0.08936517970137967,0.011959390931200253,False,SUCCESS
E0142,D0110,persistent_junction_only,0,300,332.6332503548125,0.10877750118270814,1500,0.88,1200,0.8800576079465753,0.9950504902405864,0.03449267807005424,0.7498880799080194,0.375,0.015047991819198794,False,SUCCESS
E0142,D0110,persistent_junction_only,0,300,332.6332503548125,0.10877750118270814,1500,0.88,1250,0.8800576079465753,0.9952475935443068,0.04585191950482964,0.749926195345161,1.4321916036864273,0.026313446531267486,False,SUCCESS
E0142,D0110,persistent_junction_only,0,300,332.6332503548125,0.10877750118270814,1500,0.88,1300,0.8800576079465753,0.9950387776378111,0.07624293726174056,0.7499503587530593,5.023160543445532,0.062726567696221,False,SUCCESS
E0142,D0110,persistent_junction_only,0,300,332.6332503548125,0.10877750118270814,1500,0.88,1350,0.8800576079465753,0.9950387776378111,0.11331848678281488,0.749959419227375,16.307139612022695,0.16128702677638446,False,GRAIN_GROWTH_FAILURE
E0142,D0110,persistent_junction_only,0,300,332.6332503548125,0.10877750118270814,1500,0.88,1400,0.8800576079465753,0.9950387776378111,0.11423504006562857,0.7499595425642941,18.42936852791343,0.3587094280043765,False,GRAIN_GROWTH_FAILURE
E0142,D0110,persistent_junction_only,0,300,332.6332503548125,0.10877750118270814,1500,0.88,1450,0.8800576079465753,0.9950387776378111,0.11423504006562857,0.7499595425642941,18.42936852791343,0.6104003659969094,False,GRAIN_GROWTH_FAILURE
E0142,D0110,persistent_junction_only,0,600,617.6461510305498,0.029410251717582988,1500,0.88,900,0.8800555378383014,0.8801631242779883,1.5502862873679875e-05,0.7499842768728818,1.0976290284530874e-05,0.01098926794922097,False,DENSIFICATION_EXHAUSTION_FAILURE
E0142,D0110,persistent_junction_only,0,600,617.6461510305498,0.029410251717582988,1500,0.88,950,0.8800555378383014,0.8807537987329469,6.656534817924166e-05,0.749984150835467,8.922529993181285e-05,0.010990118388824594,False,DENSIFICATION_EXHAUSTION_FAILURE
E0142,D0110,persistent_junction_only,0,600,617.6461510305498,0.029410251717582988,1500,0.88,1000,0.8800555378383014,0.8839236505622922,0.000254787969820238,0.7499837740962397,0.0006152358611089172,0.010995835231053177,False,DENSIFICATION_EXHAUSTION_FAILURE
E0142,D0110,persistent_junction_only,0,600,617.6461510305498,0.029410251717582988,1500,0.88,1050,0.8800555378383014,0.8979069967175842,0.000882461293472533,0.7499818546202129,0.0036662300648514215,0.011028993057533644,False,DENSIFICATION_EXHAUSTION_FAILURE
E0142,D0110,persistent_junction_only,0,600,617.6461510305498,0.029410251717582988,1500,0.88,1100,0.8800555378383014,0.9403478130419711,0.0028225019017372476,0.7499707890632291,0.01918426857194924,0.011197606768041463,False,SUCCESS
E0142,D0110,persistent_junction_only,0,600,617.6461510305498,0.029410251717582988,1500,0.88,1150,0.8800555378383014,0.9906929878013352,0.008734544068253594,0.7498864583320127,0.08936517970137967,0.011959451152902908,False,SUCCESS
E0142,D0110,persistent_junction_only,0,600,617.6461510305498,0.029410251717582988,1500,0.88,1200,0.8800555378383014,0.9950104915184985,0.010772278381558401,0.7498863137462012,0.375,0.0150480673567293,False,SUCCESS
E0142,D0110,persistent_junction_only,0,600,617.6461510305498,0.029410251717582988,1500,0.88,1250,0.8800555378383014,0.995207576018914,0.014352777103198941,0.7499253484286019,1.4321916036864273,0.02631357710807594,False,SUCCESS
E0142,D0110,persistent_junction_only,0,600,617.6461510305498,0.029410251717582988,1500,0.88,1300,0.8800555378383014,0.9954663914546509,0.02513513527658978,0.7499481569212192,5.023160543445532,0.06272686732732312,False,SUCCESS
E0142,D0110,persistent_junction_only,0,600,617.6461510305498,0.029410251717582988,1500,0.88,1350,0.8800555378383014,0.9954663914546509,0.03894468629608778,0.749958519673617,16.307139612022695,0.16128771619283053,False,SUCCESS
E0142,D0110,persistent_junction_only,0,600,617.6461510305498,0.029410251717582988,1500,0.88,1400,0.8800555378383014,0.9954663914546509,0.039800324548968924,0.7499588595741783,20.227203048186496,0.3587106003780356,False,SUCCESS
E0142,D0110,persistent_junction_only,0,600,617.6461510305498,0.029410251717582988,1500,0.88,1450,0.8800555378383014,0.9954663914546509,0.039800324548968924,0.7499588595741783,20.227203048186496,0.6104015779928748,False,SUCCESS
E0142,D0114,persistent_q1,1,300,302.87754378694297,0.009591812623143039,1300,0.8,900,0.8000576079465044,0.8002478951881045,0.00015855915548967865,0.749943904517304,1.7751618221386586e-05,0.02702831740131664,False,DENSIFICATION_EXHAUSTION_FAILURE
E0142,D0114,persistent_q1,1,300,302.87754378694297,0.009591812623143039,1300,0.8,950,0.8000576079465044,0.8012905303745316,0.0006806460789041766,0.7499437869458855,8.72240846070965e-05,0.02703014582176136,False,DENSIFICATION_EXHAUSTION_FAILURE
E0142,D0114,persistent_q1,1,300,302.87754378694297,0.009591812623143039,1300,0.8,1000,0.8000576079465044,0.806873483178651,0.0026024021532121667,0.7499427616774778,0.0003776640668014384,0.027037807760215478,False,DENSIFICATION_EXHAUSTION_FAILURE
E0142,D0114,persistent_q1,1,300,302.87754378694297,0.009591812623143039,1300,0.8,1050,0.8000576079465044,0.8313907589998737,0.008970304365472465,0.7499361524261277,0.00145712590706261,0.02706651052636387,False,DENSIFICATION_EXHAUSTION_FAILURE
E0142,D0114,persistent_q1,1,300,302.87754378694297,0.009591812623143039,1300,0.8,1100,0.8000576079465044,0.9047817369925125,0.028120900870069535,0.7498969874746239,0.0050301325879757944,0.027163822677162098,False,SUCCESS
E0142,D0114,persistent_q1,1,300,302.87754378694297,0.009591812623143039,1300,0.8,1150,0.8000576079465044,0.9877546824779695,0.08055032874971807,0.749605035370114,0.01541126447029154,0.02746553873055826,False,SUCCESS
E0142,D0114,persistent_q1,1,300,302.87754378694297,0.009591812623143039,1300,0.8,1200,0.8000576079465044,0.9950234613729347,0.08652267010451564,0.74957962265679,0.04560060096216499,0.028328484690745847,False,SUCCESS
E0142,D0114,persistent_q1,1,300,302.87754378694297,0.009591812623143039,1300,0.8,1250,0.8000576079465044,0.9952389421823293,0.07336171561848821,0.7497307178362176,0.12790792634448972,0.030620596970607664,False,SUCCESS
E0142,D0114,persistent_q1,1,600,601.305690984422,0.002176151640703148,1300,0.8,900,0.8000555378382925,0.8002375867621053,4.023061539097915e-05,0.7499440364843423,8.94254201510656e-06,0.02702857686556835,False,DENSIFICATION_EXHAUSTION_FAILURE
E0142,D0114,persistent_q1,1,600,601.305690984422,0.002176151640703148,1300,0.8,950,0.8000555378382925,0.8012372886794283,0.00017272555944577043,0.7499438548326984,4.395701781899521e-05,0.027029497858112306,False,DENSIFICATION_EXHAUSTION_FAILURE
E0142,D0114,persistent_q1,1,600,601.305690984422,0.002176151640703148,1300,0.8,1000,0.8000555378382925,0.8066027531914498,0.0006607837989256511,0.749942784366032,0.00019059765124351002,0.02703335726712773,False,DENSIFICATION_EXHAUSTION_FAILURE
E0142,D0114,persistent_q1,1,600,601.305690984422,0.002176151640703148,1300,0.8,1050,0.8000555378382925,0.8302664332928925,0.002281873942840546,0.7499363530888457,0.000738841632153687,0.027047815458080673,False,DENSIFICATION_EXHAUSTION_FAILURE
E0142,D0114,persistent_q1,1,600,601.305690984422,0.002176151640703148,1300,0.8,1100,0.8000555378382925,0.9019588234887037,0.007191488894960677,0.7498989093245609,0.0025862176113655316,0.027096836799536016,False,SUCCESS
E0142,D0114,persistent_q1,1,600,601.305690984422,0.002176151640703148,1300,0.8,1150,0.8000555378382925,0.9860043636495577,0.020884191173111688,0.7496289510058918,0.008215994713046798,0.027248858274967144,False,SUCCESS
E0142,D0114,persistent_q1,1,600,601.305690984422,0.002176151640703148,1300,0.8,1200,0.8000555378382925,0.9950089522161794,0.023696922098598822,0.7495708564778215,0.02437117139545336,0.02768391733762772,False,SUCCESS
E0142,D0114,persistent_q1,1,600,601.305690984422,0.002176151640703148,1300,0.8,1250,0.8000555378382925,0.995172857850454,0.01926435866286923,0.7497277907038234,0.06778683484374938,0.02884136176277646,False,SUCCESS
E0142,D0114,persistent_q1,1,300,307.7215647127906,0.02573854904263529,1500,0.88,900,0.8800576079465043,0.8801707235912842,0.00015361467018994168,0.7499046293503084,1.747226606077418e-05,0.02702822148446282,False,DENSIFICATION_EXHAUSTION_FAILURE
E0142,D0114,persistent_q1,1,300,307.7215647127906,0.02573854904263529,1500,0.88,950,0.8800576079465043,0.8807902070814081,0.0006594255704610983,0.7499044946449995,8.585285733119585e-05,0.027030021117044032,False,DENSIFICATION_EXHAUSTION_FAILURE
E0142,D0114,persistent_q1,1,300,307.7215647127906,0.02573854904263529,1500,0.88,1000,0.8800576079465043,0.884106093658925,0.0025213313211720242,0.7499032008105697,0.0003717490386817956,0.027037562422018345,False,DENSIFICATION_EXHAUSTION_FAILURE
E0142,D0114,persistent_q1,1,300,307.7215647127906,0.02573854904263529,1500,0.88,1050,0.8800576079465043,0.8986653131169291,0.008691578657003717,0.7498939649581178,0.001434583939970645,0.027065813293753137,False,DENSIFICATION_EXHAUSTION_FAILURE
E0142,D0114,persistent_q1,1,300,307.7215647127906,0.02573854904263529,1500,0.88,1100,0.8800576079465043,0.9422832459103873,0.02725374722748923,0.7498382849666932,0.004955121350349407,0.027161593563929668,False,SUCCESS
E0142,D0114,persistent_q1,1,300,307.7215647127906,0.02573854904263529,1500,0.88,1150,0.8800576079465043,0.99196418386335,0.07810330301674069,0.7494882867713731,0.015202856432454047,0.02745856194327874,False,SUCCESS
E0142,D0114,persistent_q1,1,300,307.7215647127906,0.02573854904263529,1500,0.88,1200,0.8800576079465043,0.9950343111826965,0.07387406092984929,0.7495725242358516,0.04541126331964689,0.028307944965140698,False,SUCCESS
E0142,D0114,persistent_q1,1,300,307.7215647127906,0.02573854904263529,1500,0.88,1250,0.8800576079465043,0.9950241040511383,0.061634566435397234,0.7497199547529358,0.12728355526135926,0.030564147264770865,False,SUCCESS
E0142,D0114,persistent_q1,1,300,307.7215647127906,0.02573854904263529,1500,0.88,1300,0.8800576079465043,0.995051349646108,0.05761809944765379,0.7497966997993456,0.33181310046782114,0.03615271088983843,False,SUCCESS
E0142,D0114,persistent_q1,1,300,307.7215647127906,0.02573854904263529,1500,0.88,1350,0.8800576079465043,0.995051349646108,0.058949386446948936,0.7498254334825439,0.8110847298514343,0.04905907128069136,False,SUCCESS
E0142,D0114,persistent_q1,1,300,307.7215647127906,0.02573854904263529,1500,0.88,1400,0.8800576079465043,0.995051349646108,0.05901141238008964,0.7498257542903043,0.8819663535751955,0.07665128156251198,False,SUCCESS
E0142,D0114,persistent_q1,1,300,307.7215647127906,0.02573854904263529,1500,0.88,1450,0.8800576079465043,0.995051349646108,0.05901141238008964,0.7498257542903043,0.8819663535751955,0.13028626023680506,False,SUCCESS
E0142,D0114,persistent_q1,1,600,602.7874628909977,0.004645771484996179,1500,0.88,900,0.8800555378382925,0.8801632563658877,4.003515087388886e-05,0.7499041401437775,8.920561201839671e-06,0.027028580606024324,False,DENSIFICATION_EXHAUSTION_FAILURE
E0142,D0114,persistent_q1,1,600,602.7874628909977,0.004645771484996179,1500,0.88,950,0.8800555378382925,0.8807546187443713,0.0001718863695241497,0.749904137661371,4.384899941056604e-05,0.02702949933473072,False,DENSIFICATION_EXHAUSTION_FAILURE
E0142,D0114,persistent_q1,1,600,602.7874628909977,0.004645771484996179,1500,0.88,1000,0.8800555378382925,0.8839279441965591,0.0006575738456573516,0.7499030079413838,0.0001901297328112788,0.027033349257206477,False,DENSIFICATION_EXHAUSTION_FAILURE
E0142,D0114,persistent_q1,1,600,602.7874628909977,0.004645771484996179,1500,0.88,1050,0.8800555378382925,0.8979247709555177,0.0022707970091933047,0.7498941551659563,0.0007370335404310411,0.02704777191017276,False,DENSIFICATION_EXHAUSTION_FAILURE
E0142,D0114,persistent_q1,1,600,602.7874628909977,0.004645771484996179,1500,0.88,1100,0.8800555378382925,0.9403913537311547,0.007156684508136901,0.7498410766052265,0.002579949139104772,0.027096672765849473,False,SUCCESS
E0142,D0114,persistent_q1,1,600,602.7874628909977,0.004645771484996179,1500,0.88,1150,0.8800555378382925,0.9907174736942448,0.02078069685296663,0.7495194536210544,0.008196669110726479,0.027248320676429478,False,SUCCESS
E0142,D0114,persistent_q1,1,600,602.7874628909977,0.004645771484996179,1500,0.88,1200,0.8800555378382925,0.9950222075351608,0.020773201175748025,0.7495638919525432,0.024380897417313037,0.027682311305034756,False,SUCCESS
E0142,D0114,persistent_q1,1,600,602.7874628909977,0.004645771484996179,1500,0.88,1250,0.8800555378382925,0.9952153610505672,0.016961276881630967,0.7497111535063007,0.0677733302709074,0.028836917880762543,False,SUCCESS
E0142,D0114,persistent_q1,1,600,602.7874628909977,0.004645771484996179,1500,0.88,1300,0.8800555378382925,0.9954683769947509,0.015194007038039237,0.7497895136586266,0.17624199368664215,0.03170819216393014,False,SUCCESS
E0142,D0114,persistent_q1,1,600,602.7874628909977,0.004645771484996179,1500,0.88,1350,0.8800555378382925,0.9954683769947509,0.01480107528466971,0.7498224791563087,0.43145153447325557,0.03840157070890906,False,SUCCESS
E0142,D0114,persistent_q1,1,600,602.7874628909977,0.004645771484996179,1500,0.88,1400,0.8800555378382925,0.9954683769947509,0.014812732716095196,0.749823502200628,0.5072818149425835,0.05301020480663312,False,SUCCESS
E0142,D0114,persistent_q1,1,600,602.7874628909977,0.004645771484996179,1500,0.88,1450,0.8800555378382925,0.9954683769947509,0.014812732716095196,0.749823502200628,0.5072818149425835,0.08263113498591153,False,SUCCESS
E0142,D0115,pore_pinned_q0,0,300,302.4372434582077,0.008124144860692264,1300,0.8,900,0.8000576079465228,0.8002479192513697,0.00023478561948541942,0.9999993089166098,0.00010976290284530874,0.039890179925219246,False,DENSIFICATION_EXHAUSTION_FAILURE
E0142,D0115,pore_pinned_q0,0,300,302.4372434582077,0.008124144860692264,1300,0.8,950,0.8000576079465228,0.801290666438631,0.0010102755246646088,0.9999993044434287,0.0008922529993181284,0.039890179925219246,False,DENSIFICATION_EXHAUSTION_FAILURE
E0142,D0115,pore_pinned_q0,0,300,302.4372434582077,0.008124144860692264,1300,0.8,1000,0.8000576079465228,0.8068739314694532,0.003914584837563493,0.9999992855254219,0.006152358611089173,0.039890179925219246,False,DENSIFICATION_EXHAUSTION_FAILURE
E0142,D0115,pore_pinned_q0,0,300,302.4372434582077,0.008124144860692264,1300,0.8,1050,0.8000576079465228,0.8313883162954578,0.014399259204002049,0.9999991843281393,0.036662300648514216,0.039890179925219246,False,DENSIFICATION_EXHAUSTION_FAILURE
E0142,D0115,pore_pinned_q0,0,300,302.4372434582077,0.008124144860692264,1300,0.8,1100,0.8000576079465228,0.9047175693369877,0.06003264992618804,0.9999985712516677,0.1918426857194924,0.039890179925219246,False,SUCCESS
E0142,D0115,pore_pinned_q0,0,300,302.4372434582077,0.008124144860692264,1300,0.8,1150,0.8000576079465228,0.987336917682054,0.4746478213833967,0.9999914264818343,0.8936517970137967,0.039890179925219246,False,GRAIN_GROWTH_FAILURE
E0142,D0115,pore_pinned_q0,0,300,302.4372434582077,0.008124144860692264,1300,0.8,1200,0.8000576079465228,0.9950626807192812,0.7581910860562762,0.999987289021742,3.75,0.039890179925219246,False,GRAIN_GROWTH_FAILURE
E0142,D0115,pore_pinned_q0,0,300,302.4372434582077,0.008124144860692264,1300,0.8,1250,0.8000576079465228,0.99503594903732,0.6031580656326996,0.9999916019628377,14.321916036864272,0.039890179925219246,False,GRAIN_GROWTH_FAILURE
E0142,D0115,pore_pinned_q0,0,600,601.2612793610556,0.0021021322684259265,1300,0.8,900,0.8000555378382948,0.8002375872882475,5.9407357993943276e-05,0.9999993082273249,0.00010976290284530874,0.03988977081127225,False,DENSIFICATION_EXHAUSTION_FAILURE
E0142,D0115,pore_pinned_q0,0,600,601.2612793610556,0.0021021322684259265,1300,0.8,950,0.8000555378382948,0.8012372903353826,0.00025567455224500174,0.9999993043573134,0.0008922529993181284,0.03988977081127225,False,DENSIFICATION_EXHAUSTION_FAILURE
E0142,D0115,pore_pinned_q0,0,600,601.2612793610556,0.0021021322684259265,1300,0.8,1000,0.8000555378382948,0.8066027294432985,0.0009911922178308565,0.999999286176126,0.006152358611089173,0.03988977081127225,False,DENSIFICATION_EXHAUSTION_FAILURE
E0142,D0115,pore_pinned_q0,0,600,601.2612793610556,0.0021021322684259265,1300,0.8,1050,0.8000555378382948,0.830265797493047,0.0036504297848413505,0.9999991890298913,0.036662300648514216,0.03988977081127225,False,DENSIFICATION_EXHAUSTION_FAILURE
E0142,D0115,pore_pinned_q0,0,600,601.2612793610556,0.0021021322684259265,1300,0.8,1100,0.8000555378382948,0.9019495751070195,0.015286958605767198,0.9999986082904295,0.1918426857194924,0.03988977081127225,False,SUCCESS
E0142,D0115,pore_pinned_q0,0,600,601.2612793610556,0.0021021322684259265,1300,0.8,1150,0.8000555378382948,0.9859305466751844,0.13135307495733914,0.9999920567412074,0.8936517970137967,0.03988977081127225,False,GRAIN_GROWTH_FAILURE
E0142,D0115,pore_pinned_q0,0,600,601.2612793610556,0.0021021322684259265,1300,0.8,1200,0.8000555378382948,0.9950048046941339,0.24500414696976958,0.9999871581651159,3.75,0.03988977081127225,False,GRAIN_GROWTH_FAILURE
E0142,D0115,pore_pinned_q0,0,600,601.2612793610556,0.0021021322684259265,1300,0.8,1250,0.8000555378382948,0.9951355738650127,0.1933176537033856,0.9999913960011964,14.321916036864272,0.03988977081127225,False,GRAIN_GROWTH_FAILURE
E0142,D0115,pore_pinned_q0,0,300,303.86340809979646,0.01287802699932142,1500,0.88,900,0.8800576079465231,0.8801708658465043,0.00038469959751904397,0.9999988155505805,0.00010976290284530874,0.0659840967565556,False,DENSIFICATION_EXHAUSTION_FAILURE
E0142,D0115,pore_pinned_q0,0,300,303.86340809979646,0.01287802699932142,1500,0.88,950,0.8800576079465231,0.8807910627614957,0.0016548502878136668,0.9999988161332655,0.0008922529993181284,0.0659840967565556,False,DENSIFICATION_EXHAUSTION_FAILURE
E0142,D0115,pore_pinned_q0,0,300,303.86340809979646,0.01287802699932142,1500,0.88,1000,0.8800576079465231,0.8841100548731812,0.00640425088486448,0.9999987884123478,0.006152358611089173,0.0659840967565556,False,DENSIFICATION_EXHAUSTION_FAILURE
E0142,D0115,pore_pinned_q0,0,300,303.86340809979646,0.01287802699932142,1500,0.88,1050,0.8800576079465231,0.8986739303295578,0.02344134183537023,0.9999986234260613,0.036662300648514216,0.0659840967565556,False,DENSIFICATION_EXHAUSTION_FAILURE
E0142,D0115,pore_pinned_q0,0,300,303.86340809979646,0.01287802699932142,1500,0.88,1100,0.8800576079465231,0.9422190999946273,0.09546138307439327,0.9999976363901656,0.1918426857194924,0.0659840967565556,False,SUCCESS
E0142,D0115,pore_pinned_q0,0,300,303.86340809979646,0.01287802699932142,1500,0.88,1150,0.8800576079465231,0.9915473981229128,0.6318787034395674,0.9999879825773106,0.8936517970137967,0.0659840967565556,False,GRAIN_GROWTH_FAILURE
E0142,D0115,pore_pinned_q0,0,300,303.86340809979646,0.01287802699932142,1500,0.88,1200,0.8800576079465231,0.9950121134938681,0.735208821619452,0.9999873802441789,3.75,0.0659840967565556,False,GRAIN_GROWTH_FAILURE
E0142,D0115,pore_pinned_q0,0,300,303.86340809979646,0.01287802699932142,1500,0.88,1250,0.8800576079465231,0.9950435402461968,0.5898333882789353,0.9999915786741922,14.321916036864272,0.0659840967565556,False,GRAIN_GROWTH_FAILURE
E0142,D0115,pore_pinned_q0,0,300,303.86340809979646,0.01287802699932142,1500,0.88,1300,0.8800576079465231,0.9950970427565261,0.4866934747440135,0.9999942623979301,50.23160543445532,0.0659840967565556,False,GRAIN_GROWTH_FAILURE
E0142,D0115,pore_pinned_q0,0,300,303.86340809979646,0.01287802699932142,1500,0.88,1350,0.8800576079465231,0.9951015852375124,0.4236624071899439,0.9999954985619547,163.07139612022692,0.0659840967565556,False,GRAIN_GROWTH_FAILURE
E0142,D0115,pore_pinned_q0,0,300,303.86340809979646,0.01287802699932142,1500,0.88,1400,0.8800576079465231,0.9951293945821869,0.4236624071899439,0.9999955122527351,190.20725320305579,0.0659840967565556,False,GRAIN_GROWTH_FAILURE
E0142,D0115,pore_pinned_q0,0,300,303.86340809979646,0.01287802699932142,1500,0.88,1450,0.8800576079465231,0.9951293945821869,0.4236624071899439,0.9999955122527351,190.20725320305579,0.0659840967565556,False,GRAIN_GROWTH_FAILURE
E0142,D0115,pore_pinned_q0,0,600,601.990772243209,0.0033179537386815255,1500,0.88,900,0.8800555378382947,0.880163263481126,9.802658821436281e-05,0.9999988182960082,0.00010976290284530874,0.06598298345472949,False,DENSIFICATION_EXHAUSTION_FAILURE
E0142,D0115,pore_pinned_q0,0,600,601.990772243209,0.0033179537386815255,1500,0.88,950,0.8800555378382947,0.8807546597117578,0.00042182719420207044,0.9999988169454311,0.0008922529993181284,0.06598298345472949,False,DENSIFICATION_EXHAUSTION_FAILURE
E0142,D0115,pore_pinned_q0,0,600,601.990772243209,0.0033179537386815255,1500,0.88,1000,0.8800555378382947,0.8839280952096656,0.0016343300466548345,0.9999987894155544,0.006152358611089173,0.06598298345472949,False,DENSIFICATION_EXHAUSTION_FAILURE
E0142,D0115,pore_pinned_q0,0,600,601.990772243209,0.0033179537386815255,1500,0.88,1050,0.8800555378382947,0.8979244102538231,0.006002231097471794,0.999998631576103,0.036662300648514216,0.06598298345472949,False,DENSIFICATION_EXHAUSTION_FAILURE
E0142,D0115,pore_pinned_q0,0,600,601.990772243209,0.0033179537386815255,1500,0.88,1100,0.8800555378382947,0.9403787230292456,0.024756448503327623,0.999997700315418,0.1918426857194924,0.06598298345472949,False,SUCCESS
E0142,D0115,pore_pinned_q0,0,600,601.990772243209,0.0033179537386815255,1500,0.88,1150,0.8800555378382947,0.9906337156339424,0.18401544858234947,0.9999887830116846,0.8936517970137967,0.06598298345472949,False,GRAIN_GROWTH_FAILURE
E0142,D0115,pore_pinned_q0,0,600,601.990772243209,0.0033179537386815255,1500,0.88,1200,0.8800555378382947,0.9950194380843187,0.24069520278111092,0.9999871339559441,3.75,0.06598298345472949,False,GRAIN_GROWTH_FAILURE
E0142,D0115,pore_pinned_q0,0,600,601.990772243209,0.0033179537386815255,1500,0.88,1250,0.8800555378382947,0.9951786419393176,0.19100116206838932,0.9999913372640901,14.321916036864272,0.06598298345472949,False,GRAIN_GROWTH_FAILURE
E0142,D0115,pore_pinned_q0,0,600,601.990772243209,0.0033179537386815255,1500,0.88,1300,0.8800555378382947,0.9954296693332412,0.15835883004678208,0.9999940359011246,50.23160543445532,0.06598298345472949,False,GRAIN_GROWTH_FAILURE
E0142,D0115,pore_pinned_q0,0,600,601.990772243209,0.0033179537386815255,1500,0.88,1350,0.8800555378382947,0.9954684770307345,0.13568582124296544,0.9999953959698188,163.07139612022692,0.06598298345472949,False,GRAIN_GROWTH_FAILURE
E0142,D0115,pore_pinned_q0,0,600,601.990772243209,0.0033179537386815255,1500,0.88,1400,0.8800555378382947,0.9954684770307345,0.1345377741644029,0.9999954447479552,202.47717813220808,0.06598298345472949,False,GRAIN_GROWTH_FAILURE
E0142,D0115,pore_pinned_q0,0,600,601.990772243209,0.0033179537386815255,1500,0.88,1450,0.8800555378382947,0.9954684770307345,0.1345377741644029,0.9999954447479552,202.47717813220808,0.06598298345472949,False,GRAIN_GROWTH_FAILURE
E0142,D0116,pore_pinned_q1,1,300,314.9134722872605,0.049711574290868296,1300,0.8,900,0.8000576079459634,0.8002472384395386,0.0012889181773326392,0.9999532213432115,0.005306938448699819,0.23757614169142235,False,DENSIFICATION_EXHAUSTION_FAILURE
E0142,D0116,pore_pinned_q1,1,300,314.9134722872605,0.049711574290868296,1300,0.8,950,0.8000576079459634,0.8012862664357686,0.00553361106807031,0.9999530017794576,0.021970133543620797,0.23757614169142235,False,DENSIFICATION_EXHAUSTION_FAILURE
E0142,D0116,pore_pinned_q1,1,300,314.9134722872605,0.049711574290868296,1300,0.8,1000,0.8000576079459634,0.8068475221043074,0.021242451223219723,0.9999516730877298,0.08041383900131636,0.23757614169142235,False,DENSIFICATION_EXHAUSTION_FAILURE
E0142,D0116,pore_pinned_q1,1,300,314.9134722872605,0.049711574290868296,1300,0.8,1050,0.8000576079459634,0.831233190837755,0.07534432479501552,0.9999446547551902,0.2570869544463246,0.23757614169142235,False,DENSIFICATION_EXHAUSTION_FAILURE
E0142,D0116,pore_pinned_q1,1,300,314.9134722872605,0.049711574290868296,1300,0.8,1100,0.8000576079459634,0.9040036417335789,0.2698646162613547,0.9999020147492047,0.6710578056108513,0.23757614169142235,False,GRAIN_GROWTH_FAILURE
E0142,D0116,pore_pinned_q1,1,300,314.9134722872605,0.049711574290868296,1300,0.8,1150,0.8000576079459634,0.9865574956131111,1.0526617058366374,0.9993334954466707,1.1827601294542247,0.23757614169142235,False,GRAIN_GROWTH_FAILURE
E0142,D0116,pore_pinned_q1,1,300,314.9134722872605,0.049711574290868296,1300,0.8,1200,0.8000576079459634,0.9950121686463596,1.2880048667841881,0.9987579419314658,2.8189532916024858,0.23757614169142235,False,GRAIN_GROWTH_FAILURE
E0142,D0116,pore_pinned_q1,1,300,314.9134722872605,0.049711574290868296,1300,0.8,1250,0.8000576079459634,0.9950268539839553,1.0540448586249782,0.9991364403127766,7.862363990427507,0.23757614169142235,False,GRAIN_GROWTH_FAILURE
E0142,D0116,pore_pinned_q1,1,600,607.8252324033573,0.013042054005595324,1300,0.8,900,0.8000555378382275,0.8002374977686451,0.0003461342101636562,0.9999532309355645,0.0027521040266642333,0.23757420679600677,False,DENSIFICATION_EXHAUSTION_FAILURE
E0142,D0116,pore_pinned_q1,1,600,607.8252324033573,0.013042054005595324,1300,0.8,950,0.8000555378382275,0.8012367099379836,0.0014882109616663774,0.9999530074349126,0.011428582813450907,0.23757420679600677,False,DENSIFICATION_EXHAUSTION_FAILURE
E0142,D0116,pore_pinned_q1,1,600,607.8252324033573,0.013042054005595324,1300,0.8,1000,0.8000555378382275,0.8065992119141219,0.005743074284492543,0.9999517242612354,0.04230303319486036,0.23757420679600677,False,DENSIFICATION_EXHAUSTION_FAILURE
E0142,D0116,pore_pinned_q1,1,600,607.8252324033573,0.013042054005595324,1300,0.8,1050,0.8000555378382275,0.8302443488773604,0.020721804865924943,0.9999449587408398,0.14030932184285178,0.23757420679600677,False,DENSIFICATION_EXHAUSTION_FAILURE
E0142,D0116,pore_pinned_q1,1,600,607.8252324033573,0.013042054005595324,1300,0.8,1100,0.8000555378382275,0.9018354173332833,0.0784128390275888,0.9999041139449262,0.40926462445475426,0.23757420679600677,False,SUCCESS
E0142,D0116,pore_pinned_q1,1,600,607.8252324033573,0.013042054005595324,1300,0.8,1150,0.8000555378382275,0.9857195408943572,0.36006299489711874,0.9993656140018968,0.9241573092022775,0.23757420679600677,False,GRAIN_GROWTH_FAILURE
E0142,D0116,pore_pinned_q1,1,600,607.8252324033573,0.013042054005595324,1300,0.8,1200,0.8000555378382275,0.9950491733353387,0.47327180197417146,0.9987313390238588,2.2657461581336293,0.23757420679600677,False,GRAIN_GROWTH_FAILURE
E0142,D0116,pore_pinned_q1,1,600,607.8252324033573,0.013042054005595324,1300,0.8,1250,0.8000555378382275,0.9950955199664216,0.3765361627062938,0.9991167843749553,6.054666984924546,0.23757420679600677,False,GRAIN_GROWTH_FAILURE
E0142,D0116,pore_pinned_q1,1,300,322.1584307523017,0.07386143584100544,1500,0.88,900,0.8800576079459633,0.8801702094949937,0.0017948727459092197,0.999920569371463,0.005184977074364113,0.3463376675802705,False,DENSIFICATION_EXHAUSTION_FAILURE
E0142,D0116,pore_pinned_q1,1,300,322.1584307523017,0.07386143584100544,1500,0.88,950,0.8800576079459633,0.8807868376339199,0.007697240433630902,0.9999201378320596,0.021430033769072813,0.3463376675802705,False,DENSIFICATION_EXHAUSTION_FAILURE
E0142,D0116,pore_pinned_q1,1,300,322.1584307523017,0.07386143584100544,1500,0.88,1000,0.8800576079459633,0.884085003957583,0.029414731924764872,0.9999179467438563,0.07798263334614529,0.3463376675802705,False,DENSIFICATION_EXHAUSTION_FAILURE
E0142,D0116,pore_pinned_q1,1,300,322.1584307523017,0.07386143584100544,1500,0.88,1050,0.8800576079459633,0.8985315815485608,0.10258436390094108,0.999906262644339,0.24510781588649175,0.3463376675802705,False,MIXED_FAILURE
E0142,D0116,pore_pinned_q1,1,300,322.1584307523017,0.07386143584100544,1500,0.88,1100,0.8800576079459633,0.9416147136630053,0.3463021533483005,0.999836138646386,0.6187640165610832,0.3463376675802705,False,GRAIN_GROWTH_FAILURE
E0142,D0116,pore_pinned_q1,1,300,322.1584307523017,0.07386143584100544,1500,0.88,1150,0.8800576079459633,0.9909951597173028,1.153516724515703,0.9990232318931014,1.1018066089602425,0.3463376675802705,False,GRAIN_GROWTH_FAILURE
E0142,D0116,pore_pinned_q1,1,300,322.1584307523017,0.07386143584100544,1500,0.88,1200,0.8800576079459633,0.9950416969102245,1.2014726390859947,0.9987531363207062,2.8641522085735582,0.3463376675802705,False,GRAIN_GROWTH_FAILURE
E0142,D0116,pore_pinned_q1,1,300,322.1584307523017,0.07386143584100544,1500,0.88,1250,0.8800576079459633,0.9952137812861874,0.9959629033017168,0.9991134067965997,7.910318542371059,0.3463376675802705,False,GRAIN_GROWTH_FAILURE
E0142,D0116,pore_pinned_q1,1,300,322.1584307523017,0.07386143584100544,1500,0.88,1300,0.8800576079459633,0.9950858544104684,0.8288739863829878,0.9993989344675307,20.26825013820567,0.3463376675802705,False,GRAIN_GROWTH_FAILURE
E0142,D0116,pore_pinned_q1,1,300,322.1584307523017,0.07386143584100544,1500,0.88,1350,0.8800576079459633,0.9952350774766113,0.7563582223749955,0.9995350665027806,47.0044999335296,0.3463376675802705,False,GRAIN_GROWTH_FAILURE
E0142,D0116,pore_pinned_q1,1,300,322.1584307523017,0.07386143584100544,1500,0.88,1400,0.8800576079459633,0.9952767024381838,0.7563582223749955,0.9995375542477025,53.416974112721775,0.3463376675802705,False,GRAIN_GROWTH_FAILURE
E0142,D0116,pore_pinned_q1,1,300,322.1584307523017,0.07386143584100544,1500,0.88,1450,0.8800576079459633,0.9952767024381838,0.7563582223749955,0.9995375542477025,53.416974112721775,0.3463376675802705,False,GRAIN_GROWTH_FAILURE
E0142,D0116,pore_pinned_q1,1,600,611.6514441237949,0.019419073539658157,1500,0.88,900,0.8800555378382275,0.8801631754997182,0.0004982349819336176,0.9999204478008145,0.0027344731970112544,0.34633357803838327,False,DENSIFICATION_EXHAUSTION_FAILURE
E0142,D0116,pore_pinned_q1,1,600,611.6514441237949,0.019419073539658157,1500,0.88,950,0.8800555378382275,0.8807540905358382,0.0021410354010923823,0.9999201338216936,0.011349707650173515,0.34633357803838327,False,DENSIFICATION_EXHAUSTION_FAILURE
E0142,D0116,pore_pinned_q1,1,600,611.6514441237949,0.019419073539658157,1500,0.88,1000,0.8800555378382275,0.8839246683127152,0.008242013378115864,0.9999180287675257,0.04193442662952029,0.34633357803838327,False,DENSIFICATION_EXHAUSTION_FAILURE
E0142,D0116,pore_pinned_q1,1,600,611.6514441237949,0.019419073539658157,1500,0.88,1050,0.8800555378382275,0.8979038488061971,0.02942004624255851,0.9999067845358082,0.13825587159302713,0.34633357803838327,False,DENSIFICATION_EXHAUSTION_FAILURE
E0142,D0116,pore_pinned_q1,1,600,611.6514441237949,0.019419073539658157,1500,0.88,1100,0.8800555378382275,0.9402736327287681,0.10621838616026862,0.9998396082712564,0.3965001711719211,0.34633357803838327,False,GRAIN_GROWTH_FAILURE
E0142,D0116,pore_pinned_q1,1,600,611.6514441237949,0.019419073539658157,1500,0.88,1150,0.8800555378382275,0.9904673944362103,0.41358738096075237,0.9990642618147878,0.8837707065163547,0.34633357803838327,False,GRAIN_GROWTH_FAILURE
E0142,D0116,pore_pinned_q1,1,600,611.6514441237949,0.019419073539658157,1500,0.88,1200,0.8800555378382275,0.9950680258447507,0.44888521513045204,0.9987285468551929,2.289564997758842,0.34633357803838327,False,GRAIN_GROWTH_FAILURE
E0142,D0116,pore_pinned_q1,1,600,611.6514441237949,0.019419073539658157,1500,0.88,1250,0.8800555378382275,0.9951375563941475,0.35814700135493344,0.9991119170946818,6.098788813745743,0.34633357803838327,False,GRAIN_GROWTH_FAILURE
E0142,D0116,pore_pinned_q1,1,600,611.6514441237949,0.019419073539658157,1500,0.88,1300,0.8800555378382275,0.9954263129835568,0.30124491801658876,0.9993699121349763,15.003980372575828,0.34633357803838327,False,GRAIN_GROWTH_FAILURE
E0142,D0116,pore_pinned_q1,1,600,611.6514441237949,0.019419073539658157,1500,0.88,1350,0.8800555378382275,0.9954671049942553,0.26751649613089495,0.9995251346373988,34.27369439250172,0.34633357803838327,False,GRAIN_GROWTH_FAILURE
E0142,D0116,pore_pinned_q1,1,600,611.6514441237949,0.019419073539658157,1500,0.88,1400,0.8800555378382275,0.9954671049942553,0.26608942201453584,0.9995316428331984,39.9192803513675,0.34633357803838327,False,GRAIN_GROWTH_FAILURE
E0142,D0116,pore_pinned_q1,1,600,611.6514441237949,0.019419073539658157,1500,0.88,1450,0.8800555378382275,0.9954671049942553,0.26608942201453584,0.9995316428331984,39.9192803513675,0.34633357803838327,False,GRAIN_GROWTH_FAILURE
E0142,D0120,mixed_q1,1,300,300.7031373641826,0.0023437912139420225,1300,0.8,900,0.8000576079465953,0.8002480187216316,6.877560847836252e-05,1.4999999298195965,6.08326264306762e-07,0.011550271716149368,False,DENSIFICATION_EXHAUSTION_FAILURE
E0142,D0120,mixed_q1,1,300,300.7031373641826,0.0023437912139420225,1300,0.8,950,0.8000576079465953,0.8012913128290193,0.00029604338505994314,1.4999999294978206,4.943909598805518e-06,0.011550271716149368,False,DENSIFICATION_EXHAUSTION_FAILURE
E0142,D0120,mixed_q1,1,300,300.7031373641826,0.0023437912139420225,1300,0.8,1000,0.8000576079465953,0.8068778887887497,0.0011487690151025527,1.4999999274954103,3.40608017856239e-05,0.011550271716149368,False,DENSIFICATION_EXHAUSTION_FAILURE
E0142,D0120,mixed_q1,1,300,300.7031373641826,0.0023437912139420225,1300,0.8,1050,0.8000576079465953,0.8314131153949726,0.004250642732357464,1.4999999168902824,0.0002023450465271207,0.011550271716149368,False,DENSIFICATION_EXHAUSTION_FAILURE
E0142,D0120,mixed_q1,1,300,300.7031373641826,0.0023437912139420225,1300,0.8,1100,0.8000576079465953,0.9048599148548072,0.018248876784890962,1.4999998516974267,0.0010443003248868943,0.011550271716149368,False,SUCCESS
E0142,D0120,mixed_q1,1,300,300.7031373641826,0.0023437912139420225,1300,0.8,1150,0.8000576079465953,0.9876988959950843,0.1942790996670404,1.4999989217063396,0.004149949705786142,0.011550271716149368,False,GRAIN_GROWTH_FAILURE
E0142,D0120,mixed_q1,1,300,300.7031373641826,0.0023437912139420225,1300,0.8,1200,0.8000576079465953,0.9950451231448566,0.3821144528936176,1.4999981558401811,0.015101935386348221,0.011550271716149368,False,GRAIN_GROWTH_FAILURE
E0142,D0120,mixed_q1,1,300,300.7031373641826,0.0023437912139420225,1300,0.8,1250,0.8000576079465953,0.995148527921873,0.30314002748827334,1.499998695253548,0.06152366554111624,0.011550271716149368,False,GRAIN_GROWTH_FAILURE
E0142,D0120,mixed_q1,1,600,600.3631627141691,0.0006052711902817884,1300,0.8,900,0.8000555378383036,0.8002375997043616,1.7253596440059094e-05,1.499999929842084,3.047072720531957e-07,0.01155014975990344,False,DENSIFICATION_EXHAUSTION_FAILURE
E0142,D0120,mixed_q1,1,600,600.3631627141691,0.0006052711902817884,1300,0.8,950,0.8000555378383036,0.8012373710846149,7.426582336978012e-05,1.4999999295078947,2.4767977461486346e-06,0.01155014975990344,False,DENSIFICATION_EXHAUSTION_FAILURE
E0142,D0120,mixed_q1,1,600,600.3631627141691,0.0006052711902817884,1300,0.8,1000,0.8000555378383036,0.80660322404228,0.00028810407756519376,1.4999999275821636,1.7074638386672707e-05,0.01155014975990344,False,DENSIFICATION_EXHAUSTION_FAILURE
E0142,D0120,mixed_q1,1,600,600.3631627141691,0.0006052711902817884,1300,0.8,1050,0.8000555378383036,0.8302689115159118,0.0010642867627792174,1.499999917424616,0.0001016701606978567,0.01155014975990344,False,DENSIFICATION_EXHAUSTION_FAILURE
E0142,D0120,mixed_q1,1,600,600.3631627141691,0.0006052711902817884,1300,0.8,1100,0.8000555378383036,0.9019681457489467,0.004532086204235856,1.4999998560005934,0.0005301783305532922,0.01155014975990344,False,SUCCESS
E0142,D0120,mixed_q1,1,600,600.3631627141691,0.0006052711902817884,1300,0.8,1150,0.8000555378383036,0.9859965756556754,0.0476851709925999,1.4999990377869155,0.0023685100128413485,0.01155014975990344,False,SUCCESS
E0142,D0120,mixed_q1,1,600,600.3631627141691,0.0006052711902817884,1300,0.8,1200,0.8000555378383036,0.9950542141224722,0.11631064636677944,1.4999981237375533,0.009340825054618073,0.01155014975990344,False,GRAIN_GROWTH_FAILURE
E0142,D0120,mixed_q1,1,600,600.3631627141691,0.0006052711902817884,1300,0.8,1250,0.8000555378383036,0.9951589006398032,0.09037311836530766,1.499998676162975,0.036621861505889336,0.01155014975990344,False,SUCCESS
E0142,D0120,mixed_q1,1,300,301.1257852517546,0.0037526175058485685,1500,0.88,900,0.8800576079465956,0.8801709716118713,0.00011567644809874688,1.4999998809616903,6.074440126918457e-07,0.0194819809984766,False,DENSIFICATION_EXHAUSTION_FAILURE
E0142,D0120,mixed_q1,1,300,301.1257852517546,0.0037526175058485685,1500,0.88,950,0.8800576079465956,0.8807917505874162,0.0004978862342994002,1.4999998802029035,4.935976584843435e-06,0.0194819809984766,False,DENSIFICATION_EXHAUSTION_FAILURE
E0142,D0120,mixed_q1,1,300,301.1257852517546,0.0037526175058485685,1500,0.88,1000,0.8800576079465956,0.8841142797090058,0.0019313733194331717,1.4999998768818845,3.398648397010601e-05,0.0194819809984766,False,DENSIFICATION_EXHAUSTION_FAILURE
E0142,D0120,mixed_q1,1,300,301.1257852517546,0.0037526175058485685,1500,0.88,1050,0.8800576079465956,0.8987005544899039,0.007137224813376569,1.4999998591525232,0.00020148321616389353,0.0194819809984766,False,DENSIFICATION_EXHAUSTION_FAILURE
E0142,D0120,mixed_q1,1,300,301.1257852517546,0.0037526175058485685,1500,0.88,1100,0.8800576079465956,0.9423708231653449,0.03043336679431945,1.4999997510154368,0.0010305384910475213,0.0194819809984766,False,SUCCESS
E0142,D0120,mixed_q1,1,300,301.1257852517546,0.0037526175058485685,1500,0.88,1150,0.8800576079465956,0.9918666573886009,0.2928563437938575,1.4999984081338784,0.0038282254459490288,0.0194819809984766,False,GRAIN_GROWTH_FAILURE
E0142,D0120,mixed_q1,1,300,301.1257852517546,0.0037526175058485685,1500,0.88,1200,0.8800576079465956,0.9950645703246458,0.3781888560210827,1.4999981501154422,0.015124079529037845,0.0194819809984766,False,GRAIN_GROWTH_FAILURE
E0142,D0120,mixed_q1,1,300,301.1257852517546,0.0037526175058485685,1500,0.88,1250,0.8800576079465956,0.9951851765306734,0.30136843911086086,1.499998688340842,0.061520949721693946,0.0194819809984766,False,GRAIN_GROWTH_FAILURE
E0142,D0120,mixed_q1,1,300,301.1257852517546,0.0037526175058485685,1500,0.88,1300,0.8800576079465956,0.9950815015409229,0.23668485851904741,1.4999991048171875,0.2270597697356729,0.0194819809984766,False,GRAIN_GROWTH_FAILURE
E0142,D0120,mixed_q1,1,300,301.1257852517546,0.0037526175058485685,1500,0.88,1350,0.8800576079465956,0.9950866322556503,0.20155269271132503,1.4999993114050147,0.7586773982900367,0.0194819809984766,False,GRAIN_GROWTH_FAILURE
E0142,D0120,mixed_q1,1,300,301.1257852517546,0.0037526175058485685,1500,0.88,1400,0.8800576079465956,0.995107535512775,0.20153388921525844,1.499999313483069,0.8652653102286043,0.0194819809984766,False,GRAIN_GROWTH_FAILURE
E0142,D0120,mixed_q1,1,300,301.1257852517546,0.0037526175058485685,1500,0.88,1450,0.8800576079465956,0.995107535512775,0.20153388921525844,1.499999313483069,0.8652653102286043,0.0194819809984766,False,GRAIN_GROWTH_FAILURE
E0142,D0120,mixed_q1,1,600,600.5783007030511,0.000963834505085002,1500,0.88,900,0.8800555378383031,0.8801632766166365,2.908052233688917e-05,1.4999998806894557,3.045945253915751e-07,0.019481635928068803,False,DENSIFICATION_EXHAUSTION_FAILURE
E0142,D0120,mixed_q1,1,600,600.5783007030511,0.000963834505085002,1500,0.88,950,0.8800555378383031,0.8807547452822378,0.00012516838131502404,1.499999880193464,2.475784757891453e-06,0.019481635928068803,False,DENSIFICATION_EXHAUSTION_FAILURE
E0142,D0120,mixed_q1,1,600,600.5783007030511,0.000963834505085002,1500,0.88,1000,0.8800555378383031,0.8839286223446416,0.00048548382412319334,1.4999998770320953,1.7065161699624912e-05,0.019481635928068803,False,DENSIFICATION_EXHAUSTION_FAILURE
E0142,D0120,mixed_q1,1,600,600.5783007030511,0.000963834505085002,1500,0.88,1050,0.8800555378383031,0.8979277724976096,0.0017918738485846238,1.4999998601431752,0.00010156009270300346,0.019481635928068803,False,DENSIFICATION_EXHAUSTION_FAILURE
E0142,D0120,mixed_q1,1,600,600.5783007030511,0.000963834505085002,1500,0.88,1100,0.8800555378383031,0.940399135238978,0.007591425561107898,1.4999997590099785,0.0005283838873423136,0.019481635928068803,False,SUCCESS
E0142,D0120,mixed_q1,1,600,600.5783007030511,0.000963834505085002,1500,0.88,1150,0.8800555378383031,0.9907000113045423,0.07412481464767418,1.4999985791057788,0.002308838221264093,0.019481635928068803,False,SUCCESS
E0142,D0120,mixed_q1,1,600,600.5783007030511,0.000963834505085002,1500,0.88,1200,0.8800555378383031,0.9950676076482925,0.11517140217281391,1.4999981197181818,0.009347070648162353,0.019481635928068803,False,GRAIN_GROWTH_FAILURE
E0142,D0120,mixed_q1,1,600,600.5783007030511,0.000963834505085002,1500,0.88,1250,0.8800555378383031,0.9952016713036879,0.0901720618862904,1.4999986680101818,0.03661657834223927,0.019481635928068803,False,SUCCESS
E0142,D0120,mixed_q1,1,600,600.5783007030511,0.000963834505085002,1500,0.88,1300,0.8800555378383031,0.9954686831425332,0.07498722150961491,1.4999990557203127,0.13064644764777067,0.019481635928068803,False,SUCCESS
E0142,D0120,mixed_q1,1,600,600.5783007030511,0.000963834505085002,1500,0.88,1350,0.8800555378383031,0.9954686831425332,0.06267090649560826,1.499999289757053,0.4284348295572003,0.019481635928068803,False,SUCCESS
E0142,D0120,mixed_q1,1,600,600.5783007030511,0.000963834505085002,1500,0.88,1400,0.8800555378383031,0.9954686831425332,0.061985500107554,1.499999298808631,0.5307730861223509,0.019481635928068803,False,SUCCESS
E0142,D0120,mixed_q1,1,600,600.5783007030511,0.000963834505085002,1500,0.88,1450,0.8800555378383031,0.9954686831425332,0.061985500107554,1.499999298808631,0.5307730861223509,0.019481635928068803,False,SUCCESS
E0142,D0124,persistent_q0,0,300,352.4429614531763,0.17480987151058744,1300,0.8,900,0.8000576079461814,0.8002455212253161,0.00043387644542589043,1.4999989625569528,0.0018369582461117502,0.10016534550489771,False,DENSIFICATION_EXHAUSTION_FAILURE
E0142,D0124,persistent_q0,0,300,352.4429614531763,0.17480987151058744,1300,0.8,950,0.8000576079461814,0.8012757497109273,0.001872291976149092,1.4999989566095482,0.008304674906459359,0.10074685043076423,False,DENSIFICATION_EXHAUSTION_FAILURE
E0142,D0124,persistent_q0,0,300,352.4429614531763,0.17480987151058744,1300,0.8,1000,0.8000576079461814,0.8067950728333868,0.007302637336990133,1.4999989286574467,0.033348879503587656,0.10299147396134418,False,DENSIFICATION_EXHAUSTION_FAILURE
E0142,D0124,persistent_q0,0,300,352.4429614531763,0.17480987151058744,1300,0.8,1050,0.8000576079461814,0.8310502189147608,0.026849586413729806,1.4999987788175824,0.12056172655679553,0.11072135178880302,False,DENSIFICATION_EXHAUSTION_FAILURE
E0142,D0124,persistent_q0,0,300,352.4429614531763,0.17480987151058744,1300,0.8,1100,0.8000576079461814,0.9037954908479157,0.09914457542867285,1.4999978765637343,0.3969098175864558,0.134358237966401,False,SUCCESS
E0142,D0124,persistent_q0,0,300,352.4429614531763,0.17480987151058744,1300,0.8,1150,0.8000576079461814,0.9868124082257514,0.37273885925411154,1.4999875420468738,1.201745388222502,0.19655386602004296,False,GRAIN_GROWTH_FAILURE
E0142,D0124,persistent_q0,0,300,352.4429614531763,0.17480987151058744,1300,0.8,1200,0.8000576079461814,0.9950543065148753,0.6164211465325866,1.4999808575931834,3.375,0.3271029249292571,False,GRAIN_GROWTH_FAILURE
E0142,D0124,persistent_q0,0,300,352.4429614531763,0.17480987151058744,1300,0.8,1250,0.8000576079461814,0.9952107195544992,0.7272806891567574,1.4999870759129477,8.857110709806543,0.5227265964453685,False,GRAIN_GROWTH_FAILURE
E0142,D0124,persistent_q0,0,600,628.6188942054046,0.04769815700900749,1300,0.8,900,0.8000555378382537,0.8002372311423382,0.00013640596163821923,1.4999989614576072,0.0018369582461117502,0.10016535697154706,False,DENSIFICATION_EXHAUSTION_FAILURE
E0142,D0124,persistent_q0,0,600,628.6188942054046,0.04769815700900749,1300,0.8,950,0.8000555378382537,0.8012350694865296,0.0005889173360395545,1.499998956429706,0.008304674906459359,0.10074686195652945,False,DENSIFICATION_EXHAUSTION_FAILURE
E0142,D0124,persistent_q0,0,600,628.6188942054046,0.04769815700900749,1300,0.8,1000,0.8000555378382537,0.8065909132377923,0.0023012497639346486,1.4999989292672185,0.033348879503587656,0.1029914857144912,False,DENSIFICATION_EXHAUSTION_FAILURE
E0142,D0124,persistent_q0,0,600,628.6188942054046,0.04769815700900749,1300,0.8,1050,0.8000555378382537,0.8302141178781184,0.008516836187591973,1.4999987837692341,0.12056172655679553,0.11072136431518259,False,DENSIFICATION_EXHAUSTION_FAILURE
E0142,D0124,persistent_q0,0,600,628.6188942054046,0.04769815700900749,1300,0.8,1100,0.8000555378382537,0.9017977891478437,0.03219000255796136,1.4999979148001112,0.3969098175864558,0.13435825276289498,False,SUCCESS
E0142,D0124,persistent_q0,0,600,628.6188942054046,0.04769815700900749,1300,0.8,1150,0.8000555378382537,0.9858106246625065,0.13046797039113442,1.4999881421561092,1.201745388222502,0.1965538861107247,False,GRAIN_GROWTH_FAILURE
E0142,D0124,persistent_q0,0,600,628.6188942054046,0.04769815700900749,1300,0.8,1200,0.8000555378382537,0.995028665535583,0.23354900769875817,1.4999805789965677,3.375,0.3271029529312782,False,GRAIN_GROWTH_FAILURE
E0142,D0124,persistent_q0,0,600,628.6188942054046,0.04769815700900749,1300,0.8,1250,0.8000555378382537,0.9951009403750241,0.27869328226866474,1.4999870522319374,8.857110709806543,0.5227266281847259,False,GRAIN_GROWTH_FAILURE
E0142,D0124,persistent_q0,0,300,379.55598606463303,0.2651866202154433,1500,0.88,900,0.8800576079461815,0.880168603869407,0.00037411507152422806,1.4999982357696282,0.0018369582461117502,0.10016534887825519,False,PREP_GROWTH_EXCEEDED
E0142,D0124,persistent_q0,0,300,379.55598606463303,0.2651866202154433,1500,0.88,950,0.8800576079461815,0.8807770271659952,0.001614565098732853,1.49999822775287,0.008304674906459359,0.10074685382151291,False,PREP_GROWTH_EXCEEDED
E0142,D0124,persistent_q0,0,300,379.55598606463303,0.2651866202154433,1500,0.88,1000,0.8800576079461815,0.8840364482886135,0.006299738295483653,1.4999981837557943,0.033348879503587656,0.10299147741898602,False,PREP_GROWTH_EXCEEDED
E0142,D0124,persistent_q0,0,300,379.55598606463303,0.2651866202154433,1500,0.88,1050,0.8800576079461815,0.8983664174995675,0.02319244314209312,1.4999979408533866,0.12056172655679553,0.11072135547392103,False,PREP_GROWTH_EXCEEDED
E0142,D0124,persistent_q0,0,300,379.55598606463303,0.2651866202154433,1500,0.88,1100,0.8800576079461815,0.941446619988785,0.0860226901430093,1.4999964982374305,0.3969098175864558,0.1343582423193608,False,PREP_GROWTH_EXCEEDED
E0142,D0124,persistent_q0,0,300,379.55598606463303,0.2651866202154433,1500,0.88,1150,0.8800576079461815,0.9912102388981785,0.3275575333434285,1.499982505318362,1.201745388222502,0.19655387193049245,False,PREP_GROWTH_EXCEEDED
E0142,D0124,persistent_q0,0,300,379.55598606463303,0.2651866202154433,1500,0.88,1200,0.8800576079461815,0.9950016460333739,0.4885001583921344,1.4999810019826767,3.375,0.3271029331671325,False,PREP_GROWTH_EXCEEDED
E0142,D0124,persistent_q0,0,300,379.55598606463303,0.2651866202154433,1500,0.88,1250,0.8800576079461815,0.9950221928665626,0.5738489698630423,1.4999873513780693,8.857110709806543,0.5227266057827258,False,PREP_GROWTH_EXCEEDED
E0142,D0124,persistent_q0,0,300,379.55598606463303,0.2651866202154433,1500,0.88,1300,0.8800576079461815,0.9952642060008029,0.6130107141431745,1.4999912400454078,21.861237713454894,0.7175252172053341,False,PREP_GROWTH_EXCEEDED
E0142,D0124,persistent_q0,0,300,379.55598606463303,0.2651866202154433,1500,0.88,1350,0.8800576079461815,0.9953217391276449,0.6025724970847026,1.499993167551396,51.03678077390177,0.852547998534822,False,PREP_GROWTH_EXCEEDED
E0142,D0124,persistent_q0,0,300,379.55598606463303,0.2651866202154433,1500,0.88,1400,0.8800576079461815,0.9953395322428504,0.6023468389336454,1.4999932155685243,58.77845583969728,0.9269849395976835,False,PREP_GROWTH_EXCEEDED
E0142,D0124,persistent_q0,0,300,379.55598606463303,0.2651866202154433,1500,0.88,1450,0.8800576079461815,0.9953395322428504,0.6023468389336454,1.4999932155685243,58.77845583969728,0.9639987525209557,False,PREP_GROWTH_EXCEEDED
E0142,D0124,persistent_q0,0,600,644.3847975037725,0.0739746625062873,1500,0.88,900,0.8800555378382536,0.8801629018722034,0.00012981332081453463,1.4999982320553662,0.0018369582461117502,0.10016537301437925,False,DENSIFICATION_EXHAUSTION_FAILURE
E0142,D0124,persistent_q0,0,600,644.3847975037725,0.0739746625062873,1500,0.88,950,0.8800555378382536,0.8807524096094417,0.0005604604653187997,1.4999982265515344,0.008304674906459359,0.10074687808206988,False,DENSIFICATION_EXHAUSTION_FAILURE
E0142,D0124,persistent_q0,0,600,644.3847975037725,0.0739746625062873,1500,0.88,1000,0.8800555378382536,0.8839162099249127,0.0021901420662477434,1.4999981841388321,0.033348879503587656,0.1029915021581583,False,DENSIFICATION_EXHAUSTION_FAILURE
E0142,D0124,persistent_q0,0,600,644.3847975037725,0.0739746625062873,1500,0.88,1050,0.8800555378382536,0.8978736480951202,0.008106833626197588,1.4999979477901384,0.12056172655679553,0.11072138184066878,False,DENSIFICATION_EXHAUSTION_FAILURE
E0142,D0124,persistent_q0,0,600,644.3847975037725,0.0739746625062873,1500,0.88,1100,0.8800555378382536,0.9402406126682664,0.030657205229589153,1.4999965555954122,0.3969098175864558,0.13435827346446702,False,SUCCESS
E0142,D0124,persistent_q0,0,600,644.3847975037725,0.0739746625062873,1500,0.88,1150,0.8800555378382536,0.9905510958387443,0.1244853154039093,1.4999832587292303,1.201745388222502,0.19655391421932175,False,GRAIN_GROWTH_FAILURE
E0142,D0124,persistent_q0,0,600,644.3847975037725,0.0739746625062873,1500,0.88,1200,0.8800555378382536,0.9950432820316287,0.19868947580755017,1.4999805446739596,3.375,0.32710299210852006,False,GRAIN_GROWTH_FAILURE
E0142,D0124,persistent_q0,0,600,644.3847975037725,0.0739746625062873,1500,0.88,1250,0.8800555378382536,0.9951422307775196,0.23795986372321923,1.4999869737568101,8.857110709806543,0.5227266725908211,False,GRAIN_GROWTH_FAILURE
E0142,D0124,persistent_q0,0,600,644.3847975037725,0.0739746625062873,1500,0.88,1300,0.8800555378382536,0.9954630245173153,0.25711662919313094,1.4999909702246141,21.861237713454894,0.7175252714808661,False,GRAIN_GROWTH_FAILURE
E0142,D0124,persistent_q0,0,600,644.3847975037725,0.0739746625062873,1500,0.88,1350,0.8800555378382536,0.9954630245173153,0.2508069741913635,1.4999930739795653,51.03678077390177,0.8525480321981255,False,GRAIN_GROWTH_FAILURE
E0142,D0124,persistent_q0,0,600,644.3847975037725,0.0739746625062873,1500,0.88,1400,0.8800555378382536,0.9954630245173153,0.2502050422362697,1.4999931531941646,60.05956404462778,0.9269849577224466,False,GRAIN_GROWTH_FAILURE
E0142,D0124,persistent_q0,0,600,644.3847975037725,0.0739746625062873,1500,0.88,1450,0.8800555378382536,0.9954630245173153,0.2502050422362697,1.4999931531941646,60.05956404462778,0.9639987618144968,False,GRAIN_GROWTH_FAILURE
E0142,D0126,pore_pinned_q0,0,300,306.8352901555575,0.02278430051852494,1300,0.8,900,0.8000576079463338,0.8002476724275476,0.0006336004667853551,0.24999930741101384,0.0014114454073055462,0.11082859461541805,False,DENSIFICATION_EXHAUSTION_FAILURE
E0142,D0126,pore_pinned_q0,0,300,306.8352901555575,0.02278430051852494,1300,0.8,950,0.8000576079463338,0.8012890664490844,0.002724047734658324,0.2499993059612674,0.005396160289992577,0.11082859461541805,False,DENSIFICATION_EXHAUSTION_FAILURE
E0142,D0126,pore_pinned_q0,0,300,306.8352901555575,0.02278430051852494,1300,0.8,1000,0.8000576079463338,0.8068642239261596,0.010518118295858766,0.2499992933191737,0.018567744947939502,0.11082859461541805,False,DENSIFICATION_EXHAUSTION_FAILURE
E0142,D0126,pore_pinned_q0,0,300,306.8352901555575,0.02278430051852494,1300,0.8,1050,0.8000576079463338,0.831329304268146,0.03815253994253197,0.24999921190317595,0.05819331912380184,0.11082859461541805,False,DENSIFICATION_EXHAUSTION_FAILURE
E0142,D0126,pore_pinned_q0,0,300,306.8352901555575,0.02278430051852494,1300,0.8,1100,0.8000576079463338,0.9044156878539775,0.14930421578749864,0.2499987316827761,0.1678253139836311,0.11082859461541805,False,GRAIN_GROWTH_FAILURE
E0142,D0126,pore_pinned_q0,0,300,306.8352901555575,0.02278430051852494,1300,0.8,1150,0.8000576079463338,0.9869086272268521,0.8052259284982851,0.2499952736553865,0.44928326709810806,0.11082859461541805,False,GRAIN_GROWTH_FAILURE
E0142,D0126,pore_pinned_q0,0,300,306.8352901555575,0.02278430051852494,1300,0.8,1200,0.8000576079463338,0.9950421091036463,1.0866991142769378,0.24999472885877222,1.125,0.11082859461541805,False,GRAIN_GROWTH_FAILURE
E0142,D0126,pore_pinned_q0,0,300,306.8352901555575,0.02278430051852494,1300,0.8,1250,0.8000576079463338,0.995011379488145,0.8784343171845025,0.24999671025744138,2.652242500230924,0.11082859461541805,False,GRAIN_GROWTH_FAILURE
E0142,D0126,pore_pinned_q0,0,600,603.5547592194029,0.005924598699004614,1300,0.8,900,0.8000555378382718,0.800237555766401,0.0001637881243953491,0.24999930933991799,0.0014114454073055462,0.11082754193877539,False,DENSIFICATION_EXHAUSTION_FAILURE
E0142,D0126,pore_pinned_q0,0,600,603.5547592194029,0.005924598699004614,1300,0.8,950,0.8000555378382718,0.8012370856082198,0.000704652746202499,0.2499993069655491,0.005396160289992577,0.11082754193877539,False,DENSIFICATION_EXHAUSTION_FAILURE
E0142,D0126,pore_pinned_q0,0,600,603.5547592194029,0.005924598699004614,1300,0.8,1000,0.8000555378382718,0.8066014812803294,0.0027272483564299375,0.24999929363067705,0.018567744947939502,0.11082754193877539,False,DENSIFICATION_EXHAUSTION_FAILURE
E0142,D0126,pore_pinned_q0,0,600,603.5547592194029,0.005924598699004614,1300,0.8,1050,0.8000555378382718,0.8302580499471455,0.009968993654506245,0.2499992141556281,0.05819331912380184,0.11082754193877539,False,DENSIFICATION_EXHAUSTION_FAILURE
E0142,D0126,pore_pinned_q0,0,600,603.5547592194029,0.005924598699004614,1300,0.8,1100,0.8000555378382718,0.901905782384482,0.04014173158758184,0.24999875169388774,0.1678253139836311,0.11082754193877539,False,SUCCESS
E0142,D0126,pore_pinned_q0,0,600,603.5547592194029,0.005924598699004614,1300,0.8,1150,0.8000555378382718,0.9858262839839308,0.2513937199882255,0.24999541233549397,0.44928326709810806,0.11082754193877539,False,GRAIN_GROWTH_FAILURE
E0142,D0126,pore_pinned_q0,0,600,603.5547592194029,0.005924598699004614,1300,0.8,1200,0.8000555378382718,0.995021174677504,0.3762555095457437,0.24999462412123377,1.125,0.11082754193877539,False,GRAIN_GROWTH_FAILURE
E0142,D0126,pore_pinned_q0,0,600,603.5547592194029,0.005924598699004614,1300,0.8,1250,0.8000555378382718,0.9951125961770005,0.2982643105599991,0.2499966331619447,2.652242500230924,0.11082754193877539,False,GRAIN_GROWTH_FAILURE
E0142,D0126,pore_pinned_q0,0,300,310.57600303081193,0.03525334343603973,1500,0.88,900,0.8800576079463335,0.8801706151838984,0.0009756140281078097,0.24999882243895963,0.0014114454073055462,0.1748744279245624,False,DENSIFICATION_EXHAUSTION_FAILURE
E0142,D0126,pore_pinned_q0,0,300,310.57600303081193,0.03525334343603973,1500,0.88,950,0.8800576079463335,0.8807894406721488,0.004191444021574684,0.24999882077703758,0.005396160289992577,0.1748744279245624,False,DENSIFICATION_EXHAUSTION_FAILURE
E0142,D0126,pore_pinned_q0,0,300,310.57600303081193,0.03525334343603973,1500,0.88,1000,0.8800576079463335,0.8841002624876328,0.01613630377591554,0.2499988048226184,0.018567744947939502,0.1748744279245624,False,DENSIFICATION_EXHAUSTION_FAILURE
E0142,D0126,pore_pinned_q0,0,300,310.57600303081193,0.03525334343603973,1500,0.88,1050,0.8800576079463335,0.8986153861738457,0.05786421946091145,0.24999869114188758,0.05819331912380184,0.1748744279245624,False,DENSIFICATION_EXHAUSTION_FAILURE
E0142,D0126,pore_pinned_q0,0,300,310.57600303081193,0.03525334343603973,1500,0.88,1100,0.8800576079463335,0.9419373769634173,0.21600218445317967,0.24999801093504356,0.1678253139836311,0.1748744279245624,False,GRAIN_GROWTH_FAILURE
E0142,D0126,pore_pinned_q0,0,300,310.57600303081193,0.03525334343603973,1500,0.88,1150,0.8800576079463335,0.9912272336700252,0.9583853998467848,0.24999391842812804,0.44928326709810806,0.1748744279245624,False,GRAIN_GROWTH_FAILURE
E0142,D0126,pore_pinned_q0,0,300,310.57600303081193,0.03525334343603973,1500,0.88,1200,0.8800576079463335,0.9950675562410968,1.043077515470551,0.24999463746161113,1.125,0.1748744279245624,False,GRAIN_GROWTH_FAILURE
E0142,D0126,pore_pinned_q0,0,300,310.57600303081193,0.03525334343603973,1500,0.88,1250,0.8800576079463335,0.9951908839371331,0.8568421014730621,0.24999646585144567,2.652242500230924,0.1748744279245624,False,GRAIN_GROWTH_FAILURE
E0142,D0126,pore_pinned_q0,0,300,310.57600303081193,0.03525334343603973,1500,0.88,1300,0.8800576079463335,0.9951944176719177,0.713156701119359,0.24999745272667157,5.921037732431115,0.1748744279245624,False,GRAIN_GROWTH_FAILURE
E0142,D0126,pore_pinned_q0,0,300,310.57600303081193,0.03525334343603973,1500,0.88,1350,0.8800576079463335,0.9952017286928377,0.6338167118598509,0.24999782942752338,12.580395549858636,0.1748744279245624,False,GRAIN_GROWTH_FAILURE
E0142,D0126,pore_pinned_q0,0,300,310.57600303081193,0.03525334343603973,1500,0.88,1400,0.8800576079463335,0.9952378522296367,0.6338167118598509,0.2499978341172474,14.087934128002342,0.1748744279245624,False,GRAIN_GROWTH_FAILURE
E0142,D0126,pore_pinned_q0,0,300,310.57600303081193,0.03525334343603973,1500,0.88,1450,0.8800576079463335,0.9952378522296367,0.6338167118598509,0.2499978341172474,14.087934128002342,0.1748744279245624,False,GRAIN_GROWTH_FAILURE
E0142,D0126,pore_pinned_q0,0,600,605.4909537647245,0.009151589607874034,1500,0.88,900,0.8800555378382721,0.8801632312344174,0.0002567671581204629,0.2499988153848661,0.0014114454073055462,0.17487182137163187,False,DENSIFICATION_EXHAUSTION_FAILURE
E0142,D0126,pore_pinned_q0,0,600,605.4909537647245,0.009151589607874034,1500,0.88,950,0.8800555378382721,0.8807544503256495,0.0011043178413666628,0.2499988156448547,0.005396160289992577,0.17487182137163187,False,DENSIFICATION_EXHAUSTION_FAILURE
E0142,D0126,pore_pinned_q0,0,600,605.4909537647245,0.009151589607874034,1500,0.88,1000,0.8800555378382721,0.883926819097057,0.00426775372238861,0.24999880202656402,0.018567744947939502,0.17487182137163187,False,DENSIFICATION_EXHAUSTION_FAILURE
E0142,D0126,pore_pinned_q0,0,600,605.4909537647245,0.009151589607874034,1500,0.88,1050,0.8800555378382721,0.8979165032817756,0.015496686108531915,0.24999869287697277,0.05819331912380184,0.17487182137163187,False,DENSIFICATION_EXHAUSTION_FAILURE
E0142,D0126,pore_pinned_q0,0,600,605.4909537647245,0.009151589607874034,1500,0.88,1100,0.8800555378382721,0.9403347631642769,0.06038257113150365,0.24999803689316888,0.1678253139836311,0.17487182137163187,False,SUCCESS
E0142,D0126,pore_pinned_q0,0,600,605.4909537647245,0.009151589607874034,1500,0.88,1150,0.8800555378382721,0.99054524647918,0.314579101480906,0.24999405489178503,0.44928326709810806,0.17487182137163187,False,GRAIN_GROWTH_FAILURE
E0142,D0126,pore_pinned_q0,0,600,605.4909537647245,0.009151589607874034,1500,0.88,1200,0.8800555378382721,0.9950377229203393,0.36426453263119957,0.24999453957336507,1.125,0.17487182137163187,False,GRAIN_GROWTH_FAILURE
E0142,D0126,pore_pinned_q0,0,600,605.4909537647245,0.009151589607874034,1500,0.88,1250,0.8800555378382721,0.9951546868855304,0.28992139623492286,0.24999642858167753,2.652242500230924,0.17487182137163187,False,GRAIN_GROWTH_FAILURE
E0142,D0126,pore_pinned_q0,0,600,605.4909537647245,0.009151589607874034,1500,0.88,1300,0.8800555378382721,0.9954058563860465,0.2414449539578282,0.24999740240752963,5.921037732431115,0.17487182137163187,False,GRAIN_GROWTH_FAILURE
E0142,D0126,pore_pinned_q0,0,600,605.4909537647245,0.009151589607874034,1500,0.88,1350,0.8800555378382721,0.995467972502818,0.2115803723539129,0.24999780449430287,12.580395549858636,0.17487182137163187,False,GRAIN_GROWTH_FAILURE
E0142,D0126,pore_pinned_q0,0,600,605.4909537647245,0.009151589607874034,1500,0.88,1400,0.8800555378382721,0.995467972502818,0.2102102719412338,0.24999781786180628,14.481860204512385,0.17487182137163187,False,GRAIN_GROWTH_FAILURE
E0142,D0126,pore_pinned_q0,0,600,605.4909537647245,0.009151589607874034,1500,0.88,1450,0.8800555378382721,0.995467972502818,0.2102102719412338,0.24999781786180628,14.481860204512385,0.17487182137163187,False,GRAIN_GROWTH_FAILURE
