attained,min_reduction,median_reduction,max_reduction,span20,span30,A_TS,tier,rejection_reason,window_width_C,lower_bracketed,upper_bracketed,complete,candidate_id,exact_reconfirmed,rho_high_final,rho_two_final,fingerprint
True,0.8829405549453849,0.8938129038898149,0.9031276202931201,0.029999999999996696,0.029999999999996696,0.06723643297084728,Tier_B,,275,True,True,True,693168,True,0.9818487260362176,0.9803463726636372,b46304a8d7c7055a
True,0.2211232905631313,0.2618115581942112,0.308553683020954,0.029999999999996696,0.0023999999999997357,0.009162348173363113,Tier_B,,285,True,True,True,597443,True,0.9800000000000001,0.9808124855969718,5df82fe763944bfb
True,0.8677726718747043,0.8795900236908064,0.884601885346251,0.029999999999996696,0.029999999999996696,0.06323083840810419,Tier_B,,60,True,True,True,516308,True,0.9815295144460613,0.9801237740003342,47684a4d861d2cdb
True,0.48214413155586,0.5566241785017627,0.6320407269811221,0.029999999999996696,0.029999999999996696,0.0245500318552397,Tier_B,,240,True,True,True,484895,True,0.9800000000000001,0.9808954707197113,e641a148f4ab6565
True,0.7937800338602614,0.851789060624193,0.8961148891803626,0.029999999999996696,0.029999999999996696,0.058106055123400606,Tier_B,,215,True,True,True,697698,True,0.9800470070416736,0.98199936,c0af50eb0a3ac717
False,nan,nan,nan,0.0,0.0,0.0,reject,high_density_unattained,0.0,True,False,False,461075,True,0.9347333641130349,0.9389345914291363,b2b67ec4085092c0
False,nan,nan,nan,0.0,0.0,0.0,reject,high_density_unattained,0.0,True,True,False,277295,True,0.9800921721655617,0.9496252235365104,83598de8d3bed9f2
False,nan,nan,nan,0.0,0.0,0.0,reject,high_density_unattained,0.0,True,False,False,172651,True,0.9440711065313342,0.9355208115508158,e6078d3c1fd0b8bc
True,0.7476063574247043,0.769292442762687,0.7880316709330553,0.029999999999996696,0.029999999999996696,0.04403295922202042,Tier_B,,190,True,True,True,254592,True,0.98097279293753,0.980027434420458,d36c6ca5895d1177
True,0.23378618636625859,0.3766580756553555,0.46008154666025436,0.029999999999996696,0.0226999999999975,0.013646837239267344,Tier_B,,90,True,True,True,419833,True,0.9816407762752238,0.9800040669028743,9e96385cbe7c76e3
False,nan,nan,nan,0.0,0.0,0.0,reject,high_density_unattained,0.0,False,False,False,456031,True,0.7494734434206776,0.7494734434206776,c3a58d6b1613e158
True,0.7294505259735358,0.7446295337618114,0.7495147497470303,0.029999999999996696,0.029999999999996696,0.04073513049653609,Tier_C,,0.0,True,True,False,290218,True,0.9817158073599744,0.9801871082539073,bd950fcd0418b00b
True,0.3385963756439584,0.3723670551415792,0.4061361596560381,0.029999999999996696,0.029999999999996696,0.01403461787385464,Tier_C,,165,True,False,False,937371,True,0.9813606591806779,0.9801716283782574,aae3e56cbdff36bd
True,0.0318746311904089,0.16147113277443448,0.31792243016296884,0.010999999999998789,0.0014999999999998348,0.005586003066362948,Tier_C,,75,True,True,True,152299,True,0.98,0.9812611032604528,d72d242d870c90d4
False,0.03422337682381771,0.06838005625062982,0.11463615296882368,0.0,0.0,0.001906265689479443,Tier_C,,0.0,True,True,False,538988,True,0.9800255791239811,0.9759016031510623,01155c6a607ecab1
True,0.3354100432879279,0.3762157630404863,0.42257164572899086,0.029999999999996696,0.029999999999996696,0.014201627223374726,Tier_C,,190,True,False,False,521702,True,0.9807163326635657,0.980080469624459,87c38b19e0ef2e8b
True,-0.020900377406306125,-0.019196758263362756,-0.016535140567442985,0.0,0.0,0.0,reject,reduction_below_threshold,0.0,True,True,False,239439,True,0.9815301382665715,0.980037574342233,44ae9ea438017a72
True,-0.19398152815742686,0.07120063007925115,0.9162380432201049,0.0108999999999988,0.00879999999999903,0.014379146041818877,Tier_C,,0.0,True,True,False,611765,True,0.980087697444713,0.9800094868779309,a6040cc570b4d880
False,nan,nan,nan,0.0,0.0,0.0,reject,high_density_unattained,0.0,True,True,False,301427,True,0.9806654356248103,0.9234941691619594,2f783c2063fa1c48
False,nan,nan,nan,0.0,0.0,0.0,reject,high_density_unattained,0.0,False,False,False,618133,True,0.8138252767818962,0.8138252767818962,67c6bd3fd5985ea3
True,0.6016191318127765,0.6728772902689582,0.73161338260712,0.029999999999996696,0.029999999999996696,0.03352351677412443,Tier_C,,0.0,True,True,False,493639,True,0.9800301075762862,0.9800661874823935,9703c3876e05e18c
True,0.3416349464369839,0.372134528580105,0.3881168728627944,0.029999999999996696,0.029999999999996696,0.013869822331772629,Tier_B,,230,True,True,True,26268,True,0.980007922981268,0.9800462237807751,fc7e977649170020
True,0.0966342152779135,0.10025207236135492,0.10696181130296978,0.0,0.0,0.003190992060657194,Tier_C,,250,True,False,False,757591,True,0.9815490237268212,0.9815443831260231,d562280a8f3123f6
True,0.43864661100845936,0.5062065825764024,0.5527349736471647,0.029999999999996696,0.029999999999996696,0.020960799311912536,Tier_B,,225,True,True,True,585076,True,0.9813701542075611,0.9819498162062967,e6a9972552863f21
False,nan,nan,nan,0.0,0.0,0.0,reject,high_density_unattained,0.0,False,False,False,11223,True,0.7828637029673764,0.7828637029673764,8ddbfcf3db5ac51a
False,nan,nan,nan,0.0,0.0,0.0,reject,high_density_unattained,0.0,True,False,False,597244,True,0.9577717828370151,0.9471103771623135,cd8f0ca5f98a49be
True,0.669775879761067,0.7620766729441715,0.8176394156668233,0.029999999999996696,0.029999999999996696,0.04304552000199424,Tier_C,,0.0,True,True,False,3519,True,0.9811141452420639,0.9802285258802309,3da89f7098dff9fd
True,0.20204528825448587,0.2234799421797895,0.2378795679459953,0.029999999999996696,0.0,0.007531924878921452,Tier_C,,190,True,False,False,284153,True,0.9816675609199924,0.9800310817358489,f7c555c228e2fbfd
True,0.4139877003180801,0.414784248727454,0.4904151651185169,0.029999999999996696,0.029999999999996696,0.01760949738889448,Tier_B,,325,True,True,True,781478,True,0.9807671118728317,0.9800111265402243,0709cff3fdf12934
True,0.13931997347389868,0.16265227639606217,0.18570544897890684,0.0,0.0,0.005327187618813012,Tier_C,,240,True,True,True,152239,True,0.98,0.9806843417297454,0d8fb0e0086cec6d
True,0.3895207390054687,0.45377316413778235,0.4986250457334349,0.029999999999996696,0.029999999999996696,0.017914679316870203,Tier_B,,225,True,True,True,120857,True,0.9819999999999999,0.980135140349715,21890d184aa3e2bb
True,0.6068829176124798,0.6479268036437124,0.6804057897685866,0.029999999999996696,0.029999999999996696,0.03123306395798125,Tier_B,,200,True,True,True,962760,True,0.98,0.9800887535041443,b027027e81dd9633
False,nan,nan,nan,0.0,0.0,0.0,reject,high_density_unattained,0.0,False,False,False,910302,True,0.7995548144098417,0.7995548144098417,594c36e7e5b39781
False,0.5823549475930849,0.7016950851378916,0.8827918161959883,0.029899999999996707,0.029899999999996707,0.038615711540002484,Tier_B,,35,True,True,True,543100,True,0.9800001020492827,0.9799091811476828,16b96594f1d19a56
False,nan,nan,nan,0.0,0.0,0.0,reject,high_density_unattained,0.0,True,True,False,939409,True,0.980138345722252,0.9439926384430606,d075635fb0dcd8be
True,0.6552190072043835,0.7793123730098874,0.8407304067084491,0.029999999999996696,0.029999999999996696,0.044954324255625226,Tier_C,,15,True,True,False,821908,True,0.9800344800791111,0.9800427746268272,bf76e4935b817e8e
True,0.07334429172256929,0.09104900598753074,0.11233068545778035,0.0,0.0,0.00288470230429851,Tier_C,,290,True,False,False,230693,True,0.98,0.9810407635594947,890c94d16463f567
False,nan,nan,nan,0.0,0.0,0.0,reject,high_density_unattained,0.0,True,True,False,655644,True,0.9803193336568908,0.9316974886732516,b406fde135398319
True,0.2459178882951566,0.3004787688969993,0.3752020469588505,0.029999999999996696,0.015099999999998337,0.010901691291978209,Tier_B,,105,True,True,True,465410,True,0.98,0.9808829619413314,e5442d10d3e9d5b6
False,nan,nan,nan,0.0,0.0,0.0,reject,high_density_unattained,0.0,True,True,False,753325,True,0.9815710442228189,0.927817550204527,8ebb207125eda9cd
True,0.21282940026929342,0.270427662624959,0.34462236219678577,0.029999999999996696,0.008399999999999075,0.009609332707085305,Tier_B,,230,True,True,True,571123,True,0.9806851223336941,0.9804069276328881,f3ceb7b075b5c927
True,0.26675455922672,0.317901770078729,0.3735489851922934,0.029999999999996696,0.020099999999997786,0.011539105127994807,Tier_B,,90,True,True,True,381066,True,0.98,0.9800826472294515,517c73db74068b35
False,0.0024201650068406133,0.011234938518599247,0.019473946495801697,0.0,0.0,6.715286147497928e-05,Tier_C,,55,True,False,False,302749,True,0.9800097332678315,0.9560311926279289,a52c5dc676e75cae
False,-1.210444700430339,-1.0553078831076803,-0.48663753753933525,0.0,0.0,0.0,reject,reduction_below_threshold,0.0,True,True,False,12723,True,0.9800661147807478,0.9596570384531399,61ca4fc9e8de7dda
True,0.2664076495734323,0.31458628857675475,0.3664681127660465,0.029999999999996696,0.019199999999997885,0.011351716480146875,Tier_B,,210,True,True,True,66577,True,0.9802758016864545,0.9801150485391625,34cb7bc652a251b0
True,0.01718684034446616,0.31482134989624744,0.5043322780108741,0.019399999999997863,0.015399999999998304,0.010805737768578587,Tier_C,,0.0,True,True,False,754258,True,0.9805361462335612,0.9800289631475579,bd6f7f1898f0bc8d
True,-0.000423236972537433,0.016041962779228536,0.040638584725135374,0.0,0.0,0.0005229782303311435,Tier_C,,0.0,True,True,False,793603,True,0.9802164524065791,0.9804150727736068,ef5368b8358a3f28
True,0.5121900415459,0.5298429826776859,0.5364534560356489,0.029999999999996696,0.029999999999996696,0.02251969500970416,Tier_B,,150,True,True,True,318897,True,0.9818006866872424,0.9800502723319817,2580a3aa211da775
False,nan,nan,nan,0.0,0.0,0.0,reject,high_density_unattained,0.0,False,False,False,878543,True,0.809981810695497,0.809981810695497,106ec6eac604b850
False,nan,nan,nan,0.0,0.0,0.0,reject,high_density_unattained,0.0,False,False,False,155545,True,0.7694110217710388,0.7694110217710388,4ab30f960234ffef
True,0.38704536591592653,0.417083067596148,0.44394361836608454,0.029999999999996696,0.029999999999996696,0.01619532122831729,Tier_B,,240,True,True,True,835943,True,0.9813869364492129,0.980208960099961,450987e752765d38
True,0.27714774599961123,0.3190687505790738,0.34481626593936476,0.029999999999996696,0.022199999999997555,0.011447296451304052,Tier_B,,125,True,True,True,822940,True,0.9810335276385648,0.980009438402435,a622dbdfb5ded0ce
True,0.3246705342432912,0.35715425903046927,0.36818531557301537,0.029999999999996696,0.029999999999996696,0.013080267175695189,Tier_C,,0.0,True,True,False,941521,True,0.9802726348365657,0.9800220375275955,970c02670c5fbfd2
True,0.5880750634219666,0.630293977420014,0.6651186042399964,0.029999999999996696,0.029999999999996696,0.029835932943164327,Tier_B,,280,True,True,True,595130,True,0.9818722984714454,0.9801599530411873,d6436d698f6f57e6
False,0.19011310671943515,0.19656550184194066,0.19944482464330182,0.0,0.0,0.005801342098999816,Tier_C,,0.0,True,True,False,482551,True,0.9804711341484121,0.9766432415284751,eeee7a5e0c6dfefa
False,0.590649174000841,0.5953618517764524,0.6001991876596766,0.005999999999999339,0.005999999999999339,0.005429019792760339,Tier_C,,0.0,True,False,False,113378,True,0.9614840262669869,0.9560033984852168,625950d7d73ec4cf
True,0.10698759522419443,0.15588078408772266,0.21433788374571527,0.0040999999999995485,0.0,0.005187821475712309,Tier_C,,380,True,False,False,534293,True,0.98,0.9800204339702862,7bc3c5c4dcc94352
False,nan,nan,nan,0.0,0.0,0.0,reject,high_density_unattained,0.0,True,False,False,989117,True,0.9402969722507901,0.926448264557184,48366069a79f6a2c
True,-0.3611319820618495,-0.10038674126425073,0.08115688222762885,0.0,0.0,0.0003312493274737126,Tier_C,,50,True,True,True,400150,True,0.9807255966239006,0.9800009495390083,ae1d9aa0d339dbfd
True,0.4365657180567716,0.4715790038402726,0.4996051709054189,0.029999999999996696,0.029999999999996696,0.019134913057255475,Tier_B,,215,True,True,True,430568,True,0.981698493461056,0.9800326933094357,64d91246c51e7da4
True,0.36467387921292027,0.3684833373703874,0.3732622863263869,0.029999999999996696,0.029999999999996696,0.013811138144143968,Tier_B,,240,True,True,True,410016,True,0.9808563203177034,0.9803702256187922,99ee0b662d24baf2
True,0.02950904361389506,0.03902957744178337,0.05340441717420685,0.0,0.0,0.0012191216941249993,Tier_C,,155,True,False,False,435740,True,0.98,0.9800539660971476,b9cab5491b69ffdf
False,nan,nan,nan,0.0,0.0,0.0,reject,high_density_unattained,0.0,True,True,False,240012,True,0.9812043724422247,0.9118425994666955,8c63f4804234bf58
True,0.4604491724141804,0.5346093204332877,0.5983633671150714,0.029999999999996696,0.029999999999996696,0.02294283688937518,Tier_C,,0.0,True,True,False,833299,True,0.9800367775555678,0.980035487587839,3c5efb2286289ac7
True,0.22188341594048078,0.25516544698955823,0.28093463514899075,0.029999999999996696,0.0,0.008794113052597736,Tier_C,,430,True,False,False,849401,True,0.9803008280969496,0.9803426493945403,5b0d5c68cb91efde
True,0.26406359451393224,0.30618216038877943,0.3500926715642737,0.029999999999996696,0.017099999999998117,0.010993807420552667,Tier_B,,200,True,True,True,765596,True,0.9819999999999999,0.9802709139124895,348baefacd105019
True,0.03513377490622227,0.06058689963502739,0.10604667549790281,0.0,0.0,0.0019849919600871163,Tier_C,,155,True,True,True,657912,True,0.98,0.9806933891050293,9fe826d9dfce2838
True,0.07736640052548349,0.10198139317642085,0.12212848138446031,0.0,0.0,0.0031870168899233633,Tier_C,,280,True,False,False,947758,True,0.9819999999999999,0.9808185752306515,fb4006be02e5e30d
False,0.21591218548794244,0.2953902244756419,0.3867032787857295,0.021899999999997588,0.010299999999998866,0.007783433418996821,Tier_C,,0.0,True,True,False,363769,True,0.9817548323450903,0.9718946388160902,8ab2cff4b9a444bd
False,nan,nan,nan,0.0,0.0,0.0,reject,high_density_unattained,0.0,False,False,False,732825,True,0.7952626530458042,0.7952626530458042,18c41752c0e9dbd8
True,0.3456307946911583,0.3786001770937897,0.39913019144855233,0.029999999999996696,0.029999999999996696,0.01420206733996451,Tier_B,,100,True,True,True,815685,True,0.9800000000001807,0.9800278932798496,4df9f2d99fa631f1
False,0.527597142424929,0.5602453257976965,0.5832687449491336,0.023499999999997412,0.023499999999997412,0.019199771420578493,Tier_B,,50,True,True,True,875258,True,0.9804850276111856,0.973453352562911,c42040197b71f387
True,0.3470339892775547,0.40581396671065784,0.4737469866174865,0.029999999999996696,0.029999999999996696,0.015746178855545176,Tier_B,,25,True,True,True,290262,True,0.9800027354836288,0.9800037793484887,82c7a0eb9a0658b3
True,0.8027493609095449,0.8084687578008386,0.8269343700883443,0.029999999999996696,0.029999999999996696,0.049832149106411205,Tier_B,,40,True,True,True,632916,True,0.9811825431715316,0.9805408144101633,4ce9ba34374e7bdf
False,nan,nan,nan,0.0,0.0,0.0,Tier_C,high_density_unattained,75,True,True,True,107840,True,0.9800066494795702,0.9415248058622154,2f8fd5647e25b78f
True,0.1206170068067558,0.17435888080713258,0.18624214724696742,0.0,0.0,0.005157023642873762,Tier_C,,255,True,False,False,963836,True,0.9804259481791354,0.9801173593580436,ff8d7a9fdb93973b
False,nan,nan,nan,0.0,0.0,0.0,reject,high_density_unattained,0.0,True,True,False,437660,True,0.9600065078925978,0.9485886626633065,d02b776ac6a5671b
False,nan,nan,nan,0.0,0.0,0.0,reject,high_density_unattained,0.0,False,False,False,652105,True,0.8610296215942397,0.8610296215942397,5fe72cf8612eb734
True,0.27508480269900293,0.30630359546373065,0.32990958614498433,0.029999999999996696,0.01789999999999803,0.010948650547131166,Tier_B,,115,True,True,True,7373,True,0.9800047914446429,0.9800130488810712,2ab10cbaa0eeebe2
False,0.1905555706453972,0.6909202814776357,0.8287586454738187,0.01879999999999793,0.01389999999999847,0.020926267234983593,Tier_C,,0.0,True,False,False,97225,True,0.9711673969128158,0.9723813340138868,30642268413b6325
True,0.12644719037229513,0.20065246573336992,0.3155281060171279,0.015099999999998337,0.0013999999999998458,0.0070140780370421514,Tier_C,,30,True,True,True,812464,True,0.98,0.9800112993601013,e3cbffae612eef8f
True,0.12358778447188146,0.20196884652911518,0.3171975926788011,0.015299999999998315,0.0017999999999998018,0.007072120504725861,Tier_C,,255,True,False,False,366910,True,0.9819999999999999,0.9801162321813534,9639243204732aea
False,nan,nan,nan,0.0,0.0,0.0,reject,high_density_unattained,0.0,False,False,False,971648,True,0.7484035478857722,0.7484035478857722,f402c5f55ffa1daf
True,0.4368617872029422,0.5040854383450413,0.549457644667689,0.029999999999996696,0.029999999999996696,0.020866171033940402,Tier_B,,150,True,True,True,269855,True,0.9801804197238719,0.9803213622306072,bfa8d9c399f9dee8
True,0.236556734167231,0.3106058851941953,0.3861521750576926,0.029999999999996696,0.017099999999998117,0.01122517323872433,Tier_B,,115,True,True,True,209014,True,0.9802082787504428,0.9800875258050035,71bf048ff5d8d29a
True,0.4471283055563806,0.48432536190397224,0.5185694589315039,0.029999999999996696,0.029999999999996696,0.019822743078406965,Tier_B,,350,True,True,True,881907,True,0.9819533503537055,0.9813844545318438,027976a2f4d4e5f5
True,0.31843125456590604,0.36612791160143965,0.3946483870085884,0.029999999999996696,0.029999999999996696,0.013541808824766386,Tier_C,,280,True,False,False,326500,True,0.9800933609483365,0.9801773933137019,743c288f8e7b265e
True,0.47684366915010346,0.5322097306596838,0.5824353479605919,0.029999999999996696,0.029999999999996696,0.022796387249242885,Tier_B,,150,True,True,True,714329,True,0.9819999999999999,0.9802381094851995,4cd990607cc69db8
True,0.5331980708352488,0.6034124166277812,0.6700445986669803,0.029999999999996696,0.029999999999996696,0.027841984823170386,Tier_B,,65,True,True,True,412093,True,0.9800801721276396,0.9800227272288752,b753f97ac6a69b79
True,0.5425292499682749,0.6334899625264572,0.7053327560614381,0.029999999999996696,0.029999999999996696,0.030096770483652002,Tier_B,,150,True,True,True,111841,True,0.9801517125795634,0.9801747301187275,597d4b4247517024
True,0.14247447807419422,0.18470306907736467,0.2259990497497052,0.010199999999998877,0.0,0.006165953101364264,Tier_C,,240,True,False,False,159264,True,0.98,0.9812795430173652,5d281f2e315c23fd
True,0.07867046087915464,0.11502919047190474,0.147541925210379,0.0,0.0,0.0035830136698891367,Tier_C,,165,True,True,True,911396,True,0.9819999999999999,0.980090360162718,8ecf8f70a4ec643f
True,0.03417633059924241,0.05677984306612838,0.09357566369363568,0.0,0.0,0.0018326447640741102,Tier_C,,190,True,False,False,705386,True,0.98,0.9801753401314961,58b07da106091ade
True,0.508628221797989,0.5511374563040818,0.5846514526704117,0.029999999999996696,0.029999999999996696,0.023939656458393466,Tier_B,,110,True,True,True,871706,True,0.9811573291736887,0.9800882020706992,39a0619a84417330
True,0.5307722310031713,0.6046034052307472,0.6439144997467645,0.029999999999996696,0.029999999999996696,0.027437657895063146,Tier_B,,155,True,True,True,967900,True,0.9803813038196943,0.9800769729784263,f11b6e395d443780
False,nan,nan,nan,0.0,0.0,0.0,reject,high_density_unattained,0.0,False,False,False,609568,True,0.758860329010544,0.758860329010544,3b1f32af75b8cbdf
True,0.18902651636163725,0.19325262612177674,0.19467404678932232,0.0,0.0,0.006431431273434235,Tier_C,,180,True,False,False,548769,True,0.9811969935085723,0.9800042047108867,301bd697a1d176f2
True,0.3197049848123569,0.36891940109048504,0.4025237074834943,0.029999999999996696,0.029999999999996696,0.01373188687958163,Tier_B,,130,True,True,True,901508,True,0.9801695815620683,0.980154153179379,a151b430d50227b1
False,nan,nan,nan,0.0,0.0,0.0,reject,high_density_unattained,0.0,False,False,False,614979,True,0.7931084481734704,0.7931084481734704,ed0abcf4910a7cd7
True,0.356193357339052,0.4307437355010826,0.5126028049196125,0.029999999999996696,0.029999999999996696,0.01712218754046739,Tier_B,,50,True,True,True,750703,True,0.9805237778890667,0.9801191463612755,6d4e9e2fcbfa37dc
True,0.19169723948694617,0.19169749821004578,0.19169751198797025,0.0,0.0,0.006384566080446425,Tier_C,,280,True,False,False,985544,True,0.9804918235993624,0.9802448077843848,5b824e724aa04a47
False,0.5331302546246774,0.5433714667739444,0.5540872873569018,0.01279999999999859,0.01279999999999859,0.0100423097121509,Tier_C,,0.0,True,True,False,191715,True,0.9816584275918766,0.9628459506915988,88b42104b7c6d812
True,0.10814952809539247,0.13662532304886454,0.14953544964856502,0.0,0.0,0.004323245518990475,Tier_C,,155,True,True,True,394394,True,0.98,0.9806294958278119,c665f0217cbe113b
True,0.30813382827496827,0.3653335542820765,0.41633929023042204,0.029999999999996696,0.029999999999996696,0.013652278769385734,Tier_B,,275,True,True,True,347637,True,0.981470704072268,0.9801451562389343,6c01cd38e291827b
True,0.531740343260475,0.592544768264449,0.6545678099675585,0.029999999999996696,0.029999999999996696,0.027058743612518983,Tier_B,,240,True,True,True,463189,True,0.98,0.9815155260598342,8ed1a36b061dd637
True,0.39188409717621775,0.44947002149482784,0.497245028022524,0.029999999999996696,0.029999999999996696,0.017898704145027946,Tier_B,,75,True,True,True,653856,True,0.9800000001335568,0.9800686558034095,32727b14626f6449
False,nan,nan,nan,0.0,0.0,0.0,reject,high_density_unattained,0.0,True,True,False,762439,True,0.9806660823474874,0.8976620910003914,8240fcc6c8b9db95
True,0.19355428731491475,0.27557102705738357,0.4336436292705613,0.02849999999999686,0.011699999999998711,0.010290364585722751,Tier_B,,130,True,True,True,811732,True,0.9800338204997049,0.980041675402152,51d7d94e87407e3f
True,-2.5647126644656737e-08,2.407620480759931e-08,2.947481869686186e-08,0.0,0.0,5.742341137646583e-10,Tier_C,,180,True,False,False,599848,True,0.9800284926227265,0.9800362875575684,8d3fa81dda86c73b
False,nan,nan,nan,0.0,0.0,0.0,reject,high_density_unattained,0.0,True,False,False,851739,True,0.9801434667870599,0.8852057166332779,b34acf3cf50cb957
True,0.3671285760234547,0.475596029632685,0.6044517479132471,0.029999999999996696,0.029999999999996696,0.0198185045590935,Tier_B,,135,True,True,True,954086,True,0.9819999999999999,0.980338269622345,0c98ba02673db69c
False,nan,nan,nan,0.0,0.0,0.0,reject,high_density_unattained,0.0,True,False,False,603120,True,0.9801627881510802,0.9245358121240858,300bab5190b0545a
True,0.342919398950728,0.3763258361606231,0.4080372210147335,0.029999999999996696,0.029999999999996696,0.014174358949558676,Tier_B,,440,True,True,True,186484,True,0.9815049867718423,0.9802532595218253,e53a735e9cd706ff
True,2.850573141410795e-05,4.186349622703478e-05,5.741393096869718e-05,0.0,0.0,1.2839350202667869e-06,Tier_C,,200,True,False,False,894268,True,0.98,0.9806924348741043,095eaffe2371fb13
False,0.19243164336565288,0.2001328674786509,0.20884468362469777,0.0031999999999996476,0.0,0.0018766460814860267,Tier_C,,115,True,False,False,594611,True,0.9819262406756449,0.9584114799259759,c6646b66041623f1
True,0.2130932875921424,0.2833268683560861,0.40094622061020047,0.029999999999996696,0.011999999999998678,0.010357805631636696,Tier_B,,205,True,True,True,63472,True,0.98,0.9803275680209036,be428e3e2fcd6745
True,0.1879464154885414,0.23476227385415593,0.29296523677824793,0.025899999999997148,0.0,0.008121558232167866,Tier_C,,240,True,False,False,756848,True,0.98,0.9802869054714678,c6022b7216afff72
False,nan,nan,nan,0.0,0.0,0.0,reject,high_density_unattained,0.0,True,False,False,119824,True,0.9377877844960023,0.9010066701593384,2dce1b9697862344
True,0.45825463669890687,0.463120329467672,0.47717458276726044,0.029999999999996696,0.029999999999996696,0.018748812931533458,Tier_B,,225,True,True,True,353710,True,0.9804081475308375,0.9800985490210392,b9acec7a1637376c
False,0.12525747625870942,0.1445010134959991,0.1656689715698546,0.0,0.0,0.0031309495454860748,Tier_C,,0.0,True,True,False,679818,True,0.98,0.9699889485244819,924e79f2191ce948
True,0.46368712541625845,0.46783243583810286,0.5021909023212185,0.029999999999996696,0.029999999999996696,0.019219424992153837,Tier_C,,0.0,True,True,False,21600,True,0.9800666031424814,0.9800012301273966,4f09c8d4948afe98
True,0.06764367330984189,0.0921663131449838,0.12679226700682256,0.0,0.0,0.0029596263793178973,Tier_C,,180,True,True,True,512254,True,0.98,0.9803365299701849,05e28296716a0ad2
True,0.054287884903786776,0.07147298781922518,0.09499029224405642,0.0,0.0,0.002259801690244247,Tier_C,,300,True,False,False,272042,True,0.98,0.9801590763488846,f7910ab50af28f34
False,nan,nan,nan,0.0,0.0,0.0,reject,high_density_unattained,125,True,False,False,258872,True,0.9194506932464909,0.9800021498375977,c0a3a9cd6025e227
True,0.26051714389549696,0.2957817893864687,0.3304786442365655,0.029999999999996696,0.014599999999998392,0.010570782776052404,Tier_B,,385,True,True,True,660883,True,0.9809317849006972,0.980004034228311,0abbc3bc552f259b
True,0.07190870954089656,0.1010533380718881,0.19941943226552006,0.0,0.0,0.003795081050375648,Tier_C,,165,True,False,False,112437,True,0.9816172469302409,0.9800131607546415,900a35497a70954a
True,0.5374631187828149,0.5783182324183873,0.6012059780178998,0.029999999999996696,0.029999999999996696,0.02567860663022126,Tier_B,,100,True,True,True,662126,True,0.9801047454576123,0.9801710328493938,071bb7a77aaa0fc6
True,0.3728923945880013,0.4220580246954325,0.46189704595269376,0.029999999999996696,0.029999999999996696,0.016357176806717035,Tier_B,,215,True,True,True,873929,True,0.9819870890167147,0.9800008723523645,3cad2b9b5c1d6c8f
False,nan,nan,nan,0.0,0.0,0.0,reject,high_density_unattained,0.0,True,True,False,576586,True,0.9810544176124627,0.9228559674312783,961fb25852628ced
True,0.29154520426736386,0.35571147496588673,0.4043848697758856,0.029999999999996696,0.027099999999997015,0.012846263394233549,Tier_B,,290,True,True,True,219277,True,0.9808678475361816,0.9801066124447961,a92a388ebddb80e3
True,0.1948628852006139,0.2610564695893729,0.341930113277091,0.02869999999999684,0.007299999999999196,0.009221797663597518,Tier_C,,350,True,False,False,655078,True,0.98,0.9805595302320267,8a92f44a2f802539
False,nan,nan,nan,0.0,0.0,0.0,reject,high_density_unattained,0.0,True,False,False,102491,True,0.9801333064314671,0.9175659172520567,ade31410d3c30006
True,0.2940586625586723,0.32983467190195703,0.3830741007489795,0.029999999999996696,0.026899999999997037,0.012328421884007658,Tier_B,,195,True,True,True,825124,True,0.9810941920081689,0.9804936424723022,bbe627165ef84e75
True,0.45711790078592607,0.5761530936076296,0.6645011434782082,0.029999999999996696,0.029999999999996696,0.025270188965270328,Tier_B,,205,True,True,True,534277,True,0.9800000262190887,0.9819995405916858,5befd57a3740c2a3
True,0.538760129763661,0.5970018685189906,0.6490409640838288,0.029999999999996696,0.029999999999996696,0.02729855791401492,Tier_C,,20,True,True,False,865411,True,0.9800486487183835,0.9800057400985392,d164444a9cabcc31
False,nan,nan,nan,0.0,0.0,0.0,reject,high_density_unattained,0.0,True,True,False,857795,True,0.980376154375964,0.9145628246740114,d0e050455438748d
True,0.2409794170817544,0.6570440395921804,0.7382874426642179,0.029999999999996696,0.026299999999997103,0.027846474569472816,Tier_B,,155,True,True,True,738954,True,0.9802060522927432,0.980080426849439,d58060851d486a84
True,0.6674878659031493,0.8778829221927967,0.9100263468542157,0.029999999999996696,0.029999999999996696,0.05960975075530014,Tier_C,,0.0,True,True,False,816874,True,0.98026378591172,0.980099641861457,7b5226eaeac3fffb
True,0.0240732117727801,0.03394666040582761,0.050414402069488884,0.0,0.0,0.0010700229659301383,Tier_C,,250,True,False,False,683974,True,0.9817968035069172,0.9802306500419884,cf769413f2916bda
False,-0.1027155273543352,0.9101479939304788,0.951610601945503,0.019299999999997874,0.019099999999997896,0.043556373939418996,Tier_C,,0.0,True,True,False,551221,True,0.9800832034581187,0.9705299220443224,d81355e0f0ee51de
False,0.20296973952712538,0.24115640471938438,0.282276733897146,0.01789999999999803,0.0,0.004959191928403439,Tier_C,,15,True,True,False,2637,True,0.9819999999999999,0.9678543424541217,ea3ce7577779fa19
False,nan,nan,nan,0.0,0.0,0.0,reject,high_density_unattained,115,True,False,False,271981,True,0.8863957839837091,0.9800582849156647,5355f559779a2ab5
False,nan,nan,nan,0.0,0.0,0.0,reject,high_density_unattained,0.0,True,False,False,567653,True,0.9445608971964985,0.9181285515847012,a9544b3bbe6ba08a
False,nan,nan,nan,0.0,0.0,0.0,reject,high_density_unattained,0.0,True,False,False,647502,True,0.9489754259602716,0.9540108553751584,fff5e8b3e7f53a0b
True,0.7439065409139587,0.7904243941024043,0.8160750498128562,0.029999999999996696,0.029999999999996696,0.046533335786395874,Tier_C,,15,True,True,False,215564,True,0.9815554030181446,0.9800274545957129,4305360aab7a6e15
True,0.3257931260390088,0.361343508457442,0.3726306863716401,0.029999999999996696,0.029999999999996696,0.013258295857482349,Tier_B,,275,True,True,True,996354,True,0.9800396093560113,0.980080588144136,f46f2d8d3a10c701
False,0.5076436569116138,0.5076615752721602,0.5076655151605548,0.008099999999999108,0.008099999999999108,0.005739538277427444,Tier_C,,25,True,True,True,16399,True,0.980122152579553,0.9580830517128744,1f702b6fce1b1acc
True,0.6552806745632335,0.7260809221460536,0.7768392409609293,0.029999999999996696,0.029999999999996696,0.03879219947837812,Tier_B,,185,True,True,True,118722,True,0.9819379939545969,0.9804105093145477,63f5af9f3a0f64a8
True,0.1639806511900167,0.19424739916652234,0.21971563815633122,0.011299999999998755,0.0,0.006446125735738677,Tier_C,,255,True,False,False,755528,True,0.981512897241762,0.980024072705509,f5ecca8e8a378e1e
True,1.5543122344752192e-15,1.5543122344752192e-15,1.5543122344752192e-15,0.0,0.0,4.662936703425139e-17,Tier_C,,250,True,False,False,606450,True,0.9814881736188389,0.980130850700427,ba4609ecd312a15b
True,0.13643849184425239,0.15813289003302877,0.20161641460217783,0.0004999999999999449,0.0,0.005370518591325748,Tier_C,,0.0,True,True,False,522038,True,0.9811536429526286,0.9800193779457989,83055a7b483647cb
True,0.09364155228271054,0.17740499744419747,0.42511341507831124,0.012499999999998623,0.005499999999999394,0.00706459431808453,Tier_C,,165,True,True,True,936995,True,0.9800699183539657,0.9800034628365872,83a54bf9b446a0d2
True,0.04029593935171394,0.05625581608847374,0.07166347579558552,0.0,0.0,0.0017514812067473476,Tier_C,,255,True,False,False,731666,True,0.9819999999999998,0.9805859393495376,ed6ad9d4391e3657
True,0.14827329739611994,0.20312678256259098,0.2834951247198668,0.01569999999999827,0.0,0.007001455338732399,Tier_C,,260,True,True,True,335516,True,0.98,0.9803774162745464,093ab8f673450b4d
True,0.06147453974207173,0.08001827438338793,0.105818634427163,0.0,0.0,0.002541235795600341,Tier_C,,225,True,True,True,695361,True,0.9806492192128174,0.9805666477283419,38ade25a3f720f15
True,0.029859707193945595,0.030508291287125733,0.031022462725142752,0.0,0.0,0.0009292105943139407,Tier_C,,165,True,False,False,604690,True,0.9804872742059844,0.9800025062419421,6f7976c76ce6a88a
True,0.2097687092898649,0.21136319736683085,0.22377029837680518,0.029999999999996696,0.0,0.007154128087264204,Tier_C,,230,True,False,False,148665,True,0.9801886314136513,0.9800135528836386,92173169c301e40b
False,nan,nan,nan,0.0,0.0,0.0,reject,high_density_unattained,0.0,True,False,False,273559,True,0.9800053933206943,0.9380781232854175,ad4ebb2057e4e9c9
False,0.0008463139322183455,0.0008463145076229583,0.0008463150688053922,0.0,0.0,2.082815111869858e-05,Tier_C,,130,True,False,False,98,True,0.9819073790735651,0.9745988746214522,c619a7d6abc7877c
False,0.3611626238377269,0.3611626261175582,0.36116262817224565,0.021999999999997577,0.021999999999997577,0.009858317873877542,Tier_C,,140,True,False,False,577047,True,0.9800674960294756,0.9720261685869552,66301481c49792b4
False,nan,nan,nan,0.0,0.0,0.0,reject,high_density_unattained,0.0,False,False,False,642266,True,0.8342554335281998,0.8342554335281998,cbab1f2059036607
False,nan,nan,nan,0.0,0.0,0.0,reject,high_density_unattained,105,True,False,False,322229,True,0.9811087631826432,0.9304452522501496,264cc4b4e7627d15
True,0.1776293297156657,0.23666163204866875,0.3086546996641324,0.024099999999997346,0.0014999999999998348,0.008220934150157542,Tier_C,,355,True,False,False,528744,True,0.9819999999999999,0.9800167382439235,575c85960d24a248
False,nan,nan,nan,0.0,0.0,0.0,reject,high_density_unattained,0.0,True,False,False,640641,True,0.8856510677974434,0.8820952427252641,e5cdaebc2a5701e0
True,0.36436085970971654,0.42862589826479724,0.4953287721794011,0.029999999999996696,0.029999999999996696,0.01687508201502786,Tier_B,,185,True,True,True,206753,True,0.9802047737422784,0.980061745232049,d09d902e212754a8
False,0.18378076699550594,0.2063006105999306,0.22518560533475263,0.0022999999999997467,0.0,0.0009425291668076649,Tier_C,,0.0,True,True,False,427358,True,0.980028365410222,0.9540651282160759,56d981dee6e2390d
True,-0.09933249924839038,-0.04420344863133652,-0.021814631618396918,0.0,0.0,0.0,Tier_C,reduction_below_threshold,115,True,True,True,642419,True,0.9806721988155223,0.9801047752242943,7b5a94daaad8516f
False,nan,nan,nan,0.0,0.0,0.0,reject,high_density_unattained,0.0,True,False,False,520384,True,0.9720660570013094,0.9250806263508295,36ab1a4cefb05c0e
False,-0.011055472805206357,0.009386081517848477,0.028816081583964093,0.0,0.0,0.0002157679803574801,Tier_C,,65,True,True,True,520161,True,0.9819502481977114,0.9712950637388426,f73427ec453ca169
True,0.4833900894314206,0.5177654088140538,0.5409665914325924,0.029999999999996696,0.029999999999996696,0.021804065203452475,Tier_B,,250,True,True,True,417343,True,0.9802176959695721,0.980037096734269,0b88f056e01bb226
True,0.12681625596478419,0.14910856004560535,0.16733251275863747,0.0,0.0,0.004802746349466418,Tier_C,,230,True,False,False,700710,True,0.9807228047193006,0.9800423971855748,918a4e93d716f37c
True,0.011911182037531387,0.08715338303608533,0.146740085359355,0.0,0.0,0.0025009175247056865,Tier_C,,180,True,False,False,290748,True,0.9800247988286964,0.9800047704410644,7d484b59af629169
True,0.1677892323193424,0.19414963861236967,0.21492467822998496,0.01189999999999869,0.0,0.006460042255739848,Tier_C,,440,True,False,False,942682,True,0.9800000000000018,0.9803046723806739,60566c976f01ab20
True,0.1984153086241378,0.22643031050782159,0.2545824113530418,0.02849999999999686,0.0,0.007724604482943964,Tier_C,,325,True,False,False,232063,True,0.9814655993447307,0.9802007465202871,2c6f2482849ccba8
False,nan,nan,nan,0.0,0.0,0.0,reject,high_density_unattained,0.0,False,False,False,392428,True,0.8365297094828408,0.8365297094828408,33c0cc53fb20d5ea
False,nan,nan,nan,0.0,0.0,0.0,reject,high_density_unattained,0.0,False,False,False,538594,True,0.8955433022964131,0.8799457726618705,6c616cd5c01bb0a8
True,0.20124264167394657,0.24641285271930402,0.2940498079113695,0.029999999999996696,0.0,0.008560091965614133,Tier_C,,465,True,False,False,632083,True,0.9800699118823298,0.9814966405808601,250487c1077deca7
True,0.6458736516568206,0.7022032103553864,0.7541890006747656,0.029999999999996696,0.029999999999996696,0.03645935610945749,Tier_B,,90,True,True,True,81536,True,0.9803541199656274,0.9800722715437087,173d1c0987eeb3a5
True,0.13290984143333207,0.14380985664587687,0.1548693257290944,0.0,0.0,0.004658559109851433,Tier_C,,315,True,False,False,338224,True,0.9811797396696592,0.9803186407345497,e0338889564e7830
True,0.3374654270730284,0.4055424288596198,0.4952373045849239,0.029999999999996696,0.029999999999996696,0.01586051968322298,Tier_B,,120,True,True,True,973232,True,0.9800171616022744,0.9800471510860328,12cc45d2bf252e14
True,0.10287690852797449,0.1889694697037113,0.3157770288335875,0.013699999999998491,0.0014999999999998348,0.0065331378333921995,Tier_C,,250,True,False,False,694697,True,0.9811658876908906,0.9802269176143047,9020185d6464a5f4
False,nan,nan,nan,0.0,0.0,0.0,reject,high_density_unattained,0.0,True,False,False,719808,True,0.9410268921258506,0.9137478854946104,20f5b1bc1bd655cd
False,0.11860830961262925,0.11907873139832781,0.11964027547685707,0.0,0.0,0.0030686722210480615,Tier_C,,130,True,False,False,239204,True,0.9801579104691159,0.9741663075440072,8896dc96c9843b84
True,0.36113988451350687,0.40237075188004257,0.4107178345853283,0.029999999999996696,0.029999999999996696,0.015145799229949216,Tier_B,,135,True,True,True,423771,True,0.9819999999999999,0.9800133402761364,e9b2d58570f05ce1
True,0.03941113593553869,0.051852616362215165,0.068778909995868,0.0,0.0,0.00162123251521721,Tier_C,,330,True,False,False,874166,True,0.98,0.9814941409868314,34ce35cb6881688b
False,nan,nan,nan,0.0,0.0,0.0,reject,high_density_unattained,0.0,True,False,False,859651,True,0.8868925029209357,0.8995810382212457,c8c5ee242c7f6af2
False,nan,nan,nan,0.0,0.0,0.0,reject,high_density_unattained,0.0,True,True,False,376566,True,0.980187503026329,0.9212379977726738,efef544976b7ab94
True,0.17430462421178916,0.24366503901412861,0.3261721878576246,0.024099999999997346,0.004499999999999504,0.008525544266499723,Tier_C,,190,True,False,False,808268,True,0.9809873781090045,0.9800744090790485,4c47ad5a279e39d2
False,nan,nan,nan,0.0,0.0,0.0,reject,high_density_unattained,0.0,True,True,False,139762,True,0.980822100284015,0.9431312020790776,16b79b4c7a0c6fd5
True,0.0,0.0,0.0,0.0,0.0,0.0,reject,reduction_below_threshold,275,True,False,False,275900,True,0.9801655003099179,0.9800218469335293,4a1f80983a797467
True,0.6537975688080089,0.7161732819541636,0.746314148481277,0.029999999999996696,0.029999999999996696,0.03691446936859638,Tier_B,,190,True,True,True,531249,True,0.9810972823204229,0.9804106967177231,3cc850dbb5f5877e
False,nan,nan,nan,0.0,0.0,0.0,reject,high_density_unattained,0.0,True,True,False,936273,True,0.9803281406730476,0.9184728560875081,9701aae1a311340c
True,0.20194531511784508,0.2847490466420809,0.3777950215761895,0.029999999999996696,0.012399999999998634,0.010197344230553552,Tier_B,,250,True,True,True,5652,True,0.9812638257367188,0.9802303611353916,425eed1296dbbb1e
False,nan,nan,nan,0.0,0.0,0.0,reject,high_density_unattained,0.0,True,True,False,698768,True,0.9803209538382603,0.9150670176570102,c81e3e53fcb4fbc4
True,0.164034981497024,0.19391475674102499,0.2623553398070462,0.012099999999998667,0.0,0.006778775451965375,Tier_C,,265,True,False,False,951207,True,0.9804311692260661,0.9806027749201669,0ea993f60cf26c54
True,0.06757329408910095,0.08776342329749165,0.09977778468397869,0.0,0.0,0.0027152375587580456,Tier_C,,190,True,False,False,48872,True,0.9800338068841392,0.9800027152794246,0c556f39f7d24b6d
True,0.5439759472531176,0.6176580383625317,0.6516301779497968,0.029999999999996696,0.029999999999996696,0.02840603031035293,Tier_B,,265,True,True,True,82077,True,0.9803731259475932,0.980479816197097,704f063d6aeb7c5f
True,0.2549192914842452,0.2552502641547906,0.25561340593705195,0.029999999999996696,0.0,0.008841453608068223,Tier_C,,215,True,False,False,589033,True,0.9800683675619322,0.9801355922657498,bfaf270ef8eac625
True,0.23068518410468342,0.3871866861061599,0.46121729694235425,0.029999999999996696,0.024299999999997324,0.014131501112502316,Tier_B,,155,True,True,True,420618,True,0.9801795283681843,0.9800632735655121,92b03fa3eb047909
True,0.30868287888336443,0.5143038196284191,0.6337884926328607,0.029999999999996696,0.029999999999996696,0.02126903241460236,Tier_C,,0.0,True,True,False,448053,True,0.98,0.9800016700361014,ce642cf9e8842715
True,0.26817108013633284,0.37337668814712976,0.67538140527699,0.029999999999996696,0.025899999999997148,0.016381350746108116,Tier_B,,25,True,True,True,775767,True,0.9801563689899339,0.9800547387114114,82afb8b3871c91f8
True,0.30004196099796276,0.3381412651780954,0.37708536646189517,0.029999999999996696,0.029999999999996696,0.01240083115526757,Tier_B,,200,True,True,True,105768,True,0.9803432446704272,0.9805603489659243,fa917b3d09ca1386
True,0.13564296005640208,0.18080398315169544,0.23903217732803328,0.009499999999998954,0.0,0.006079794350348229,Tier_C,,265,True,False,False,772158,True,0.9805440603653337,0.9803361025789649,c121e2caceec4605
True,0.005115295780620088,0.013306404458527155,0.09638267933685185,0.0,0.0,0.0006749150515702797,Tier_C,,230,True,False,False,731674,True,0.9803597608251448,0.9801923764179035,595f741e5a5101a2
True,0.0004173448720736772,0.0006865223747377636,0.0015693664950651165,0.0,0.0,2.3019961613989345e-05,Tier_C,,250,True,False,False,79046,True,0.9800000000000001,0.9807304577621828,76c9e4f7dd30cc24
True,0.01876909964547413,0.05984481809117992,0.15930569637617253,0.0,0.0,0.0022913197712970713,Tier_C,,255,True,False,False,85613,True,0.9803993030185549,0.9800247929933003,5ad74f57f5360941
True,0.06634917528301598,0.0682125170922454,0.06853213641688294,0.0,0.0,0.0021127455632649113,Tier_C,,230,True,False,False,264688,True,0.9812587491784437,0.9800026232891599,270d365b766f68a7
True,0.35495402841262647,0.3787139401515145,0.4114255803433805,0.029999999999996696,0.029999999999996696,0.01437716705067783,Tier_B,,135,True,True,True,690326,True,0.980905911075475,0.9800012986634019,b81d37a3824b8dba
True,0.491701941665871,0.5259724810786774,0.5491768782163502,0.029999999999996696,0.029999999999996696,0.022328573556085564,Tier_B,,135,True,True,True,757305,True,0.9800065238455005,0.9800927561416816,2a42fafb828bdf7d
True,-0.011293196596396271,0.08885548085499329,0.13162285235412963,0.0,0.0,0.0024743241664507837,Tier_C,,0.0,True,True,False,925138,True,0.9802148743102029,0.9800044333571133,4b90b3ee32ed02c2
False,-0.046229205015036134,0.04300066813105491,0.30648041714030716,0.0007999999999999119,0.0,0.0004392820502469365,Tier_C,,0.0,True,False,False,732921,True,0.9701633330953102,0.954542827933558,ad45676622842df3
True,0.25076949891733846,0.31177261299381975,0.3541793397721059,0.029999999999996696,0.01789999999999803,0.011144938554294392,Tier_C,,290,True,False,False,655795,True,0.9800052670377957,0.9800561999774617,8c4620bc0e767553
False,0.8610483009941726,0.8627220509899689,0.8643352716461045,0.0023999999999997357,0.0023999999999997357,0.0047656747641717295,Tier_C,,0.0,True,False,False,508348,True,0.953020607073793,0.9524408865255988,e3215b276d33a8f9
False,0.01586543243341676,0.03794916754114658,0.057170845032570416,0.0,0.0,0.000314048650185764,Tier_C,,0.0,True,True,False,116077,True,0.9813366869334917,0.9581407817890611,12a2a0ecb6aa8008
False,nan,nan,nan,0.0,0.0,0.0,reject,high_density_unattained,0.0,True,False,False,309735,True,0.8979787079306332,0.9019654434497758,f08dc45effbca78e
True,0.009169757061504802,0.01093164899611121,0.01469847068290664,0.0,0.0,0.00034072938129940406,Tier_C,,405,True,False,False,974371,True,0.9806308191080998,0.9810286378520683,ffd893a058befae2
True,0.09837002459231337,0.10130542836143164,0.10984004096412059,0.0,0.0,0.0032358122026522546,Tier_C,,155,True,False,False,149896,True,0.98,0.9800396480151056,f6161d03847f5971
True,0.32069965533277534,0.3456131711678644,0.3629352256520003,0.029999999999996696,0.029999999999996696,0.012683423765344069,Tier_B,,500,True,True,True,819529,True,0.9819999999999999,0.98199936,60fdaf2f11d11324
False,nan,nan,nan,0.0,0.0,0.0,reject,high_density_unattained,0.0,True,False,False,718079,True,0.9803371113499059,0.9308546465906077,ab7757e14135c5a4
True,0.27629574038225213,0.34844152772572523,0.38788795608534876,0.029999999999996696,0.026199999999997114,0.012600607166374284,Tier_B,,80,True,True,True,320690,True,0.9815025061447479,0.9800308121324633,d39198fd62960342
True,0.005521381306909712,0.0060206328393543895,0.006758240102933799,0.0,0.0,0.0001823176411533936,Tier_C,,165,True,False,False,986988,True,0.9802829718894083,0.9800120240874792,9e009ba2b93aa0da
True,0.07152058143807216,0.08497999966144643,0.09463925526685357,0.0,0.0,0.0026296426741811317,Tier_C,,225,True,False,False,907682,True,0.9801163635708957,0.9802025404360597,5a47ffe475804658
False,nan,nan,nan,0.0,0.0,0.0,reject,high_density_unattained,0.0,True,False,False,735275,True,0.9222421499155935,0.9199143141838682,c3460b44c08150e4
True,0.2341798680415117,0.23836868528354915,0.24416806374653222,0.029999999999996696,0.0,0.008202645087623557,Tier_B,,240,True,True,True,798297,True,0.9803401649724071,0.9801891700967564,3b48fb38fb8c7b98
True,0.018508263894344568,0.02879489684048686,0.06317339114776144,0.0,0.0,0.0010867979538653838,Tier_C,,165,True,False,False,837331,True,0.9801122389767306,0.9800082378666156,cab777031b788275
True,0.1577664024005635,0.3097813236448086,0.5291428985305031,0.024899999999997258,0.01569999999999827,0.012047655576374265,Tier_B,,165,True,True,True,399072,True,0.9802292093513177,0.9800319551688337,92350f40bb6c8a38
False,nan,nan,nan,0.0,0.0,0.0,reject,high_density_unattained,0.0,True,False,False,197549,True,0.9304474065314112,0.9037053774758292,1ae66fe8ef7c1efe
True,0.2227922010333433,0.2534138548598249,0.27513093591443116,0.029999999999996696,0.0,0.008725527842657118,Tier_C,,265,True,False,False,469738,True,0.980181964917911,0.9800209385605654,ceaa879c6b67c1cf
True,0.8716100230510258,0.8848246221978178,0.8895075898023846,0.029999999999996696,0.029999999999996696,0.06454251525433768,Tier_B,,140,True,True,True,650736,True,0.9800510620022908,0.981241534614804,aa167323790d21dd
False,nan,nan,nan,0.0,0.0,0.0,reject,high_density_unattained,0.0,True,True,False,304607,True,0.9800583190805379,0.8838699836744006,2c337d5c68ecbc56
True,0.02578376075438016,0.032045487860909994,0.03952774169620277,0.0,0.0,0.0009834140253952128,Tier_C,,230,True,False,False,843145,True,0.98,0.9801771675259597,63d22d0b8ad72403
True,0.03224087856759972,0.037684464292464526,0.04257676125267307,0.0,0.0,0.0011484203075716518,Tier_C,,180,True,False,False,476229,True,0.9806867731324018,0.9800767085558373,6ba8027a256d65b9
True,0.05145923343118031,0.06911922078225152,0.09382135454514595,0.0,0.0,0.0021876032384643526,Tier_C,,365,True,False,False,81834,True,0.98,0.98199936,7500f965ef651900
True,0.0018139774354363203,0.0022157599990220156,0.0025595400748142927,0.0,0.0,6.639123625615123e-05,Tier_C,,250,True,False,False,123552,True,0.9801384381266958,0.980007662014865,ca530b020f8ed819
True,0.13780745268648942,0.14374534882712942,0.14785492943630119,0.0,0.0,0.0046381922309301025,Tier_C,,290,True,False,False,809526,True,0.9817758014551371,0.9802442798037192,d79b782cad531848
True,0.2053442511902691,0.31431766117205884,0.35331650185165786,0.029999999999996696,0.01789999999999803,0.010967698407503262,Tier_C,,255,True,False,False,648356,True,0.9800037435627197,0.9813989089662344,2097c6ddfa54e80f
True,0.07817228976549673,0.10403542239292196,0.12481899723877854,0.0,0.0,0.0032596443674156304,Tier_C,,250,True,False,False,278881,True,0.9805019516252066,0.9801919865749811,937ba5b9df259afd
True,0.20050113009865922,0.27056925503072415,0.31874007504415425,0.029999999999996696,0.007799999999999141,0.009297618887938126,Tier_C,,0.0,True,True,False,587546,True,0.9815249043634976,0.9800112629934323,7a7898eb0410d346
True,0.08376052282978497,0.09005289396488902,0.0943458083061347,0.0,0.0,0.0028202437693827078,Tier_C,,230,True,False,False,492811,True,0.9801923308801814,0.9800840118806465,f19199bf092f12de
False,nan,nan,nan,0.0,0.0,0.0,reject,high_density_unattained,0.0,False,False,False,556530,True,0.909974709893721,0.8799957822405624,609fdd244985ef7f
True,0.04979781760159874,0.0608646373771603,0.07026661330790984,0.0,0.0,0.0018797034091546426,Tier_C,,205,True,False,False,52481,True,0.9801451200041664,0.9806238143016757,9ff4b4627d3b1710
True,0.01531484352552237,0.021560971433853937,0.031746633411966485,0.0,0.0,0.0006733399235817892,Tier_C,,350,True,False,False,475420,True,0.98,0.9802974522550616,fc6ab0a559dc2b19
True,0.015668294207636935,0.018858961119391227,0.022349911695751068,0.0,0.0,0.0005726740510246059,Tier_C,,280,True,False,False,79407,True,0.98,0.9802475314466439,974f579507ffb698
False,0.09983768639205515,0.10936224548578871,0.11746192413095524,0.0,0.0,0.0011898554990753918,Tier_C,,85,True,True,True,106426,True,0.9800393494661839,0.9603413172026183,80732e99e5af1ca7
False,nan,nan,nan,0.0,0.0,0.0,reject,high_density_unattained,0.0,False,False,False,84529,True,0.9714511781327407,0.8799932057382622,ba17fb316a7b7f97
True,0.08108345968812603,0.10249408746840549,0.12941914189656512,0.0,0.0,0.003277012414386946,Tier_C,,155,True,False,False,354941,True,0.9819999999999999,0.9801173070737674,683308328065df9a
False,nan,nan,nan,0.0,0.0,0.0,reject,high_density_unattained,0.0,True,True,False,395272,True,0.9801608883329562,0.9016897390111106,6dbd8ca1b3f119cb
True,0.19678809725412405,0.24181484845051415,0.27134141637654474,0.026099999999997125,0.0,0.008139140975535364,Tier_B,,90,True,True,True,951779,True,0.9804747945402253,0.9801177925363487,173705fe8d24920d
True,0.0004497332755103445,0.0008531404899357886,0.0009066017777914492,0.0,0.0,2.3920724403551014e-05,Tier_C,,150,True,False,False,18825,True,0.9800000000000001,0.9800222554882085,35edc3b2d8c1da5c
True,0.6268802245975148,0.6272360046031726,0.627876269406455,0.029999999999996696,0.029999999999996696,0.02960975697488643,Tier_B,,240,True,True,True,617413,True,0.9800766753761755,0.9800255341353751,a3eae5e116f9a539
False,nan,nan,nan,0.0,0.0,0.0,reject,high_density_unattained,0.0,True,False,False,96857,True,0.929012021456008,0.9529576663035411,069dbf58ab5b5bee
False,0.045641421577582664,0.05369923955309319,0.29110708068489466,0.0006999999999999229,0.0,0.001964005994688585,Tier_C,,0.0,True,True,False,96527,True,0.9800330961641238,0.9787314434846612,629702290cf8f139
True,0.2488201243733168,0.2814509286064144,0.3105746136287846,0.029999999999996696,0.006199999999999317,0.009895173579456067,Tier_B,,120,True,True,True,369322,True,0.9818173403503093,0.9800077858811188,3b0e397a89c32224
True,0.03689750711149786,0.04264317346132629,0.04713914777762762,0.0,0.0,0.0013024142420302908,Tier_C,,265,True,False,False,853866,True,0.98,0.9800431085385584,720d0e0aa202fa66
True,0.05023758702087855,0.06584928909594057,0.0860933323832096,0.0,0.0,0.0020692926480712285,Tier_C,,290,True,False,False,943789,True,0.98,0.9805729355466382,1e25c65f90ce4643
False,nan,nan,nan,0.0,0.0,0.0,reject,high_density_unattained,0.0,True,False,False,321387,True,0.9295707779150556,0.9236051612753045,4396b0e19fcb3ebc
True,0.021945698254085322,0.051345813433385845,0.0533408152206597,0.0,0.0,0.0014495783099737376,Tier_C,,165,True,True,True,975811,True,0.9819999999999999,0.9806619652088083,3680cbef5ea14983
True,0.055723211010758944,0.07305945171125972,0.09180772333227982,0.0,0.0,0.0022915919491477716,Tier_C,,265,True,False,False,498360,True,0.9807867251032297,0.9800998169310252,22dd47aaa14d5809
True,0.007156818477527804,0.03894533433879088,0.05337533462594457,0.0,0.0,0.0010683468660016493,Tier_C,,200,True,False,False,206972,True,0.9804101951683339,0.9801091968255105,de8fd8ad81af5bc1
True,-0.38714937178000186,-0.20901948721533037,-0.09338527106107697,0.0,0.0,0.0,reject,reduction_below_threshold,0.0,True,True,False,782929,True,0.9809047225811214,0.9800218981368,2e4984169ab0a881
False,0.05229795832951123,0.05535899113389586,0.056754664061540505,0.0,0.0,0.0014049977531407295,Tier_C,,140,True,False,False,280619,True,0.9800160176447043,0.9747535341392347,f0b1cc74acf78977
False,-0.028252298643740126,0.00148801959308692,0.0029064972065202532,0.0,0.0,2.3813699891179155e-06,Tier_C,,0.0,True,False,False,58628,True,0.9734247398283276,0.9517068620624188,4686ec8807ac3c6f
True,0.05700312559860099,0.07435152405101941,0.089598037158933,0.0,0.0,0.0022914833801528567,Tier_C,,205,True,False,False,182697,True,0.9812698758906997,0.9800083623337796,6d51809efb2fe21d
True,0.046029024621311976,0.0540164007998063,0.06449666752822725,0.0,0.0,0.0016788497248016539,Tier_C,,190,True,False,False,518513,True,0.9801268072667227,0.980124128863781,30892609a4299cd7
False,0.083593498038675,0.08920810553728431,0.1534659845868297,0.0,0.0,0.0010847934407297527,Tier_C,,0.0,True,True,False,588686,True,0.9800657657670881,0.9604351203489949,d6a54c678501b567
True,0.36348461702044677,0.38416520009084565,0.39086867152783944,0.029999999999996696,0.029999999999996696,0.014418621298995148,Tier_B,,90,True,True,True,531548,True,0.9800300724855731,0.9800676172827527,b1f8545e9054543a
True,0.039329045741263724,0.053671883932019715,0.06390210552914899,0.0,0.0,0.0016305734753993988,Tier_C,,215,True,False,False,846629,True,0.98038475055201,0.9802074872603079,f9cc68e5cda9772c
True,0.8111729480146513,0.8415515127099277,0.8540441109143122,0.029999999999996696,0.029999999999996696,0.054535552564142734,Tier_B,,40,True,True,True,735002,True,0.9801610995427062,0.9800392760770174,9de729f009488609
True,0.24763142870348087,0.39449739825932584,0.4758306896567742,0.029999999999996696,0.023499999999997412,0.014316036313874514,Tier_B,,35,True,True,True,560071,True,0.9814873350973515,0.9800207703444459,f92a7e89e9cda9ca
True,0.05241847737652139,0.05819805324528038,0.06252625001780854,0.0,0.0,0.0017945243915525413,Tier_C,,405,True,False,False,474008,True,0.9800000001593496,0.980377465233052,aaac2b5791f788d2
False,nan,nan,nan,0.0,0.0,0.0,reject,high_density_unattained,0.0,True,True,False,324062,True,0.9806652130302392,0.9443220960620813,ecc7960af32d35c9
True,-0.02914983097888646,-0.020838392359188385,-0.015648939592218802,0.0,0.0,0.0,reject,reduction_below_threshold,230,True,False,False,536844,True,0.9800403322574026,0.9800015441739331,bdbe1125acc47291
True,0.025604849870630053,0.03498770690627573,0.048166511303757376,0.0,0.0,0.0010893647909207154,Tier_C,,190,True,False,False,15010,True,0.9800266677186689,0.9801136837282542,7c9aa16403a20cea
False,nan,nan,nan,0.0,0.0,0.0,reject,high_density_unattained,0.0,True,False,False,973497,True,0.9674769186597626,0.9439168443273506,bdf500db20450d7f
True,0.7966672502278709,0.9577265647198984,0.9658467671698957,0.029999999999996696,0.029999999999996696,0.0884884518640385,Tier_B,,90,True,True,True,845276,True,0.9801516837581515,0.9800092406013658,a9a86a00e6db496a
True,0.07052673304958279,0.07598225452176743,0.08000317074015195,0.0,0.0,0.0023678388946225745,Tier_C,,325,True,True,True,997516,True,0.9800048583822809,0.9801480463354266,456c4f08a55166b4
False,nan,nan,nan,0.0,0.0,0.0,reject,high_density_unattained,0.0,False,False,False,215009,True,0.9803716778226328,0.8799968179513129,6a2c2cd80e4acf2e
False,-0.5926616351675691,-0.2853045599303198,-0.16519389637457094,0.0,0.0,0.0,Tier_C,reduction_below_threshold,55,True,True,True,742648,True,0.9816365218636065,0.9644577600883527,6a28a62d6284e667
True,0.005770748580990026,0.008734198516040514,0.011805318751655691,0.0,0.0,0.00026483062962307945,Tier_C,,240,True,False,False,846124,True,0.9801938891950118,0.9804109255683618,ed03834fd27495c0
True,0.8557983674979825,0.8761055667216916,0.8817034740830664,0.029999999999996696,0.029999999999996696,0.06219289461141346,Tier_C,,0.0,True,True,False,529442,True,0.9800146033507998,0.9800378400843968,2648cdd48609746f
False,-0.016736044372199554,0.005003880370031966,0.005304221742808757,0.0,0.0,0.00010718158031550816,Tier_C,,0.0,True,False,False,266667,True,0.9770517816355355,0.9740127706039053,c6edff970be364d5
False,0.006645252798732071,0.04248683224624361,0.04392462873358183,0.0,0.0,0.00034107640708076775,Tier_C,,0.0,True,True,False,138409,True,0.9800095168629168,0.9584176765819789,ec21b50086971f48
True,3.424906830717944e-05,4.872907633779455e-05,7.327190680761486e-05,0.0,0.0,1.510246279383627e-06,Tier_C,,280,True,False,False,272785,True,0.980764072595661,0.9809627959103537,fa6302c7a8ace762
False,0.006036548625528715,0.0067896096465349665,0.007630723944177187,0.0,0.0,0.00019115370242291817,Tier_C,,140,True,False,False,153544,True,0.9800352088455863,0.9779547367484687,609aff3c36202516
True,0.0022303937855622236,0.0033758398963409375,0.005475684843935014,0.0,0.0,0.00010889203122027664,Tier_C,,280,True,False,False,971773,True,0.9801854213744366,0.9805583249655534,12c748b0fbfe6230
False,nan,nan,nan,0.0,0.0,0.0,reject,high_density_unattained,75,True,False,False,500769,True,0.9803475938876041,0.9250453738040814,c09f50118d79b1da
True,0.12810195595041518,0.1690758645840199,0.2070759328998859,0.0026999999999997026,0.0,0.005546053791813269,Tier_C,,330,True,False,False,5173,True,0.9819999999999999,0.9800013163634073,76761295e77ce6c1
False,0.07789104103327782,0.09560290522227477,0.09954387075701798,0.0,0.0,0.00019651610479709785,Tier_C,,0.0,True,False,False,150945,True,0.9591105367291013,0.9519814039849275,f5dabf54284680bc
False,0.06764787865770594,0.06764787865770594,0.06764787865770594,0.0,0.0,0.0,Tier_C,,0.0,True,False,False,522617,True,0.9800133277001499,0.9500017027551281,5362402001025ca1
True,-0.007031290765155518,-0.0003406810001791438,0.0018594225675095943,0.0,0.0,1.9174041012607278e-05,Tier_C,,180,True,False,False,34873,True,0.9819999999999999,0.9800078674148075,8f21555b0c39bfed
False,nan,nan,nan,0.0,0.0,0.0,reject,high_density_unattained,0.0,True,True,False,434300,True,0.9803498766720642,0.9023633381012596,bcec06ba0e32b50f
False,nan,nan,nan,0.0,0.0,0.0,reject,high_density_unattained,0.0,True,False,False,607919,True,0.9307273160912652,0.9101496982238815,00656aa36b915420
False,nan,nan,nan,0.0,0.0,0.0,reject,high_density_unattained,0.0,True,False,False,39349,True,0.9132663242017407,0.9085676482477665,699160a29441778b
True,0.47740239736497436,0.5253942419921498,0.5670634695934027,0.029999999999996696,0.029999999999996696,0.02233460155877356,Tier_B,,230,True,True,True,741122,True,0.98,0.980503379225704,38b979dab6c7c86a
False,0.254556821838553,0.26060003233348455,0.2625131915018568,0.005299999999999416,0.0,0.0015948306149997614,Tier_C,,0.0,True,False,False,219080,True,0.9716176737264693,0.9553396046466353,fe3f4ab159d90a0e
True,0.02527282731237357,0.029327869468496526,0.0334520815784346,0.0,0.0,0.0008933659857099138,Tier_C,,155,True,False,False,780271,True,0.980145643477938,0.9800171264033024,d04f7fc03a5c4b1a
True,0.19223450879228,0.2211971454895929,0.24639600626828495,0.025899999999997148,0.0,0.0074929535488500445,Tier_C,,280,True,False,False,369057,True,0.9813591000689097,0.9801789139604786,87feb7a019497e80
False,-0.18674079673829125,-0.07478598566875272,-0.03308579509715104,0.0,0.0,0.0,reject,reduction_below_threshold,5,True,True,False,317539,True,0.9803547850506956,0.9577982935428622,d3caea1533ed7cf4
True,0.7868361263078462,0.8161861233727236,0.8239630286463733,0.029999999999996696,0.029999999999996696,0.050300011786859604,Tier_B,,125,True,True,True,366006,True,0.9803111615754742,0.9800377346673884,573701e742f28f8a
False,0.2871888544716005,0.29109077618559226,0.29298654218805564,0.015099999999998337,0.0,0.005188647397168402,Tier_C,,0.0,True,True,False,86038,True,0.9802044440740811,0.9650605535588807,ba77c5be6aa6ef8a
True,0.05173680419668836,0.06245716297954573,0.07019475203335424,0.0,0.0,0.0019113838125825236,Tier_C,,340,True,False,False,221222,True,0.9808857446130486,0.9802549892066903,07ca508899438b22
True,0.18908134290036682,0.23376730410261815,0.27115945044424794,0.026399999999997092,0.0,0.007906206940925774,Tier_C,,255,True,False,False,473987,True,0.9806739659694169,0.9803167672438262,e2c6b26915ecc467
False,nan,nan,nan,0.0,0.0,0.0,reject,high_density_unattained,0.0,True,True,False,560990,True,0.980179587086236,0.9376516181263108,e0517b4e1d6f1cbd
False,nan,nan,nan,0.0,0.0,0.0,reject,high_density_unattained,0.0,False,False,False,29116,True,0.8757993195821989,0.8757993195821989,6a05f734521139f0
True,0.09008996650114454,0.102389289301135,0.1099059131595469,0.0,0.0,0.0032076653148337816,Tier_C,,165,True,False,False,396202,True,0.9800439300652005,0.9800332089166882,31cb9e64ca3e2ec8
False,nan,nan,nan,0.0,0.0,0.0,reject,high_density_unattained,0.0,True,False,False,905063,True,0.9600868584811313,0.9209803141269263,d8801126e1c7ae39
False,0.054021821685369176,0.05979268946926425,0.06694918958704932,0.0,0.0,0.0016279635672118908,Tier_C,,140,True,False,False,123987,True,0.9801358673789169,0.976332180021171,880be8c9274d3680
True,0.9125248495199696,0.9200253879594178,0.9200254511600099,0.029999999999996696,0.029999999999996696,0.0756216493937224,Tier_B,,100,True,True,True,511984,True,0.9802585447255524,0.9801867921183508,f047627c6adb85b9
False,0.016877288194736217,0.02072301813849664,0.023937059766514168,0.0,0.0,9.739993585534342e-05,Tier_C,,0.0,True,True,False,186560,True,0.9811028064968222,0.9545751297297351,5bce059260cc55b5
False,0.035594069593115285,0.06000735874064289,0.08301454527450458,0.0,0.0,0.0002592915192778873,Tier_C,,0.0,True,False,False,669636,True,0.9607533190509626,0.9541655840292833,181d8d236813b1f2
True,0.06169294246579282,0.08085402079003656,0.10606869912689665,0.0,0.0,0.0025637983892354277,Tier_C,,250,True,False,False,291822,True,0.9800000000000001,0.9806710745159289,a2f7f88fc83631d7
False,nan,nan,nan,0.0,0.0,0.0,reject,high_density_unattained,0.0,False,False,False,583959,True,0.9801858510405321,0.8799835323060903,1d21940033c1c5a2
True,0.0001387233746715788,0.00017869470001152798,0.00023129986127012891,0.0,0.0,5.422309711236231e-06,Tier_C,,180,True,False,False,478620,True,0.9819999999999999,0.9800228851798165,03e7eb32a68198f4
True,0.4659934508691972,0.4911519618783491,0.518154804818822,0.029999999999996696,0.029999999999996696,0.020219496383026173,Tier_B,,360,True,True,True,541476,True,0.9800645358542227,0.9819924236566572,d524255b4a3ee99d
False,nan,nan,nan,0.0,0.0,0.0,reject,high_density_unattained,0.0,True,False,False,161126,True,0.9432471522987571,0.8994151501032317,9900d3322530a966
False,nan,nan,nan,0.0,0.0,0.0,reject,high_density_unattained,105,True,False,False,630880,True,0.9801715333401025,0.945323391696892,edd8d51b7d4a4ade
True,0.0022639439034873865,0.0028678594843514205,0.003516594144947538,0.0,0.0,8.72294954927988e-05,Tier_C,,330,True,False,False,404957,True,0.9810949684941022,0.9800427552348114,b8aecb88af9e7768
False,nan,nan,nan,0.0,0.0,0.0,reject,high_density_unattained,0.0,False,False,False,293395,True,0.7515359766122276,0.7515359766122276,a760c91e1c4f92e2
False,0.013228830900110622,0.015596266969930217,0.01833609848497597,0.0,0.0,0.00034544128873809923,Tier_C,,130,True,False,False,493397,True,0.9801181036527373,0.9719332854627154,f1b3125dba19a4b0
True,0.06650513453069917,0.08303053893641354,0.0941518857743201,0.0,0.0,0.0025790432670269705,Tier_C,,405,True,False,False,819377,True,0.9801575005203736,0.9807208913855329,5822416ce4a3fcc6
True,0.3058455987235825,0.32306097613124973,0.3302931405621322,0.029999999999996696,0.029999999999996696,0.011634841504767478,Tier_B,,105,True,True,True,786377,True,0.9804378080864777,0.9801450790003936,6945d597458330c3
True,0.16980253718137717,0.18464155526513637,0.1919508529917724,0.0,0.0,0.006070084879192415,Tier_C,,165,True,True,True,800664,True,0.9809362524272728,0.9800567520642411,836e87d8ae460be4
True,0.006408267164693782,0.008153434115802827,0.010533674829873552,0.0,0.0,0.0002486738749425892,Tier_C,,315,True,False,False,602804,True,0.9802163845568308,0.9819996679566284,5763ada55dc7cf8f
True,0.06761031515979321,0.08213775558796221,0.1050113508746312,0.0,0.0,0.0026170887571844758,Tier_C,,180,True,False,False,578145,True,0.9800266736892091,0.9800301160463221,b703f67b6f35217b
False,nan,nan,nan,0.0,0.0,0.0,reject,high_density_unattained,0.0,False,False,False,862807,True,0.8625902981744042,0.8625902981744042,bef61dfee0a4647a
True,0.04200285853601082,0.05040907604939837,0.07808384041965777,0.0,0.0,0.001579172063292935,Tier_C,,290,True,False,False,812226,True,0.9812149337515625,0.9819997372840655,b32ee887b351ae46
True,9.073532869496859e-06,1.2782082827400565e-05,1.6047987732581426e-05,0.0,0.0,3.830683552457948e-07,Tier_C,,205,True,False,False,21331,True,0.9807578728757087,0.9800368924567311,ce13b3cdcb23b5a4
False,nan,nan,nan,0.0,0.0,0.0,reject,high_density_unattained,0.0,True,True,False,315042,True,0.98,0.9385483957674328,e2de32461021f175
False,nan,nan,nan,0.0,0.0,0.0,reject,high_density_unattained,0.0,False,False,False,882526,True,0.8353099380763456,0.8353099380763456,5b2184c0396dab32
True,0.19469059087311502,0.20035343968965336,0.2010051433207677,0.01679999999999815,0.0,0.006673174141012175,Tier_C,,0.0,True,True,False,683836,True,0.9812518559257937,0.9800666365380227,3844cfd04b408003
False,0.205376080632796,0.20745252426005673,0.20934575796211263,0.007299999999999196,0.0,0.001697348943836271,Tier_C,,5,True,True,False,626617,True,0.9802140538548786,0.9572815278704455,c67bd31b196bee40
True,0.5826915338327074,0.6303780780941279,0.6564466768889441,0.029999999999996696,0.029999999999996696,0.029502450315345173,Tier_C,,0.0,True,True,False,521008,True,0.9814150588846152,0.9800009122991101,445af9f33c790720
False,nan,nan,nan,0.0,0.0,0.0,reject,high_density_unattained,80,True,False,False,94256,True,0.9809628916363399,0.9405050396575909,d98cf8ce1b67735a
True,0.07052862806702098,0.14799094330152385,0.2618755376002281,0.009099999999998998,0.0,0.0052109276451450725,Tier_C,,275,True,False,False,896572,True,0.9811847134608606,0.9801623029893698,d883f97317e0eb74
False,0.33958846767407025,0.3402493920894331,0.34082932636862084,0.0038999999999995705,0.0038999999999995705,0.001621904825620275,Tier_C,,0.0,True,True,False,524071,True,0.9801294585934585,0.9539103744740802,b156ed8311b1ba9c
True,0.1397891987075789,0.16282145912323742,0.18953918415712334,0.0,0.0,0.005351087784199431,Tier_C,,155,True,False,False,851744,True,0.9819818647776561,0.9800212018406256,0fc1de1823869361
True,0.15156619226956602,0.16123096753827326,0.1703570595419922,0.0,0.0,0.005264903950487773,Tier_C,,130,True,True,True,724393,True,0.9812863078743883,0.980040368601534,835e93ec680bf724
False,nan,nan,nan,0.0,0.0,0.0,reject,high_density_unattained,0.0,True,False,False,716095,True,0.9016601737811794,0.8899898581576337,05cf9c7137c1808f
False,0.13879825992759764,0.14099962084940298,0.14152028587692822,0.0,0.0,0.003153177451143254,Tier_C,,50,True,True,True,241048,True,0.9805128529021887,0.9708330314184588,980b8ec895572ede
True,0.0005548744340357903,0.0007310640775463062,0.0009636904194606499,0.0,0.0,2.2216136386836705e-05,Tier_C,,325,True,False,False,36298,True,0.98,0.9802423127615673,ad751a68002c10c9
True,0.2591687767776749,0.2883915155481581,0.3127552810221983,0.029999999999996696,0.008699999999999042,0.01018901454358492,Tier_B,,215,True,True,True,91973,True,0.9812237718358776,0.98011677581288,488ebc4393bdb571
False,nan,nan,nan,0.0,0.0,0.0,reject,high_density_unattained,0.0,True,True,False,327383,True,0.9802344612848214,0.9368026314840552,84976b66823c5127
True,0.008949948176795175,0.013814112209805662,0.01707791936586389,0.0,0.0,0.0004099283353465586,Tier_C,,205,True,False,False,402016,True,0.9803787930000329,0.9800182537137528,3063604a91f2d675
False,nan,nan,nan,0.0,0.0,0.0,reject,high_density_unattained,0.0,True,True,False,49349,True,0.9801625991956653,0.8973751533551181,6c8f55726646c0f3
False,nan,nan,nan,0.0,0.0,0.0,reject,high_density_unattained,0.0,False,False,False,482214,True,0.9813923236498545,0.8799525487037043,db23a1157fddf91f
True,-0.017140047771822653,0.012697060351829936,0.02384650066416738,0.0,0.0,0.0003502129894861918,Tier_C,,0.0,True,True,False,927337,True,0.9800140228308745,0.9800013742000953,2f322745ba7bd2f0
True,0.04269953500504975,0.05242691336526806,0.05738263309775615,0.0,0.0,0.0015857356772438478,Tier_C,,300,True,False,False,973897,True,0.9800859860562433,0.980544896980102,12c16de5eca49ffe
False,0.07959449434746835,0.09111887843449579,0.09930991165784542,0.0,0.0,0.0017569566186211821,Tier_C,,0.0,True,False,False,107161,True,0.9761152440951807,0.9685342681315332,a755c5dc5de5a032
True,5.554471389168647e-06,6.663256701733289e-06,8.288892643260048e-06,0.0,0.0,2.0232173448213e-07,Tier_C,,200,True,False,False,906025,True,0.98,0.9802157259083489,16e0f80f40ef8cf9
False,nan,nan,nan,0.0,0.0,0.0,reject,high_density_unattained,0.0,True,False,False,520752,True,0.9436388224769816,0.9296564146367273,8117fe3612d24c10
False,nan,nan,nan,0.0,0.0,0.0,reject,high_density_unattained,0.0,True,True,False,191629,True,0.9804332495222533,0.8973169752100729,50ebccb2429af6ee
True,0.11375341165194419,0.14261481183142244,0.17135620764702764,0.0,0.0,0.0046477647006113055,Tier_C,,280,True,False,False,368461,True,0.98,0.9800248685821589,bcb07b7edc3735ab
True,0.32380465728017116,0.3389414747772701,0.3523056361851885,0.029999999999996696,0.029999999999996696,0.012420875477797418,Tier_B,,265,True,True,True,581668,True,0.9810028718133761,0.9814628699606158,0a3ec6582d9a729a
False,0.005888611042290659,0.010112598258509742,0.013559137603469273,0.0,0.0,0.0002961903268642795,Tier_C,,140,True,False,False,70651,True,0.9804281590160202,0.979491086271731,82d711cb70dcabae
False,nan,nan,nan,0.0,0.0,0.0,reject,high_density_unattained,80,True,False,False,796400,True,0.9814364917329308,0.9409268704303451,05b69ff569e83d5f
False,nan,nan,nan,0.0,0.0,0.0,reject,high_density_unattained,105,True,False,False,119725,True,0.9800019193833982,0.936173176891039,acfd05be12aa1918
False,nan,nan,nan,0.0,0.0,0.0,reject,high_density_unattained,0.0,True,False,False,302996,True,0.9249384910725693,0.8819811194440971,19f66b9a1be254b3
False,-0.061779644164069225,-0.00858915214148559,-0.0033178198231929024,0.0,0.0,0.0,reject,reduction_below_threshold,0.0,True,False,False,304483,True,0.9704518474698043,0.9688815676450473,1bfdfa7059eff849
True,7.866071838336097e-08,2.181041337534495e-07,5.02960919246398e-07,0.0,0.0,7.2563963182406605e-09,Tier_C,,230,True,False,False,749327,True,0.9805051656796796,0.9801364230505629,5995393703192689
True,0.12106938715665949,0.1462193870234817,0.1756084468906809,0.0,0.0,0.004771210150356453,Tier_C,,205,True,False,False,496375,True,0.9800433492130518,0.9801502805018809,555e6deff85f16c5
True,9.884984576580269e-05,0.00010381100966450063,0.00011066770557510708,0.0,0.0,3.1272907996622136e-06,Tier_C,,275,True,False,False,194509,True,0.9801609142874235,0.9805265154734015,094463cd7816759d
True,0.02009129697775558,0.024531555034688513,0.02909536849226535,0.0,0.0,0.0007415080494860874,Tier_C,,440,True,False,False,219496,True,0.9812610980719078,0.9805762678616703,857411e0527e36ed
True,0.03207796048657707,0.04030949386566629,0.2272816933577525,0.00489999999999946,0.0,0.0026464933016057657,Tier_C,,85,True,True,True,322800,True,0.9800043344929812,0.9800031305581902,239dc544e1973c04
True,0.005347220139505171,0.006591874615587523,0.007928248095727453,0.0,0.0,0.0001987207009040332,Tier_C,,290,True,False,False,209441,True,0.98,0.98053240454539,cd71338e8378b2ad
True,0.0008295908830955323,0.000977401541038092,0.00111259423611898,0.0,0.0,2.929188939453046e-05,Tier_C,,250,True,False,False,820690,True,0.9806613974575746,0.9800491146917719,d5c2f8c98f1cd4d6
True,1.3972804077111434e-06,1.8668074783789734e-06,2.375042982949438e-06,0.0,0.0,5.624335458620359e-08,Tier_C,,250,True,False,False,155620,True,0.98,0.9801813663878323,ff0aa31c358292b9
True,0.18505155416571528,0.18964167427371292,0.1908791099198971,0.0,0.0,0.006294633792560208,Tier_C,,225,True,True,True,216187,True,0.9804241961503768,0.9801654556913029,e506c0af185b03eb
False,0.11465948112108582,0.11914865273023678,0.12361623980053937,0.0,0.0,0.0009645223644446937,Tier_C,,0.0,True,True,False,840588,True,0.9815094770173087,0.9576116590523034,18367191788f6c97
True,0.4834296636693348,0.676471258125005,0.7997657425648456,0.029999999999996696,0.029999999999996696,0.03445901033768508,Tier_B,,100,True,True,True,867804,True,0.980129987546329,0.9800288911326837,41baa50a3591db2d
True,0.19791039136553268,0.22745207265802048,0.25288501334016766,0.028999999999996806,0.0,0.007721401382968576,Tier_B,,165,True,True,True,17327,True,0.9801540868255163,0.9800590629909962,c1287721cc838c96
False,nan,nan,nan,0.0,0.0,0.0,reject,high_density_unattained,0.0,False,False,False,115173,True,0.9130042576137223,0.8799977789025161,0a8b0d9b72f8dfc0
False,-8.1449906819131e-09,-4.3157314388864165e-09,-2.8954789677015924e-09,0.0,0.0,0.0,reject,reduction_below_threshold,80,True,False,False,277565,True,0.9802775973642867,0.9693216561744636,d03b9efdbd328ab4
False,nan,nan,nan,0.0,0.0,0.0,reject,high_density_unattained,0.0,True,False,False,190342,True,0.9360270454568806,0.931296744206252,693dd8037a027cfe
True,0.2502642436624065,0.27502588069010214,0.292371910491266,0.029999999999996696,0.0,0.009612628694113511,Tier_B,,350,True,True,True,191845,True,0.9801242831145718,0.9803330655722536,2b7269448afebe29
True,0.12847159980335876,0.13802232369430023,0.14304494726983386,0.0,0.0,0.004425723923855167,Tier_C,,405,True,False,False,970788,True,0.9801036105590823,0.980114737697868,c0496b559a842452
True,0.05699174677186003,0.06909923950340668,0.08384313248313024,0.0,0.0,0.0021625664731692936,Tier_C,,280,True,False,False,382981,True,0.9800000000000001,0.9805113960108588,09c117fda9b02022
False,nan,nan,nan,0.0,0.0,0.0,reject,high_density_unattained,0.0,True,True,False,608451,True,0.9803518422175918,0.9449032107817177,66bda1d8b4cd164e
False,0.031027128610797594,0.03789043018240612,0.04302961293684271,0.0,0.0,0.0005668367949111283,Tier_C,,115,True,False,False,582090,True,0.9801686862640637,0.9648380615150786,8911d0d07ccdd7af
False,0.03533386958034379,0.056351443674441004,0.09461699556412173,0.0,0.0,0.0016020592701670344,Tier_C,,130,True,False,False,499646,True,0.9800000000000001,0.9761637739151091,b80122585de95e68
False,nan,nan,nan,0.0,0.0,0.0,reject,high_density_unattained,0.0,True,True,False,308239,True,0.9807149719168585,0.9107672058396755,c0456790d3b26059
True,1.0673460875132434e-06,1.365441911538312e-06,1.7991236489489637e-06,0.0,0.0,4.1835961147955754e-08,Tier_C,,205,True,False,False,982180,True,0.9808533816403266,0.9800452458629704,261ea896ad444959
True,0.08281223140921723,0.0879491982578754,0.08932841392998792,0.0,0.0,0.0027373694846233214,Tier_C,,415,True,False,False,825454,True,0.98,0.98199936,fd819b73fb03ffb2
False,nan,nan,nan,0.0,0.0,0.0,reject,high_density_unattained,0.0,False,False,False,708897,True,0.7939641428574027,0.7939641428574027,f5a1c3c2e7a6cfd5
True,0.07366616565058248,0.07715109583774715,0.07843915180337524,0.0,0.0,0.002398141713180847,Tier_C,,340,True,False,False,666076,True,0.980188572130122,0.9801874336117503,3729cc1f1cc2945c
True,0.00029996776760043975,0.0003281693406834707,0.0003473814439481915,0.0,0.0,9.78581669937457e-06,Tier_C,,205,True,False,False,72906,True,0.9807564265240643,0.9801392411061562,af4c1b158d73ea57
False,0.3458417367810115,0.35907127863937816,0.3706332132931407,0.0007999999999999119,0.0007999999999999119,0.0003555352988347359,Tier_C,,0.0,True,False,False,142898,True,0.9643365782776845,0.9507761949668081,3e996944c1b6c7b1
True,4.675537734755153e-11,7.250333666775077e-11,1.0404099803906774e-10,0.0,0.0,2.2716716729025974e-12,Tier_C,,255,True,False,False,100981,True,0.9813173680051105,0.9810064389204994,7af9f33e1dafd00b
False,nan,nan,nan,0.0,0.0,0.0,reject,high_density_unattained,0.0,True,True,False,671689,True,0.980030417027397,0.9276359795566055,bffb66cbb7d57b98
True,-0.003527533167606345,-0.003436290075259585,-0.0025671275398857496,0.0,0.0,0.0,reject,reduction_below_threshold,215,True,False,False,910478,True,0.98,0.980745813131459,fae0976ea5f92cd3
True,0.426996051333809,0.4398158386480111,0.4443046597653334,0.029999999999996696,0.029999999999996696,0.01731796198328635,Tier_B,,100,True,True,True,980745,True,0.9801879109390078,0.9800297572679946,027915cc598ccb1e
True,0.037364382314447275,0.11072749885519206,0.1717533059309122,0.0,0.0,0.003449125156992575,Tier_C,,45,True,True,True,580196,True,0.9805894674542939,0.9800171768493146,8b3c9d0ae9988cd3
True,-0.07958397098805392,-0.05484424350875727,-0.025032915566333358,0.0,0.0,0.0,reject,reduction_below_threshold,190,True,False,False,223618,True,0.9805196068608193,0.9801040008460918,bc8020f2103f3435
False,nan,nan,nan,0.0,0.0,0.0,reject,high_density_unattained,0.0,False,False,False,106489,True,0.9336059329821785,0.8799910574519736,2b30f5a82d7f6470
False,nan,nan,nan,0.0,0.0,0.0,reject,high_density_unattained,90,True,False,False,520228,True,0.9803461862491722,0.9425013058508792,28b9e744ec95d1d9
True,0.40068543403778945,0.4229626165997483,0.44614404980079936,0.029999999999996696,0.029999999999996696,0.016488527034259022,Tier_B,,290,True,True,True,295003,True,0.9804128970228881,0.9817003407224052,0d49b9b7e98d8367
True,0.22555468676952906,0.24289474774868514,0.24727788044890553,0.029999999999996696,0.0,0.008273484423943874,Tier_B,,125,True,True,True,153825,True,0.9803654630767624,0.9800416910590163,dff83b255cec3484
False,-0.09816079177719361,-0.0864945588962196,-0.07282563349687843,0.0,0.0,0.0,reject,reduction_below_threshold,0.0,True,True,False,74386,True,0.9801558125249068,0.9512744920368535,aa17b0b2405ffe40
False,0.002069599544461065,0.002605435508156284,0.0031193260765863817,0.0,0.0,4.871714673619492e-05,Tier_C,,105,True,False,False,944939,True,0.9800019743264397,0.9686510362799731,098a65620b4ad5f0
True,0.3475997022899855,0.3638769686631793,0.3788454774347525,0.029999999999996696,0.029999999999996696,0.013588320507059111,Tier_C,,0.0,True,True,False,785905,True,0.9801698523164516,0.9805804306089619,406c8dcf325b1310
True,0.0003190588734498512,0.00046712052323161224,0.0007917045409097101,0.0,0.0,1.5119330904638892e-05,Tier_C,,165,True,False,False,109902,True,0.9810041090765014,0.9800378432488138,6a34e6e927ec1f58
True,0.33891346590581817,0.3496111509495662,0.35802067129607495,0.029999999999996696,0.029999999999996696,0.012885120965269113,Tier_B,,290,True,True,True,304947,True,0.9806072660775282,0.9800192536891821,6be2ff8751d4d14a
False,nan,nan,nan,0.0,0.0,0.0,reject,high_density_unattained,50,True,False,False,737827,True,0.981082895052482,0.9048382878156805,1783766225300463
False,0.4993967701820088,0.5142802521313571,0.5174186657949351,0.028799999999996828,0.028799999999996828,0.020658253120408088,Tier_C,,0.0,True,True,False,87304,True,0.9800316029021247,0.9787857480767322,ce0a509980532c5d
False,-0.007318877956995484,-0.005040391223360863,-0.00309509931258245,0.0,0.0,0.0,reject,reduction_below_threshold,0.0,True,False,False,620044,True,0.9775357041376428,0.9567377833241784,f1a9bac7a3f27196
False,nan,nan,nan,0.0,0.0,0.0,reject,high_density_unattained,0.0,False,False,False,260787,True,0.7626829272580987,0.7626829272580987,492560dd7c63ded3
False,-0.6321962994316994,-0.5550777583226207,-0.4657877209464849,0.0,0.0,0.0,reject,reduction_below_threshold,0.0,True,True,False,68996,True,0.9800615971538007,0.9541583314971779,dfe1308b397b6b57
False,0.06711698520008746,0.07843571074501976,0.08455953865213683,0.0,0.0,0.001562675320056124,Tier_C,,130,True,False,False,563847,True,0.9803923976946352,0.9693423570306079,e2b028e36c5cc107
False,0.2394252456512046,0.3025926194424256,0.3138595159611236,0.009299999999998976,0.004699999999999482,0.003175413178751796,Tier_C,,0.0,True,False,False,261854,True,0.9649092963405533,0.9593225836558097,1a773c6c9dcbd084
False,0.025438706211017625,0.02813527766660423,0.02981071149966863,0.0,0.0,0.00013724403475282604,Tier_C,,50,True,False,False,362685,True,0.9806027999988246,0.9548920114270205,1640c6ed05e3f77f
False,0.2114191384834362,0.27482451548879,0.5694253327585389,0.027299999999996993,0.009099999999998998,0.011004116755113796,Tier_C,,0.0,True,False,False,792025,True,0.9772796630437678,0.9797225834304261,7394cf9d5dda4e84
True,0.4222736879732608,0.48615478089061137,0.5528879934642024,0.029999999999996696,0.029999999999996696,0.020079620278405534,Tier_B,,340,True,True,True,196159,True,0.98,0.98199936,11887e7c725bfc8a
False,nan,nan,nan,0.0,0.0,0.0,reject,high_density_unattained,0.0,True,False,False,939214,True,0.9800270742229718,0.9143154936497442,253961341dcaab3d
True,9.331329708928138e-09,9.723724492260999e-09,9.99030980164406e-09,0.0,0.0,2.909509855915768e-10,Tier_C,,265,True,False,False,467779,True,0.9818247840773241,0.9807649799566656,5dfe64bdbb9734aa
False,0.005735538155534514,0.009687347553782533,0.012997320967006343,0.0,0.0,0.0002788631716653284,Tier_C,,140,True,False,False,531357,True,0.9802562872877487,0.9789508520421649,fd8edfaa1fc5db6b
True,0.05359647941283541,0.06007128333157585,0.06636654889728166,0.0,0.0,0.0018525955920742133,Tier_C,,150,True,False,False,420343,True,0.9800407500934948,0.9800148179898538,9398e9587a92611b
True,0.03347896367563341,0.046446005159148984,0.05660673144521522,0.0,0.0,0.001417139950781647,Tier_C,,230,True,True,True,453968,True,0.98,0.9806630061589698,d65aebfdd715f496
True,0.5590210928403393,0.5714764626795512,0.5716755842028587,0.029999999999996696,0.029999999999996696,0.025316477647346756,Tier_B,,175,True,True,True,933741,True,0.9805571439221263,0.9802586183596667,4314c52efa05085f
False,nan,nan,nan,0.0,0.0,0.0,reject,high_density_unattained,0.0,False,False,False,283148,True,0.9801000006564652,0.8799975695590166,abbca587b87e54b6
True,0.06778889941729282,0.07740520234507298,0.08441085373807344,0.0,0.0,0.0024078558667762597,Tier_C,,340,True,False,False,785150,True,0.9800000152367478,0.9800703865836478,8bd06ffae090cc0a
True,0.0020165929377066183,0.002344772847456933,0.002426865460456895,0.0,0.0,6.908523043068185e-05,Tier_C,,200,True,False,False,661223,True,0.9816342779579509,0.9800065775889135,e4c88659fa30ba5d
True,0.08233831152751614,0.09404079983110714,0.11089994829718719,0.0,0.0,0.003005925142115216,Tier_C,,255,True,False,False,702284,True,0.9815803649515976,0.9810476813909249,5c0759063b5445dc
True,0.1594004683160799,0.16990311886940823,0.17399998537102068,0.0,0.0,0.005555729063617397,Tier_C,,125,True,True,True,561487,True,0.9806647604200649,0.9800119747477691,7bd81825a4ecd193
True,0.24147277603671358,0.2588896141489504,0.270052480862656,0.029999999999996696,0.0,0.008958609421965878,Tier_C,,240,True,False,False,370379,True,0.9800387336716784,0.980247020541171,4f98c993387177a1
True,0.15735489321410434,0.18948898589606744,0.22281611710309002,0.009999999999998899,0.0,0.006316976067576212,Tier_C,,145,True,True,True,690753,True,0.9801798430232688,0.9800115572543453,b038e15a36361c50
False,0.4606096839077669,0.46784605726496276,0.4739113014893931,0.014399999999998414,0.014399999999998414,0.00907873769938336,Tier_C,,0.0,True,False,False,116130,True,0.9720263002021746,0.9643818957395387,f301e86aec469091
False,-0.15247242594405952,-0.14929365542723105,-0.14589947713830842,0.0,0.0,0.0,Tier_C,reduction_below_threshold,75,True,True,True,460469,True,0.98,0.9545632504507903,32bddfc75650f3a5
True,0.023159225406000905,0.028260744798698667,0.03197316693060659,0.0,0.0,0.0008556312966528316,Tier_C,,230,True,False,False,394237,True,0.9800425047144922,0.980117910058476,9354bf08c0ab0134
False,-0.004238090235737069,0.001379990003317122,0.002936397778310895,0.0,0.0,3.0963894082956523e-05,Tier_C,,130,True,False,False,564884,True,0.9807485708781012,0.9728928496412983,feacb4d4b6e995f4
False,0.06038797189609624,0.06852811981041285,0.07490077432912012,0.0,0.0,0.0014688966133883324,Tier_C,,55,True,False,False,788810,True,0.9801539287854552,0.9707799247521183,afe3ccda303880e9
False,nan,nan,nan,0.0,0.0,0.0,reject,high_density_unattained,0.0,True,False,False,130865,True,0.8899708435557774,0.8823994028836241,0ce73a60f6378866
True,0.03473424861887908,0.040805957375579016,0.045667057568009484,0.0,0.0,0.0012368262118528945,Tier_C,,215,True,False,False,634202,True,0.9819344851732091,0.9800323522930845,0ae0b879e0f1f583
True,-0.007276928998493526,0.003971666271992302,0.006848494273362649,0.0,0.0,0.00010351913356641388,Tier_C,,200,True,False,False,313000,True,0.9819335990742661,0.9800200090725713,800e98bea8607d0f
True,0.24338975228275705,0.385499680019608,0.5657170728773773,0.029999999999996696,0.023499999999997412,0.015280611088898666,Tier_B,,75,True,True,True,752809,True,0.9802757595363828,0.980042614904678,124f76545908c7bb
True,-1.6084682199490885e-06,-3.609697092343822e-07,4.1975269660099457e-07,0.0,0.0,2.0341148660114353e-09,Tier_C,,215,True,False,False,603220,True,0.9819999999999999,0.9808663317449533,ca30bc5d6bcb9b84
False,nan,nan,nan,0.0,0.0,0.0,reject,high_density_unattained,0.0,False,False,False,128455,True,0.7721723416649078,0.7721723416649078,e23b8738c804978a
True,7.019069809299783e-05,0.0004989015340547409,0.0018981964548128172,0.0,0.0,2.042925288126189e-05,Tier_C,,205,True,False,False,179077,True,0.9805679357358106,0.9800711825823429,b5a5bb9933c6554c
True,0.05453284830725136,0.06553691754512603,0.07434752620693474,0.0,0.0,0.0020241340674137694,Tier_C,,305,True,False,False,336257,True,0.9802761580921763,0.9814703895032522,58dbdab173e1dd18
True,0.13848625591274977,0.16614171026429692,0.1898532621832063,0.0,0.0,0.005450993104453319,Tier_C,,235,True,True,True,125187,True,0.980506549329444,0.9801273353745275,e91337efce1849c1
False,0.019612229367043654,0.020320507912590324,0.020766866703330833,0.0,0.0,0.00010234856195761127,Tier_C,,40,True,False,False,515753,True,0.9800000000022783,0.9550002956347827,63304fd427d424a6
True,0.010447038096571104,0.013711898206525519,0.018775548066815806,0.0,0.0,0.0004233451214518388,Tier_C,,280,True,False,False,46313,True,0.9807068101206876,0.9801442700047648,426db22761d4e3fd
False,nan,nan,nan,0.0,0.0,0.0,reject,high_density_unattained,0.0,True,False,False,739086,True,0.9430090646245399,0.9407272297702669,15c8eef6e70f46b6
False,nan,nan,nan,0.0,0.0,0.0,reject,high_density_unattained,0.0,False,False,False,361001,True,0.7638825864677626,0.7638825864677626,bbaab624195e1f2b
True,0.03522570746636189,0.042167821934364524,0.05017714615303415,0.0,0.0,0.0012979448176429409,Tier_C,,215,True,False,False,496906,True,0.98,0.9801564800650179,d0c08bf5d231bb6c
False,nan,nan,nan,0.0,0.0,0.0,reject,high_density_unattained,0.0,True,True,False,540789,True,0.9802351142279804,0.9491180688547456,2ffaf6b40540e7af
True,0.033683249278433136,0.03973119772713085,0.041249786860744875,0.0,0.0,0.0012014715548242713,Tier_C,,180,True,True,True,538973,True,0.9804579040372324,0.9800538115648275,088172abcef08556
True,0.061839820762296216,0.14103010888826595,0.17953854315281703,0.0,0.0,0.004357137610883248,Tier_C,,55,True,True,True,105601,True,0.9806150393409538,0.980036879917624,49d49c560dfab808
True,0.01809074021876178,0.07886294142863248,0.10601880876390546,0.0,0.0,0.00225062496843341,Tier_C,,205,True,False,False,11650,True,0.9801601870774272,0.9800392281588215,225ba0a88e946f75
True,-0.8379773344920025,-0.6006300736777801,-0.4340471197273019,0.0,0.0,0.0,reject,reduction_below_threshold,0.0,True,True,False,962572,True,0.98,0.9800160226210377,372ed384593eb269
True,0.3193441595396648,0.33850743953469187,0.3421968643101372,0.029999999999996696,0.029999999999996696,0.012264101699310822,Tier_C,,205,True,False,False,263940,True,0.9804199372076113,0.9801114929942178,9c2cbebdf7c8c308
True,0.3163335195593616,0.36665654955423044,0.4191214178162841,0.029999999999996696,0.029999999999996696,0.013712032368489675,Tier_B,,85,True,True,True,577550,True,0.9801959947493686,0.9800002987041314,b34034dda3ca495b
True,4.285460875053104e-14,4.285460875053104e-14,4.285460875053104e-14,0.0,0.0,1.2856382625157619e-15,Tier_C,,230,True,False,False,696316,True,0.9818892078084834,0.9800298596203743,daa686a926f03fd8
False,nan,nan,nan,0.0,0.0,0.0,reject,high_density_unattained,0.0,True,False,False,763019,True,0.9800541530964665,0.9281851230945183,580f809fdd24794d
True,0.052613942885392784,0.059825061806902724,0.06593989939312928,0.0,0.0,0.0018488222348841095,Tier_C,,225,True,False,False,349758,True,0.9817191033183682,0.9801592805467048,27138e27c64a8d60
True,0.6591784598029047,0.7034753939505798,0.7356273197030831,0.029999999999996696,0.029999999999996696,0.0364252878373611,Tier_B,,150,True,True,True,151651,True,0.9812551655048528,0.9801589784767322,3c2ee1f75842f995
True,1.1019537583090155e-05,1.1585626746080102e-05,1.1852449645410879e-05,0.0,0.0,3.460838621635568e-07,Tier_C,,205,True,False,False,114045,True,0.98,0.9802583503973901,bf154fc0c7d878a4
True,0.009105531714829418,0.01261886384149924,0.01803536053003907,0.0,0.0,0.0003903042976636141,Tier_C,,255,True,False,False,72669,True,0.98,0.9800792932167364,8b927cde9efbaf64
True,3.830770856083632e-07,5.185459084344757e-07,8.000360226523284e-07,0.0,0.0,1.6396277777739775e-08,Tier_C,,250,True,False,False,833049,True,0.9812039715162709,0.9811861935661748,e16406b9029424df
True,-0.07342209143210288,-0.06300237163620936,-0.040643193888990625,0.0,0.0,0.0,Tier_C,reduction_below_threshold,190,True,True,True,506847,True,0.9804256583080329,0.9800423814452035,0d2fa06c2ff000af
True,0.08989398222985212,0.14078182888771607,0.31910014410878984,0.006299999999999306,0.0006999999999999229,0.005193180149249337,Tier_C,,140,True,True,True,487232,True,0.9807552834255576,0.9800662857688731,84c516698f0f1e8b
True,0.06131616612294288,0.07372548832763026,0.08649013231499858,0.0,0.0,0.0023012970387369784,Tier_C,,205,True,False,False,934107,True,0.9813582255301168,0.9801466208946925,51442acbd45000c6
True,0.054226117773362836,0.059564255531086574,0.0635519319895046,0.0,0.0,0.0018324792984156105,Tier_C,,340,True,False,False,41830,True,0.9810302559983578,0.9800624360580484,3ce9f123f76da50e
True,0.005287557275818311,0.010612437824302434,0.01954668078546673,0.0,0.0,0.00033820816474329713,Tier_C,,200,True,False,False,938847,True,0.9819999999999999,0.9802042634769735,c2b40a4be2a66910
True,0.08655223281293545,0.13142171878057718,0.38998589884268464,0.006399999999999295,0.0017999999999998018,0.005230436823576446,Tier_C,,0.0,True,True,False,89021,True,0.9803079345814696,0.980110530097768,394f0f22e2fac8b8
True,0.4190521060812451,0.4829261979930518,0.5550837972727631,0.029999999999996696,0.029999999999996696,0.019872276441090412,Tier_B,,125,True,True,True,486959,True,0.9818770191285777,0.9800391669533173,0233694d5a7b708d
True,0.04792990755292126,0.05287063063790165,0.0560804679691157,0.0,0.0,0.0016199902533007879,Tier_C,,180,True,False,False,615388,True,0.9804069754503039,0.9800494621415723,14a7ec22a7721d98
False,0.6390322205409652,0.6405840948037739,0.6419816570956555,0.010599999999998833,0.010599999999998833,0.010845988469563615,Tier_C,,15,True,True,False,605670,True,0.9809737904698692,0.9606096623656596,8fd9f618b8a77f58
False,nan,nan,nan,0.0,0.0,0.0,reject,high_density_unattained,105,True,False,False,898517,True,0.9815877185098525,0.9301704246376554,761dd0bb10176d7d
True,0.1394334771386625,0.18511069274670466,0.22951334997555617,0.00879999999999903,0.0,0.0061169215072454045,Tier_C,,200,True,False,False,907895,True,0.98117022819661,0.98002691289074,7b8bce40fc13fcdd
False,nan,nan,nan,0.0,0.0,0.0,reject,high_density_unattained,0.0,False,False,False,656918,True,0.8418751504978346,0.8418751504978346,5c1a5a303eee8b23
True,0.019589047114960345,0.022846824284679212,0.025940872506838852,0.0,0.0,0.0006924604223327719,Tier_C,,215,True,False,False,904756,True,0.9819999999999999,0.9800269488841475,796b244eccca2641
True,0.41864971686019237,0.45348033246994635,0.4839168726916785,0.029999999999996696,0.029999999999996696,0.018115956447067195,Tier_B,,150,True,True,True,321890,True,0.981542171606691,0.9802204600446435,948f8c08ef41f172
True,0.6689170305073162,0.7253598960847805,0.7636685705349531,0.029999999999996696,0.029999999999996696,0.03858913821593053,Tier_B,,25,True,True,True,147185,True,0.981657416077213,0.9802008379762364,706bdafeb8d8b039
True,0.0031217100747764626,0.00344194989296831,0.003578667025398774,0.0,0.0,0.00010254504949778807,Tier_C,,240,True,False,False,873006,True,0.9802155065099252,0.9800177002941717,849c00cd88821bf9
True,-0.0003060178899447763,0.000172473812542151,0.00033614805902526523,0.0,0.0,4.725575090540517e-06,Tier_C,,205,True,False,False,621299,True,0.9811162451712814,0.9802196043019756,95073ff4cbc07fa5
True,0.4158566283740145,0.44272408706964905,0.44341708710550787,0.029999999999996696,0.029999999999996696,0.017412360018689323,Tier_C,,215,True,False,False,318604,True,0.9800062143434447,0.9800339581106802,18c8609a2b1765e9
True,7.418721748031487e-09,1.0438926500988543e-08,1.620155809511914e-08,0.0,0.0,3.260200315647081e-10,Tier_C,,190,True,False,False,659074,True,0.9819999999999999,0.9800957499595093,31fb7c4cb4318204
False,nan,nan,nan,0.0,0.0,0.0,reject,high_density_unattained,55,True,False,False,694832,True,0.9802483605774148,0.8922530366960139,24a82ad803643a90
True,0.28874099670606135,0.6313507230970457,0.7423197693933374,0.029999999999996696,0.029799999999996718,0.02840987361816397,Tier_C,,0.0,True,True,False,267719,True,0.9808110220164199,0.9800832867490237,15357f2585c3642f
True,0.004903646339015522,0.006565381806823867,0.008798204950282718,0.0,0.0,0.00020041889732098258,Tier_C,,240,True,False,False,507204,True,0.9814785321745322,0.9802587284822644,1ea5077a72d93fa2
True,0.001202729189937246,0.0012879890199796185,0.0013501627784868742,0.0,0.0,3.854599250166651e-05,Tier_C,,150,True,False,False,142023,True,0.980375780142422,0.9800526449824327,f84f65793a5c5746
True,0.10318998103863941,0.136806175051697,0.16557695793911786,0.0,0.0,0.0044160715454050255,Tier_C,,215,True,False,False,820240,True,0.9803651746643215,0.9800023602396063,db7564841e33cf29
True,0.20112781739366126,0.38078579221983655,0.6327083358608991,0.029999999999996696,0.020299999999997764,0.015601720700971667,Tier_B,,130,True,True,True,340988,True,0.980482629094092,0.9800686869304275,2ba8033046536ba5
True,0.025645377846394535,0.027292409677518004,0.040576239080623244,0.0,0.0,0.0008588080656389277,Tier_C,,250,True,False,False,328941,True,0.9801454650374539,0.9800866532374695,5aeed0d58f933ddb
True,0.016431704343389253,0.022379238296292403,0.053070300678561555,0.0,0.0,0.0007657212839272971,Tier_C,,225,True,False,False,970695,True,0.9819999999999998,0.9801975858125922,be74c5062dd29a57
False,0.022933419258711618,0.023515892285520423,0.023713063690034564,0.0,0.0,4.7432153288966985e-05,Tier_C,,115,True,False,False,256808,True,0.981722496245516,0.9520375130785654,c64738e936d07a3f
True,0.8418148212204741,0.8690650909635852,0.8856076284347062,0.029999999999996696,0.029999999999996696,0.060690317575304985,Tier_B,,160,True,True,True,232887,True,0.9804501725601311,0.9801361374204016,8677700d5eb5b23e
False,nan,nan,nan,0.0,0.0,0.0,reject,high_density_unattained,0.0,False,False,False,893906,True,0.7168488989409988,0.7168488989409988,6c80b1aba55ee5d7
False,nan,nan,nan,0.0,0.0,0.0,reject,high_density_unattained,0.0,True,False,False,69926,True,0.980514352753849,0.9390986513068663,dafd73b50aa24f57
True,-0.2453045814338275,-0.15701663540585376,-0.09427027440235003,0.0,0.0,0.0,Tier_C,reduction_below_threshold,55,True,True,True,560258,True,0.9802453135674829,0.9800101949291851,98a4aec1f390df1c
True,0.0,0.0,0.0,0.0,0.0,0.0,reject,reduction_below_threshold,155,True,False,False,838006,True,0.9818913522338554,0.980002036151125,d748fb7e61b8244d
False,-0.18033207639557847,-0.1472096902747141,-0.11092234767611853,0.0,0.0,0.0,reject,reduction_below_threshold,0.0,True,True,False,391513,True,0.9801119721226075,0.9563385915165799,cd019ea72a442f4c
True,0.010028347687787709,0.012095974606111226,0.014626400241578352,0.0,0.0,0.0003673215972330153,Tier_C,,230,True,False,False,582220,True,0.98,0.9800876506459613,d524130f892792ad
True,0.18297347714918977,0.23097882809700665,0.32157448412943357,0.024099999999997346,0.0021999999999997577,0.008156243079474122,Tier_B,,215,True,True,True,366094,True,0.98,0.9801470573991221,24fa50efc9e8a11f
True,1.0436096431476471e-14,1.1102230246251565e-14,1.2212453270876722e-14,0.0,0.0,3.362199407774435e-16,Tier_C,,205,True,False,False,93003,True,0.9800635264055904,0.9800462420861642,a0b05e3c53f9aade
False,nan,nan,nan,0.0,0.0,0.0,reject,high_density_unattained,0.0,False,False,False,254944,True,0.7641383816357863,0.7641383816357863,1025435b0e9b2bf9
False,nan,nan,nan,0.0,0.0,0.0,reject,high_density_unattained,0.0,False,False,False,662920,True,0.7901271969680139,0.7901271969680139,9978956d74314ef5
True,-0.27721867759286534,-0.18046141089530243,-0.09019784966728084,0.0,0.0,0.0,Tier_C,reduction_below_threshold,30,True,True,True,360853,True,0.9819999999999999,0.9800806871890918,de9dbcd1fc64a24b
True,0.004347768960294318,0.004974992970731451,0.00546894421963795,0.0,0.0,0.00014922210651800252,Tier_C,,155,True,False,False,689529,True,0.980007832618332,0.9800398130971028,54a3551621492c17
True,0.09360639174669994,0.09637523022307992,0.09663632067011507,0.0,0.0,0.0030269290849012703,Tier_C,,180,True,False,False,289309,True,0.9818404669911274,0.9800485774856847,f752c5a49e4162d7
False,-0.4546566654784616,-0.45160251501273274,-0.4478789204874216,0.0,0.0,0.0,reject,reduction_below_threshold,0.0,True,True,False,277908,True,0.9801857935423394,0.9501819832612424,732abae02674ef5c
False,nan,nan,nan,0.0,0.0,0.0,reject,high_density_unattained,55,True,False,False,919222,True,0.9808322805107212,0.9085744163331814,a5750705cce629bc
False,nan,nan,nan,0.0,0.0,0.0,reject,high_density_unattained,5,True,True,False,774294,True,0.9800864259751881,0.9066999613508037,aeef0134af3a1b79
True,-0.22824015386251206,-0.2075810559644229,-0.17679739668556427,0.0,0.0,0.0,reject,reduction_below_threshold,0.0,True,True,False,926957,True,0.9802602612076415,0.9800060986074328,21be873701e35385
True,0.016733291497378677,0.023875120222665802,0.03826525040781037,0.0,0.0,0.0007603653450478628,Tier_C,,255,True,False,False,870000,True,0.9806470530130849,0.9803042284341,e21b0296033c2143
True,-0.5859619663094524,-0.3313903363443975,-0.16739594534603786,0.0,0.0,0.0,reject,reduction_below_threshold,0.0,True,True,False,40204,True,0.9819999992773651,0.9800610267581836,719f32cd183a4385
True,-0.024483848429728727,-0.00979930453826694,0.002633843702352645,0.0,0.0,4.540347785605637e-06,Tier_C,,240,True,True,True,973501,True,0.9810023667321931,0.9800219037521638,4901fd816eaef3bc
False,0.006761579324195743,0.007407485638867395,0.008020866250946668,0.0,0.0,0.00013926607373968572,Tier_C,,140,True,False,False,791426,True,0.9818210368311929,0.9687249391487034,ca6cd787d1d8f061
True,0.26510083356016767,0.2772408075177385,0.38988395284661614,0.029999999999996696,0.007699999999999152,0.010452954056030512,Tier_C,,0.0,True,True,False,611263,True,0.980723599428758,0.9800697001965252,a5132c4fa7aca7c0
True,0.028767155600112893,0.035559478208084805,0.041244352618841074,0.0,0.0,0.0010784492049891131,Tier_C,,195,True,True,True,715408,True,0.9819596098616535,0.9800141237532694,5010fcfd26144f91
True,-9.743437168197033e-10,-6.927030060666084e-10,-4.816369525428854e-10,0.0,0.0,0.0,reject,reduction_below_threshold,205,True,False,False,851217,True,0.98,0.9800598395636807,e66d897c967083e9
False,nan,nan,nan,0.0,0.0,0.0,reject,high_density_unattained,0.0,False,False,False,874523,True,0.8621679532496003,0.8621679532496003,2ee8d5fccf004bcc
True,0.08812029124294007,0.09270557409467317,0.09610257981890835,0.0,0.0,0.002916920093204902,Tier_C,,200,True,False,False,94520,True,0.9807604981707534,0.9800643288221265,068ed72db516f527
True,0.019047050828620238,0.023703289722298404,0.02929434901439676,0.0,0.0,0.0007244352572241339,Tier_C,,255,True,False,False,757789,True,0.9819890597770302,0.9805464991865458,b5baf256aa12b389
True,0.3166249632989401,0.33828543098615416,0.3963088245504146,0.029999999999996696,0.029999999999996696,0.012883391826879434,Tier_B,,200,True,True,True,443831,True,0.9810383940815096,0.9800005214752958,0528d0e1c345a876
True,0.0512988933474543,0.058364675070933014,0.06108124177610319,0.0,0.0,0.0017750046078071628,Tier_C,,165,True,False,False,711388,True,0.9807304549827176,0.9800409778314862,33f8bcbf782e4d7b
True,0.16615324894692396,0.2437855451153741,0.35141057759475847,0.022999999999997467,0.006399999999999295,0.008653958261002091,Tier_C,,5,True,True,False,31896,True,0.9804952343313171,0.9801061729650352,1792818f52a13c84
True,0.04646463388213429,0.06391231682416754,0.08978788553536221,0.0,0.0,0.0020276183045991316,Tier_C,,240,True,False,False,250615,True,0.9819867244044183,0.9804321945605872,e7fd32eb864f148c
True,0.0003687091769953854,0.0003690293554403645,0.0003692536185115891,0.0,0.0,1.1072709188030745e-05,Tier_C,,190,True,False,False,749876,True,0.9811224309174784,0.9800013186793662,3802726bcd486373
True,0.11382431178116759,0.34857790215032847,0.45156066871691836,0.02669999999999706,0.01969999999999783,0.012318911277508048,Tier_B,,125,True,True,True,120073,True,0.9802336634494071,0.9800447271384681,588aa105e3e2d2bc
True,0.02128579301467204,0.02974014340628528,0.043323897936323075,0.0,0.0,0.000931173710054413,Tier_C,,225,True,False,False,968928,True,0.9819999999999998,0.9800459644404778,d506f9cc2f823d43
True,0.037068985918299324,0.05079071976585803,0.056172097076110816,0.0,0.0,0.0015248200418035403,Tier_C,,165,True,True,True,378241,True,0.980619867848186,0.9800663625007602,0c801bcc1c708635
True,0.00029052517551886314,0.0010103660343950827,0.008214277195857989,0.0,0.0,6.98518610603159e-05,Tier_C,,205,True,False,False,900993,True,0.981878015370906,0.9802661542006622,461562c32d5c5c1d
True,0.17890657918310426,0.2033818771813869,0.2244618808482628,0.017499999999998073,0.0,0.006815014449824353,Tier_C,,340,True,False,False,242324,True,0.9804777228412962,0.980035630850381,47a5f5470fe3cde3
True,0.2117853702569199,0.25510617277374537,0.2872379871375663,0.029999999999996696,0.0,0.008757014251411475,Tier_C,,290,True,False,False,229494,True,0.9808607360339652,0.9806476488837456,e494d2002ee70d2f
False,nan,nan,nan,0.0,0.0,0.0,reject,high_density_unattained,0.0,True,True,False,197164,True,0.9801768661704053,0.9419012107482347,eb1cffe7e794ec25
True,0.001464525929891769,0.003429938361200091,0.004263213404536503,0.0,0.0,9.637136187010809e-05,Tier_C,,255,True,False,False,566385,True,0.9810556851739368,0.9803968354049845,7768b2c3470251fb
False,nan,nan,nan,0.0,0.0,0.0,reject,high_density_unattained,0.0,False,False,False,900803,True,0.8848049951420743,0.8794205026109441,655100bf0b9f50e5
True,0.3443957969199726,0.36993257687172065,0.3889678745019941,0.029999999999996696,0.029999999999996696,0.013830443189624925,Tier_B,,115,True,True,True,682435,True,0.9800000000000001,0.980020853335188,71fe722f2a9fbf8d
False,0.0019501933478768274,0.002073463131523623,0.002125248834816462,0.0,0.0,2.3264785771650566e-05,Tier_C,,515,True,False,False,473706,True,0.9803853944118129,0.9612774378667014,0890b4fab5c270eb
True,-0.032263451594145565,-0.031816095931018085,-0.028984689456127644,0.0,0.0,0.0,reject,reduction_below_threshold,240,True,False,False,765548,True,0.9801943723987896,0.9801378712677693,5121c6a4bd7074e4
True,6.625255899450622e-12,8.151590513705287e-12,9.676259793423014e-12,0.0,0.0,2.4454168689909973e-13,Tier_C,,300,True,False,False,564124,True,0.9814602016070176,0.9801035624950739,1dfea1262cab9d57
True,0.6307837674792556,0.7285101204200575,0.7832753584909917,0.029999999999996696,0.029999999999996696,0.0384257401840543,Tier_B,,190,True,True,True,529365,True,0.9800242253278865,0.9800449550439466,386f8a86589a3e53
True,-0.0036691028245419144,-0.002884966076926787,-0.0021843026202745808,0.0,0.0,0.0,reject,reduction_below_threshold,165,True,False,False,891385,True,0.9811251247171885,0.9800875549603014,556dbe3aaee85ef0
True,0.175893790689587,0.24148796857389487,0.5978389464497466,0.02369999999999739,0.00689999999999924,0.009583231552954314,Tier_B,,125,True,True,True,921831,True,0.9804214498642286,0.9800454059543623,02f99c55623d2a9f
True,0.0,0.0,0.0,0.0,0.0,0.0,reject,reduction_below_threshold,240,True,False,False,884174,True,0.98,0.9804764371544437,2ab399b9f07fb0f4
True,0.08437790140222401,0.09121960735621648,0.09593136884269005,0.0,0.0,0.0028547671406986335,Tier_C,,140,True,True,True,908780,True,0.9800000000000001,0.9801413144072905,086aac0483b5081c
False,0.7356965816457156,0.7619197203157456,0.784431823724586,0.012499999999998623,0.012499999999998623,0.017758194270402098,Tier_C,,65,True,True,True,500887,True,0.9808330206232195,0.9624841663565411,8fb0d1ac5eca9ec0
True,0.12168195776688295,0.16099850728639553,0.21433502827152262,0.0033999999999996255,0.0,0.00536190479535354,Tier_C,,290,True,False,False,46706,True,0.98,0.980160579888731,faded4fdfdd33e2e
True,0.012923688912665598,0.015245457169700827,0.017885961770156777,0.0,0.0,0.0004631197021123467,Tier_C,,290,True,False,False,292881,True,0.9813521331089287,0.9800233571735837,893192e857179de7
True,0.0013377152888863764,0.0020634635832518233,0.002761263746719256,0.0,0.0,6.178460903386761e-05,Tier_C,,230,True,False,False,37732,True,0.9819999999999999,0.9801342741554292,a847c2bf9385b957
True,0.2990801317448697,0.41438722071715917,0.570650257196454,0.029999999999996696,0.029799999999996718,0.016688760161004457,Tier_B,,100,True,True,True,93845,True,0.9818536879520244,0.9802755039098456,b0d17ef83a970e79
True,-0.0668088963314426,-0.013515241366119257,0.027830821289210772,0.0,0.0,0.00013707046503751586,Tier_C,,60,True,True,True,126441,True,0.9816072498264565,0.9800577479896048,cd171b336b65be47
True,0.3088902259359503,0.36932891858705785,0.4355733811681576,0.029999999999996696,0.029999999999996696,0.013923202984264017,Tier_B,,190,True,True,True,34679,True,0.98,0.9805400190317433,cb923c88c4e6b984
False,-0.2488494484511563,-0.20375319429342387,-0.15636695960233782,0.0,0.0,0.0,reject,reduction_below_threshold,15,True,True,False,56524,True,0.9800438956276807,0.9552458230198544,8a18c6d9397d77cd
True,0.44788707668829275,0.6135956684901565,0.6957258286411836,0.029999999999996696,0.029999999999996696,0.02798310467102337,Tier_B,,225,True,True,True,975930,True,0.9818088593276797,0.9806012719077228,c923226124cae4fd
True,0.0799576844576112,0.07995768445825224,0.07995768445827933,0.0,0.0,0.0025000684452760715,Tier_C,,205,True,False,False,629912,True,0.981090521225013,0.980089479116133,8c9cab9ec95c45e0
True,-0.01619860485833846,-0.004334731485344356,0.0032037253357766193,0.0,0.0,1.246775118906893e-05,Tier_C,,240,True,False,False,902507,True,0.9802483870693134,0.98045602298458,7633a6baae88e3e8
True,0.12423795253048486,0.30325894604471015,0.4225582011997686,0.02159999999999762,0.015199999999998326,0.01040183582486472,Tier_B,,40,True,True,True,919526,True,0.9802939914485337,0.980114842225194,54f13b55eee91108
True,0.02882865817975666,0.0649586574658827,0.2244545432801488,0.004699999999999482,0.0,0.003290230061540889,Tier_C,,200,True,True,True,349837,True,0.980154874912825,0.9805867644555135,bf27fb6ed690a612
True,0.4234152029449584,0.42883120570857625,0.42965101144524886,0.029999999999996696,0.029999999999996696,0.016767794583956153,Tier_B,,175,True,True,True,617797,True,0.9809040692811509,0.9800205391917667,bd8c9e8909b47ea7
False,nan,nan,nan,0.0,0.0,0.0,reject,high_density_unattained,0.0,True,False,False,436293,True,0.8978714580070968,0.8934223696879618,b5877ad9bfa688a7
True,0.032519874737758414,0.04860602971789563,0.06075156431965634,0.0,0.0,0.0014964494609999407,Tier_C,,355,True,False,False,782912,True,0.9802768721405831,0.980751140699699,37b7ab128ef327cb
True,0.03614350091280638,0.04715779744835624,0.5488966180841259,0.0039999999999995595,0.0036999999999995925,0.003939721078686863,Tier_C,,140,True,True,True,640995,True,0.9800020990825459,0.9800264361681176,7477d1841083eda8
True,0.13627026900757822,0.14786251549185037,0.1565229515443204,0.0,0.0,0.0047855706965233375,Tier_C,,250,True,False,False,631265,True,0.9806792089375214,0.9800188904286365,cffbc6476f69a0c8
False,nan,nan,nan,0.0,0.0,0.0,reject,high_density_unattained,0.0,False,False,False,136773,True,0.8037184598334313,0.8037184598334313,4b927a41dba7eced
True,0.32339262795187784,0.36145822729540356,0.38943973418050937,0.029999999999996696,0.029999999999996696,0.013361907295141112,Tier_C,,315,True,False,False,903809,True,0.9806246945882902,0.9819091364998764,193a921393a25a03
True,0.0820356688718541,0.10177790179066015,0.12514962429096155,0.0,0.0,0.0032424214426062716,Tier_C,,215,True,True,True,122210,True,0.9801123312423747,0.980027789388549,87914d2ad5db7f33
True,0.2810528767400131,0.30489818314227457,0.33012722665657057,0.029999999999996696,0.01789999999999803,0.010909643670883177,Tier_C,,280,True,False,False,767352,True,0.9809104566207633,0.980101518048301,c1ec96dd2b3253b9
True,0.2567043695062994,0.26436206151855324,0.26645753623843393,0.029999999999996696,0.0,0.009168703599705204,Tier_B,,185,True,True,True,622203,True,0.9814694821144867,0.980154775666502,7536a9e8a1226556
True,0.0779597915091571,0.244911758841712,0.2707214895263115,0.021899999999997588,0.0,0.0074916754839128435,Tier_C,,5,True,True,False,367454,True,0.981661851847443,0.9800041711651138,652f022d90a208ec
True,9.582220206194592e-08,1.5079005499796239e-07,2.824973762693972e-07,0.0,0.0,4.871891604759886e-09,Tier_C,,240,True,False,False,438915,True,0.9819999999999999,0.9803003248695574,a636a2ffe296cf56
True,-0.2913510773809469,-0.1724793302438723,-0.10624557622711639,0.0,0.0,0.0,Tier_C,reduction_below_threshold,65,True,True,True,360505,True,0.98,0.9801138221683307,259b59555df8d35c
True,0.0,0.0,0.0,0.0,0.0,0.0,reject,reduction_below_threshold,315,True,False,False,269713,True,0.9804541717415213,0.9800912662928212,800368e034dde00b
True,0.0029373740207346843,0.003330045567118134,0.0039062273537595615,0.0,0.0,0.00010095660458208123,Tier_C,,200,True,False,False,958117,True,0.9811593423294876,0.9800663806564999,4600bc2020406ec9
False,nan,nan,nan,0.0,0.0,0.0,reject,high_density_unattained,90,True,False,False,358193,True,0.9805135779857671,0.9165322514604852,5a638d6801ef6a1b
True,0.011479813218126855,0.21984652863834298,0.4955569647767364,0.015299999999998315,0.014199999999998436,0.009007011354655961,Tier_C,,0.0,True,True,False,84506,True,0.9802716960714163,0.9800028465839703,6e3d5195c8f8e640
True,0.025709376533289974,0.030339847287042865,0.03430766209803915,0.0,0.0,0.0009216289224808752,Tier_C,,225,True,False,False,816520,True,0.9813052755812732,0.9800059416511687,fb38b415a228fef0
True,0.34288125288840476,0.40069462428966995,0.46530588804855466,0.029999999999996696,0.029999999999996696,0.015464698141588412,Tier_B,,235,True,True,True,486570,True,0.98,0.9816596999012404,06e8ba5cc8c400b7
True,0.13012490735095672,0.13622725997575968,0.13795098888812762,0.0,0.0,0.004366122619250363,Tier_C,,215,True,False,False,385552,True,0.9819231167882725,0.9800851448409926,2b6489ab1e874ea6
True,0.012065336929781068,0.014649110817801958,0.018150602534278137,0.0,0.0,0.00044661138750049656,Tier_C,,225,True,False,False,924965,True,0.9800061740630832,0.9802385522467314,9f7b1e86d3e6d338
True,-0.3494279844919519,-0.2971249650472132,-0.013560918195711036,0.0,0.0,0.0,reject,reduction_below_threshold,0.0,True,True,False,854150,True,0.98,0.9803792254262895,3263b2b0e51cf06d
False,nan,nan,nan,0.0,0.0,0.0,reject,high_density_unattained,0.0,True,True,False,789094,True,0.9814150573119115,0.9480095809244702,79bf74df63f28d15
True,0.001872967582928875,0.0024927417454774226,0.0036958960090999193,0.0,0.0,7.726298245357648e-05,Tier_C,,250,True,False,False,462692,True,0.98,0.9803497448337333,bed59d8d5bb4cd8d
True,0.18096242642085292,0.22826261809921577,0.2834833722141977,0.02369999999999739,0.0,0.007844369773508272,Tier_B,,75,True,True,True,720210,True,0.98,0.9800729024737622,bf081f78f2744045
True,0.02441091987394295,0.03364661746495201,0.04631628208515004,0.0,0.0,0.0010459401486884578,Tier_C,,200,True,False,False,894428,True,0.9817083500682334,0.9800078795527863,fd942a829f48a980
True,0.12104793944468384,0.18925431482251642,0.7453991282579794,0.013699999999998491,0.009399999999998965,0.01191179966635219,Tier_C,,0.0,True,True,False,560087,True,0.9819940672271208,0.980086602468893,5793b60863d9279b
True,0.10279932647259105,0.11766736636435193,0.13105778773939092,0.0,0.0,0.003758105324510875,Tier_C,,215,True,False,False,393789,True,0.9813016643333763,0.9802998288768927,96001fc1fec360a7
True,0.347279427425647,0.42077150947819997,0.5580052092631451,0.029999999999996696,0.029999999999996696,0.016983321019754142,Tier_B,,130,True,True,True,350504,True,0.9812845010556671,0.9800031625597587,24e833296206c178
True,-2.2151988420754023,-1.9866694144690817,-1.7356191305347046,0.0,0.0,0.0,reject,reduction_below_threshold,0.0,True,True,False,94168,True,0.98,0.9801680567761898,ff778f43a0589294
True,-0.3362396932841576,-0.19839742566001983,0.0386595013161134,0.0,0.0,9.921822416964518e-05,Tier_C,,0.0,True,True,False,568692,True,0.9819999999999998,0.9804289162217992,9262a04cf9a15a9d
True,0.19410999250317118,0.2254779537626218,0.2558046853814049,0.028399999999996872,0.0,0.007740638840750448,Tier_C,,255,True,False,False,299663,True,0.9806591121366354,0.9803182199939833,189a6d5dbab6cee2
True,0.011287009174499874,0.013501511462473914,0.014762649005580664,0.0,0.0,0.0004037234329599777,Tier_C,,230,True,False,False,357344,True,0.9800027908868801,0.9800226686618508,30b7c58393af1a5f
True,0.04635742105138585,0.07725499282295645,0.13765465009061706,0.0,0.0,0.0025794370354992567,Tier_C,,230,True,False,False,779741,True,0.98,0.9803909662439825,32cc0a898b05f9b9
True,0.018071415296767257,0.04173939764985124,0.20564895010612638,0.00019999999999997797,0.0,0.0018971444839892123,Tier_C,,205,True,True,True,276195,True,0.9819332972208542,0.9801822551987638,71d0f42f761ff305
True,-0.06448404623096571,0.007293605404827375,0.09449021542084013,0.0,0.0,0.0007991737855843673,Tier_C,,0.0,True,True,False,420977,True,0.9800000000000001,0.9802544286522543,089f80f504b0d92b
True,0.08967034449228262,0.10905155748182627,0.12736475714179463,0.0,0.0,0.003424967218670182,Tier_C,,205,True,False,False,366225,True,0.9809908989798612,0.9801009916825737,eb2d56624ae66308
False,nan,nan,nan,0.0,0.0,0.0,reject,high_density_unattained,0.0,False,False,False,362320,True,0.9801653990304359,0.8798379809396482,da8e0e901630eac2
True,0.2800596644823947,0.2901779198292396,0.2908966564234171,0.029999999999996696,0.0,0.010207725677937967,Tier_C,,190,True,False,False,390528,True,0.98,0.9800105096411984,c23c4143d6f496ce
True,0.03897048643685064,0.03897049127466912,0.038970496830635803,0.0,0.0,0.001192504929047173,Tier_C,,155,True,False,False,965427,True,0.9801306358142295,0.980025374326018,d2b6f3a098ba85b2
True,0.003456011127495273,0.006144658193157682,0.010378354538459478,0.0,0.0,0.00019429527843754975,Tier_C,,205,True,False,False,487883,True,0.9801876296314719,0.980205604757806,fa7605ee4f03926c
True,0.13305118324037102,0.16918744020439802,0.21698791959727637,0.004699999999999482,0.0,0.005642467505711015,Tier_C,,205,True,False,False,892937,True,0.9802272568244511,0.9800059486189056,6128c5944adba2ce
True,-0.2541713846707956,-0.1651881286294703,-0.05464114753859173,0.0,0.0,0.0,reject,reduction_below_threshold,0.0,True,True,False,687097,True,0.9804235942287386,0.9800663432092863,806acdd8753efba1
True,0.15104023860052918,0.1628824882079979,0.17409284235160793,0.0,0.0,0.0053290408522754275,Tier_C,,415,True,False,False,971532,True,0.9800000000000003,0.9804356929065907,2eee4a82aa8240de
True,0.630126320660481,0.6707068674236714,0.7037311234690715,0.029999999999996696,0.029999999999996696,0.03327519046069085,Tier_B,,235,True,True,True,834077,True,0.9815743112876744,0.9800152957175385,7b5fae68e4ffa299
True,0.6763155307631109,0.7319695557191706,0.7851998881244671,0.029999999999996696,0.029999999999996696,0.03966283506176488,Tier_B,,160,True,True,True,445092,True,0.9800590731995359,0.9800297339693063,f8caea22040448ce
True,0.01770011958034856,0.01816775772516499,0.018268786472166898,0.0,0.0,0.0005479367986500903,Tier_C,,240,True,False,False,766635,True,0.980687999386012,0.9801055300854555,5ea3d30742d386bb
True,0.5425249473120439,0.5576904673661853,0.5670360865992348,0.029999999999996696,0.029999999999996696,0.024403948304423693,Tier_C,,0.0,True,True,False,851293,True,0.9803587080268358,0.9800240222379258,65907942d0d1de10
True,0.028109290752819538,0.03540020077791095,0.04571820615371103,0.0,0.0,0.0010949484522019826,Tier_C,,225,True,False,False,827969,True,0.98003330212805,0.9801472952932389,ab120719e2bbd6cc
True,0.6639637545414834,0.6924384689257578,0.7143816561871323,0.029999999999996696,0.029999999999996696,0.03531158921828678,Tier_B,,130,True,True,True,848370,True,0.98,0.9802015031684066,a6d0f8cde4d44c04
True,0.3923199288392728,0.40563024462658614,0.40984912407231466,0.029999999999996696,0.029999999999996696,0.015527019933789766,Tier_B,,80,True,True,True,152945,True,0.9804461801762306,0.9801056547590498,dab6cb12c3842fcc
True,0.6837467240743742,0.7067014223180395,0.7260786285221369,0.029999999999996696,0.029999999999996696,0.03681384182539489,Tier_B,,50,True,True,True,219531,True,0.9805838686513962,0.9811269951979139,a01de5c43d13bd47
True,0.014780269994088657,0.016603368235101112,0.018693804768519007,0.0,0.0,0.0005041040560534859,Tier_C,,265,True,False,False,198307,True,0.98,0.9811916064110477,5bd986c124d5f40a
False,nan,nan,nan,0.0,0.0,0.0,Tier_C,high_density_unattained,215,True,True,True,479144,True,0.9276150962415787,0.9800297496610966,dc60769fbf6a1cd5
True,0.3494520238405726,0.3827813529601266,0.4340637898176156,0.029999999999996696,0.029999999999996696,0.01477593934429522,Tier_C,,520,False,True,False,388194,True,0.9811616926412753,0.98199936,d73ad4dd91d07ced
True,0.0,0.0,0.0,0.0,0.0,0.0,reject,reduction_below_threshold,240,True,False,False,368477,True,0.9819999999999999,0.9801053358923191,5788faf5625d9aec
True,0.3592348964794374,0.36739330613669385,0.36989786077764875,0.029999999999996696,0.029999999999996696,0.013693429966906638,Tier_C,,165,True,False,False,164275,True,0.9818844529332355,0.9800761109207603,656f6c96dc759fc4
True,0.0004306688300035333,0.0006421890967927002,0.0010701844545435435,0.0,0.0,2.0275458440953376e-05,Tier_C,,225,True,False,False,269031,True,0.98,0.9800240132084768,fb9be407ff49d14c
True,-0.09738867627420289,-0.09546095541809319,-0.08889203916335364,0.0,0.0,0.0,reject,reduction_below_threshold,0.0,True,True,False,355152,True,0.9800267193501911,0.9801226979199624,7ecfcd0b18887fde
False,nan,nan,nan,0.0,0.0,0.0,reject,high_density_unattained,0.0,True,True,False,753577,True,0.9800005699997011,0.9497821900287055,d4b7b2aa8176423d
True,0.0013387719108350904,0.002956590112713209,0.007968031868556325,0.0,0.0,0.00010355509288662471,Tier_C,,265,True,False,False,665026,True,0.9806231863265963,0.9814109517958064,c3317a886849f8c9
True,0.2635041194202815,0.31959135410905715,0.37562387104220474,0.029999999999996696,0.01989999999999781,0.011486029279443085,Tier_B,,300,True,True,True,789293,True,0.9800526518375325,0.9818841688077327,cda459687fe5a103
True,0.3000334019552786,0.3402927967688527,0.3837563876543947,0.029999999999996696,0.029999999999996696,0.012518071342005693,Tier_C,,0.0,True,True,False,317424,True,0.98,0.9802082353038513,8cf4d9e1f3a80d72
True,0.01840881510513348,0.02772124095825579,0.04348169136327673,0.0,0.0,0.0008761770778600842,Tier_C,,205,True,False,False,591555,True,0.9819999999999999,0.9800062747881559,dd03e274059dc612
True,0.010446306429963248,0.018555965278516218,0.02909641715877198,0.0,0.0,0.0005793342012914075,Tier_C,,230,True,False,False,247324,True,0.981172708202023,0.9800914625958846,b51a8a23a9c048a3
True,0.033212719076125774,0.04284499477159742,0.055711214372016093,0.0,0.0,0.0013306978455661957,Tier_C,,205,True,False,False,407578,True,0.98,0.9801926314912622,5fb9176744184cc3
True,0.20215136584469606,0.32309013183140745,0.4107005895433099,0.029999999999996696,0.01869999999999794,0.011616960473698878,Tier_C,,0.0,True,True,False,206528,True,0.9803724170631064,0.9800757920677715,1039e4c84e0ba1a0
False,nan,nan,nan,0.0,0.0,0.0,reject,high_density_unattained,0.0,True,False,False,346410,True,0.9800088583430137,0.9448603111772789,2c69283474361a49
True,0.6603388676359744,0.7986302660377924,0.8134353039271889,0.029999999999996696,0.029999999999996696,0.04520838298103531,Tier_B,,55,True,True,True,619940,True,0.9801633231941731,0.9800170400481669,7bc71a0bf1165ad9
True,0.03609363961881229,0.044331951291327276,0.05421035933788698,0.0,0.0,0.0013689629580508223,Tier_C,,255,True,False,False,366446,True,0.9819999999999999,0.9801355919890479,7546b6b5d9e1e5dc
False,nan,nan,nan,0.0,0.0,0.0,reject,high_density_unattained,115,True,False,False,939112,True,0.98,0.9103116311675762,d597e7203becc72a
False,nan,nan,nan,0.0,0.0,0.0,reject,high_density_unattained,0.0,False,False,False,940326,True,0.8758809449727806,0.8758809449727806,e8d19c1acd92990b
True,0.6460429332165241,0.6651343033817642,0.6745820111137324,0.029999999999996696,0.029999999999996696,0.03269961088818966,Tier_B,,265,True,True,True,546963,True,0.9814862270177376,0.980351878074401,19608d20eb122d4f
True,0.04446572821854,0.06156824321732701,0.09548151967444252,0.0,0.0,0.0019907037461584535,Tier_C,,230,True,False,False,640116,True,0.98,0.9802180889890929,7c9838e95e3ed2a0
True,0.002031546588457056,0.004500569066440141,0.012799158838988856,0.0,0.0,0.000176043059184607,Tier_C,,190,True,False,False,193721,True,0.9811065990530485,0.9800060269183474,3cd2bd53e764bf2b
True,0.2548399447810499,0.2952685280009817,0.3334985294795152,0.029999999999996696,0.013099999999998557,0.010496888197296866,Tier_C,,240,True,False,False,5460,True,0.9815921297459373,0.9803271795296,1039bd78f1c03024
False,nan,nan,nan,0.0,0.0,0.0,reject,high_density_unattained,0.0,True,False,False,832124,True,0.9801020377294823,0.9341059838094656,00f5c5c6b7b250a0
True,0.16716688120663636,0.23110057368371095,0.32491870772575426,0.02169999999999761,0.0031999999999996476,0.008121611238297634,Tier_B,,105,True,True,True,115793,True,0.98,0.9801553210202242,51862497d43e0fe3
True,0.0,0.0,0.0,0.0,0.0,0.0,reject,reduction_below_threshold,155,True,False,False,617363,True,0.9819222008654716,0.9801662993109235,e5cfc8b3f4e754fb
True,2.522851928810077e-06,3.4767980738870108e-06,4.753106396915285e-06,0.0,0.0,1.0511403586603369e-07,Tier_C,,280,True,False,False,554694,True,0.9817264904339168,0.9808838744539926,700250ae99af6b3a
False,nan,nan,nan,0.0,0.0,0.0,reject,high_density_unattained,0.0,True,True,False,434498,True,0.9812455862749971,0.9483570785164509,2a5356ff546adab1
True,0.01303188376580977,0.01920744710951805,0.03329748359081097,0.0,0.0,0.0006179045246377949,Tier_C,,180,True,False,False,485055,True,0.980121371285718,0.9802019118120003,6614059934614b23
False,nan,nan,nan,0.0,0.0,0.0,reject,high_density_unattained,0.0,False,False,False,857082,True,0.75245466441551,0.75245466441551,dfe75d7bbc70c936
False,nan,nan,nan,0.0,0.0,0.0,reject,high_density_unattained,65,True,False,False,644764,True,0.9807296941544443,0.9394045195685866,9fff0a1fa93eaab9
True,0.09930695316470195,0.1026800681000547,0.10410894367980983,0.0,0.0,0.0032417874500359715,Tier_C,,90,True,True,True,65336,True,0.980570281123036,0.980043056302746,5ec390f6266c075b
False,nan,nan,nan,0.0,0.0,0.0,reject,high_density_unattained,0.0,False,False,False,554109,True,0.7952579140650586,0.7952579140650586,09517ad0964f9431
True,0.0040311162379633725,0.005385878111878739,0.00729140738813594,0.0,0.0,0.00016469493679584481,Tier_C,,240,True,False,False,51702,True,0.9819999999999998,0.980241835573324,0dd2bab901e9f2bd
False,nan,nan,nan,0.0,0.0,0.0,reject,high_density_unattained,25,True,False,False,241488,True,0.9800192886725532,0.8947404069492951,b941b54f3d2e537e
True,0.09651338235047102,0.12823796410812038,0.17021162411062873,0.0,0.0,0.004182777889999074,Tier_C,,305,True,False,False,39375,True,0.98,0.9808967953089319,0738df6ba4db7521
True,0.00013233744920959634,0.00017298067223492364,0.00021714258938698716,0.0,0.0,5.190097026489655e-06,Tier_C,,315,True,False,False,216842,True,0.981971702900674,0.9800878151938697,3d4afb724624eb77
True,0.327936515465275,0.39293083327063494,0.43783507081008577,0.029999999999996696,0.029999999999996696,0.014805533196437704,Tier_B,,175,True,True,True,723055,True,0.9801737458977742,0.9801455372130017,c068202e98eb366d
True,1.9444715837479976e-09,2.014145961126701e-09,2.014290956253717e-09,0.0,0.0,6.01852003186002e-11,Tier_C,,255,True,False,False,429034,True,0.98,0.980186210545537,2e78090f6ee3c4a0
True,0.25432150374713647,0.3113441752978878,0.376870756668359,0.029999999999996696,0.01779999999999804,0.01128777876946636,Tier_B,,175,True,True,True,148377,True,0.9815308209351585,0.9802449035445717,0ba667f280cf47f3
True,-0.0795926975844592,-0.01710404804866905,-0.001610606464763853,0.0,0.0,0.0,reject,reduction_below_threshold,0.0,True,True,False,503144,True,0.9800222736549071,0.9800024042163636,35e1c15ad728ea0b
True,0.020937387694229703,0.036536936983084134,0.04943211585674767,0.0,0.0,0.0010978239872604769,Tier_C,,0.0,True,True,False,77295,True,0.9800094432162326,0.980026062695498,f18798d33997fa18
True,-2.0576982544318057e-05,-8.03553396044876e-07,4.381360568905812e-06,0.0,0.0,3.926865063042851e-08,Tier_C,,205,True,False,False,380915,True,0.9807572631864137,0.9801607477367991,8ce6905884bd7be1
True,0.018844703706098698,0.023020970736362223,0.028647262845183485,0.0,0.0,0.0007056738137170917,Tier_C,,255,True,False,False,6836,True,0.9800303199646423,0.9801396256915883,cb5d191165e71982
True,3.9218989977829466e-07,5.626026223781722e-07,8.155595889736134e-07,0.0,0.0,1.727831055035328e-08,Tier_C,,305,True,False,False,914401,True,0.9804243383764243,0.9802711369747533,9f575d400ea9241d
False,nan,nan,nan,0.0,0.0,0.0,reject,high_density_unattained,75,True,False,False,794150,True,0.9802979660619615,0.9179236206686985,3c120271ebc87dee
True,0.037194755701196125,0.04389786877669588,0.05018826244035701,0.0,0.0,0.0013354774361969703,Tier_C,,230,True,False,False,778018,True,0.9813404654915104,0.9803755246385409,6cde3c155233a773
True,0.7622772860820642,0.8665798167866161,0.9126806263462433,0.029999999999996696,0.029999999999996696,0.059793130383574714,Tier_B,,35,True,True,True,451348,True,0.9805165235369087,0.9804667402055052,2b45cf2715460031
False,nan,nan,nan,0.0,0.0,0.0,reject,high_density_unattained,65,True,False,False,698561,True,0.9805938029778339,0.9090024963377434,5ea951a6f1f40e02
True,0.0009002837316208767,0.0012391634659756345,0.0019387464138358457,0.0,0.0,3.9450007616797116e-05,Tier_C,,280,True,False,False,371838,True,0.9819999999999998,0.9801542339153021,b133ad4251543b4d
True,0.07772375636232431,0.09596201814425431,0.11781407123461785,0.0,0.0,0.0030482899750689323,Tier_C,,240,True,False,False,322709,True,0.980704550944923,0.9801493027726768,c51f23b306f56511
True,0.3639743064353026,0.4904251768024821,0.6470438979713432,0.029999999999996696,0.029999999999996696,0.020960494251929064,Tier_B,,175,True,True,True,960600,True,0.9800000000000001,0.9802017944642731,43a389d039703a45
True,0.028043279662590792,0.030922040123411598,0.032744636076158296,0.0,0.0,0.000936418817265903,Tier_C,,225,True,False,False,373605,True,0.9800000000000001,0.9800645027632965,b65ce78efe0a398f
True,0.7036271345520877,0.8321385508292851,0.878279389945162,0.029999999999996696,0.029999999999996696,0.05187813165611222,Tier_B,,190,True,True,True,139402,True,0.9808584924369593,0.9802847861188009,6d8cab607bc9b82c
True,0.03675021761204078,0.04623098782988999,0.05239823120687037,0.0,0.0,0.0014084531883768769,Tier_C,,165,True,False,False,479348,True,0.9818149081402048,0.9800794606795818,250f31ded6fea61c
False,1.6639136448559633e-05,1.7150403854304663e-05,1.746916215816796e-05,0.0,0.0,1.7103832207713575e-07,Tier_C,,105,True,False,False,665504,True,0.9805872754408074,0.9599905946204905,df072d85ecaeb48e
True,-0.07198408478969665,-0.037110540888822596,-0.01654503383835726,0.0,0.0,0.0,reject,reduction_below_threshold,0.0,True,True,False,234146,True,0.9801543258296668,0.9801743185990734,da21ff6b14aa31a8
True,0.015213573094708499,0.017306916441074516,0.020122888420445628,0.0,0.0,0.0005359476732861594,Tier_C,,255,True,False,False,982244,True,0.9800125576838593,0.9800177792190984,4ab1f1b9f9a1af82
True,0.010628444795851899,0.04022899291090232,0.06750793627869511,0.0,0.0,0.001217563290523744,Tier_C,,265,True,False,False,22160,True,0.9804922389022489,0.9801247660556366,af506104bd7b8d4a
True,0.6359842026179432,0.7432474308227877,0.777091173350337,0.029999999999996696,0.029999999999996696,0.03965054579831713,Tier_B,,190,True,True,True,950211,True,0.9819999999999997,0.9800304523597299,947ae71e092fb9f2
True,1.3288370404040961e-11,2.2246426922833962e-11,4.5124459724377175e-11,0.0,0.0,7.316227068519772e-13,Tier_C,,240,True,False,False,282954,True,0.98,0.9804404789036292,a95bd2f8258ade7b
False,nan,nan,nan,0.0,0.0,0.0,reject,high_density_unattained,65,True,False,False,122094,True,0.9801484487425355,0.9008626925535497,b769c75ed4d4b54b
True,0.004762106041039882,0.007054821409999357,0.010871741216088804,0.0,0.0,0.00021983502214088487,Tier_C,,265,True,False,False,612375,True,0.98,0.9800075964166604,f31e70c1142d4d2f
True,0.25648962864755787,0.3034739661645175,0.3434461764543971,0.029999999999996696,0.01679999999999815,0.01087042241465678,Tier_B,,175,True,True,True,924141,True,0.9811244017665537,0.9801152778913357,42ef6a1e25ba9c6c
True,0.01192060308581211,0.014975414276208854,0.018559231035894963,0.0,0.0,0.0004559383724862035,Tier_C,,255,True,False,False,875103,True,0.9815391353928663,0.9801767417698481,236d933720cc1686
True,0.39978795134820033,0.4672870750544865,0.5227083630340186,0.029999999999996696,0.029999999999996696,0.01871387561978624,Tier_B,,290,True,True,True,840513,True,0.980760356799404,0.9807089089953878,007519c3494cf9d8
True,0.07836257772466781,0.08686497930710069,0.09761875938014675,0.0,0.0,0.0027403210551718345,Tier_C,,155,True,True,True,155565,True,0.98,0.980065802222408,7a975a763a88bfd9
True,0.03631481575495665,0.040532380998890116,0.04359513326841802,0.0,0.0,0.0012353255256995397,Tier_C,,215,True,False,False,558184,True,0.9803090170144327,0.980041867703038,f1094d7ff4763442
True,-0.01636704880826967,-0.00990474567005073,-0.003349200958518539,0.0,0.0,0.0,reject,reduction_below_threshold,215,True,False,False,205972,True,0.98,0.9802041753548949,ddcb75bcf569f52d
True,0.027792849232095684,0.03640356274514234,0.04510605651431476,0.0,0.0,0.0011131143340110095,Tier_C,,225,True,False,False,285983,True,0.9800171784528505,0.9800016455541917,46b5ac4ccefb77b1
False,0.026373626718084187,0.03199629368598611,0.03881032259641537,0.0,0.0,0.0005825853870587594,Tier_C,,205,True,False,False,669640,True,0.9678458883780037,0.9800018611457728,9a6cdaab4c063b12
True,0.061801133637966466,0.07174128046122796,0.08535643576912866,0.0,0.0,0.0022574305104658154,Tier_C,,265,True,False,False,458858,True,0.9817763004247959,0.9802391932980244,60563adee88588e5
True,0.25733526936491813,0.32610814784609554,0.3781331903503523,0.029999999999996696,0.019499999999997852,0.01159946137107375,Tier_B,,175,True,True,True,620812,True,0.9804420357275518,0.9800590296935184,4e96cf1e536757ce
False,nan,nan,nan,0.0,0.0,0.0,reject,high_density_unattained,0.0,True,False,False,729089,True,0.9804254612236554,0.9082271875004815,78f06a5a3896cb60
False,nan,nan,nan,0.0,0.0,0.0,reject,high_density_unattained,0.0,True,False,False,458445,True,0.8910629364109262,0.9264249203272777,aa41043d7dea1202
False,0.07001457194300853,0.09805259565137403,0.10545571052144675,0.0,0.0,0.002482716671995372,Tier_C,,80,True,False,False,417527,True,0.9808063364768759,0.9750776411189732,ca6fbff530136a4a
True,0.27169407040701943,0.2940137972217789,0.29478390498156504,0.029999999999996696,0.0,0.010309920221559365,Tier_B,,325,True,True,True,716467,True,0.9811580602374804,0.9809276902853361,31a83ee5ce4f4b24
True,0.0001560216169566031,0.0002146949321973901,0.000310229295106379,0.0,0.0,6.61483325507728e-06,Tier_C,,225,True,False,False,398093,True,0.9805652121508935,0.9802954077561992,bf1aa0971f5c768e
True,0.5062215980630236,0.5220249617142287,0.52735974140374,0.029999999999996696,0.029999999999996696,0.02205896671268195,Tier_C,,280,True,False,False,808994,True,0.9800000000216047,0.9800259043890909,3755b7d779208075
True,0.15981854913275395,0.19965914010533858,0.24707516156782672,0.01479999999999837,0.0,0.006742788800703012,Tier_C,,225,True,True,True,331161,True,0.9809859159838232,0.9800818079348158,5b629d57593c0f2e
True,0.5442399664029587,0.5461225168795361,0.5469702017897161,0.029999999999996696,0.029999999999996696,0.023687230784306304,Tier_B,,165,True,True,True,272157,True,0.9801320779815491,0.980087441865118,50e528fd734f1efb
False,nan,nan,nan,0.0,0.0,0.0,Tier_C,high_density_unattained,40,True,True,True,690773,True,0.9804266820200639,0.9470103002549091,22b81ea92fb9758d
False,0.13419950560143867,0.1417929982391627,0.15117428446795844,0.0,0.0,0.003099240653151051,Tier_C,,140,True,False,False,981567,True,0.9802799832207642,0.9701529060092419,a1df310e60a275b0
False,nan,nan,nan,0.0,0.0,0.0,reject,high_density_unattained,0.0,True,False,False,217850,True,0.9213230031359376,0.9358886659588568,3a778733575ad184
True,0.2702074161595408,0.34029929897369526,0.4141641287272071,0.029999999999996696,0.023499999999997412,0.01256221540183173,Tier_C,,380,True,False,False,868981,True,0.9802563711917142,0.9803395128975549,e562b197eb4250af
True,0.006411338023195046,0.022655046271075063,0.05984904166395888,0.0,0.0,0.0007958485139213902,Tier_C,,250,True,False,False,939402,True,0.98,0.9801351178687225,bcad999a80ea41fb
False,0.6128967672161092,0.6234071672596373,0.6304155777924733,0.019999999999997797,0.019999999999997797,0.01952875283183024,Tier_C,,0.0,True,True,False,445027,True,0.9812539967017874,0.9700168421828608,3703ba8d86f19172
True,0.19942416388153594,0.2390699454503652,0.2832461202561112,0.02969999999999673,0.0,0.008237370076106199,Tier_B,,150,True,True,True,194753,True,0.980131808101351,0.9802087331773698,ac54b1e05da0403e
True,0.0,0.0,0.0,0.0,0.0,0.0,reject,reduction_below_threshold,250,True,False,False,301921,True,0.980660709602375,0.9800344548333413,f04a2c8116ed44c5
True,0.11343979357027767,0.12860768705346148,0.13901586165647128,0.0,0.0,0.004105025395025153,Tier_C,,55,True,True,True,545223,True,0.980415132327707,0.9802697176810145,0cd1a33afc301987
True,0.00258677911808336,0.003369570433322644,0.004299458318964833,0.0,0.0,0.00010197241380496267,Tier_C,,165,True,False,False,720067,True,0.98,0.9801325440213153,69bb0562238f10a9
True,0.029461211090825667,0.03379441179868403,0.03805532681908508,0.0,0.0,0.0010309750179179657,Tier_C,,240,True,False,False,310715,True,0.9800768218291748,0.9800664592964494,213e716ee1c787ea
True,0.5851058728621032,0.6490201518641088,0.7101823633052072,0.029999999999996696,0.029999999999996696,0.03148321857640218,Tier_C,,215,True,False,False,785275,True,0.9819999999999999,0.980100090856566,4213815a1344c6bf
True,0.12148486507436396,0.16716856109966471,0.21370354366182265,0.00589999999999935,0.0,0.005531331948890044,Tier_C,,215,True,False,False,494397,True,0.9800628423615253,0.9801716135038112,59e29fed9c53ba31
False,nan,nan,nan,0.0,0.0,0.0,reject,high_density_unattained,15,True,True,False,53662,True,0.9800000163385459,0.9020606760115827,45ae9bab7538f82b
True,3.397282455352979e-14,1.0080825063596421e-13,5.205835762467359e-13,0.0,0.0,4.489819627194802e-15,Tier_C,,190,True,False,False,761565,True,0.9802848642617703,0.9805144033626924,aa3b395180474a10
True,-0.9855250664829502,-0.881251616024662,-0.773558228983612,0.0,0.0,0.0,Tier_C,reduction_below_threshold,50,True,True,True,732742,True,0.98,0.9802505971738003,8c7a2611c3f6bac9
True,0.024646300293138412,0.030008805839126573,0.036153506533992075,0.0,0.0,0.0009180946619698878,Tier_C,,200,True,False,False,14171,True,0.9802842655780368,0.9800369832156767,1e09aac92e572037
True,-0.029675694658640284,-0.01738220053189976,0.039931318993815634,0.0,0.0,0.00022430391249761696,Tier_C,,230,True,False,False,962629,True,0.980327814466774,0.9800052272602042,0a0a61b163d350b2
True,8.719313603133827e-06,2.4554981944424625e-05,4.79508987696331e-05,0.0,0.0,7.765012218731356e-07,Tier_C,,305,True,False,False,205742,True,0.981281659875753,0.9801884032586217,b458d4aca5f79104
True,0.02413464347211236,0.03070028861273133,0.03897607734865638,0.0,0.0,0.0009442184045859912,Tier_C,,225,True,False,False,278499,True,0.9816223122280606,0.9800526796201521,94bd7007a2d5c744
False,nan,nan,nan,0.0,0.0,0.0,reject,high_density_unattained,5,True,False,False,619203,True,0.9800683996471391,0.8919465069574584,3c33892001ad295e
True,0.16623547667918903,0.21176232949685436,0.2793729251888539,0.018499999999997963,0.0,0.007291982065695577,Tier_C,,225,True,True,True,997480,True,0.9807626292395213,0.9801176641597261,38350831d70b8a4f
True,0.0817667293594565,0.10496696890818236,0.14279609729343867,0.0,0.0,0.00339423786219031,Tier_C,,185,True,True,True,647014,True,0.98,0.9804118349261287,967ad1584905e61a
False,nan,nan,nan,0.0,0.0,0.0,reject,high_density_unattained,0.0,False,False,False,614431,True,0.8534309000536129,0.8534309000536129,a6f9b6a7cfcbd777
True,0.009572144050461362,0.011541053674418156,0.013645556319701657,0.0,0.0,0.0003472195045065655,Tier_C,,215,True,False,False,878303,True,0.9804231622873445,0.9804892420998965,db790cd71f99ac59
False,nan,nan,nan,0.0,0.0,0.0,Tier_C,high_density_unattained,140,True,True,True,93018,True,0.9254993030053554,0.9800018888430865,c3595bd7bfeff190
True,0.15622416519299032,0.15971026148614975,0.15973040691743368,0.0,0.0,0.005205811118407317,Tier_C,,330,True,False,False,436927,True,0.9819999999999999,0.9807705344952103,295ea4d0ecab9160
True,0.6936177972812925,0.7621513166568404,0.8180281075534528,0.029999999999996696,0.029999999999996696,0.04315230183689327,Tier_B,,180,True,True,True,149868,True,0.98,0.9800333860943857,d2ed228b47dc436a
True,0.14078779324095236,0.15361822982431972,0.16628122594759998,0.0,0.0,0.005004027309968963,Tier_C,,355,True,False,False,12104,True,0.9816023314553222,0.9802614997829638,c5e24a12bdc360fe
True,0.0,0.0,0.0,0.0,0.0,0.0,reject,reduction_below_threshold,240,True,False,False,860558,True,0.98,0.9802673162861016,6eca91114f4b497a
True,0.32207361869428697,0.3600854537483251,0.3888376251139082,0.029999999999996696,0.029999999999996696,0.01334201658932679,Tier_B,,320,True,True,True,874218,True,0.9802846769543063,0.9801654446997091,c9479ee9536f712d
True,-0.0273031981352283,-0.022026874157541565,0.0034571845223237974,0.0,0.0,2.063349528402348e-06,Tier_C,,240,True,False,False,986544,True,0.9819999999999999,0.9801487882721746,2b9047aa8d735250
True,6.336301472398276e-08,6.336576874321764e-08,6.33658751025834e-08,0.0,0.0,1.900962731561996e-09,Tier_C,,225,True,False,False,849810,True,0.98,0.9800842637840551,0a9fccb2cb7ae2e7
True,0.0719906884124123,0.11484298868202703,0.2578069335530041,0.0030999999999996586,0.0,0.004149558959128426,Tier_C,,255,True,False,False,362473,True,0.98,0.98022699757335,81771f8e47616d28
True,0.42054400110472145,0.48851699815571925,0.5472691558425764,0.029999999999996696,0.029999999999996696,0.02030589737948903,Tier_B,,240,True,True,True,479311,True,0.9800000000001348,0.9811136607754124,85f4b029d5015a8b
True,0.6843523385002528,0.7121201239069317,0.7293522787472826,0.029999999999996696,0.029999999999996696,0.03720867203775291,Tier_B,,125,True,True,True,316927,True,0.9800000068685488,0.9801254661600156,f3db9ab2b9ad2d60
True,0.5092156453687892,0.5919837321494559,0.6344265628390477,0.029999999999996696,0.029999999999996696,0.026579060569098388,Tier_C,,0.0,True,True,False,390420,True,0.9807891970267731,0.9801522114025033,7337d76b3d714992
True,0.030595596900828026,0.05675694522222641,0.11214957055851216,0.0,0.0,0.0019532573939253536,Tier_C,,200,True,False,False,884025,True,0.98,0.9800181519899149,80558c01405eaf8d
True,0.124061301497159,0.16519169652823285,0.19318442341219555,0.0,0.0,0.0053336953916766905,Tier_C,,180,True,False,False,42873,True,0.981881841188854,0.9803604496107335,17c9e7d29cd2e80b
False,0.5034499149232627,0.5142744251689613,0.519213769588851,0.022499999999997522,0.022499999999997522,0.016216494278996532,Tier_C,,0.0,True,True,False,860019,True,0.980437253612473,0.9725312072771113,40534333bf51aa8f
True,0.07741464016203337,0.1303073997830665,0.2079245148104354,0.0011999999999998678,0.0,0.004356350823406041,Tier_C,,280,True,False,False,696937,True,0.9819999999999999,0.9800035917450529,67b9512e40e08722
True,0.0,0.0,0.0,0.0,0.0,0.0,reject,reduction_below_threshold,275,True,False,False,7069,True,0.9818501485271535,0.980238717409929,d19a1012378167fe
True,0.14938314196855018,0.16914786527198777,0.18878266822896128,0.0,0.0,0.005565900419733119,Tier_C,,255,True,False,False,115252,True,0.9807601419718618,0.9802467890370811,0eeddfdcc1e6fa2f
True,-0.005691247806198119,-0.001181127475478716,0.009589340764399878,0.0,0.0,5.4277071105523666e-05,Tier_C,,275,True,False,False,519309,True,0.98,0.9801434435680089,5ece2ebe9c5f1b8b
True,0.10597531843046548,0.13924333460933458,0.20445805448924526,0.0004999999999999449,0.0,0.004673398536439453,Tier_C,,225,True,False,False,203056,True,0.98,0.9802038565762022,b54495f4e2b3abf8
False,nan,nan,nan,0.0,0.0,0.0,reject,high_density_unattained,0.0,False,False,False,403784,True,0.8028965832021016,0.8028965832021016,6c9f284f0e9f9ebc
False,nan,nan,nan,0.0,0.0,0.0,reject,high_density_unattained,0.0,True,True,False,778848,True,0.9802060073706441,0.8918229320770996,f73de551fc519fe6
True,0.08482378510420541,0.10637936291574868,0.12603698454881707,0.0,0.0,0.003351730549882947,Tier_C,,205,True,False,False,604214,True,0.9800542861407733,0.9801753958102023,951b53e375261cda
True,7.792723504262966e-07,1.197777539041489e-06,1.7589748851909448e-06,0.0,0.0,3.663357097088142e-08,Tier_C,,280,True,False,False,580105,True,0.9819999999999998,0.9802177008724023,43156182b7d1ee25
True,0.6690982661030465,0.765534752653123,0.8268525564767488,0.029999999999996696,0.029999999999996696,0.04329783719894968,Tier_B,,90,True,True,True,557495,True,0.9816538431239545,0.9802202102140842,450fd37e729f97e4
True,0.007706741930157968,0.011178555935995926,0.014898681560169824,0.0,0.0,0.0003379317444501702,Tier_C,,215,True,False,False,972183,True,0.98,0.9802042890499222,f6caec887d657b62
True,0.09592602707604614,0.10537054179272021,0.10740440740181945,0.0,0.0,0.003293587339773715,Tier_C,,50,True,True,True,757500,True,0.9801834906734795,0.9802524844863767,1e28cfcb8999d7c8
True,0.11660863343824546,0.19637916728588567,0.277272059174147,0.014299999999998425,0.0,0.006604600768923085,Tier_C,,205,True,False,False,370695,True,0.9801109318353823,0.9800441665545808,56f4a47ce7f1fbc5
True,-0.42482236203786994,-0.27883729938339274,-0.18234080803355313,0.0,0.0,0.0,Tier_C,reduction_below_threshold,75,True,True,True,269526,True,0.9800739808384904,0.9800077063876234,22cf6399cc2c3b00
True,0.028141453855734744,0.11602595934203797,0.1598719652951509,0.0,0.0,0.0033500960700168407,Tier_C,,155,True,True,True,818021,True,0.9800314983534995,0.9800465765666889,3b828dacb634138d
True,1.0758061108617767e-13,1.5354384430565915e-13,2.297051437949449e-13,0.0,0.0,4.751432580717611e-15,Tier_C,,230,True,False,False,634606,True,0.98,0.9804798938535597,388c346bf9b3dd83
True,0.024551875782949484,0.03862313595877176,0.06682646188596486,0.0,0.0,0.001257073214459217,Tier_C,,215,True,False,False,768610,True,0.98,0.9800237192695923,c6709bf0972a2988
True,5.551115123125783e-15,7.66053886991358e-15,1.1102230246251565e-14,0.0,0.0,2.3644419755439264e-16,Tier_C,,275,True,False,False,410570,True,0.981150680444197,0.9800825777420261,3fcd8a929a8d1451
True,0.026988772230896463,0.0371011854029607,0.05199710806769864,0.0,0.0,0.0011589495749050383,Tier_C,,280,True,False,False,849036,True,0.98,0.9804488981020005,794fc8dc5837feee
False,0.19514547123749726,0.20736181960664168,0.21926924593219965,0.009099999999998998,0.0,0.002648923792881143,Tier_C,,105,True,True,True,481710,True,0.9804726907650653,0.9614054260809407,051fc76142253c64
False,nan,nan,nan,0.0,0.0,0.0,reject,high_density_unattained,0.0,True,True,False,717036,True,0.9800455663739776,0.9417047924139281,1b3bacc33260a1ef
True,-0.29961770013990474,-0.29147753501118445,-0.26777584209481975,0.0,0.0,0.0,reject,reduction_below_threshold,0.0,True,True,False,168856,True,0.9819272599858135,0.9801205063933026,50b91067cf2f5db8
True,0.11907127480082369,0.14707759981084068,0.1593422536951764,0.0,0.0,0.004637233601719424,Tier_C,,105,True,True,True,940705,True,0.9806417711984404,0.9800099611519403,1942461e6a9fb3af
False,nan,nan,nan,0.0,0.0,0.0,reject,high_density_unattained,0.0,True,True,False,383247,True,0.9808368670872575,0.9092801549282039,f0c3d01a6dadb330
True,0.6813733172144378,0.7093373275497513,0.7237719262764689,0.029999999999996696,0.029999999999996696,0.03681421482107913,Tier_C,,15,True,True,False,264987,True,0.9803880546434305,0.9800324523459459,6f8fec9b458e7ba7
True,0.16427819764734342,0.19154081779236154,0.21367030846845114,0.009099999999998998,0.0,0.006326556723447224,Tier_C,,215,True,False,False,229818,True,0.9808664688182139,0.9800455254237417,d3991f934fc04d7b
True,0.01677780270029461,0.02188099648993902,0.029017255932889396,0.0,0.0,0.000673939986275961,Tier_C,,205,True,False,False,505842,True,0.98,0.9801470334254639,14b578220d4e40d5
False,nan,nan,nan,0.0,0.0,0.0,reject,high_density_unattained,90,True,False,False,330370,True,0.9806831572473002,0.9322850980773505,2541315293445aa6
True,0.4464523569720009,0.566945086790863,0.647695290253826,0.029999999999996696,0.029999999999996696,0.024875668489639458,Tier_C,,0.0,True,True,False,498719,True,0.9819939251155237,0.980049832070356,126d833b69f04e8a
True,0.2802644499697101,0.28043022093870307,0.2804344834076148,0.029999999999996696,0.0,0.009872330137822509,Tier_C,,250,True,False,False,204556,True,0.9805500063772699,0.9800372645738077,351c16f76d21dd7f
True,0.7836658623304045,0.7966353778886173,0.8008789676303825,0.029999999999996696,0.029999999999996696,0.0475325352484688,Tier_B,,110,True,True,True,272406,True,0.98,0.980160434451113,c8a3b15b7fd4022a
True,0.10974860730770464,0.1230658038484227,0.13349910513628904,0.0,0.0,0.003898468870867469,Tier_C,,250,True,False,False,755260,True,0.980493278914565,0.9800397562908788,0ad84d28ff9598f3
True,2.806176513381331e-09,4.0392339473172e-09,6.0982089378214255e-09,0.0,0.0,1.2515815467708e-10,Tier_C,,205,True,False,False,154291,True,0.9800475213721932,0.9800014318751208,f265c23068af447c
True,-0.17596602773871606,-0.11748151684243324,-0.07572689906412666,0.0,0.0,0.0,reject,reduction_below_threshold,0.0,True,True,False,66675,True,0.980413862475316,0.9800041790377901,992efd0ef9cda5a6
True,0.020504835776775976,0.02720545252500084,0.0356863335310702,0.0,0.0,0.0008367612821902072,Tier_C,,215,True,False,False,810346,True,0.9809471765599463,0.9800136352641877,c934402c24e8d971
True,0.1011984480479935,0.11317035165778533,0.12160256085879906,0.0,0.0,0.0035788509522460266,Tier_C,,230,True,False,False,870189,True,0.9802680952248414,0.9800749382101946,eb98a24b63f8b58b
True,0.029430051849379635,0.03672175307408154,0.04613858100278101,0.0,0.0,0.001133213972189551,Tier_C,,225,True,False,False,289816,True,0.9811912238877235,0.9800524616740068,1f5c936ed30a9983
True,0.35034633909310287,0.3937988563914806,0.43777416938093405,0.029999999999996696,0.029999999999996696,0.015000519242127747,Tier_C,,0.0,True,True,False,899248,True,0.9800637057713005,0.9800589038332581,830bdd01ca0a38e6
False,0.2608453982328678,0.26099628888821125,0.26113732616344465,0.007199999999999207,0.0,0.0021777121965896,Tier_C,,90,True,False,False,785560,True,0.980228478756582,0.9571616331582026,f40a7195e8c91783
True,0.0,0.0,0.0,0.0,0.0,0.0,reject,reduction_below_threshold,280,True,False,False,76674,True,0.98,0.9802548430913233,bb72f2484419ec14
True,0.07616139187821624,0.08049985137887272,0.08123231185196211,0.0,0.0,0.002502293866583404,Tier_C,,205,True,True,True,562483,True,0.98,0.9804162202626817,b0ac41bd3ee97522
False,nan,nan,nan,0.0,0.0,0.0,reject,high_density_unattained,0.0,False,False,False,240743,True,0.7930987279728399,0.7930987279728399,03a4a395f4a5dd59
True,2.7581074091287405e-09,3.1898998997803574e-09,3.6982061857315784e-09,0.0,0.0,9.608991954388915e-11,Tier_C,,265,True,False,False,456535,True,0.9816582313127566,0.9805279352297236,44f49a56586c22f5
True,-0.3503595945817686,-0.2760791766997359,-0.22977369760162447,0.0,0.0,0.0,reject,reduction_below_threshold,0.0,True,True,False,720295,True,0.9802375616631054,0.9800561897684549,c23cfeacbc0edf7e
True,0.0001941628404659168,0.0002725428355414561,0.00036892321202164347,0.0,0.0,8.390030397580767e-06,Tier_C,,205,True,False,False,876890,True,0.9809555759382156,0.9801043897157957,7ff09c7eda3d7928
True,0.006720433631664413,0.009716854447538004,0.014998372707492491,0.0,0.0,0.00030379795177651347,Tier_C,,265,True,False,False,459763,True,0.9819851868023519,0.9804567109303767,c76598d579aedc5a
True,0.05488104144060946,0.06591707016937087,0.07508325060927468,0.0,0.0,0.0020338483487426498,Tier_C,,265,True,False,False,876131,True,0.9804132837400652,0.9801597927102792,dd6c6cf56e6d0c46
True,0.0466676582600597,0.05604277490606646,0.06619799971038764,0.0,0.0,0.0017334584968079626,Tier_C,,230,True,False,False,553586,True,0.9819999999999999,0.9804050942640989,31c2a06640bfe807
True,0.12511180877487937,0.13106001896553254,0.1351874406906659,0.0,0.0,0.004201886941994999,Tier_C,,255,True,False,False,92235,True,0.9817049954987992,0.9800743915750271,68c20361351eff35
True,-1.3030432479965879,-0.9497906582860618,-0.6531048532218158,0.0,0.0,0.0,reject,reduction_below_threshold,0.0,True,True,False,702142,True,0.981813077173048,0.9805277542317862,4220d82aa59b3960
True,0.07180462463414627,0.08168324750326172,0.0841916742201344,0.0,0.0,0.0025143596714340046,Tier_C,,230,True,True,True,38911,True,0.9819873328032875,0.9803230685878226,2fa67e66de02f0db
True,0.001261107856618926,0.0017834992712477682,0.0026065045699013023,0.0,0.0,5.504143357674067e-05,Tier_C,,290,True,False,False,504515,True,0.9814645100963025,0.9802037621584772,cba38e7908b6dc33
True,0.2242950816056435,0.27192272305915943,0.30316813730516123,0.029999999999996696,0.0006999999999999229,0.009434618363453308,Tier_B,,225,True,True,True,799990,True,0.9814681610674254,0.9803317350338764,3b1c12b062f61416
True,0.04509508313942989,0.06122903771648236,0.0843591208535388,0.0,0.0,0.0019334902036055284,Tier_C,,215,True,False,False,976278,True,0.9819028691663211,0.9801164850223183,415f507b41542e4b
True,6.921526836123348e-07,1.1224909769458336e-06,1.6784929492974499e-06,0.0,0.0,3.4062430495091726e-08,Tier_C,,190,True,False,False,526062,True,0.9806278625054295,0.9801448400181412,290a02ef53ba338b
True,0.016585220751436203,0.021256643045625023,0.02698368572161358,0.0,0.0,0.000649478859970153,Tier_C,,265,True,False,False,229087,True,0.98,0.9801286573251955,074f2bfa4218a5d2
False,nan,nan,nan,0.0,0.0,0.0,reject,high_density_unattained,15,True,False,False,622600,True,0.9804615720019092,0.9369348042672836,9f149eb293565cc5
True,0.14119510223588239,0.19858869605069696,0.5461843735509758,0.01479999999999837,0.008499999999999064,0.009594071684996892,Tier_C,,0.0,True,True,False,301843,True,0.9801679586469492,0.9800074388916387,ac242ea8fada7685
True,0.01622481318372171,0.01894464867806822,0.021431232037658843,0.0,0.0,0.0005722104130964496,Tier_C,,240,True,False,False,920525,True,0.98,0.9800167405644659,d7777e33f9519fb3
True,0.0,0.0,0.0,0.0,0.0,0.0,reject,reduction_below_threshold,215,True,False,False,390159,True,0.98,0.9800123461322383,e40682b9007f1cfd
True,0.28160408586433505,0.31089207486889714,0.31747525759217887,0.029999999999996696,0.021899999999997588,0.01100029700975,Tier_B,,75,True,True,True,946299,True,0.9803052967483777,0.9801354500351929,26923f612083f5f8
False,nan,nan,nan,0.0,0.0,0.0,reject,high_density_unattained,90,True,False,False,573120,True,0.9819179154845735,0.9157862650551961,dde161abbf082533
True,0.02554661220942911,0.060081609321034124,0.09044542225928354,0.0,0.0,0.001848771326962379,Tier_C,,205,True,False,False,127409,True,0.9801706559658767,0.9800836772650146,155058f81ea183f6
True,0.0,0.0,0.0,0.0,0.0,0.0,reject,reduction_below_threshold,205,True,False,False,433916,True,0.9819999999999999,0.9800913878481524,8264f05497395e3a
True,0.10313352496464423,0.14543228937736563,0.17027631084001527,0.0,0.0,0.004784470306908942,Tier_C,,190,True,False,False,632095,True,0.9807935359092212,0.9800515391978818,2f484341b5d419ac
True,0.11035237961225308,0.14542057460888336,0.19262123142540455,0.0,0.0,0.004794230772496523,Tier_C,,205,True,False,False,821177,True,0.98,0.9801680522218691,5aeb07a01f82506e
True,0.84784746167723,0.8610973022742154,0.8717086575216597,0.029999999999996696,0.029999999999996696,0.05915647351619982,Tier_C,,0.0,True,True,False,507638,True,0.9804836348254091,0.9800276454450638,e13b5e68cb2d4c7a
True,0.039529409358010525,0.04872979016789414,0.055529007293752985,0.0,0.0,0.0014828665460184399,Tier_C,,190,True,False,False,653556,True,0.9801927186283397,0.9800082456635653,629f3817896834d6
True,0.500986337511052,0.5386422800663384,0.5743091260061801,0.029999999999996696,0.029999999999996696,0.023222301674751825,Tier_B,,190,True,True,True,781432,True,0.9807523922056302,0.9802330484091847,d7f2db01177d8f46
False,nan,nan,nan,0.0,0.0,0.0,reject,high_density_unattained,150,True,False,False,942395,True,0.9005922549241164,0.9800009481417141,4d33d3f5744427bf
True,0.5511743747289335,0.6001235348924636,0.6502613148886218,0.029999999999996696,0.029999999999996696,0.027626648936531537,Tier_B,,185,True,True,True,50266,True,0.9801296659270129,0.9800431343100214,b055059e3c6c6aed
True,0.052336643350021195,0.0667792140023592,0.08857677399107367,0.0,0.0,0.002113131147210493,Tier_C,,305,True,False,False,68943,True,0.980008409297206,0.9806574827237894,f9e495e6e4dad606
True,0.20932865577519333,0.2334501866537434,0.2504476380630032,0.029999999999996696,0.0,0.007941102086729082,Tier_C,,205,True,False,False,913870,True,0.9804348248734533,0.9801227042512473,8eea81ff758aa4f1
True,0.0,0.0,0.0,0.0,0.0,0.0,reject,reduction_below_threshold,375,True,False,False,278751,True,0.9805307268857881,0.9800007693560954,9996ac418d4c0323
False,nan,nan,nan,0.0,0.0,0.0,reject,high_density_unattained,0.0,False,False,False,427407,True,0.7768569760992788,0.7768569760992788,01cb552e5acda224
True,0.6170726124939833,0.6819846030386659,0.7393567217261594,0.029999999999996696,0.029999999999996696,0.03443042898951014,Tier_C,,0.0,True,True,False,302668,True,0.9801483307651724,0.9802056098231153,1979897237556feb
True,0.06833648713526042,0.09353324030440313,0.11051384580844814,0.0,0.0,0.0028907108439967617,Tier_C,,180,True,True,True,723147,True,0.9818330531662869,0.9800235028218692,129fcf1c8f3a1742
True,9.70849844961208e-10,1.359104162546032e-09,1.9831357667143834e-09,0.0,0.0,4.188454677818739e-11,Tier_C,,230,True,False,False,87335,True,0.98,0.9801571316769534,8c5c9d450e5fc814
True,0.06700340717627784,0.09088655101410148,0.12488951923711777,0.0,0.0,0.002917159499905651,Tier_C,,305,True,False,False,879360,True,0.98,0.9803333280144704,d3fc8d49a79995e8
True,-0.013927375196435943,0.05579506021912917,0.1275956015098617,0.0,0.0,0.0017892342797698225,Tier_C,,0.0,True,True,False,49145,True,0.9814272167087346,0.9800095649545364,749949250905dbff
True,-0.05296421162322029,-0.03163984356516192,-0.01954964332911424,0.0,0.0,0.0,reject,reduction_below_threshold,215,True,False,False,470795,True,0.980371477422545,0.9800969836959357,754b33064c5f77dd
False,nan,nan,nan,0.0,0.0,0.0,reject,high_density_unattained,0.0,False,False,False,715183,True,0.8482893444137876,0.8482893444137876,3b5fc70988ded9a8
True,6.177280909014371e-13,7.990275108227252e-13,1.1118883591620943e-12,0.0,0.0,2.4597890391207203e-14,Tier_C,,180,True,False,False,745869,True,0.9817417014785291,0.9802745335934554,90ded7eff32d5d35
True,0.31018549446844423,0.35865570149555837,0.3960025093562959,0.029999999999996696,0.029999999999996696,0.013298311355199825,Tier_B,,230,True,True,True,792819,True,0.9800000000043466,0.9800189382927527,3f8712523cae4182
True,0.3648566527294501,0.4733353014243966,0.584145266973093,0.029999999999996696,0.029999999999996696,0.01956248368251924,Tier_C,,15,True,True,False,245518,True,0.9816932535110765,0.98199936,b9cda78ab33436af
True,0.36514536836672085,0.408876160073001,0.43830800848465334,0.029999999999996696,0.029999999999996696,0.01569163828808062,Tier_B,,90,True,True,True,751756,True,0.9801333891451713,0.9801254486384351,aef840df8b615712
False,0.8913000912378329,0.8958936133190701,0.8995697289309206,0.010999999999998789,0.010999999999998789,0.024873200443140422,Tier_C,,0.0,True,False,False,112837,True,0.9801512516888297,0.9610431869019511,3c640fd04afd97e8
True,0.0424622308732201,0.055209872886870404,0.07316032714751353,0.0,0.0,0.0017287690239631151,Tier_C,,230,True,False,False,939925,True,0.980138568476144,0.9801721285360603,34ad3e94d944a7b1
False,nan,nan,nan,0.0,0.0,0.0,reject,high_density_unattained,40,True,False,False,982256,True,0.980060133623188,0.9265439193780055,f09d059415be59cd
True,1.0753505856886392e-06,1.9703945408622303e-06,3.9151536292969524e-06,0.0,0.0,6.409085842666698e-08,Tier_C,,155,True,False,False,467552,True,0.9819999999999999,0.9800364209301876,e6b92210f553e85d
True,-0.3418116972435825,-0.2554389998245683,-0.18507422249516048,0.0,0.0,0.0,Tier_C,reduction_below_threshold,80,True,True,True,916811,True,0.9819999999999999,0.980305322645559,502ffb247a3d767c
False,nan,nan,nan,0.0,0.0,0.0,reject,high_density_unattained,100,True,False,False,896878,True,0.9399045124529798,0.9800046121404296,43a76be37314c296
True,0.21166548329807344,0.22690569351557266,0.23823093148914765,0.029999999999996696,0.0,0.007666166524952394,Tier_C,,265,True,False,False,615160,True,0.9805455199750265,0.9807056759235973,2c14bf137022d90d
False,nan,nan,nan,0.0,0.0,0.0,reject,high_density_unattained,0.0,False,False,False,531049,True,0.743348282348112,0.743348282348112,bd78d0370afaf14d
False,nan,nan,nan,0.0,0.0,0.0,reject,high_density_unattained,265,True,False,False,988693,True,0.9802014900560905,0.9437362334335969,13a577b5e57b2ad9
True,0.1097940114022189,0.11139371961778077,0.11423825226920759,0.0,0.0,0.003550731045997337,Tier_C,,230,True,False,False,969876,True,0.9803406631871608,0.9802446999708714,164aefd44b439de3
True,-0.02426575715019408,-0.022430178593160432,-0.011094685739946097,0.0,0.0,0.0,Tier_C,reduction_below_threshold,200,True,True,True,843789,True,0.98,0.9800557718065976,b31baf49ef8f3246
True,0.01759404108280993,0.025636383162179754,0.04193216408407652,0.0,0.0,0.0008179845981778061,Tier_C,,250,True,False,False,327835,True,0.98,0.980283266225961,ccd13ffedd8f5b99
True,0.24298717428080518,0.37769280766711066,0.5991034998818356,0.029999999999996696,0.022099999999997566,0.01623961404059833,Tier_B,,125,True,True,True,840597,True,0.9809516415117568,0.9801579469485008,9228c77303bb02d7
True,4.749731941089408e-09,4.46120211883283e-08,2.5964596861438594e-07,0.0,0.0,2.2983830263512332e-09,Tier_C,,175,True,False,False,713010,True,0.9804762933257678,0.980169754585585,32a1eb74a42a5b11
True,0.2862524082192678,0.3122868716710957,0.33843516232051785,0.029999999999996696,0.021899999999997588,0.011263291910323062,Tier_B,,250,True,True,True,55061,True,0.9810355951195708,0.9803353843835092,d8d1207bc6976724
True,0.5294268472393558,0.6539461163047515,0.7812669520768889,0.029999999999996696,0.029999999999996696,0.032415518391890254,Tier_B,,75,True,True,True,514950,True,0.9802245508645068,0.980111106265492,78527bf7d2b36ca8
False,0.25294466481738287,0.27523184384322097,0.30353799232795164,0.02959999999999674,0.0013999999999998458,0.009631232009935124,Tier_B,,185,True,True,True,229510,True,0.981450052892848,0.9795613132168532,9b85da3db7b7e229
True,0.01986283352268292,0.02821919957741781,0.040120308706463326,0.0,0.0,0.0008810037141319873,Tier_C,,205,True,False,False,863400,True,0.9803196409895631,0.9803082702223578,b70ca8725ef1e085
False,nan,nan,nan,0.0,0.0,0.0,reject,high_density_unattained,15,True,False,False,208155,True,0.9801792734168863,0.8929393207864886,c98d57b76d967ae0
True,6.088425857919688e-07,6.854523825206016e-07,7.5102387464554e-07,0.0,0.0,2.0507227556566866e-08,Tier_C,,240,True,False,False,612311,True,0.9800000000000001,0.9802113047603583,c94a33a4525347e6
True,0.35875383433943464,0.38402682515658837,0.39929959219312383,0.029999999999996696,0.029999999999996696,0.014470388864762578,Tier_B,,265,True,True,True,110443,True,0.980242214862629,0.9800395901127731,79211608bba7d0b4
True,0.5065862987152632,0.5474831194549123,0.5785915911453935,0.029999999999996696,0.029999999999996696,0.02370398256502352,Tier_B,,195,True,True,True,919830,True,0.9801259798085784,0.9800165945789522,d7d60018a8b55349
True,0.023551644115720638,0.03269833028281843,0.047169376096259485,0.0,0.0,0.001024482125375696,Tier_C,,300,True,False,False,372617,True,0.98,0.9814144341966333,887924496fb1eab0
True,0.11442351651878402,0.1227765715732616,0.12581763731171913,0.0,0.0,0.003897376012276725,Tier_C,,215,True,False,False,440401,True,0.9809815487105208,0.9801453828763145,3ec29b34bb38c024
True,0.20292931210223308,0.22493975587848647,0.24384095386706228,0.029999999999996696,0.0,0.007631854596233637,Tier_B,,265,True,True,True,328082,True,0.9815240972929987,0.980364724790704,f90fa6438381e896
True,0.023850859364425325,0.02681088452940472,0.030301137646925103,0.0,0.0,0.0008158663115491704,Tier_C,,215,True,False,False,425913,True,0.9806120555834804,0.9803593027909926,baf8f9968173406a
True,0.027432419159216237,0.03792237560759526,0.045109990593478755,0.0,0.0,0.0011387258865548369,Tier_C,,165,True,False,False,992554,True,0.9807383320403811,0.9801514436680814,95d16eb8298e1d13
True,0.23215716660723873,0.2777862967617174,0.28851566766230685,0.029999999999996696,0.0,0.00948271382868492,Tier_C,,275,True,False,False,378158,True,0.98,0.9804756486212828,2c8255ab7e38e3f8
False,0.3668933276251273,0.37979727752418235,0.3885590417178493,0.017099999999998117,0.017099999999998117,0.008146711935557552,Tier_C,,85,True,True,True,657601,True,0.9800004240797001,0.9671020660527625,d721348d6bddb15d
True,0.06520988762975588,0.06585598142079352,0.06607669855791143,0.0,0.0,0.002042008620690306,Tier_C,,215,True,False,False,66823,True,0.98,0.9800345145697105,5587d5d01490b21f
True,0.01138234328744181,0.01812168951763682,0.032344324209297004,0.0,0.0,0.000585073011076662,Tier_C,,255,True,False,False,406387,True,0.9804805886822027,0.9801991318127228,7bc890ae0c1169c2
True,0.0,0.0,0.0,0.0,0.0,0.0,reject,reduction_below_threshold,215,True,False,False,349826,True,0.98,0.9800939221915446,d9c152f61ff1bdc6
True,0.06953688709960759,0.0917210872337344,0.1232728061778301,0.0,0.0,0.0029398380505674866,Tier_C,,280,True,False,False,708717,True,0.98,0.9800462189576814,131957ab5aacfe13
True,0.015169713396032125,0.04801128383939124,0.08178710031117087,0.0,0.0,0.001518444635118841,Tier_C,,150,True,False,False,284466,True,0.9816958925771406,0.9800261969073287,1bae5f7028c0cb28
True,1.3933298959045715e-12,2.139288746150214e-12,3.2328584254059933e-12,0.0,0.0,6.550776587835376e-14,Tier_C,,265,True,False,False,258184,True,0.98,0.9803747645939576,18a40ed86882ed9a
True,0.035983338813730836,0.04101972735376247,0.04642191720744904,0.0,0.0,0.001260572553958014,Tier_C,,215,True,False,False,537656,True,0.9815546442003444,0.9801991097879963,f19b069c6359a028
True,0.17308093892781928,0.17426293995183217,0.1753957293202194,0.0,0.0,0.005743858955710043,Tier_C,,230,True,False,False,664097,True,0.98,0.9800814450138123,c56c78ff045ae515
True,0.0035417922663500967,0.005051384710036078,0.007052186093076673,0.0,0.0,0.0001549786652268344,Tier_C,,215,True,False,False,769176,True,0.9819999999999999,0.9800566007737299,ff6708c99a94eab0
True,0.0006452855109282396,0.0009182811595430662,0.0013464164840003567,0.0,0.0,2.8304328197756656e-05,Tier_C,,190,True,False,False,448051,True,0.98,0.9801532839130641,e2b7a3f108b4ff4e
True,0.06450119566066825,0.23856836899848866,0.40032632772066135,0.01679999999999815,0.01189999999999869,0.008210724196204448,Tier_C,,55,True,True,True,956918,True,0.981858748132219,0.9802201218244675,6df326a17896376c
True,0.8510795539246547,0.8594909889904967,0.8626605083206157,0.029999999999996696,0.029999999999996696,0.058685803592107844,Tier_C,,0.0,True,True,False,215436,True,0.9802324976119114,0.98018913963706,8a2d8e8fe5617c71
True,-0.01003685273835786,0.008227910344159262,0.059913364010823145,0.0,0.0,0.0005848268895167751,Tier_C,,230,True,False,False,677330,True,0.9804606501541278,0.9800921722873287,681766e948abcc92
False,nan,nan,nan,0.0,0.0,0.0,reject,high_density_unattained,0.0,False,False,False,76434,True,0.7682899121550996,0.7682899121550996,e479e1395adc7d40
True,0.017577280234938986,0.01938876206288853,0.019949144988424483,0.0,0.0,0.0005818358564618881,Tier_C,,190,True,False,False,58435,True,0.9805284560832697,0.9800401648788338,99027269707cbf96
True,0.0017529613297494473,0.003549461338745563,0.010932067974131598,0.0,0.0,0.00012819901170795314,Tier_C,,205,True,False,False,359139,True,0.9804260449409156,0.9801004098740789,845cd714f602a65c
False,-0.01471532730309133,-0.008148172394310205,-0.004086432115413041,0.0,0.0,0.0,Tier_C,reduction_below_threshold,165,True,True,True,300609,True,0.9727565159141183,0.9800071679615474,cd595e9adb3077ea
True,0.013243998842008886,0.014254679755866917,0.015306523300144481,0.0,0.0,0.0004308033623758649,Tier_C,,290,True,False,False,274416,True,0.9817639502709323,0.9800654786273733,1cc3ebcd06adf851
True,0.3307402389184836,0.4909135404571139,0.6419208994789446,0.029999999999996696,0.029999999999996696,0.020534048683195725,Tier_C,,0.0,True,True,False,418641,True,0.9803347315381615,0.9800561319815452,e4ca06a8afb7e5cb
True,1.504949414909973e-05,1.9932078374695905e-05,2.597400821569007e-05,0.0,0.0,5.990559557806421e-07,Tier_C,,355,True,False,False,455961,True,0.9814899564246317,0.9800045082521854,0597941b02da902e
False,0.2638017794424765,0.3128694246181648,0.3718002680427749,0.009299999999998976,0.005099999999999438,0.003520114195570242,Tier_C,,0.0,True,True,False,802357,True,0.9810277871085035,0.959278962569685,e784f6c587721426
True,-2.220446049250313e-15,-1.5543122344752192e-15,-1.1102230246251565e-15,0.0,0.0,0.0,reject,reduction_below_threshold,255,True,False,False,261987,True,0.9819999999999999,0.9805781649396815,8ca64610e570bad1
False,nan,nan,nan,0.0,0.0,0.0,reject,high_density_unattained,0.0,False,False,False,767778,True,0.8571415531687823,0.8571415531687823,e7ef71f7b5bb94e4
True,0.7411590764093936,0.763387922516619,0.7834328727743921,0.029999999999996696,0.029999999999996696,0.04327092907717535,Tier_C,,0.0,True,True,False,944534,True,0.9816640169144702,0.9800373265858503,f27fe36fd7bb115f
False,nan,nan,nan,0.0,0.0,0.0,reject,high_density_unattained,0.0,False,False,False,688277,True,0.8022406775739606,0.8022406775739606,ed05c4ca9a7a86bf
True,0.052426424653130854,0.09579397863965222,0.4614387603757545,0.00689999999999924,0.004799999999999471,0.0054085109743777565,Tier_C,,235,True,True,True,666407,True,0.9801706970515979,0.9800850124716806,a947e11356a5df3c
True,0.30679514687443776,0.4122768166360039,0.4811309539834656,0.029999999999996696,0.029999999999996696,0.01500648885043218,Tier_B,,335,True,True,True,639477,True,0.980869465449641,0.9819993600000001,7c97c17ae0433fea
True,0.3864107416495318,0.42580378278649056,0.4643467320837703,0.029999999999996696,0.029999999999996696,0.016647674509695697,Tier_B,,275,True,True,True,565596,True,0.9817850182947118,0.9802004028649566,e4297f152a01f59a
False,nan,nan,nan,0.0,0.0,0.0,reject,high_density_unattained,0.0,True,False,False,943523,True,0.9621066363169752,0.9366453921359335,7a75381e4e738315
False,nan,nan,nan,0.0,0.0,0.0,reject,high_density_unattained,0.0,False,False,False,3419,True,0.7855307350550309,0.7855307350550309,2434ef19b0d85873
True,0.007596663301632445,0.009303568947955365,0.011290656419816414,0.0,0.0,0.00027995374951034793,Tier_C,,230,True,False,False,102471,True,0.9810274181334054,0.9800001613336695,458f90252800f324
True,0.20656581703628918,0.2684338991335309,0.38101554908604807,0.029999999999996696,0.009299999999998976,0.009758131057396962,Tier_B,,90,True,True,True,850658,True,0.9819999999999998,0.9801527896719003,6877c5ed4f901db3
True,0.05205491775289217,0.06232631322412674,0.07398091464141066,0.0,0.0,0.001938642439608635,Tier_C,,230,True,False,False,854990,True,0.98,0.9801471668852213,5cbf01acd1245f51
True,0.3726882703144029,0.4175441037651323,0.4523697526611944,0.029999999999996696,0.029999999999996696,0.016186823701905446,Tier_B,,225,True,True,True,492477,True,0.9800000000171429,0.9800322183156547,e784484f1ec779ea
True,0.5225854313300216,0.548446341206464,0.5692991134142373,0.029999999999996696,0.029999999999996696,0.023814603478414284,Tier_B,,120,True,True,True,947716,True,0.981540331500898,0.9803272346626029,7bc289166b4ae686
True,0.2762556608719964,0.48429159759235074,0.8440294340344384,0.029999999999996696,0.02769999999999695,0.02378382215170019,Tier_B,,140,True,True,True,883952,True,0.980128610633199,0.9800169561409765,6871fdea90b0b811
True,-0.21078898367351173,-0.18308827288729113,-0.1572112507742991,0.0,0.0,0.0,Tier_C,reduction_below_threshold,215,True,True,True,275074,True,0.9814351002869134,0.9800082511923517,373795a6dd780a04
True,0.03746830645233101,0.04962978283620845,0.06633631886641023,0.0,0.0,0.0015513376379656322,Tier_C,,250,True,False,False,935440,True,0.9802798227830705,0.9801872121767126,b921181fd9f27b2b
False,nan,nan,nan,0.0,0.0,0.0,reject,high_density_unattained,0.0,False,False,False,544130,True,0.8209603161485105,0.8209603161485105,35f4617837eaf0cb
True,8.903768722312577e-09,1.1080399597851454e-08,1.295400486878151e-08,0.0,0.0,3.2897055432715836e-10,Tier_C,,265,True,False,False,605041,True,0.9808072503879235,0.9800941708550065,a19eb824b71fde65
False,nan,nan,nan,0.0,0.0,0.0,reject,high_density_unattained,0.0,True,True,False,939816,True,0.9801156782018169,0.9055513712897891,64ad8d0f0e8ff1f6
True,0.2342287606119594,0.3025452896046018,0.38025387675860167,0.029999999999996696,0.01589999999999825,0.010912692909674938,Tier_C,,225,True,False,False,864173,True,0.9802917501690065,0.9800201594922109,00dd86cabcd0e4ee
True,0.3855887492102935,0.3954750022362947,0.39809957624159875,0.029999999999996696,0.029999999999996696,0.015051765661318325,Tier_B,,60,True,True,True,85161,True,0.9800011169267114,0.980187348181585,61b8304acdf3c33b
True,0.598987065837451,0.6953721884490411,0.7667756913011199,0.029999999999996696,0.029999999999996696,0.0359364830141584,Tier_C,,0.0,True,True,False,642180,True,0.9801488223192875,0.9812690951991597,70d4d097f7002fdf
True,0.0399873312820771,0.04354937226138522,0.04618019947219798,0.0,0.0,0.0013308296330153547,Tier_C,,250,True,False,False,148352,True,0.9802050917363961,0.9800893099743235,e34864144e52f7ad
True,0.08026397950526432,0.10596154349221687,0.14076200243106463,0.0,0.0,0.0034144330153912353,Tier_C,,230,True,False,False,886200,True,0.9811563265780596,0.9802182351442249,03a7f75243f505aa
True,0.16696516006279327,0.18934339168698455,0.20979470016573853,0.006799999999999251,0.0,0.006287940526259989,Tier_C,,265,True,False,False,533103,True,0.9802998909150148,0.9800132996507365,6f9d9575bfc91cc3
True,0.0,0.0,0.0,0.0,0.0,0.0,reject,reduction_below_threshold,265,True,False,False,961853,True,0.980782167209926,0.980096431937262,131aee8c355d1a0c
True,-0.8171861365264967,-0.6468951559321132,-0.5110835948716399,0.0,0.0,0.0,reject,reduction_below_threshold,0.0,True,True,False,419053,True,0.98079397026167,0.9800215467485799,6885ac6ab5d1b187
True,8.286830111003951e-08,8.307373577931543e-08,8.314304167367226e-08,0.0,0.0,2.4916577036069485e-09,Tier_C,,265,True,False,False,197591,True,0.9800003347384395,0.9801643274857013,3aef374454743f11
True,0.0665403857663398,0.07938731164680812,0.09184161740475594,0.0,0.0,0.0024895695513025527,Tier_C,,150,True,False,False,68917,True,0.9801176010793062,0.9800635127372537,f4e39e08b812b3d1
True,0.42081715088973337,0.4384618415678193,0.4404696074223957,0.029999999999996696,0.029999999999996696,0.017206038835668753,Tier_C,,250,True,False,False,189793,True,0.9805862272067449,0.980004807060154,d5b86ba5d3d45c4d
False,nan,nan,nan,0.0,0.0,0.0,reject,high_density_unattained,0.0,False,False,False,212217,True,0.8091416643533362,0.8091416643533362,188fe4eb0ad40a42
True,0.06173435044779285,0.06356733224178157,0.06449073196056854,0.0,0.0,0.001965106992407844,Tier_C,,315,True,False,False,408930,True,0.9814415789268193,0.9800186313734756,0ed9ad34cba5eb83
True,0.3433019568972978,0.36733450342806306,0.38944699917577863,0.029999999999996696,0.029999999999996696,0.013736961071823602,Tier_C,,0.0,True,True,False,310001,True,0.9810477594894986,0.9801537276455397,e91cb019e0219fc2
True,3.4482374796640514e-06,6.0778341072209585e-06,9.263870743514424e-06,0.0,0.0,1.8219234975734202e-07,Tier_C,,225,True,False,False,193968,True,0.9808286539149121,0.9801847608207204,c1858dc634459863
True,0.4147790661873645,0.5054690910303121,0.6065513127967108,0.029999999999996696,0.029999999999996696,0.021445400786639004,Tier_B,,100,True,True,True,194337,True,0.9802834494949066,0.9800029668738597,236b78aebf6971f1
True,0.004374129576647179,0.005944463528581356,0.009537807907393225,0.0,0.0,0.00018690593374236719,Tier_C,,215,True,False,False,393734,True,0.9805749482280488,0.9800523840032166,2ea222a55c124002
True,0.17350928239271823,0.18337489137621277,0.19286908759701504,0.0,0.0,0.006080860235000382,Tier_C,,200,True,False,False,198906,True,0.9811332419110597,0.9800970724552344,66e1f4b00fee8999
True,1.7170959078827153e-05,2.4163736573878936e-05,3.604502899645645e-05,0.0,0.0,7.479998414990619e-07,Tier_C,,215,True,False,False,504014,True,0.98,0.9803288388559843,2f4591bdd272e0a6
True,0.031739849444212265,0.04428470181534372,0.06381988792448678,0.0,0.0,0.0013951846802706031,Tier_C,,215,True,False,False,545603,True,0.9819999999999999,0.9804510658826866,8d6cad855d0e4f99
True,0.0625823451888764,0.08924992652808084,0.13812447422842444,0.0,0.0,0.002935731920364654,Tier_C,,265,True,False,False,249707,True,0.9800731543964417,0.9802806288819326,62f9e721f4aef5ff
True,0.277789775624275,0.32919713060277855,0.38187306845347724,0.029999999999996696,0.021399999999997643,0.012033148446624247,Tier_B,,350,True,True,True,836082,True,0.9805124028581125,0.9814071208143289,ce082204e0722721
True,0.04840803858282117,0.06062805013399486,0.0803288699421385,0.0,0.0,0.0019190418759519481,Tier_C,,205,True,True,True,961715,True,0.9802366611570433,0.9800216113724267,de976d3040890d35
True,0.1430423062574867,0.15005836339205259,0.15779880905771948,0.0,0.0,0.004885628592891657,Tier_C,,255,True,False,False,529135,True,0.9801807069022181,0.9801066447074372,00b6f92c894e63c4
True,0.11499745964399177,0.22550950562896643,0.3235808567929106,0.017099999999998117,0.0024999999999997247,0.007562109649550758,Tier_C,,0.0,True,True,False,112691,True,0.9812902709295853,0.9800062882610634,909e926117c8078d
False,0.020453324061972533,0.057663230894382356,0.07208301053140509,0.0,0.0,0.0013835692375342968,Tier_C,,115,True,False,False,903730,True,0.9818760929078898,0.9749134672880366,cf706661308388ae
True,0.22187753760061146,0.2738975989430389,0.33587565251761975,0.029999999999996696,0.008199999999999097,0.009701337143813635,Tier_B,,130,True,True,True,435020,True,0.9808500573082816,0.9803858930263832,dc03fb1bb82c7a9a
True,0.00042964098084719016,0.0005026257129621126,0.0005727189477103822,0.0,0.0,1.5066265908047433e-05,Tier_C,,180,True,False,False,865552,True,0.9816732367330561,0.9800840958650291,d64729a4ebc1da58
True,0.04427464719539509,0.0598886477015218,0.08109533660087997,0.0,0.0,0.0018835067799242897,Tier_C,,240,True,False,False,872939,True,0.9814572497675084,0.9801232561613631,3352547427eeb454
True,0.0,0.0,0.0,0.0,0.0,0.0,reject,reduction_below_threshold,175,True,False,False,757931,True,0.98,0.9801067665781185,8c58e237bfbf3f94
True,0.0,0.0,0.0,0.0,0.0,0.0,reject,reduction_below_threshold,175,True,False,False,327187,True,0.9800000000000001,0.9802920687891987,a740712d871f6b3f
True,-0.019074811070751707,-0.012678962507454372,-0.006718436811938622,0.0,0.0,0.0,reject,reduction_below_threshold,180,True,False,False,390617,True,0.98,0.9801924990003744,191fd037ab43b9ac
False,nan,nan,nan,0.0,0.0,0.0,reject,high_density_unattained,0.0,True,True,False,442826,True,0.9807534872948953,0.9042390925902062,36d498a047e36047
False,nan,nan,nan,0.0,0.0,0.0,reject,high_density_unattained,0.0,False,False,False,911721,True,0.7930926427592933,0.7930926427592933,67448e4397e0b23f
False,0.34716681579313124,0.38569752109494027,0.43251823573099013,0.007199999999999207,0.007199999999999207,0.003540187090164033,Tier_C,,0.0,True,True,False,607298,True,0.98052533160706,0.9571940516842999,306936d3415d71b9
True,-0.018335688866380595,-0.0038199181727394116,-0.0004439394867983282,0.0,0.0,0.0,Tier_C,reduction_below_threshold,180,True,True,True,647207,True,0.9800080194442217,0.9800194472749455,911d177ce523f4b7
True,0.046564190871196676,0.04928720425470323,0.0499984407254811,0.0,0.0,0.0015057595791742489,Tier_C,,330,True,False,False,123561,True,0.980000000273224,0.9800443245621059,565fb611a73a3447
True,0.2632469026810095,0.37144306173086117,0.5030597765630431,0.029999999999996696,0.0244999999999973,0.014275446524243899,Tier_B,,175,True,True,True,910393,True,0.9819999999999999,0.9801829575230606,1ae3a908033124b3
True,0.4194901787981018,0.4586269811956374,0.4940464518299854,0.029999999999996696,0.029999999999996696,0.01841134728439705,Tier_B,,185,True,True,True,206208,True,0.9815945319770153,0.9801987630400881,7af77f94797c03af
False,nan,nan,nan,0.0,0.0,0.0,reject,high_density_unattained,0.0,False,False,False,808281,True,0.7482357714264215,0.7482357714264215,3daef194af0aea52
True,0.15754319018110585,0.1615409946275087,0.16295483786220066,0.0,0.0,0.005271292534007856,Tier_C,,205,True,True,True,391994,True,0.9804471940838754,0.9800388485423476,fc86a265dafee31f
True,0.05497140440657555,0.26671991945679163,0.3239868417843904,0.01679999999999815,0.0029999999999996696,0.006853766836662244,Tier_C,,255,True,True,True,889324,True,0.9814910818401371,0.9801725633086545,319ab4ea2bbd6e69
True,1.5121356389258267e-09,1.794602910720755e-09,2.042180202721511e-09,0.0,0.0,5.371071874636947e-11,Tier_C,,165,True,False,False,240655,True,0.9818031435500812,0.9800526304741553,724dd6ff7f001551
True,0.02614862115245753,0.0365333246205658,0.04496210184091631,0.0,0.0,0.0011131350209029182,Tier_C,,225,True,False,False,480053,True,0.9813325784314002,0.9804699852221852,051c68581e327642
True,0.015390711617075281,0.02089977448752134,0.02951986408376306,0.0,0.0,0.000649817906316806,Tier_C,,225,True,False,False,444544,True,0.9819999999999999,0.9800063086601509,186a708b408fd017
False,nan,nan,nan,0.0,0.0,0.0,reject,high_density_unattained,0.0,False,False,False,355785,True,0.7599876057791537,0.7599876057791537,d0b853ed0d24c237
True,0.7048901311055731,0.7453110337865332,0.7778467321039837,0.029999999999996696,0.029999999999996696,0.04127631366931828,Tier_B,,250,True,True,True,597911,True,0.9804385604503935,0.9813272399462472,cb71aa0a9a2e4765
False,nan,nan,nan,0.0,0.0,0.0,reject,high_density_unattained,0.0,True,True,False,925886,True,0.9816510922824847,0.9427068903376132,ad7667d958c52388
False,nan,nan,nan,0.0,0.0,0.0,reject,high_density_unattained,0.0,False,False,False,828915,True,0.7848950860700878,0.7848950860700878,0e183df10a0da087
False,nan,nan,nan,0.0,0.0,0.0,reject,high_density_unattained,0.0,True,False,False,381287,True,0.9486461558480423,0.9528316625232155,8f0edac3490c3c32
True,0.026061013391620702,0.03169083361421432,0.03850203795573781,0.0,0.0,0.0009720749378088491,Tier_C,,230,True,False,False,611232,True,0.9819999628401439,0.9801035596159225,292e2943021789ef
True,0.40901570569553336,0.41251567629742825,0.41273388599158567,0.029999999999996696,0.029999999999996696,0.015932647692730364,Tier_B,,210,True,True,True,970280,True,0.98,0.9802111092555374,fdcdcc158db3a898
True,0.0,0.0,0.0,0.0,0.0,0.0,reject,reduction_below_threshold,190,True,False,False,950045,True,0.9806645055343053,0.9801705132469677,8d9582695f35e770
False,nan,nan,nan,0.0,0.0,0.0,reject,high_density_unattained,0.0,False,False,False,623105,True,0.8389484689863136,0.8389484689863136,e1876bf1738772a9
True,0.3442216877958105,0.4046806731396553,0.4713114531124232,0.029999999999996696,0.029999999999996696,0.01566520995474443,Tier_B,,415,True,True,True,397799,True,0.9800835460457441,0.9803894795495905,f457a58dbe5124e6
True,0.6540267097158314,0.6974992174406925,0.729418671058474,0.029999999999996696,0.029999999999996696,0.03583972367499359,Tier_B,,85,True,True,True,879601,True,0.9811400859212123,0.9801012017610078,bbaa8e4080e0257e
True,0.0,0.0,0.0,0.0,0.0,0.0,reject,reduction_below_threshold,190,True,False,False,673131,True,0.9812313958465269,0.9800581430472399,4cc596119b5ca315
True,0.1920707278562147,0.2828576026005144,0.3993395737323112,0.028199999999996894,0.012699999999998601,0.010149133984038666,Tier_B,,165,True,True,True,1250,True,0.9800020978508115,0.9800734311847116,c3dde93b9960fb25
True,1.284689798985994e-08,1.5365143934964465e-08,1.6346635378639007e-08,0.0,0.0,4.5390795994485187e-10,Tier_C,,230,True,False,False,433278,True,0.980075202125073,0.9801388381533311,04bb309ab797f329
False,nan,nan,nan,0.0,0.0,0.0,reject,high_density_unattained,5,True,True,False,871016,True,0.9807681807468356,0.9318207314505672,5783c3645eb7231a
True,0.0272663789951596,0.03167713657994975,0.03600929501515826,0.0,0.0,0.0009652964518329805,Tier_C,,265,True,False,False,580391,True,0.9819999999999999,0.9803907300376022,c23530075d0939da
False,nan,nan,nan,0.0,0.0,0.0,reject,high_density_unattained,0.0,False,False,False,8971,True,0.8485848171488486,0.8485848171488486,4ad16763ce6d2795
True,0.00014106042449524292,0.00016354785793348814,0.00017709212464867008,0.0,0.0,4.8606982505338215e-06,Tier_C,,300,True,False,False,303017,True,0.9809966645539009,0.9801380294993365,52f8c48b51a62780
True,1.280284555038591e-05,1.487878913764007e-05,1.6579589855125754e-05,0.0,0.0,4.446648140150261e-07,Tier_C,,350,True,False,False,842040,True,0.98,0.9804928748679672,0f5e77e98a8ebf07
True,0.2636860895994455,0.32707800202819726,0.3835422861567207,0.029999999999996696,0.02379999999999738,0.011899965121701564,Tier_B,,285,True,True,True,955733,True,0.9808271815459091,0.9816516241488782,433c9589600c5b4e
True,0.0019443857543127718,0.003574315194381561,0.010492020271483327,0.0,0.0,0.000118407773512136,Tier_C,,240,True,False,False,799543,True,0.9803746934987732,0.9803277309627011,9cb26120671e8fd3
True,0.012966443033819997,0.014528783006761081,0.015530281371642807,0.0,0.0,0.00043729515975154596,Tier_C,,150,True,False,False,702470,True,0.98075962797324,0.9800381810609516,8a5d28a35944c9e1
True,0.6545068594434786,0.7027518970985037,0.7425751314254103,0.029999999999996696,0.029999999999996696,0.03635282858197221,Tier_B,,265,True,True,True,764146,True,0.9814519469782146,0.9801624087633786,446b21d034f74e98
False,nan,nan,nan,0.0,0.0,0.0,reject,high_density_unattained,100,True,False,False,749796,True,0.9818101510208364,0.9150932430361575,0af17995907aa97d
True,0.03287705879752656,0.03842195154643324,0.044338166210545094,0.0,0.0,0.0011788799389069599,Tier_C,,315,True,False,False,653203,True,0.9815635846480641,0.9819992203470875,81c369b4bceef928
True,0.0031611650689893356,0.0033268484813443466,0.0033369248775225735,0.0,0.0,9.934315657418262e-05,Tier_C,,230,True,False,False,303025,True,0.980954557939847,0.9803635290424437,4719cf53ebf5c8ee
True,-0.25086346153991457,-0.1480224782390167,-0.07842264962567147,0.0,0.0,0.0,Tier_C,reduction_below_threshold,25,True,True,True,101569,True,0.9801219724780174,0.9800090801022213,462d52163a70b82f
True,0.16961295503032547,0.2512746067864,0.34889699879751523,0.024099999999997346,0.006999999999999229,0.00885545616275412,Tier_C,,0.0,True,True,False,1109,True,0.98,0.9800874599631108,6e2883ea585cd7b6
True,0.04756254294509954,0.06765673375971037,0.09820499872686783,0.0,0.0,0.0021592586086616587,Tier_C,,250,True,False,False,361369,True,0.98,0.980496690510455,76b94bce2bd85f00
True,0.0,0.0,0.0,0.0,0.0,0.0,reject,reduction_below_threshold,205,True,False,False,324406,True,0.98,0.9800208906817192,411740aab20ade41
True,0.0016416356013461142,0.002005588033338168,0.0023660694848565145,0.0,0.0,6.019257973341384e-05,Tier_C,,280,True,False,False,475765,True,0.9805763701166176,0.9801538809087846,ba229cc96b40b4f3
True,0.0,0.0,0.0,0.0,0.0,0.0,reject,reduction_below_threshold,350,True,False,False,443240,True,0.9809910256287152,0.9802401375513282,34b3d97a156c5576
True,0.0454919590815257,0.08520565336839969,0.23954541133803053,0.0033999999999996255,0.0,0.003412650510662374,Tier_C,,230,True,False,False,153852,True,0.9801051819403692,0.9802173758162168,d3a6eeb2bd1a55b4
True,0.26962100767108976,0.28400046221558706,0.29819986746961635,0.029999999999996696,0.0,0.01002399796058472,Tier_C,,355,True,False,False,978316,True,0.9815519955530516,0.9800200982105314,471cb4f72a6b9061
True,0.05386772906575532,0.11347485252084,0.1972391260966876,0.0,0.0,0.0038124465634974936,Tier_C,,250,True,False,False,873683,True,0.981288094631927,0.9811444928748076,6feb1fda126b9381
True,0.11591878317548865,0.1472849928490949,0.18904309327271251,0.0,0.0,0.004848356969093145,Tier_C,,280,True,False,False,698083,True,0.980554580420917,0.9801333308429827,ed013f3e37d3e764
True,0.04092758736584812,0.05592436502876341,0.07593645527479198,0.0,0.0,0.0017549833447864913,Tier_C,,240,True,False,False,710736,True,0.9811320831171451,0.9804146049347728,d7cdf05d9c71fff8
True,0.003853405547576849,0.003886044910880515,0.0039344236680877165,0.0,0.0,0.00011688423022386698,Tier_C,,330,True,False,False,789846,True,0.98,0.9805099344400175,a64bef78816fcf14
True,0.14729518919064044,0.1737387582237181,0.21809779133625862,0.004799999999999471,0.0,0.005898969465040494,Tier_C,,215,True,False,False,923700,True,0.98,0.9803838205336071,4781a9137df41f2e
True,0.08981051341269375,0.16473032794099696,0.316341663627251,0.011199999999998766,0.00029999999999996696,0.005877970520213934,Tier_C,,120,True,True,True,993089,True,0.9800313736482298,0.9800685038343396,5b5dd4937d6f5d3d
True,-0.6476237816491595,-0.5109069968307329,-0.3977962275358953,0.0,0.0,0.0,reject,reduction_below_threshold,0.0,True,True,False,915875,True,0.9801538838904371,0.980098267974646,9433030f09dd791b
True,0.07964068508178324,0.10564728633401843,0.14130367197164517,0.0,0.0,0.0034076950257890945,Tier_C,,240,True,False,False,632710,True,0.9802498371940919,0.9802322968508007,b415f14a1588963a
True,-0.5015600626339365,-0.4046177022951756,-0.3372731848552688,0.0,0.0,0.0,reject,reduction_below_threshold,0.0,True,True,False,581843,True,0.9802508917175067,0.9801691890044845,a5ad11c77741e0af
True,0.005062373984641377,0.006330801203163983,0.008176959867363887,0.0,0.0,0.00019328970375737635,Tier_C,,165,True,False,False,390010,True,0.9800000000000001,0.9800280097563763,e729b0fb14627405
True,0.10766042643048002,0.10766057322130884,0.10766059335775269,0.0,0.0,0.0034172603194477288,Tier_C,,255,True,False,False,175366,True,0.980487629888476,0.9800182750719708,0e6b71148c888d09
True,0.0,0.0,0.0,0.0,0.0,0.0,reject,reduction_below_threshold,230,True,False,False,633387,True,0.9800000000000001,0.9815372319106473,7ce09efb6406bbff
True,0.050464149926131685,0.41697323911942175,0.6502003409887704,0.021899999999997588,0.019299999999997874,0.016162340805921424,Tier_C,,0.0,True,True,False,337803,True,0.9804338486928705,0.9800124782366684,0ff4fbb734aee57b
True,0.21854720484501622,0.24763320831674873,0.2734890822150551,0.029999999999996696,0.0,0.008538614372695756,Tier_B,,240,True,True,True,960831,True,0.9800578158880411,0.9801113446626933,338eb4674d37eb50
True,0.07560132771994676,0.26135603475352054,0.3907513647624241,0.018199999999997996,0.010399999999998855,0.0084226165116708,Tier_C,,200,True,True,True,704221,True,0.9810841918694276,0.9804946679719233,84f6c666803e7ff2
False,nan,nan,nan,0.0,0.0,0.0,reject,high_density_unattained,0.0,False,False,False,573569,True,0.7982500533975188,0.7982500533975188,ce0a654b8874e356
True,0.0017386365632421352,0.002091053874483606,0.002486014713320217,0.0,0.0,6.31673656787553e-05,Tier_C,,255,True,False,False,589878,True,0.9814269524678105,0.9801451845946552,fda27fe3cd4d95e4
True,5.563235316863313e-09,1.4266478776114866e-08,2.3690577832802262e-08,0.0,0.0,4.3323217658242307e-10,Tier_C,,180,True,False,False,972224,True,0.9808203248842045,0.9801145626716752,1430863901fafbff
False,0.047103771672708517,0.058367930442820404,0.06801034160973307,0.0,0.0,0.000497898243103867,Tier_C,,90,True,False,False,821420,True,0.9803603616695398,0.9583245420945936,e3b4bebb9eecde17
True,0.03222031696848904,0.08888895019947352,0.2920666044224447,0.007799999999999141,0.0,0.004206904327842774,Tier_C,,255,True,False,False,75127,True,0.9811188992031352,0.9800769062675585,87a7c14fd8eda399
False,0.1140079737253602,0.12955393330704434,0.14611844474530056,0.0,0.0,0.0025297891599984877,Tier_C,,245,True,False,False,276943,True,0.9682281404225764,0.9800192382567277,38250ed0dff5f513
True,0.02618899642868744,0.031032459194371143,0.03267122410796264,0.0,0.0,0.0009269626694214773,Tier_C,,265,True,False,False,152594,True,0.9800091463389818,0.9800407483204919,fa0140ae805f1297
True,0.7188519548061156,0.7447703876100522,0.753666431191223,0.029999999999996696,0.029999999999996696,0.04064662247004975,Tier_B,,80,True,True,True,489392,True,0.9805075012648692,0.9800213896810386,38b6938b0fbc9f5f
True,0.018689200106091652,0.019071240968173697,0.019471592831592943,0.0,0.0,0.0005782558189852468,Tier_C,,355,True,False,False,326755,True,0.9817421053298503,0.9809960246306857,9fe9cc469939efd8
True,0.35395115788589215,0.5446107810681857,0.5882853918499596,0.029999999999996696,0.029999999999996696,0.022336060845473214,Tier_B,,95,True,True,True,268591,True,0.9801182887693686,0.9800247422560849,d07fd30d156fdd59
True,0.5051933248877751,0.538415741018069,0.5679716559092437,0.029999999999996696,0.029999999999996696,0.023138775750841507,Tier_B,,160,True,True,True,386268,True,0.9819298212701401,0.9801336748306491,bd4e7c094c100aab
True,0.08553807344536057,0.09079054976614997,0.0951653587937561,0.0,0.0,0.002850080282563352,Tier_C,,265,True,False,False,484692,True,0.9804127374818746,0.980480008046808,3846d427bdba7ba8
True,0.02696220508764191,0.027271843677564966,0.027718645326720415,0.0,0.0,0.0008297395757595743,Tier_C,,315,True,False,False,797025,True,0.9803768200196045,0.9809672854048658,8fea22c2dd9eaf79
True,0.03656497924511448,0.04500617150321751,0.049226346024192846,0.0,0.0,0.0013643611636649624,Tier_C,,80,True,True,True,173522,True,0.9809851738348188,0.9800483042735082,2675bb90d71e9686
True,0.0008001893522296966,0.0009690570810505506,0.0011541512372187368,0.0,0.0,2.916153814007376e-05,Tier_C,,280,True,False,False,781714,True,0.9819998206339434,0.9804376956199456,8d1f150508e2c86f
True,0.00016390824419154626,0.00017081124667683856,0.0001738470046811491,0.0,0.0,5.105564588332013e-06,Tier_C,,250,True,False,False,70109,True,0.9819999999999998,0.9800359906492966,c9cfd5e62fa983eb
True,0.0014995585544796963,0.0015856483272795874,0.0016274912310574319,0.0,0.0,4.737451613146956e-05,Tier_C,,225,True,False,False,335815,True,0.981493046916704,0.9800422452615777,3b8a4a8c15271bb9
True,0.6974672408715477,0.7274970076717293,0.7501643233623756,0.029999999999996696,0.029999999999996696,0.038781302243593975,Tier_B,,305,True,True,True,970958,True,0.9815362054691725,0.9801262119872146,c26c78398635479c
False,0.42759979097756373,0.4426586081010361,0.4490567435342564,0.017399999999998084,0.017399999999998084,0.010140172711924697,Tier_C,,0.0,True,True,False,114049,True,0.9801819665205094,0.9674068756292085,bd26b339be8ac55f
True,0.14899385381078922,0.17992200404988146,0.20278417875543464,0.0012999999999998568,0.0,0.005887287101032158,Tier_C,,230,True,False,False,447372,True,0.980652427091117,0.9802066346311398,2b7bfd10ca501caf
False,nan,nan,nan,0.0,0.0,0.0,reject,high_density_unattained,0.0,True,False,False,566487,True,0.9801802799459937,0.8944739106640133,ba043e8be8d2714c
False,nan,nan,nan,0.0,0.0,0.0,reject,high_density_unattained,15,True,True,False,624885,True,0.9809768753613647,0.920585572680282,76385130a121de22
True,0.00282709880586407,0.0031254349245797286,0.0033264168192395083,0.0,0.0,9.342520107721286e-05,Tier_C,,255,True,False,False,90387,True,0.980389854369272,0.9801115145868619,867a7c2d368332ce
True,0.0,0.0,0.0,0.0,0.0,0.0,reject,reduction_below_threshold,405,True,False,False,792048,True,0.98,0.98199936,f993a0c58f3f32af
True,0.12040268012086897,0.15438677784019028,0.19767885753050196,0.0,0.0,0.005091562938747494,Tier_C,,155,True,True,True,193338,True,0.9819999999999999,0.9801392996638262,71261206334b8b54
False,2.1356424406704377e-09,2.2741539762449747e-09,2.385962760698135e-09,0.0,0.0,4.3351345564033036e-11,Tier_C,,40,True,False,False,26614,True,0.9800523193774101,0.9690893523626201,40d0b5bd63a823d5
True,0.052580520138534426,0.0533959269321469,0.054100244100161565,0.0,0.0,0.0016461353252089632,Tier_C,,240,True,False,False,332655,True,0.9812049630291956,0.9816672655672323,050c0b18c3d71c9d
