candidate_id,path_label,stage,physical_time_s,physical_time_h,T_C,rho,G_mean_nm,G50_nm,G90_nm,rho_dot,G_dot,growth_fraction_from_switch,target_attained,classification,solver_step_s,record_kind,activity,renewal_activity,connected_eligibility,densification_eligibility,tau_nuc_s,tau_exchange_s,tau_transport_s,sigma_base,sigma_act_total,stress_concentration,phi_open,phi_connected,phi_GBseg,phi_TJ,phi_iso,phi_closed,N_open,N_connected,N_GBseg,N_TJ,N_iso,N_closed,pore_radius_proxy_D50,pore_radius_proxy_D90,closed_radius_proxy_D50,closed_radius_proxy_D90,D50_nm,D90_nm,large_pore_fraction,connected_fine_pore_fraction,removable_pore_fraction,closed_fraction,isolated_fraction,closed_accommodation_capacity,closed_accommodation_available,closed_accommodation_used,closed_accommodation_recovery,closed_accommodation_factor,P_comp_closed,Lambda_closed,K_closed,Lambda_over_K_closed,closed_shrinkage_flux,open_shrinkage_flux,rho_dot_open,rho_dot_closed,closed_pore_contribution_to_rho_dot,open_pore_contribution_to_rho_dot,PR_damage_memory,PR_redistribution_rate,H_PR,H_dens,w_PR,w_dens,cumulative_PR_surface_energy_loss,cumulative_densifying_work,cumulative_non_densifying_work,cumulative_PR_redistributed_volume,cumulative_open_pore_removed,cumulative_closed_pore_removed,X_J,C_TJ,C_GBseg,f_clean_GB,migration_factor,pore_drag,persistent_junction_drag,P_TJ_multihit,P_persistent_junction_drag,P_clean_GB,Lambda_TJ,K_TJ,Lambda_over_K_TJ,P_comp_TJ,residual_stress
693168,highT_reference,single_step,0.0,0.0,1400.0,0.7,102.95481792457315,81.6452103611268,150.33536985673965,0.000165211146178224,0.2788914426386925,,False,,12.105720747451688,solver_state,0.9586263489399245,0.9586263489399245,0.5808905609186248,1.0,,,,,,0.0,0.2968838985529751,0.20489706890750348,0.17423479235901293,0.030662276548490533,0.0919868296454716,0.0031161014470250004,0.2968838985529751,0.20489706890750348,0.17423479235901293,0.030662276548490533,0.0919868296454716,0.0031161014470250004,1.0,1.0,1.0,1.0,,,0.0,0.5807826411967095,0.5807826411967095,0.010387004823416665,0.30662276548490525,0.9090423597991542,0.9090423597991542,0.0,0.0,1.0,1.0,,,,8.558859877705606e-06,0.00015665228630051839,0.00015665228630051839,8.558859877705606e-06,8.558859877705606e-06,0.00015665228630051839,0.0,0.0001220299647875518,,,,,,,,0.0,0.0,0.0,0.1,0.10218060856448966,0.5808905609186248,0.3169288305168856,2.0565801323084202e-05,0.0,30.94300217087635,0.0011802295682127064,,,0.9525487726954505,48.22310857500472,0.019752952491934147,0.0011802295682127064,0.0
693168,highT_reference,single_step,12.105720747451688,0.003362700207625469,1400.0,0.702,106.24842753472326,85.27269883619763,152.34464220559173,0.00021347910027827384,0.14108675971543577,,False,,9.368598600017352,solver_state,0.1445191345050097,0.1445191345050097,0.5762038090166259,1.0,,,,,,0.5918836329542403,0.27612890260546896,0.20258043434625317,0.17167438107560956,0.03090605327064361,0.07354846825921582,0.021871097394531074,0.2767970827188782,0.2032486144596861,0.17234256118908992,0.03090605327059618,0.0735484682591921,0.02197470856212715,0.9991359597955343,0.9991670593730878,0.9984197912506528,0.9985019786067575,,,0.0007396796072796054,0.5760885270993609,0.5760885270993609,0.0733929442769499,0.24680694046716714,0.9090423597991542,0.9086946704322698,0.0003476893668843406,3.4572460120087784e-09,0.9996175212704487,0.9996175212704487,,,,6.037580596314109e-05,0.00015310329431513273,0.00015310329431513273,6.037580596314109e-05,6.037580596314109e-05,0.00015310329431513273,0.00495825359258475,0.0007249623613762035,,,,,,,,0.0014772606765394648,0.0018963888324039276,0.0001036111675960726,0.1049346142067932,0.10368281305446919,0.5762038090108422,0.3201133779346885,1.114966403571486e-05,0.6787171682239252,32.469919952008745,0.0011918316213865088,,,0.9989593465870382,48.22310857500472,0.02071536605802357,0.0011918316213865088,0.5918836329542403
693168,highT_reference,single_step,21.47431934746904,0.005965088707630289,1400.0,0.704,107.558767074686,86.69823234437968,153.24636121133304,0.00024391132113968725,0.05338940645831196,,False,,8.199701394157946,solver_state,0.0001453439252420037,0.0001453439252420037,0.564881176975178,1.0,,,,,,2.7637947192828762,0.2610883242574706,0.1991972878393467,0.1671704421440565,0.03202684569529021,0.06189103641812388,0.0349116757425295,0.26482854177961584,0.20293750536151653,0.17091065966627544,0.03202684569524108,0.061891036418099316,0.03558092360134678,0.9950286847268552,0.9952964508570572,0.9936935734915002,0.993725663898,,,0.0041644840401706025,0.5647650072434339,0.5647650072434339,0.11794485048151854,0.20909133925041845,0.9090423597991542,0.906781521959288,0.002260837839866192,2.2480620203366843e-08,0.9975129455569423,0.9975129455569423,,,,9.775766395059195e-05,0.0001461536571890953,0.0001461536571890953,9.775766395059195e-05,9.775766395059195e-05,0.0001461536571890953,0.027915555242656036,0.0007560154844850881,,,,,,,,0.008269142040393838,0.0033307521411827246,0.0006692478588172755,0.12778262066612633,0.10817096964740344,0.5648811769707633,0.3269478533818332,4.281752856778878e-06,3.821258279547912,39.539779086722156,0.0012470054426367636,,,1.2143138181111115,48.22310857500472,0.025181160111700504,0.0012470054426367636,2.7637947192828762
693168,highT_reference,single_step,29.67402074162699,0.00824278353934083,1400.0,0.706,107.99528673078599,87.16042192356406,153.54823668570185,0.00026731574949064697,0.03568498739478198,,False,,7.481788872563146,solver_state,3.36379452638254e-07,3.36379452638254e-07,0.5551176182573838,1.0,,,,,,4.662949944139177,0.24915078571893634,0.19621933749188258,0.16316951961596143,0.03304981787592115,0.05293144822705375,0.04484921428106371,0.25569492012872386,0.2027634719016947,0.16971365402582272,0.03304981787587196,0.052931448227029165,0.046320045793266276,0.9910346586761558,0.9913942363646016,0.9893111210121731,0.9893178406389198,,,0.007310713707684415,0.5549983660406851,0.5549983660406851,0.1525483478947745,0.18003893954780184,0.9090423597991542,0.9040522510523183,0.0049901087468358085,4.961910028795082e-08,0.9945105872206678,0.9945105872206678,,,,0.00012712755972157984,0.00014018818976906713,0.00014018818976906713,0.00012712755972157984,0.00012712755972157984,0.00014018818976906713,0.04900549542517713,0.0007379579379109297,,,,,,,,0.01446824326253121,0.004529168487797432,0.0014708315122025683,0.14877215756574091,0.11238673983260825,0.5551176182536404,0.33249564191375136,2.8664148520752355e-06,6.7081840208121974,46.0345719452268,0.0012994752338571494,,,1.4114091194060632,48.22310857500472,0.02926831473775278,0.0012994752338571494,4.662949944139177
693168,highT_reference,single_step,37.15580961419013,0.010321058226163925,1400.0,0.708,108.26180400304378,87.44191411605641,153.72981737560804,0.00028640416741100946,0.028216824569100622,,False,,6.983138611701358,solver_state,1.8045471912787512e-09,1.8045471912787512e-09,0.5467795822911908,1.0,,,,,,6.30467075495141,0.23918823766568548,0.1935850139662484,0.15962408327984817,0.0339609306864002,0.045603223699437104,0.052811762334314574,0.24822968788153332,0.20262646418212082,0.16866553349576982,0.033960930686351,0.0456032236994125,0.05523373540823817,0.987231851794617,0.9876497298734602,0.9851727813223341,0.9852007827183834,,,0.010132125445235512,0.5466578194515348,0.5466578194515348,0.1808621997750499,0.15617542362820924,0.9090423597991542,0.9007920322932621,0.008250327505892052,8.203705544150271e-08,0.9909241550550901,0.9909241550550901,,,,0.00015132376073371325,0.0001350804066772962,0.0001350804066772962,0.00015132376073371325,0.00015132376073371325,0.0001350804066772962,0.06791809648054686,0.000721923266804117,,,,,,,,0.01998948875081285,0.005578026926076409,0.002421973073923591,0.16759472094292038,0.11627738998891236,0.5467795822878811,0.3369430277232065,2.2701172145853604e-06,9.297062466639161,51.85883813964202,0.001348005708878506,,,1.5875157862499103,48.22310857500472,0.03292022918391372,0.001348005708878506,6.30467075495141
693168,highT_reference,single_step,44.13894822589149,0.012260818951636525,1400.0,0.71,108.45858962079932,87.64968464794777,153.86298670802557,0.0003024494447405005,0.024059479064392566,,False,,6.612675390149868,solver_state,1.7424241209501877e-11,1.7424241209501877e-11,0.5394370549358327,1.0,,,,,,7.765493090735077,0.2305998815140644,0.19119367741487964,0.15640083586200182,0.034792841552877804,0.03940620409918477,0.05940011848593567,0.24192155886775213,0.20251535476859195,0.16772251321576337,0.034792841552828586,0.039406204099160166,0.06287880635630672,0.9835524778575898,0.9840160417344596,0.9812115382633364,0.981279531633793,,,0.012726059389793579,0.5393132271103509,0.5393132271103509,0.20482799477908845,0.13588346241098193,0.9090423597991542,0.8971454116290676,0.011896948170086574,1.1829719437404919e-07,0.9869126580936062,0.9869126580936062,,,,0.00017187571457557042,0.00013057373016493005,0.00013057373016493005,0.00017187571457557042,0.00017187571457557042,0.00013057373016493005,0.08530585428109069,0.0007073456592783592,,,,,,,,0.02503077898991826,0.006521312129628958,0.003478687870371042,0.18489970035852626,0.1199487295559824,0.5394370549328383,0.3406142155111792,1.9384163390310565e-06,11.677211237408489,57.21351829588265,0.001393875390735227,,,1.7488678539154197,48.22310857500472,0.036266178303194306,0.001393875390735227,7.765493090735077
693168,highT_reference,single_step,50.75162361604136,0.014097673226678155,1400.0,0.712,108.61752006338857,87.81754015845051,153.97011193834356,0.00031619562800581935,0.021399716897986983,,False,,6.32519814588705,solver_state,2.6194380016354514e-13,2.6194380016354514e-13,0.5328395758678015,1.0,,,,,,9.089340997281305,0.223036890505673,0.18898635620987705,0.15342164495771285,0.0355647112521642,0.03405053429579593,0.06496310949432708,0.23647422508432442,0.2024236907885531,0.16685897953643813,0.03556471125211498,0.03405053429577133,0.06957835567263643,0.9799524247577688,0.980416833261932,0.9773864245464685,0.9774924961939383,,,0.015149510240888566,0.5327140449920583,0.5327140449920583,0.22556635241085787,0.11823102186040249,0.9090423597991542,0.8931964614807026,0.015845898318451512,1.575635437433058e-07,0.9825685809383486,0.9825685809383486,,,,0.00018967729662487526,0.00012651833138094406,0.00012651833138094406,0.00018967729662487526,0.00018967729662487526,0.00012651833138094406,0.10155081890376402,0.0006938718326068411,,,,,,,,0.0297082262233576,0.007384753821690661,0.0046152461783093394,0.2010673270790046,0.12346267570288721,0.5328395758650522,0.3436977484320606,1.7263509275430524e-06,13.900927680286799,62.21626738297944,0.0014378286020954882,,,1.8991162123202818,48.22310857500472,0.039381870402785325,0.0014378286020954882,9.089340997281305
693168,highT_reference,single_step,57.07682176192841,0.01585467271164678,1400.0,0.714,108.75275667726264,87.96045525560696,154.06102210674072,0.00032812439735911166,0.019549342394734874,,False,,6.095249289893933,solver_state,5.587370028968609e-15,5.587370028968609e-15,0.5268258234909471,1.0,,,,,,10.304457356763145,0.21627496896995596,0.18692484450730654,0.15063588328091393,0.03628896122639261,0.029350124462649417,0.06972503103004413,0.23169743742816346,0.20234731296553865,0.16605835173919525,0.03628896122634338,0.029350124462624805,0.075540023693282,0.9764337635446833,0.9769250441276612,0.9736562581668289,0.9738024708635711,,,0.017439362541170247,0.526698892590608,0.526698892590608,0.243793814790364,0.10262281280646646,0.9090423597991542,0.8889992436546127,0.020043116144541462,1.9929854047562945e-07,0.9779513947524185,0.9779513947524185,,,,0.00020530688196096578,0.00012281751539814587,0.00012281751539814587,0.00020530688196096578,0.00020530688196096578,0.00012281751539814587,0.11690023689251668,0.0006812728179084248,,,,,,,,0.03409710305244564,0.008185007336762131,0.005814992663237869,0.21634367059135448,0.12685932971525543,0.5268258234883962,0.3463148467963484,1.5789365037757566e-06,16.002056411491953,66.9432266876364,0.0014803450105358722,,,2.0406234809511288,48.22310857500472,0.042316298995474476,0.0014803450105358722,10.304457356763145
693168,highT_reference,single_step,63.17207105182234,0.017547797514395096,1400.0,0.716,108.87182124865132,88.08636966331285,154.14090288785263,0.0003385696133473739,0.018188261811958723,,False,,5.90720466679327,solver_state,1.5864255788502682e-16,1.5864255788502682e-16,0.5212845644197992,1.0,,,,,,11.430354501474605,0.2101596688277198,0.18498265292533483,0.14800844393110757,0.03697420899422727,0.025177015902384955,0.07384033117228028,0.22746036801871808,0.20228335211635773,0.1653091431221797,0.03697420899417804,0.025177015902360343,0.08090672046200106,0.9729726812166316,0.9734878661619442,0.969998969409062,0.9701856429412318,,,0.019621169649414023,0.5211564927151673,0.5211564927151673,0.2600011660995784,0.08865146444501742,0.9090423597991542,0.8845909196357506,0.024451440163403504,2.4313266968822377e-07,0.9731019793524189,0.9731019793524189,,,,0.00021916510203698984,0.00011940451131038409,0.00011940451131038409,0.00021916510203698984,0.00021916510203698984,0.00011940451131038409,0.13152539896103296,0.0006693898390939564,,,,,,,,0.03824963071202601,0.008933610710279217,0.007066389289720783,0.23089920615215154,0.13016653752753282,0.521284564417414,0.3485488980550533,1.470606351544428e-06,18.004044749567193,71.4471463721965,0.0015217560230919927,,,2.1750260015868066,48.22310857500472,0.045103396812419067,0.0015217560230919927,11.430354501474605
693168,highT_reference,single_step,69.0792757186156,0.019188687699615445,1400.0,0.718,108.97918706880074,88.19999978851014,154.21282406077356,0.00034777434114718263,0.017146781067493958,,False,,5.750855550190156,solver_state,5.725035013691246e-18,5.725035013691246e-18,0.5161352372706207,1.0,,,,,,12.481211955593366,0.2045792456055215,0.18314049512102432,0.14551376251789977,0.03762673260312456,0.021438750484497157,0.0774207543944786,0.22366848020463242,0.20222972972015987,0.16460299711708454,0.03762673260307533,0.021438750484472545,0.08578179679775051,0.9695932925172038,0.9700954315659521,0.9663969095205085,0.9666244954725728,,,0.021713527709798643,0.5160062500634742,0.5160062500634742,0.27454168224992404,0.07602393788828776,0.9090423597991542,0.8799982778163253,0.029044081982828818,2.8879956125029653e-07,0.968049803543538,0.968049803543538,,,,0.00023154343573023435,0.00011623090541694827,0.00011623090541694827,0.00023154343573023435,0.00023154343573023435,0.00011623090541694827,0.1455509598287691,0.0006581072774682485,,,,,,,,0.04220385349342582,0.009638957596728087,0.008361042403271913,0.2448579950418846,0.13340464462108859,0.5161352372683767,0.3504601181105348,1.3878086028106907e-06,19.92395619368179,75.76641472137464,0.0015623024728817728,,,2.303513961079674,48.22310857500472,0.0477678446941441,0.0015623024728817728,12.481211955593366
693168,highT_reference,single_step,74.83013126880576,0.020786147574668266,1400.0,0.7199999999999999,109.07773181840923,88.30437732873787,154.2787537471137,0.0003559222492519487,0.01632627516033696,,False,,5.619204767904938,solver_state,2.5362707916678764e-19,2.5362707916678764e-19,0.5113172786348308,1.0,,,,,,13.467731569164012,0.19944975816306443,0.18138379909613112,0.14313252075636512,0.03825127833976598,0.01806595906693332,0.08055024183693568,0.2202508421860707,0.202184883119162,0.16393360477944524,0.03825127833971674,0.0180659590669087,0.09024285709268692,0.9662910247434586,0.9667154109020398,0.9628380725017378,0.9631057468701198,,,0.02373048509868808,0.5111875741298751,0.5111875741298751,0.287679435131913,0.06452128238190467,0.9090423597991542,0.8752413264471753,0.033801033351978815,3.3610026330422014e-07,0.9628168775771385,0.9628168775771385,,,,0.0002426619786868225,0.00011326027056512624,0.00011326027056512624,0.0002426619786868225,0.0002426619786868225,0.00011326027056512624,0.15907108935998154,0.0006473377632617521,,,,,,,,0.04598853338267463,0.010307384744248771,0.00969261525575123,0.2583137588139281,0.13658911084802675,0.5113172786327094,0.3520936105192639,1.32266759558933e-06,21.77468129018297,79.93003199746605,0.001602166252576119,,,2.426985755521534,48.22310857500472,0.05032827263192036,0.001602166252576119,13.467731569164012
693168,highT_reference,single_step,80.44933603671069,0.022347037787975192,1400.0,0.722,109.16941724939059,88.40156791432834,154.34003014953504,0.0003631562302046237,0.015665367023571086,,False,,5.507271619360851,solver_state,1.3427134593402768e-20,1.3427134593402768e-20,0.5067838042178325,1.0,,,,,,14.398232734761553,0.19470626008086964,0.17970122964498114,0.14084968924172084,0.03885154040326029,0.015005030435888498,0.08329373991913043,0.2171526331632567,0.20214760272739282,0.16329606232418176,0.03885154040321106,0.015005030435863882,0.0943499225225079,0.9629959265026392,0.9633828880845761,0.9593093221948871,0.9596190633128358,,,0.025682971633741135,0.506653558423456,0.506653558423456,0.29961776949327484,0.05397492962549818,0.9090423597991542,0.8703354232007554,0.038706936598398745,3.8488206697562284e-07,0.9574200957951501,0.9574200957951501,,,,0.0002526918411735722,0.00011046438903105149,0.00011046438903105149,0.0002526918411735722,0.0002526918411735722,0.00011046438903105149,0.17215905291868885,0.0006370133237927606,,,,,,,,0.049626056828439985,0.010943817396622531,0.011056182603377469,0.271339414040699,0.13973205895848784,0.5067838042158189,0.3534841368256932,1.2702822654885443e-06,23.56624905007153,83.96056077705666,0.0016414890033529844,,,2.546139582376491,48.22310857500472,0.052799159108880445,0.0016414890033529844,14.398232734761553
693168,highT_reference,single_step,85.95660765607154,0.023876835460019872,1400.0,0.7239999999999999,109.25564187626965,88.49304357834981,154.3976052802855,0.0003695900934525189,0.01512378325703261,,False,,5.411400455345103,solver_state,8.315027600740498e-22,8.315027600740498e-22,0.5024976484788012,1.0,,,,,,15.279338326654333,0.19029728603365614,0.1780837596765249,0.13865329720072528,0.03943046247579962,0.012213526357131237,0.08570271396634396,0.21433045630032335,0.20211692994321673,0.16268646746746634,0.03943046247575038,0.012213526357106621,0.09815053917506068,0.9597312555229962,0.9600769356963491,0.9558039779286827,0.9561562266943151,,,0.027579696108933193,0.5023670188432073,0.5023670188432073,0.3105170795882026,0.044251907091055184,0.9090423597991542,0.8652926114024418,0.04374974839671231,4.350252195697311e-07,0.9518727065630049,0.9518727065630049,,,,0.00026176921130300474,0.00010782088214951414,0.00010782088214951414,0.00026176921130300474,0.00026176921130300474,0.00010782088214951414,0.1848732277760535,0.0006270798194881439,,,,,,,,0.05313426222771858,0.011552174791283277,0.012447825208716722,0.28399306007896946,0.14284324560259584,0.5024976484768833,0.35465910592052097,1.227436773854819e-06,25.306650511561415,87.87597874537369,0.0016803838091395623,,,2.6615309747819476,48.22310857500472,0.05519202418571348,0.0016803838091395623,15.279338326654333
693168,highT_reference,single_step,91.36800811141664,0.025380002253171288,1400.0,0.726,109.33743885801806,88.5798915465666,154.4521812455184,0.000375316250022012,0.014673957770758354,,False,,5.328839345172775,solver_state,5.920039657625363e-23,5.920039657625363e-23,0.498428766972111,1.0,,,,,,16.116424790714024,0.18618123986586468,0.1765240594012715,0.13653362327201637,0.03999043612925513,0.009657180464593192,0.08781876013413539,0.2117492706236456,0.20209209015907703,0.16210165402987115,0.0399904361292059,0.009657180464568572,0.10168312337209251,0.9563359177854523,0.9567937268286358,0.952315411290549,0.9527105789076962,,,0.029427736158690043,0.4982978951533443,0.4982978951533443,0.3205064238472094,0.035245184177347406,0.9090423597991542,0.8601224974051264,0.04891986239402779,4.864342004051895e-07,0.9461852774332362,0.9461852774332362,,,,0.0002700045961704303,0.0001053116538515817,0.0001053116538515817,0.0002700045961704303,0.0002700045961704303,0.0001053116538515817,0.1972610571209721,0.000617493284069053,,,,,,,,0.05652764224843445,0.012135636762042868,0.01386436323795713,0.2963219142567541,0.1459306986051206,0.49842876697027894,0.3556405344246005,1.1919299970509751e-06,27.002379989172017,91.69089636124977,0.0017189428567749203,,,2.7736106215138525,48.22310857500472,0.057516213771243406,0.0017189428567749203,16.116424790714024
693168,highT_reference,single_step,96.69684745658942,0.026860235404608173,1400.0,0.7279999999999999,109.4155940239937,88.6629386805421,154.50429131018305,0.0003804109543689239,0.014296359974557634,,False,,5.2574721548643755,solver_state,4.7772843794183176e-24,4.7772843794183176e-24,0.4945524679814134,1.0,,,,,,16.913928857668022,0.18232393879199812,0.1750160793993337,0.13448264310532576,0.04053343629400793,0.007307859392664434,0.08967606120800198,0.20938030653564316,0.20207244714300335,0.16153901084904465,0.04053343629395869,0.007307859392639815,0.10497923556140959,0.9530594949439763,0.9535300658100279,0.9488381818151461,0.9492766393889839,,,0.031232940595253653,0.4944214820048739,0.4944214820048739,0.32969140150000714,0.026867130120089816,0.9090423597991542,0.8548328484270267,0.054209511372127483,5.390317762193066e-07,0.9403663528021899,0.9403663528021899,,,,0.0002774891242590228,0.00010292183010990113,0.00010292183010990113,0.0002774891242590228,0.0002774891242590228,0.00010292183010990113,0.20936174703067426,0.0006082174262375567,,,,,,,,0.05981816475596157,0.012696825646592393,0.015303174353407606,0.3083649960045456,0.1490011511236995,0.49455246797965885,0.3564463808966416,1.162202470514361e-06,28.658804251512603,95.41738740790932,0.0017572426449560079,,,2.882750167783053,48.22310857500472,0.05977943465215049,0.0017572426449560079,16.913928857668022
693168,highT_reference,single_step,101.9543196114538,0.028320644336514943,1400.0,0.73,109.49071982617404,88.74282940578765,154.55435057728764,0.0003849379924624276,0.013976749338221447,,False,,5.195641997315224,solver_state,4.3234585831808035e-25,4.3234585831808035e-25,0.49084817080211274,1.0,,,,,,17.675563214059963,0.17869689109565334,0.1735547570896403,0.13249364042876696,0.04106111666087335,0.005142134006013048,0.09130310890434672,0.20719960500583726,0.20205747099984883,0.16099635433902473,0.04106111666082411,0.005142134005988429,0.10806517460182383,0.9498010195500785,0.9502881854812654,0.9453677632450179,0.9458498347945175,,,0.0330002124737109,0.49071718677321086,0.49071718677321086,0.33815966260869146,0.019044940763011286,0.9090423597991542,0.8494300126812211,0.05961234711793306,5.927548236139034e-07,0.9344229160771959,0.9344229160771959,,,,0.00028429897881473916,0.00010063901364768839,0.00010063901364768839,0.00028429897881473916,0.00028429897881473916,0.00010063901364768839,0.22120816392826337,0.000599221870671559,,,,,,,,0.0630158509385088,0.01323793430252288,0.016762065697477117,0.3201550152797017,0.15206034680706482,0.49084817080042875,0.35709148239250643,1.1371171652496966e-06,30.280422256840204,99.0655733281676,0.0017953476385844055,,,2.9892603695696796,48.22310857500472,0.06198813095842374,0.0017953476385844055,17.675563214059963
693168,highT_reference,single_step,107.14996160876902,0.02976387822465806,1400.0,0.732,109.56330359643118,88.82007653951163,154.60268899609758,0.00038895134563551,0.013705967732761068,,False,,5.142031316878947,solver_state,4.6301064820921026e-26,4.6301064820921026e-26,0.4872985106170127,1.0,,,,,,18.404472226836596,0.17527605611364236,0.17208750363008826,0.13056092593970717,0.041526577690381095,0.003188552483554103,0.09272394388635771,0.20518696659729377,0.20199841411376018,0.16047183642342833,0.04152657769033184,0.003188552483533583,0.11096312529795851,0.9465580888025988,0.9470830823259991,0.9419003459217311,0.9424263033846552,,,0.03473371354371045,0.4871676341033848,0.4871676341033848,0.3459848652476033,0.01189758389385859,0.9090423597991542,0.8439192224292221,0.06512313736993203,6.475513156449008e-07,0.9283607230533014,0.9283607230533014,,,,0.0002904985993110302,9.845274632447984e-05,9.845274632447984e-05,0.0002904985993110302,0.0002904985993110302,9.845274632447984e-05,0.23282820507506347,0.0005904808866676432,,,,,,,,0.06612919325547974,0.01376081858839919,0.01823918141160081,0.33171973653434006,0.15491520258755415,0.4872985106153932,0.3577862867970527,1.1159126268083346e-06,31.871052754406815,102.64404527704615,0.0018334057948118823,,,3.093655393694339,48.22310857500472,0.06415296493967335,0.0018334057948118823,18.404472226836596
693168,highT_reference,single_step,112.29199292564796,0.031192220257124433,1400.0,0.7339999999999999,109.63374772993309,88.89509559459556,154.64957361242654,0.00039250277180151775,0.013478540152883571,,False,,5.095505417249301,solver_state,1.0374563957457524e-26,1.0374563957457524e-26,0.4838886817473089,1.0,,,,,,19.103347286517945,0.17203869908583574,0.17050401115287653,0.12867963029206958,0.04182438086080695,0.0015346879329592121,0.09396130091416435,0.20332294609355156,0.20178825816061127,0.15996387729985356,0.0418243808607577,0.001534687932940274,0.11369423522093193,0.9433286140726064,0.9438904531238723,0.9384326910517731,0.9390027504871032,,,0.036437015292911754,0.4837580086168027,0.4837580086168027,0.35323797336151996,0.0057695035073654566,0.9090423597991542,0.8383048175284527,0.0707375422707015,7.033780989800515e-07,0.9221845478286288,0.9221845478286288,,,,0.00029614865808102136,9.635411372049636e-05,9.635411372049636e-05,0.00029614865808102136,0.00029614865808102136,9.635411372049636e-05,0.24424581105364107,0.0005819724518958645,,,,,,,,0.06916546446674321,0.014267065693232404,0.019732934306767595,0.34308298637826995,0.15714137883942064,0.4838886817457485,0.35896993941483085,1.0981280092581324e-06,33.43397287930691,106.16017592293548,0.0018716951952956525,,,3.196754034983847,48.22310857500472,0.06629091590003401,0.0018716951952956525,19.103347286517945
693168,highT_reference,single_step,117.38749834289726,0.032607638428582573,1400.0,0.736,109.702396980047,88.96825146826518,154.69522335972502,0.00039564877116269963,0.013291106182039016,,False,,5.054988529656156,solver_state,8.39422194189692e-27,8.39422194189692e-27,0.48060605006522594,1.0,,,,,,19.774503959027054,0.16896046129107795,0.16862293299618406,0.12684557454462986,0.0417773584515542,0.00033752829489388765,0.09503953870892214,0.20158600885188466,0.20124848055699238,0.15947112210548742,0.04177735845150495,0.0003375282948922699,0.11628150010725269,0.9401108073347949,0.9407180840664674,0.9349620698935667,0.9355763877463205,,,0.03811318880702628,0.48047566115390083,0.48047566115390083,0.35999825268531105,0.0012785162685374528,0.9090423597991542,0.8325903761202549,0.07645198367889927,7.601995944039293e-07,0.9158983265688623,0.9158983265688623,,,,0.0003013132837997096,9.433548736299005e-05,9.433548736299005e-05,0.0003013132837997096,0.0003013132837997096,9.433548736299005e-05,0.25548156812365763,0.0005736776664832195,,,,,,,,0.07213090824806845,0.014758038601669448,0.02124196139833055,0.3542652530672418,0.15807418785524768,0.48060605006372015,0.36131976208103217,1.0835537529297602e-06,34.9720006064918,109.62030494725724,0.0019106541923349654,,,3.2997358541653568,48.22310857500472,0.06842644432664581,0.0019106541923349654,19.774503959027054
693168,highT_reference,single_step,122.44248687255342,0.03401180190904261,1400.0,0.7379999999999999,109.76955399308812,89.03993487657611,154.73983454028763,0.0003984565263367894,0.013147602174646316,,False,,5.019368156388358,solver_state,8.39422194189692e-27,8.39422194189692e-27,0.477439966001791,1.0,,,,,,20.419932298950098,0.1660127979587117,0.16596231712284618,0.12505519739777113,0.04090711972507505,5.048083586554005e-05,0.09598720204128838,0.19995001533922271,0.19989953450335735,0.15899241477833154,0.040907119725025795,5.048083586536816e-05,0.1187522986330595,0.9369032235255677,0.9375583871762306,0.9314937410471567,0.9321449440035711,,,0.03976484823632628,0.47730991373195064,0.47730991373195064,0.36636336656980284,0.00019267494605167948,0.9090423597991542,0.8267787838350447,0.08226357596410949,8.179871086771159e-07,0.9095052336369837,0.9095052336369837,,,,0.0003060661602051606,9.239036613162876e-05,9.239036613162876e-05,0.0003060661602051606,0.0003060661602051606,9.239036613162876e-05,0.2665529995909593,0.0005655804239312264,,,,,,,,0.07503084227186103,0.015234903408228886,0.02276509659177111,0.365283976484945,0.15590812790775532,0.4774399660003358,0.3666519060919089,1.0726001531975882e-06,36.48753463488367,113.02982877359999,0.0019513464876938034,,,3.4053585231579744,48.22310857500472,0.07061673591326834,0.0019513464876938034,20.419932298950098
693168,highT_reference,single_step,127.46185502894177,0.03540607084137271,1400.0,0.74,109.83551833173254,89.11041450832774,154.78365466135074,0.0004010330578085399,0.013031684417989941,,False,,4.987120041746869,solver_state,8.39422194189692e-27,8.39422194189692e-27,0.47438172161078646,1.0,,,,,,21.04133026348535,0.16315083925099721,0.16315072353464782,0.12330552588053537,0.03984519765411247,1.1571634940054082e-07,0.09684916074900286,0.19837210040358413,0.19837198468723477,0.15852678703317152,0.03984519765406323,1.157163493645308e-07,0.12115051607905582,0.9337043976320045,0.9344026767893127,0.9280601661187807,0.9287321386721434,,,0.041394159956221956,0.4742520226174436,0.4742520226174436,0.37249677211154936,4.450628823097723e-07,0.9090423597991542,0.8208722872813812,0.08817007251777298,8.767183026681288e-07,0.9030077404343914,0.9030077404343914,,,,0.00031051976795013126,9.051328985840863e-05,9.051328985840863e-05,0.00031051976795013126,0.00031051976795013126,9.051328985840863e-05,0.27747462721619187,0.0005576672785438262,,,,,,,,0.07786969864161807,0.015698644669947043,0.02430135533005295,0.3761536092593005,0.1530095342069556,0.47438172160937847,0.3726087441836659,1.0639031393219673e-06,37.98256279296231,116.3932194789351,0.001992735451563315,,,3.5108093156977755,48.22310857500472,0.0728034633071647,0.001992735451563315,21.04133026348535
693168,highT_reference,single_step,132.44897507068865,0.03679138196408018,1400.0,0.7419999999999999,109.9004814716294,89.17987555767307,154.82679885700156,0.0004034077132559235,0.012937142757283297,,False,,4.957763409771969,solver_state,8.39422194189692e-27,8.39422194189692e-27,0.47142490996206105,1.0,,,,,,21.640084116039855,0.16036079612202184,0.16036079612202184,0.12159425632651118,0.03876653979551066,0.0,0.09763920387797825,0.19684000152153072,0.19684000152153072,0.15807346172606931,0.038766539795461415,0.0,0.1234891585661339,0.9305130739114388,0.9312236331979833,0.9246589968216105,0.925351572144389,,,0.04300272934741396,0.47129556715701987,0.47129556715701987,0.3784465266588303,0.0,0.9090423597991542,0.814872423515456,0.09416993628369819,9.363778926729076e-07,0.8964075378131946,0.8964075378131946,,,,0.0003147077997788768,8.869991347704669e-05,8.869991347704669e-05,0.0003147077997788768,0.0003147077997788768,8.869991347704669e-05,0.28825721228111745,0.0005499278116526814,,,,,,,,0.08065085230307041,0.016150045311844358,0.025849954688155638,0.3868848614418676,0.15001595486759384,0.4714249099606982,0.378559135171708,1.056939962713169e-06,39.458558150197845,119.71379107474904,0.002034534699643117,,,3.615349933532952,48.22310857500472,0.07497131645733185,0.002034534699643117,21.640084116039855
693168,highT_reference,single_step,137.4067384804606,0.03816853846679461,1400.0,0.7439999999999999,109.96459407329212,89.24847307177693,154.86936584933744,0.00040558932153826784,0.012860725780880348,,False,,4.931096293202822,solver_state,8.39422194189692e-27,8.39422194189692e-27,0.4685639826869614,1.0,,,,,,22.2174310701148,0.1576372405913209,0.1576372405913209,0.1199193590251752,0.03771788156614568,0.0,0.09836275940867921,0.19534963001651737,0.19534963001651737,0.15763174845042094,0.037717881566096435,0.0,0.12577296091134843,0.9273282563099902,0.928058215608892,0.9212870279776282,0.9220004163675869,,,0.0445919581659108,0.4684349961920904,0.4684349961920904,0.384229528940153,0.0,0.9090423597991542,0.808780436603142,0.10026192319601213,9.969535083339214e-07,0.8897059943189399,0.8897059943189399,,,,0.000318642921871325,8.694639966694284e-05,8.694639966694284e-05,0.000318642921871325,0.000318642921871325,8.694639966694284e-05,0.2989101511198624,0.0005423528435950346,,,,,,,,0.08337726428569804,0.0165897984973308,0.027410201502669197,0.39748708463464816,0.14709308628454992,0.46856398268564153,0.38434293102980854,1.0514416155693881e-06,40.91680693357672,122.9944372274523,0.002076669407297944,,,3.7188199805896414,48.22310857500472,0.0771169692390424,0.002076669407297944,22.2174310701148
693168,highT_reference,single_step,142.33783477366342,0.03953828743712873,1400.0,0.7459999999999999,110.02798548511018,89.31634391919067,154.91144270129624,0.00040758137404238746,0.012800395562278025,,False,,4.906995577751806,solver_state,8.39422194189692e-27,8.39422194189692e-27,0.4657938606019965,1.0,,,,,,22.774506516572558,0.15497702069845568,0.15497702069845568,0.11827896841675353,0.03669805228170214,0.0,0.09902297930154443,0.1938990659274735,0.1938990659274735,0.1572010136458206,0.0366980522816529,0.0,0.1280044397351086,0.9241490385914767,0.9248980214445828,0.9179414182198783,0.9186757518554373,,,0.0461631419180845,0.46566522998721843,0.46566522998721843,0.3898542492186787,0.0,0.9090423597991542,0.8025973798859759,0.10644497991317825,1.0584346757593193e-06,0.882904268689199,0.882904268689199,,,,0.00032233213058136017,8.52492434610273e-05,8.52492434610273e-05,0.00032233213058136017,0.00032233213058136017,8.52492434610273e-05,0.3094421278459079,0.000534933937103904,,,,,,,,0.08605165838235752,0.017018539566435793,0.028981460433564202,0.4079689216096372,0.14423793173485544,0.4657938606007178,0.38996820766442675,1.0472457801943068e-06,42.35849787726289,126.23783227017088,0.0021191583387480725,,,3.821292239312002,48.22310857500472,0.07924193093791294,0.0021191583387480725,22.774506516572558
693168,highT_reference,single_step,147.24483035141523,0.040901341764282007,1400.0,0.7479999999999999,110.090771427776,89.38361064925327,154.95310727366967,0.00040938708614054466,0.012754442689997179,,False,,4.885351951022192,solver_state,8.39422194189692e-27,8.39422194189692e-27,0.4631098133335368,1.0,,,,,,23.31236153559766,0.15237720852558156,0.15237720852558156,0.11667134749967675,0.0357058610259048,0.0,0.09962279147441855,0.19248653122361903,0.19248653122361903,0.15678067019776348,0.035705861025855545,0.0,0.1301859342473128,0.9209745592068888,0.9217421787892568,0.9146196028230024,0.9153749413587249,,,0.047717499468033574,0.46298153769712974,0.46298153769712974,0.39532853759689884,0.0,0.9090423597991542,0.7963241466188534,0.11271821318030073,1.120812512877285e-06,0.8760033435568338,0.8760033435568338,,,,0.0003257818772562926,8.360520888425204e-05,8.360520888425204e-05,0.0003257818772562926,0.0003257818772562926,8.360520888425204e-05,0.3198613128171718,0.0005276632363355951,,,,,,,,0.08867657684611574,0.01743685722710574,0.030563142772894254,0.4183385038290771,0.14144735923199167,0.46310981333229767,0.3954428274357107,1.0442164161401093e-06,43.784749389800204,129.44649232144297,0.0021620206011586174,,,3.9228359720639614,48.22310857500472,0.08134763784384626,0.0021620206011586174,23.31236153559766
693168,highT_reference,single_step,152.13018230243742,0.042258383972899285,1400.0,0.7499999999999999,110.15305626114616,89.45038387763302,154.99442975355362,0.00041100942614302765,0.012721422937798117,,False,,4.866068447062861,solver_state,8.39422194189692e-27,8.39422194189692e-27,0.4605074243004588,1.0,,,,,,23.831970944265187,0.14983507475771474,0.14983507475771474,0.11509487558396106,0.034740199173753664,0.0,0.10016492524228537,0.19111037208882395,0.19111037208882395,0.15637017291511954,0.03474019917370441,0.0,0.13231962714484136,0.9178039970027747,0.9185898573604445,0.911327003768849,0.9120955920275529,,,0.049256180776828404,0.460379502335844,0.460379502335844,0.40065970096914133,0.0,0.9090423597991542,0.7899614830290812,0.11908087677007295,1.1840795995834793e-06,0.869004039815721,0.869004039815721,,,,0.0003289981241978411,8.201130194518658e-05,8.201130194518658e-05,0.0003289981241978411,0.0003289981241978411,8.201130194518658e-05,0.33017541451428434,0.0005205334114825735,,,,,,,,0.09125439746723052,0.017845298097444038,0.032154701902555954,0.4286035030767632,0.1387184671893465,0.4605074242992576,0.40077410851139594,1.0422386860330801e-06,45.19661665550971,132.6227912614949,0.002205275472804761,,,4.023516757474773,48.22310857500472,0.08343544985733801,0.002205275472804761,23.831970944265187
693168,highT_reference,single_step,156.9962507495003,0.04361006965263897,1400.0,0.7519999999999999,110.21493482139522,89.51676422730996,155.03547389753246,0.00041245113098409156,0.01270010926751175,,False,,4.849059318198696,solver_state,8.39422194189692e-27,8.39422194189692e-27,0.45798255976412744,1.0,,,,,,24.33424038610221,0.14734807025160754,0.14734807025160754,0.11354803747501116,0.03380003277659637,0.0,0.10065192974839257,0.18976904732187777,0.18976904732187777,0.15596901454533063,0.033800032776547126,0.0,0.13440755904225055,0.9146365674515226,0.9154402646008734,0.90805047776888,0.908835523805595,,,0.050780273766439926,0.4578549898185932,0.4578549898185932,0.40585455543706667,0.0,0.9090423597991542,0.7835099997334878,0.12553236006566637,1.2482298642151016e-06,0.8619070291802444,0.8619070291802444,,,,0.00033198638407551135,8.046474690858021e-05,8.046474690858021e-05,0.00033198638407551135,0.00033198638407551135,8.046474690858021e-05,0.34039172555137,0.0005135376098556316,,,,,,,,0.09378734867648786,0.018244370706142054,0.03375562929385794,0.43877117724978776,0.13604856284449943,0.4579825597629626,0.40596887739253795,1.041215125607517e-06,46.59509793271144,135.76897490158157,0.002248942460941084,,,4.123396856984013,48.22310857500472,0.08550665809050054,0.002248942460941084,24.33424038610221
693168,highT_reference,single_step,161.845310067699,0.04495703057436083,1400.0,0.7539999999999999,110.27649393177799,89.58284392459858,155.07629805348014,0.00041371472031742694,0.012689453975883787,,False,,4.8342490653111865,solver_state,8.39422194189692e-27,8.39422194189692e-27,0.45553134122769756,1.0,,,,,,24.82001260940185,0.14491380965196998,0.14491380965196998,0.11202941385309817,0.0328843957988718,0.0,0.10108619034803015,0.1884611180424354,0.1884611180424354,0.15557672224361285,0.03288439579882255,0.0,0.13645164131110457,0.9114715947736168,0.9122926421636092,0.9047942364080708,0.9055927428158642,,,0.05229081046817839,0.45540412135405733,0.45540412135405733,0.41091947295947195,0.0,0.9090423597991542,0.7769701817628213,0.13207217803633287,1.3132584838733819e-06,0.8547128452127213,0.8547128452127213,,,,0.0003347517549884112,7.896296532901575e-05,7.896296532901575e-05,0.0003347517549884112,0.0003347517549884112,7.896296532901575e-05,0.35051716389069476,0.0005066694123736704,,,,,,,,0.0962775230088038,0.018634549036925605,0.03536545096307439,0.4488484113769825,0.1334351431141757,0.45553134122656763,0.4110335156592567,1.0410626233410634e-06,47.9811401954252,138.88717367632373,0.002293041358499475,,,4.222535544538997,48.22310857500472,0.0875624917039804,0.002293041358499475,24.82001260940185
693168,highT_reference,single_step,166.67955913301017,0.04629987753694727,1400.0,0.7559999999999999,110.33781365649095,89.64870812382155,155.11695600821213,0.0004148025091880934,0.01268855857577134,,False,,4.821571605038422,solver_state,8.39422194189692e-27,8.39422194189692e-27,0.4531501207288337,1.0,,,,,,25.2900730425676,0.14253005678479036,0.14253005678479036,0.11053767269033407,0.031992384094456275,0.0,0.10146994321520976,0.1871852385295968,0.1871852385295968,0.15519285443518976,0.03199238409440702,0.0,0.13845366753694816,0.908316580784617,0.9091462627408187,0.9015527855757428,0.9023654188342075,,,0.053788772551860806,0.4530232487308771,0.4530232487308771,0.41586042301315457,0.0,0.9090423597991542,0.7703423973765008,0.13869996242265337,1.3791617967741843e-06,0.847421893020147,0.847421893020147,,,,0.0003372989517195403,7.75035574685531e-05,7.75035574685531e-05,0.0003372989517195403,0.0003372989517195403,7.75035574685531e-05,0.36055830990616006,0.0004999227947457108,,,,,,,,0.09872688914199299,0.0190162756782616,0.036983724321738395,0.45884175450596854,0.13087587755689672,0.4531501207277373,0.4159740017153659,1.0417100174614586e-06,49.35564420683852,141.97941405766898,0.002337592300149992,,,4.320989404362077,48.22310857500472,0.08960412408174277,0.002337592300149992,25.2900730425676
693168,highT_reference,single_step,171.5011307380486,0.04763920298279128,1400.0,0.7579999999999999,110.39896835067441,89.7144360167959,155.15749769701705,0.0004157166194267291,0.012696649635303502,,False,,4.810969556035524,solver_state,8.39422194189692e-27,8.39422194189692e-27,0.45083545863749797,1.0,,,,,,25.745154758124936,0.14019471159798014,0.14019471159798014,0.10907156157061401,0.031123150027366125,0.0,0.10180528840201997,0.1859401480461812,0.1859401480461812,0.15481699801886434,0.031123150027316873,0.0,0.14041532377177857,0.905155892288712,0.906000427193525,0.8983245115311634,0.8991518661319992,,,0.055275096317914156,0.45070893210997504,0.45070893210997504,0.4206830099257022,0.0,0.9090423597991542,0.7636269058227497,0.14541545397640443,1.4459372250851908e-06,0.8400344577907978,0.8400344577907978,,,,0.0003396323336472831,7.6084285779446e-05,7.6084285779446e-05,0.0003396323336472831,0.0003396323336472831,7.6084285779446e-05,0.3705214398466993,0.0004932920927367087,,,,,,,,0.10113730269385035,0.019389964630241438,0.03861003536975856,0.4687574530072492,0.12836859316903865,0.4508354586364339,0.4207959481945275,1.0430961686071849e-06,50.71946909997408,145.0476288601778,0.0023826158182205324,,,4.418812601005239,48.22310857500472,0.09163267843117902,0.0023826158182205324,25.745154758124936
693168,highT_reference,single_step,176.31210029408413,0.04897558341502337,1400.0,0.7599999999999999,110.46002754747481,89.7801017704404,155.19796980284738,0.000416458989893595,0.012713059250674272,,False,,4.802393629468771,solver_state,8.39422194189692e-27,8.39422194189692e-27,0.4485841036264896,1.0,,,,,,26.18594290326169,0.13790579845323217,0.13790579845323217,0.10762990079766388,0.030275897655568283,0.0,0.10209420154676796,0.18472466352346334,0.18472466352346334,0.15444876586794432,0.03027589765551903,0.0,0.1423381977339489,0.9020076563510375,0.9028544619456174,0.895107925059829,0.895950527112962,,,0.05675067722297247,0.4484579199902659,0.4484579199902659,0.42539250644486626,0.0,0.9090423597991542,0.7568238641758605,0.1522184956232937,1.5135832069396243e-06,0.8325507123156228,0.8325507123156228,,,,0.0003417559297124144,7.470306018118062e-05,7.470306018118062e-05,0.0003417559297124144,0.0003417559297124144,7.470306018118062e-05,0.38041255617254877,0.0004867719709976926,,,,,,,,0.10351051593423971,0.01975600381281906,0.040243996187180935,0.47860148076606257,0.1259112607804816,0.44858410362545653,0.4255046355940619,1.0451684024851266e-06,52.073436530298935,148.0936665832891,0.002428132898942824,,,4.516057125326218,48.22310857500472,0.09364923288390012,0.002428132898942824,26.18594290326169
693168,highT_reference,single_step,181.1144939235529,0.05030958164543137,1400.0,0.7619999999999999,110.52105671405639,89.84577532624623,155.2384162668048,0.0004170313856841878,0.01273720915492651,,False,,4.7958021114376574,solver_state,8.39422194189692e-27,8.39422194189692e-27,0.44639297452905935,1.0,,,,,,26.61307866329864,0.13566145560110032,0.13566145560110032,0.1062115771927548,0.02944987840834551,0.0,0.1023385443988998,0.18353767299924514,0.18353767299924514,0.1540877945909489,0.029449878408296253,0.0,0.14422378708576483,0.898862761592727,0.8997077166103319,0.8919016479492156,0.8927599582809708,,,0.058216373999809536,0.4462671310619947,0.4462671310619947,0.4299938840289905,0.0,0.9090423597991542,0.749933333362945,0.15910902643620917,1.5820991365093085e-06,0.8249707236180247,0.8249707236180247,,,,0.00034367346078307214,7.335792490111568e-05,7.335792490111568e-05,0.00034367346078307214,0.00034367346078307214,7.335792490111568e-05,0.39023741517223054,0.00048035739501502,,,,,,,,0.10584818654676299,0.020114757313134984,0.04188524268686501,0.48837956666789256,0.12350198284980952,0.44639297452805615,0.4301050426221343,1.047881242930594e-06,53.41833445610334,151.1192999161625,0.002474165039472826,,,4.612773019533109,48.22310857500472,0.09565482516247466,0.002474165039472826,26.61307866329864
693168,highT_reference,single_step,185.91029603499058,0.051641748898608494,1400.0,0.7639999999999999,110.58211790165572,89.91152308815563,155.27887872693748,0.0004174354063944354,0.01276859770389316,,False,,4.791160427130125,solver_state,8.39422194189692e-27,8.39422194189692e-27,0.44425914383685444,1.0,,,,,,27.027162814913652,0.13345992569487977,0.13345992569487977,0.1048155384974074,0.028644387197472365,0.0,0.10254007430512034,0.18237812971731712,0.18237812971731712,0.15373374251989402,0.028644387197423106,0.0,0.1460735069008539,0.8957195293652551,0.8965595618216238,0.8887044013641605,0.8895788181636579,,,0.05967301242432296,0.44413363770087866,0.44413363770087866,0.43449184027593346,0.0,0.9090423597991542,0.7429552834762982,0.1660870763228559,1.6514853111812332e-06,0.817294458797771,0.817294458797771,,,,0.0003453883597130225,7.204704668141287e-05,7.204704668141287e-05,0.0003453883597130225,0.0003453883597130225,7.204704668141287e-05,0.4000015522136158,0.00047404360579578794,,,,,,,,0.10815188555602072,0.020466567404266438,0.04353343259573356,0.4980972197293233,0.12113898248732032,0.4442591438358799,0.43460187367679975,1.0511953748280358e-06,54.75492059501988,154.12623351391926,0.00252073430612204,,,4.7090085840365035,48.22310857500472,0.09765045686991036,0.00252073430612204,27.027162814913652
693168,highT_reference,single_step,190.70145646212072,0.052972626795033534,1400.0,0.7659999999999999,110.64327030961213,89.97740851993191,155.31939689885957,0.00041767249353153314,0.012806789156900748,,False,,4.788440778298477,solver_state,8.39422194189692e-27,8.39422194189692e-27,0.4421798226240267,1.0,,,,,,27.428758917902112,0.13129954721870069,0.13129954721870069,0.10344078830798453,0.027858758910716153,0.0,0.10270045278129944,0.18124504680912437,0.18124504680912437,0.15338628789845749,0.027858758910666893,0.0,0.14788869641808144,0.8925744415589246,0.8934093872463937,0.885514995824219,0.8864058568862481,,,0.06112138877547276,0.44205465088882256,0.44205465088882256,0.43889082385170675,0.0,0.9090423597991542,0.7358895984538718,0.17315276134528235,1.721742885017306e-06,0.8095217901797898,0.8095217901797898,,,,0.00034690378934860685,7.076870418292631e-05,7.076870418292631e-05,0.00034690378934860685,0.00034690378934860685,7.076870418292631e-05,0.40971030493677013,0.0004678260969587887,,,,,,,,0.11042310452084357,0.02081175636321802,0.04518824363678198,0.507759752180474,0.1188205935579037,0.44217982262307975,0.4389995838190166,1.055076790429218e-06,56.08392559880318,157.11611114004046,0.002567863394231973,,,4.804810568505859,48.22310857500472,0.0996370974515798,0.002567863394231973,27.428758917902112
693168,highT_reference,single_step,195.4898972404192,0.05430274923344978,1400.0,0.7679999999999999,110.7045707793543,90.0434926689239,155.36000890902056,0.00041774393714606874,0.012851404801507482,,False,,4.787621847162029,solver_state,8.39422194189692e-27,8.39422194189692e-27,0.4401523467106505,1.0,,,,,,27.818396187477404,0.12917874672199164,0.12917874672199164,0.10208638147883693,0.02709236524315472,0.0,0.10282125327800845,0.18013749248922492,0.18013749248922492,0.15304512724611946,0.02709236524310546,0.0,0.1496706251658536,0.8894268515687849,0.8902565997565595,0.8823323225396321,0.8832399071454954,,,0.06256227302835823,0.44002750637429694,0.44002750637429694,0.44319505723279484,0.0,0.9090423597991542,0.7287360801988663,0.1803062796002879,1.7928738277912241e-06,0.8016524998459641,0.8016524998459641,,,,0.00034822265870582407,6.952127844024467e-05,6.952127844024467e-05,0.00034822265870582407,0.00034822265870582407,6.952127844024467e-05,0.4193688346579436,0.00046170059394456297,,,,,,,,0.11266326208067325,0.021150628112154884,0.04684937188784511,0.5173723007670943,0.1165452517359247,0.44015234670973,0.4433024015543453,1.0594960831129557e-06,57.406055983241686,160.0905222578749,0.002615575690126366,,,4.900224349239535,48.22310857500472,0.10161568787333314,0.002615575690126366,27.818396187477404
693168,highT_reference,single_step,200.27751908758123,0.055632644190994784,1400.0,0.7699999999999998,110.76607423127606,90.10983462990605,155.4007515893829,0.0004176508817519682,0.012902115570730812,,False,,4.788688561150332,solver_state,8.39422194189692e-27,8.39422194189692e-27,0.43817416390152225,1.0,,,,,,28.196572083376523,0.12709603176665024,0.12709603176665024,0.10075141993893175,0.02634461182771848,0.0,0.10290396823334991,0.1790545857052524,0.1790545857052524,0.15270997387758317,0.026344611827669222,0.0,0.1514204985296919,0.886276129233644,0.8871006217425323,0.879155345906017,0.8800798763780513,,,0.06399641181580935,0.4380496519083986,0.4380496519083986,0.44740855753630365,0.0,0.9090423597991542,0.7214944521997411,0.1875479075994131,1.8648808889929406e-06,0.7936862836173549,0.7936862836173549,,,,0.0003493476375100485,6.830324424191968e-05,6.830324424191968e-05,0.0003493476375100485,0.0003493476375100485,6.830324424191968e-05,0.428982146221841,0.0004556630350954902,,,,,,,,0.11487370993108992,0.021483469703658033,0.04851653029634196,0.5269398465083273,0.11431148640125066,0.43817416390062736,0.44751434969812204,1.0644278605466812e-06,58.72199684566269,163.05100814428422,0.0026638953355847417,,,4.995294094716613,48.22310857500472,0.10358714405453741,0.0026638953355847417,28.196572083376523
693168,highT_reference,single_step,205.06620764873156,0.05696283545798099,1400.0,0.7719999999999998,110.82783405506741,90.17649196017581,155.44166074066152,0.0004173943315928102,0.012958635876595615,,False,,4.791631914041189,solver_state,8.39422194189692e-27,8.39422194189692e-27,0.4362428221556601,1.0,,,,,,28.56375464715778,0.12504998450530205,0.12504998450530205,0.09943504887390649,0.025614935631395566,0.0,0.10295001549469808,0.1779954921908454,0.1779954921908454,0.1523805565594991,0.025614935631346307,0.0,0.1531394628266493,0.8831216590884367,0.8839408895518627,0.875983096992924,0.8769247399534519,,,0.06542453118982991,0.4361186354118703,0.4361186354118703,0.45153515567850006,0.0,0.9090423597991542,0.7141643627036922,0.19487799709546194,1.937767566273216e-06,0.7856227545452131,0.7856227545452131,,,,0.00035028116926610653,6.711316232670365e-05,6.711316232670365e-05,0.00035028116926610653,0.00035028116926610653,6.711316232670365e-05,0.43855510651223284,0.00044970955438856946,,,,,,,,0.11705573829499073,0.02181055266804877,0.05018944733195122,0.5364672331192012,0.11211791327999579,0.4362428221547897,0.4516392645652145,1.0698502552273955e-06,60.03241439878445,165.99906759011472,0.0027128472952960307,,,5.090062920996322,48.22310857500472,0.10555236009058597,0.0027128472952960307,28.56375464715778
693168,highT_reference,single_step,209.85783956277274,0.05829384432299243,1400.0,0.7739999999999998,110.88990246222127,90.24352105514166,155.4827713700273,0.00041697515530603673,0.013020718441599702,,False,,4.796448840056455,solver_state,8.39422194189692e-27,8.39422194189692e-27,0.4343559585579684,1.0,,,,,,28.92038461491456,0.12303925581928973,0.12303925581928973,0.09813645323145763,0.024902802587832097,0.0,0.1029607441807104,0.17695942087661187,0.17695942087661187,0.15205661828882905,0.024902802587782838,0.0,0.1548286099422048,0.8799628387385591,0.8807768520386922,0.8728146678898219,0.8737735352510227,,,0.06684733921083871,0.4342320939445025,0.4342320939445025,0.4555785140739395,0.0,0.9090423597991542,0.7067453874896421,0.20229697230951205,2.011538077870423e-06,0.7774614459614313,0.7774614459614313,,,,0.0003510254830051678,6.594967230086892e-05,6.594967230086892e-05,0.0003510254830051678,0.0003510254830051678,6.594967230086892e-05,0.44809246180824286,0.00044383646563052825,,,,,,,,0.11921058094784824,0.02213213423850563,0.05186786576149436,0.5459591842842916,0.10996322774585249,0.4343559585571215,0.45568081369702607,1.075744514992111e-06,61.33795834655919,168.93616224518715,0.002762457427772675,,,5.184573038461753,48.22310857500472,0.1075122112959149,0.002762457427772675,28.92038461491456
693168,highT_reference,single_step,214.6542884028292,0.05962619122300811,1400.0,0.7759999999999998,110.95233080799,90.31097749211084,155.5241179081971,0.00041639409003039454,0.01308814995431768,,False,,4.803142138386284,solver_state,8.39422194189692e-27,8.39422194189692e-27,0.43251128897804486,1.0,,,,,,29.266877329061607,0.12106255995379073,0.12106255995379073,0.0968548545130572,0.02420770544073353,0.0,0.10293744004620942,0.17594562061984434,0.17594562061984434,0.15173791517916008,0.024207705440684263,0.0,0.15648898157849417,0.8767990773417503,0.8776079692112685,0.8696492067962472,0.870625356503768,,,0.06826552838981975,0.4323877433618622,0.4323877433618622,0.4595421430634346,0.0,0.9090423597991542,0.6992370322808011,0.209805327518353,2.086197338621258e-06,0.7692018141325033,0.7692018141325033,,,,0.0003515826038365855,6.481148619380905e-05,6.481148619380905e-05,0.0003515826038365855,0.0003515826038365855,6.481148619380905e-05,0.45759885415462975,0.00043804024794789117,,,,,,,,0.12133941984859654,0.022448458467715236,0.05355154153228475,0.555420319950073,0.107846198708377,0.4325112889772206,0.45964251231440245,1.0820946596523217e-06,62.63926412504754,171.86372165963945,0.002812752560233808,,,5.278865891263836,48.22310857500472,0.10946755709564537,0.002812752560233808,29.266877329061607
693168,highT_reference,single_step,219.45743054121547,0.06096039737255985,1400.0,0.7779999999999999,111.0151698889322,90.37891634879162,155.5657344100638,0.0004156517449964713,0.013160747410100785,,False,,4.811720446444846,solver_state,8.39422194189692e-27,8.39422194189692e-27,0.4307065983123642,1.0,,,,,,29.60362446978042,0.11911866959495777,0.11911866959495777,0.09558950781933175,0.02352916177562603,0.0,0.10288133040504234,0.17495337721854,0.17495337721854,0.15142421544296325,0.02352916177557677,0.0,0.1581215731569382,0.8736297941846638,0.8744337109661573,0.8664859137618967,0.8674793503118496,,,0.06967977800613055,0.4305833685555482,0.4305833685555482,0.46342941623892925,0.0,0.9090423597991542,0.6916387348317447,0.2174036249674095,2.1617509392079146e-06,0.7608432405554312,0.7608432405554312,,,,0.00035195436241700084,6.369738257947047e-05,6.369738257947047e-05,0.00035195436241700084,0.00035195436241700084,6.369738257947047e-05,0.4670788368985631,0.0004323175324242742,,,,,,,,0.12344338942182423,0.02275975724810416,0.055240242751895825,0.5648551717877324,0.10576566302358395,0.43070659831156166,0.4635277386648544,1.0888871926829408e-06,63.93695502919931,174.78314806858532,0.0028637605680012597,,,5.372982290705582,48.22310857500472,0.11141924379156545,0.0028637605680012597,29.60362446978042
693168,highT_reference,single_step,224.2691509876603,0.062296986385461196,1400.0,0.7799999999999998,111.07847022130079,90.4473925020903,155.6076547424192,0.0004147486046353333,0.013238355025071485,,False,,4.8221982609404925,solver_state,8.39422194189692e-27,8.39422194189692e-27,0.42893973121538054,1.0,,,,,,29.930995624057374,0.11720641134039758,0.11720641134039758,0.09433969912014746,0.02286671222025012,0.0,0.10279358865960254,0.17398201067943803,0.17398201067943803,0.15111529845923716,0.022866712220200862,0.0,0.15972733741335574,0.8704544173426049,0.8712535558989726,0.8633240369981638,0.864334711744414,,,0.07109075632177099,0.4288168141824882,0.4288168141824882,0.4672435848163749,0.0,0.9090423597991542,0.6839498667205697,0.22509249307858448,2.238205128337788e-06,0.7523850339292033,0.7523850339292033,,,,0.00035214240343531874,6.260620120001455e-05,6.260620120001455e-05,0.00035214240343531874,0.00035214240343531874,6.260620120001455e-05,0.4765368895323317,0.0004266650897539451,,,,,,,,0.1255235805319467,0.023066251246246817,0.05693374875375317,0.5742681979652192,0.10372052036991368,0.42893973121459883,0.4673397484154875,1.096110859074398e-06,65.23164424462816,177.6958209630303,0.00291551045899471,,,5.4669625437122225,48.22310857500472,0.11336810722620834,0.00291551045899471,29.930995624057374
693168,highT_reference,single_step,229.0913492486008,0.06363648590238911,1400.0,0.7819999999999999,111.1422823048278,90.51646091205484,155.64991276185134,0.00041368503123595133,0.013320841633129582,,False,,4.834596006591475,solver_state,8.39422194189692e-27,8.39422194189692e-27,0.4272085832327013,1.0,,,,,,30.249339707944195,0.11532466151981538,0.11532466151981538,0.09310474272361584,0.02221991879619955,0.0,0.10267533848018473,0.17303087271336828,0.17303087271336828,0.150810953917218,0.022219918796150283,0.0,0.16130718771938712,0.8672723824120626,0.8680669901824617,0.8601628696957196,0.861190680961975,,,0.07249912271132974,0.42708597579640273,0.42708597579640273,0.4709877911935077,0.0,0.9090423597991542,0.6761697348729336,0.23287262492622052,2.3155667975892085e-06,0.7438264318313265,0.7438264318313265,,,,0.00035214819320025624,6.153683803569511e-05,6.153683803569511e-05,0.00035214819320025624,0.00035214819320025624,6.153683803569511e-05,0.48597743197080256,0.0004210798187950319,,,,,,,,0.1275810441857622,0.023368150760797617,0.05863184923920237,0.5836637973567387,0.1017097285392622,0.42720858323193955,0.4710816882287982,1.1037564421786959e-06,66.52393680201345,180.603101486715,0.0029680324639630024,,,5.560846577457656,48.22310857500472,0.11531497536722436,0.0029680324639630024,30.249339707944195
693168,highT_reference,single_step,233.9259452551923,0.06497942923755341,1400.0,0.7839999999999998,111.20665687592526,90.58617689525553,155.6925424855355,0.00041246126717824045,0.013408098492806452,,False,,4.848940153053748,solver_state,8.39422194189692e-27,8.39422194189692e-27,0.42551109225558853,1.0,,,,,,30.558986255660095,0.1134723423273867,0.1134723423273867,0.09188397892094408,0.021588363406442632,0.0,0.10252765767261343,0.17209934443429584,0.17209934443429584,0.15051098102790247,0.021588363406393366,0.0,0.16286200116039018,0.8640831313066283,0.8648735065036538,0.8570017472936996,0.8580465403028403,,,0.07390552972556248,0.42538879130066676,0.42538879130066676,0.4746650818176545,0.0,0.9090423597991542,0.6682975828415545,0.24074477695759966,2.393843468688747e-06,0.7351666021253506,0.7351666021253506,,,,0.00035197302640679103,6.04882407714494e-05,6.04882407714494e-05,0.00035197302640679103,0.00035197302640679103,6.04882407714494e-05,0.49540483838398186,0.00041555873591801344,,,,,,,,0.1296167949961649,0.023665656512223254,0.060334343487776734,0.5930463233094625,0.09973229909846518,0.42551109225484596,0.4747566086466889,1.111816593751982e-06,67.81443147060381,183.50633669594933,0.0030213581331482667,,,5.654674061159801,48.22310857500472,0.11726067083304463,0.0030213581331482667,30.558986255660095
693168,highT_reference,single_step,238.77488540824604,0.06632635705784612,1400.0,0.7859999999999998,111.2716451539113,90.65659639146814,155.7355782573614,0.0004110774367650849,0.013500037444524644,,False,,4.865263381368518,solver_state,8.39422194189692e-27,8.39422194189692e-27,0.4238452302208021,1.0,,,,,,30.86024658739013,0.11164841823148182,0.11164841823148182,0.09067677178636402,0.020971646445117804,0.0,0.10235158176851832,0.17118683424111864,0.17118683424111864,0.1502151877960501,0.020971646445068538,0.0,0.1643926213968308,0.860888761564391,0.86167260305252,0.8538400451553368,0.8549016117866068,,,0.07531062510558499,0.4237232326465606,0.4237232326465606,0.47827841947905725,0.0,0.9090423597991542,0.660332591861977,0.24870976793717714,2.4730432830132106e-06,0.7264046441222743,0.7264046441222743,,,,0.0003516180321487865,5.9459404616298394e-05,5.9459404616298394e-05,0.0003516180321487865,0.0003516180321487865,5.9459404616298394e-05,0.504823450698517,0.000410098965055577,,,,,,,,0.13163181443671002,0.02395896037168752,0.06204103962831247,0.6024200970807592,0.09778729338154094,0.42384523022007786,0.4783674763983812,1.1202856924973863e-06,69.1037226064058,186.40686371749476,0.003075520440149164,,,5.748484526015466,48.22310857500472,0.11920601337996393,0.003075520440149164,30.86024658739013
693168,highT_reference,single_step,243.64014878961456,0.06767781910822626,1400.0,0.7879999999999998,111.33729908356898,90.72777622721459,155.77905491163548,0.0004095335476736034,0.01359658936989937,,False,,4.883604802002672,solver_state,8.39422194189692e-27,8.39422194189692e-27,0.4222089949833249,1.0,,,,,,31.153414866075874,0.1098518926308571,0.1098518926308571,0.08948250711333852,0.020369385517518566,0.0,0.10214810736914304,0.17029277586359007,0.17029277586359007,0.14992339034612076,0.0203693855174693,0.0,0.16589986133349785,0.8578226289277369,0.8584637825552219,0.8506795758430827,0.8517552549958735,,,0.0767150537639604,0.4220872977044267,0.4220872977044267,0.48183069513746685,0.0,0.9090423597991542,0.6522738817030412,0.2567684780961129,2.5531749931330183e-06,0.7175395895161102,0.7175395895161102,,,,0.00035108417923713456,5.844936843646883e-05,5.844936843646883e-05,0.00035108417923713456,0.00035108417923713456,5.844936843646883e-05,0.5142375918772641,0.0004046977283688091,,,,,,,,0.13362705391413204,0.02424824603564517,0.06375175396435483,0.6117894210545468,0.09587381877723081,0.4222089949826181,0.481917186240151,1.1291597273031434e-06,70.39240196999509,189.30601383810028,0.003130553893830535,,,5.842317484218217,48.22310857500472,0.1211518223702078,0.003130553893830535,31.153414866075874
693168,highT_reference,single_step,248.52375359161724,0.06903437599767145,1400.0,0.7899999999999998,111.40367157713555,90.79977437950292,155.823007936457,0.00040782949204310446,0.0136977029137372,,False,,4.904010227363879,solver_state,8.39422194189692e-27,8.39422194189692e-27,0.42060040229189444,1.0,,,,,,31.43876905210729,0.1080818047294125,0.1080818047294125,0.08830059046990382,0.019781214259508677,0.0,0.10191819527058762,0.16941662655574588,0.16941662655574588,0.14963541229628646,0.019781214259459407,0.0,0.1673845056185721,0.8546032980296487,0.8552465513455583,0.8475196936698892,0.8486068653043317,,,0.07811945974850751,0.420479002237637,0.420479002237637,0.4853247393837503,0.0,0.9090423597991542,0.6441205113284573,0.2649218484706969,2.634247956233836e-06,0.7085704031116555,0.7085704031116555,,,,0.0003503722808758098,5.745721116729467e-05,5.745721116729467e-05,0.0003503722808758098,0.0003503722808758098,5.745721116729467e-05,0.5236515790830109,0.0003993523374521971,,,,,,,,0.13560343768375352,0.024533689652015533,0.06546631034798446,0.6211585918423506,0.09399102528002293,0.4206004022912043,0.4854085724287728,1.138436202098805e-06,71.68106052847303,192.20511655836347,0.0031864946592205486,,,5.936212547989827,48.22310857500472,0.12309891924028138,0.0031864946592205486,31.43876905210729
693168,highT_reference,single_step,253.4277638189811,0.07039660106082808,1400.0,0.7919999999999998,111.47081675868858,90.8726502429814,155.86747363877743,0.00040596504721463026,0.013803343436793469,,False,,4.926532502544775,solver_state,8.39422194189692e-27,8.39422194189692e-27,0.41901747779856274,1.0,,,,,,31.716571763579918,0.10633722660416171,0.10633722660416171,0.08713044535739832,0.019206781246763394,0.0,0.1016627733958384,0.16855786542195497,0.16855786542195497,0.14935108417524084,0.019206781246714124,0.0,0.16884731299262268,0.8513749669472745,0.8520204184686547,0.8443571491512496,0.8454558724254937,,,0.07952448820444535,0.4188963719105686,0.4188963719105686,0.48876333363383817,0.0,0.9090423597991542,0.6358714793841698,0.2731708804149844,2.7162721292704764e-06,0.6994959833606221,0.6994959833606221,,,,0.0003494829987421103,5.648204847251995e-05,5.648204847251995e-05,0.0003494829987421103,0.0003494829987421103,5.648204847251995e-05,0.5330697368310258,0.00039406018500621077,,,,,,,,0.13756186563094078,0.024815460403215753,0.06718453959678425,0.6305319133732425,0.09213810227598357,0.41901747779788845,0.4888444199261279,1.1481140598526394e-06,72.97029025589636,195.10550364315063,0.0032433806884449843,,,6.030209549556938,48.22310857500472,0.12504812998891884,0.0032433806884449843,31.716571763579918
693168,highT_reference,single_step,258.3542963215259,0.07176508231153497,1400.0,0.7939999999999998,111.53879021383725,90.94646490367158,155.91248931311685,0.00040393987613467064,0.013913492173492773,,False,,4.951231899009679,solver_state,8.39422194189692e-27,8.39422194189692e-27,0.4174582490337476,1.0,,,,,,31.987071048653007,0.10461726044321899,0.10461726044321899,0.08597151145797878,0.018645748985240213,0.0,0.10138273955678112,0.16771599186222597,0.16771599186222597,0.14907024287703502,0.01864574898519094,0.0,0.17028901850595518,0.8481371204399897,0.8487848948113039,0.8411807610317927,0.8423017392617101,,,0.08093078735051515,0.4173374342620327,0.4173374342620327,0.4921492211494226,0.0,0.9090423597991542,0.6275257245247441,0.28151663527441007,2.7992580657214763e-06,0.69031516272068,0.69031516272068,,,,0.0003484168465119846,5.552302962268605e-05,5.552302962268605e-05,0.0003484168465119846,0.0003484168465119846,5.552302962268605e-05,0.542496410235277,0.000388818736911438,,,,,,,,0.1395032159403327,0.025093721050825933,0.06890627894917407,0.6399137100770046,0.09031427553741289,0.4174582490330885,0.4922274754294987,1.1581936237341138e-06,74.26068594653236,198.00851320086292,0.003301251862873845,,,6.1243486630195045,48.22310857500472,0.12700028770426286,0.003301251862873845,31.987071048653007
693168,highT_reference,single_step,263.30552822053556,0.07314042450570432,1400.0,0.7959999999999999,111.6076492476363,91.02128142246886,155.95809341591686,0.00040175352743350754,0.014028145573970016,,False,,4.978176577008428,solver_state,8.39422194189692e-27,8.39422194189692e-27,0.4159207372774277,1.0,,,,,,32.250501075508716,0.1029210359324188,0.1029210359324188,0.08482324295725657,0.018097792975162223,0.0,0.1010789640675813,0.16689052412471075,0.16689052412471075,0.14879273114959782,0.018097792975112943,0.0,0.17171033562135787,0.8448892437511824,0.8455394922536433,0.8380178749032721,0.839143961037971,,,0.08233901048498304,0.41580021057478694,0.41580021057478694,0.49548511797833944,0.0,0.9090423597991542,0.6190821255908021,0.28996023420835204,2.883216913824769e-06,0.6810267078506479,0.6810267078506479,,,,0.00034717419286660003,5.4579334566907524e-05,5.4579334566907524e-05,0.00034717419286660003,0.00034717419286660003,5.4579334566907524e-05,0.5519359784549263,0.0003836255246424619,,,,,,,,0.14142834767346124,0.025368628446223437,0.07063137155377656,0.6493083402666131,0.08851880440264057,0.4159207372767827,0.4955604583205767,1.1686765538888263e-06,75.5528470555324,200.9154938243793,0.0033601501478006265,,,6.2186705290869515,48.22310857500472,0.12895623515051138,0.0033601501478006265,32.250501075508716
693168,highT_reference,single_step,268.283704797544,0.0745232513326511,1400.0,0.7979999999999999,111.67745315371369,91.09716513169253,156.00432574756184,0.00039940543518670127,0.014147314814171537,,False,,5.007443123714889,solver_state,8.39422194189692e-27,8.39422194189692e-27,0.4144029492552517,1.0,,,,,,32.50708274444966,0.10124770777068147,0.10124770777068147,0.08368510692911593,0.01756260084156554,0.0,0.10075229222931863,0.16608099795448167,0.16608099795448167,0.1485183971129654,0.017562600841516264,0.0,0.1731119582181655,0.8416109542302407,0.8422837228370728,0.8348523008088486,0.8359820647093927,,,0.08374981803793771,0.41428270756988067,0.41428270756988067,0.49877372390751773,0.0,0.9090423597991542,0.6105395016485594,0.29850285815059474,2.9681604161845462e-06,0.6716293196539855,0.6716293196539855,,,,0.0003457552640121291,5.365017117457217e-05,5.365017117457217e-05,0.0003457552640121291,0.0003457552640121291,5.365017117457217e-05,0.5613928684511184,0.00037847813796296464,,,,,,,,0.1433381032745789,0.025640334011153124,0.07235966598884688,0.658720209829543,0.08675097911922622,0.4144029492546201,0.49884607162615363,1.179565818637075e-06,76.84737958208424,203.82780882755677,0.0034201197611426616,,,6.313216383702347,48.22310857500472,0.13091682743519048,0.0034201197611426616,32.50708274444966
693168,highT_reference,single_step,273.29114792125887,0.07591420775590524,1400.0,0.7999999999999999,111.74826349774135,91.17418394813295,156.05122764419755,0.0003968949183664398,0.014271025461541614,,False,,5.0391171754773305,solver_state,8.39422194189692e-27,8.39422194189692e-27,0.41290286858532804,1.0,,,,,,32.75702422576218,0.09959645329544872,0.09959645329544872,0.08255658177031554,0.017039871525133192,0.0,0.10040354670455137,0.16528696532863738,0.16528696532863738,0.14824709380355347,0.017039871525083915,0.0,0.17449456251266404,0.8383386335492496,0.8390170979434558,0.8316836738689513,0.8328156086354191,,,0.08516387968706429,0.4127829088515775,0.4127829088515775,0.5020177335227566,0.0,0.9090423597991542,0.6018966119017573,0.3071457478973969,3.0541009106469585e-06,0.6621216331819142,0.6621216331819142,,,,0.00034416014574105056,5.273477262538927e-05,5.273477262538927e-05,0.00034416014574105056,0.00034416014574105056,5.273477262538927e-05,0.5708715691692401,0.00037337421784598473,,,,,,,,0.14523331102399797,0.025908984191887363,0.07409101580811264,0.6681537863425158,0.08501011833046412,0.41290286858470915,0.5020870130848267,1.1908656792258173e-06,78.14489801080984,206.74684061275718,0.003481207357845717,,,6.408028191635537,48.22310857500472,0.13288293477946758,0.003481207357845717,32.75702422576218
693168,highT_reference,single_step,278.3302650967362,0.07731396252687116,1400.0,0.8019999999999998,111.82014441858679,91.25240870628303,156.09884218161713,0.00039422117998781257,0.014399317287153662,,False,,5.073294134175719,solver_state,8.39422194189692e-27,8.39422194189692e-27,0.41141844689725726,1.0,,,,,,33.00052142609781,0.09796647020045317,0.09796647020045317,0.08143715567283075,0.016529314527622418,0.0,0.10003352979954694,0.164507993268634,0.164507993268634,0.14797867874106085,0.016529314527573134,0.0,0.1758588089091781,0.8350552959496919,0.8357391274807304,0.8285116633468653,0.8296441825176707,,,0.08658187655512582,0.41129876602439747,0.41129876602439747,0.505219847472459,0.0,0.9090423597991542,0.5931521554857246,0.3158902043134295,3.141051332347861e-06,0.6525022174068731,0.6525022174068731,,,,0.0003423887850600258,5.183239492778676e-05,5.183239492778676e-05,0.0003423887850600258,0.0003423887850600258,5.183239492778676e-05,0.580376646268848,0.0003683114495648608,,,,,,,,0.1471147874580261,0.026174720890368854,0.07582527910963115,0.6776136137313098,0.08329556668643692,0.4114184468966501,0.505285986416913,1.2025816875489543e-06,79.44602732813587,209.67399520703285,0.0035434622319021306,,,6.503148786204531,48.22310857500472,0.1348554454155467,0.0035434622319021306,33.00052142609781
693168,highT_reference,single_step,283.4035592309119,0.07872321089747554,1400.0,0.8039999999999998,111.89316295076043,91.33191351576087,156.14721439367736,0.00039138330595353044,0.014532244218147037,,False,,5.110079989557509,solver_state,8.39422194189692e-27,8.39422194189692e-27,0.40994759453946383,1.0,,,,,,33.237758385266304,0.09635697432877055,0.09635697432877055,0.08032632512206912,0.016030649206701428,0.0,0.09964302567122955,0.1637436627214543,0.1637436627214543,0.14771301351480215,0.016030649206652148,0.0,0.17720534379571332,0.8317604504020358,0.832449319070063,0.8253359729862562,0.8264674076022033,,,0.08800450350873931,0.4098281893983116,0.4098281893983116,0.5083827840368852,0.0,0.9090423597991542,0.5843047711529622,0.32473758864619195,3.2290252168392063e-06,0.6427695748766424,0.6427695748766424,,,,0.0003404409914065772,5.094231454695328e-05,5.094231454695328e-05,0.0003404409914065772,0.0003404409914065772,5.094231454695328e-05,0.5899127575325636,0.00036328755590119195,,,,,,,,0.14898333977465325,0.026437681875516275,0.07756231812448372,0.6871043276063059,0.08160669256194375,0.40994759453886764,0.5084457128991885,1.2147206965128625e-06,80.75140513161094,212.61070700740459,0.0036069365381548686,,,6.598622016382594,48.22310857500472,0.1368352686372199,0.0036069365381548686,33.237758385266304
693168,highT_reference,single_step,288.51363922046943,0.08014267756124151,1400.0,0.8059999999999998,111.96738937213362,91.41277614733865,156.19639150795453,0.00038838026359919013,0.014669874427103607,,False,,5.149592261629462,solver_state,8.39422194189692e-27,8.39422194189692e-27,0.4084881707839251,1.0,,,,,,33.468907604473884,0.09476719752453829,0.09476719752453829,0.0792235934090861,0.015543604115452195,0.0,0.09923280247546182,0.16299356750183125,0.16299356750183125,0.14744996338642835,0.015543604115402909,0.0,0.17853480129775745,0.82845360283125,0.8291471772296246,0.8221563416157973,0.8232849371507436,,,0.08943247157973558,0.40836903819116516,0.40836903819116516,0.5115092911106276,0.0,0.9090423597991542,0.5753530368595003,0.3336893229396538,3.3180367042020864e-06,0.6329221412593139,0.6329221412593139,,,,0.00033831643747433564,5.006382612485447e-05,5.006382612485447e-05,0.00033831643747433564,0.00033831643747433564,5.006382612485447e-05,0.5994846690966333,0.0003583002904161154,,,,,,,,0.1508397682445192,0.026698001177704406,0.07930199882229559,0.6966306714157888,0.07994288586445358,0.4084881707833391,0.5115689433522073,1.2272908829716741e-06,82.06168385170335,215.55844377917805,0.0036716855363665467,,,6.694492902669042,48.22310857500472,0.13882333803215188,0.0036716855363665467,33.468907604473884
693168,highT_reference,single_step,293.66323148209887,0.08157311985613858,1400.0,0.8079999999999998,112.04289758135137,91.49507845250163,156.2464232016579,0.00038521089993984626,0.014812290557633643,,False,,5.1919610797937334,solver_state,8.39422194189692e-27,8.39422194189692e-27,0.40703797342880277,1.0,,,,,,33.69413030615845,0.09319638552690712,0.09319638552690712,0.07812846914473194,0.015067916382175186,0.0,0.098803614473093,0.16225731328824108,0.16225731328824108,0.14718939690611518,0.015067916382125898,0.0,0.1798478050037885,0.8251342553076703,0.8258322025499378,0.8189725440289266,0.8200964571893608,,,0.09086651053248486,0.40691911012881193,0.40691911012881193,0.5146021587140257,0.0,0.9090423597991542,0.5662954692613629,0.3427468905377913,3.4081005440536438e-06,0.6229582847893705,0.6229582847893705,,,,0.0003360146596645049,4.919624027534134e-05,4.919624027534134e-05,0.0003360146596645049,0.0003360146596645049,4.919624027534134e-05,0.6090972726598876,0.00035334743073031844,,,,,,,,0.15268486864738562,0.02695580946930452,0.08104419053069548,0.7061975135729872,0.07830355591581878,0.40703797342822595,0.5146584706559553,1.2403017833981716e-06,83.3775331075344,218.5187119555642,0.0037377678603909377,,,6.790807803247937,48.22310857500472,0.14082061492750358,0.0037377678603909377,33.69413030615845
693168,highT_reference,single_step,298.8551925618926,0.08301533126719238,1400.0,0.8099999999999998,112.11976550991514,91.57890682208445,156.2973618811968,0.0003818739396174301,0.014959590088023587,,False,,5.2373304185240945,solver_state,8.39422194189692e-27,8.39422194189692e-27,0.40559472768902277,1.0,,,,,,33.91357662465076,0.091643795889722,0.091643795889722,0.07704046476326672,0.014603331126455288,0.0,0.09835620411027812,0.16153451666578192,0.16153451666578192,0.14693118553937592,0.014603331126405996,0.0,0.18114496967619184,0.8218019052245663,0.8225038908555393,0.8157843921506231,0.8169016875471149,,,0.09230737160311463,0.40547613033298247,0.40547613033298247,0.5176642321593582,0.0,0.9090423597991542,0.5571305231307878,0.35191183666836634,3.4992321013518746e-06,0.6128763056254952,0.6128763056254952,,,,0.00033353505817940995,4.833888143802017e-05,4.833888143802017e-05,0.00033353505817940995,0.00033353505817940995,4.833888143802017e-05,0.6187556038448798,0.0003484267717564188,,,,,,,,0.15451943475538255,0.02721123443408627,0.08278876556591372,0.7158098657298121,0.07668812939182473,0.4055947276884543,0.5177171429197209,1.253764342698944e-06,84.69964222033727,221.4930622921228,0.003805245815704702,,,6.887614592134783,48.22310857500472,0.14282809208415093,0.003805245815704702,33.91357662465076
693168,highT_reference,single_step,304.0925229804167,0.08447014527233797,1400.0,0.8119999999999998,112.19807557458563,91.66435269029073,156.34926298926126,0.00037836798254740705,0.015111885837408797,,False,,5.285859513098239,solver_state,8.39422194189692e-27,8.39422194189692e-27,0.40415607425222944,1.0,,,,,,34.12738572590221,0.09010869591008609,0.09010869591008609,0.07595909500236663,0.01414960090771947,0.0,0.097891304089914,0.1608248042093602,0.1608248042093602,0.14667520330169004,0.014149600907670177,0.0,0.18242690296167496,0.8184560444569656,0.8191617323474052,0.8125917365072173,0.8137003832015702,,,0.09375583043961383,0.40403773937429033,0.40403773937429033,0.5206984260101806,0.0,0.9090423597991542,0.5478565907024324,0.36118576909672173,3.591447362896632e-06,0.6026744351313585,0.6026744351313585,,,,0.00033087689677253304,4.749108577487403e-05,4.749108577487403e-05,0.00033087689677253304,0.00033087689677253304,4.749108577487403e-05,0.6284648619055586,0.0003435361188245705,,,,,,,,0.15634426088573058,0.027464401128239044,0.08453559887176094,0.7254729023907184,0.07509604830374883,0.40415607425166833,0.5207478774445828,1.267690976834337e-06,86.02872291124555,224.4830959358796,0.0038741857090508654,,,6.984962851222007,48.22310857500472,0.14484679767912126,0.0038741857090508654,34.12738572590221
693168,highT_reference,single_step,309.3783824935149,0.08593843958153191,1400.0,0.8139999999999998,112.27791517656955,91.75151309132018,156.4021853438348,0.0003746915012620274,0.015269306621656119,,False,,5.337724483378047,solver_state,8.39422194189692e-27,8.39422194189692e-27,0.4027195563623992,1.0,,,,,,34.335685853440594,0.08859036054832979,0.08859036054832979,0.07488387534559077,0.013706485202739026,0.0,0.09740963945167035,0.16012781160082126,0.16012781160082126,0.14642132639813155,0.013706485202689729,0.0,0.18369420711590081,0.8150961584959019,0.815805210720204,0.8093852396877234,0.8104923359528073,,,0.09521269027550298,0.4026014803526382,0.4026014803526382,0.5237077389874746,0.0,0.9090423597991542,0.538472000960662,0.3705703588384922,3.684762944416464e-06,0.5923508350915937,0.5923508350915937,,,,0.0003280393021683149,4.665219909371247e-05,4.665219909371247e-05,0.0003280393021683149,0.0003280393021683149,4.665219909371247e-05,0.638230431000518,0.00033867328063829196,,,,,,,,0.1581601445475123,0.027715432335769525,0.08628456766423047,0.7351919820846922,0.0735267680059426,0.40271955636184453,0.5237536756322128,1.2820956501728007e-06,87.3655122133978,227.49047097657518,0.00394465821452802,,,7.082904078385674,48.22310857500472,0.14687779962109132,0.00394465821452802,34.335685853440594
693168,highT_reference,single_step,314.71610697689295,0.08742114082691471,1400.0,0.8159999999999998,112.3593772549421,91.84049127693599,156.45619151423577,0.00037084283794657646,0.01543199806905881,,False,,5.393120199042699,solver_state,8.39422194189692e-27,8.39422194189692e-27,0.40128260577528635,1.0,,,,,,34.538594296513125,0.08708807032095317,0.08708807032095317,0.0738143204122487,0.013273749908704472,0.0,0.09691192967904695,0.15944318277378236,0.15944318277378236,0.14616943286512718,0.013273749908655173,0.0,0.1849474807579715,0.8117217255517558,0.8124338022479407,0.8061778922093312,0.8072773764528262,,,0.0966787853741625,0.40116478484917745,0.40116478484917745,0.5266952699948201,0.0,0.9090423597991542,0.5289750188802271,0.380067340918927,3.7791960981189304e-06,0.5819035968764976,0.5819035968764976,,,,0.0003250212631642038,4.582157478237268e-05,4.582157478237268e-05,0.0003250212631642038,0.0003250212631642038,4.582157478237268e-05,0.6480579032804621,0.0003338360619924069,,,,,,,,0.15996788920944127,0.027964448921075462,0.08803555107892454,0.7449726703428167,0.07197975521302101,0.4012826057747372,0.5267376390122418,1.2969939688041432e-06,88.71077563239359,230.51690955661329,0.004016738781148092,,,7.181491914116204,48.22310857500472,0.14892221025001603,0.004016738781148092,34.538594296513125
693168,highT_reference,single_step,320.10922717593564,0.08891922977109323,1400.0,0.8179999999999998,112.44256090294674,91.93139740464447,156.51134824010225,0.00036682020116420114,0.015600123609157185,,False,,5.452262426258068,solver_state,8.39422194189692e-27,8.39422194189692e-27,0.39984252740823795,1.0,,,,,,34.736217275015115,0.0856011091467957,0.0856011091467957,0.07274994227816575,0.012851166868629946,0.0,0.09639889085320442,0.15877056907995052,0.15877056907995052,0.14591940221136987,0.012851166868580644,0.0,0.18618732067161822,0.8083512066483476,0.8090469748309315,0.8029654938911156,0.8040553766231482,,,0.09815498478619658,0.39972495757233906,0.39972495757233906,0.5296642354571669,0.0,0.9090423597991542,0.5193638446342406,0.3896785151649136,3.874764720566081e-06,0.5713307405707584,0.5713307405707584,,,,0.00032182162942701444,4.49985717371867e-05,4.49985717371867e-05,0.00032182162942701444,0.00032182162942701444,4.49985717371867e-05,0.6579531040739305,0.0003290222561784592,,,,,,,,0.16176830721854138,0.02821157018158622,0.08978842981841378,0.7548207647641125,0.0704544860095116,0.39984252740769316,0.5297029865827952,1.3124032913669352e-06,90.06531059398525,233.5642056271848,0.004090508087703466,,,7.280782389494467,48.22310857500472,0.1509811914793955,0.004090508087703466,34.736217275015115
693168,highT_reference,single_step,325.5614896021937,0.09043374711172047,1400.0,0.8199999999999998,112.52757205725493,92.02434930777686,156.56772690022498,0.00036262166226418466,0.01577386565160982,,False,,5.515390303800766,solver_state,8.39422194189692e-27,8.39422194189692e-27,0.39839648248106546,1.0,,,,,,34.92864973423797,0.08412876212495538,0.08412876212495538,0.07169024870902983,0.012438513415925544,0.0,0.09587123787504476,0.15810962847063256,0.15810962847063256,0.14567111505475633,0.012438513415876238,0.0,0.1874143236715406,0.8049417774518298,0.8056441869962733,0.7997480603503717,0.8008262525001718,,,0.0996421964685385,0.3982791594946099,0.3982791594946099,0.5326179881946927,0.0,0.9090423597991542,0.5096366127854248,0.39940574701372933,3.9714873607162755e-06,0.5606302140837806,0.5606302140837806,,,,0.00031843910999563896,4.4182552268545706e-05,4.4182552268545706e-05,0.00031843910999563896,0.00031843910999563896,4.4182552268545706e-05,0.6679221194977688,0.0003242296369947661,,,,,,,,0.16356222290330585,0.02845691420350416,0.09154308579649584,0.7647423224945793,0.06895044383375143,0.398396482480524,0.5326530736857245,1.3283428593233804e-06,91.42995022369755,236.6342334511079,0.004166052551758729,,,7.380834198763212,48.22310857500472,0.153055960448574,0.004166052551758729,34.92864973423797
693168,highT_reference,single_step,331.0768799059945,0.09196579997388736,1400.0,0.8219999999999998,112.61452427201334,92.11947336072251,156.6254040393329,0.0003582451514679921,0.015953426976180865,,False,,5.582769206518327,solver_state,8.39422194189692e-27,8.39422194189692e-27,0.39694146991374285,1.0,,,,,,35.11597504064726,0.08267031322076412,0.08267031322076412,0.07063474128575516,0.012035571935008966,0.0,0.095329686779236,0.1574600246869559,0.1574600246869559,0.14542445275199625,0.012035571934959657,0.0,0.18862908855535276,0.8015152615029616,0.8022248868430241,0.7965256581973598,0.79758996755561,,,0.10114137182159665,0.3968243892458152,0.3968243892458152,0.5355600380855952,0.0,0.9090423597991542,0.49979139147923246,0.4092509683199217,4.069383227947384e-06,0.5497998922620696,0.5497998922620696,,,,0.00031487227150259027,4.337287996540183e-05,4.337287996540183e-05,0.00031487227150259027,0.00031487227150259027,4.337287996540183e-05,0.6779713268697065,0.0003194559502681008,,,,,,,,0.16535047589939164,0.02870059822388327,0.09329940177611673,0.7747436904950087,0.06746711741637154,0.3969414699132036,0.5355914126704249,1.3448339490542101e-06,92.805567510034,239.72895696859803,0.004243464900748039,,,7.481709000257195,48.22310857500472,0.15514779576311172,0.004243464900748039,35.11597504064726
693168,highT_reference,single_step,336.6596491125128,0.09351656919792022,1400.0,0.8239999999999998,112.70353959162493,92.21690545494309,156.68446196239353,0.00035368845362704126,0.016139032359733338,,False,,5.654694066176578,solver_state,8.39422194189692e-27,8.39422194189692e-27,0.3954743057096505,1.0,,,,,,35.29826456775294,0.08122504283333432,0.08122504283333432,0.0695829133985261,0.011642129434808213,0.0,0.09477495716666583,0.15682142645200856,0.15682142645200856,0.14517929701724966,0.011642129434758904,0.0,0.18983221816411372,0.7980710541243543,0.7987885109221389,0.7932984089660903,0.7943465365483942,,,0.10265351070986825,0.3953574624916252,0.3953574624916252,0.5384940748106009,0.0,0.9090423597991542,0.48982618166073655,0.4192161781384176,4.168472199843629e-06,0.538837576027766,0.538837576027766,,,,0.00031111953612782784,4.256891749921342e-05,4.256891749921342e-05,0.00031111953612782784,0.00031111953612782784,4.256891749921342e-05,0.6881074283616067,0.0003146989047814627,,,,,,,,0.16713392474138744,0.02894273900255213,0.09505726099744786,0.7848315390340422,0.06600399865181307,0.3954743057091123,0.5385216956390747,1.3619000486634894e-06,94.19307991130493,242.85044016102594,0.004322844814559043,,,7.583471750071917,48.22310857500472,0.15725804441405558,0.004322844814559043,35.29826456775294
693168,highT_reference,single_step,342.3143431786894,0.09508731754963594,1400.0,0.8259999999999998,112.79474953879348,92.31679210429671,156.74498940776814,0.00034894920364602326,0.01633093047181399,,False,,5.731493234840035,solver_state,8.39422194189692e-27,8.39422194189692e-27,0.39399160000857203,1.0,,,,,,35.47557715857569,0.0797922252147119,0.0797922252147119,0.06853424808278198,0.011257977131929909,0.0,0.09420777478528825,0.1561935066576539,0.1561935066576539,0.14493552952577332,0.011257977131880594,0.0,0.19102432157754975,0.7946085361721248,0.795334483039789,0.7900666801749877,0.7910960299750638,,,0.10417966704245554,0.3938749889815053,0.3938749889815053,0.5414239930188974,0.0,0.9090423597991542,0.4797389163413058,0.4293034434578484,4.268774829487398e-06,0.5277409915719443,0.5277409915719443,,,,0.00030717917929991837,4.1770024346104886e-05,4.1770024346104886e-05,0.00030717917929991837,0.00030717917929991837,4.1770024346104886e-05,0.6983374884057206,0.00030995616248700216,,,,,,,,0.16891345077088746,0.029183453207738495,0.0968165467922615,0.7950128989163716,0.06456058037889678,0.39399160000803357,0.5414478196130696,1.3795670629995049e-06,95.59345447621243,246.00085857043985,0.004404299650672874,,,7.686191073593717,48.22310857500472,0.1593881294823384,0.004404299650672874,35.47557715857569
693168,highT_reference,single_step,348.04583641352946,0.09667939900375819,1400.0,0.8279999999999998,112.88829623752085,92.41929170174939,156.80708231273744,0.00034402488156575275,0.016529396077218983,,False,,5.813532994757369,solver_state,8.39422194189692e-27,8.39422194189692e-27,0.3924897314399962,1.0,,,,,,35.647958448137885,0.07837112570635547,0.07837112570635547,0.0674882156662301,0.010882910040125373,0.0,0.09362887429364466,0.15557594153815849,0.15557594153815849,0.14469303149808244,0.010882910040076053,0.0,0.19220601647394736,0.7909751805304591,0.7918622129709487,0.786808558964891,0.7878385791982482,,,0.10572095500323567,0.3923733468966863,0.3923733468966863,0.5443539203118871,0.0,0.9090423597991542,0.4695274599462114,0.43951489985294273,4.3703123519463034e-06,0.5165077896369427,0.5165077896369427,,,,0.0003030493271619395,4.0975554403813215e-05,4.0975554403813215e-05,0.0003030493271619395,0.0003030493271619395,4.0975554403813215e-05,0.70866897545555,0.0003052253278642921,,,,,,,,0.1706899624192787,0.0294228578196973,0.0985771421803027,0.8052952030448159,0.06313635404341092,0.3924897314394561,0.5443739145171329,1.3978635511394225e-06,97.00771356054585,249.1825121601205,0.004487945264975519,,,7.789939680912107,48.22310857500472,0.16153955875316242,0.004487945264975519,35.647958448137885
693168,highT_reference,single_step,353.85936940828685,0.09829426928007969,1400.0,0.8299999999999998,112.98433369462951,92.52457595391004,156.8708446875892,0.00033891280730006303,0.016734732592136668,,False,,5.901222842337915,solver_state,8.39422194189692e-27,8.39422194189692e-27,0.39096481834237135,1.0,,,,,,35.81544002568211,0.07696099775332374,0.07696099775332374,0.06644427119085494,0.010516726562468805,0.0,0.0930390022466764,0.15496840982195764,0.15496840982195764,0.14445168325953817,0.010516726562419483,0.0,0.19337793168947406,0.7874648758282168,0.7883710950680072,0.783591294556721,0.7845743823478573,,,0.10727855603661055,0.3908486540638523,0.3908486540638523,0.5472882485098607,0.0,0.9090423597991542,0.459189607780684,0.44985275201847014,4.473106689582447e-06,0.5051355449289936,0.5051355449289936,,,,0.0002987279538228236,4.0184853477239417e-05,4.0184853477239417e-05,0.0002987279538228236,0.0002987279538228236,4.0184853477239417e-05,0.7191098088113342,0.00030050393626098815,,,,,,,,0.1724643999336534,0.029661070557202344,0.10033892944279765,0.8156863330229196,0.06173080721185806,0.3909648183418282,0.5473043744463137,1.4168210014854507e-06,98.43694123718493,252.39783973482375,0.0045739069438462295,,,7.894794833225761,48.22310857500472,0.16371393438783488,0.0045739069438462295,35.81544002568211
693168,highT_reference,single_step,359.76059225062477,0.09993349784739577,1400.0,0.8319999999999999,113.08302926817602,92.63283152520837,156.93638961776367,0.0003336101350222671,0.016947275050451273,,False,,5.995021703601745,solver_state,8.39422194189692e-27,8.39422194189692e-27,0.38941268633511833,1.0,,,,,,35.978038411769255,0.07556107964995439,0.07556107964995439,0.06540185156759974,0.010159228082354645,0.0,0.09243892035004575,0.1543705918518369,0.1543705918518369,0.1442113637695316,0.01015922808230532,0.0,0.19454071001758755,0.7839331482902492,0.7848605067465548,0.7803638634601209,0.7813037111076166,,,0.10885372671449396,0.3892967355214267,0.3892967355214267,0.5502316687502719,0.0,0.9090423597991542,0.44872308565986907,0.4603192741392851,4.577180455731949e-06,0.493621755711154,0.493621755711154,,,,0.00029421287841926134,3.939725660300576e-05,3.939725660300576e-05,0.00029421287841926134,0.00029421287841926134,3.939725660300576e-05,0.7296684113524398,0.0002957894410244598,,,,,,,,0.1742377406265292,0.029898210332458233,0.10210178966754177,0.8261946716363329,0.06034342090073385,0.3894126863345706,0.5502438927646955,1.4364741507214084e-06,99.88229051471036,255.6494351800952,0.0046623204661751134,,,8.000838868683324,48.22310857500472,0.16591296382810056,0.0046623204661751134,35.978038411769255
693168,highT_reference,single_step,365.75561395422653,0.10159878165395181,1400.0,0.8339999999999999,113.18456535707078,92.74426193021398,157.0038404176566,0.0003281138471983394,0.017167393549045562,,False,,6.095445276319085,solver_state,8.39422194189692e-27,8.39422194189692e-27,0.38782883163399723,1.0,,,,,,36.135753819810986,0.07417059096264877,0.07417059096264877,0.06436037241364251,0.00981021854900626,0.0,0.09182940903735137,0.1537821686624688,0.1537821686624688,0.14397195011351188,0.00981021854895693,0.0,0.19569501129649577,0.7803792502213257,0.7813298068272778,0.7771312075822077,0.7780269185213576,,,0.11044780763437483,0.3877130868291714,0.3877130868291714,0.5531892110683813,0.0,0.9090423597991542,0.4381255497579979,0.47091681004115626,4.682556956204717e-06,0.48196384363738376,0.48196384363738376,,,,0.0002895017620191464,3.8612085179192986e-05,3.8612085179192986e-05,0.0002895017620191464,0.0002895017620191464,3.8612085179192986e-05,0.7403537691810123,0.00029107919919790803,,,,,,,,0.17601100474516707,0.03013439774085562,0.10386560225914439,0.836829162212559,0.05897366667977791,0.3878288316334433,0.5531975016867787,1.4568613542359687e-06,101.34499150211245,258.9400658299585,0.00475333331770867,,,8.108159797729705,48.22310857500472,0.16813847214180574,0.00475333331770867,36.135753819810986
693168,highT_reference,single_step,371.8510592305456,0.10329196089737379,1400.0,0.8359999999999999,113.28914135364329,92.85908972093169,157.07333196480462,0.0003224207482664065,0.01739549725608863,,False,,6.203074742409135,solver_state,8.39422194189692e-27,8.39422194189692e-27,0.38620837938244273,1.0,,,,,,36.28856866465689,0.07278872856523722,0.07278872856523722,0.06331922451259597,0.009469504052641244,0.0,0.09121127143476292,0.1532028210025556,0.1532028210025556,0.1437333169499637,0.009469504052591907,0.0,0.19684151584169296,0.7768024083327159,0.7777783337089242,0.7739299617121932,0.7747444479799488,,,0.11206223352808618,0.38609283239387754,0.38609283239387754,0.5561662892363588,0.0,0.9090423597991542,0.427394586744418,0.48164777305473616,4.789260187931829e-06,0.47015915390218727,0.47015915390218727,,,,0.00028459210440519197,3.7828643861214525e-05,3.7828643861214525e-05,0.00028459210440519197,0.00028459210440519197,3.7828643861214525e-05,0.7511754993809403,0.00028637045551110235,,,,,,,,0.17778526207495268,0.030369755593069963,0.10563024440693004,0.8475993760573846,0.05762100350024499,0.3862083793818807,0.5561706171178744,1.4780250173040212e-06,102.82636068442189,262.2726933337709,0.004847106084754897,,,8.216851980035539,48.22310857500472,0.17039241606034797,0.004847106084754897,36.28856866465689
693168,highT_reference,single_step,378.05413397295473,0.10501503721470964,1400.0,0.8379999999999999,113.39697591021059,92.97755902637326,157.1450122496142,0.00031652745796562195,0.017632039085160124,,False,,6.318567156398862,solver_state,8.39422194189692e-27,8.39422194189692e-27,0.3845460361260204,1.0,,,,,,36.436445772207634,0.07141466220977177,0.07141466220977177,0.06227776982604442,0.009136892383727356,0.0,0.09058533779022837,0.15263222828668996,0.15263222828668996,0.14349533590301194,0.009136892383678014,0.0,0.1979809282918833,0.773201821349323,0.774205403342375,0.7706949582683656,0.7714568435821764,,,0.1136985447978076,0.38443067793854546,0.38443067793854546,0.5591687517915327,0.0,0.9090423597991542,0.4165277142895504,0.4925146455096038,4.897314833934554e-06,0.4582049557971962,0.4582049557971962,,,,0.0002794812407872836,3.704621717833838e-05,3.704621717833838e-05,0.0002794812407872836,0.0002794812407872836,3.704621717833838e-05,0.7621439273435047,0.000281660324341972,,,,,,,,0.1795616394145058,0.030604409498345052,0.10739559050165495,0.8585155894124562,0.056284874190018416,0.38454603612544846,0.5591690896845332,1.5000120984246529e-06,104.32781150794557,265.65049746920823,0.004943814060041978,,,8.327016897573447,48.22310857500472,0.1726769000099167,0.004943814060041978,36.436445772207634
693168,highT_reference,single_step,384.3727011293536,0.10677019475815377,1400.0,0.8399999999999999,113.50830958247882,93.09993851492516,157.2190441839326,0.00031043040432236996,0.017877521161727545,,False,,6.442667896418668,solver_state,8.39422194189692e-27,8.39422194189692e-27,0.3828360353767866,1.0,,,,,,36.57932623316151,0.0700475295397912,0.0700475295397912,0.06123533696994599,0.008812192569845199,0.0,0.08995247046020896,0.15207006745935128,0.15207006745935128,0.14325787488955544,0.008812192569795853,0.0,0.19911398195073204,0.7695766573545587,0.7706103069696875,0.7674611420569387,0.7682067648013875,,,0.11535840074180481,0.3827208560621621,0.3827208560621621,0.5622029403763055,0.0,0.9090423597991542,0.4055223820432408,0.5035199777559134,5.006746253596123e-06,0.44609844378741365,0.44609844378741365,,,,0.00027416633850498446,3.6264065817385495e-05,3.6264065817385495e-05,0.00027416633850498446,0.00027416633850498446,3.6264065817385495e-05,0.7732701754192584,0.00027694576925797434,,,,,,,,0.18134132908915365,0.03083848850947692,0.10916151149052308,0.8695888716851774,0.054964701545828665,0.3828360353762027,0.5621992630779686,1.5228746988676078e-06,105.85086651597564,269.07690344324357,0.005043649100736229,,,8.438764041501653,48.22310857500472,0.17499419450275094,0.005043649100736229,36.57932623316151
693168,highT_reference,single_step,390.8153690257722,0.10855982472938117,1400.0,0.8419999999999999,113.62340792757865,93.22652486684754,157.2956077221148,0.0003041258163084256,0.018132501238399247,,False,,6.576225669614722,solver_state,8.39422194189692e-27,8.39422194189692e-27,0.38107207498928275,1.0,,,,,,36.71712683026127,0.06868643043323062,0.06868643043323062,0.06019121605073844,0.008495214382492185,0.0,0.08931356956676953,0.15151601175004295,0.15151601175004295,0.14302079736760012,0.008495214382442832,0.0,0.20024144372465735,0.7659260508264899,0.7669923085842459,0.7642281116846066,0.7649786796366516,,,0.11704359479005481,0.3809570636122683,0.3809570636122683,0.5652757567517054,0.0,0.9090423597991542,0.3943759732124656,0.5146663865866885,5.1175804669738245e-06,0.4338367392467826,0.4338367392467826,,,,0.0002686443937982102,3.5481422510215435e-05,3.5481422510215435e-05,0.0002686443937982102,0.0002686443937982102,3.5481422510215435e-05,0.784566265042072,0.00027222357966162733,,,,,,,,0.18312559870580097,0.031072125842112202,0.1109278741578878,0.8808311870866414,0.05365988393829425,0.38107207498868445,0.5652680410730213,1.5466707558457635e-06,107.39717132873469,272.55561334197535,0.005146821787709384,,,8.552211934399015,48.22310857500472,0.177346757335172,0.005146821787709384,36.71712683026127
693168,highT_reference,single_step,397.3915946953869,0.11038655408205192,1400.0,0.8439999999999999,113.74256515370934,93.35764686577674,157.37490236151416,0.0002976097161948074,0.018397600253453633,,False,,6.72021070270049,solver_state,8.39422194189692e-27,8.39422194189692e-27,0.3792472447872446,1.0,,,,,,36.84973695090209,0.06733042053700372,0.06733042053700372,0.059144652732362524,0.008185767804641197,0.0,0.08866957946299642,0.1509697292942459,0.1509697292942459,0.14278396148965405,0.008185767804591838,0.0,0.20136411977937813,0.7622628384417829,0.7633506420583583,0.7609969646280089,0.761751828365851,,,0.11875607214266731,0.37913238931001586,0.37913238931001586,0.5683947401474124,0.0,0.9090423597991542,0.38308580689644145,0.5259565529027127,5.229844131579866e-06,0.42141689302694463,0.42141689302694463,,,,0.00026291222874557686,3.469748744923055e-05,3.469748744923055e-05,0.00026291222874557686,0.00026291222874557686,3.469748744923055e-05,0.796045234959002,0.00026749034395775513,,,,,,,,0.18491580239824618,0.03130545968361833,0.11269454031638167,0.8922555122987248,0.05236979032710056,0.37924724478662963,0.5683829648862697,1.5714648610326589e-06,108.96851082808509,276.0906425403583,0.005253563946668334,,,8.667489314296919,48.22310857500472,0.179737258140789,0.005253563946668334,36.84973695090209
693168,highT_reference,single_step,404.1118053980874,0.1122532792772465,1400.0,0.8459999999999999,113.86610844311458,93.49367024590426,157.45715010646947,0.00029087791163736937,0.01867351127600883,,False,,6.8757369328660225,solver_state,8.39422194189692e-27,8.39422194189692e-27,0.3773539425225893,1.0,,,,,,36.977014874491786,0.06597850382326276,0.06597850382326276,0.05809484137535846,0.00788366244790429,0.0,0.08802149617673738,0.1504308815893412,0.1504308815893412,0.14254721914148627,0.007883662447854923,0.0,0.20248286206660593,0.7585836816262354,0.7596845078721737,0.7577689608832473,0.7585274246293534,,,0.12049795029652038,0.37723922971011953,0.37723922971011953,0.5715681569918006,0.0,0.9090423597991542,0.3716491413768884,0.5373932184222657,5.343564509664668e-06,0.4088358890767218,0.4088358890767218,,,,0.0002569664884977778,3.3911423139591584e-05,3.3911423139591584e-05,0.0002569664884977778,0.0002569664884977778,3.3911423139591584e-05,0.8077212788196991,0.00026274241852404783,,,,,,,,0.1867133938705801,0.03153863411013146,0.11446136588986854,0.9038759734085697,0.05109375456020566,0.3773539425219548,0.5715523029178395,1.59732923168492e-06,110.56682799241383,279.68636207384344,0.005364131606484726,,,8.784736513185571,48.22310857500472,0.1821686069765093,0.005364131606484726,36.977014874491786
693168,highT_reference,single_step,410.98754233095343,0.11416320620304261,1400.0,0.8479999999999999,113.99440310231205,93.63500346767988,157.5425990021871,0.0002839259875468262,0.018961010144415827,,False,,7.044089261713503,solver_state,8.39422194189692e-27,8.39422194189692e-27,0.37538377579258553,1.0,,,,,,37.09878329488564,0.0646296239562647,0.0646296239562647,0.05704091705065744,0.007588706905607263,0.0,0.08737037604373545,0.1498991217475696,0.1498991217475696,0.14231041484201173,0.00758870690555789,0.0,0.20359857590907707,0.7548610673172935,0.7559930693617937,0.7545534882859617,0.7553068630008286,,,0.1222715430640389,0.375269191122746,0.375269191122746,0.5748051055508906,0.0,0.9090423597991542,0.3600631786121993,0.5489791811869549,5.458769423529142e-06,0.3960906493859675,0.3960906493859675,,,,0.000250803638969613,3.312234857721314e-05,3.312234857721314e-05,0.000250803638969613,0.000250803638969613,3.312234857721314e-05,0.8196099061734499,0.00025797589159226537,,,,,,,,0.18851994162145644,0.0317718001346584,0.1162281998653416,0.9157080061392784,0.0498310688009358,0.3753837757919286,0.5747851554071356,1.62434486882583e-06,112.19424593584664,283.3475482185654,0.005478808489024576,,,8.904107070656043,48.22310857500472,0.18464398778454671,0.005478808489024576,37.09878329488564
693168,highT_reference,single_step,418.03163159266694,0.11611989766462971,1400.0,0.8499999999999999,114.1278587357586,93.78210464236848,157.6315273742439,0.00027674929781837957,0.019260968186957706,,False,,7.226757270085385,solver_state,8.39422194189692e-27,8.39422194189692e-27,0.37332744695566444,1.0,,,,,,37.214823900301354,0.06328265420566283,0.06328265420566283,0.05598194618089872,0.007300708024764112,0.0,0.0867173457943373,0.14937409249894165,0.14937409249894165,0.14207338447422693,0.00730070802471473,0.0,0.20471222887974344,0.751144459157874,0.7522754483837426,0.751212786961061,0.7520917430935589,,,0.12407938884111702,0.37321297453932445,0.37321297453932445,0.5781156386289149,0.0,0.9090423597991542,0.34832507025027576,0.5607172895488783,5.575487195736097e-06,0.38317804060003924,0.38317804060003924,,,,0.0002444199652017358,3.232933261664376e-05,3.232933261664376e-05,0.0002444199652017358,0.0002444199652017358,3.232933261664376e-05,0.8317281319479676,0.00025318654092222576,,,,,,,,0.19033714682920247,0.03200511691459388,0.11799488308540612,0.9277685444267856,0.048580975888048786,0.37332744695498177,0.5780915771569693,1.6526029463749111e-06,113.85309384640303,287.07944084268814,0.005597910149404277,,,9.025769633652427,48.22310857500472,0.18716689778747933,0.005597910149404277,37.214823900301354
693168,highT_reference,single_step,425.2583888627523,0.11812733023965342,1400.0,0.8519999999999999,114.26693669511259,93.93548988869264,157.72424894831866,0.00026934295702656,0.019574367522586348,,False,,7.42547725056267,solver_state,8.39422194189692e-27,8.39422194189692e-27,0.37117461732752266,1.0,,,,,,37.324870783227894,0.061936385572792726,0.061936385572792726,0.05491691549720654,0.00701947007558619,0.0,0.08606361442720742,0.1488554238850974,0.1488554238850974,0.1418359538095606,0.007019470075536801,0.0,0.20582486127308924,0.7474009883363282,0.7485307202659269,0.7479434895994236,0.7488838979123511,,,0.12592428408064013,0.3710602398459898,0.3710602398459898,0.5815109082919415,0.0,0.9090423597991542,0.33643192556086055,0.5726104342382936,5.69374657023518e-06,0.37009488274582997,0.37009488274582997,,,,0.00023781157066562786,3.153138636093216e-05,3.153138636093216e-05,0.00023781157066562786,0.00023781157066562786,3.153138636093216e-05,0.8440947008209788,0.00024836978385721207,,,,,,,,0.19216686450449993,0.03223875315411822,0.11976124684588178,0.9400762437234368,0.04734266038332979,0.3711746173268106,0.5814827222898596,1.6822064875768312e-06,115.54593770071922,290.8878125032359,0.005721788917867561,,,9.149910206746787,48.22310857500472,0.18974119415207963,0.005721788917867561,37.324870783227894
693168,highT_reference,single_step,432.683866113315,0.12018996280925416,1400.0,0.8539999999999999,114.41215913114671,94.09574348895597,157.82111907682886,0.000261701832232284,0.019902319583912732,,False,,7.642285049899153,solver_state,8.39422194189692e-27,8.39422194189692e-27,0.36891374594646076,1.0,,,,,,37.42860238657925,0.06058951270538791,0.06058951270538791,0.05384471891398914,0.00674479379139877,0.0,0.08541048729461223,0.1483427305694691,0.1483427305694691,0.14159793677811972,0.006744793791349369,0.0,0.20693759854839222,0.7436304467042449,0.7447579078795927,0.7446953433320183,0.745685427381858,,,0.1278093231904053,0.36879944461636366,0.36879944461636366,0.5850033376343299,0.0,0.9090423597991542,0.3243808218013854,0.5846615379977688,5.813576609290153e-06,0.35683796063481005,0.35683796063481005,,,,0.00023097437786808806,3.072745436419591e-05,3.072745436419591e-05,0.00023097437786808806,0.00023097437786808806,3.072745436419591e-05,0.8567303546541061,0.0002435206179633321,,,,,,,,0.19401112868425882,0.03247288874622002,0.12152711125377998,0.9526517471588865,0.04611523799489148,0.36891374594571535,0.5849710160593933,1.7132724017352565e-06,117.27561687368754,294.7790508042657,0.005850839837165924,,,9.276734835026371,48.22310857500472,0.192371149624202,0.005850839837165924,37.42860238657925
693168,highT_reference,single_step,440.32615116321415,0.12231281976755949,1400.0,0.8559999999999999,114.56412007663134,94.2635303258561,157.92254236962233,0.0002538205351057321,0.02020702864485451,,False,,7.879583104522552,solver_state,8.39422194189692e-27,8.39422194189692e-27,0.36653189688503834,1.0,,,,,,37.525631603463154,0.05924061705502792,0.05924061705502792,0.05276414181088636,0.00647647524414156,0.0,0.08475938294497223,0.1478356086683589,0.1478356086683589,0.14135913342426676,0.006476475244092148,0.0,0.20805166623364327,0.7398339867947905,0.7409559746193551,0.7414665467023369,0.7424987382368889,,,0.12973794642280573,0.3664176514644882,0.3664176514644882,0.588606826006751,0.0,0.9090423597991542,0.31216881768057814,0.596873542118576,5.935006559603647e-06,0.34340403867378566,0.34340403867378566,,,,0.00022390413072214275,2.9916404383589337e-05,2.9916404383589337e-05,0.00022390413072214275,0.00022390413072214275,2.9916404383589337e-05,0.8696581534949559,0.00023863354994232598,,,,,,,,0.1958721826622622,0.03270771671132897,0.12329228328867102,0.9644292867611053,0.04489774297622054,0.3665318968842549,0.5885703601395246,1.7428222699653893e-06,119.04528808119964,298.42337513905613,0.0059737089511876385,,,9.395865019083008,48.22310857500472,0.19484154582172925,0.0059737089511876385,37.525631603463154
693168,highT_reference,single_step,448.2057342677367,0.12450159285214908,1400.0,0.8579999999999999,114.72319193070403,94.4370895183037,158.02898212236926,0.00024569341464660585,0.020490968704251104,,False,,8.14022631773305,solver_state,8.39422194189692e-27,8.39422194189692e-27,0.36401450733259094,1.0,,,,,,37.615483824005494,0.05788814656887,0.05788814656887,0.05167384205862434,0.006214304510245663,0.0,0.08411185343113015,0.14733363197976307,0.14733363197976307,0.14111932746956682,0.00621430451019624,0.0,0.2091684079252722,0.7360078005916738,0.737073119159006,0.7382369868917367,0.7393265917995522,,,0.13171399779184323,0.363900296187495,0.363900296187495,0.5923369959938736,0.0,0.9090423597991542,0.2997929707854546,0.6092493890136996,6.058065679032026e-06,0.3297898800356141,0.3297898800356141,,,,0.00021659639930047696,2.9097015346128895e-05,2.9097015346128895e-05,0.00021659639930047696,0.00021659639930047696,2.9097015346128895e-05,0.882903863791604,0.00023370250981821956,,,,,,,,0.19775251555055998,0.03294344550585797,0.12505655449414202,0.9754000347845204,0.043689112982770395,0.36401450733176444,0.592296379685465,1.7708272221781083e-06,120.8584785237922,301.81805393810276,0.006090271116642429,,,9.507218501753977,48.22310857500472,0.19715067698231742,0.006090271116642429,37.615483824005494
693168,highT_reference,single_step,456.34596058546975,0.12676276682929716,1400.0,0.8599999999999999,114.8898275957445,94.61664683569849,158.1409720700709,0.00023731455089164583,0.020694952816913328,,False,,8.427633250829063,solver_state,8.39422194189692e-27,8.39422194189692e-27,0.3613451063042675,1.0,,,,,,37.69759161899098,0.05653039098598022,0.05653039098598022,0.05057232691847114,0.005958064067509082,0.0,0.08346960901401992,0.14683634744913585,0.14683634744913585,0.1408782833816762,0.005958064067459646,0.0,0.21028930721807393,0.7321507135205456,0.7331487531329529,0.7350677019526445,0.7361721616252175,,,0.13374179568936734,0.36123090656050777,0.36123090656050777,0.5962114929572845,0.0,0.9090423597991542,0.2872503601102814,0.6217919996888728,6.182783012568848e-06,0.31599227144238595,0.31599227144238595,,,,0.0002090465877908045,2.8267963100841332e-05,2.8267963100841332e-05,0.0002090465877908045,0.0002090465877908045,2.8267963100841332e-05,0.8964964317289397,0.00022872074646173215,,,,,,,,0.1996549068715025,0.033180301795946006,0.12681969820405398,0.9841906152476141,0.04248817070739483,0.3613451063033922,0.5961667229892129,1.7932622380011173e-06,122.71915068288214,304.5381234416305,0.006185489154593833,,,9.597379375319832,48.22310857500472,0.1990203381516222,0.006185489154593833,37.69759161899098
693168,highT_reference,single_step,464.7735938362988,0.12910377606563855,1400.0,0.8619999999999999,115.06405682662147,94.80286802027643,158.25913118107104,0.00022867775015135224,0.02085726667306858,,False,,8.74593176938414,solver_state,8.39422194189692e-27,8.39422194189692e-27,0.3585049705891893,1.0,,,,,,37.771256026065345,0.05516545150400277,0.05516545150400277,0.04945792465998776,0.005707526844015006,0.0,0.08283454849599739,0.14634326965965722,0.14634326965965722,0.14063574281569166,0.0057075268439655555,0.0,0.21141601467428953,0.7282614614049034,0.7291619048528731,0.7319333012883907,0.7330391036232391,,,0.13582621974838513,0.358390758405708,0.358390758405708,0.6002503514202703,0.0,0.9090423597991542,0.2745381152005131,0.6345042445986411,6.309187102552408e-06,0.3020080552254684,0.3020080552254684,,,,0.0002012499467528631,2.742780339848915e-05,2.742780339848915e-05,0.0002012499467528631,0.0002012499467528631,2.742780339848915e-05,0.9104685654677023,0.0002236806992274044,,,,,,,,0.20158248143953783,0.03341853382170787,0.1285814661782921,0.9917719202598927,0.041293601395270385,0.35850497058825864,0.6002014280164709,1.8128766094087302e-06,124.63178202503262,306.88400681616065,0.006269448060059959,,,9.675794267480422,48.22310857500472,0.2006464235384368,0.006269448060059959,37.771256026065345
693168,highT_reference,single_step,473.51952560568293,0.13153320155713416,1400.0,0.8639999999999999,115.24627672339533,94.99652434972785,158.38418247497518,0.00021977654253386503,0.02093184636703198,,False,,9.100152258932834,solver_state,8.39422194189692e-27,8.39422194189692e-27,0.3554727000485641,1.0,,,,,,37.83565045189269,0.053791203156768476,0.053791203156768476,0.04832874934405117,0.005462453812717311,0.0,0.08220879684323168,0.14585387406277983,0.14585387406277983,0.14039142025011198,0.005462453812667845,0.0,0.21255038132441653,0.724338675271962,0.7251555878571818,0.7288258918028023,0.7298913830701564,,,0.13797281872391554,0.3553584510591994,0.3553584510591994,0.6044764473767029,0.0,0.9090423597991542,0.26165345394513356,0.6473889058540205,6.437305612877928e-06,0.28783417089930097,0.28783417089930097,,,,0.00019320159116807383,2.6574951365791214e-05,2.6574951365791214e-05,0.00019320159116807383,0.00019320159116807383,2.6574951365791214e-05,0.9248574582621485,0.0002185738386796678,,,,,,,,0.20353877757310884,0.033658415518815134,0.13034158448118485,0.9969787507967323,0.040103925031414925,0.35547270004757076,0.6044233749210144,1.826148985693106e-06,126.60146399155249,308.4951565022088,0.006329363286108458,,,9.731095713803192,48.22310857500472,0.2017932066463063,0.006329363286108458,37.83565045189269
693168,highT_reference,single_step,482.61967786461577,0.13406102162905995,1400.0,0.8659999999999999,115.43654697545564,95.1981342285868,158.51697723619117,0.00021060418282501777,0.0209298609190577,,False,,9.49648754916571,solver_state,8.39422194189692e-27,8.39422194189692e-27,0.3522236880302626,1.0,,,,,,37.889763567677484,0.052405247641001185,0.052405247641001185,0.047182656654664416,0.005222590986336768,0.0,0.08159475235899896,0.14536758856351667,0.14536758856351667,0.1401449975772294,0.005222590986287287,0.0,0.2136945007364814,0.720380862383669,0.7211770846308404,0.7257504849128502,0.7267654534163093,,,0.1401879458944016,0.35210937801988335,0.35210937801988335,0.6089160623805886,0.0,0.9090423597991542,0.24859373178474486,0.6604486280144093,6.567164839697384e-06,0.27346770929318376,0.27346770929318376,,,,0.0001848965263272179,2.5707656497799865e-05,2.5707656497799865e-05,0.0001848965263272179,0.0001848965263272179,2.5707656497799865e-05,0.9397056960452991,0.0002133904668357448,,,,,,,,0.20552783278491324,0.03390025162251757,0.13209974837748242,0.9997420862358936,0.03891746155873801,0.3522236880291981,0.6088588504120639,1.8327052097311427e-06,128.63402624048223,309.3502154471371,0.00636384457007449,,,9.762568268181045,48.22310857500472,0.20244585130791912,0.00636384457007449,37.889763567677484
693168,highT_reference,single_step,492.11616541378146,0.13669893483716153,1400.0,0.8679999999999999,115.63507688859559,95.40787028677545,158.65576665150877,0.0002011536562484459,0.020875781781043854,,False,,9.94264800998591,solver_state,8.39422194189692e-27,8.39422194189692e-27,0.34872945357570817,1.0,,,,,,37.932379150933905,0.05100485346235711,0.05100485346235711,0.046017187851480915,0.004987665610876194,0.0,0.08099514653764305,0.14488378292958926,0.14488378292958926,0.13989611731876256,0.004987665610826697,0.0,0.2148507624752759,0.7163863822499332,0.717192815857432,0.722716809106032,0.7236179837934003,,,0.14247893098288672,0.34861505948091565,0.34861505948091565,0.6135995949821436,0.0,0.9090423597991542,0.23535650615439707,0.6736858536447571,6.698789070632821e-06,0.25890598344217675,0.25890598344217675,,,,0.00017632968439919088,2.482397184925501e-05,2.482397184925501e-05,0.00017632968439919088,0.00017632968439919088,2.482397184925501e-05,0.9545423300219511,0.00020811946368274115,,,,,,,,0.20755429269632955,0.03414438406236716,0.13385561593763284,1.0,0.03773228685851433,0.3487294535745627,0.613538259566923,1.8321705630621803e-06,130.73619439848193,309.43002170876355,0.006371590535830142,,,9.769575983134295,48.22310857500472,0.2025911699147101,0.006371590535830142,37.932379150933905
693168,highT_reference,single_step,502.0588134237674,0.13946078150660204,1400.0,0.8699999999999999,115.84238725439697,95.6268116130179,158.80082086802284,0.0001914176913064905,0.020816328253061532,,False,,10.448355041528938,solver_state,8.39422194189692e-27,8.39422194189692e-27,0.34495678882891495,1.0,,,,,,37.96202757328914,0.04958687899765568,0.04958687899765568,0.04482949772449953,0.004757381273156151,0.0,0.08041312100234446,0.1444017552812741,0.1444017552812741,0.13964437400816748,0.004757381273106638,0.0,0.21602192092567035,0.7123887420852218,0.7131707424754801,0.7197295955104427,0.7205085690125862,,,0.14485430125987075,0.3448422901884576,0.3448422901884576,0.6185624692488029,0.0,0.9090423597991542,0.2219396215140188,0.6871027382851354,6.832199739277053e-06,0.2441466221255681,0.2441466221255681,,,,0.00016749597569238082,2.3921715614109694e-05,2.3921715614109694e-05,0.00016749597569238082,0.00016749597569238082,2.3921715614109694e-05,0.9685269055577866,0.0002027479613422152,,,,,,,,0.2096235512677541,0.0343912000766741,0.1356087999233259,1.0,0.03654617630795968,0.34495678882767716,0.6184970348643632,1.8313609087124445e-06,132.91579294097468,309.43002170876355,0.006376564727569045,,,9.774068197178941,48.22310857500472,0.2026843247149167,0.006376564727569045,37.96202757328914
693168,highT_reference,single_step,512.5071684652963,0.1423631023514712,1400.0,0.8719999999999999,116.05960994851293,95.85625009209937,158.95302020960807,0.00018138878292985037,0.020761430952783662,,False,,11.026040131563553,solver_state,8.39422194189692e-27,8.39422194189692e-27,0.3408666553029351,1.0,,,,,,37.9769134606192,0.04814767216388754,0.04814767216388754,0.04361626065060383,0.0045314115132837045,0.0,0.07985232783611261,0.14392071460247766,0.14392071460247766,0.1393893030892435,0.004531411513234173,0.0,0.21721118518149984,0.7081389641000256,0.7091088714131335,0.7167953304821252,0.7175129523929609,,,0.14732406997380232,0.34075203633284207,0.34075203633284207,0.6238463112196291,0.0,0.9090423597991542,0.20834132260094707,0.7007010371982071,6.967414299068177e-06,0.2291876944513108,0.2291876944513108,,,,0.00015839036036600354,2.299842256384682e-05,2.299842256384682e-05,0.00015839036036600354,0.00015839036036600354,2.299842256384682e-05,0.9803466202755846,0.00019726091919713406,,,,,,,,0.21174193395180374,0.03464114265461281,0.1373588573453872,1.0,0.035356531358402166,0.3408666553015917,0.6237768133400061,1.8311326669237888e-06,135.18200985096072,309.43002170876355,0.0063815572030879834,,,9.778573797224439,48.22310857500472,0.20277775709990056,0.0063815572030879834,37.9769134606192
693168,highT_reference,single_step,523.5332085968599,0.14542589127690553,1400.0,0.8739999999999999,116.28822430005981,96.09775074032459,159.11343224971452,0.00017105923075793077,0.02071174338672586,,False,,11.691856622635225,solver_state,8.39422194189692e-27,8.39422194189692e-27,0.33641273257294724,1.0,,,,,,37.974814587442225,0.046682937466139655,0.046682937466139655,0.042373546124333264,0.00430939134180639,0.0,0.07931706253386049,0.1434397577316835,0.1434397577316835,0.13913036638992665,0.004309391341756842,0.0,0.21842233834909608,0.7040018622432807,0.7050556271733627,0.713923539499926,0.7146493553411384,,,0.1499001186528558,0.3362979851137557,0.3362979851137557,0.6295004963004794,0.0,0.9090423597991542,0.1945604070084842,0.71448195279067,7.104444706126097e-06,0.21402787770139867,0.21402787770139867,,,,0.00014900794901550742,2.205128174242334e-05,2.205128174242334e-05,0.00014900794901550742,0.00014900794901550742,2.205128174242334e-05,0.9899959010805615,0.00019164056096157843,,,,,,,,0.21391694076326045,0.03489472418476444,0.13910527581523555,1.0,0.0341602824811357,0.3364127325714825,0.6294269849473817,1.8315756404358121e-06,137.5457474124933,309.43002170876355,0.006386580890167172,,,9.783104408645803,48.22310857500472,0.20287170814443592,0.006386580890167172,37.974814587442225
693168,highT_reference,single_step,535.2250652194951,0.14867362922763755,1400.0,0.8759999999999999,116.53004643081732,96.35323486492655,159.2833690461213,0.0001604211999085217,0.020668109078931955,,False,,12.467180155368968,solver_state,8.39422194189692e-27,8.39422194189692e-27,0.33153947597588385,1.0,,,,,,37.95294814337323,0.04518755661492745,0.04518755661492745,0.04109665085461791,0.004090905760309542,0.0,0.07881244338507269,0.14295783853878466,0.14295783853878466,0.1388669327785247,0.004090905760259975,0.0,0.21965989877583053,0.6997729204969685,0.7008861206509618,0.7111041383865601,0.7118587606158525,,,0.15259671300861138,0.3314246036662731,0.3314246036662731,0.6355842208473597,0.0,0.9090423597991542,0.1805964336019502,0.7284459261972039,7.243295346869435e-06,0.19866668660176803,0.19866668660176803,,,,0.00013934414473275845,2.1077055175763245e-05,2.1077055175763245e-05,0.00013934414473275845,0.00013934414473275845,2.1077055175763245e-05,0.9967715205305736,0.00018586561531366364,,,,,,,,0.2161575747251046,0.03515254460924219,0.1408474553907578,1.0,0.03295375854125787,0.33153947597427913,0.635506765484463,1.8328040430715269e-06,140.02009559494238,309.43002170876355,0.006391651281849944,,,9.787673935310401,48.22310857500472,0.20296646617227004,0.006391651281849944,37.95294814337323
693168,highT_reference,single_step,547.6922453748641,0.15213673482635115,1400.0,0.8779999999999999,116.78733998347525,96.62509720053015,159.46446784386686,0.00014946681574978254,0.02063162725815662,,False,,13.380896555313884,solver_state,8.39422194189692e-27,8.39422194189692e-27,0.32617946439365786,1.0,,,,,,37.90778768473544,0.04365534150420289,0.04365534150420289,0.039779867607519795,0.003875473896683095,0.0,0.07834465849579725,0.14247372578487677,0.14247372578487677,0.13859825188824326,0.0038754738966335096,0.0,0.22092934244253418,0.6955122214480522,0.69666763691003,0.7083067347042763,0.7091547877670225,,,0.15543121347563388,0.32606448858622744,0.32606448858622744,0.6421693319327636,0.0,0.9090423597991542,0.16645001195091852,0.7425923478482357,7.383960160048762e-06,0.18310479171476052,0.18310479171476052,,,,0.00012939484597039266,2.0071969779389874e-05,2.0071969779389874e-05,0.00012939484597039266,0.00012939484597039266,2.0071969779389874e-05,0.9999037144670025,0.00017991027045302242,,,,,,,,0.21847479483590856,0.035415316053263084,0.1425846839467369,1.0,0.031732507358586896,0.3261794643918907,0.6420880282495224,1.834964952199773e-06,142.62098403178064,309.43002170876355,0.006396787200977135,,,9.792299239176273,48.22310857500472,0.20306238084891678,0.006396787200977135,37.90778768473544
693168,highT_reference,single_step,561.073141930178,0.15585365053616057,1400.0,0.8799999999999999,117.06297602079104,96.91637506351778,159.65880774700776,0.0001381883112181069,0.02060374842593591,,False,,14.473004137400146,solver_state,8.39422194189692e-27,8.39422194189692e-27,0.32024969390087926,1.0,,,,,,37.83480157479665,0.04207868600108935,0.04207868600108935,0.03841615945028583,0.0036625265508035227,0.0,0.07792131399891078,0.14198594415725665,0.14198594415725665,0.13832341760650274,0.003662526550753918,0.0,0.22223741699436833,0.6911962213279279,0.6923964965123396,0.7056797956054118,0.706599734708309,,,0.15842507696365943,0.3201346620857149,0.3201346620857149,0.6493442833242558,0.0,0.9090423597991542,0.15212321229779618,0.7569191475013579,7.526418560227799e-06,0.16734447042864606,0.16734447042864606,,,,0.00011915674073478487,1.9031570483322035e-05,1.9031570483322035e-05,0.00011915674073478487,0.00011915674073478487,1.9031570483322035e-05,1.0,0.00017374270082188122,,,,,,,,0.220882155554079,0.035683897004542484,0.1443161029954575,1.0,0.03049104338466007,0.3202496938989221,0.6492592627164179,1.8382506258153545e-06,145.36810121100538,309.43002170876355,0.006402011875471475,,,9.797001095927303,48.22310857500472,0.2031598829986116,0.006402011875471475,37.83480157479665
693168,highT_reference,single_step,575.5461460675782,0.15987392946321616,1400.0,0.8819999999999999,117.36067067542052,97.23099975979923,159.8690833348023,0.00012657825758231457,0.020586417076409694,,False,,15.800501904518542,solver_state,8.39422194189692e-27,8.39422194189692e-27,0.31364625729305345,1.0,,,,,,37.72806975143658,0.040448061643916844,0.040448061643916844,0.036996688112829815,0.003451373531087029,0.0,0.07755193835608329,0.1414926895232151,0.1414926895232151,0.13804131599217767,0.0034513735310374035,0.0,0.22359259735319448,0.6868203034677571,0.6880885225960466,0.7031303813114194,0.7041005747613622,,,0.16160530793240446,0.31353125519347264,0.31353125519347264,0.6572198165769763,0.0,0.9090423597991542,0.1376201601987297,0.7714221996004245,7.670629524977068e-06,0.15139026109755302,0.15139026109755302,,,,0.00010862774196085636,1.795051562145821e-05,1.795051562145821e-05,0.00010862774196085636,0.00010862774196085636,1.795051562145821e-05,1.0,0.0001673229340508689,,,,,,,,0.22339673438191715,0.03595934100288883,0.14604065899711116,1.0,0.029222483163280518,0.31364625729087214,0.6571312595458474,1.842916946120314e-06,148.28622595619993,309.43002170876355,0.006407354492137305,,,9.80180557561117,48.22310857500472,0.20325951323452626,0.006407354492137305,37.72806975143658
693168,highT_reference,single_step,591.3466479720968,0.1642629577700269,1400.0,0.8839999999999999,117.6853504624628,97.57418305040689,160.0988719032819,0.00011462993225017767,0.020582291375720804,,False,,17.447449900214874,solver_state,8.39422194189692e-27,8.39422194189692e-27,0.3062364616713796,1.0,,,,,,37.57970569170993,0.03875126377571498,0.03875126377571498,0.03551010917697863,0.0032411545987363487,0.0,0.07724873622428516,0.1409917032565979,0.1409917032565979,0.1377505486579112,0.0032411545986867013,0.0,0.22500576806513245,0.6823787555919035,0.6837495129764626,0.7007534308335903,0.7017510846556084,,,0.16500662809491212,0.30612163083602234,0.30612163083602234,0.6659373812438368,0.0,0.9090423597991542,0.12294792406062645,0.7860944357385277,7.816522769657693e-06,0.1352499393843328,0.1352499393843328,,,,9.780764876020598e-05,1.6822283489971687e-05,1.6822283489971687e-05,9.780764876020598e-05,9.780764876020598e-05,1.6822283489971687e-05,1.0,0.00016059966334927925,,,,,,,,0.22604052072005754,0.03624296815915277,0.1477570318408472,1.0,0.027918001710475766,0.30623646166893115,0.6658455366205931,1.8493119236187044e-06,151.40721830867028,309.43002170876355,0.006412852514213193,,,9.806746101517906,48.22310857500472,0.20336196465362238,0.006412852514213193,37.57970569170993
693168,highT_reference,single_step,608.7940978723117,0.1691094716311977,1400.0,0.8859999999999999,118.043736753215,97.95303547727173,160.35306167530456,0.0001023379211154417,0.020595093456948276,,False,,19.543097790152604,solver_state,8.39422194189692e-27,8.39422194189692e-27,0.297846703099817,1.0,,,,,,37.37895446145254,0.036972241386465,0.036972241386465,0.0339414784329876,0.0030307629534774023,0.0,0.07702775861353511,0.1404800788136308,0.1404800788136308,0.1374493158602031,0.003030762953427731,0.0,0.2264912845059839,0.6777782049517976,0.6793437824396159,0.6985630890665541,0.6995861054915291,,,0.16867484537241464,0.2977322669560313,0.2977322669560313,0.6756820931011845,0.0,0.9090423597991542,0.10811788681589149,0.8009244729832626,7.963985108186317e-06,0.11893602718335293,0.11893602718335293,,,,8.669918428270043e-05,1.5638736832741267e-05,1.5638736832741267e-05,8.669918428270043e-05,8.669918428270043e-05,1.5638736832741267e-05,1.0,0.00015350530134242824,,,,,,,,0.22884257530033547,0.03653647410755126,0.1494635258924487,1.0,0.026565990721116556,0.29784670309704603,0.6755873061818374,1.8579214149410936e-06,154.77311082195968,309.43002170876355,0.006418555270798949,,,9.811866638344824,48.22310857500472,0.20346814894945547,0.006418555270798949,37.37895446145254
693168,highT_reference,single_step,628.3371956624643,0.17453810990624008,1400.0,0.8879999999999999,118.4453271591312,98.3776046050025,160.63857202087868,8.969914329709402e-05,0.020630191738541512,,False,,22.2967569865831,solver_state,8.39422194189692e-27,8.39422194189692e-27,0.2882429456064847,1.0,,,,,,37.11072770978413,0.03508919620967416,0.03508919620967416,0.03227047589044223,0.002818720319231937,0.0,0.07691080379032597,0.13995395035166214,0.13995395035166214,0.1371352300324799,0.0028187203191822395,0.0,0.22806870031953802,0.6730749086324138,0.6748620598257274,0.696606419477858,0.6977002695695266,,,0.17267232916769043,0.28812924902180526,0.28812924902180526,0.6867036052707668,0.0,0.9090423597991542,0.09314795893806652,0.8158944008610877,8.112838447934513e-06,0.10246822706770985,0.10246822706770985,,,,7.530969394011008e-05,1.4389449356983945e-05,1.4389449356983945e-05,7.530969394011008e-05,7.530969394011008e-05,1.4389449356983945e-05,1.0,0.00014594794790115644,,,,,,,,0.2318425444157774,0.036842103470787986,0.151157896529212,1.0,0.025150694304167512,0.288242945603318,0.6866063600925144,1.8694457574791376e-06,158.44113257765977,309.43002170876355,0.0064245297753142035,,,9.817226859142608,48.22310857500472,0.20357930355885703,0.0064245297753142035,37.11072770978413
693168,highT_reference,single_step,650.6339526490474,0.18073165351362427,1400.0,0.8899999999999999,118.90414442220955,98.86272527141676,160.9656394222796,7.671468666254942e-05,0.020695618097096292,,False,,26.07062724244118,solver_state,8.39422194189692e-27,8.39422194189692e-27,0.27709747366445947,1.0,,,,,,36.753107018344814,0.03307131617059792,0.03307131617059792,0.030468354963825477,0.0026029612067724438,0.0,0.07692868382940223,0.13940796284523893,0.13940796284523893,0.13680500163851622,0.0026029612067227166,0.0,0.22976574230313085,0.6682695911992838,0.6702914300311107,0.6948122436731927,0.6961085339510906,,,0.17708742477749287,0.2769850451256858,0.2769850451256858,0.6993516711763829,0.0,0.9090423597991542,0.0780663468464628,0.8309760129526913,8.262802318632072e-06,0.08587756775571047,0.08587756775571047,,,,6.365407599601814e-05,1.3060610666531282e-05,1.3060610666531282e-05,6.365407599601814e-05,6.365407599601814e-05,1.3060610666531282e-05,1.0,0.00013779759238726874,,,,,,,,0.23509671034281998,0.0371629415262714,0.15283705847372858,1.0,0.023649870000917065,0.27709747366079707,0.6992526563382858,1.8849352477402132e-06,162.4923476868716,309.43002170876355,0.006430870703254036,,,9.822911003854458,48.22310857500472,0.20369717536098295,0.006430870703254036,36.753107018344814
693168,highT_reference,single_step,676.7045798914886,0.1879734944143024,1400.0,0.8919999999999999,119.4420968180361,99.43157482725606,161.350293977357,6.339333164041508e-05,0.020803953041337787,,False,,31.549059628930156,solver_state,8.39422194189692e-27,8.39422194189692e-27,0.26392807113021044,1.0,,,,,,36.27283441275691,0.03087274709394861,0.03087274709394861,0.028492314330374847,0.002380432763573763,0.0,0.07712725290605152,0.1388343045425846,0.1388343045425846,0.1364538717790606,0.0023804327635240027,0.0,0.23162381306753435,0.6633425731293703,0.6656128717897501,0.6934570580072844,0.6949026975515259,,,0.18205184073578917,0.2638177252812483,0.2638177252812483,0.7141412306115873,0.0,0.9090423597991542,0.0629184309966554,0.8461239288024988,8.413425480137648e-06,0.06921397041448842,0.06921397041448842,,,,5.176020109406155e-05,1.1633130546353531e-05,1.1633130546353531e-05,5.176020109406155e-05,5.176020109406155e-05,1.1633130546353531e-05,1.0,0.00012886065955738018,,,,,,,,0.2386891800088543,0.037503439838517186,0.1544965601614828,1.0,0.02203048199795532,0.26392807112591055,0.7140414468761342,1.9060457660723949e-06,167.04760961461082,309.43002170876355,0.006437718768872058,,,9.82904419061958,48.22310857500472,0.20382435892393355,0.006437718768872058,36.27283441275691
693168,highT_reference,single_step,708.2536395204188,0.19673712208900523,1400.0,0.8939999999999999,120.09610416654037,100.12928507666885,161.8196252947979,4.9758988115900036e-05,0.02097607371559181,,False,,40.19374339650042,solver_state,8.39422194189692e-27,8.39422194189692e-27,0.2479758003606844,1.0,,,,,,35.61657056709383,0.028420374486855023,0.028420374486855023,0.0262740948274298,0.002146279659425223,0.0,0.07757962551314512,0.1382207686965827,0.1382207686965827,0.13607448903720729,0.0021462796593754224,0.0,0.23370917134534994,0.658270124858864,0.6607962405550168,0.6926478274556336,0.6942254174638948,,,0.18777592455383865,0.24786881912669587,0.24786881912669587,0.7318832595579718,0.0,0.9090423597991542,0.047780531990128584,0.8612618278090256,8.563949039254473e-06,0.05256139218934233,0.05256139218934233,,,,3.967990626450628e-05,1.0079081851393757e-05,1.0079081851393757e-05,3.967990626450628e-05,3.967990626450628e-05,1.0079081851393757e-05,1.0,0.00011882843736306671,,,,,,,,0.24275461264105336,0.03787045416779522,0.15612954583220476,1.0,0.020239991283992342,0.24797580035553485,0.7317842083604729,1.935561702753549e-06,172.29992958670596,309.43002170876355,0.006445297899981227,,,9.835825402984911,48.22310857500472,0.20396498055878282,0.006445297899981227,35.61657056709383
693168,highT_reference,single_step,748.4473829169192,0.20790205081025534,1400.0,0.8959999999999999,120.93540052295131,101.04961763399324,162.42461214535504,3.58686443488105e-05,0.02124920582391892,,False,,55.759007241831405,solver_state,8.39422194189692e-27,8.39422194189692e-27,0.227925411883665,1.0,,,,,,34.692466842479675,0.025585640048501553,0.025585640048501553,0.023693685487807287,0.0018919545606942653,0.0,0.07841435995149859,0.13754634015031217,0.13754634015031217,0.13565438558966775,0.0018919545606444154,0.0,0.23613878975409616,0.6529922705250472,0.6557886328555312,0.6926448229459128,0.694320346472019,,,0.19463013442473026,0.2278238989212236,0.2278238989212236,0.75398423030287,0.0,0.9090423597991542,0.032791233924806,0.8762511258743482,8.71299498628335e-06,0.036072283729496356,0.036072283729496356,,,,2.7514375033104992e-05,8.354269315705508e-06,8.354269315705508e-06,2.7514375033104992e-05,2.7514375033104992e-05,8.354269315705508e-06,1.0,0.00010715815864943836,,,,,,,,0.2475307723606316,0.038275570197402464,0.15772442980259752,1.0,0.018186308417154066,0.22792541187732668,0.7538882797055192,1.9785785113212733e-06,178.58923361197094,309.43002170876355,0.006454000832174652,,,9.843603415762338,48.22310857500472,0.20412627278998208,0.006454000832174652,34.692466842479675
693168,highT_reference,single_step,804.2063901587507,0.2233906639329863,1400.0,0.8979999999999999,122.112833495435,102.34050178556703,163.27833367711486,2.1865447548263215e-05,0.02169503961840936,,False,,91.46851422022968,solver_state,8.39422194189692e-27,8.39422194189692e-27,0.20113012429266305,1.0,,,,,,33.32805759810954,0.022105769395413796,0.022105769395413796,0.020505857781346375,0.00159991161406742,0.0,0.07989423060458634,0.13676903783002423,0.13676903783002423,0.1351691262160067,0.0015999116140175012,0.0,0.23915283464390927,0.6474003966955472,0.6504816941994921,0.6939570988524845,0.6956691688743645,,,0.20337310924175342,0.20103782138574852,0.20103782138574852,0.7832767706331983,0.0,0.9090423597991542,0.018237721703667248,0.8908046380954869,8.857707700790926e-06,0.02006256529970367,0.02006256529970367,,,,1.5485244809873008e-05,6.3802027383902085e-06,6.3802027383902085e-06,1.5485244809873008e-05,1.5485244809873008e-05,6.3802027383902085e-06,1.0,9.274074151558636e-05,,,,,,,,0.25350580490478697,0.0387413959606771,0.15925860403932288,1.0,0.01568188427556963,0.20113012428454635,0.783187991439884,2.0454999131623133e-06,186.61163557299147,309.43002170876355,0.006464627930366019,,,9.853088542842029,48.22310857500472,0.2043229653583373,0.006464627930366019,33.32805759810954
693168,highT_reference,single_step,895.6749043789803,0.24879858454971673,1400.0,0.8999999999999999,124.07702314026193,104.49316659981923,164.7151052547019,8.197862978406257e-06,0.02239717557846157,,False,,243.96601959170818,solver_state,8.39422194189692e-27,8.39422194189692e-27,0.1606407720980481,1.0,,,,,,31.186104784896422,0.01755643158895054,0.01755643158895054,0.0160565575788105,0.0014998740101400385,0.0,0.08244356841104959,0.13605658338523258,0.13605658338523258,0.13455670937514258,0.0014998740100900072,0.0,0.24311858478546813,0.6412052247155461,0.6445848315291505,0.6973753358107019,0.6990177174213246,,,0.21603412476537662,0.16056557578810476,0.16056557578810476,0.8244356841104948,0.0,0.9090423597991542,0.0048850055707864645,0.9041573542283677,8.990480310472842e-06,0.00537379311109965,0.00537379311109965,,,,4.20782952564452e-06,3.9900334527617364e-06,3.9900334527617364e-06,4.20782952564452e-06,4.20782952564452e-06,3.9900334527617364e-06,1.0,7.261813048372865e-05,,,,,,,,0.26198866273890004,0.03932498362558149,0.16067501637441847,1.0,0.015000575818061284,0.16064077208707453,0.8243586520948643,2.1552145343394024e-06,198.2291636902449,309.43002170876355,0.006467521617365128,,,9.855668895423937,48.22310857500472,0.20437647399057107,0.006467521617365128,31.186104784896422
693168,highT_reference,single_step,1139.6409239706884,0.3165669233251912,1400.0,0.9019999999999999,129.39742353045762,110.31758803339585,168.68126760798305,9.657361190630957e-07,0.023367446666287116,,False,,900.0,solver_state,8.39422194189692e-27,8.39422194189692e-27,0.07983684596997592,1.0,,,,,,27.33925198521282,0.009895338812940645,0.009895338812940645,0.007820579778738086,0.0020747590342025603,0.0,0.08810466118705948,0.13565803582978708,0.13565803582978708,0.13358327679563456,0.002074759034152529,0.0,0.24980624498197,0.6333412765618102,0.6370140802760695,0.7065514875253825,0.7078424389377266,,,0.24048861213599093,0.07980183447691913,0.07980183447691913,0.8990271549699935,0.0,0.9090423597991542,0.0,0.9090423597991542,9.039054318299375e-06,0.0,0.0,,,,0.0,9.657361190630957e-07,9.657361190630957e-07,0.0,0.0,9.657361190630957e-07,1.0,3.536971608287188e-05,,,,,,,,0.2780452203177105,0.04029841620508953,0.16170158379491043,1.0,0.021178961758890533,0.07983684595628954,0.89898419228482,2.3700774020043202e-06,220.6681769030075,309.43002170876355,0.006441322195951193,,,9.832269194541379,48.22310857500472,0.20389123565621187,0.006441322195951193,27.33925198521282
693168,highT_reference,single_step,2039.6409239706884,0.5665669233251912,1400.0,0.9028691625071567,148.68549617843175,131.3154560595264,183.82610304079944,7.3925354450638295e-06,0.043030349664657463,,False,,270.5431735650922,solver_state,5.904694922304344e-13,5.904694922304344e-13,0.03516145946447883,1.0,,,,,,8.85439369433584,0.005096742393166499,0.005096742393166499,0.0034140890481848428,0.0016826533449816562,0.0,0.09203409509967686,0.1343967676334094,0.1343967676334094,0.1327141142884778,0.0016826533449316248,0.0,0.25373567889458737,0.6299999336172247,0.633782839993839,0.7132138313121433,0.7142462254662293,,,0.2525056106498957,0.03514938341220824,0.03514938341220824,0.947527041620103,0.0,0.9090423597991542,0.00809885593070546,0.9009435038684487,8.95852341906834e-06,0.008909217313585738,0.008909217313585738,,,,7.2068933684527e-06,1.856420766111295e-07,1.856420766111295e-07,7.2068933684527e-06,7.2068933684527e-06,1.856420766111295e-07,1.0,1.544071715043621e-05,,,,,,,,0.2858658000964486,0.04116757871224632,0.16170158379491043,1.0,0.01733086698115978,0.03516145944717783,0.9475076735716624,5.155416974361688e-06,231.69476618883658,309.43002170876355,0.0064576289888844726,,,9.846843270623545,48.22310857500472,0.20419345748538942,0.0064576289888844726,8.85439369433584
693168,highT_reference,single_step,2310.1840975357804,0.6417178048710501,1400.0,0.9048691625071567,159.84971968262155,143.33013296214713,193.1018028804569,5.38424162095637e-08,0.04619409889938356,,False,,900.0,solver_state,5.471215488356247e-10,5.471215488356247e-10,0.019134199107395344,1.0,,,,,,6.640583609140338,0.00294265965080367,0.00294265965080367,0.0018196374555798484,0.0011230221952238215,0.0,0.09218817784203967,0.133786912287098,0.133786912287098,0.1326638900919242,0.0011230221951737899,0.0,0.2558395374403966,0.6248451734190594,0.628622271706388,0.7116652816020959,0.7126006950135346,,,0.2578613486844037,0.019127735059798447,0.019127735059798447,0.969067236993209,0.0,0.9090423597991542,0.0,0.9090423597991542,9.039054318299375e-06,0.0,0.0,,,,0.0,5.38424162095637e-08,5.38424162095637e-08,0.0,0.0,5.38424162095637e-08,1.0,8.229576576985753e-06,,,,,,,,0.28927988914463343,0.04121780290879991,0.16365135959835683,1.0,0.011809821374090704,0.019134199104635458,0.9690559795212738,6.002729698697653e-06,236.6090984624638,309.43002170876355,0.006481088781303028,,,9.86775339456233,48.22310857500472,0.20462706959702387,0.006481088781303028,6.640583609140338
693168,highT_reference,single_step,3210.1840975357804,0.8917178048710501,1400.0,0.9049176206817453,196.7251976365758,182.55174333861223,225.09603134431416,7.314291679913858e-06,0.05141583317274395,,False,,273.4372769809413,solver_state,0.00016221639427106322,0.00016221639427106322,0.009974963805666181,1.0,,,,,,2.80614543184461,0.0016597875183877744,0.0016597875183877744,0.0009481386484448747,0.0007116488699428998,0.0,0.09342259179986696,0.13332708078722844,0.13332708078722844,0.13261543191733557,0.0007116488698928682,0.0,0.2570739513982239,0.6243244581630767,0.6281057708551945,0.7136889601647586,0.7145618211162513,,,0.26071727362298885,0.009971759807054417,0.009971759807054417,0.9825436896900506,0.0,0.9090423597991542,0.00809885593070546,0.9009435038684487,8.95852341906834e-06,0.008909217313585738,0.008909217313585738,,,,7.2996664098431436e-06,1.4625270070715193e-08,1.4625270070715193e-08,7.2996664098431436e-06,7.2996664098431436e-06,1.4625270070715193e-08,1.0,4.287856959893942e-06,,,,,,,,0.29109952660021327,0.04126626108338852,0.16365135959835683,1.0,0.007487488322240783,0.009974963801108667,0.9825375478766505,8.38895171231027e-06,239.2296456225968,309.43002170876355,0.006499507540010653,,,9.884123576272687,48.22310857500472,0.20496653717168042,0.006499507540010653,2.80614543184461
693168,highT_reference,single_step,3483.6213745167215,0.9676726040324226,1400.0,0.9069176206817453,210.28988581528054,196.7539335171691,237.44957668000055,4.412551065261122e-09,0.051641753713527,,False,,900.0,solver_state,0.0010823756484411825,0.0010823756484411825,0.005537598250799041,1.0,,,,,,2.1225596746223574,0.0009493418330602983,0.0009493418330602983,0.000515286746097204,0.00043405508696309425,0.0,0.09213303748519444,0.1330454879102254,0.1330454879102254,0.13261143282331234,0.0004340550869130628,0.0,0.2577803979895281,0.6196926904505381,0.6234640784783816,0.709746160496756,0.7105998727159794,,,0.26223733218246664,0.005535814080723108,0.005535814080723108,0.9898010575147157,0.0,0.9090423597991542,0.0,0.9090423597991542,9.039054318299375e-06,0.0,0.0,,,,0.0,4.412551065261122e-09,4.412551065261122e-09,0.0,0.0,4.412551065261122e-09,1.0,2.329591520534115e-06,,,,,,,,0.29204766524865816,0.04127026017741176,0.1656473605043336,1.0,0.004664917254164216,0.005537598250035303,0.9897974844958005,9.027131569120006e-06,240.6244249767239,309.43002170876355,0.006511560284694622,,,9.8948136366453,48.22310857500472,0.20518821637670276,0.006511560284694622,2.1225596746223574
693168,highT_reference,single_step,4383.6213745167215,1.2176726040324226,1400.0,0.9069215919777041,252.363497243647,240.58996573238767,276.23917989959534,7.3474785283463615e-06,0.047282606574179806,,False,,272.20222451607816,solver_state,0.0183713927964329,0.0183713927964329,0.0029903218006168695,1.0,,,,,,1.2556535561702262,0.0005377896917979281,0.0005377896917979281,0.00027824598448743547,0.00025954370731049256,0.0,0.09254061833049806,0.13286700523461406,0.13286700523461406,0.1326074615273536,0.00025954370726046107,0.0,0.25818797883483174,0.6195626134751532,0.6233342150090428,0.7104191308532484,0.7112536608212174,,,0.26306347456542406,0.0029893719757302303,0.0029893719757302303,0.9942221863993517,0.0,0.9090423597991542,0.00809885593070546,0.9009435038684487,8.95852341906834e-06,0.008909217313585738,0.008909217313585738,,,,7.346191867648275e-06,1.2866606980858586e-09,1.2866606980858586e-09,7.346191867648275e-06,7.346191867648275e-06,1.2866606980858586e-09,1.0,1.2500674679553794e-06,,,,,,,,0.29256295199475535,0.0412742314733705,0.1656473605043336,1.0,0.0027894834823404538,0.0029903217992778303,0.9942201947183816,9.99375203192936e-06,241.38247888993254,309.43002170876355,0.006519579533161275,,,9.901916557975563,48.22310857500472,0.20533550927299574,0.006519579533161275,1.2556535561702262
693168,highT_reference,single_step,4655.823599032799,1.2932843330646664,1400.0,0.908921591977704,264.91320357175147,253.5727270143385,288.04370988691926,3.9261691337942026e-10,0.04727337918396503,,False,,900.0,solver_state,0.058774494318502776,0.058774494318502776,0.0016698908292851488,1.0,,,,,,0.866992275955309,0.0003047720990972503,0.0003047720990972503,0.00015204224787887164,0.00015272985121837863,0.0,0.09077363592319876,0.13275984114661774,0.13275984114661774,0.1326071112954494,0.00015272985116834714,0.0,0.2584206461956282,0.6150288234122984,0.6187907431223524,0.7056597405014822,0.7064982550105996,,,0.2635193728189221,0.0016693555715384448,0.0016693555715384448,0.9966537392811846,0.0,0.9090423597991542,0.0,0.9090423597991542,9.039054318299375e-06,0.0,0.0,,,,0.0,3.9261691337942026e-10,3.9261691337942026e-10,0.0,0.0,3.9261691337942026e-10,1.0,6.71972086149109e-07,,,,,,,,0.2928411979792428,0.04127458170527471,0.16764701027242937,1.0,0.0016775242939802851,0.0016698908290592508,0.9966525848769605,1.0494792371855387e-05,241.80080321539805,309.43002170876355,0.006524338321818051,,,9.906127934967941,48.22310857500472,0.20542284037040578,0.006524338321818051,0.866992275955309
693168,highT_reference,single_step,5555.823599032799,1.5432843330646664,1400.0,0.908921945332926,304.4393896627242,294.41514353262505,325.4013129740809,7.377522661484335e-06,0.04211569214995388,,False,,271.0937115030977,solver_state,0.11329774008086455,0.11329774008086455,0.0009107034911221461,1.0,,,,,,0.6657808735154251,0.0001718285173647111,0.0001718285173647111,8.291862884176617e-05,8.890988852294494e-05,0.0,0.09090622614970925,0.13269566782870026,0.13269566782870026,0.13260675794022736,8.890988847291343e-05,0.0,0.2585532364221387,0.6149921176624605,0.6187540221919464,0.7058830962799851,0.7067155330744258,,,0.2637684905681058,0.0009104128227690667,0.0009104128227690667,0.998113392759729,0.0,0.9090423597991542,0.00809885593070546,0.9009435038684487,8.95852341906834e-06,0.008909217313585738,0.008909217313585738,,,,7.37740588775732e-06,1.167737270149439e-10,1.167737270149439e-10,7.37740588775732e-06,7.37740588775732e-06,1.167737270149439e-10,1.0,3.5655892760754284e-07,,,,,,,,0.29299324022712164,0.04127493506049675,0.16764701027242937,1.0,0.0009765481615846941,0.0009107034907164676,0.9981127483476988,1.0777241421722225e-05,242.02938933870337,309.43002170876355,0.006527339824402318,,,9.908782775889335,48.22310857500472,0.20547789366331545,0.006527339824402318,0.6657808735154251
693168,highT_reference,single_step,5826.917310535897,1.6185881418155268,1400.0,0.910921945332926,315.6470281798314,305.94097355218753,336.1207281114017,3.576456679270643e-11,0.0419330324166836,,False,,900.0,solver_state,0.2404781795229884,0.2404781795229884,0.0005096281153939713,1.0,,,,,,0.42705667150608484,9.667856519464126e-05,9.667856519464126e-05,4.53820282956531e-05,5.1296536898988164e-05,0.0,0.08898137610187933,0.13265802282045322,0.13265802282045322,0.13260672628360426,5.129653684895665e-05,0.0,0.2586283547176857,0.6104395612204537,0.6141920878692081,0.7008000389965371,0.7016441324682291,,,0.2639074015531893,0.0005094636211496401,0.0005094636211496401,0.9989146758361981,0.0,0.9090423597991542,0.0,0.9090423597991542,9.039054318299375e-06,0.0,0.0,,,,0.0,3.576456679270643e-11,3.576456679270643e-11,0.0,0.0,3.576456679270643e-11,1.0,1.785389530878946e-07,,,,,,,,0.2930761588559634,0.04127496671711982,0.1696469786158063,1.0,0.0005760682748588448,0.0005096281153255588,0.9989143036098156,1.1128508397910406e-05,242.1568516478676,309.43002170876355,0.0065290551819649845,,,9.91029953279779,48.22310857500472,0.20550934656946926,0.0065290551819649845,0.42705667150608484
693168,highT_reference,single_step,6726.917310535897,1.8685881418155268,1400.0,0.9109219775210362,351.33950192705106,342.6001237336388,370.37220011249406,7.4039955612822e-06,0.03766816244427494,,False,,270.12441909860445,solver_state,0.24764891946923034,0.24764891946923034,0.00027875662617783106,1.0,,,,,,0.4185595313160636,5.421581139836307e-05,5.421581139836307e-05,2.4823084616645853e-05,2.939272678171722e-05,0.0,0.08902380666756549,0.13263608682222586,0.13263608682222586,0.13260669409549417,2.9392726731685703e-05,0.0,0.2586707852833719,0.6104288136174897,0.6141813286138623,0.7008732860818577,0.7017154463452286,,,0.26398342865600494,0.00027866676791694526,0.00027866676791694526,0.9993913671420898,0.0,0.9090423597991542,0.00809885593070546,0.9009435038684487,8.95852341906834e-06,0.008909217313585738,0.008909217313585738,,,,7.403984860970023e-06,1.0700312176839323e-11,1.0700312176839323e-11,7.403984860970023e-06,7.403984860970023e-06,1.0700312176839323e-11,1.0,9.699979286039871e-08,,,,,,,,0.293121540884259,0.04127499890522993,0.1696469786158063,1.0,0.00033008352867445334,0.00027875662605375394,0.9993911598452718,1.1143111579302704e-05,242.22661279798922,309.43002170876355,0.0065301089945681064,,,9.911231162763531,48.22310857500472,0.20552866572979034,0.0065301089945681064,0.4185595313160636
693168,highT_reference,single_step,6997.041729634501,1.9436227026762503,1400.0,0.9129219775210361,361.3698977063396,352.87022293571016,380.05884705729954,3.3079188491863677e-12,0.0374442499657862,,False,,900.0,solver_state,0.41659242147345454,0.41659242147345454,0.00015675439139908724,1.0,,,,,,0.2566494200432576,3.037809892422103e-05,3.037809892422103e-05,1.3646398367603907e-05,1.6731700556617125e-05,0.0,0.08704764438003963,0.13262340662969052,0.13262340662969052,0.13260667492918393,1.6731700506584867e-05,0.0,0.25869462010543043,0.6058218617867965,0.6095654559565659,0.6956294788751637,0.6964857647731417,,,0.26402570812757364,0.0001567146104047158,0.0001567146104047158,0.9996511393109373,0.0,0.9090423597991542,0.0,0.9090423597991542,9.039054318299375e-06,0.0,0.0,,,,0.0,3.3079188491863677e-12,3.3079188491863677e-12,0.0,0.0,3.3079188491863677e-12,1.0,4.350445565632905e-08,,,,,,,,0.29314620873222325,0.04127500179564554,0.1716469757253907,1.0,0.00019221720468744192,0.00015675439143733128,0.9996510284038752,1.139485492982507e-05,242.26540770735602,309.43002170876355,0.006530699687339711,,,9.911753310582391,48.22310857500472,0.2055394934809306,0.006530699687339711,0.2566494200432576
693168,highT_reference,single_step,7897.041729634501,2.1936227026762505,1400.0,0.9129219804981631,393.617148232514,386.4635481554407,411.27916035626106,7.429509428786646e-06,0.034141436667146786,,False,,269.1967779528925,solver_state,0.3609787326534602,0.3609787326534602,8.581857320602094e-05,1.0,,,,,,0.30090436812308663,1.6962826434494303e-05,1.6962826434494303e-05,7.471015682592166e-06,9.491810751902138e-06,0.0,0.08706105667540238,0.1326161637627588,0.1326161637627588,0.13260667195205694,9.491810701869881e-06,0.0,0.25870803240079315,0.6058186788992147,0.6095621963000937,0.6956532200523843,0.6965090267239776,,,0.2640490929801202,8.579680297430935e-05,8.579680297430935e-05,0.9998051996757443,0.0,0.9090423597991542,0.00809885593070546,0.9009435038684487,8.95852341906834e-06,0.008909217313585738,0.008909217313585738,,,,7.4295084373203e-06,9.914663458645355e-13,9.914663458645355e-13,7.4295084373203e-06,7.4295084373203e-06,9.914663458645355e-13,1.0,2.57867793408303e-08,,,,,,,,0.29315985513059084,0.0412750047727725,0.1716469757253907,1.0,0.00010904236662308301,8.581857327575282e-05,0.9998051390601012,1.1325693603290282e-05,242.28686524221737,309.43002170876355,0.006531056075446974,,,9.912068322682687,48.22310857500472,0.20554602586985377,0.006531056075446974,0.30090436812308663
693168,highT_reference,single_step,8166.2385075873935,2.2683995854409424,1400.0,0.9149219804981631,402.7022902745292,395.69813082545966,420.1128135778818,3.3517473526540135e-13,0.03393206062573036,,False,,900.0,solver_state,0.5322542754398235,0.5322542754398235,5.042605078535214e-05,1.0,,,,,,0.18090403148540124,9.609488244385438e-06,9.609488244385438e-06,4.2908236848255975e-06,5.318664559559842e-06,0.0,0.0850684100135925,0.13261195023458086,0.13261195023458086,0.13260663157007135,5.3186645095199185e-06,0.0,0.2587153854720837,0.6011450166196703,0.6048797736434796,0.6903007149661142,0.6911720638623327,,,0.2640612749965093,5.0433986474414304e-05,5.0433986474414304e-05,0.9998870508704757,0.0,0.9090423597991542,0.0,0.9090423597991542,9.039054318299375e-06,0.0,0.0,,,,0.0,3.3517473526540135e-13,3.3517473526540135e-13,0.0,0.0,3.3517473526540135e-13,1.0,1.1062802574247447e-08,,,,,,,,0.29316679684850316,0.04127500503967205,0.17364697545849114,1.0,6.254077369104556e-05,5.042605083067861e-05,0.9998870331754782,1.151713833012472e-05,242.29804324904023,309.43002170876355,0.006531255333265277,,,9.912244440422107,48.22310857500472,0.20554967801391133,0.006531255333265277,0.18090403148540124
693168,highT_reference,single_step,9066.238507587394,2.5183995854409424,1400.0,0.9149219807998203,432.1566864079241,425.7147878284096,448.8076908359717,7.45515958110785e-06,0.03136079599988849,,False,,268.27058203666195,solver_state,0.4445683216540455,0.4445683216540455,2.7614287840490165e-05,1.0,,,,,,0.23630514086311483,5.363105517718016e-06,5.363105517718016e-06,2.3497385880525905e-06,3.0133669296654253e-06,0.0,0.0850726560946619,0.13260964463529373,0.13260964463529373,0.1326066312684141,3.0133668796255017e-06,0.0,0.25871963155315314,0.6011440294226555,0.6048786882551415,0.6903084197401343,0.6911798011039941,,,0.2640687976293121,2.7618632992899178e-05,2.7618632992899178e-05,0.9999369625013824,0.0,0.9090423597991542,0.00809885593070546,0.9009435038684487,8.95852341906834e-06,0.008909217313585738,0.008909217313585738,,,,7.45515948059332e-06,1.0051453020766757e-13,1.0051453020766757e-13,7.45515948059332e-06,7.45515948059332e-06,1.0051453020766757e-13,1.0,7.151110654930532e-09,,,,,,,,0.29317108767218797,0.04127500534132931,0.17364697545849114,1.0,3.5431026177517856e-05,2.7614287923463876e-05,0.9999369546858989,1.1428239937161376e-05,242.30494588634764,309.43002170876355,0.006531371500128388,,,9.91234711448438,48.22310857500472,0.20555180716039953,0.006531371500128388,0.23630514086311483
693168,highT_reference,single_step,9334.509089624056,2.592919191562238,1400.0,0.9169219807998203,440.48910019979917,434.13113981447725,456.9498238898398,4.0385727717839176e-14,0.031177073403465302,,False,,900.0,solver_state,0.604102453810587,0.604102453810587,1.7678169982617353e-05,1.0,,,,,,0.1418407056953627,3.1343899630438917e-06,3.1343899630438917e-06,1.4694171649714613e-06,1.6649727980724302e-06,0.0,0.08307488481021658,0.13260828364643384,0.13260828364643384,0.1326066186736858,1.664972748028573e-06,0.0,0.2587218602417427,0.5963977952347116,0.6001238293413451,0.6848625281124913,0.6857507401320848,,,0.26407224402605445,1.7687195471413987e-05,1.7687195471413987e-05,0.999962271729716,0.0,0.9090423597991542,0.0,0.9090423597991542,9.039054318299375e-06,0.0,0.0,,,,0.0,4.0385727717839176e-14,4.0385727717839176e-14,0.0,0.0,4.0385727717839176e-14,1.0,3.2119747740210957e-09,,,,,,,,0.29317300610480557,0.0412750053682944,0.17564697543152605,1.0,2.004821873315376e-05,1.7678170009103498e-05,0.9999622736112577,1.1581054738337362e-05,242.3081082401867,309.43002170876355,0.006531437417174305,,,9.912405374537471,48.22310857500472,0.20555301529597628,0.006531437417174305,0.1418407056953627
693168,highT_reference,single_step,10234.509089624056,2.842919191562238,1400.0,0.9169219808361675,467.703554643333,461.948039004751,483.5827362941212,7.481340524125291e-06,0.029131903357097096,,False,,267.3317694269554,solver_state,0.5070259929282793,0.5070259929282793,9.681715824375941e-06,1.0,,,,,,0.19569834886808213,1.758475998933564e-06,1.758475998933564e-06,8.047484047915736e-07,9.537275941419905e-07,0.0,0.08307626068783354,0.13260757236488277,0.13260757236488277,0.13260661863733866,9.53727544098133e-07,0.0,0.25872323611935966,0.5963974615182539,0.6001234401221239,0.6848650865371825,0.6857533975327442,,,0.26407488128158013,9.686658551699269e-06,9.686658551699269e-06,0.999978833438536,0.0,0.9090423597991542,0.00809885593070546,0.9009435038684487,8.95852341906834e-06,0.008909217313585738,0.008909217313585738,,,,7.481340512012124e-06,1.2113167697036694e-14,1.2113167697036694e-14,7.481340512012124e-06,7.481340512012124e-06,1.2113167697036694e-14,0.9999853382513919,2.1826198763275906e-09,,,,,,,,0.2931744755219705,0.04127500540464155,0.17564697543152605,0.9999871568453519,1.1482730184176086e-05,9.681715873036673e-06,0.9999788355539427,1.1493343373998638e-05,242.31052814008845,309.4260476511419,0.006531330082907698,,,9.912310508055878,48.22310857500472,0.20555104805486726,0.006531330082907698,0.19569834886808213
693168,highT_reference,single_step,10501.840859051012,2.9171780164030587,1400.0,0.9189219808361675,475.427395636601,469.6989896142271,491.15882252465343,5.540387366266348e-15,0.028972952755935383,,False,,900.0,solver_state,0.652433416511428,0.652433416511428,6.612316580457068e-06,1.0,,,,,,0.11814325572767388,1.0615490490966393e-06,1.0615490490966393e-06,5.365421822814659e-07,5.250068668151735e-07,0.0,0.08107695761478337,0.1326071393535483,0.1326071393535483,0.13260661434673152,5.250068167690904e-07,0.0,0.2587239330430713,0.5915747950271003,0.5952924157249592,0.6793284113328042,0.6802344253906032,,,0.2640759549498996,6.6176034863072766e-06,6.6176034863072766e-06,0.999986907067291,0.0,0.9090423597991542,0.0,0.9090423597991542,9.039054318299375e-06,0.0,0.0,,,,0.0,5.540387366266348e-15,5.540387366266348e-15,0.0,0.0,5.540387366266348e-15,0.999982929247456,1.034738603348121e-09,,,,,,,,0.29317505900560403,0.04127500540787979,0.1776469754282878,0.9999852787538135,6.476843855216055e-06,6.612316593797695e-06,0.9999869108395509,1.1619886005937388e-05,242.31151331950485,309.4254665132364,0.006531330470184877,,,9.912310850347405,48.22310857500472,0.2055510551529482,0.006531330470184877,0.11814325572767388
693168,highT_reference,single_step,11401.840859051012,3.1671780164030587,1400.0,0.9189219808411538,500.8221975211252,495.17460266809985,516.0974292113705,7.508202709402977e-06,0.027306314882013724,,False,,266.3753334063928,solver_state,0.5556641449821231,0.5556641449821231,3.621436747167824e-06,1.0,,,,,,0.16746765261078167,6.006270563639596e-07,6.006270563639596e-07,2.9385367909347454e-07,3.06773377270485e-07,0.0,0.08107741853178976,0.13260692111507238,0.13260692111507238,0.13260661434174517,3.067733272244018e-07,0.0,0.2587243939600776,0.5915746746946301,0.5952922685933492,0.6793292893225441,0.6802353744424406,,,0.26407694138505994,3.6243322437091537e-06,3.6243322437091537e-06,0.9999925919865508,0.0,0.9090423597991542,0.00809885593070546,0.9009435038684487,8.95852341906834e-06,0.008909217313585738,0.008909217313585738,,,,7.508202707741117e-06,1.6618602306664566e-15,1.6618602306664566e-15,7.508202707741117e-06,7.508202707741117e-06,1.6618602306664566e-15,0.9999572021974921,7.191142842086971e-10,,,,,,,,0.2931755955477863,0.04127500541286614,0.1776469754282878,0.999961422860939,3.7840023017204607e-06,3.621436771765011e-06,0.9999925945609265,1.153875886058224e-05,242.3124184552888,309.4180847837864,0.006531074466548628,,,9.912084578176216,48.22310857500472,0.2055463629591458,0.006531074466548628,0.16746765261078167
693168,highT_reference,single_step,11545.41971547908,3.207061032077522,1400.0,0.92,504.71465184452336,499.0779326730445,519.9266999947985,3.461209525236101e-06,0.027232227288048687,,False,,607.9050984591145,density_crossing,0.627056628968148,0.627056628968148,3.0697591168443163e-06,1.0,,,,,,0.13205449520639956,4.789276542668615e-07,4.789276542668615e-07,2.4631207566075065e-07,2.3261557860611076e-07,0.0,0.07999952107234566,0.13260684611652337,0.13260684611652337,0.13260661350099484,2.3261552855929652e-07,0.0,0.25872451565924115,0.5889321792965363,0.5926454361641216,0.6762950471731808,0.6772111156968182,,,0.2640771361162598,3.0725416917944474e-06,3.0725416917944474e-06,0.9999940299768151,0.0,0.9090423597991542,0.003733495001687636,0.9053088647974665,9.001930345193424e-06,0.004107063836400894,0.004107063836400894,,,,3.4612095240182013e-06,1.2178990327337132e-15,1.2178990327337132e-15,3.4612095240182013e-06,3.4612095240182013e-06,1.2178990327337132e-15,0.9999533484365848,5.250496141803835e-10,,,,,,,,0.29317569879739286,0.04127500541310475,0.1787249945868954,0.9999578664073747,2.8976943370127634e-06,3.0697591316226568e-06,0.9999940325465313,1.1596866202386948e-05,242.3125971372582,309.41698431028277,0.0065310383795945245,,,9.912052681553332,48.22310857500472,0.20554570152059845,0.0065310383795945245,0.13205449520639956
693168,highT_reference,single_step,11668.216192457405,3.2411711645715013,1400.0,0.9209219808411538,508.04369129784857,502.41627360300674,523.2017014351155,8.381991773547252e-16,0.02716886353273653,,False,,900.0,solver_state,0.6881153790815913,0.6881153790815913,2.5979342875010273e-06,1.0,,,,,,0.10176722954541664,3.7484368118284916e-07,3.7484368118284916e-07,2.0565190078072623e-07,1.6919178040212296e-07,0.0,0.07907764431516495,0.1326067819736696,0.1326067819736696,0.13260661278193925,1.691917303546835e-07,0.0,0.2587246197430102,0.586672172960019,0.5903817205617902,0.673699997626818,0.6746246045023975,,,0.2640773026610137,2.6006202857411965e-06,2.6006202857411965e-06,0.999995259824599,0.0,0.9090423597991542,0.0,0.9090423597991542,9.039054318299375e-06,0.0,0.0,,,,0.0,8.381991773547252e-16,8.381991773547252e-16,0.0,0.0,8.381991773547252e-16,0.9999500524898535,3.590749130420092e-10,,,,,,,,0.2931757871020935,0.04127500541330882,0.17964697542784513,0.9999548247341151,2.1396753759238717e-06,2.597934293881754e-06,0.9999952623903301,1.1646562773579298e-05,242.3127499558339,309.41604312526005,0.006531007516061138,,,9.912025401819985,48.22310857500472,0.20554513582224027,0.006531007516061138,0.10176722954541664
693168,highT_reference,single_step,12568.216192457405,3.4911711645715013,1400.0,0.9209219808419082,531.9323097230806,526.3650812846975,546.7251728194593,7.535819680983248e-06,0.02577991519125654,,False,,265.3991317025578,solver_state,0.5947706847973402,0.5947706847973402,1.4228525105861153e-06,1.0,,,,,,0.14653629332488344,2.1419685868399206e-07,2.1419685868399206e-07,1.126326882553658e-07,1.0156417042862627e-07,0.0,0.07907780496123307,0.13260671434530524,0.13260671434530524,0.13260661278118485,1.0156412038118683e-07,0.0,0.25872478038907826,0.5866721273971717,0.5903816627199355,0.6737003110569526,0.6746249580425627,,,0.2640776902246906,1.424323591492498e-06,1.424323591492498e-06,0.9999972913224059,0.0,0.9090423597991542,0.00809885593070546,0.9009435038684487,8.95852341906834e-06,0.008909217313585738,0.008909217313585738,,,,7.535819680731821e-06,2.514262259133534e-16,2.514262259133534e-16,7.535819680731821e-06,7.535819680731821e-06,2.514262259133534e-16,0.9999203121208208,2.516550241095952e-10,,,,,,,,0.2931759927539943,0.041275005414063204,0.17964697542784513,0.9999269744920352,1.2841925125299083e-06,1.4228525223932949e-06,0.9999972929549651,1.1572440534175196e-05,242.31310557753775,309.4074254242486,0.00653069885724193,,,9.91175257681683,48.22310857500472,0.20553947826487376,0.00653069885724193,0.14653629332488344
693168,highT_reference,single_step,12833.615324159962,3.5648931455999895,1400.0,0.9229219808419082,538.7307179239234,533.1784697623606,553.4289852741049,1.3672256908990432e-16,0.025660524102153463,,False,,900.0,solver_state,0.7159662805907258,0.7159662805907258,1.0603257609641157e-06,1.0,,,,,,0.08957368412491344,1.3812076417214265e-07,1.3812076417214265e-07,8.182793538438986e-08,5.629282878775278e-08,0.0,0.07707788103732757,0.1326066684785698,0.1326066684785698,0.13260661218579106,5.629277873943812e-08,0.0,0.25872485646510607,0.581686331530752,0.5853881666702839,0.6679750658619688,0.6689190929166234,,,0.26407781942285513,1.0616247832803765e-06,1.0616247832803765e-06,0.9999982080395204,0.0,0.9090423597991542,0.0,0.9090423597991542,9.039054318299375e-06,0.0,0.0,,,,0.0,1.3672256908990432e-16,1.3672256908990432e-16,0.0,0.0,1.3672256908990432e-16,0.9999116421675314,1.3169684467989744e-10,,,,,,,,0.2931760595430192,0.041275005414129935,0.1816469754277784,0.9999188614174312,7.302162838061222e-07,1.0603257639567368e-06,0.9999982094579523,1.1666316658598092e-05,242.3132241275312,309.4049149953978,0.006530610249699367,,,9.911674254086932,48.22310857500472,0.2055378540906508,0.006530610249699367,0.08957368412491344
693168,highT_reference,single_step,13733.615324159962,3.8148931455999895,1400.0,0.9229219808420313,561.3491868277582,555.841498294295,575.7504651803063,7.564244426113409e-06,0.02448090090358853,,False,,264.4018209003886,solver_state,0.6269660936223407,0.6269660936223407,5.80727978048625e-07,1.0,,,,,,0.1303267159172603,7.971421443988609e-08,7.971421443988609e-08,4.481620021749247e-08,3.489801422239362e-08,0.0,0.07707793944375425,0.13260664708363218,0.13260664708363218,0.132606612185668,3.489796417407895e-08,0.0,0.2587249148715327,0.5816863136160026,0.5853881432336862,0.6679751825925436,0.6689192302242846,,,0.26407797760381946,5.814394389876995e-07,5.814394389876995e-07,0.999998965798352,0.0,0.9090423597991542,0.00809885593070546,0.9009435038684487,8.95852341906834e-06,0.008909217313585738,0.008909217313585738,,,,7.564244426072397e-06,4.10116299294902e-17,4.10116299294902e-17,7.564244426072397e-06,7.564244426072397e-06,4.10116299294902e-17,0.9998803654321556,9.239405869010818e-11,,,,,,,,0.29317614137095455,0.04127500541425298,0.1816469754277784,0.9998894819795793,4.525953210984479e-07,5.807279836067254e-07,0.9999989666766953,1.1598512133887312e-05,242.31336927163886,309.39582411530546,0.006530281983825789,,,9.911384082370901,48.22310857500472,0.20553183681543555,0.006530281983825789,0.1303267159172603
693168,highT_reference,single_step,13998.01714506035,3.8883380958500973,1400.0,0.9249219808420313,567.7850079158543,562.2883180715444,582.1089167181397,2.366063990585883e-17,0.02437646016420769,,False,,900.0,solver_state,0.7384726865392006,0.7384726865392006,4.4599455521112984e-07,1.0,,,,,,0.08006622716919352,5.299535115990505e-08,5.299535115990505e-08,3.353070117683375e-08,1.9464649983071302e-08,0.0,0.07507796616261753,0.13260663141432666,0.13260663141432666,0.13260661194972673,1.946459993416545e-08,0.0,0.25872494159038517,0.5766135712978921,0.5803080840884549,0.6621499911256837,0.6631143411457473,,,0.2640780261075155,4.4661142572612533e-07,4.4661142572612533e-07,0.9999992941296033,0.0,0.9090423597991542,0.0,0.9090423597991542,9.039054318299375e-06,0.0,0.0,,,,0.0,2.366063990585883e-17,2.366063990585883e-17,0.0,0.0,2.366063990585883e-17,0.999871190777596,5.0408224646559786e-11,,,,,,,,0.2931761658001119,0.04127500541426383,0.18364697542776756,0.9998808646257789,2.591528926329752e-07,4.4599455660589876e-07,0.9999992948525507,1.1681629891317686e-05,242.31341377778847,309.393157647332,0.006530186181967844,,,9.91129939557395,48.22310857500472,0.20553008066989759,0.006530186181967844,0.08006622716919352
693168,highT_reference,single_step,14898.01714506035,4.138338095850098,1400.0,0.9249219808420526,589.3147833619423,583.8505559925943,603.3940745883588,7.59352625836312e-06,0.023358781662808574,,False,,263.38224586993465,solver_state,0.6539566717649372,0.6539566717649372,2.4426637160338023e-07,1.0,,,,,,0.11737433455662785,3.086333445717821e-08,3.086333445717821e-08,1.8364400785463638e-08,1.2498933671714574e-08,0.0,0.07507798829461293,0.13260662444858903,0.13260662444858903,0.1326066119497054,1.249888362280872e-08,0.0,0.2587249637223805,0.5766135640420819,0.5803080743625106,0.6621500364545052,0.6631143965625423,,,0.26407809264164245,2.4460422626267004e-07,2.4460422626267004e-07,0.9999995889165058,0.0,0.9090423597991542,0.00809885593070546,0.9009435038684487,8.95852341906834e-06,0.008909217313585738,0.008909217313585738,,,,7.593526258356023e-06,7.097325221710567e-18,7.097325221710567e-18,7.593526258356023e-06,7.593526258356023e-06,7.097325221710567e-18,0.9998393010192073,3.525911601917953e-11,,,,,,,,0.29317619933081307,0.041275005414285124,0.18364697542776756,0.9998508749370996,1.66375331168694e-07,2.4426637420362125e-07,0.9999995893582947,1.161931508065423e-05,242.31347482834872,309.38387793731283,0.006529850300305706,,,9.911002474703617,48.22310857500472,0.2055239234378338,0.006529850300305706,0.11737433455662785
693168,highT_reference,single_step,15161.399390930284,4.211499830813968,1400.0,0.9269219808420526,595.4352309070505,589.9788947644448,609.4505706625439,4.2937099162663125e-18,0.023266722114119766,,False,,900.0,solver_state,0.7570978943510807,0.7570978943510807,1.9221084492037768e-07,1.0,,,,,,0.07241740711414599,2.108338184556443e-08,2.108338184556443e-08,1.4067678190854811e-08,7.0157036547096186e-09,0.0,0.07307799807456555,0.132606618869072,0.132606618869072,0.13260661185341838,7.0156536053893424e-09,0.0,0.2587249735023313,0.5714499755731625,0.5751375945403391,0.6562204867632213,0.6572061446089134,,,0.26407811158091093,1.9250218263920908e-07,1.9250218263920908e-07,0.9999997114948915,0.0,0.9090423597991542,0.0,0.9090423597991542,9.039054318299375e-06,0.0,0.0,,,,0.0,4.2937099162663125e-18,4.2937099162663125e-18,0.0,0.0,4.2937099162663125e-18,0.9998299652081909,1.9957513809806456e-11,,,,,,,,0.29317620861743826,0.04127500541428699,0.1856469754277657,0.9998420951703123,9.593932655237013e-08,1.9221084557032784e-07,0.9999997118498278,1.1693868953188323e-05,242.31349220669273,309.3811612138853,0.0065297521559960665,,,9.910915712158644,48.22310857500472,0.20552212424762112,0.0065297521559960665,0.07241740711414599
693168,highT_reference,single_step,16061.399390930284,4.461499830813968,1400.0,0.9269219808420565,616.0188807096199,610.5854736711008,629.8307402432102,7.623716165406313e-06,0.022377208311476295,,False,,262.33925248624575,solver_state,0.6769143266784974,0.6769143266784974,1.0527186024991493e-07,1.0,,,,,,0.10677564034922049,1.2373291575665021e-08,1.2373291575665021e-08,7.70471959553058e-09,4.6685719801344415e-09,0.0,0.07307800678465196,0.13260661652193645,0.13260661652193645,0.13260661185341452,4.668521930814164e-09,0.0,0.2587249822124177,0.5714499725638263,0.5751375904253344,0.6562205050562985,0.6572061677385905,,,0.2640781402552089,1.0543142362518569e-07,1.0543142362518569e-07,0.9999998306838128,0.0,0.9090423597991542,0.00809885593070546,0.9009435038684487,8.95852341906834e-06,0.008909217313585738,0.008909217313585738,,,,7.6237161654050245e-06,1.2879574164354418e-18,1.2879574164354418e-18,7.6237161654050245e-06,7.6237161654050245e-06,1.2879574164354418e-18,0.9997978229993228,1.388718362285159e-11,,,,,,,,0.29317622268511645,0.041275005414290855,0.1856469754277657,0.9998118540858201,6.382892583604218e-08,1.0527186146629717e-07,0.9999998308992127,1.163629592202126e-05,242.31351851773087,309.37180371445436,0.00652941321542408,,,9.9106160695754,48.22310857500472,0.2055159105755436,0.00652941321542408,0.10677564034922049
693168,highT_reference,single_step,16323.738643416531,4.534371845393481,1400.0,0.9289219808420565,621.8615500187432,616.4335708559372,635.6201130046721,8.100390762726752e-19,0.022295467398644186,,False,,900.0,solver_state,0.7727867642697157,0.7727867642697157,8.45109458840762e-08,1.0,,,,,,0.06612050565680629,8.651535940733923e-09,8.651535940733923e-09,6.016654395099537e-09,2.634881545634387e-09,0.0,0.07107801050640758,0.13260661444801633,0.13260661444801633,0.13260661181318484,2.634831496014549e-09,0.0,0.258724985934173,0.5661913557256987,0.5698725553163814,0.6501818171788296,0.6511898529293456,,,0.26407814789285927,8.464859412767033e-08,8.464859412767033e-08,0.9999998782811332,0.0,0.9090423597991542,0.0,0.9090423597991542,9.039054318299375e-06,0.0,0.0,,,,0.0,8.100390762726752e-19,8.100390762726752e-19,0.0,0.0,8.100390762726752e-19,0.9997884492941609,8.120431872665901e-12,,,,,,,,0.29317622632826984,0.041275005414291195,0.18764697542776537,0.9998030345363367,3.703667321311282e-08,8.451094618778911e-08,0.9999998784523807,1.1703868835881368e-05,242.31352552590621,309.3690746810663,0.006529314443915474,,,9.910528747409804,48.22310857500472,0.20551409978050827,0.006529314443915474,0.06612050565680629
693168,highT_reference,single_step,17223.73864341653,4.784371845393481,1400.0,0.9289219808420572,641.6133219653877,636.2006426160614,655.2013244905055,7.654868779738e-06,0.02150937445292177,,False,,261.271624314957,solver_state,0.6966777664207806,0.6966777664207806,4.6285770051646095e-08,1.0,,,,,,0.09793821141803799,5.109132571354078e-09,5.109132571354078e-09,3.295259344370984e-09,1.813873226983094e-09,0.0,0.07107801404881023,0.1326066136270073,0.1326066136270073,0.13260661181318412,1.8138231773632567e-09,0.0,0.25872498947657563,0.5661913544532292,0.5698725535473869,0.6501818248139989,0.6511898628598641,,,0.2640781605003271,4.6361158954761706e-08,4.6361158954761706e-08,0.9999999281193731,0.0,0.9090423597991542,0.00809885593070546,0.9009435038684487,8.95852341906834e-06,0.008909217313585738,0.008909217313585738,,,,7.654868779737758e-06,2.429825152516129e-19,2.429825152516129e-19,7.654868779737758e-06,7.654868779737758e-06,2.429825152516129e-19,0.9997562007280146,5.61443671370314e-12,,,,,,,,0.29317623234492424,0.041275005414291924,0.18764697542776537,0.9997726874534307,2.5491310898391913e-08,4.628577062230525e-08,0.9999999282229185,1.1650405903074087e-05,242.31353709429987,309.3596843825439,0.006528974246881202,,,9.910227976238502,48.22310857500472,0.2055078627049611,0.006528974246881202,0.09793821141803799
693168,highT_reference,single_step,17485.010267731486,4.85694729659208,1400.0,0.9309219808420572,647.2086804989185,641.7994504527867,660.7519865706474,1.5784043304740574e-19,0.021436306027400643,,False,,900.0,solver_state,0.7861891212007658,0.7861891212007658,3.77852220215613e-08,1.0,,,,,,0.06084262020432657,3.642604744057511e-09,3.642604744057511e-09,2.614635203392885e-09,1.0279695406646261e-09,0.0,0.06907801551533804,0.1326066128239702,0.1326066128239702,0.1326066117960507,1.0279194908226041e-09,0.0,0.2587249909431034,0.5608332119453368,0.5645085195635654,0.6440288423767391,0.6450604166574022,,,0.264078163664149,3.785046582494899e-08,3.785046582494899e-08,0.9999999472682514,0.0,0.9090423597991542,0.0,0.9090423597991542,9.039054318299375e-06,0.0,0.0,,,,0.0,1.5784043304740574e-19,1.5784043304740574e-19,0.0,0.0,1.5784043304740574e-19,0.9997468357802983,3.3791810384379262e-12,,,,,,,,0.29317623381181723,0.041275005414291986,0.18964697542776532,0.9997638745032457,1.4864489002537455e-08,3.7785222164077854e-08,0.9999999473502889,1.1712178000511558e-05,242.3135399973679,309.3569573911768,0.006528875485979004,,,9.910140658273397,48.22310857500472,0.2055060519970311,0.006528875485979004,0.06084262020432657
693168,highT_reference,single_step,18385.010267731486,5.10694729659208,1400.0,0.9309219808420574,666.2217233995332,660.8216068867836,679.6212332228697,7.687043377148483e-06,0.02073506647563217,,False,,260.1780557067576,solver_state,0.7138663083710215,0.7138663083710215,2.0694577391599477e-08,1.0,,,,,,0.09045525692056865,2.1617263983710004e-09,2.1617263983710004e-09,1.4320088161580385e-09,7.297175822129621e-10,0.0,0.06907801699621625,0.13260661252571807,0.13260661252571807,0.13260661179605054,7.296675323709399e-10,0.0,0.2587249924239816,0.5608332113986269,0.5645085187929031,0.6440288456552098,0.6450604210214345,,,0.26407816930100425,2.073031093847434e-08,2.073031093847434e-08,0.9999999687060165,0.0,0.9090423597991542,0.00809885593070546,0.9009435038684487,8.95852341906834e-06,0.008909217313585738,0.008909217313585738,,,,7.687043377148435e-06,4.73464505073192e-20,4.73464505073192e-20,7.687043377148435e-06,7.687043377148435e-06,4.73464505073192e-20,0.9997145418342057,2.3200778641440715e-12,,,,,,,,0.29317623642645246,0.041275005414292125,0.18964697542776532,0.9997334821089247,1.0549892506012861e-08,2.0694577660474234e-08,0.9999999687555298,1.166230051984378e-05,242.31354516964848,309.34755307194223,0.006528534770161292,,,9.909839410571141,48.22310857500472,0.20549980503968726,0.006528534770161292,0.09045525692056865
693168,highT_reference,single_step,18645.188323438244,5.1792189787328455,1400.0,0.9329219808420574,671.5948401115775,666.1965659905661,684.9566927109541,3.160836912861868e-20,0.020669352252880815,,False,,900.0,solver_state,0.797771793416904,0.797771793416904,1.7136490653667746e-08,1.0,,,,,,0.0563538521127792,1.5662301471407083e-09,1.5662301471407083e-09,1.151565738893741e-09,4.146644082469672e-10,0.0,0.0670780175917125,0.13260661220325137,0.13260661220325137,0.132606611788637,4.1461435823649505e-10,0.0,0.2587249930194778,0.5553706960314609,0.5590406993700959,0.6377560054124878,0.6388123773584665,,,0.26407817064157746,1.716755732130747e-08,1.716755732130747e-08,0.9999999766506202,0.0,0.9090423597991542,0.0,0.9090423597991542,9.039054318299375e-06,0.0,0.0,,,,0.0,3.160836912861868e-20,3.160836912861868e-20,0.0,0.0,3.160836912861868e-20,0.9997052043404355,1.4328090681390032e-12,,,,,,,,0.29317623703008583,0.04127500541429214,0.19164697542776532,0.9997246943155286,6.173644952821919e-09,1.7136490720866863e-08,0.9999999766898643,1.1719175584082695e-05,242.31354639973515,309.344833864841,0.006528436270379346,,,9.909752318303568,48.22310857500472,0.2054979990120348,0.006528436270379346,0.0563538521127792
693168,highT_reference,single_step,19545.188323438244,5.4292189787328455,1400.0,0.9329219808420574,689.9462483349251,684.5520145204434,703.1863625506688,7.720304630867526e-06,0.020038736024188528,,False,,259.0571351295579,solver_state,0.7289485418473196,0.7289485418473196,9.385480144784938e-09,1.0,,,,,,0.08403722703211718,9.330483163151302e-10,9.330483163151302e-10,6.307007484443107e-10,3.0234756787081935e-10,0.0,0.06707801822489431,0.1326066120909345,0.1326066120909345,0.13260661178863697,3.022975178603472e-10,0.0,0.25872499365265966,0.5553706957934094,0.559040699030552,0.6377560068535757,0.6388123793131453,,,0.2640781731980245,9.402495129727309e-09,9.402495129727309e-09,0.9999999860901033,0.0,0.9090423597991542,0.00809885593070546,0.9009435038684487,8.95852341906834e-06,0.008909217313585738,0.008909217313585738,,,,7.720304630867516e-06,9.481374457882084e-21,9.481374457882084e-21,7.720304630867516e-06,7.720304630867516e-06,9.481374457882084e-21,0.999672891091969,9.76668307162796e-13,,,,,,,,0.29317623818165156,0.04127500541429217,0.19164697542776532,0.999694282563287,4.500749483965196e-09,9.385480272097104e-09,0.9999999861137703,1.1672448057847564e-05,242.31354874548654,309.33542355568466,0.0065280953464534695,,,9.90945086871266,48.22310857500472,0.2054917478681369,0.0065280953464534695,0.08403722703211718
693168,highT_reference,single_step,19804.245458567802,5.5011792940466115,1400.0,0.9349219808420574,695.1180224185605,689.7243136689275,708.3263109409726,6.479938848549113e-21,0.019979312637140274,,False,,900.0,solver_state,0.8078809118385631,0.8078809118385631,7.86812470174992e-09,1.0,,,,,,0.05248944161948426,6.850594903046396e-10,6.850594903046396e-10,5.130096838734991e-10,1.7204980643114038e-10,0.0,0.06507801847288314,0.132606611957386,0.132606611957386,0.13260661178538624,1.7199975629052161e-10,0.0,0.2587249939006485,0.5497985715038431,0.5534639266643697,0.6313572971588973,0.6324398347093809,,,0.2640781737771285,7.882994757852696e-09,7.882994757852696e-09,0.9999999894732583,0.0,0.9090423597991542,0.0,0.9090423597991542,9.039054318299375e-06,0.0,0.0,,,,0.0,6.479938848549113e-21,6.479938848549113e-21,0.0,0.0,6.479938848549113e-21,0.999663589148695,6.172347669735456e-13,,,,,,,,0.29317623843466445,0.04127500541429217,0.19364697542776532,0.9996855279319659,2.6398111332101387e-09,7.86812473359636e-09,0.9999999894920641,1.1725133726764534e-05,242.31354927686235,309.3327146099249,0.006527997213496985,,,9.909364095639324,48.22310857500472,0.20548994845959812,0.006527997213496985,0.05248944161948426
693168,highT_reference,single_step,20704.245458567802,5.7511792940466115,1400.0,0.9349219808420574,712.8724416197704,707.4785718541556,725.9773867823184,7.754723355183568e-06,0.019408211006939215,,False,,257.9073305900874,solver_state,0.7422860436061206,0.7422860436061206,4.3092912909843725e-09,1.0,,,,,,0.0784719921338472,4.0932333820807417e-10,4.0932333820807417e-10,2.809701509242646e-10,1.2835318728380958e-10,0.0,0.06507801874861928,0.1326066119136894,0.1326066119136894,0.13260661178538624,1.283031371431908e-10,0.0,0.2587249941763846,0.549798571399009,0.5534639265133205,0.6313572978046068,0.6324398355986874,,,0.26407817495090696,4.317435511402975e-09,4.317435511402975e-09,0.9999999937102674,0.0,0.9090423597991542,0.00809885593070546,0.9009435038684487,8.95852341906834e-06,0.008909217313585738,0.008909217313585738,,,,7.754723355183566e-06,1.9437488050856777e-21,1.9437488050856777e-21,7.754723355183566e-06,7.754723355183566e-06,1.9437488050856777e-21,0.9996312679776945,4.177121846264931e-13,,,,,,,,0.29317623894767414,0.041275005414292174,0.19364697542776532,0.9996551081475851,1.969102315277227e-09,4.309291351580152e-09,0.9999999937216064,1.1681192797212232e-05,242.31355035390106,309.3233018153835,0.006527656215461345,,,9.909062562635008,48.22310857500472,0.20548369558596083,0.006527656215461345,0.0784719921338472
693168,highT_reference,single_step,20962.152789157888,5.8228202192105245,1400.0,0.9369219808420574,717.8604946640689,712.4660615109054,730.9384960419392,1.3557977844825188e-21,0.019354213283484408,,False,,900.0,solver_state,0.8167793968537465,0.8167793968537465,3.651815127297872e-09,1.0,,,,,,0.04912785981657841,3.0386613954123796e-10,3.0386613954123796e-10,2.3080068858001336e-10,7.306545096122462e-11,0.0,0.06307801885407648,0.13260661185696002,0.13260661185696002,0.13260661178394462,7.301540071838677e-11,0.0,0.2587249942818418,0.544111168862267,0.5477726096164791,0.6248262087851733,0.6259364011506167,,,0.2640781752052777,3.658971725191715e-09,3.658971725191715e-09,0.9999999951826937,0.0,0.9090423597991542,0.0,0.9090423597991542,9.039054318299375e-06,0.0,0.0,,,,0.0,1.3557977844825188e-21,1.3557977844825188e-21,0.0,0.0,1.3557977844825188e-21,0.9996220055463736,2.695262203326209e-13,,,,,,,,0.2931762390554052,0.041275005414292174,0.19564697542776532,0.9996463905652624,1.1564478274318134e-09,3.6518151424673294e-09,0.9999999951917371,1.1730253519856703e-05,242.31355058730722,309.32060433369617,0.00652755849913575,,,9.908976152840001,48.22310857500472,0.20548190371070515,0.00652755849913575,0.04912785981657841
693168,highT_reference,single_step,21862.152789157888,6.0728202192105245,1400.0,0.9369219808420574,735.0727550947638,729.6746519520631,748.0629128104625,7.790377325612092e-06,0.018833813126077743,,False,,256.72697436935243,solver_state,0.7541624230299847,0.7541624230299847,2.000061754237907e-09,1.0,,,,,,0.07360040487961919,1.819832003522396e-10,1.819832003522396e-10,1.2640717526839983e-10,5.557602508383978e-11,0.0,0.06307801897595941,0.1326066118394706,0.1326066118394706,0.13260661178394462,5.5525974841001925e-11,0.0,0.25872499440372476,0.5441111688156496,0.5477726095487206,0.6248262090790934,0.6259364015605019,,,0.26407817575006093,2.0039813703072344e-09,2.0039813703072344e-09,0.9999999971149505,0.0,0.9090423597991542,0.00809885593070546,0.9009435038684487,8.95852341906834e-06,0.008909217313585738,0.008909217313585738,,,,7.790377325612092e-06,4.0669062522676984e-22,4.0669062522676984e-22,7.790377325612092e-06,7.790377325612092e-06,4.0669062522676984e-22,0.9995896815038736,1.8111501806399577e-13,,,,,,,,0.2931762392862059,0.041275005414292174,0.19564697542776532,0.9996159677758703,8.79534149319902e-10,2.0000617832302564e-09,0.999999997120404,1.1688793868875867e-05,242.31355108719083,309.31119060931417,0.006527217485939784,,,9.908674588557433,48.22310857500472,0.20547565018845249,0.006527217485939784,0.07360040487961919
693168,highT_reference,single_step,22118.879763527242,6.144133267646456,1400.0,0.9389219808420574,739.8920917254419,734.4925199414732,752.8594301925255,2.888109238701322e-22,0.01878453083998012,,False,,900.0,solver_state,0.8246708770197717,0.8246708770197717,1.7112368965252564e-09,1.0,,,,,,0.046177353026831465,1.363549761079516e-10,1.363549761079516e-10,1.0473050002645236e-10,3.162447608149925e-11,0.0,0.06107801902158764,0.13260661181487352,0.13260661181487352,0.13260661178329908,3.157442575721092e-11,0.0,0.25872499444935293,0.538302334508788,0.5419606830175202,0.618155674565673,0.6192951469466428,,,0.2640781758634329,1.714700336885977e-09,1.714700336885977e-09,0.9999999977675279,0.0,0.9090423597991542,0.0,0.9090423597991542,9.039054318299375e-06,0.0,0.0,,,,0.0,2.888109238701322e-22,2.888109238701322e-22,0.0,0.0,2.888109238701322e-22,0.9995804609097257,1.1908066793162562e-13,,,,,,,,0.293176239332703,0.041275005414292174,0.19764697542776533,0.9996072894978015,5.168669147075773e-10,1.711236903787298e-09,0.9999999977718961,1.1734687058703292e-05,242.31355119121903,309.30850528954295,0.006527120214031471,,,9.90858856666136,48.22310857500472,0.20547386635703604,0.006527120214031471,0.046177353026831465
693168,highT_reference,single_step,23018.879763527242,6.394133267646456,1400.0,0.9389219808420574,756.6091693018924,751.2029749838678,769.501843644874,7.827352220294036e-06,0.01830774016307956,,False,,255.51424590483927,solver_state,0.764803279006993,0.764803279006993,9.36210751432741e-10,1.0,,,,,,0.06930065235298141,8.174045884675583e-11,8.174045884675583e-11,5.7296479613974734e-11,2.4443979232781088e-11,0.0,0.06107801907620215,0.13260661180757735,0.13260661180757735,0.13260661178318342,2.4393928881829972e-11,0.0,0.25872499450396746,0.5383023344878839,0.5419606829870406,0.6181556747012273,0.619295147138689,,,0.264078176118441,9.380867356849091e-10,9.380867356849091e-10,0.9999999986617041,0.0,0.9090423597991542,0.00809885593070546,0.9009435038684487,8.95852341906834e-06,0.008909217313585738,0.008909217313585738,,,,7.827352220294036e-06,8.635649949744951e-23,8.635649949744951e-23,7.827352220294036e-06,7.827352220294036e-06,8.635649949744951e-23,0.9995481362683424,7.938740516996028e-14,,,,,,,,0.2931762394373178,0.041275005414292174,0.19764697542776533,0.9995768659653472,3.994740427345808e-10,9.362107650468995e-10,0.9999999986643152,1.169545020060293e-05,242.31355142520997,309.2990913352352,0.006526779212015359,,,9.908286994409181,48.22310857500472,0.20546761266951796,0.006526779212015359,0.06930065235298141
693168,highT_reference,single_step,23274.394009432082,6.465109447064467,1400.0,0.9409219808420574,761.2726750813974,755.8642551799494,774.1460430066579,6.231151958793222e-23,0.018262585186404355,,False,,900.0,solver_state,0.8317156331563487,0.8317156331563487,8.079458257869683e-10,1.0,,,,,,0.04356728958482102,6.17259902677777e-11,6.17259902677777e-11,4.783032290110963e-11,1.3895667366668074e-11,0.0,0.05907801909621662,0.1326066117967378,0.1326066117967378,0.13260661178289218,1.3845616949982782e-11,0.0,0.25872499452398195,0.5323653719189809,0.5360215512426539,0.6113380049005505,0.6125085357278075,,,0.2640781761695713,8.096128404921171e-10,8.096128404921171e-10,0.9999999989551783,0.0,0.9090423597991542,0.0,0.9090423597991542,9.039054318299375e-06,0.0,0.0,,,,0.0,6.231151958793222e-23,6.231151958793222e-23,0.0,0.0,6.231151958793222e-23,0.9995389591981126,5.3094845733453975e-14,,,,,,,,0.2931762394576024,0.041275005414292174,0.19964697542776533,0.9995682286078343,2.347757806934548e-10,8.079458291993967e-10,0.9999999989572785,1.1738551627060086e-05,242.31355147212622,309.2964186775124,0.0065266824036610835,,,9.908201377387833,48.22310857500472,0.20546583723396689,0.0065266824036610835,0.04356728958482102
693168,highT_reference,single_step,24174.394009432082,6.715109447064467,1400.0,0.9409219808420574,777.5351776783211,772.1176347131649,790.345179068603,7.865742717652954e-06,0.017823624673032203,,False,,254.2671521039499,solver_state,0.7743902827271879,0.7743902827271879,4.4161078215311696e-10,1.0,,,,,,0.06547788241125321,3.701559833153167e-11,3.701559833153167e-11,2.6142416471414362e-11,1.0873181860117311e-11,0.0,0.059078019120927014,0.13260661179354577,0.13260661179354577,0.13260661178272265,1.0823131406326228e-11,0.0,0.25872499454869236,0.5323653719095381,0.5360215512290922,0.6113380049637632,0.6125085358183975,,,0.26407817628946834,4.4250665211918676e-10,4.4250665211918676e-10,0.9999999993734455,0.0,0.9090423597991542,0.00809885593070546,0.9009435038684487,8.95852341906834e-06,0.008909217313585738,0.008909217313585738,,,,7.865742717652954e-06,1.8583238362728423e-23,1.8583238362728423e-23,7.865742717652954e-06,7.865742717652954e-06,1.8583238362728423e-23,0.999506634993209,3.5131388156841426e-14,,,,,,,,0.2931762395051768,0.041275005414292174,0.19964697542776533,0.9995378053629118,1.8370088996146024e-10,4.4161078851733106e-10,0.9999999993746883,1.1701317105531922e-05,242.31355158214168,309.28700481217567,0.006526341424753706,,,9.907899807734704,48.22310857500472,0.20545958360034516,0.006526341424753706,0.06547788241125321
693168,highT_reference,single_step,24428.66116153603,6.785739211537786,1400.0,0.9429219808420574,782.0540002798048,776.6335960935259,794.8477084313588,1.360252345466471e-23,0.017782105947775767,,False,,900.0,solver_state,0.8380415869266291,0.8380415869266291,3.841079569874435e-10,1.0,,,,,,0.04124238968836834,2.8143443972231835e-11,2.8143443972231835e-11,2.1969813648512565e-11,6.1736303237192716e-12,0.0,0.057078019129799165,0.132606611788714,0.132606611788714,0.13260661178259042,6.1235798162725e-12,0.0,0.25872499455756454,0.5262929734718951,0.5299480222635868,0.6043648082675668,0.6055683493839852,,,0.26407817631277264,3.8490848092886884e-10,3.8490848092886884e-10,0.9999999995069302,0.0,0.9090423597991542,0.0,0.9090423597991542,9.039054318299375e-06,0.0,0.0,,,,0.0,1.360252345466471e-23,1.360252345466471e-23,0.0,0.0,1.360252345466471e-23,0.9994975029078313,2.3865098708791097e-14,,,,,,,,0.29317623951410954,0.041275005414292174,0.20164697542776533,0.9995292103136694,1.079568966945065e-10,3.8410795858329866e-10,0.9999999995079351,1.174193916457379e-05,242.31355160352535,309.28434524590193,0.006526245095912397,,,9.907814609756521,48.22310857500472,0.20545781685446957,0.006526245095912397,0.04124238968836834
693168,highT_reference,single_step,25328.66116153603,7.035739211537786,1400.0,0.9429219808420574,797.8973120578087,792.4656550177042,810.6374081346776,7.90565378715757e-06,0.0173762128050811,,False,,252.983504444493,solver_state,0.7830713374437174,0.7830713374437174,2.0797646982383765e-10,1.0,,,,,,0.06205712304691107,1.6755263646304726e-11,1.6755263646304726e-11,1.1896256003744371e-11,4.859007642560353e-12,0.0,0.057078019141187354,0.13260661178704083,0.13260661178704083,0.13260661178223188,4.808956950767717e-12,0.0,0.25872499456895265,0.526292973467684,0.5299480222575558,0.6043648082979542,0.6055683494262628,,,0.2640781763688018,2.084209679881465e-10,2.084209679881465e-10,0.9999999997064498,0.0,0.9090423597991542,0.00809885593070546,0.9009435038684487,8.95852341906834e-06,0.008909217313585738,0.008909217313585738,,,,7.90565378715757e-06,4.003472858423074e-24,4.003472858423074e-24,7.90565378715757e-06,7.90565378715757e-06,4.003472858423074e-24,0.9994651796154969,1.5542652757021512e-14,,,,,,,,0.29317623953558813,0.041275005414292174,0.20164697542776533,0.999498787830268,8.496707853063145e-11,2.0797647315025453e-10,0.9999999997070564,1.1706517640836e-05,242.3135516549366,309.2749316162026,0.0065259041455660565,,,9.907513047545617,48.22310857500472,0.20545156337517684,0.0065259041455660565,0.06205712304691107
693168,highT_reference,single_step,25581.644665980522,7.106012407216812,1400.0,0.9449219808420574,802.281157150054,796.8461033961112,815.0075608837694,2.969430397698024e-24,0.017337917146517914,,False,,900.0,solver_state,0.8437520788290376,0.8437520788290376,1.8221254803518649e-10,1.0,,,,,,0.03915876201187166,1.2811837081720904e-11,1.2811837081720904e-11,1.0057902138891116e-11,2.753934942829788e-12,0.0,0.055078019145130774,0.1326066117848759,0.1326066117848759,0.132606611782172,2.7038842067935192e-12,0.0,0.25872499457289605,0.520077141028112,0.5237322308870659,0.5972269001169324,0.5984656004814574,,,0.2640781763794311,1.826119074843435e-10,1.826119074843435e-10,0.9999999997673875,0.0,0.9090423597991542,0.0,0.9090423597991542,9.039054318299375e-06,0.0,0.0,,,,0.0,2.969430397698024e-24,2.969430397698024e-24,0.0,0.0,2.969430397698024e-24,0.9994560939252026,1.0711219998729617e-14,,,,,,,,0.29317623953952016,0.041275005414292174,0.20364697542776533,0.9994902364223185,4.990451216845949e-11,1.822125488681115e-10,0.999999999767883,1.1744922778712263e-05,242.3135516646899,309.2722855538552,0.006525808311320685,,,9.907428282006926,48.22310857500472,0.20544980559677567,0.006525808311320685,0.03915876201187166
693168,highT_reference,single_step,26481.644665980522,7.356012407216812,1400.0,0.9449219808420574,817.7363321383507,812.417835882743,830.4176005809289,7.947202217006315e-06,0.016961126582202394,,False,,251.66089214644313,solver_state,0.7909680412334401,0.7909680412334401,9.994514108357056e-11,1.0,,,,,,0.05897832986910144,7.68993615766396e-12,7.68993615766396e-12,5.5175667710937325e-12,2.1723693865702276e-12,0.0,0.05507801915025268,0.13260661178411434,0.13260661178411434,0.132606611781992,2.12231849750577e-12,0.0,0.258724994578018,0.5200771410262565,0.5237322308843382,0.5972269001309586,0.5984656005013539,,,0.2640781764054885,1.0017729133053004e-10,1.0017729133053004e-10,0.999999999860381,0.0,0.9090423597991542,0.00809885593070546,0.9009435038684487,8.95852341906834e-06,0.008909217313585738,0.008909217313585738,,,,7.947202217006315e-06,8.976198177217113e-25,8.976198177217113e-25,7.947202217006315e-06,7.947202217006315e-06,8.976198177217113e-25,0.9994237717711236,7.02458339953525e-15,,,,,,,,0.2931762395491603,0.041275005414292174,0.20364697542776533,0.9994598149252212,3.936404372257673e-11,9.99451427991016e-11,0.9999999998606908,1.1711150577258145e-05,242.31355168859966,309.262872229348,0.006525467392096364,,,9.907126729525608,48.22310857500472,0.20544355231924485,0.006525467392096364,0.05897832986910144
693168,highT_reference,single_step,26733.305558126965,7.425918210590824,1400.0,0.9469219808420574,821.993695877409,816.721237343381,834.6635295430779,6.73904295209359e-25,0.01692570383593069,,False,,900.0,solver_state,0.8489314908266716,0.8489314908266716,8.815764264883978e-11,1.0,,,,,,0.0372811148281804,5.922403597702335e-12,5.922403597702335e-12,4.69035712262069e-12,1.2320464750816447e-12,0.0,0.05307801915202021,0.1326066117831464,0.1326066117831464,0.1326066117819644,1.1819955491996921e-12,0.0,0.2587249945797855,0.5137090928983061,0.5173655489818952,0.5899141960792466,0.5911904297361624,,,0.26407817641044645,8.836722238378452e-11,8.836722238378452e-11,0.9999999998884208,0.0,0.9090423597991542,0.0,0.9090423597991542,9.039054318299375e-06,0.0,0.0,,,,0.0,6.73904295209359e-25,6.73904295209359e-25,0.0,0.0,6.73904295209359e-25,0.9994147339179368,4.905565150758028e-15,,,,,,,,0.2931762395509281,0.041275005414292174,0.20564697542776533,0.9994513085185686,2.3165490370283895e-11,8.815764307800435e-11,0.9999999998886768,1.1747561334187406e-05,242.31355169314895,309.2602400917528,0.006525372067716206,,,9.907042409990016,48.22310857500472,0.20544180378958588,0.006525372067716206,0.0372811148281804
693168,highT_reference,single_step,27633.305558126965,7.675918210590824,1400.0,0.9469219808420574,837.0881646984851,831.9770351686044,849.7202726391615,7.990518433367264e-06,0.016574685255276264,,False,,250.29665054626315,solver_state,0.798181260702878,0.798181260702878,4.904043068849831e-11,1.0,,,,,,0.05619284581644592,3.589775781597459e-12,3.589775781597459e-12,2.6094713007622257e-12,9.803044808352335e-13,0.0,0.05307801915435284,0.13260661178281072,0.13260661178281072,0.13260661178188046,9.302534267517556e-13,0.0,0.2587249945821182,0.5137090928974697,0.5173655489806365,0.5899141960858355,0.5911904297457041,,,0.2640781764228276,4.916293678928188e-11,4.916293678928188e-11,0.999999999932368,0.0,0.9090423597991542,0.00809885593070546,0.9009435038684487,8.95852341906834e-06,0.008909217313585738,0.008909217313585738,,,,7.990518433367264e-06,2.0948349493061847e-25,2.0948349493061847e-25,7.990518433367264e-06,7.990518433367264e-06,2.0948349493061847e-25,0.9993824130097625,3.2439537301759683e-15,,,,,,,,0.2931762395553431,0.041275005414292174,0.20564697542776533,0.9994208881150888,1.8430486979367244e-11,4.904043158303027e-11,0.9999999999325291,1.1715296112887725e-05,242.31355170450968,309.2508271056436,0.0065250311808188076,,,9.906740868327184,48.22310857500472,0.2054355507363974,0.0065250311808188076,0.05619284581644592
693168,highT_reference,single_step,27883.60220867323,7.745445057964786,1400.0,0.9489219808420574,841.2265183482239,836.15859687917,853.849160769214,1.5904999600202913e-25,0.016541836721236297,,False,,900.0,solver_state,0.8536493903323036,0.8536493903323036,4.3532533470603483e-11,1.0,,,,,,0.035580750404207,2.786379353688231e-12,2.786379353688231e-12,2.2292332551453623e-12,5.571460985428685e-13,0.0,0.05107801915515624,0.1326066117823746,0.1326066117823746,0.1326066117818675,5.070950135674789e-13,0.0,0.25872499458292153,0.5071791542551243,0.5108384799034799,0.582415586142582,0.5837319853957175,,,0.26407817642519354,4.364369041509154e-11,4.364369041509154e-11,0.9999999999454485,0.0,0.9090423597991542,0.0,0.9090423597991542,9.039054318299375e-06,0.0,0.0,,,,0.0,1.5904999600202913e-25,1.5904999600202913e-25,0.0,0.0,1.5904999600202913e-25,0.9993734245049117,2.293302505949746e-15,,,,,,,,0.29317623955615507,0.041275005414292174,0.20764697542776533,0.9994124281334611,1.0884433197173558e-11,4.3532533694149684e-11,0.999999999945583,1.1749902758596353e-05,242.3135517066806,309.24820933334496,0.006524936382234715,,,9.90665700894603,48.22310857500472,0.20543381174893618,0.006524936382234715,0.035580750404207
693168,highT_reference,single_step,28783.60220867323,7.995445057964786,1400.0,0.9489219808420574,855.9846536405894,851.2664140582712,868.5760813501639,8.035748680433784e-06,0.01621376917564162,,False,,248.88782359132173,solver_state,0.8047953476198006,0.8047953476198006,2.4520438340415506e-11,1.0,,,,,,0.0536608246016336,1.7046647101484994e-12,1.7046647101484994e-12,1.2557937849513725e-12,4.4887092519712684e-13,0.0,0.05107801915623795,0.13260661178222763,0.13260661178222763,0.1326066117818276,4.000455106703384e-13,0.0,0.2587249945840033,0.5071791542547395,0.5108384799028883,0.5824155861457367,0.5837319854003792,,,0.26407817643120723,2.4585796506090566e-11,2.4585796506090566e-11,0.9999999999666263,0.0,0.9090423597991542,0.00809885593070546,0.9009435038684487,8.95852341906834e-06,0.008909217313585738,0.008909217313585738,,,,8.035748680433784e-06,5.067986894905796e-26,5.067986894905796e-26,8.035748680433784e-06,8.035748680433784e-06,5.067986894905796e-26,0.9993411048899976,1.52714817722203e-15,,,,,,,,0.29317623955821903,0.041275005414292174,0.20764697542776533,0.9993820088709112,8.768205277599337e-12,2.4520438811998253e-11,0.9999999999667113,1.1719020042963782e-05,242.31355171219857,309.2387967002737,0.006524595528181022,,,9.906355478582729,48.22310857500472,0.20542755893006548,0.006524595528181022,0.0536608246016336
693168,highT_reference,single_step,28917.75512967827,8.032709758243964,1400.0,0.95,858.1546727098987,853.4560282026932,870.7419283597992,3.7044031674740375e-06,0.016197312849879908,,False,,599.8435236604464,density_crossing,0.8334535596738462,0.8334535596738462,2.31072172322723e-11,1.0,,,,,,0.04308183109392354,1.5045817685252674e-12,1.5045817685252674e-12,1.1597798130502977e-12,3.4480195547496976e-13,0.0,0.04999999999849544,0.13260661178212685,0.13260661178212685,0.13260661178182423,3.0261618389228654e-13,0.0,0.25872499458420334,0.5035664280033332,0.5072282226873804,0.5782669368828419,0.5796065651649075,,,0.2640781764318284,2.3169479925942238e-11,2.3169479925942238e-11,0.99999999996997,0.0,0.9090423597991542,0.003733495005346741,0.9053088647938075,9.00193034515704e-06,0.004107063840426126,0.004107063840426126,,,,3.7044031674740375e-06,4.432220624861176e-26,4.432220624861176e-26,3.7044031674740375e-06,3.7044031674740375e-06,4.432220624861176e-26,0.9993362874645434,1.2925713326205728e-15,,,,,,,,0.2931762395584239,0.041275005414292174,0.20872499458570792,0.9993774746983571,6.8449399477298974e-12,2.3107217513112956e-11,0.9999999999700478,1.1736789259554433e-05,242.31355171276857,309.2373936911619,0.006524544723351621,,,9.906310533689336,48.22310857500472,0.2054266269102368,0.006524544723351621,0.04308183109392354
693168,highT_reference,single_step,29032.49003226455,8.06458056451793,1400.0,0.9509219808420574,860.0105914976695,855.3287057685612,872.5942789743486,3.888478598860321e-26,0.016183238501598467,,False,,900.0,solver_state,0.8579636273166849,0.8579636273166849,2.189855338089335e-11,1.0,,,,,,0.03403409824938547,1.3334599126287734e-12,1.3334599126287734e-12,1.0776634220655798e-12,2.5579649056319347e-13,0.0,0.04907801915660916,0.13260661178204067,0.13260661178204067,0.13260661178182137,2.1928930414058278e-13,0.0,0.2587249945843745,0.500476627263844,0.5041405336021971,0.5747187855233571,0.5760782805379441,,,0.2640781764323597,2.1958168657896504e-11,2.1958168657896504e-11,0.9999999999728297,0.0,0.9090423597991542,0.0,0.9090423597991542,9.039054318299375e-06,0.0,0.0,,,,0.0,3.888478598860321e-26,3.888478598860321e-26,0.0,0.0,3.888478598860321e-26,0.999332167339271,1.0919484075831497e-15,,,,,,,,0.2931762395585991,0.041275005414292174,0.20964697542776534,0.99937359682643,5.20005843030209e-12,2.1898553498600958e-11,0.9999999999729015,1.1751986463754603e-05,242.31355171325606,309.2361937611673,0.006524501272287653,,,9.906272094362585,48.22310857500472,0.20542582979599247,0.006524501272287653,0.03403409824938547
693168,highT_reference,single_step,29932.49003226455,8.31458056451793,1400.0,0.9509219808420574,874.4541650494026,869.9012969320072,887.0123867749576,8.083057650375097e-06,0.015875714751352812,,False,,247.43111907746808,solver_state,0.8108813674493685,0.8108813674493685,1.2472916002529956e-11,1.0,,,,,,0.05134932489697427,8.228616063002093e-13,8.228616063002093e-13,6.138765497049857e-13,2.0898505659522356e-13,0.0,0.049078019157119755,0.13260661178197763,0.13260661178197763,0.1326066117818021,1.7553536994439512e-13,0.0,0.25872499458488507,0.5004766272636637,0.5041405336019147,0.5747187855248961,0.5760782805402622,,,0.2640781764353393,1.2508176985085961e-11,1.2508176985085961e-11,0.9999999999832336,0.0,0.9090423597991542,0.00809885593070546,0.9009435038684487,8.95852341906834e-06,0.008909217313585738,0.008909217313585738,,,,8.083057650375097e-06,1.2666905319270025e-26,1.2666905319270025e-26,8.083057650375097e-06,8.083057650375097e-06,1.2666905319270025e-26,0.9992998490382722,7.314601722148913e-16,,,,,,,,0.2931762395595819,0.041275005414292174,0.20964697542776534,0.9993431787255546,4.247935821250756e-12,1.2472916253836433e-11,0.9999999999832792,1.1722376852181524e-05,242.3135517159901,309.226781487553,0.006524160451288477,,,9.905970575509954,48.22310857500472,0.20541957721581794,0.006524160451288477,0.05134932489697427
693168,highT_reference,single_step,30179.92115134202,8.38331143092834,1400.0,0.9529219808420574,878.3735238304148,873.8549218650019,890.9255226925733,9.81566322873279e-27,0.015847280711375783,,False,,900.0,solver_state,0.8619226831092921,0.8619226831092921,1.1204247372718994e-11,1.0,,,,,,0.03262162450177009,6.484217908215809e-13,6.484217908215809e-13,5.289961358323201e-13,1.1942565498926082e-13,0.0,0.0470780191572942,0.13260661178189287,0.13260661178189287,0.13260661178179908,9.37775247457449e-14,0.0,0.25872499458505954,0.49358963618373886,0.49726007794791005,0.566810156793592,0.5682160231854565,,,0.2640781764359113,1.1236584403808167e-11,1.1236584403808167e-11,0.9999999999862267,0.0,0.9090423597991542,0.0,0.9090423597991542,9.039054318299375e-06,0.0,0.0,,,,0.0,9.81566322873279e-27,9.81566322873279e-27,0.0,0.0,9.81566322873279e-27,0.9992909641604723,5.285754234274196e-16,,,,,,,,0.29317623955976285,0.041275005414292174,0.21164697542776534,0.9993348162364526,2.5304896650720885e-12,1.1204247435357845e-11,0.9999999999862653,1.1753845148927805e-05,242.3135517165149,309.2241938823687,0.006524066756155393,,,9.905887682499575,48.22310857500472,0.2054178582679353,0.006524066756155393,0.03262162450177009
693168,highT_reference,single_step,31079.92115134202,8.63331143092834,1400.0,0.9529219808420574,892.5220797129514,888.1259095344924,905.0537111913042,8.132631678755894e-06,0.015558232456206767,,False,,245.92285486436222,solver_state,0.8164996036061115,0.8164996036061115,6.445834194900734e-12,1.0,,,,,,0.049230878108449116,4.0332704167163174e-13,4.0332704167163174e-13,3.043627872022972e-13,9.896425446933454e-14,0.0,0.04707801915753929,0.13260661178186536,0.13260661178186536,0.13260661178178962,7.573942982564121e-14,0.0,0.2587249945853046,0.4935896361836528,0.49726007794777327,0.5668101567943564,0.5682160231866287,,,0.2640781764374147,6.465072079205091e-12,6.465072079205091e-12,0.9999999999914327,0.0,0.9090423597991542,0.00809885593070546,0.9009435038684487,8.95852341906834e-06,0.008909217313585738,0.008909217313585738,,,,8.132631678755894e-06,3.2614758128576174e-27,3.2614758128576174e-27,8.132631678755894e-06,8.132631678755894e-06,3.2614758128576174e-27,0.9992586471820855,3.5586084682528123e-16,,,,,,,,0.2931762395602386,0.041275005414292174,0.21164697542776534,0.9993043993061008,2.096688925906313e-12,6.4458343302391805e-12,0.9999999999914575,1.1725412044119436e-05,242.31355171789437,309.2147819709497,0.006523725968283922,,,9.905586175247777,48.22310857500472,0.20541160592832658,0.006523725968283922,0.049230878108449116
693168,highT_reference,single_step,31325.844006206382,8.701623335057329,1400.0,0.9549219808420574,896.3400354277511,891.9762343639126,908.8667830506782,2.5513278633971047e-27,0.015531703177256191,,False,,900.0,solver_state,0.865567474362973,0.865567474362973,5.823062671699849e-12,1.0,,,,,,0.03132700917886176,3.199947952366955e-13,3.199947952366955e-13,2.6329186752836364e-13,5.6702927708331874e-14,0.0,0.04507801915762262,0.13260661178182728,0.13260661178182728,0.13260661178178812,3.9152805020168373e-14,0.0,0.25872499458538795,0.48650494132896854,0.4901841605365288,0.5586744962458192,0.5601304126870671,,,0.2640781764377035,5.840803842907378e-12,5.840803842907378e-12,0.9999999999929013,0.0,0.9090423597991542,0.0,0.9090423597991542,9.039054318299375e-06,0.0,0.0,,,,0.0,2.5513278633971047e-27,2.5513278633971047e-27,0.0,0.0,2.5513278633971047e-27,0.9992498168257584,2.5971191291884854e-16,,,,,,,,0.2931762395603261,0.041275005414292174,0.21364697542776534,0.9992960881126174,1.2545506036744612e-12,5.823062705379551e-12,0.9999999999929223,1.1755506163130166e-05,242.31355171815935,309.21221023816963,0.0065236328533393555,,,9.905503790700944,48.22310857500472,0.20540989752442507,0.0065236328533393555,0.03132700917886176
693168,highT_reference,single_step,32225.844006206382,8.951623335057329,1400.0,0.9549219808420574,910.2111972461453,905.9638534260848,922.7221170230433,8.184682657022516e-06,0.015259342153290303,,False,,244.35889377873264,solver_state,0.8217015174437624,0.8217015174437624,3.38039854807392e-12,1.0,,,,,,0.04728239860720126,2.0049752967103728e-13,2.0049752967103728e-13,1.5286011675276727e-13,4.763741291827001e-14,0.0,0.04507801915774212,0.13260661178181526,0.13260661178181526,0.13260661178178343,3.18453063374332e-14,0.0,0.25872499458550746,0.486504941328927,0.4901841605364617,0.5586744962462055,0.560130412687669,,,0.26407817643847487,3.3910122851046738e-12,3.3910122851046738e-12,0.9999999999955522,0.0,0.9090423597991542,0.00809885593070546,0.9009435038684487,8.95852341906834e-06,0.008909217313585738,0.008909217313585738,,,,8.184682657022516e-06,8.630203793551594e-28,8.630203793551594e-28,8.184682657022516e-06,8.184682657022516e-06,8.630203793551594e-28,0.9992175011731661,1.756022289202802e-16,,,,,,,,0.2931762395605599,0.041275005414292174,0.21364697542776534,0.9992656723561572,1.0538548990102429e-12,3.380398621709945e-12,0.9999999999955658,1.1728163917567913e-05,242.31355171886713,309.2027986899879,0.006523292098604916,,,9.905202295084443,48.22310857500472,0.2054036454260969,0.006523292098604916,0.04728239860720126
693168,highT_reference,single_step,32470.202899985114,9.01950080555142,1400.0,0.9569219808420574,913.9323440422323,909.7156378759979,926.4395650189211,6.812735316734262e-28,0.015234550465723296,,False,,900.0,solver_state,0.8689327527607515,0.8689327527607515,3.070830361997808e-12,1.0,,,,,,0.030136517978954048,1.600685834287332e-13,1.600685834287332e-13,1.327093713666302e-13,2.7359212062103005e-14,0.0,0.043078019157782546,0.1326066117817983,0.1326066117817983,0.13260661178178268,1.5630607619708216e-14,0.0,0.2587249945855479,0.47920771394305794,0.48289829354667796,0.5502947753723039,0.5518048938752937,,,0.26407817643862297,3.0806748769032384e-12,3.0806748769032384e-12,0.9999999999962843,0.0,0.9090423597991542,0.0,0.9090423597991542,9.039054318299375e-06,0.0,0.0,,,,0.0,6.812735316734262e-28,6.812735316734262e-28,0.0,0.0,6.812735316734262e-28,0.9992087273341318,1.2935135528133615e-16,,,,,,,,0.2931762395606028,0.041275005414292174,0.21564697542776534,0.9992574143371038,6.333114737136219e-13,3.07083038028961e-12,0.999999999996296,1.1756992546705633e-05,242.31355171900304,309.20024341097286,0.006523199584823738,,,9.905120437626556,48.22310857500472,0.2054019479524104,0.006523199584823738,0.030136517978954048
693168,highT_reference,single_step,33370.20289998512,9.269500805551422,1400.0,0.9569219808420574,927.5420699837598,923.4363801788975,940.037519941648,8.239452863061641e-06,0.014977321582210601,,False,,242.73456420464717,solver_state,0.8265312967785969,0.8265312967785969,1.7973224257040915e-12,1.0,,,,,,0.0454843444995751,1.0096529170056221e-13,1.0096529170056221e-13,7.768015712007313e-14,2.3285134580489078e-14,0.0,0.04307801915784165,0.13260661178179284,0.13260661178179284,0.1326066117817803,1.2549149690143214e-14,0.0,0.258724994585607,0.4792077139430376,0.48289829354664465,0.550294775372502,0.5518048938756073,,,0.26407817643902504,1.8032434786582023e-12,1.8032434786582023e-12,0.9999999999976562,0.0,0.9090423597991542,0.00809885593070546,0.9009435038684487,8.95852341906834e-06,0.008909217313585738,0.008909217313585738,,,,8.239452863061641e-06,2.342117489799242e-28,2.342117489799242e-28,8.239452863061641e-06,8.239452863061641e-06,2.342117489799242e-28,0.9991764130078945,8.778200226774328e-17,,,,,,,,0.2931762395607192,0.041275005414292174,0.21564697542776534,0.9992269997553005,5.389449845695899e-13,1.7973224661706825e-12,0.9999999999976636,1.1730664937274703e-05,242.3135517193719,309.19083222626523,0.006522858863204852,,,9.904818953653415,48.22310857500472,0.20539569609552996,0.006522858863204852,0.0454843444995751
693168,highT_reference,single_step,33612.93746418977,9.336927073386047,1400.0,0.9589219808420574,931.1704843161973,927.0938451634304,943.6632868691239,1.8652874409267606e-28,0.014954121250356223,,False,,900.0,solver_state,0.8720482016041677,0.8720482016041677,1.6417760800176383e-12,1.0,,,,,,0.02903851721842423,8.106853730784505e-14,8.106853730784505e-14,6.766786136033249e-14,1.3400675947512556e-14,0.0,0.04107801915786155,0.13260661178178604,0.13260661178178604,0.13260661178177996,6.065079532333092e-15,0.0,0.2587249945856269,0.4716812615430192,0.4753861919112813,0.5416518254659047,0.5432208578763493,,,0.26407817643910214,1.647300983529743e-12,1.647300983529743e-12,0.9999999999980265,0.0,0.9090423597991542,0.0,0.9090423597991542,9.039054318299375e-06,0.0,0.0,,,,0.0,1.8652874409267606e-28,1.8652874409267606e-28,0.0,0.0,1.8652874409267606e-28,0.9991676978489586,6.52287902277247e-17,,,,,,,,0.2931762395607405,0.041275005414292174,0.21764697542776534,0.9992187969466451,3.252435890120442e-13,1.6417760900498093e-12,0.9999999999980329,1.1758323836630964e-05,242.3135517194427,309.18829403100494,0.006522766973317591,,,9.904737643466785,48.22310857500472,0.205394009970578,0.006522766973317591,0.02903851721842423
693168,highT_reference,single_step,34512.93746418977,9.586927073386047,1400.0,0.9589219808420574,944.5332804515624,940.5626851203438,957.0179496848477,8.297220979494549e-06,0.014710664965699087,,False,,241.0445623833242,solver_state,0.8310270900140949,0.8310270900140949,9.680972016638927e-13,1.0,,,,,,0.04382006420436,5.144890851444946e-14,5.144890851444946e-14,3.990471078509267e-14,1.1544197729356789e-14,0.0,0.04107801915789117,0.1326066117817838,0.1326066117817838,0.13260661178177874,5.051007669685433e-15,0.0,0.2587249945856565,0.4716812615430091,0.4753861919112645,0.541651825466008,0.5432208578765149,,,0.26407817643931464,9.71437075182748e-13,9.71437075182748e-13,0.9999999999987474,0.0,0.9090423597991542,0.00809885593070546,0.9009435038684487,8.95852341906834e-06,0.008909217313585738,0.008909217313585738,,,,8.297220979494549e-06,6.507772918488739e-29,6.507772918488739e-29,8.297220979494549e-06,8.297220979494549e-06,6.507772918488739e-29,0.9991353848483421,4.440610419700076e-17,,,,,,,,0.29317623956079925,0.041275005414292174,0.21764697542776534,0.9991883835389829,2.8015596699310653e-13,9.680972241202669e-13,0.9999999999987517,1.1732942803248827e-05,242.31355171963773,309.1788832096118,0.006522426284777095,,,9.904436171132112,48.22310857500472,0.20538775835504383,0.006522426284777095,0.04382006420436
693168,highT_reference,single_step,34753.98202657309,9.653883896270303,1400.0,0.9609219808420574,948.072573083043,944.1295679504054,960.5555296183578,5.227987316786938e-29,0.014688927613718688,,False,,900.0,solver_state,0.8749393022159873,0.8749393022159873,8.892369704379091e-13,1.0,,,,,,0.028023095566645503,4.15274511022222e-14,4.15274511022222e-14,3.487216824700616e-14,6.655282855216042e-15,0.0,0.03907801915790109,0.13260661178178107,0.13260661178178107,0.13260661178177852,2.5621330723599444e-15,0.0,0.2587249945856664,0.4639066898429488,0.4676294519045577,0.5327239493921183,0.5343572748326941,,,0.2640781764393554,8.923729758681584e-13,8.923729758681584e-13,0.9999999999989373,0.0,0.9090423597991542,0.0,0.9090423597991542,9.039054318299375e-06,0.0,0.0,,,,0.0,5.227987316786938e-29,5.227987316786938e-29,0.0,0.0,5.227987316786938e-29,0.9991267307222178,3.3270487116382576e-17,,,,,,,,0.29317623956080996,0.041275005414292174,0.21964697542776535,0.9991802381554401,1.697647222405265e-13,8.892369759929271e-13,0.999999999998941,1.1759516695301683e-05,242.31355171967508,309.17636278340524,0.006522335043511905,,,9.904355430170444,48.22310857500472,0.20538608403407918,0.006522335043511905,0.028023095566645503
693168,highT_reference,single_step,35653.98202657309,9.903883896270303,1400.0,0.9609219808420574,961.2016729945245,957.3601521667545,973.6797682349285,8.358309666115779e-06,0.014458049475745206,,False,,239.28283108580106,solver_state,0.8352219976054482,0.8352219976054482,5.279318937979344e-13,1.0,,,,,,0.04227528257715778,2.6503282285197852e-14,2.6503282285197852e-14,2.0704970956921017e-14,5.7983113282768334e-15,0.0,0.039078019157916116,0.13260661178178004,0.13260661178178004,0.1326066117817779,2.14329516602242e-15,0.0,0.25872499458568143,0.46390668984294375,0.4676294519045492,0.5327239493921728,0.5343572748327826,,,0.2640781764394694,5.298367574169307e-13,5.298367574169307e-13,0.9999999999993217,0.0,0.9090423597991542,0.00809885593070546,0.9009435038684487,8.95852341906834e-06,0.008909217313585738,0.008909217313585738,,,,8.358309666115779e-06,1.8486994995071554e-29,1.8486994995071554e-29,8.358309666115779e-06,8.358309666115779e-06,1.8486994995071554e-29,0.9990944190458139,2.2711037611715038e-17,,,,,,,,0.2931762395608399,0.041275005414292174,0.21964697542776535,0.9991498259207413,1.4788994246255627e-13,5.2793190637962e-13,0.9999999999993241,1.17350212932245e-05,242.3135517197797,309.16695232496227,0.006521994388003941,,,9.904053969462659,48.22310857500472,0.20537983265965115,0.006521994388003941,0.04227528257715778
693168,highT_reference,single_step,35893.26485765889,9.970351349349691,1400.0,0.9629219808420574,964.6550306723248,960.839750833413,977.1322455024065,1.4979621212400974e-29,0.014437662067845008,,False,,900.0,solver_state,0.8776280233548194,0.8776280233548194,4.876683125665017e-13,1.0,,,,,,0.02708176654399022,2.1496086248151048e-14,2.1496086248151048e-14,1.8148532164512255e-14,3.347554083638791e-15,0.0,0.03707801915792112,0.13260661178177882,0.13260661178177882,0.1326066117817778,1.0172612968816597e-15,0.0,0.25872499458568643,0.45586248254444744,0.4596071528371126,0.5234864390438376,0.525190238761253,,,0.26407817643949116,4.894687628053775e-13,4.894687628053775e-13,0.9999999999994202,0.0,0.9090423597991542,0.0,0.9090423597991542,9.039054318299375e-06,0.0,0.0,,,,0.0,1.4979621212400974e-29,1.4979621212400974e-29,0.0,0.0,1.4979621212400974e-29,0.9990858285222607,1.7149408511391554e-17,,,,,,,,0.2931762395608453,0.041275005414292174,0.22164697542776535,0.9991417403813231,8.997996556391757e-14,4.876683156714266e-13,0.9999999999994222,1.1760585405676038e-05,242.31355171979965,309.16445041632454,0.006521903822372598,,,9.903973821704561,48.22310857500472,0.20537817063991692,0.006521903822372598,0.02708176654399022
693168,highT_reference,single_step,36793.26485765889,10.220351349349691,1400.0,0.9629219808420574,977.5625477077916,973.8445585492977,990.037852800745,8.423095191306657e-06,0.014218307863119227,,False,,237.4424074019926,solver_state,0.8391448744906576,0.8391448744906576,2.913355764969317e-13,1.0,,,,,,0.04083769305209646,1.3790189938559844e-14,1.3790189938559844e-14,1.0842879454244446e-14,2.947310484315399e-15,0.0,0.037078019157928827,0.13260661178177832,0.13260661178177832,0.13260661178177746,8.597084668124454e-16,0.0,0.2587249945856942,0.4558624825444449,0.4596071528371083,0.5234864390438667,0.525190238761301,,,0.2640781764395531,2.924341618158357e-13,2.924341618158357e-13,0.9999999999996282,0.0,0.9090423597991542,0.00809885593070546,0.9009435038684487,8.95852341906834e-06,0.008909217313585738,0.008909217313585738,,,,8.423095191306657e-06,5.3627675407546886e-30,5.3627675407546886e-30,8.423095191306657e-06,8.423095191306657e-06,5.3627675407546886e-30,0.9990535181682817,1.1733668171976541e-17,,,,,,,,0.29317623956086075,0.041275005414292174,0.22164697542776535,0.9991113293180411,7.921404420470175e-14,2.913355836129622e-13,0.9999999999996294,1.1736920932480734e-05,242.3135517198565,309.155040320353,0.006521563199845894,,,9.903672372608382,48.22310857500472,0.20537191950627814,0.006521563199845894,0.04083769305209646
693168,highT_reference,single_step,37030.70726506088,10.286307573628022,1400.0,0.9649219808420574,980.9327658344671,977.2397665234761,993.4079324360708,4.3829074785953966e-30,0.014199170630058149,,False,,900.0,solver_state,0.8801333728138251,0.8801333728138251,2.706788860192393e-13,1.0,,,,,,0.026207232911415888,1.123510268062849e-14,1.123510268062849e-14,9.531560080300422e-15,1.7035426003280673e-15,0.0,0.03507801915793138,0.13260661178177793,0.13260661178177793,0.13260661178177746,4.622551272821317e-16,0.0,0.25872499458569675,0.44752397342692624,0.45129535831831935,0.513910969119206,0.5156923976473142,,,0.26407817643956494,2.7172458163568275e-13,2.7172458163568275e-13,0.9999999999996797,0.0,0.9090423597991542,0.0,0.9090423597991542,9.039054318299375e-06,0.0,0.0,,,,0.0,4.3829074785953966e-30,4.3829074785953966e-30,0.0,0.0,4.3829074785953966e-30,0.9990449940666406,8.926384036098907e-18,,,,,,,,0.2931762395608635,0.041275005414292174,0.22364697542776535,0.9991033062766859,4.839187776043442e-14,2.706788877708604e-13,0.9999999999996809,1.1761542263898848e-05,242.31355171986732,309.1525577504923,0.006521473339486392,,,9.903592844361064,48.22310857500472,0.20537027033330554,0.006521473339486392,0.026207232911415888
693168,highT_reference,single_step,37930.70726506088,10.536307573628022,1400.0,0.9649219808420574,993.6298229476001,990.0302462077864,1006.105749349175,8.492019828641224e-06,0.013990405964315503,,False,,235.51522963412728,solver_state,0.8428209839832401,0.8428209839832401,1.6263445848925088e-13,1.0,,,,,,0.03949663118783106,7.242040792434642e-15,7.242040792434642e-15,5.7273721195588384e-15,1.514668672875803e-15,0.0,0.035078019157935375,0.13260661178177768,0.13260661178177768,0.13260661178177727,4.095469182428229e-16,0.0,0.25872499458570075,0.44752397342692485,0.45129535831831713,0.5139109691192216,0.5156923976473404,,,0.264078176439599,1.63275243501371e-13,1.63275243501371e-13,0.9999999999997935,0.0,0.9090423597991542,0.00809885593070546,0.9009435038684487,8.95852341906834e-06,0.008909217313585738,0.008909217313585738,,,,8.492019828641224e-06,1.586984145095613e-30,1.586984145095613e-30,8.492019828641224e-06,8.492019828641224e-06,1.586984145095613e-30,0.9990126850330581,6.119571272490966e-18,,,,,,,,0.2931762395608716,0.041275005414292174,0.22364697542776535,0.9990728963830442,4.302261785398905e-14,1.6263446255188936e-13,0.9999999999997944,1.1738659530888116e-05,242.31355171989858,309.1431480164426,0.0065211327498857115,,,9.9032914068589,48.22310857500472,0.20536401944009122,0.0065211327498857115,0.03949663118783106
693168,highT_reference,single_step,38166.22249469501,10.601728470748613,1400.0,0.9669219808420574,996.9193301108597,993.3435787148121,1009.3957797859082,1.3083745662934325e-30,0.013972430693103905,,False,,900.0,solver_state,0.8824718402097436,0.8824718402097436,1.5201465818687293e-13,1.0,,,,,,0.02539319915713422,5.924932178061303e-15,5.924932178061303e-15,5.048672181372494e-15,8.76259996688809e-16,0.0,0.03307801915793669,0.13260661178177746,0.13260661178177746,0.13260661178177724,2.193674839438763e-16,0.0,0.25872499458570203,0.4388626752604601,0.44266648458237845,0.5039648264823502,0.5058322316322902,,,0.2640781764396055,1.5262921752556691e-13,1.5262921752556691e-13,0.9999999999998208,0.0,0.9090423597991542,0.0,0.9090423597991542,9.039054318299375e-06,0.0,0.0,,,,0.0,1.3083745662934325e-30,1.3083745662934325e-30,0.0,0.0,1.3083745662934325e-30,0.9990042304616831,4.688621414685369e-18,,,,,,,,0.293176239560873,0.041275005414292174,0.22564697542776535,0.9990649387657331,2.639157634996206e-14,1.5201465918418335e-13,0.9999999999998216,1.1762397892186347e-05,242.31355171990452,309.1406856907453,0.006521043627477416,,,9.903212527126142,48.22310857500472,0.20536238371533003,0.006521043627477416,0.02539319915713422
693168,highT_reference,single_step,39066.22249469501,10.851728470748613,1400.0,0.9669219808420574,1009.4161712288538,1005.9302650407267,1021.8958010860259,8.565608023331292e-06,0.013773424102009867,,False,,233.4918892567034,solver_state,0.8462725339837721,0.8462725339837721,9.181977639960215e-14,1.0,,,,,,0.03824281134171857,3.836056019552323e-15,3.836056019552323e-15,3.0497235150021835e-15,7.863325045501399e-16,0.0,0.03307801915793877,0.13260661178177732,0.13260661178177732,0.13260661178177713,1.9406002399843677e-16,0.0,0.25872499458570414,0.43886267526045936,0.4426664845823773,0.5039648264823589,0.5058322316323047,,,0.2640781764396245,9.219788828467051e-14,9.219788828467051e-14,0.999999999999884,0.0,0.9090423597991542,0.00809885593070546,0.9009435038684487,8.95852341906834e-06,0.008909217313585738,0.008909217313585738,,,,8.565608023331292e-06,4.78713674041664e-31,4.78713674041664e-31,8.565608023331292e-06,8.565608023331292e-06,4.78713674041664e-31,0.9989719227462912,3.219752474337735e-18,,,,,,,,0.29317623956087724,0.041275005414292174,0.22564697542776535,0.99903453003979,2.3680978786028213e-14,9.181977874088377e-14,0.9999999999998845,1.1740252616854355e-05,242.31355171992197,309.13127631801655,0.006520703070744158,,,9.902911101198757,48.22310857500472,0.20535613306214132,0.006520703070744158,0.03824281134171857
693168,highT_reference,single_step,39299.71438395171,10.916587328875474,1400.0,0.9689219808420574,1012.6270460407047,1009.1638773304782,1025.107789463024,3.982110746480249e-31,0.01375653272494211,,False,,900.0,solver_state,0.884657752425965,0.884657752425965,8.636848008466301e-14,1.0,,,,,,0.024634221962948358,3.1507272817507237e-15,3.1507272817507237e-15,2.695523995617197e-15,4.552032861335265e-16,0.0,0.031078019157939462,0.13260661178177724,0.13260661178177724,0.13260661178177713,1.0122085579012813e-16,0.0,0.2587249945857048,0.42984541546129557,0.43368849024950235,0.4936099175979964,0.4955731271556394,,,0.26407817643962805,8.673409916887518e-14,8.673409916887518e-14,0.9999999999998986,0.0,0.9090423597991542,0.0,0.9090423597991542,9.039054318299375e-06,0.0,0.0,,,,0.0,3.982110746480249e-31,3.982110746480249e-31,0.0,0.0,3.982110746480249e-31,0.9989635411508624,2.4837000745961194e-18,,,,,,,,0.293176239560878,0.041275005414292174,0.22764697542776535,0.9990266410900243,1.4589403163724015e-14,8.636848065776684e-14,0.9999999999998991,1.1763161488704464e-05,242.31355171992527,309.1288352401193,0.006520614722516405,,,9.902832902131731,48.22310857500472,0.20535451145230865,0.006520614722516405,0.024634221962948358
693168,highT_reference,single_step,40199.71438395171,11.166587328875474,1400.0,0.9689219808420574,1024.9331321182435,1021.5564919148497,1037.4192551809194,8.644487784462547e-06,0.013566541620215453,,False,,231.36130790707642,solver_state,0.8495191192137468,0.8495191192137468,5.2422857208576454e-14,1.0,,,,,,0.03706811276025385,2.0482822596253185e-15,2.0482822596253185e-15,1.6362161873230923e-15,4.120660723022262e-16,0.0,0.031078019157940562,0.13260661178177716,0.13260661178177716,0.13260661178177707,9.210036571700139e-17,0.0,0.25872499458570597,0.4298454154612952,0.43368849024950173,0.4936099175980011,0.4955731271556475,,,0.2640781764396388,5.2648663964315905e-14,5.2648663964315905e-14,0.9999999999999342,0.0,0.9090423597991542,0.00809885593070546,0.9009435038684487,8.95852341906834e-06,0.008909217313585738,0.008909217313585738,,,,8.644487784462547e-06,1.4710903698925191e-31,1.4710903698925191e-31,8.644487784462547e-06,8.644487784462547e-06,1.4710903698925191e-31,0.9989312347513039,1.7080193315299038e-18,,,,,,,,0.29317623956088024,0.041275005414292174,0.22764697542776535,0.9989962335296994,1.3205691827433074e-14,5.242285857069483e-14,0.9999999999999345,1.1741713790480722e-05,242.3135517199351,309.1194262280679,0.006520274198588758,,,9.90253148775851,48.22310857500472,0.205348261038718,0.006520274198588758,0.03706811276025385
693168,highT_reference,single_step,40431.07569185879,11.230854358849664,1400.0,0.9709219808420574,1028.0671123922518,1024.712189609631,1040.5548752260863,1.2350851961174178e-31,0.013550665054572534,,False,,900.0,solver_state,0.8867035573917353,0.8867035573917353,4.9643558619353806e-14,1.0,,,,,,0.023925591272496452,1.6885875654788409e-15,1.6885875654788409e-15,1.449942658678876e-15,2.386449067999648e-16,0.0,0.029078019157940924,0.13260661178177713,0.13260661178177713,0.13260661178177707,5.214847128265786e-17,0.0,0.2587249945857063,0.42043320643773624,0.42432382228060816,0.4828014712990518,0.4848721724993771,,,0.2640781764396408,4.9863873147728724e-14,4.9863873147728724e-14,0.9999999999999419,0.0,0.9090423597991542,0.0,0.9090423597991542,9.039054318299375e-06,0.0,0.0,,,,0.0,1.2350851961174178e-31,1.2350851961174178e-31,0.0,0.0,1.2350851961174178e-31,0.9989229299747178,1.3261969306800072e-18,,,,,,,,0.2931762395608806,0.041275005414292174,0.22964697542776535,0.9989884168648744,8.172997678060255e-15,4.964355895178382e-14,0.9999999999999422,1.1763841026661537e-05,242.31355171993698,309.1170075173013,0.006520186664951317,,,9.90245400521459,48.22310857500472,0.20534665428738633,0.006520186664951317,0.023925591272496452
693168,highT_reference,single_step,41331.07569185879,11.480854358849664,1400.0,0.9709219808420574,1040.191204705337,1036.9197282447724,1052.686350073116,8.729419457044108e-06,0.01336902396512183,,False,,229.11031023788442,solver_state,0.8525780878060625,0.8525780878060625,3.026773354884778e-14,1.0,,,,,,0.03596540470332182,1.1019257540986378e-15,1.1019257540986378e-15,8.840965306870212e-16,2.178292234116167e-16,0.0,0.02907801915794151,0.1326066117817771,0.1326066117817771,0.13260661178177705,4.7709838560971813e-17,0.0,0.25872499458570686,0.4204332064377361,0.42432382228060783,0.48280147129905454,0.48487217249938164,,,0.26407817643964693,3.0404290123233225e-14,3.0404290123233225e-14,0.999999999999962,0.0,0.9090423597991542,0.00809885593070546,0.9009435038684487,8.95852341906834e-06,0.008909217313585738,0.008909217313585738,,,,8.729419457044108e-06,4.60345752109632e-32,4.60345752109632e-32,8.729419457044108e-06,8.729419457044108e-06,4.60345752109632e-32,0.9988906248884907,9.130867082034846e-19,,,,,,,,0.29317623956088185,0.041275005414292174,0.22964697542776535,0.9989580104679567,7.459476247910909e-15,3.0267734349005454e-14,0.9999999999999623,1.1743055012866793e-05,242.31355171994255,309.10759886524306,0.006519846173764157,,,9.902152602373622,48.22310857500472,0.20534040411293938,0.006519846173764157,0.03596540470332182
693168,highT_reference,single_step,41560.18600209667,11.544496111693519,1400.0,0.9729219808420574,1043.2496885246428,1039.9989693568962,1055.746942067671,3.9026782021952083e-32,0.013354101167304261,,False,,900.0,solver_state,0.8886200472135055,0.8886200472135055,2.887185237252125e-14,1.0,,,,,,0.023263236714698057,9.116176241914046e-16,9.116176241914046e-16,7.854363646176571e-16,1.2618125957374742e-16,0.0,0.027078019157941707,0.13260661178177707,0.13260661178177707,0.13260661178177705,2.6395262639175205e-17,0.0,0.2587249945857071,0.4105797447287767,0.41452802290664076,0.47148631528007295,0.47367856592856006,,,0.26407817643964815,2.900641882392901e-14,2.900641882392901e-14,0.9999999999999662,0.0,0.9090423597991542,0.0,0.9090423597991542,9.039054318299375e-06,0.0,0.0,,,,0.0,3.9026782021952083e-32,3.9026782021952083e-32,0.0,0.0,3.9026782021952083e-32,0.9988824012460669,7.13455472849151e-19,,,,,,,,0.29317623956088207,0.041275005414292174,0.23164697542776536,0.998950270150152,4.639528116334693e-15,2.8871852567204845e-14,0.9999999999999664,1.1764443411323371e-05,242.31355171994363,309.10520377853663,0.006519759500098964,,,9.902075876618104,48.22310857500472,0.20533881305508797,0.006519759500098964,0.023263236714698057
693168,highT_reference,single_step,42460.18600209667,11.794496111693519,1400.0,0.9729219808420574,1055.1999212872356,1052.0297779556583,1067.7063848001071,8.821335135242568e-06,0.013180211852480174,,False,,226.72304921391066,solver_state,0.8554648465085533,0.8554648465085533,1.7676289571177584e-14,1.0,,,,,,0.03492840267969369,5.969985756931976e-16,5.969985756931976e-16,4.809051320213534e-16,1.1609344367184427e-16,0.0,0.027078019157942015,0.13260661178177707,0.13260661178177707,0.13260661178177705,2.4228166920137544e-17,0.0,0.2587249945857074,0.41057974472877656,0.4145280229066406,0.47148631528007445,0.47367856592856267,,,0.26407817643965176,1.7759981969740676e-14,1.7759981969740676e-14,0.9999999999999779,0.0,0.9090423597991542,0.00809885593070546,0.9009435038684487,8.95852341906834e-06,0.008909217313585738,0.008909217313585738,,,,8.821335135242568e-06,1.4666036431958557e-32,1.4666036431958557e-32,8.821335135242568e-06,8.821335135242568e-06,1.4666036431958557e-32,0.9988500974705182,4.916783863917202e-19,,,,,,,,0.29317623956088273,0.041275005414292174,0.23164697542776536,0.9989198649142959,4.268253471167167e-15,1.7676290045934474e-14,0.999999999999978,1.1744286844528556e-05,242.3135517199469,309.09579548574567,0.006519419041583563,,,9.901774485286134,48.22310857500472,0.20533256311930248,0.006519419041583563,0.03492840267969369
693168,highT_reference,single_step,42686.909051310584,11.857474736475162,1400.0,0.9749219808420574,1058.183958917918,1055.0336655568215,1070.6929465365197,1.2562756269970018e-32,0.013166189061071528,,False,,900.0,solver_state,0.8904165275789171,0.8904165275789171,1.6995479795534533e-14,1.0,,,,,,0.022643655915262163,4.955540578907209e-16,4.955540578907209e-16,4.2830439645328184e-16,6.724966143743913e-17,0.0,0.025078019157942118,0.13260661178177705,0.13260661178177705,0.13260661178177705,1.276785164856415e-17,0.0,0.2587249945857074,0.4002293795128582,0.4042478553215012,0.4596005432442893,0.46193147392313294,,,0.26407817643965237,1.7078876675059517e-14,1.7078876675059517e-14,0.9999999999999802,0.0,0.9090423597991542,0.0,0.9090423597991542,9.039054318299375e-06,0.0,0.0,,,,0.0,1.2562756269970018e-32,1.2562756269970018e-32,0.0,0.0,1.2562756269970018e-32,0.9988419598458174,3.8653677883235537e-19,,,,,,,,0.29317623956088285,0.041275005414292174,0.23364697542776536,0.998912205540466,2.669228591657699e-15,1.6995479910687797e-14,0.9999999999999802,1.1764974600722142e-05,242.3135517199475,309.0934254455352,0.006519333279253413,,,9.90169856188625,48.22310857500472,0.20533098869985653,0.006519333279253413,0.022643655915262163
693168,highT_reference,single_step,43586.909051310584,12.107474736475162,1400.0,0.9749219808420574,1069.9679029375502,1066.895506636738,1082.4877708647443,8.921393785368423e-06,0.012999512163516871,,False,,224.1802175888828,solver_state,0.8581931156149414,0.8581931156149414,1.0444885866979795e-14,1.0,,,,,,0.03395154971401694,3.255908690911208e-16,3.255908690911208e-16,2.632420165114739e-16,6.23488525796469e-17,0.0,0.02507801915794229,0.13260661178177705,0.13260661178177705,0.13260661178177705,1.1708171873178227e-17,0.0,0.25872499458570763,0.4002293795128582,0.40424785532150115,0.45960054324429017,0.46193147392313444,,,0.2640781764396545,1.0496922219157842e-14,1.0496922219157842e-14,0.999999999999987,0.0,0.9090423597991542,0.00809885593070546,0.9009435038684487,8.95852341906834e-06,0.008909217313585738,0.008909217313585738,,,,8.921393785368423e-06,4.756787402255312e-33,4.756787402255312e-33,8.921393785368423e-06,8.921393785368423e-06,4.756787402255312e-33,0.9988096573781307,2.6657324919062544e-19,,,,,,,,0.2931762395608832,0.041275005414292174,0.23364697542776536,0.9988818014631798,2.4745031447560145e-15,1.0444886151622987e-14,0.999999999999987,1.1745418642922846e-05,242.3135517199494,309.0840175112405,0.006518992853337069,,,9.901397182038583,48.22310857500472,0.20532473900222042,0.006518992853337069,0.03395154971401694
693168,highT_reference,single_step,43811.089268899465,12.16974701913874,1400.0,0.9769219808420574,1072.878177719665,1069.8247703280185,1085.4009376950746,4.120424614425884e-33,0.012986342315889746,,False,,900.0,solver_state,0.8921009362701937,0.8921009362701937,1.0131494444391578e-14,1.0,,,,,,0.022063862894782824,2.7113658273974186e-16,2.7113658273974186e-16,2.350267073652795e-16,3.6109875374462344e-17,0.0,0.02307801915794234,0.13260661178177705,0.13260661178177705,0.13260661178177705,5.500716522650757e-18,0.0,0.25872499458570763,0.38931430385333426,0.39341873012751394,0.44706628948365285,0.4495570903796671,,,0.2640781764396549,1.0184006944304486e-14,1.0184006944304486e-14,0.9999999999999882,0.0,0.9090423597991542,0.0,0.9090423597991542,9.039054318299375e-06,0.0,0.0,,,,0.0,4.120424614425884e-33,4.120424614425884e-33,0.0,0.0,4.120424614425884e-33,0.9988016113470518,2.1081911552310676e-19,,,,,,,,0.29317623956088323,0.041275005414292174,0.23564697542776536,0.9988742282819647,1.5570340510777225e-15,1.0131494513220125e-14,0.9999999999999883,1.1765439693080416e-05,242.31355171994977,309.08167414161267,0.006518908060992074,,,9.901322113021378,48.22310857500472,0.205323182300062,0.006518908060992074,0.022063862894782824
693168,highT_reference,single_step,44711.089268899465,12.41974701913874,1400.0,0.9769219808420574,1084.5028965231975,1081.524881553535,1097.038066078337,9.031060193170034e-06,0.012826390292173409,,False,,221.4579415064192,solver_state,0.8607751422668467,0.8607751422668467,6.248169056539552e-15,1.0,,,,,,0.033029917970355024,1.7868232531131962e-16,1.7868232531131962e-16,1.4495388357855714e-16,3.3728441732762486e-17,0.0,0.023078019157942435,0.13260661178177705,0.13260661178177705,0.13260661178177705,4.98274338198633e-18,0.0,0.25872499458570775,0.3893143038533342,0.3934187301275139,0.44706628948365335,0.449557090379668,,,0.2640781764396562,6.2810366256529116e-15,6.2810366256529116e-15,0.9999999999999922,0.0,0.9090423597991542,0.00809885593070546,0.9009435038684487,8.95852341906834e-06,0.008909217313585738,0.008909217313585738,,,,9.031060193170034e-06,1.5709769878311078e-33,1.5709769878311078e-33,9.031060193170034e-06,9.031060193170034e-06,1.5709769878311078e-33,0.9987693101842265,1.4546020451979498e-19,,,,,,,,0.2931762395608834,0.041275005414292174,0.23564697542776536,0.9988438253605938,1.4542275351716984e-15,6.248169229100686e-15,0.9999999999999923,1.1746458726815498e-05,242.3135517199509,309.0722665649929,0.006518567667597565,,,9.901020744631698,48.22310857500472,0.20531693284002955,0.006518567667597565,0.033029917970355024
693168,highT_reference,single_step,44932.547210405886,12.481263114001635,1400.0,0.9789219808420574,1087.3396916550741,1084.379844656556,1099.878076936037,1.3776332174112099e-33,0.012814032609961766,,False,,900.0,solver_state,0.8936799088252103,0.8936799088252103,6.121289533519882e-15,1.0,,,,,,0.021521356582457726,1.4926030151862482e-16,1.4926030151862482e-16,1.2973402263526022e-16,1.952627888336459e-17,0.0,0.021078019157942465,0.13260661178177705,0.13260661178177705,0.13260661178177705,1.596852177084133e-18,0.0,0.25872499458570775,0.37775057502189474,0.3819610882083093,0.43378715883527985,0.43646450332211734,,,0.2640781764396564,6.154943766922893e-15,6.154943766922893e-15,0.9999999999999929,0.0,0.9090423597991542,0.0,0.9090423597991542,9.039054318299375e-06,0.0,0.0,,,,0.0,1.3776332174112099e-33,1.3776332174112099e-33,0.0,0.0,1.3776332174112099e-33,0.9987613621787873,1.1570801204458287e-19,,,,,,,,0.29317623956088346,0.041275005414292174,0.23764697542776536,0.9988363444264798,9.215684369697955e-16,6.121289575123137e-15,0.9999999999999929,1.1765842980945061e-05,242.3135517199511,309.06995173938765,0.006518483912899408,,,9.90094659001216,48.22310857500472,0.2053153950996862,0.006518483912899408,0.021521356582457726
693168,highT_reference,single_step,45832.547210405886,12.731263114001635,1400.0,0.9789219808420574,1098.8117912976209,1095.9249907233434,1111.3639884030881,9.152221177096593e-06,0.012660363733896592,,False,,94.23016660832708,solver_state,0.8632218787616526,0.8632218787616526,3.786861560875136e-15,1.0,,,,,,0.03215912715637419,9.863696913287591e-17,9.863696913287591e-17,8.026486650064804e-17,1.8372102632227873e-17,0.0,0.021078019157942513,0.13260661178177705,0.13260661178177705,0.13260661178177705,1.3443286948763078e-18,0.0,0.25872499458570775,0.37775057502189474,0.3819610882083094,0.4337871588352802,0.4364645033221179,,,0.2640781764396572,3.807989066676726e-15,3.807989066676726e-15,0.9999999999999953,0.0,0.9090423597991542,0.00809885593070546,0.9009435038684487,8.95852341906834e-06,0.008909217313585738,0.008909217313585738,,,,9.152221177096593e-06,5.285320249869083e-34,5.285320249869083e-34,9.152221177096593e-06,9.152221177096593e-06,5.285320249869083e-34,0.9987290623176136,7.985293312750023e-20,,,,,,,,0.29317623956088357,0.041275005414292174,0.23764697542776536,0.9988059426581838,8.67023364734575e-16,3.786861666747056e-15,0.9999999999999953,1.1747414513485298e-05,242.31355171995182,309.0605445195638,0.006518143551944333,,,9.900645233052312,48.22310857500472,0.20530914587667357,0.006518143551944333,0.03215912715637419
693168,highT_reference,single_step,45926.777377014216,12.757438160281726,1400.0,0.9797843961684115,1100.0041324534477,1097.1248396691517,1112.5578304887688,5.032395922007613e-34,0.012658970463898045,,False,,900.0,solver_state,0.8825525413123361,0.8825525413123361,3.772932902929454e-15,1.0,,,,,,0.025365059067211395,8.651505322737385e-17,8.651505322737385e-17,7.670654961558727e-17,9.80850361178658e-18,0.0,0.020215603831588453,0.13260661178177705,0.13260661178177705,0.13260661178177705,0.0,0.0,0.25872499458570775,0.37253859591974015,0.3768029462511279,0.4278020173464423,0.4305703213595405,,,0.26407817643965725,3.7944228752507995e-15,3.7944228752507995e-15,0.9999999999999957,0.0,0.9090423597991542,0.0,0.9090423597991542,9.039054318299375e-06,0.0,0.0,,,,0.0,5.032395922007613e-34,5.032395922007613e-34,0.0,0.0,5.032395922007613e-34,0.9987256805765788,7.122363866681347e-20,,,,,,,,0.29317623956088357,0.041275005414292174,0.23850939075411942,0.9988027596409292,4.825806774031911e-16,3.77293291397028e-15,0.9999999999999957,1.1758869687935581e-05,242.31355171995187,309.0595595984656,0.0065181079175947645,,,9.900613681453287,48.22310857500472,0.20530849159286735,0.0065181079175947645,0.025365059067211395
693168,highT_reference,single_step,46826.777377014216,13.007438160281726,1400.0,0.9797843961684115,1111.3387985014012,1108.5304549187158,1123.9074332305497,9.208608115383222e-06,0.012518283733739205,,False,,18.730633675532488,solver_state,0.8650029546420291,0.8650029546420291,2.2769865059322713e-15,1.0,,,,,,0.03152679483978951,5.650581146077708e-17,5.650581146077708e-17,4.629733445964533e-17,1.0208477001131753e-17,0.0,0.020215603831588484,0.13260661178177705,0.13260661178177705,0.13260661178177705,3.847262663906761e-19,0.0,0.25872499458570775,0.37253859591974015,0.3768029462511279,0.4278020173464425,0.4305703213595408,,,0.26407817643965775,2.2901781636273434e-15,2.2901781636273434e-15,0.9999999999999972,0.0,0.9090423597991542,0.00809885593070546,0.9009435038684487,8.95852341906834e-06,0.008909217313585738,0.008909217313585738,,,,9.208608115383222e-06,1.838366962496932e-34,1.838366962496932e-34,9.208608115383222e-06,9.208608115383222e-06,1.838366962496932e-34,0.9986933818693435,4.577061450436826e-20,,,,,,,,0.2931762395608836,0.041275005414292174,0.23850939075411942,0.9987723588948577,5.022179703448228e-16,2.2769865704991933e-15,0.9999999999999973,1.1748025987008106e-05,242.31355171995233,309.05015269494874,0.006517767585395855,,,9.900312334626221,48.22310857500472,0.20530224257997767,0.006517767585395855,0.03152679483978951
693168,highT_reference,single_step,46845.50801068975,13.012641114080486,1400.0,0.9799568792336822,1111.5732491540211,1108.7663599885082,1124.1422043631005,1.8217649884709979e-34,0.012518568078567837,,False,,900.0,solver_state,0.8696065342921802,0.8696065342921802,2.2763924381594008e-15,1.0,,,,,,0.029898441550562795,5.256261225754261e-17,5.256261225754261e-17,4.5891477780313745e-17,6.671134477228866e-18,0.0,0.020043120766317712,0.13260661178177705,0.13260661178177705,0.13260661178177705,0.0,0.0,0.25872499458570775,0.37147855290510107,0.3757543706315174,0.42658472399760394,0.4293721194298394,,,0.26407817643965775,2.289637343174315e-15,2.289637343174315e-15,0.9999999999999974,0.0,0.9090423597991542,0.0,0.9090423597991542,9.039054318299375e-06,0.0,0.0,,,,0.0,1.8217649884709979e-34,1.8217649884709979e-34,0.0,0.0,1.8217649884709979e-34,0.9986927096857131,4.463327872817166e-20,,,,,,,,0.2931762395608836,0.041275005414292174,0.2386818738193902,0.9987717262099779,3.309827672002219e-16,2.276392439502689e-15,0.9999999999999974,1.1750771665391692e-05,242.31355171995233,309.04995692325264,0.0065177605027415195,,,9.900306063149179,48.22310857500472,0.2053021125286967,0.0065177605027415195,0.029898441550562795
693168,highT_reference,single_step,47745.50801068975,13.262641114080486,1400.0,0.9799568792336822,1122.783424022022,1120.045616431542,1135.3682733241494,9.220217017326523e-06,0.01239116431758118,,False,,3.741410097979868,solver_state,0.8665015131952025,0.8665015131952025,1.3322265471934204e-15,1.0,,,,,,0.030995772548712455,3.3524544376302085e-17,3.3524544376302085e-17,2.686047789781566e-17,6.664066478486429e-18,0.0,0.02004312076631773,0.13260661178177705,0.13260661178177705,0.13260661178177705,3.341483680005017e-21,0.0,0.25872499458570775,0.37147855290510107,0.3757543706315174,0.42658472399760405,0.4293721194298396,,,0.26407817643965814,1.3401345135311656e-15,1.3401345135311656e-15,0.9999999999999982,0.0,0.9090423597991542,0.00809885593070546,0.9009435038684487,8.95852341906834e-06,0.008909217313585738,0.008909217313585738,,,,9.220217017326523e-06,6.262681182573109e-35,6.262681182573109e-35,9.220217017326523e-06,9.220217017326523e-06,6.262681182573109e-35,0.9986604120447524,2.6414261655906315e-20,,,,,,,,0.2931762395608837,0.041275005414292174,0.2386818738193902,0.9987413264084756,3.306214278394233e-16,1.3322265856328625e-15,0.9999999999999983,1.1748501072179698e-05,242.3135517199526,309.0405503120138,0.006517420197112541,,,9.900004725685138,48.22310857500472,0.20529586370996755,0.006517420197112541,0.030995772548712455
693168,highT_reference,single_step,47749.24942078773,13.26368039466326,1400.0,0.9799913758467365,1122.8297834920863,1120.0922595462669,1135.4147007450313,7.296356224500634e-06,0.012391245666035056,,False,,0.9455846724770738,solver_state,0.8674439140976526,0.8674439140976526,1.3321885757154124e-15,1.0,,,,,,0.030662304900579113,3.3013234254779197e-17,3.3013234254779197e-17,2.681362077943598e-17,6.199613475343215e-18,0.0,0.020008624153263536,0.13260661178177705,0.13260661178177705,0.13260661178177705,0.0,0.0,0.25872499458570775,0.37126581770343625,0.3755439585144274,0.4263404309424544,0.42913168259224993,,,0.26407817643965814,1.3401031762127662e-15,1.3401031762127662e-15,0.9999999999999982,0.0,0.9090423597991542,0.0064066593063657066,0.9026357004927884,8.975349760591115e-06,0.007047701614016324,0.007047701614016324,,,,7.296356224500634e-06,6.251571655566305e-35,6.251571655566305e-35,7.296356224500634e-06,7.296356224500634e-06,6.251571655566305e-35,0.998660277781688,2.6280058563728523e-20,,,,,,,,0.2931762395608837,0.041275005414292174,0.2387163704324444,0.9987412000347131,3.081039534170962e-16,1.3321885758752024e-15,0.9999999999999984,1.174906337091645e-05,242.3135517199526,309.0405112081778,0.006517418782474734,,,9.90000347300758,48.22310857500472,0.20529583773326066,0.006517418782474734,0.030662304900579113
693168,highT_reference,single_step,47750.195005460206,13.263943057072279,1400.0,0.9799982751693472,1122.8415004029175,1120.104048150023,1135.426434834196,6.913420559501342e-06,0.012391265148436846,,False,,0.19959215706951777,solver_state,0.8676805379241991,0.8676805379241991,1.3320613677696188e-15,1.0,,,,,,0.03057863269986692,3.2892614451548474e-17,3.2892614451548474e-17,2.680183663595012e-17,6.090777815598353e-18,0.0,0.020001724830652715,0.13260661178177705,0.13260661178177705,0.13260661178177705,0.0,0.0,0.25872499458570775,0.3712232080866357,0.3755015640553099,0.42629150047851344,0.4290832386765683,,,0.26407817643965814,1.3399762701902672e-15,1.3399762701902672e-15,0.9999999999999984,0.0,0.9090423597991542,0.006069972805236522,0.9029723869939177,8.978697599708996e-06,0.006677326683189588,0.006677326683189588,,,,6.913420559501342e-06,6.248232720559891e-35,6.248232720559891e-35,6.913420559501342e-06,6.913420559501342e-06,6.248232720559891e-35,0.9986602438487372,2.6246426605849263e-20,,,,,,,,0.2931762395608837,0.041275005414292174,0.23872326975505523,0.9987411680956633,3.027984651115192e-16,1.3320613678099996e-15,0.9999999999999984,1.1749204465738122e-05,242.3135517199526,309.0405013252769,0.006517418424946549,,,9.900003156412346,48.22310857500472,0.20529583116804237,0.006517418424946549,0.03057863269986692
693168,highT_reference,single_step,47750.394597617276,13.263998499338133,1400.0,0.9799996550338694,1122.843973599533,1120.1065364797664,1135.4289116570312,6.836933608100162e-06,0.012391269206940014,,False,,0.04036501160592842,solver_state,0.8677304065606193,0.8677304065606193,1.3320295936915032e-15,1.0,,,,,,0.030561001636947457,3.286758018081391e-17,3.286758018081391e-17,2.6799352345229436e-17,6.068227835584472e-18,0.0,0.020000344966130516,0.13260661178177705,0.13260661178177705,0.13260661178177705,0.0,0.0,0.25872499458570775,0.3712146836593089,0.3754930720910389,0.42628171151057825,0.42907353495618505,,,0.26407817643965814,1.3399445054879115e-15,1.3399445054879115e-15,0.9999999999999984,0.0,0.9090423597991542,0.006002729134371423,0.9030396306647828,8.979366236529886e-06,0.00660335469482157,0.00660335469482157,,,,6.836933608100162e-06,6.247505888174464e-35,6.247505888174464e-35,6.836933608100162e-06,6.836933608100162e-06,6.247505888174464e-35,0.9986602366862366,2.623934214743876e-20,,,,,,,,0.2931762395608837,0.041275005414292174,0.23872464961957743,0.9987411613540316,3.016980076034142e-16,1.3320295937000264e-15,0.9999999999999984,1.1749234196936935e-05,242.3135517199526,309.04049923921366,0.006517418349480204,,,9.900003089586049,48.22310857500472,0.20529582978226904,0.006517418349480204,0.030561001636947457
693168,highT_reference,single_step,47750.43496262888,13.264009711841355,1400.0,0.9799999310067739,1122.844473773147,1120.1070397138797,1135.429412564013,6.8216405100347045e-06,0.012391270025457826,,False,,0.00809110078793463,solver_state,0.8677404886098856,0.8677404886098856,1.3320229691342584e-15,1.0,,,,,,0.03055743725026776,3.2862535162704274e-17,3.2862535162704274e-17,2.679885005992147e-17,6.063685102782802e-18,0.0,0.020000068993226074,0.13260661178177705,0.13260661178177705,0.13260661178177705,0.0,0.0,0.25872499458570775,0.3712129786737337,0.375491373170506,0.4262797536020415,0.4290715936091559,,,0.26407817643965814,1.3399378806642152e-15,1.3399378806642152e-15,0.9999999999999984,0.0,0.9090423597991542,0.005989284395945467,0.9030530754032087,8.97949992416239e-06,0.006588564692704477,0.006588564692704477,,,,6.8216405100347045e-06,6.24735800742329e-35,6.24735800742329e-35,6.8216405100347045e-06,6.8216405100347045e-06,6.24735800742329e-35,0.9986602352377106,2.6237910017140227e-20,,,,,,,,0.2931762395608837,0.041275005414292174,0.23872492559248187,0.998741159990621,3.0147627029044705e-16,1.3320229691359821e-15,0.9999999999999984,1.1749240207561274e-05,242.3135517199526,309.0404988173335,0.006517418334218083,,,9.900003076071267,48.22310857500472,0.20529582950201375,0.006517418334218083,0.03055743725026776
693168,highT_reference,single_step,47750.44305372967,13.264011959369354,1400.0,0.9799999862013548,1122.8445740321574,1120.1071405863627,1135.4295129700263,6.818582064540201e-06,0.0123912701894369,,False,,0.001618946003239767,solver_state,0.8677425094085884,0.8677425094085884,1.3320216332930294e-15,1.0,,,,,,0.030556722826290236,3.286152461783298e-17,3.286152461783298e-17,2.6798749382972403e-17,6.062775234860575e-18,0.0,0.02000001379864517,0.13260661178177705,0.13260661178177705,0.13260661178177705,0.0,0.0,0.25872499458570775,0.3712126376726147,0.375491033365254,0.4262793620157367,0.42907120531558823,,,0.26407817643965814,1.3399365446831714e-15,1.3399365446831714e-15,0.9999999999999984,0.0,0.9090423597991542,0.005986595610226651,0.9030557641889275,8.97952666007838e-06,0.006585606870453587,0.006585606870453587,,,,6.818582064540201e-06,6.247328329403162e-35,6.247328329403162e-35,6.818582064540201e-06,6.818582064540201e-06,6.247328329403162e-35,0.9986602349473559,2.6237622973734086e-20,,,,,,,,0.2931762395608837,0.041275005414292174,0.23872498078706278,0.9987411597173276,3.014318563986119e-16,1.3320216332933752e-15,0.9999999999999984,1.174924141229472e-05,242.3135517199526,309.04049873276824,0.006517418331158817,,,9.900003073362251,48.22310857500472,0.20529582944583705,0.006517418331158817,0.030556722826290236
693168,highT_reference,single_step,47750.44467267567,13.264012409076576,1400.0,0.979999997240271,1122.8445940929546,1120.1071607699093,1135.4295330602372,6.817970382425765e-06,0.012391270222243754,,False,,0.001,solver_state,0.8677429137443364,0.8677429137443364,1.332021365686457e-15,1.0,,,,,,0.03055657987946961,3.28613224470901e-17,3.28613224470901e-17,2.67987292387644e-17,6.062593208325706e-18,0.0,0.02000000275972899,0.13260661178177705,0.13260661178177705,0.13260661178177705,0.0,0.0,0.25872499458570775,0.3712125694722307,0.3754909654033575,0.4262792836982918,0.4290711276559079,,,0.26407817643965814,1.3399362770451684e-15,1.3399362770451684e-15,0.9999999999999984,0.0,0.9090423597991542,0.005986057859578883,0.9030563019395753,8.979532007196985e-06,0.006585015313149385,0.006585015313149385,,,,6.817970382425765e-06,6.247322389713813e-35,6.247322389713813e-35,6.817970382425765e-06,6.817970382425765e-06,6.247322389713813e-35,0.998660234889259,2.6237565540295788e-20,,,,,,,,0.2931762395608837,0.041275005414292174,0.23872499182597895,0.9987411596626443,3.014229709582592e-16,1.332021365686526e-15,0.9999999999999984,1.1749241653346018e-05,242.3135517199526,309.04049871584766,0.006517418330546689,,,9.900003072820205,48.22310857500472,0.20529582943459665,0.006517418330546689,0.03055657987946961
693168,highT_reference,single_step,47750.44567267567,13.264012686854352,1400.0,0.9800000040582414,1122.8446064842246,1120.1071732370003,1135.429545469676,6.817592589708413e-06,0.012391270242507347,,True,,0.0,solver_state,0.8677431634957102,0.8677431634957102,1.332021200350143e-15,1.0,,,,,,0.03055649158366211,3.2861197572657293e-17,3.2861197572657293e-17,2.6798716795999e-17,6.062480776658295e-18,0.0,0.019999995941758608,0.13260661178177705,0.13260661178177705,0.13260661178177705,0.0,0.0,0.25872499458570775,0.37121252734957627,0.37549092342791546,0.42627923532702944,0.4290710796908042,,,0.26407817643965814,1.3399361116891574e-15,1.3399361116891574e-15,0.9999999999999984,0.0,0.9090423597991542,0.00598572572914723,0.9030566340700069,8.979535309732868e-06,0.006584649950162641,0.006584649950162641,,,,6.817592589708413e-06,6.247318720674109e-35,6.247318720674109e-35,6.817592589708413e-06,6.817592589708413e-06,6.247318720674109e-35,0.9986602348533733,2.6237530064650865e-20,,,,,,,,0.2931762395608837,0.041275005414292174,0.23872499864394933,0.9987411596288673,3.014174827098397e-16,1.3320212003501859e-15,0.9999999999999984,1.1749241802239288e-05,242.3135517199526,309.04049870539603,0.0065174183301685866,,,9.90000307248539,48.22310857500472,0.20529582942765362,0.0065174183301685866,0.03055649158366211
693168,success,first_step,0.0,0.0,1400.0,0.7,102.95481792457315,81.6452103611268,150.33536985673965,0.000165211146178224,0.2788914426386925,-0.12054614733593827,False,SUCCESS,12.105720747451688,solver_state,0.9586263489399245,0.9586263489399245,0.5808905609186248,1.0,,,,,,0.0,0.2968838985529751,0.20489706890750348,0.17423479235901293,0.030662276548490533,0.0919868296454716,0.0031161014470250004,0.2968838985529751,0.20489706890750348,0.17423479235901293,0.030662276548490533,0.0919868296454716,0.0031161014470250004,1.0,1.0,1.0,1.0,,,0.0,0.5807826411967095,0.5807826411967095,0.010387004823416665,0.30662276548490525,0.9090423597991542,0.9090423597991542,0.0,0.0,1.0,1.0,,,,8.558859877705606e-06,0.00015665228630051839,0.00015665228630051839,8.558859877705606e-06,8.558859877705606e-06,0.00015665228630051839,0.0,0.0001220299647875518,,,,,,,,0.0,0.0,0.0,0.1,0.10218060856448966,0.5808905609186248,0.3169288305168856,2.0565801323084202e-05,0.0,30.94300217087635,0.0011802295682127064,,,0.9525487726954505,48.22310857500472,0.019752952491934147,0.0011802295682127064,0.0
693168,success,first_step,12.105720747451688,0.003362700207625469,1400.0,0.702,106.24842753472326,85.27269883619763,152.34464220559173,0.00021347910027827384,0.14108675971543577,-0.09241169263815041,False,SUCCESS,9.368598600017352,solver_state,0.1445191345050097,0.1445191345050097,0.5762038090166259,1.0,,,,,,0.5918836329542403,0.27612890260546896,0.20258043434625317,0.17167438107560956,0.03090605327064361,0.07354846825921582,0.021871097394531074,0.2767970827188782,0.2032486144596861,0.17234256118908992,0.03090605327059618,0.0735484682591921,0.02197470856212715,0.9991359597955343,0.9991670593730878,0.9984197912506528,0.9985019786067575,,,0.0007396796072796054,0.5760885270993609,0.5760885270993609,0.0733929442769499,0.24680694046716714,0.9090423597991542,0.9086946704322698,0.0003476893668843406,3.4572460120087784e-09,0.9996175212704487,0.9996175212704487,,,,6.037580596314109e-05,0.00015310329431513273,0.00015310329431513273,6.037580596314109e-05,6.037580596314109e-05,0.00015310329431513273,0.00495825359258475,0.0007249623613762035,,,,,,,,0.0014772606765394648,0.0018963888324039276,0.0001036111675960726,0.1049346142067932,0.10368281305446919,0.5762038090108422,0.3201133779346885,1.114966403571486e-05,0.6787171682239252,32.469919952008745,0.0011918316213865088,,,0.9989593465870382,48.22310857500472,0.02071536605802357,0.0011918316213865088,0.5918836329542403
693168,success,first_step,21.47431934746904,0.005965088707630289,1400.0,0.704,107.558767074686,86.69823234437968,153.24636121133304,0.00024391132113968725,0.05338940645831196,-0.08121859667674969,False,SUCCESS,8.199701394157946,solver_state,0.0001453439252420037,0.0001453439252420037,0.564881176975178,1.0,,,,,,2.7637947192828762,0.2610883242574706,0.1991972878393467,0.1671704421440565,0.03202684569529021,0.06189103641812388,0.0349116757425295,0.26482854177961584,0.20293750536151653,0.17091065966627544,0.03202684569524108,0.061891036418099316,0.03558092360134678,0.9950286847268552,0.9952964508570572,0.9936935734915002,0.993725663898,,,0.0041644840401706025,0.5647650072434339,0.5647650072434339,0.11794485048151854,0.20909133925041845,0.9090423597991542,0.906781521959288,0.002260837839866192,2.2480620203366843e-08,0.9975129455569423,0.9975129455569423,,,,9.775766395059195e-05,0.0001461536571890953,0.0001461536571890953,9.775766395059195e-05,9.775766395059195e-05,0.0001461536571890953,0.027915555242656036,0.0007560154844850881,,,,,,,,0.008269142040393838,0.0033307521411827246,0.0006692478588172755,0.12778262066612633,0.10817096964740344,0.5648811769707633,0.3269478533818332,4.281752856778878e-06,3.821258279547912,39.539779086722156,0.0012470054426367636,,,1.2143138181111115,48.22310857500472,0.025181160111700504,0.0012470054426367636,2.7637947192828762
693168,success,first_step,29.67402074162699,0.00824278353934083,1400.0,0.706,107.99528673078599,87.16042192356406,153.54823668570185,0.00026731574949064697,0.03568498739478198,-0.07748978727220124,False,SUCCESS,7.481788872563146,solver_state,3.36379452638254e-07,3.36379452638254e-07,0.5551176182573838,1.0,,,,,,4.662949944139177,0.24915078571893634,0.19621933749188258,0.16316951961596143,0.03304981787592115,0.05293144822705375,0.04484921428106371,0.25569492012872386,0.2027634719016947,0.16971365402582272,0.03304981787587196,0.052931448227029165,0.046320045793266276,0.9910346586761558,0.9913942363646016,0.9893111210121731,0.9893178406389198,,,0.007310713707684415,0.5549983660406851,0.5549983660406851,0.1525483478947745,0.18003893954780184,0.9090423597991542,0.9040522510523183,0.0049901087468358085,4.961910028795082e-08,0.9945105872206678,0.9945105872206678,,,,0.00012712755972157984,0.00014018818976906713,0.00014018818976906713,0.00012712755972157984,0.00012712755972157984,0.00014018818976906713,0.04900549542517713,0.0007379579379109297,,,,,,,,0.01446824326253121,0.004529168487797432,0.0014708315122025683,0.14877215756574091,0.11238673983260825,0.5551176182536404,0.33249564191375136,2.8664148520752355e-06,6.7081840208121974,46.0345719452268,0.0012994752338571494,,,1.4114091194060632,48.22310857500472,0.02926831473775278,0.0012994752338571494,4.662949944139177
693168,success,first_step,37.15580961419013,0.010321058226163925,1400.0,0.708,108.26180400304378,87.44191411605641,153.72981737560804,0.00028640416741100946,0.028216824569100622,-0.07521316101406583,False,SUCCESS,6.983138611701358,solver_state,1.8045471912787512e-09,1.8045471912787512e-09,0.5467795822911908,1.0,,,,,,6.30467075495141,0.23918823766568548,0.1935850139662484,0.15962408327984817,0.0339609306864002,0.045603223699437104,0.052811762334314574,0.24822968788153332,0.20262646418212082,0.16866553349576982,0.033960930686351,0.0456032236994125,0.05523373540823817,0.987231851794617,0.9876497298734602,0.9851727813223341,0.9852007827183834,,,0.010132125445235512,0.5466578194515348,0.5466578194515348,0.1808621997750499,0.15617542362820924,0.9090423597991542,0.9007920322932621,0.008250327505892052,8.203705544150271e-08,0.9909241550550901,0.9909241550550901,,,,0.00015132376073371325,0.0001350804066772962,0.0001350804066772962,0.00015132376073371325,0.00015132376073371325,0.0001350804066772962,0.06791809648054686,0.000721923266804117,,,,,,,,0.01998948875081285,0.005578026926076409,0.002421973073923591,0.16759472094292038,0.11627738998891236,0.5467795822878811,0.3369430277232065,2.2701172145853604e-06,9.297062466639161,51.85883813964202,0.001348005708878506,,,1.5875157862499103,48.22310857500472,0.03292022918391372,0.001348005708878506,6.30467075495141
693168,success,first_step,44.13894822589149,0.012260818951636525,1400.0,0.71,108.45858962079932,87.64968464794777,153.86298670802557,0.0003024494447405005,0.024059479064392566,-0.07353219189408966,False,SUCCESS,6.612675390149868,solver_state,1.7424241209501877e-11,1.7424241209501877e-11,0.5394370549358327,1.0,,,,,,7.765493090735077,0.2305998815140644,0.19119367741487964,0.15640083586200182,0.034792841552877804,0.03940620409918477,0.05940011848593567,0.24192155886775213,0.20251535476859195,0.16772251321576337,0.034792841552828586,0.039406204099160166,0.06287880635630672,0.9835524778575898,0.9840160417344596,0.9812115382633364,0.981279531633793,,,0.012726059389793579,0.5393132271103509,0.5393132271103509,0.20482799477908845,0.13588346241098193,0.9090423597991542,0.8971454116290676,0.011896948170086574,1.1829719437404919e-07,0.9869126580936062,0.9869126580936062,,,,0.00017187571457557042,0.00013057373016493005,0.00013057373016493005,0.00017187571457557042,0.00017187571457557042,0.00013057373016493005,0.08530585428109069,0.0007073456592783592,,,,,,,,0.02503077898991826,0.006521312129628958,0.003478687870371042,0.18489970035852626,0.1199487295559824,0.5394370549328383,0.3406142155111792,1.9384163390310565e-06,11.677211237408489,57.21351829588265,0.001393875390735227,,,1.7488678539154197,48.22310857500472,0.036266178303194306,0.001393875390735227,7.765493090735077
693168,success,first_step,50.75162361604136,0.014097673226678155,1400.0,0.712,108.61752006338857,87.81754015845051,153.97011193834356,0.00031619562800581935,0.021399716897986983,-0.07217458675371513,False,SUCCESS,6.32519814588705,solver_state,2.6194380016354514e-13,2.6194380016354514e-13,0.5328395758678015,1.0,,,,,,9.089340997281305,0.223036890505673,0.18898635620987705,0.15342164495771285,0.0355647112521642,0.03405053429579593,0.06496310949432708,0.23647422508432442,0.2024236907885531,0.16685897953643813,0.03556471125211498,0.03405053429577133,0.06957835567263643,0.9799524247577688,0.980416833261932,0.9773864245464685,0.9774924961939383,,,0.015149510240888566,0.5327140449920583,0.5327140449920583,0.22556635241085787,0.11823102186040249,0.9090423597991542,0.8931964614807026,0.015845898318451512,1.575635437433058e-07,0.9825685809383486,0.9825685809383486,,,,0.00018967729662487526,0.00012651833138094406,0.00012651833138094406,0.00018967729662487526,0.00018967729662487526,0.00012651833138094406,0.10155081890376402,0.0006938718326068411,,,,,,,,0.0297082262233576,0.007384753821690661,0.0046152461783093394,0.2010673270790046,0.12346267570288721,0.5328395758650522,0.3436977484320606,1.7263509275430524e-06,13.900927680286799,62.21626738297944,0.0014378286020954882,,,1.8991162123202818,48.22310857500472,0.039381870402785325,0.0014378286020954882,9.089340997281305
693168,success,first_step,57.07682176192841,0.01585467271164678,1400.0,0.714,108.75275667726264,87.96045525560696,154.06102210674072,0.00032812439735911166,0.019549342394734874,-0.0710193774736606,False,SUCCESS,6.095249289893933,solver_state,5.587370028968609e-15,5.587370028968609e-15,0.5268258234909471,1.0,,,,,,10.304457356763145,0.21627496896995596,0.18692484450730654,0.15063588328091393,0.03628896122639261,0.029350124462649417,0.06972503103004413,0.23169743742816346,0.20234731296553865,0.16605835173919525,0.03628896122634338,0.029350124462624805,0.075540023693282,0.9764337635446833,0.9769250441276612,0.9736562581668289,0.9738024708635711,,,0.017439362541170247,0.526698892590608,0.526698892590608,0.243793814790364,0.10262281280646646,0.9090423597991542,0.8889992436546127,0.020043116144541462,1.9929854047562945e-07,0.9779513947524185,0.9779513947524185,,,,0.00020530688196096578,0.00012281751539814587,0.00012281751539814587,0.00020530688196096578,0.00020530688196096578,0.00012281751539814587,0.11690023689251668,0.0006812728179084248,,,,,,,,0.03409710305244564,0.008185007336762131,0.005814992663237869,0.21634367059135448,0.12685932971525543,0.5268258234883962,0.3463148467963484,1.5789365037757566e-06,16.002056411491953,66.9432266876364,0.0014803450105358722,,,2.0406234809511288,48.22310857500472,0.042316298995474476,0.0014803450105358722,10.304457356763145
693168,success,first_step,63.17207105182234,0.017547797514395096,1400.0,0.716,108.87182124865132,88.08636966331285,154.14090288785263,0.0003385696133473739,0.018188261811958723,-0.0700023119478852,False,SUCCESS,5.90720466679327,solver_state,1.5864255788502682e-16,1.5864255788502682e-16,0.5212845644197992,1.0,,,,,,11.430354501474605,0.2101596688277198,0.18498265292533483,0.14800844393110757,0.03697420899422727,0.025177015902384955,0.07384033117228028,0.22746036801871808,0.20228335211635773,0.1653091431221797,0.03697420899417804,0.025177015902360343,0.08090672046200106,0.9729726812166316,0.9734878661619442,0.969998969409062,0.9701856429412318,,,0.019621169649414023,0.5211564927151673,0.5211564927151673,0.2600011660995784,0.08865146444501742,0.9090423597991542,0.8845909196357506,0.024451440163403504,2.4313266968822377e-07,0.9731019793524189,0.9731019793524189,,,,0.00021916510203698984,0.00011940451131038409,0.00011940451131038409,0.00021916510203698984,0.00021916510203698984,0.00011940451131038409,0.13152539896103296,0.0006693898390939564,,,,,,,,0.03824963071202601,0.008933610710279217,0.007066389289720783,0.23089920615215154,0.13016653752753282,0.521284564417414,0.3485488980550533,1.470606351544428e-06,18.004044749567193,71.4471463721965,0.0015217560230919927,,,2.1750260015868066,48.22310857500472,0.045103396812419067,0.0015217560230919927,11.430354501474605
693168,success,first_step,69.0792757186156,0.019188687699615445,1400.0,0.718,108.97918706880074,88.19999978851014,154.21282406077356,0.00034777434114718263,0.017146781067493958,-0.06908517872305608,False,SUCCESS,5.750855550190156,solver_state,5.725035013691246e-18,5.725035013691246e-18,0.5161352372706207,1.0,,,,,,12.481211955593366,0.2045792456055215,0.18314049512102432,0.14551376251789977,0.03762673260312456,0.021438750484497157,0.0774207543944786,0.22366848020463242,0.20222972972015987,0.16460299711708454,0.03762673260307533,0.021438750484472545,0.08578179679775051,0.9695932925172038,0.9700954315659521,0.9663969095205085,0.9666244954725728,,,0.021713527709798643,0.5160062500634742,0.5160062500634742,0.27454168224992404,0.07602393788828776,0.9090423597991542,0.8799982778163253,0.029044081982828818,2.8879956125029653e-07,0.968049803543538,0.968049803543538,,,,0.00023154343573023435,0.00011623090541694827,0.00011623090541694827,0.00023154343573023435,0.00023154343573023435,0.00011623090541694827,0.1455509598287691,0.0006581072774682485,,,,,,,,0.04220385349342582,0.009638957596728087,0.008361042403271913,0.2448579950418846,0.13340464462108859,0.5161352372683767,0.3504601181105348,1.3878086028106907e-06,19.92395619368179,75.76641472137464,0.0015623024728817728,,,2.303513961079674,48.22310857500472,0.0477678446941441,0.0015623024728817728,12.481211955593366
693168,success,first_step,74.83013126880576,0.020786147574668266,1400.0,0.7199999999999999,109.07773181840923,88.30437732873787,154.2787537471137,0.0003559222492519487,0.01632627516033696,-0.0682433962649831,False,SUCCESS,5.619204767904938,solver_state,2.5362707916678764e-19,2.5362707916678764e-19,0.5113172786348308,1.0,,,,,,13.467731569164012,0.19944975816306443,0.18138379909613112,0.14313252075636512,0.03825127833976598,0.01806595906693332,0.08055024183693568,0.2202508421860707,0.202184883119162,0.16393360477944524,0.03825127833971674,0.0180659590669087,0.09024285709268692,0.9662910247434586,0.9667154109020398,0.9628380725017378,0.9631057468701198,,,0.02373048509868808,0.5111875741298751,0.5111875741298751,0.287679435131913,0.06452128238190467,0.9090423597991542,0.8752413264471753,0.033801033351978815,3.3610026330422014e-07,0.9628168775771385,0.9628168775771385,,,,0.0002426619786868225,0.00011326027056512624,0.00011326027056512624,0.0002426619786868225,0.0002426619786868225,0.00011326027056512624,0.15907108935998154,0.0006473377632617521,,,,,,,,0.04598853338267463,0.010307384744248771,0.00969261525575123,0.2583137588139281,0.13658911084802675,0.5113172786327094,0.3520936105192639,1.32266759558933e-06,21.77468129018297,79.93003199746605,0.001602166252576119,,,2.426985755521534,48.22310857500472,0.05032827263192036,0.001602166252576119,13.467731569164012
693168,success,first_step,80.44933603671069,0.022347037787975192,1400.0,0.722,109.16941724939059,88.40156791432834,154.34003014953504,0.0003631562302046237,0.015665367023571086,-0.0674602070259055,False,SUCCESS,5.507271619360851,solver_state,1.3427134593402768e-20,1.3427134593402768e-20,0.5067838042178325,1.0,,,,,,14.398232734761553,0.19470626008086964,0.17970122964498114,0.14084968924172084,0.03885154040326029,0.015005030435888498,0.08329373991913043,0.2171526331632567,0.20214760272739282,0.16329606232418176,0.03885154040321106,0.015005030435863882,0.0943499225225079,0.9629959265026392,0.9633828880845761,0.9593093221948871,0.9596190633128358,,,0.025682971633741135,0.506653558423456,0.506653558423456,0.29961776949327484,0.05397492962549818,0.9090423597991542,0.8703354232007554,0.038706936598398745,3.8488206697562284e-07,0.9574200957951501,0.9574200957951501,,,,0.0002526918411735722,0.00011046438903105149,0.00011046438903105149,0.0002526918411735722,0.0002526918411735722,0.00011046438903105149,0.17215905291868885,0.0006370133237927606,,,,,,,,0.049626056828439985,0.010943817396622531,0.011056182603377469,0.271339414040699,0.13973205895848784,0.5067838042158189,0.3534841368256932,1.2702822654885443e-06,23.56624905007153,83.96056077705666,0.0016414890033529844,,,2.546139582376491,48.22310857500472,0.052799159108880445,0.0016414890033529844,14.398232734761553
693168,success,first_step,85.95660765607154,0.023876835460019872,1400.0,0.7239999999999999,109.25564187626965,88.49304357834981,154.3976052802855,0.0003695900934525189,0.01512378325703261,-0.06672366470732394,False,SUCCESS,5.411400455345103,solver_state,8.315027600740498e-22,8.315027600740498e-22,0.5024976484788012,1.0,,,,,,15.279338326654333,0.19029728603365614,0.1780837596765249,0.13865329720072528,0.03943046247579962,0.012213526357131237,0.08570271396634396,0.21433045630032335,0.20211692994321673,0.16268646746746634,0.03943046247575038,0.012213526357106621,0.09815053917506068,0.9597312555229962,0.9600769356963491,0.9558039779286827,0.9561562266943151,,,0.027579696108933193,0.5023670188432073,0.5023670188432073,0.3105170795882026,0.044251907091055184,0.9090423597991542,0.8652926114024418,0.04374974839671231,4.350252195697311e-07,0.9518727065630049,0.9518727065630049,,,,0.00026176921130300474,0.00010782088214951414,0.00010782088214951414,0.00026176921130300474,0.00026176921130300474,0.00010782088214951414,0.1848732277760535,0.0006270798194881439,,,,,,,,0.05313426222771858,0.011552174791283277,0.012447825208716722,0.28399306007896946,0.14284324560259584,0.5024976484768833,0.35465910592052097,1.227436773854819e-06,25.306650511561415,87.87597874537369,0.0016803838091395623,,,2.6615309747819476,48.22310857500472,0.05519202418571348,0.0016803838091395623,15.279338326654333
693168,success,first_step,91.36800811141664,0.025380002253171288,1400.0,0.726,109.33743885801806,88.5798915465666,154.4521812455184,0.000375316250022012,0.014673957770758354,-0.06602494392683911,False,SUCCESS,5.328839345172775,solver_state,5.920039657625363e-23,5.920039657625363e-23,0.498428766972111,1.0,,,,,,16.116424790714024,0.18618123986586468,0.1765240594012715,0.13653362327201637,0.03999043612925513,0.009657180464593192,0.08781876013413539,0.2117492706236456,0.20209209015907703,0.16210165402987115,0.0399904361292059,0.009657180464568572,0.10168312337209251,0.9563359177854523,0.9567937268286358,0.952315411290549,0.9527105789076962,,,0.029427736158690043,0.4982978951533443,0.4982978951533443,0.3205064238472094,0.035245184177347406,0.9090423597991542,0.8601224974051264,0.04891986239402779,4.864342004051895e-07,0.9461852774332362,0.9461852774332362,,,,0.0002700045961704303,0.0001053116538515817,0.0001053116538515817,0.0002700045961704303,0.0002700045961704303,0.0001053116538515817,0.1972610571209721,0.000617493284069053,,,,,,,,0.05652764224843445,0.012135636762042868,0.01386436323795713,0.2963219142567541,0.1459306986051206,0.49842876697027894,0.3556405344246005,1.1919299970509751e-06,27.002379989172017,91.69089636124977,0.0017189428567749203,,,2.7736106215138525,48.22310857500472,0.057516213771243406,0.0017189428567749203,16.116424790714024
693168,success,first_step,96.69684745658942,0.026860235404608173,1400.0,0.7279999999999999,109.4155940239937,88.6629386805421,154.50429131018305,0.0003804109543689239,0.014296359974557634,-0.06535733202475957,False,SUCCESS,5.2574721548643755,solver_state,4.7772843794183176e-24,4.7772843794183176e-24,0.4945524679814134,1.0,,,,,,16.913928857668022,0.18232393879199812,0.1750160793993337,0.13448264310532576,0.04053343629400793,0.007307859392664434,0.08967606120800198,0.20938030653564316,0.20207244714300335,0.16153901084904465,0.04053343629395869,0.007307859392639815,0.10497923556140959,0.9530594949439763,0.9535300658100279,0.9488381818151461,0.9492766393889839,,,0.031232940595253653,0.4944214820048739,0.4944214820048739,0.32969140150000714,0.026867130120089816,0.9090423597991542,0.8548328484270267,0.054209511372127483,5.390317762193066e-07,0.9403663528021899,0.9403663528021899,,,,0.0002774891242590228,0.00010292183010990113,0.00010292183010990113,0.0002774891242590228,0.0002774891242590228,0.00010292183010990113,0.20936174703067426,0.0006082174262375567,,,,,,,,0.05981816475596157,0.012696825646592393,0.015303174353407606,0.3083649960045456,0.1490011511236995,0.49455246797965885,0.3564463808966416,1.162202470514361e-06,28.658804251512603,95.41738740790932,0.0017572426449560079,,,2.882750167783053,48.22310857500472,0.05977943465215049,0.0017572426449560079,16.913928857668022
693168,success,first_step,101.9543196114538,0.028320644336514943,1400.0,0.73,109.49071982617404,88.74282940578765,154.55435057728764,0.0003849379924624276,0.013976749338221447,-0.06471559735421328,False,SUCCESS,5.195641997315224,solver_state,4.3234585831808035e-25,4.3234585831808035e-25,0.49084817080211274,1.0,,,,,,17.675563214059963,0.17869689109565334,0.1735547570896403,0.13249364042876696,0.04106111666087335,0.005142134006013048,0.09130310890434672,0.20719960500583726,0.20205747099984883,0.16099635433902473,0.04106111666082411,0.005142134005988429,0.10806517460182383,0.9498010195500785,0.9502881854812654,0.9453677632450179,0.9458498347945175,,,0.0330002124737109,0.49071718677321086,0.49071718677321086,0.33815966260869146,0.019044940763011286,0.9090423597991542,0.8494300126812211,0.05961234711793306,5.927548236139034e-07,0.9344229160771959,0.9344229160771959,,,,0.00028429897881473916,0.00010063901364768839,0.00010063901364768839,0.00028429897881473916,0.00028429897881473916,0.00010063901364768839,0.22120816392826337,0.000599221870671559,,,,,,,,0.0630158509385088,0.01323793430252288,0.016762065697477117,0.3201550152797017,0.15206034680706482,0.49084817080042875,0.35709148239250643,1.1371171652496966e-06,30.280422256840204,99.0655733281676,0.0017953476385844055,,,2.9892603695696796,48.22310857500472,0.06198813095842374,0.0017953476385844055,17.675563214059963
693168,success,first_step,107.14996160876902,0.02976387822465806,1400.0,0.732,109.56330359643118,88.82007653951163,154.60268899609758,0.00038895134563551,0.013705967732761068,-0.06409557706103686,False,SUCCESS,5.142031316878947,solver_state,4.6301064820921026e-26,4.6301064820921026e-26,0.4872985106170127,1.0,,,,,,18.404472226836596,0.17527605611364236,0.17208750363008826,0.13056092593970717,0.041526577690381095,0.003188552483554103,0.09272394388635771,0.20518696659729377,0.20199841411376018,0.16047183642342833,0.04152657769033184,0.003188552483533583,0.11096312529795851,0.9465580888025988,0.9470830823259991,0.9419003459217311,0.9424263033846552,,,0.03473371354371045,0.4871676341033848,0.4871676341033848,0.3459848652476033,0.01189758389385859,0.9090423597991542,0.8439192224292221,0.06512313736993203,6.475513156449008e-07,0.9283607230533014,0.9283607230533014,,,,0.0002904985993110302,9.845274632447984e-05,9.845274632447984e-05,0.0002904985993110302,0.0002904985993110302,9.845274632447984e-05,0.23282820507506347,0.0005904808866676432,,,,,,,,0.06612919325547974,0.01376081858839919,0.01823918141160081,0.33171973653434006,0.15491520258755415,0.4872985106153932,0.3577862867970527,1.1159126268083346e-06,31.871052754406815,102.64404527704615,0.0018334057948118823,,,3.093655393694339,48.22310857500472,0.06415296493967335,0.0018334057948118823,18.404472226836596
693168,success,first_step,112.29199292564796,0.031192220257124433,1400.0,0.7339999999999999,109.63374772993309,88.89509559459556,154.64957361242654,0.00039250277180151775,0.013478540152883571,-0.06349383383177654,False,SUCCESS,5.095505417249301,solver_state,1.0374563957457524e-26,1.0374563957457524e-26,0.4838886817473089,1.0,,,,,,19.103347286517945,0.17203869908583574,0.17050401115287653,0.12867963029206958,0.04182438086080695,0.0015346879329592121,0.09396130091416435,0.20332294609355156,0.20178825816061127,0.15996387729985356,0.0418243808607577,0.001534687932940274,0.11369423522093193,0.9433286140726064,0.9438904531238723,0.9384326910517731,0.9390027504871032,,,0.036437015292911754,0.4837580086168027,0.4837580086168027,0.35323797336151996,0.0057695035073654566,0.9090423597991542,0.8383048175284527,0.0707375422707015,7.033780989800515e-07,0.9221845478286288,0.9221845478286288,,,,0.00029614865808102136,9.635411372049636e-05,9.635411372049636e-05,0.00029614865808102136,0.00029614865808102136,9.635411372049636e-05,0.24424581105364107,0.0005819724518958645,,,,,,,,0.06916546446674321,0.014267065693232404,0.019732934306767595,0.34308298637826995,0.15714137883942064,0.4838886817457485,0.35896993941483085,1.0981280092581324e-06,33.43397287930691,106.16017592293548,0.0018716951952956525,,,3.196754034983847,48.22310857500472,0.06629091590003401,0.0018716951952956525,19.103347286517945
693168,success,first_step,117.38749834289726,0.032607638428582573,1400.0,0.736,109.702396980047,88.96825146826518,154.69522335972502,0.00039564877116269963,0.013291106182039016,-0.06290742273696592,False,SUCCESS,5.054988529656156,solver_state,8.39422194189692e-27,8.39422194189692e-27,0.48060605006522594,1.0,,,,,,19.774503959027054,0.16896046129107795,0.16862293299618406,0.12684557454462986,0.0417773584515542,0.00033752829489388765,0.09503953870892214,0.20158600885188466,0.20124848055699238,0.15947112210548742,0.04177735845150495,0.0003375282948922699,0.11628150010725269,0.9401108073347949,0.9407180840664674,0.9349620698935667,0.9355763877463205,,,0.03811318880702628,0.48047566115390083,0.48047566115390083,0.35999825268531105,0.0012785162685374528,0.9090423597991542,0.8325903761202549,0.07645198367889927,7.601995944039293e-07,0.9158983265688623,0.9158983265688623,,,,0.0003013132837997096,9.433548736299005e-05,9.433548736299005e-05,0.0003013132837997096,0.0003013132837997096,9.433548736299005e-05,0.25548156812365763,0.0005736776664832195,,,,,,,,0.07213090824806845,0.014758038601669448,0.02124196139833055,0.3542652530672418,0.15807418785524768,0.48060605006372015,0.36131976208103217,1.0835537529297602e-06,34.9720006064918,109.62030494725724,0.0019106541923349654,,,3.2997358541653568,48.22310857500472,0.06842644432664581,0.0019106541923349654,19.774503959027054
693168,success,first_step,122.44248687255342,0.03401180190904261,1400.0,0.7379999999999999,109.76955399308812,89.03993487657611,154.73983454028763,0.0003984565263367894,0.013147602174646316,-0.06233375853121992,False,SUCCESS,5.019368156388358,solver_state,8.39422194189692e-27,8.39422194189692e-27,0.477439966001791,1.0,,,,,,20.419932298950098,0.1660127979587117,0.16596231712284618,0.12505519739777113,0.04090711972507505,5.048083586554005e-05,0.09598720204128838,0.19995001533922271,0.19989953450335735,0.15899241477833154,0.040907119725025795,5.048083586536816e-05,0.1187522986330595,0.9369032235255677,0.9375583871762306,0.9314937410471567,0.9321449440035711,,,0.03976484823632628,0.47730991373195064,0.47730991373195064,0.36636336656980284,0.00019267494605167948,0.9090423597991542,0.8267787838350447,0.08226357596410949,8.179871086771159e-07,0.9095052336369837,0.9095052336369837,,,,0.0003060661602051606,9.239036613162876e-05,9.239036613162876e-05,0.0003060661602051606,0.0003060661602051606,9.239036613162876e-05,0.2665529995909593,0.0005655804239312264,,,,,,,,0.07503084227186103,0.015234903408228886,0.02276509659177111,0.365283976484945,0.15590812790775532,0.4774399660003358,0.3666519060919089,1.0726001531975882e-06,36.48753463488367,113.02982877359999,0.0019513464876938034,,,3.4053585231579744,48.22310857500472,0.07061673591326834,0.0019513464876938034,20.419932298950098
693168,success,first_step,127.46185502894177,0.03540607084137271,1400.0,0.74,109.83551833173254,89.11041450832774,154.78365466135074,0.0004010330578085399,0.013031684417989941,-0.06177028231001214,False,SUCCESS,4.987120041746869,solver_state,8.39422194189692e-27,8.39422194189692e-27,0.47438172161078646,1.0,,,,,,21.04133026348535,0.16315083925099721,0.16315072353464782,0.12330552588053537,0.03984519765411247,1.1571634940054082e-07,0.09684916074900286,0.19837210040358413,0.19837198468723477,0.15852678703317152,0.03984519765406323,1.157163493645308e-07,0.12115051607905582,0.9337043976320045,0.9344026767893127,0.9280601661187807,0.9287321386721434,,,0.041394159956221956,0.4742520226174436,0.4742520226174436,0.37249677211154936,4.450628823097723e-07,0.9090423597991542,0.8208722872813812,0.08817007251777298,8.767183026681288e-07,0.9030077404343914,0.9030077404343914,,,,0.00031051976795013126,9.051328985840863e-05,9.051328985840863e-05,0.00031051976795013126,0.00031051976795013126,9.051328985840863e-05,0.27747462721619187,0.0005576672785438262,,,,,,,,0.07786969864161807,0.015698644669947043,0.02430135533005295,0.3761536092593005,0.1530095342069556,0.47438172160937847,0.3726087441836659,1.0639031393219673e-06,37.98256279296231,116.3932194789351,0.001992735451563315,,,3.5108093156977755,48.22310857500472,0.0728034633071647,0.001992735451563315,21.04133026348535
693168,success,first_step,132.44897507068865,0.03679138196408018,1400.0,0.7419999999999999,109.9004814716294,89.17987555767307,154.82679885700156,0.0004034077132559235,0.012937142757283297,-0.06121535846268622,False,SUCCESS,4.957763409771969,solver_state,8.39422194189692e-27,8.39422194189692e-27,0.47142490996206105,1.0,,,,,,21.640084116039855,0.16036079612202184,0.16036079612202184,0.12159425632651118,0.03876653979551066,0.0,0.09763920387797825,0.19684000152153072,0.19684000152153072,0.15807346172606931,0.038766539795461415,0.0,0.1234891585661339,0.9305130739114388,0.9312236331979833,0.9246589968216105,0.925351572144389,,,0.04300272934741396,0.47129556715701987,0.47129556715701987,0.3784465266588303,0.0,0.9090423597991542,0.814872423515456,0.09416993628369819,9.363778926729076e-07,0.8964075378131946,0.8964075378131946,,,,0.0003147077997788768,8.869991347704669e-05,8.869991347704669e-05,0.0003147077997788768,0.0003147077997788768,8.869991347704669e-05,0.28825721228111745,0.0005499278116526814,,,,,,,,0.08065085230307041,0.016150045311844358,0.025849954688155638,0.3868848614418676,0.15001595486759384,0.4714249099606982,0.378559135171708,1.056939962713169e-06,39.458558150197845,119.71379107474904,0.002034534699643117,,,3.615349933532952,48.22310857500472,0.07497131645733185,0.002034534699643117,21.640084116039855
693168,success,first_step,137.4067384804606,0.03816853846679461,1400.0,0.7439999999999999,109.96459407329212,89.24847307177693,154.86936584933744,0.00040558932153826784,0.012860725780880348,-0.06066770002694499,False,SUCCESS,4.931096293202822,solver_state,8.39422194189692e-27,8.39422194189692e-27,0.4685639826869614,1.0,,,,,,22.2174310701148,0.1576372405913209,0.1576372405913209,0.1199193590251752,0.03771788156614568,0.0,0.09836275940867921,0.19534963001651737,0.19534963001651737,0.15763174845042094,0.037717881566096435,0.0,0.12577296091134843,0.9273282563099902,0.928058215608892,0.9212870279776282,0.9220004163675869,,,0.0445919581659108,0.4684349961920904,0.4684349961920904,0.384229528940153,0.0,0.9090423597991542,0.808780436603142,0.10026192319601213,9.969535083339214e-07,0.8897059943189399,0.8897059943189399,,,,0.000318642921871325,8.694639966694284e-05,8.694639966694284e-05,0.000318642921871325,0.000318642921871325,8.694639966694284e-05,0.2989101511198624,0.0005423528435950346,,,,,,,,0.08337726428569804,0.0165897984973308,0.027410201502669197,0.39748708463464816,0.14709308628454992,0.46856398268564153,0.38434293102980854,1.0514416155693881e-06,40.91680693357672,122.9944372274523,0.002076669407297944,,,3.7188199805896414,48.22310857500472,0.0771169692390424,0.002076669407297944,22.2174310701148
693168,success,first_step,142.33783477366342,0.03953828743712873,1400.0,0.7459999999999999,110.02798548511018,89.31634391919067,154.91144270129624,0.00040758137404238746,0.012800395562278025,-0.06012620209151032,False,SUCCESS,4.906995577751806,solver_state,8.39422194189692e-27,8.39422194189692e-27,0.4657938606019965,1.0,,,,,,22.774506516572558,0.15497702069845568,0.15497702069845568,0.11827896841675353,0.03669805228170214,0.0,0.09902297930154443,0.1938990659274735,0.1938990659274735,0.1572010136458206,0.0366980522816529,0.0,0.1280044397351086,0.9241490385914767,0.9248980214445828,0.9179414182198783,0.9186757518554373,,,0.0461631419180845,0.46566522998721843,0.46566522998721843,0.3898542492186787,0.0,0.9090423597991542,0.8025973798859759,0.10644497991317825,1.0584346757593193e-06,0.882904268689199,0.882904268689199,,,,0.00032233213058136017,8.52492434610273e-05,8.52492434610273e-05,0.00032233213058136017,0.00032233213058136017,8.52492434610273e-05,0.3094421278459079,0.000534933937103904,,,,,,,,0.08605165838235752,0.017018539566435793,0.028981460433564202,0.4079689216096372,0.14423793173485544,0.4657938606007178,0.38996820766442675,1.0472457801943068e-06,42.35849787726289,126.23783227017088,0.0021191583387480725,,,3.821292239312002,48.22310857500472,0.07924193093791294,0.0021191583387480725,22.774506516572558
693168,success,first_step,147.24483035141523,0.040901341764282007,1400.0,0.7479999999999999,110.090771427776,89.38361064925327,154.95310727366967,0.00040938708614054466,0.012754442689997179,-0.05958987615471878,False,SUCCESS,4.885351951022192,solver_state,8.39422194189692e-27,8.39422194189692e-27,0.4631098133335368,1.0,,,,,,23.31236153559766,0.15237720852558156,0.15237720852558156,0.11667134749967675,0.0357058610259048,0.0,0.09962279147441855,0.19248653122361903,0.19248653122361903,0.15678067019776348,0.035705861025855545,0.0,0.1301859342473128,0.9209745592068888,0.9217421787892568,0.9146196028230024,0.9153749413587249,,,0.047717499468033574,0.46298153769712974,0.46298153769712974,0.39532853759689884,0.0,0.9090423597991542,0.7963241466188534,0.11271821318030073,1.120812512877285e-06,0.8760033435568338,0.8760033435568338,,,,0.0003257818772562926,8.360520888425204e-05,8.360520888425204e-05,0.0003257818772562926,0.0003257818772562926,8.360520888425204e-05,0.3198613128171718,0.0005276632363355951,,,,,,,,0.08867657684611574,0.01743685722710574,0.030563142772894254,0.4183385038290771,0.14144735923199167,0.46310981333229767,0.3954428274357107,1.0442164161401093e-06,43.784749389800204,129.44649232144297,0.0021620206011586174,,,3.9228359720639614,48.22310857500472,0.08134763784384626,0.0021620206011586174,23.31236153559766
693168,success,first_step,152.13018230243742,0.042258383972899285,1400.0,0.7499999999999999,110.15305626114616,89.45038387763302,154.99442975355362,0.00041100942614302765,0.012721422937798117,-0.059057830760689156,False,SUCCESS,4.866068447062861,solver_state,8.39422194189692e-27,8.39422194189692e-27,0.4605074243004588,1.0,,,,,,23.831970944265187,0.14983507475771474,0.14983507475771474,0.11509487558396106,0.034740199173753664,0.0,0.10016492524228537,0.19111037208882395,0.19111037208882395,0.15637017291511954,0.03474019917370441,0.0,0.13231962714484136,0.9178039970027747,0.9185898573604445,0.911327003768849,0.9120955920275529,,,0.049256180776828404,0.460379502335844,0.460379502335844,0.40065970096914133,0.0,0.9090423597991542,0.7899614830290812,0.11908087677007295,1.1840795995834793e-06,0.869004039815721,0.869004039815721,,,,0.0003289981241978411,8.201130194518658e-05,8.201130194518658e-05,0.0003289981241978411,0.0003289981241978411,8.201130194518658e-05,0.33017541451428434,0.0005205334114825735,,,,,,,,0.09125439746723052,0.017845298097444038,0.032154701902555954,0.4286035030767632,0.1387184671893465,0.4605074242992576,0.40077410851139594,1.0422386860330801e-06,45.19661665550971,132.6227912614949,0.002205275472804761,,,4.023516757474773,48.22310857500472,0.08343544985733801,0.002205275472804761,23.831970944265187
693168,success,first_step,156.9962507495003,0.04361006965263897,1400.0,0.7519999999999999,110.21493482139522,89.51676422730996,155.03547389753246,0.00041245113098409156,0.01270010926751175,-0.05852925580610857,False,SUCCESS,4.849059318198696,solver_state,8.39422194189692e-27,8.39422194189692e-27,0.45798255976412744,1.0,,,,,,24.33424038610221,0.14734807025160754,0.14734807025160754,0.11354803747501116,0.03380003277659637,0.0,0.10065192974839257,0.18976904732187777,0.18976904732187777,0.15596901454533063,0.033800032776547126,0.0,0.13440755904225055,0.9146365674515226,0.9154402646008734,0.90805047776888,0.908835523805595,,,0.050780273766439926,0.4578549898185932,0.4578549898185932,0.40585455543706667,0.0,0.9090423597991542,0.7835099997334878,0.12553236006566637,1.2482298642151016e-06,0.8619070291802444,0.8619070291802444,,,,0.00033198638407551135,8.046474690858021e-05,8.046474690858021e-05,0.00033198638407551135,0.00033198638407551135,8.046474690858021e-05,0.34039172555137,0.0005135376098556316,,,,,,,,0.09378734867648786,0.018244370706142054,0.03375562929385794,0.43877117724978776,0.13604856284449943,0.4579825597629626,0.40596887739253795,1.041215125607517e-06,46.59509793271144,135.76897490158157,0.002248942460941084,,,4.123396856984013,48.22310857500472,0.08550665809050054,0.002248942460941084,24.33424038610221
693168,success,first_step,161.845310067699,0.04495703057436083,1400.0,0.7539999999999999,110.27649393177799,89.58284392459858,155.07629805348014,0.00041371472031742694,0.012689453975883787,-0.0580034096350982,False,SUCCESS,4.8342490653111865,solver_state,8.39422194189692e-27,8.39422194189692e-27,0.45553134122769756,1.0,,,,,,24.82001260940185,0.14491380965196998,0.14491380965196998,0.11202941385309817,0.0328843957988718,0.0,0.10108619034803015,0.1884611180424354,0.1884611180424354,0.15557672224361285,0.03288439579882255,0.0,0.13645164131110457,0.9114715947736168,0.9122926421636092,0.9047942364080708,0.9055927428158642,,,0.05229081046817839,0.45540412135405733,0.45540412135405733,0.41091947295947195,0.0,0.9090423597991542,0.7769701817628213,0.13207217803633287,1.3132584838733819e-06,0.8547128452127213,0.8547128452127213,,,,0.0003347517549884112,7.896296532901575e-05,7.896296532901575e-05,0.0003347517549884112,0.0003347517549884112,7.896296532901575e-05,0.35051716389069476,0.0005066694123736704,,,,,,,,0.0962775230088038,0.018634549036925605,0.03536545096307439,0.4488484113769825,0.1334351431141757,0.45553134122656763,0.4110335156592567,1.0410626233410634e-06,47.9811401954252,138.88717367632373,0.002293041358499475,,,4.222535544538997,48.22310857500472,0.0875624917039804,0.002293041358499475,24.82001260940185
693168,success,first_step,166.67955913301017,0.04629987753694727,1400.0,0.7559999999999999,110.33781365649095,89.64870812382155,155.11695600821213,0.0004148025091880934,0.01268855857577134,-0.057479608328561804,False,SUCCESS,4.821571605038422,solver_state,8.39422194189692e-27,8.39422194189692e-27,0.4531501207288337,1.0,,,,,,25.2900730425676,0.14253005678479036,0.14253005678479036,0.11053767269033407,0.031992384094456275,0.0,0.10146994321520976,0.1871852385295968,0.1871852385295968,0.15519285443518976,0.03199238409440702,0.0,0.13845366753694816,0.908316580784617,0.9091462627408187,0.9015527855757428,0.9023654188342075,,,0.053788772551860806,0.4530232487308771,0.4530232487308771,0.41586042301315457,0.0,0.9090423597991542,0.7703423973765008,0.13869996242265337,1.3791617967741843e-06,0.847421893020147,0.847421893020147,,,,0.0003372989517195403,7.75035574685531e-05,7.75035574685531e-05,0.0003372989517195403,0.0003372989517195403,7.75035574685531e-05,0.36055830990616006,0.0004999227947457108,,,,,,,,0.09872688914199299,0.0190162756782616,0.036983724321738395,0.45884175450596854,0.13087587755689672,0.4531501207277373,0.4159740017153659,1.0417100174614586e-06,49.35564420683852,141.97941405766898,0.002337592300149992,,,4.320989404362077,48.22310857500472,0.08960412408174277,0.002337592300149992,25.2900730425676
693168,success,first_step,171.5011307380486,0.04763920298279128,1400.0,0.7579999999999999,110.39896835067441,89.7144360167959,155.15749769701705,0.0004157166194267291,0.012696649635303502,-0.05695721673492571,False,SUCCESS,4.810969556035524,solver_state,8.39422194189692e-27,8.39422194189692e-27,0.45083545863749797,1.0,,,,,,25.745154758124936,0.14019471159798014,0.14019471159798014,0.10907156157061401,0.031123150027366125,0.0,0.10180528840201997,0.1859401480461812,0.1859401480461812,0.15481699801886434,0.031123150027316873,0.0,0.14041532377177857,0.905155892288712,0.906000427193525,0.8983245115311634,0.8991518661319992,,,0.055275096317914156,0.45070893210997504,0.45070893210997504,0.4206830099257022,0.0,0.9090423597991542,0.7636269058227497,0.14541545397640443,1.4459372250851908e-06,0.8400344577907978,0.8400344577907978,,,,0.0003396323336472831,7.6084285779446e-05,7.6084285779446e-05,0.0003396323336472831,0.0003396323336472831,7.6084285779446e-05,0.3705214398466993,0.0004932920927367087,,,,,,,,0.10113730269385035,0.019389964630241438,0.03861003536975856,0.4687574530072492,0.12836859316903865,0.4508354586364339,0.4207959481945275,1.0430961686071849e-06,50.71946909997408,145.0476288601778,0.0023826158182205324,,,4.418812601005239,48.22310857500472,0.09163267843117902,0.0023826158182205324,25.745154758124936
693168,success,first_step,176.31210029408413,0.04897558341502337,1400.0,0.7599999999999999,110.46002754747481,89.7801017704404,155.19796980284738,0.000416458989893595,0.012713059250674272,-0.05643564089273412,False,SUCCESS,4.802393629468771,solver_state,8.39422194189692e-27,8.39422194189692e-27,0.4485841036264896,1.0,,,,,,26.18594290326169,0.13790579845323217,0.13790579845323217,0.10762990079766388,0.030275897655568283,0.0,0.10209420154676796,0.18472466352346334,0.18472466352346334,0.15444876586794432,0.03027589765551903,0.0,0.1423381977339489,0.9020076563510375,0.9028544619456174,0.895107925059829,0.895950527112962,,,0.05675067722297247,0.4484579199902659,0.4484579199902659,0.42539250644486626,0.0,0.9090423597991542,0.7568238641758605,0.1522184956232937,1.5135832069396243e-06,0.8325507123156228,0.8325507123156228,,,,0.0003417559297124144,7.470306018118062e-05,7.470306018118062e-05,0.0003417559297124144,0.0003417559297124144,7.470306018118062e-05,0.38041255617254877,0.0004867719709976926,,,,,,,,0.10351051593423971,0.01975600381281906,0.040243996187180935,0.47860148076606257,0.1259112607804816,0.44858410362545653,0.4255046355940619,1.0451684024851266e-06,52.073436530298935,148.0936665832891,0.002428132898942824,,,4.516057125326218,48.22310857500472,0.09364923288390012,0.002428132898942824,26.18594290326169
693168,success,first_step,181.1144939235529,0.05030958164543137,1400.0,0.7619999999999999,110.52105671405639,89.84577532624623,155.2384162668048,0.0004170313856841878,0.01273720915492651,-0.05591432157269638,False,SUCCESS,4.7958021114376574,solver_state,8.39422194189692e-27,8.39422194189692e-27,0.44639297452905935,1.0,,,,,,26.61307866329864,0.13566145560110032,0.13566145560110032,0.1062115771927548,0.02944987840834551,0.0,0.1023385443988998,0.18353767299924514,0.18353767299924514,0.1540877945909489,0.029449878408296253,0.0,0.14422378708576483,0.898862761592727,0.8997077166103319,0.8919016479492156,0.8927599582809708,,,0.058216373999809536,0.4462671310619947,0.4462671310619947,0.4299938840289905,0.0,0.9090423597991542,0.749933333362945,0.15910902643620917,1.5820991365093085e-06,0.8249707236180247,0.8249707236180247,,,,0.00034367346078307214,7.335792490111568e-05,7.335792490111568e-05,0.00034367346078307214,0.00034367346078307214,7.335792490111568e-05,0.39023741517223054,0.00048035739501502,,,,,,,,0.10584818654676299,0.020114757313134984,0.04188524268686501,0.48837956666789256,0.12350198284980952,0.44639297452805615,0.4301050426221343,1.047881242930594e-06,53.41833445610334,151.1192999161625,0.002474165039472826,,,4.612773019533109,48.22310857500472,0.09565482516247466,0.002474165039472826,26.61307866329864
693168,success,first_step,185.91029603499058,0.051641748898608494,1400.0,0.7639999999999999,110.58211790165572,89.91152308815563,155.27887872693748,0.0004174354063944354,0.01276859770389316,-0.055392728724833584,False,SUCCESS,4.791160427130125,solver_state,8.39422194189692e-27,8.39422194189692e-27,0.44425914383685444,1.0,,,,,,27.027162814913652,0.13345992569487977,0.13345992569487977,0.1048155384974074,0.028644387197472365,0.0,0.10254007430512034,0.18237812971731712,0.18237812971731712,0.15373374251989402,0.028644387197423106,0.0,0.1460735069008539,0.8957195293652551,0.8965595618216238,0.8887044013641605,0.8895788181636579,,,0.05967301242432296,0.44413363770087866,0.44413363770087866,0.43449184027593346,0.0,0.9090423597991542,0.7429552834762982,0.1660870763228559,1.6514853111812332e-06,0.817294458797771,0.817294458797771,,,,0.0003453883597130225,7.204704668141287e-05,7.204704668141287e-05,0.0003453883597130225,0.0003453883597130225,7.204704668141287e-05,0.4000015522136158,0.00047404360579578794,,,,,,,,0.10815188555602072,0.020466567404266438,0.04353343259573356,0.4980972197293233,0.12113898248732032,0.4442591438358799,0.43460187367679975,1.0511953748280358e-06,54.75492059501988,154.12623351391926,0.00252073430612204,,,4.7090085840365035,48.22310857500472,0.09765045686991036,0.00252073430612204,27.027162814913652
693168,success,first_step,190.70145646212072,0.052972626795033534,1400.0,0.7659999999999999,110.64327030961213,89.97740851993191,155.31939689885957,0.00041767249353153314,0.012806789156900748,-0.054870356660455255,False,SUCCESS,4.788440778298477,solver_state,8.39422194189692e-27,8.39422194189692e-27,0.4421798226240267,1.0,,,,,,27.428758917902112,0.13129954721870069,0.13129954721870069,0.10344078830798453,0.027858758910716153,0.0,0.10270045278129944,0.18124504680912437,0.18124504680912437,0.15338628789845749,0.027858758910666893,0.0,0.14788869641808144,0.8925744415589246,0.8934093872463937,0.885514995824219,0.8864058568862481,,,0.06112138877547276,0.44205465088882256,0.44205465088882256,0.43889082385170675,0.0,0.9090423597991542,0.7358895984538718,0.17315276134528235,1.721742885017306e-06,0.8095217901797898,0.8095217901797898,,,,0.00034690378934860685,7.076870418292631e-05,7.076870418292631e-05,0.00034690378934860685,0.00034690378934860685,7.076870418292631e-05,0.40971030493677013,0.0004678260969587887,,,,,,,,0.11042310452084357,0.02081175636321802,0.04518824363678198,0.507759752180474,0.1188205935579037,0.44217982262307975,0.4389995838190166,1.055076790429218e-06,56.08392559880318,157.11611114004046,0.002567863394231973,,,4.804810568505859,48.22310857500472,0.0996370974515798,0.002567863394231973,27.428758917902112
693168,success,first_step,195.4898972404192,0.05430274923344978,1400.0,0.7679999999999999,110.7045707793543,90.0434926689239,155.36000890902056,0.00041774393714606874,0.012851404801507482,-0.05434671983245987,False,SUCCESS,4.787621847162029,solver_state,8.39422194189692e-27,8.39422194189692e-27,0.4401523467106505,1.0,,,,,,27.818396187477404,0.12917874672199164,0.12917874672199164,0.10208638147883693,0.02709236524315472,0.0,0.10282125327800845,0.18013749248922492,0.18013749248922492,0.15304512724611946,0.02709236524310546,0.0,0.1496706251658536,0.8894268515687849,0.8902565997565595,0.8823323225396321,0.8832399071454954,,,0.06256227302835823,0.44002750637429694,0.44002750637429694,0.44319505723279484,0.0,0.9090423597991542,0.7287360801988663,0.1803062796002879,1.7928738277912241e-06,0.8016524998459641,0.8016524998459641,,,,0.00034822265870582407,6.952127844024467e-05,6.952127844024467e-05,0.00034822265870582407,0.00034822265870582407,6.952127844024467e-05,0.4193688346579436,0.00046170059394456297,,,,,,,,0.11266326208067325,0.021150628112154884,0.04684937188784511,0.5173723007670943,0.1165452517359247,0.44015234670973,0.4433024015543453,1.0594960831129557e-06,57.406055983241686,160.0905222578749,0.002615575690126366,,,4.900224349239535,48.22310857500472,0.10161568787333314,0.002615575690126366,27.818396187477404
693168,success,first_step,200.27751908758123,0.055632644190994784,1400.0,0.7699999999999998,110.76607423127606,90.10983462990605,155.4007515893829,0.0004176508817519682,0.012902115570730812,-0.053821349103482796,False,SUCCESS,4.788688561150332,solver_state,8.39422194189692e-27,8.39422194189692e-27,0.43817416390152225,1.0,,,,,,28.196572083376523,0.12709603176665024,0.12709603176665024,0.10075141993893175,0.02634461182771848,0.0,0.10290396823334991,0.1790545857052524,0.1790545857052524,0.15270997387758317,0.026344611827669222,0.0,0.1514204985296919,0.886276129233644,0.8871006217425323,0.879155345906017,0.8800798763780513,,,0.06399641181580935,0.4380496519083986,0.4380496519083986,0.44740855753630365,0.0,0.9090423597991542,0.7214944521997411,0.1875479075994131,1.8648808889929406e-06,0.7936862836173549,0.7936862836173549,,,,0.0003493476375100485,6.830324424191968e-05,6.830324424191968e-05,0.0003493476375100485,0.0003493476375100485,6.830324424191968e-05,0.428982146221841,0.0004556630350954902,,,,,,,,0.11487370993108992,0.021483469703658033,0.04851653029634196,0.5269398465083273,0.11431148640125066,0.43817416390062736,0.44751434969812204,1.0644278605466812e-06,58.72199684566269,163.05100814428422,0.0026638953355847417,,,4.995294094716613,48.22310857500472,0.10358714405453741,0.0026638953355847417,28.196572083376523
693168,success,first_step,205.06620764873156,0.05696283545798099,1400.0,0.7719999999999998,110.82783405506741,90.17649196017581,155.44166074066152,0.0004173943315928102,0.012958635876595615,-0.0532937884116369,False,SUCCESS,4.791631914041189,solver_state,8.39422194189692e-27,8.39422194189692e-27,0.4362428221556601,1.0,,,,,,28.56375464715778,0.12504998450530205,0.12504998450530205,0.09943504887390649,0.025614935631395566,0.0,0.10295001549469808,0.1779954921908454,0.1779954921908454,0.1523805565594991,0.025614935631346307,0.0,0.1531394628266493,0.8831216590884367,0.8839408895518627,0.875983096992924,0.8769247399534519,,,0.06542453118982991,0.4361186354118703,0.4361186354118703,0.45153515567850006,0.0,0.9090423597991542,0.7141643627036922,0.19487799709546194,1.937767566273216e-06,0.7856227545452131,0.7856227545452131,,,,0.00035028116926610653,6.711316232670365e-05,6.711316232670365e-05,0.00035028116926610653,0.00035028116926610653,6.711316232670365e-05,0.43855510651223284,0.00044970955438856946,,,,,,,,0.11705573829499073,0.02181055266804877,0.05018944733195122,0.5364672331192012,0.11211791327999579,0.4362428221547897,0.4516392645652145,1.0698502552273955e-06,60.03241439878445,165.99906759011472,0.0027128472952960307,,,5.090062920996322,48.22310857500472,0.10555236009058597,0.0027128472952960307,28.56375464715778
693168,success,first_step,209.85783956277274,0.05829384432299243,1400.0,0.7739999999999998,110.88990246222127,90.24352105514166,155.4827713700273,0.00041697515530603673,0.013020718441599702,-0.0527635917593523,False,SUCCESS,4.796448840056455,solver_state,8.39422194189692e-27,8.39422194189692e-27,0.4343559585579684,1.0,,,,,,28.92038461491456,0.12303925581928973,0.12303925581928973,0.09813645323145763,0.024902802587832097,0.0,0.1029607441807104,0.17695942087661187,0.17695942087661187,0.15205661828882905,0.024902802587782838,0.0,0.1548286099422048,0.8799628387385591,0.8807768520386922,0.8728146678898219,0.8737735352510227,,,0.06684733921083871,0.4342320939445025,0.4342320939445025,0.4555785140739395,0.0,0.9090423597991542,0.7067453874896421,0.20229697230951205,2.011538077870423e-06,0.7774614459614313,0.7774614459614313,,,,0.0003510254830051678,6.594967230086892e-05,6.594967230086892e-05,0.0003510254830051678,0.0003510254830051678,6.594967230086892e-05,0.44809246180824286,0.00044383646563052825,,,,,,,,0.11921058094784824,0.02213213423850563,0.05186786576149436,0.5459591842842916,0.10996322774585249,0.4343559585571215,0.45568081369702607,1.075744514992111e-06,61.33795834655919,168.93616224518715,0.002762457427772675,,,5.184573038461753,48.22310857500472,0.1075122112959149,0.002762457427772675,28.92038461491456
693168,success,first_step,214.6542884028292,0.05962619122300811,1400.0,0.7759999999999998,110.95233080799,90.31097749211084,155.5241179081971,0.00041639409003039454,0.01308814995431768,-0.05223032046318066,False,SUCCESS,4.803142138386284,solver_state,8.39422194189692e-27,8.39422194189692e-27,0.43251128897804486,1.0,,,,,,29.266877329061607,0.12106255995379073,0.12106255995379073,0.0968548545130572,0.02420770544073353,0.0,0.10293744004620942,0.17594562061984434,0.17594562061984434,0.15173791517916008,0.024207705440684263,0.0,0.15648898157849417,0.8767990773417503,0.8776079692112685,0.8696492067962472,0.870625356503768,,,0.06826552838981975,0.4323877433618622,0.4323877433618622,0.4595421430634346,0.0,0.9090423597991542,0.6992370322808011,0.209805327518353,2.086197338621258e-06,0.7692018141325033,0.7692018141325033,,,,0.0003515826038365855,6.481148619380905e-05,6.481148619380905e-05,0.0003515826038365855,0.0003515826038365855,6.481148619380905e-05,0.45759885415462975,0.00043804024794789117,,,,,,,,0.12133941984859654,0.022448458467715236,0.05355154153228475,0.555420319950073,0.107846198708377,0.4325112889772206,0.45964251231440245,1.0820946596523217e-06,62.63926412504754,171.86372165963945,0.002812752560233808,,,5.278865891263836,48.22310857500472,0.10946755709564537,0.002812752560233808,29.266877329061607
693168,success,first_step,219.45743054121547,0.06096039737255985,1400.0,0.7779999999999999,111.0151698889322,90.37891634879162,155.5657344100638,0.0004156517449964713,0.013160747410100785,-0.05169354061211062,False,SUCCESS,4.811720446444846,solver_state,8.39422194189692e-27,8.39422194189692e-27,0.4307065983123642,1.0,,,,,,29.60362446978042,0.11911866959495777,0.11911866959495777,0.09558950781933175,0.02352916177562603,0.0,0.10288133040504234,0.17495337721854,0.17495337721854,0.15142421544296325,0.02352916177557677,0.0,0.1581215731569382,0.8736297941846638,0.8744337109661573,0.8664859137618967,0.8674793503118496,,,0.06967977800613055,0.4305833685555482,0.4305833685555482,0.46342941623892925,0.0,0.9090423597991542,0.6916387348317447,0.2174036249674095,2.1617509392079146e-06,0.7608432405554312,0.7608432405554312,,,,0.00035195436241700084,6.369738257947047e-05,6.369738257947047e-05,0.00035195436241700084,0.00035195436241700084,6.369738257947047e-05,0.4670788368985631,0.0004323175324242742,,,,,,,,0.12344338942182423,0.02275975724810416,0.055240242751895825,0.5648551717877324,0.10576566302358395,0.43070659831156166,0.4635277386648544,1.0888871926829408e-06,63.93695502919931,174.78314806858532,0.0028637605680012597,,,5.372982290705582,48.22310857500472,0.11141924379156545,0.0028637605680012597,29.60362446978042
693168,success,first_step,224.2691509876603,0.062296986385461196,1400.0,0.7799999999999998,111.07847022130079,90.4473925020903,155.6076547424192,0.0004147486046353333,0.013238355025071485,-0.05115282068953986,False,SUCCESS,4.8221982609404925,solver_state,8.39422194189692e-27,8.39422194189692e-27,0.42893973121538054,1.0,,,,,,29.930995624057374,0.11720641134039758,0.11720641134039758,0.09433969912014746,0.02286671222025012,0.0,0.10279358865960254,0.17398201067943803,0.17398201067943803,0.15111529845923716,0.022866712220200862,0.0,0.15972733741335574,0.8704544173426049,0.8712535558989726,0.8633240369981638,0.864334711744414,,,0.07109075632177099,0.4288168141824882,0.4288168141824882,0.4672435848163749,0.0,0.9090423597991542,0.6839498667205697,0.22509249307858448,2.238205128337788e-06,0.7523850339292033,0.7523850339292033,,,,0.00035214240343531874,6.260620120001455e-05,6.260620120001455e-05,0.00035214240343531874,0.00035214240343531874,6.260620120001455e-05,0.4765368895323317,0.0004266650897539451,,,,,,,,0.1255235805319467,0.023066251246246817,0.05693374875375317,0.5742681979652192,0.10372052036991368,0.42893973121459883,0.4673397484154875,1.096110859074398e-06,65.23164424462816,177.6958209630303,0.00291551045899471,,,5.4669625437122225,48.22310857500472,0.11336810722620834,0.00291551045899471,29.930995624057374
693168,success,first_step,229.0913492486008,0.06363648590238911,1400.0,0.7819999999999999,111.1422823048278,90.51646091205484,155.64991276185134,0.00041368503123595133,0.013320841633129582,-0.050607729319989136,False,SUCCESS,4.834596006591475,solver_state,8.39422194189692e-27,8.39422194189692e-27,0.4272085832327013,1.0,,,,,,30.249339707944195,0.11532466151981538,0.11532466151981538,0.09310474272361584,0.02221991879619955,0.0,0.10267533848018473,0.17303087271336828,0.17303087271336828,0.150810953917218,0.022219918796150283,0.0,0.16130718771938712,0.8672723824120626,0.8680669901824617,0.8601628696957196,0.861190680961975,,,0.07249912271132974,0.42708597579640273,0.42708597579640273,0.4709877911935077,0.0,0.9090423597991542,0.6761697348729336,0.23287262492622052,2.3155667975892085e-06,0.7438264318313265,0.7438264318313265,,,,0.00035214819320025624,6.153683803569511e-05,6.153683803569511e-05,0.00035214819320025624,0.00035214819320025624,6.153683803569511e-05,0.48597743197080256,0.0004210798187950319,,,,,,,,0.1275810441857622,0.023368150760797617,0.05863184923920237,0.5836637973567387,0.1017097285392622,0.42720858323193955,0.4710816882287982,1.1037564421786959e-06,66.52393680201345,180.603101486715,0.0029680324639630024,,,5.560846577457656,48.22310857500472,0.11531497536722436,0.0029680324639630024,30.249339707944195
693168,success,first_step,233.9259452551923,0.06497942923755341,1400.0,0.7839999999999998,111.20665687592526,90.58617689525553,155.6925424855355,0.00041246126717824045,0.013408098492806452,-0.050057833106227356,False,SUCCESS,4.848940153053748,solver_state,8.39422194189692e-27,8.39422194189692e-27,0.42551109225558853,1.0,,,,,,30.558986255660095,0.1134723423273867,0.1134723423273867,0.09188397892094408,0.021588363406442632,0.0,0.10252765767261343,0.17209934443429584,0.17209934443429584,0.15051098102790247,0.021588363406393366,0.0,0.16286200116039018,0.8640831313066283,0.8648735065036538,0.8570017472936996,0.8580465403028403,,,0.07390552972556248,0.42538879130066676,0.42538879130066676,0.4746650818176545,0.0,0.9090423597991542,0.6682975828415545,0.24074477695759966,2.393843468688747e-06,0.7351666021253506,0.7351666021253506,,,,0.00035197302640679103,6.04882407714494e-05,6.04882407714494e-05,0.00035197302640679103,0.00035197302640679103,6.04882407714494e-05,0.49540483838398186,0.00041555873591801344,,,,,,,,0.1296167949961649,0.023665656512223254,0.060334343487776734,0.5930463233094625,0.09973229909846518,0.42551109225484596,0.4747566086466889,1.111816593751982e-06,67.81443147060381,183.50633669594933,0.0030213581331482667,,,5.654674061159801,48.22310857500472,0.11726067083304463,0.0030213581331482667,30.558986255660095
693168,success,first_step,238.77488540824604,0.06632635705784612,1400.0,0.7859999999999998,111.2716451539113,90.65659639146814,155.7355782573614,0.0004110774367650849,0.013500037444524644,-0.049502694525974666,False,SUCCESS,4.865263381368518,solver_state,8.39422194189692e-27,8.39422194189692e-27,0.4238452302208021,1.0,,,,,,30.86024658739013,0.11164841823148182,0.11164841823148182,0.09067677178636402,0.020971646445117804,0.0,0.10235158176851832,0.17118683424111864,0.17118683424111864,0.1502151877960501,0.020971646445068538,0.0,0.1643926213968308,0.860888761564391,0.86167260305252,0.8538400451553368,0.8549016117866068,,,0.07531062510558499,0.4237232326465606,0.4237232326465606,0.47827841947905725,0.0,0.9090423597991542,0.660332591861977,0.24870976793717714,2.4730432830132106e-06,0.7264046441222743,0.7264046441222743,,,,0.0003516180321487865,5.9459404616298394e-05,5.9459404616298394e-05,0.0003516180321487865,0.0003516180321487865,5.9459404616298394e-05,0.504823450698517,0.000410098965055577,,,,,,,,0.13163181443671002,0.02395896037168752,0.06204103962831247,0.6024200970807592,0.09778729338154094,0.42384523022007786,0.4783674763983812,1.1202856924973863e-06,69.1037226064058,186.40686371749476,0.003075520440149164,,,5.748484526015466,48.22310857500472,0.11920601337996393,0.003075520440149164,30.86024658739013
693168,success,first_step,243.64014878961456,0.06767781910822626,1400.0,0.7879999999999998,111.33729908356898,90.72777622721459,155.77905491163548,0.0004095335476736034,0.01359658936989937,-0.04894186985993243,False,SUCCESS,4.883604802002672,solver_state,8.39422194189692e-27,8.39422194189692e-27,0.4222089949833249,1.0,,,,,,31.153414866075874,0.1098518926308571,0.1098518926308571,0.08948250711333852,0.020369385517518566,0.0,0.10214810736914304,0.17029277586359007,0.17029277586359007,0.14992339034612076,0.0203693855174693,0.0,0.16589986133349785,0.8578226289277369,0.8584637825552219,0.8506795758430827,0.8517552549958735,,,0.0767150537639604,0.4220872977044267,0.4220872977044267,0.48183069513746685,0.0,0.9090423597991542,0.6522738817030412,0.2567684780961129,2.5531749931330183e-06,0.7175395895161102,0.7175395895161102,,,,0.00035108417923713456,5.844936843646883e-05,5.844936843646883e-05,0.00035108417923713456,0.00035108417923713456,5.844936843646883e-05,0.5142375918772641,0.0004046977283688091,,,,,,,,0.13362705391413204,0.02424824603564517,0.06375175396435483,0.6117894210545468,0.09587381877723081,0.4222089949826181,0.481917186240151,1.1291597273031434e-06,70.39240196999509,189.30601383810028,0.003130553893830535,,,5.842317484218217,48.22310857500472,0.1211518223702078,0.003130553893830535,31.153414866075874
693168,success,first_step,248.52375359161724,0.06903437599767145,1400.0,0.7899999999999998,111.40367157713555,90.79977437950292,155.823007936457,0.00040782949204310446,0.0136977029137372,-0.048374907124678956,False,SUCCESS,4.904010227363879,solver_state,8.39422194189692e-27,8.39422194189692e-27,0.42060040229189444,1.0,,,,,,31.43876905210729,0.1080818047294125,0.1080818047294125,0.08830059046990382,0.019781214259508677,0.0,0.10191819527058762,0.16941662655574588,0.16941662655574588,0.14963541229628646,0.019781214259459407,0.0,0.1673845056185721,0.8546032980296487,0.8552465513455583,0.8475196936698892,0.8486068653043317,,,0.07811945974850751,0.420479002237637,0.420479002237637,0.4853247393837503,0.0,0.9090423597991542,0.6441205113284573,0.2649218484706969,2.634247956233836e-06,0.7085704031116555,0.7085704031116555,,,,0.0003503722808758098,5.745721116729467e-05,5.745721116729467e-05,0.0003503722808758098,0.0003503722808758098,5.745721116729467e-05,0.5236515790830109,0.0003993523374521971,,,,,,,,0.13560343768375352,0.024533689652015533,0.06546631034798446,0.6211585918423506,0.09399102528002293,0.4206004022912043,0.4854085724287728,1.138436202098805e-06,71.68106052847303,192.20511655836347,0.0031864946592205486,,,5.936212547989827,48.22310857500472,0.12309891924028138,0.0031864946592205486,31.43876905210729
693168,success,first_step,253.4277638189811,0.07039660106082808,1400.0,0.7919999999999998,111.47081675868858,90.8726502429814,155.86747363877743,0.00040596504721463026,0.013803343436793469,-0.04780134398508984,False,SUCCESS,4.926532502544775,solver_state,8.39422194189692e-27,8.39422194189692e-27,0.41901747779856274,1.0,,,,,,31.716571763579918,0.10633722660416171,0.10633722660416171,0.08713044535739832,0.019206781246763394,0.0,0.1016627733958384,0.16855786542195497,0.16855786542195497,0.14935108417524084,0.019206781246714124,0.0,0.16884731299262268,0.8513749669472745,0.8520204184686547,0.8443571491512496,0.8454558724254937,,,0.07952448820444535,0.4188963719105686,0.4188963719105686,0.48876333363383817,0.0,0.9090423597991542,0.6358714793841698,0.2731708804149844,2.7162721292704764e-06,0.6994959833606221,0.6994959833606221,,,,0.0003494829987421103,5.648204847251995e-05,5.648204847251995e-05,0.0003494829987421103,0.0003494829987421103,5.648204847251995e-05,0.5330697368310258,0.00039406018500621077,,,,,,,,0.13756186563094078,0.024815460403215753,0.06718453959678425,0.6305319133732425,0.09213810227598357,0.41901747779788845,0.4888444199261279,1.1481140598526394e-06,72.97029025589636,195.10550364315063,0.0032433806884449843,,,6.030209549556938,48.22310857500472,0.12504812998891884,0.0032433806884449843,31.716571763579918
693168,success,first_step,258.3542963215259,0.07176508231153497,1400.0,0.7939999999999998,111.53879021383725,90.94646490367158,155.91248931311685,0.00040393987613467064,0.013913492173492773,-0.047220705621442094,False,SUCCESS,4.951231899009679,solver_state,8.39422194189692e-27,8.39422194189692e-27,0.4174582490337476,1.0,,,,,,31.987071048653007,0.10461726044321899,0.10461726044321899,0.08597151145797878,0.018645748985240213,0.0,0.10138273955678112,0.16771599186222597,0.16771599186222597,0.14907024287703502,0.01864574898519094,0.0,0.17028901850595518,0.8481371204399897,0.8487848948113039,0.8411807610317927,0.8423017392617101,,,0.08093078735051515,0.4173374342620327,0.4173374342620327,0.4921492211494226,0.0,0.9090423597991542,0.6275257245247441,0.28151663527441007,2.7992580657214763e-06,0.69031516272068,0.69031516272068,,,,0.0003484168465119846,5.552302962268605e-05,5.552302962268605e-05,0.0003484168465119846,0.0003484168465119846,5.552302962268605e-05,0.542496410235277,0.000388818736911438,,,,,,,,0.1395032159403327,0.025093721050825933,0.06890627894917407,0.6399137100770046,0.09031427553741289,0.4174582490330885,0.4922274754294987,1.1581936237341138e-06,74.26068594653236,198.00851320086292,0.003301251862873845,,,6.1243486630195045,48.22310857500472,0.12700028770426286,0.003301251862873845,31.987071048653007
693168,success,first_step,263.30552822053556,0.07314042450570432,1400.0,0.7959999999999999,111.6076492476363,91.02128142246886,155.95809341591686,0.00040175352743350754,0.014028145573970016,-0.04663250252627782,False,SUCCESS,4.978176577008428,solver_state,8.39422194189692e-27,8.39422194189692e-27,0.4159207372774277,1.0,,,,,,32.250501075508716,0.1029210359324188,0.1029210359324188,0.08482324295725657,0.018097792975162223,0.0,0.1010789640675813,0.16689052412471075,0.16689052412471075,0.14879273114959782,0.018097792975112943,0.0,0.17171033562135787,0.8448892437511824,0.8455394922536433,0.8380178749032721,0.839143961037971,,,0.08233901048498304,0.41580021057478694,0.41580021057478694,0.49548511797833944,0.0,0.9090423597991542,0.6190821255908021,0.28996023420835204,2.883216913824769e-06,0.6810267078506479,0.6810267078506479,,,,0.00034717419286660003,5.4579334566907524e-05,5.4579334566907524e-05,0.00034717419286660003,0.00034717419286660003,5.4579334566907524e-05,0.5519359784549263,0.0003836255246424619,,,,,,,,0.14142834767346124,0.025368628446223437,0.07063137155377656,0.6493083402666131,0.08851880440264057,0.4159207372767827,0.4955604583205767,1.1686765538888263e-06,75.5528470555324,200.9154938243793,0.0033601501478006265,,,6.2186705290869515,48.22310857500472,0.12895623515051138,0.0033601501478006265,32.250501075508716
693168,success,first_step,268.283704797544,0.0745232513326511,1400.0,0.7979999999999999,111.67745315371369,91.09716513169253,156.00432574756184,0.00039940543518670127,0.014147314814171537,-0.04603622820548081,False,SUCCESS,5.007443123714889,solver_state,8.39422194189692e-27,8.39422194189692e-27,0.4144029492552517,1.0,,,,,,32.50708274444966,0.10124770777068147,0.10124770777068147,0.08368510692911593,0.01756260084156554,0.0,0.10075229222931863,0.16608099795448167,0.16608099795448167,0.1485183971129654,0.017562600841516264,0.0,0.1731119582181655,0.8416109542302407,0.8422837228370728,0.8348523008088486,0.8359820647093927,,,0.08374981803793771,0.41428270756988067,0.41428270756988067,0.49877372390751773,0.0,0.9090423597991542,0.6105395016485594,0.29850285815059474,2.9681604161845462e-06,0.6716293196539855,0.6716293196539855,,,,0.0003457552640121291,5.365017117457217e-05,5.365017117457217e-05,0.0003457552640121291,0.0003457552640121291,5.365017117457217e-05,0.5613928684511184,0.00037847813796296464,,,,,,,,0.1433381032745789,0.025640334011153124,0.07235966598884688,0.658720209829543,0.08675097911922622,0.4144029492546201,0.49884607162615363,1.179565818637075e-06,76.84737958208424,203.82780882755677,0.0034201197611426616,,,6.313216383702347,48.22310857500472,0.13091682743519048,0.0034201197611426616,32.50708274444966
693168,success,first_step,273.29114792125887,0.07591420775590524,1400.0,0.7999999999999999,111.74826349774135,91.17418394813295,156.05122764419755,0.0003968949183664398,0.014271025461541614,-0.04543135675683019,False,SUCCESS,5.0391171754773305,solver_state,8.39422194189692e-27,8.39422194189692e-27,0.41290286858532804,1.0,,,,,,32.75702422576218,0.09959645329544872,0.09959645329544872,0.08255658177031554,0.017039871525133192,0.0,0.10040354670455137,0.16528696532863738,0.16528696532863738,0.14824709380355347,0.017039871525083915,0.0,0.17449456251266404,0.8383386335492496,0.8390170979434558,0.8316836738689513,0.8328156086354191,,,0.08516387968706429,0.4127829088515775,0.4127829088515775,0.5020177335227566,0.0,0.9090423597991542,0.6018966119017573,0.3071457478973969,3.0541009106469585e-06,0.6621216331819142,0.6621216331819142,,,,0.00034416014574105056,5.273477262538927e-05,5.273477262538927e-05,0.00034416014574105056,0.00034416014574105056,5.273477262538927e-05,0.5708715691692401,0.00037337421784598473,,,,,,,,0.14523331102399797,0.025908984191887363,0.07409101580811264,0.6681537863425158,0.08501011833046412,0.41290286858470915,0.5020870130848267,1.1908656792258173e-06,78.14489801080984,206.74684061275718,0.003481207357845717,,,6.408028191635537,48.22310857500472,0.13288293477946758,0.003481207357845717,32.75702422576218
693168,success,first_step,278.3302650967362,0.07731396252687116,1400.0,0.8019999999999998,111.82014441858679,91.25240870628303,156.09884218161713,0.00039422117998781257,0.014399317287153662,-0.04481734029752393,False,SUCCESS,5.073294134175719,solver_state,8.39422194189692e-27,8.39422194189692e-27,0.41141844689725726,1.0,,,,,,33.00052142609781,0.09796647020045317,0.09796647020045317,0.08143715567283075,0.016529314527622418,0.0,0.10003352979954694,0.164507993268634,0.164507993268634,0.14797867874106085,0.016529314527573134,0.0,0.1758588089091781,0.8350552959496919,0.8357391274807304,0.8285116633468653,0.8296441825176707,,,0.08658187655512582,0.41129876602439747,0.41129876602439747,0.505219847472459,0.0,0.9090423597991542,0.5931521554857246,0.3158902043134295,3.141051332347861e-06,0.6525022174068731,0.6525022174068731,,,,0.0003423887850600258,5.183239492778676e-05,5.183239492778676e-05,0.0003423887850600258,0.0003423887850600258,5.183239492778676e-05,0.580376646268848,0.0003683114495648608,,,,,,,,0.1471147874580261,0.026174720890368854,0.07582527910963115,0.6776136137313098,0.08329556668643692,0.4114184468966501,0.505285986416913,1.2025816875489543e-06,79.44602732813587,209.67399520703285,0.0035434622319021306,,,6.503148786204531,48.22310857500472,0.1348554454155467,0.0035434622319021306,33.00052142609781
693168,success,first_step,283.4035592309119,0.07872321089747554,1400.0,0.8039999999999998,111.89316295076043,91.33191351576087,156.14721439367736,0.00039138330595353044,0.014532244218147037,-0.04419360620979018,False,SUCCESS,5.110079989557509,solver_state,8.39422194189692e-27,8.39422194189692e-27,0.40994759453946383,1.0,,,,,,33.237758385266304,0.09635697432877055,0.09635697432877055,0.08032632512206912,0.016030649206701428,0.0,0.09964302567122955,0.1637436627214543,0.1637436627214543,0.14771301351480215,0.016030649206652148,0.0,0.17720534379571332,0.8317604504020358,0.832449319070063,0.8253359729862562,0.8264674076022033,,,0.08800450350873931,0.4098281893983116,0.4098281893983116,0.5083827840368852,0.0,0.9090423597991542,0.5843047711529622,0.32473758864619195,3.2290252168392063e-06,0.6427695748766424,0.6427695748766424,,,,0.0003404409914065772,5.094231454695328e-05,5.094231454695328e-05,0.0003404409914065772,0.0003404409914065772,5.094231454695328e-05,0.5899127575325636,0.00036328755590119195,,,,,,,,0.14898333977465325,0.026437681875516275,0.07756231812448372,0.6871043276063059,0.08160669256194375,0.40994759453886764,0.5084457128991885,1.2147206965128625e-06,80.75140513161094,212.61070700740459,0.0036069365381548686,,,6.598622016382594,48.22310857500472,0.1368352686372199,0.0036069365381548686,33.237758385266304
693168,success,first_step,288.51363922046943,0.08014267756124151,1400.0,0.8059999999999998,111.96738937213362,91.41277614733865,156.19639150795453,0.00038838026359919013,0.014669874427103607,-0.043559554170633064,False,SUCCESS,5.149592261629462,solver_state,8.39422194189692e-27,8.39422194189692e-27,0.4084881707839251,1.0,,,,,,33.468907604473884,0.09476719752453829,0.09476719752453829,0.0792235934090861,0.015543604115452195,0.0,0.09923280247546182,0.16299356750183125,0.16299356750183125,0.14744996338642835,0.015543604115402909,0.0,0.17853480129775745,0.82845360283125,0.8291471772296246,0.8221563416157973,0.8232849371507436,,,0.08943247157973558,0.40836903819116516,0.40836903819116516,0.5115092911106276,0.0,0.9090423597991542,0.5753530368595003,0.3336893229396538,3.3180367042020864e-06,0.6329221412593139,0.6329221412593139,,,,0.00033831643747433564,5.006382612485447e-05,5.006382612485447e-05,0.00033831643747433564,0.00033831643747433564,5.006382612485447e-05,0.5994846690966333,0.0003583002904161154,,,,,,,,0.1508397682445192,0.026698001177704406,0.07930199882229559,0.6966306714157888,0.07994288586445358,0.4084881707833391,0.5115689433522073,1.2272908829716741e-06,82.06168385170335,215.55844377917805,0.0036716855363665467,,,6.694492902669042,48.22310857500472,0.13882333803215188,0.0036716855363665467,33.468907604473884
693168,success,first_step,293.66323148209887,0.08157311985613858,1400.0,0.8079999999999998,112.04289758135137,91.49507845250163,156.2464232016579,0.00038521089993984626,0.014812290557633643,-0.042914552927923344,False,SUCCESS,5.1919610797937334,solver_state,8.39422194189692e-27,8.39422194189692e-27,0.40703797342880277,1.0,,,,,,33.69413030615845,0.09319638552690712,0.09319638552690712,0.07812846914473194,0.015067916382175186,0.0,0.098803614473093,0.16225731328824108,0.16225731328824108,0.14718939690611518,0.015067916382125898,0.0,0.1798478050037885,0.8251342553076703,0.8258322025499378,0.8189725440289266,0.8200964571893608,,,0.09086651053248486,0.40691911012881193,0.40691911012881193,0.5146021587140257,0.0,0.9090423597991542,0.5662954692613629,0.3427468905377913,3.4081005440536438e-06,0.6229582847893705,0.6229582847893705,,,,0.0003360146596645049,4.919624027534134e-05,4.919624027534134e-05,0.0003360146596645049,0.0003360146596645049,4.919624027534134e-05,0.6090972726598876,0.00035334743073031844,,,,,,,,0.15268486864738562,0.02695580946930452,0.08104419053069548,0.7061975135729872,0.07830355591581878,0.40703797342822595,0.5146584706559553,1.2403017833981716e-06,83.3775331075344,218.5187119555642,0.0037377678603909377,,,6.790807803247937,48.22310857500472,0.14082061492750358,0.0037377678603909377,33.69413030615845
693168,success,first_step,298.8551925618926,0.08301533126719238,1400.0,0.8099999999999998,112.11976550991514,91.57890682208445,156.2973618811968,0.0003818739396174301,0.014959590088023587,-0.04225793678033085,False,SUCCESS,5.2373304185240945,solver_state,8.39422194189692e-27,8.39422194189692e-27,0.40559472768902277,1.0,,,,,,33.91357662465076,0.091643795889722,0.091643795889722,0.07704046476326672,0.014603331126455288,0.0,0.09835620411027812,0.16153451666578192,0.16153451666578192,0.14693118553937592,0.014603331126405996,0.0,0.18114496967619184,0.8218019052245663,0.8225038908555393,0.8157843921506231,0.8169016875471149,,,0.09230737160311463,0.40547613033298247,0.40547613033298247,0.5176642321593582,0.0,0.9090423597991542,0.5571305231307878,0.35191183666836634,3.4992321013518746e-06,0.6128763056254952,0.6128763056254952,,,,0.00033353505817940995,4.833888143802017e-05,4.833888143802017e-05,0.00033353505817940995,0.00033353505817940995,4.833888143802017e-05,0.6187556038448798,0.0003484267717564188,,,,,,,,0.15451943475538255,0.02721123443408627,0.08278876556591372,0.7158098657298121,0.07668812939182473,0.4055947276884543,0.5177171429197209,1.253764342698944e-06,84.69964222033727,221.4930622921228,0.003805245815704702,,,6.887614592134783,48.22310857500472,0.14282809208415093,0.003805245815704702,33.91357662465076
693168,success,first_step,304.0925229804167,0.08447014527233797,1400.0,0.8119999999999998,112.19807557458563,91.66435269029073,156.34926298926126,0.00037836798254740705,0.015111885837408797,-0.04158900171284052,False,SUCCESS,5.285859513098239,solver_state,8.39422194189692e-27,8.39422194189692e-27,0.40415607425222944,1.0,,,,,,34.12738572590221,0.09010869591008609,0.09010869591008609,0.07595909500236663,0.01414960090771947,0.0,0.097891304089914,0.1608248042093602,0.1608248042093602,0.14667520330169004,0.014149600907670177,0.0,0.18242690296167496,0.8184560444569656,0.8191617323474052,0.8125917365072173,0.8137003832015702,,,0.09375583043961383,0.40403773937429033,0.40403773937429033,0.5206984260101806,0.0,0.9090423597991542,0.5478565907024324,0.36118576909672173,3.591447362896632e-06,0.6026744351313585,0.6026744351313585,,,,0.00033087689677253304,4.749108577487403e-05,4.749108577487403e-05,0.00033087689677253304,0.00033087689677253304,4.749108577487403e-05,0.6284648619055586,0.0003435361188245705,,,,,,,,0.15634426088573058,0.027464401128239044,0.08453559887176094,0.7254729023907184,0.07509604830374883,0.40415607425166833,0.5207478774445828,1.267690976834337e-06,86.02872291124555,224.4830959358796,0.0038741857090508654,,,6.984962851222007,48.22310857500472,0.14484679767912126,0.0038741857090508654,34.12738572590221
693168,success,first_step,309.3783824935149,0.08593843958153191,1400.0,0.8139999999999998,112.27791517656955,91.75151309132018,156.4021853438348,0.0003746915012620274,0.015269306621656119,-0.040907001132631016,False,SUCCESS,5.337724483378047,solver_state,8.39422194189692e-27,8.39422194189692e-27,0.4027195563623992,1.0,,,,,,34.335685853440594,0.08859036054832979,0.08859036054832979,0.07488387534559077,0.013706485202739026,0.0,0.09740963945167035,0.16012781160082126,0.16012781160082126,0.14642132639813155,0.013706485202689729,0.0,0.18369420711590081,0.8150961584959019,0.815805210720204,0.8093852396877234,0.8104923359528073,,,0.09521269027550298,0.4026014803526382,0.4026014803526382,0.5237077389874746,0.0,0.9090423597991542,0.538472000960662,0.3705703588384922,3.684762944416464e-06,0.5923508350915937,0.5923508350915937,,,,0.0003280393021683149,4.665219909371247e-05,4.665219909371247e-05,0.0003280393021683149,0.0003280393021683149,4.665219909371247e-05,0.638230431000518,0.00033867328063829196,,,,,,,,0.1581601445475123,0.027715432335769525,0.08628456766423047,0.7351919820846922,0.0735267680059426,0.40271955636184453,0.5237536756322128,1.2820956501728007e-06,87.3655122133978,227.49047097657518,0.00394465821452802,,,7.082904078385674,48.22310857500472,0.14687779962109132,0.00394465821452802,34.335685853440594
693168,success,first_step,314.71610697689295,0.08742114082691471,1400.0,0.8159999999999998,112.3593772549421,91.84049127693599,156.45619151423577,0.00037084283794657646,0.01543199806905881,-0.04021114114166624,False,SUCCESS,5.393120199042699,solver_state,8.39422194189692e-27,8.39422194189692e-27,0.40128260577528635,1.0,,,,,,34.538594296513125,0.08708807032095317,0.08708807032095317,0.0738143204122487,0.013273749908704472,0.0,0.09691192967904695,0.15944318277378236,0.15944318277378236,0.14616943286512718,0.013273749908655173,0.0,0.1849474807579715,0.8117217255517558,0.8124338022479407,0.8061778922093312,0.8072773764528262,,,0.0966787853741625,0.40116478484917745,0.40116478484917745,0.5266952699948201,0.0,0.9090423597991542,0.5289750188802271,0.380067340918927,3.7791960981189304e-06,0.5819035968764976,0.5819035968764976,,,,0.0003250212631642038,4.582157478237268e-05,4.582157478237268e-05,0.0003250212631642038,0.0003250212631642038,4.582157478237268e-05,0.6480579032804621,0.0003338360619924069,,,,,,,,0.15996788920944127,0.027964448921075462,0.08803555107892454,0.7449726703428167,0.07197975521302101,0.4012826057747372,0.5267376390122418,1.2969939688041432e-06,88.71077563239359,230.51690955661329,0.004016738781148092,,,7.181491914116204,48.22310857500472,0.14892221025001603,0.004016738781148092,34.538594296513125
693168,success,first_step,320.10922717593564,0.08891922977109323,1400.0,0.8179999999999998,112.44256090294674,91.93139740464447,156.51134824010225,0.00036682020116420114,0.015600123609157185,-0.03950057527218054,False,SUCCESS,5.452262426258068,solver_state,8.39422194189692e-27,8.39422194189692e-27,0.39984252740823795,1.0,,,,,,34.736217275015115,0.0856011091467957,0.0856011091467957,0.07274994227816575,0.012851166868629946,0.0,0.09639889085320442,0.15877056907995052,0.15877056907995052,0.14591940221136987,0.012851166868580644,0.0,0.18618732067161822,0.8083512066483476,0.8090469748309315,0.8029654938911156,0.8040553766231482,,,0.09815498478619658,0.39972495757233906,0.39972495757233906,0.5296642354571669,0.0,0.9090423597991542,0.5193638446342406,0.3896785151649136,3.874764720566081e-06,0.5713307405707584,0.5713307405707584,,,,0.00032182162942701444,4.49985717371867e-05,4.49985717371867e-05,0.00032182162942701444,0.00032182162942701444,4.49985717371867e-05,0.6579531040739305,0.0003290222561784592,,,,,,,,0.16176830721854138,0.02821157018158622,0.08978842981841378,0.7548207647641125,0.0704544860095116,0.39984252740769316,0.5297029865827952,1.3124032913669352e-06,90.06531059398525,233.5642056271848,0.004090508087703466,,,7.280782389494467,48.22310857500472,0.1509811914793955,0.004090508087703466,34.736217275015115
693168,success,first_step,325.5614896021937,0.09043374711172047,1400.0,0.8199999999999998,112.52757205725493,92.02434930777686,156.56772690022498,0.00036262166226418466,0.01577386565160982,-0.038774398598928284,False,SUCCESS,5.515390303800766,solver_state,8.39422194189692e-27,8.39422194189692e-27,0.39839648248106546,1.0,,,,,,34.92864973423797,0.08412876212495538,0.08412876212495538,0.07169024870902983,0.012438513415925544,0.0,0.09587123787504476,0.15810962847063256,0.15810962847063256,0.14567111505475633,0.012438513415876238,0.0,0.1874143236715406,0.8049417774518298,0.8056441869962733,0.7997480603503717,0.8008262525001718,,,0.0996421964685385,0.3982791594946099,0.3982791594946099,0.5326179881946927,0.0,0.9090423597991542,0.5096366127854248,0.39940574701372933,3.9714873607162755e-06,0.5606302140837806,0.5606302140837806,,,,0.00031843910999563896,4.4182552268545706e-05,4.4182552268545706e-05,0.00031843910999563896,0.00031843910999563896,4.4182552268545706e-05,0.6679221194977688,0.0003242296369947661,,,,,,,,0.16356222290330585,0.02845691420350416,0.09154308579649584,0.7647423224945793,0.06895044383375143,0.398396482480524,0.5326530736857245,1.3283428593233804e-06,91.42995022369755,236.6342334511079,0.004166052551758729,,,7.380834198763212,48.22310857500472,0.153055960448574,0.004166052551758729,34.92864973423797
693168,success,first_step,331.0768799059945,0.09196579997388736,1400.0,0.8219999999999998,112.61452427201334,92.11947336072251,156.6254040393329,0.0003582451514679921,0.015953426976180865,-0.03803164112717028,False,SUCCESS,5.582769206518327,solver_state,8.39422194189692e-27,8.39422194189692e-27,0.39694146991374285,1.0,,,,,,35.11597504064726,0.08267031322076412,0.08267031322076412,0.07063474128575516,0.012035571935008966,0.0,0.095329686779236,0.1574600246869559,0.1574600246869559,0.14542445275199625,0.012035571934959657,0.0,0.18862908855535276,0.8015152615029616,0.8022248868430241,0.7965256581973598,0.79758996755561,,,0.10114137182159665,0.3968243892458152,0.3968243892458152,0.5355600380855952,0.0,0.9090423597991542,0.49979139147923246,0.4092509683199217,4.069383227947384e-06,0.5497998922620696,0.5497998922620696,,,,0.00031487227150259027,4.337287996540183e-05,4.337287996540183e-05,0.00031487227150259027,0.00031487227150259027,4.337287996540183e-05,0.6779713268697065,0.0003194559502681008,,,,,,,,0.16535047589939164,0.02870059822388327,0.09329940177611673,0.7747436904950087,0.06746711741637154,0.3969414699132036,0.5355914126704249,1.3448339490542101e-06,92.805567510034,239.72895696859803,0.004243464900748039,,,7.481709000257195,48.22310857500472,0.15514779576311172,0.004243464900748039,35.11597504064726
693168,success,first_step,336.6596491125128,0.09351656919792022,1400.0,0.8239999999999998,112.70353959162493,92.21690545494309,156.68446196239353,0.00035368845362704126,0.016139032359733338,-0.03727126033726014,False,SUCCESS,5.654694066176578,solver_state,8.39422194189692e-27,8.39422194189692e-27,0.3954743057096505,1.0,,,,,,35.29826456775294,0.08122504283333432,0.08122504283333432,0.0695829133985261,0.011642129434808213,0.0,0.09477495716666583,0.15682142645200856,0.15682142645200856,0.14517929701724966,0.011642129434758904,0.0,0.18983221816411372,0.7980710541243543,0.7987885109221389,0.7932984089660903,0.7943465365483942,,,0.10265351070986825,0.3953574624916252,0.3953574624916252,0.5384940748106009,0.0,0.9090423597991542,0.48982618166073655,0.4192161781384176,4.168472199843629e-06,0.538837576027766,0.538837576027766,,,,0.00031111953612782784,4.256891749921342e-05,4.256891749921342e-05,0.00031111953612782784,0.00031111953612782784,4.256891749921342e-05,0.6881074283616067,0.0003146989047814627,,,,,,,,0.16713392474138744,0.02894273900255213,0.09505726099744786,0.7848315390340422,0.06600399865181307,0.3954743057091123,0.5385216956390747,1.3619000486634894e-06,94.19307991130493,242.85044016102594,0.004322844814559043,,,7.583471750071917,48.22310857500472,0.15725804441405558,0.004322844814559043,35.29826456775294
693168,success,first_step,342.3143431786894,0.09508731754963594,1400.0,0.8259999999999998,112.79474953879348,92.31679210429671,156.74498940776814,0.00034894920364602326,0.01633093047181399,-0.0364921327446357,False,SUCCESS,5.731493234840035,solver_state,8.39422194189692e-27,8.39422194189692e-27,0.39399160000857203,1.0,,,,,,35.47557715857569,0.0797922252147119,0.0797922252147119,0.06853424808278198,0.011257977131929909,0.0,0.09420777478528825,0.1561935066576539,0.1561935066576539,0.14493552952577332,0.011257977131880594,0.0,0.19102432157754975,0.7946085361721248,0.795334483039789,0.7900666801749877,0.7910960299750638,,,0.10417966704245554,0.3938749889815053,0.3938749889815053,0.5414239930188974,0.0,0.9090423597991542,0.4797389163413058,0.4293034434578484,4.268774829487398e-06,0.5277409915719443,0.5277409915719443,,,,0.00030717917929991837,4.1770024346104886e-05,4.1770024346104886e-05,0.00030717917929991837,0.00030717917929991837,4.1770024346104886e-05,0.6983374884057206,0.00030995616248700216,,,,,,,,0.16891345077088746,0.029183453207738495,0.0968165467922615,0.7950128989163716,0.06456058037889678,0.39399160000803357,0.5414478196130696,1.3795670629995049e-06,95.59345447621243,246.00085857043985,0.004404299650672874,,,7.686191073593717,48.22310857500472,0.1593881294823384,0.004404299650672874,35.47557715857569
693168,success,first_step,348.04583641352946,0.09667939900375819,1400.0,0.8279999999999998,112.88829623752085,92.41929170174939,156.80708231273744,0.00034402488156575275,0.016529396077218983,-0.03569304430702547,False,SUCCESS,5.813532994757369,solver_state,8.39422194189692e-27,8.39422194189692e-27,0.3924897314399962,1.0,,,,,,35.647958448137885,0.07837112570635547,0.07837112570635547,0.0674882156662301,0.010882910040125373,0.0,0.09362887429364466,0.15557594153815849,0.15557594153815849,0.14469303149808244,0.010882910040076053,0.0,0.19220601647394736,0.7909751805304591,0.7918622129709487,0.786808558964891,0.7878385791982482,,,0.10572095500323567,0.3923733468966863,0.3923733468966863,0.5443539203118871,0.0,0.9090423597991542,0.4695274599462114,0.43951489985294273,4.3703123519463034e-06,0.5165077896369427,0.5165077896369427,,,,0.0003030493271619395,4.0975554403813215e-05,4.0975554403813215e-05,0.0003030493271619395,0.0003030493271619395,4.0975554403813215e-05,0.70866897545555,0.0003052253278642921,,,,,,,,0.1706899624192787,0.0294228578196973,0.0985771421803027,0.8052952030448159,0.06313635404341092,0.3924897314394561,0.5443739145171329,1.3978635511394225e-06,97.00771356054585,249.1825121601205,0.004487945264975519,,,7.789939680912107,48.22310857500472,0.16153955875316242,0.004487945264975519,35.647958448137885
693168,success,first_step,353.85936940828685,0.09829426928007969,1400.0,0.8299999999999998,112.98433369462951,92.52457595391004,156.8708446875892,0.00033891280730006303,0.016734732592136668,-0.03487267947751216,False,SUCCESS,5.901222842337915,solver_state,8.39422194189692e-27,8.39422194189692e-27,0.39096481834237135,1.0,,,,,,35.81544002568211,0.07696099775332374,0.07696099775332374,0.06644427119085494,0.010516726562468805,0.0,0.0930390022466764,0.15496840982195764,0.15496840982195764,0.14445168325953817,0.010516726562419483,0.0,0.19337793168947406,0.7874648758282168,0.7883710950680072,0.783591294556721,0.7845743823478573,,,0.10727855603661055,0.3908486540638523,0.3908486540638523,0.5472882485098607,0.0,0.9090423597991542,0.459189607780684,0.44985275201847014,4.473106689582447e-06,0.5051355449289936,0.5051355449289936,,,,0.0002987279538228236,4.0184853477239417e-05,4.0184853477239417e-05,0.0002987279538228236,0.0002987279538228236,4.0184853477239417e-05,0.7191098088113342,0.00030050393626098815,,,,,,,,0.1724643999336534,0.029661070557202344,0.10033892944279765,0.8156863330229196,0.06173080721185806,0.3909648183418282,0.5473043744463137,1.4168210014854507e-06,98.43694123718493,252.39783973482375,0.0045739069438462295,,,7.894794833225761,48.22310857500472,0.16371393438783488,0.0045739069438462295,35.81544002568211
693168,success,first_step,359.76059225062477,0.09993349784739577,1400.0,0.8319999999999999,113.08302926817602,92.63283152520837,156.93638961776367,0.0003336101350222671,0.016947275050451273,-0.03402960866114724,False,SUCCESS,5.995021703601745,solver_state,8.39422194189692e-27,8.39422194189692e-27,0.38941268633511833,1.0,,,,,,35.978038411769255,0.07556107964995439,0.07556107964995439,0.06540185156759974,0.010159228082354645,0.0,0.09243892035004575,0.1543705918518369,0.1543705918518369,0.1442113637695316,0.01015922808230532,0.0,0.19454071001758755,0.7839331482902492,0.7848605067465548,0.7803638634601209,0.7813037111076166,,,0.10885372671449396,0.3892967355214267,0.3892967355214267,0.5502316687502719,0.0,0.9090423597991542,0.44872308565986907,0.4603192741392851,4.577180455731949e-06,0.493621755711154,0.493621755711154,,,,0.00029421287841926134,3.939725660300576e-05,3.939725660300576e-05,0.00029421287841926134,0.00029421287841926134,3.939725660300576e-05,0.7296684113524398,0.0002957894410244598,,,,,,,,0.1742377406265292,0.029898210332458233,0.10210178966754177,0.8261946716363329,0.06034342090073385,0.3894126863345706,0.5502438927646955,1.4364741507214084e-06,99.88229051471036,255.6494351800952,0.0046623204661751134,,,8.000838868683324,48.22310857500472,0.16591296382810056,0.0046623204661751134,35.978038411769255
693168,success,first_step,365.75561395422653,0.10159878165395181,1400.0,0.8339999999999999,113.18456535707078,92.74426193021398,157.0038404176566,0.0003281138471983394,0.017167393549045562,-0.03316227378199321,False,SUCCESS,6.095445276319085,solver_state,8.39422194189692e-27,8.39422194189692e-27,0.38782883163399723,1.0,,,,,,36.135753819810986,0.07417059096264877,0.07417059096264877,0.06436037241364251,0.00981021854900626,0.0,0.09182940903735137,0.1537821686624688,0.1537821686624688,0.14397195011351188,0.00981021854895693,0.0,0.19569501129649577,0.7803792502213257,0.7813298068272778,0.7771312075822077,0.7780269185213576,,,0.11044780763437483,0.3877130868291714,0.3877130868291714,0.5531892110683813,0.0,0.9090423597991542,0.4381255497579979,0.47091681004115626,4.682556956204717e-06,0.48196384363738376,0.48196384363738376,,,,0.0002895017620191464,3.8612085179192986e-05,3.8612085179192986e-05,0.0002895017620191464,0.0002895017620191464,3.8612085179192986e-05,0.7403537691810123,0.00029107919919790803,,,,,,,,0.17601100474516707,0.03013439774085562,0.10386560225914439,0.836829162212559,0.05897366667977791,0.3878288316334433,0.5531975016867787,1.4568613542359687e-06,101.34499150211245,258.9400658299585,0.00475333331770867,,,8.108159797729705,48.22310857500472,0.16813847214180574,0.00475333331770867,36.135753819810986
693168,success,first_step,371.8510592305456,0.10329196089737379,1400.0,0.8359999999999999,113.28914135364329,92.85908972093169,157.07333196480462,0.0003224207482664065,0.01739549725608863,-0.03226897160404896,False,SUCCESS,6.203074742409135,solver_state,8.39422194189692e-27,8.39422194189692e-27,0.38620837938244273,1.0,,,,,,36.28856866465689,0.07278872856523722,0.07278872856523722,0.06331922451259597,0.009469504052641244,0.0,0.09121127143476292,0.1532028210025556,0.1532028210025556,0.1437333169499637,0.009469504052591907,0.0,0.19684151584169296,0.7768024083327159,0.7777783337089242,0.7739299617121932,0.7747444479799488,,,0.11206223352808618,0.38609283239387754,0.38609283239387754,0.5561662892363588,0.0,0.9090423597991542,0.427394586744418,0.48164777305473616,4.789260187931829e-06,0.47015915390218727,0.47015915390218727,,,,0.00028459210440519197,3.7828643861214525e-05,3.7828643861214525e-05,0.00028459210440519197,0.00028459210440519197,3.7828643861214525e-05,0.7511754993809403,0.00028637045551110235,,,,,,,,0.17778526207495268,0.030369755593069963,0.10563024440693004,0.8475993760573846,0.05762100350024499,0.3862083793818807,0.5561706171178744,1.4780250173040212e-06,102.82636068442189,262.2726933337709,0.004847106084754897,,,8.216851980035539,48.22310857500472,0.17039241606034797,0.004847106084754897,36.28856866465689
693168,success,first_step,378.05413397295473,0.10501503721470964,1400.0,0.8379999999999999,113.39697591021059,92.97755902637326,157.1450122496142,0.00031652745796562195,0.017632039085160124,-0.031347834369918615,False,SUCCESS,6.318567156398862,solver_state,8.39422194189692e-27,8.39422194189692e-27,0.3845460361260204,1.0,,,,,,36.436445772207634,0.07141466220977177,0.07141466220977177,0.06227776982604442,0.009136892383727356,0.0,0.09058533779022837,0.15263222828668996,0.15263222828668996,0.14349533590301194,0.009136892383678014,0.0,0.1979809282918833,0.773201821349323,0.774205403342375,0.7706949582683656,0.7714568435821764,,,0.1136985447978076,0.38443067793854546,0.38443067793854546,0.5591687517915327,0.0,0.9090423597991542,0.4165277142895504,0.4925146455096038,4.897314833934554e-06,0.4582049557971962,0.4582049557971962,,,,0.0002794812407872836,3.704621717833838e-05,3.704621717833838e-05,0.0002794812407872836,0.0002794812407872836,3.704621717833838e-05,0.7621439273435047,0.000281660324341972,,,,,,,,0.1795616394145058,0.030604409498345052,0.10739559050165495,0.8585155894124562,0.056284874190018416,0.38454603612544846,0.5591690896845332,1.5000120984246529e-06,104.32781150794557,265.65049746920823,0.004943814060041978,,,8.327016897573447,48.22310857500472,0.1726769000099167,0.004943814060041978,36.436445772207634
693168,success,first_step,384.3727011293536,0.10677019475815377,1400.0,0.8399999999999999,113.50830958247882,93.09993851492516,157.2190441839326,0.00031043040432236996,0.017877521161727545,-0.030396807220521294,False,SUCCESS,6.442667896418668,solver_state,8.39422194189692e-27,8.39422194189692e-27,0.3828360353767866,1.0,,,,,,36.57932623316151,0.0700475295397912,0.0700475295397912,0.06123533696994599,0.008812192569845199,0.0,0.08995247046020896,0.15207006745935128,0.15207006745935128,0.14325787488955544,0.008812192569795853,0.0,0.19911398195073204,0.7695766573545587,0.7706103069696875,0.7674611420569387,0.7682067648013875,,,0.11535840074180481,0.3827208560621621,0.3827208560621621,0.5622029403763055,0.0,0.9090423597991542,0.4055223820432408,0.5035199777559134,5.006746253596123e-06,0.44609844378741365,0.44609844378741365,,,,0.00027416633850498446,3.6264065817385495e-05,3.6264065817385495e-05,0.00027416633850498446,0.00027416633850498446,3.6264065817385495e-05,0.7732701754192584,0.00027694576925797434,,,,,,,,0.18134132908915365,0.03083848850947692,0.10916151149052308,0.8695888716851774,0.054964701545828665,0.3828360353762027,0.5621992630779686,1.5228746988676078e-06,105.85086651597564,269.07690344324357,0.005043649100736229,,,8.438764041501653,48.22310857500472,0.17499419450275094,0.005043649100736229,36.57932623316151
693168,success,first_step,390.8153690257722,0.10855982472938117,1400.0,0.8419999999999999,113.62340792757865,93.22652486684754,157.2956077221148,0.0003041258163084256,0.018132501238399247,-0.029413621731256723,False,SUCCESS,6.576225669614722,solver_state,8.39422194189692e-27,8.39422194189692e-27,0.38107207498928275,1.0,,,,,,36.71712683026127,0.06868643043323062,0.06868643043323062,0.06019121605073844,0.008495214382492185,0.0,0.08931356956676953,0.15151601175004295,0.15151601175004295,0.14302079736760012,0.008495214382442832,0.0,0.20024144372465735,0.7659260508264899,0.7669923085842459,0.7642281116846066,0.7649786796366516,,,0.11704359479005481,0.3809570636122683,0.3809570636122683,0.5652757567517054,0.0,0.9090423597991542,0.3943759732124656,0.5146663865866885,5.1175804669738245e-06,0.4338367392467826,0.4338367392467826,,,,0.0002686443937982102,3.5481422510215435e-05,3.5481422510215435e-05,0.0002686443937982102,0.0002686443937982102,3.5481422510215435e-05,0.784566265042072,0.00027222357966162733,,,,,,,,0.18312559870580097,0.031072125842112202,0.1109278741578878,0.8808311870866414,0.05365988393829425,0.38107207498868445,0.5652680410730213,1.5466707558457635e-06,107.39717132873469,272.55561334197535,0.005146821787709384,,,8.552211934399015,48.22310857500472,0.177346757335172,0.005146821787709384,36.71712683026127
693168,success,first_step,397.3915946953869,0.11038655408205192,1400.0,0.8439999999999999,113.74256515370934,93.35764686577674,157.37490236151416,0.0002976097161948074,0.018397600253453633,-0.0283957647362576,False,SUCCESS,6.72021070270049,solver_state,8.39422194189692e-27,8.39422194189692e-27,0.3792472447872446,1.0,,,,,,36.84973695090209,0.06733042053700372,0.06733042053700372,0.059144652732362524,0.008185767804641197,0.0,0.08866957946299642,0.1509697292942459,0.1509697292942459,0.14278396148965405,0.008185767804591838,0.0,0.20136411977937813,0.7622628384417829,0.7633506420583583,0.7609969646280089,0.761751828365851,,,0.11875607214266731,0.37913238931001586,0.37913238931001586,0.5683947401474124,0.0,0.9090423597991542,0.38308580689644145,0.5259565529027127,5.229844131579866e-06,0.42141689302694463,0.42141689302694463,,,,0.00026291222874557686,3.469748744923055e-05,3.469748744923055e-05,0.00026291222874557686,0.00026291222874557686,3.469748744923055e-05,0.796045234959002,0.00026749034395775513,,,,,,,,0.18491580239824618,0.03130545968361833,0.11269454031638167,0.8922555122987248,0.05236979032710056,0.37924724478662963,0.5683829648862697,1.5714648610326589e-06,108.96851082808509,276.0906425403583,0.005253563946668334,,,8.667489314296919,48.22310857500472,0.179737258140789,0.005253563946668334,36.84973695090209
693168,success,first_step,404.1118053980874,0.1122532792772465,1400.0,0.8459999999999999,113.86610844311458,93.49367024590426,157.45715010646947,0.00029087791163736937,0.01867351127600883,-0.027340441400949156,False,SUCCESS,6.8757369328660225,solver_state,8.39422194189692e-27,8.39422194189692e-27,0.3773539425225893,1.0,,,,,,36.977014874491786,0.06597850382326276,0.06597850382326276,0.05809484137535846,0.00788366244790429,0.0,0.08802149617673738,0.1504308815893412,0.1504308815893412,0.14254721914148627,0.007883662447854923,0.0,0.20248286206660593,0.7585836816262354,0.7596845078721737,0.7577689608832473,0.7585274246293534,,,0.12049795029652038,0.37723922971011953,0.37723922971011953,0.5715681569918006,0.0,0.9090423597991542,0.3716491413768884,0.5373932184222657,5.343564509664668e-06,0.4088358890767218,0.4088358890767218,,,,0.0002569664884977778,3.3911423139591584e-05,3.3911423139591584e-05,0.0002569664884977778,0.0002569664884977778,3.3911423139591584e-05,0.8077212788196991,0.00026274241852404783,,,,,,,,0.1867133938705801,0.03153863411013146,0.11446136588986854,0.9038759734085697,0.05109375456020566,0.3773539425219548,0.5715523029178395,1.59732923168492e-06,110.56682799241383,279.68636207384344,0.005364131606484726,,,8.784736513185571,48.22310857500472,0.1821686069765093,0.005364131606484726,36.977014874491786
693168,success,first_step,410.98754233095343,0.11416320620304261,1400.0,0.8479999999999999,113.99440310231205,93.63500346767988,157.5425990021871,0.0002839259875468262,0.018961010144415827,-0.026244531228099333,False,SUCCESS,7.044089261713503,solver_state,8.39422194189692e-27,8.39422194189692e-27,0.37538377579258553,1.0,,,,,,37.09878329488564,0.0646296239562647,0.0646296239562647,0.05704091705065744,0.007588706905607263,0.0,0.08737037604373545,0.1498991217475696,0.1498991217475696,0.14231041484201173,0.00758870690555789,0.0,0.20359857590907707,0.7548610673172935,0.7559930693617937,0.7545534882859617,0.7553068630008286,,,0.1222715430640389,0.375269191122746,0.375269191122746,0.5748051055508906,0.0,0.9090423597991542,0.3600631786121993,0.5489791811869549,5.458769423529142e-06,0.3960906493859675,0.3960906493859675,,,,0.000250803638969613,3.312234857721314e-05,3.312234857721314e-05,0.000250803638969613,0.000250803638969613,3.312234857721314e-05,0.8196099061734499,0.00025797589159226537,,,,,,,,0.18851994162145644,0.0317718001346584,0.1162281998653416,0.9157080061392784,0.0498310688009358,0.3753837757919286,0.5747851554071356,1.62434486882583e-06,112.19424593584664,283.3475482185654,0.005478808489024576,,,8.904107070656043,48.22310857500472,0.18464398778454671,0.005478808489024576,37.09878329488564
693168,success,first_step,418.03163159266694,0.11611989766462971,1400.0,0.8499999999999999,114.1278587357586,93.78210464236848,157.6315273742439,0.00027674929781837957,0.019260968186957706,-0.025104535321542887,False,SUCCESS,7.226757270085385,solver_state,8.39422194189692e-27,8.39422194189692e-27,0.37332744695566444,1.0,,,,,,37.214823900301354,0.06328265420566283,0.06328265420566283,0.05598194618089872,0.007300708024764112,0.0,0.0867173457943373,0.14937409249894165,0.14937409249894165,0.14207338447422693,0.00730070802471473,0.0,0.20471222887974344,0.751144459157874,0.7522754483837426,0.751212786961061,0.7520917430935589,,,0.12407938884111702,0.37321297453932445,0.37321297453932445,0.5781156386289149,0.0,0.9090423597991542,0.34832507025027576,0.5607172895488783,5.575487195736097e-06,0.38317804060003924,0.38317804060003924,,,,0.0002444199652017358,3.232933261664376e-05,3.232933261664376e-05,0.0002444199652017358,0.0002444199652017358,3.232933261664376e-05,0.8317281319479676,0.00025318654092222576,,,,,,,,0.19033714682920247,0.03200511691459388,0.11799488308540612,0.9277685444267856,0.048580975888048786,0.37332744695498177,0.5780915771569693,1.6526029463749111e-06,113.85309384640303,287.07944084268814,0.005597910149404277,,,9.025769633652427,48.22310857500472,0.18716689778747933,0.005597910149404277,37.214823900301354
693168,success,first_step,425.2583888627523,0.11812733023965342,1400.0,0.8519999999999999,114.26693669511259,93.93548988869264,157.72424894831866,0.00026934295702656,0.019574367522586348,-0.02391651275358353,False,SUCCESS,7.42547725056267,solver_state,8.39422194189692e-27,8.39422194189692e-27,0.37117461732752266,1.0,,,,,,37.324870783227894,0.061936385572792726,0.061936385572792726,0.05491691549720654,0.00701947007558619,0.0,0.08606361442720742,0.1488554238850974,0.1488554238850974,0.1418359538095606,0.007019470075536801,0.0,0.20582486127308924,0.7474009883363282,0.7485307202659269,0.7479434895994236,0.7488838979123511,,,0.12592428408064013,0.3710602398459898,0.3710602398459898,0.5815109082919415,0.0,0.9090423597991542,0.33643192556086055,0.5726104342382936,5.69374657023518e-06,0.37009488274582997,0.37009488274582997,,,,0.00023781157066562786,3.153138636093216e-05,3.153138636093216e-05,0.00023781157066562786,0.00023781157066562786,3.153138636093216e-05,0.8440947008209788,0.00024836978385721207,,,,,,,,0.19216686450449993,0.03223875315411822,0.11976124684588178,0.9400762437234368,0.04734266038332979,0.3711746173268106,0.5814827222898596,1.6822064875768312e-06,115.54593770071922,290.8878125032359,0.005721788917867561,,,9.149910206746787,48.22310857500472,0.18974119415207963,0.005721788917867561,37.324870783227894
693168,success,first_step,432.683866113315,0.12018996280925416,1400.0,0.8539999999999999,114.41215913114671,94.09574348895597,157.82111907682886,0.000261701832232284,0.019902319583912732,-0.02267600324234309,False,SUCCESS,7.642285049899153,solver_state,8.39422194189692e-27,8.39422194189692e-27,0.36891374594646076,1.0,,,,,,37.42860238657925,0.06058951270538791,0.06058951270538791,0.05384471891398914,0.00674479379139877,0.0,0.08541048729461223,0.1483427305694691,0.1483427305694691,0.14159793677811972,0.006744793791349369,0.0,0.20693759854839222,0.7436304467042449,0.7447579078795927,0.7446953433320183,0.745685427381858,,,0.1278093231904053,0.36879944461636366,0.36879944461636366,0.5850033376343299,0.0,0.9090423597991542,0.3243808218013854,0.5846615379977688,5.813576609290153e-06,0.35683796063481005,0.35683796063481005,,,,0.00023097437786808806,3.072745436419591e-05,3.072745436419591e-05,0.00023097437786808806,0.00023097437786808806,3.072745436419591e-05,0.8567303546541061,0.0002435206179633321,,,,,,,,0.19401112868425882,0.03247288874622002,0.12152711125377998,0.9526517471588865,0.04611523799489148,0.36891374594571535,0.5849710160593933,1.7132724017352565e-06,117.27561687368754,294.7790508042657,0.005850839837165924,,,9.276734835026371,48.22310857500472,0.192371149624202,0.005850839837165924,37.42860238657925
693168,success,first_step,440.32615116321415,0.12231281976755949,1400.0,0.8559999999999999,114.56412007663134,94.2635303258561,157.92254236962233,0.0002538205351057321,0.02020702864485451,-0.021377932480284745,False,SUCCESS,7.879583104522552,solver_state,8.39422194189692e-27,8.39422194189692e-27,0.36653189688503834,1.0,,,,,,37.525631603463154,0.05924061705502792,0.05924061705502792,0.05276414181088636,0.00647647524414156,0.0,0.08475938294497223,0.1478356086683589,0.1478356086683589,0.14135913342426676,0.006476475244092148,0.0,0.20805166623364327,0.7398339867947905,0.7409559746193551,0.7414665467023369,0.7424987382368889,,,0.12973794642280573,0.3664176514644882,0.3664176514644882,0.588606826006751,0.0,0.9090423597991542,0.31216881768057814,0.596873542118576,5.935006559603647e-06,0.34340403867378566,0.34340403867378566,,,,0.00022390413072214275,2.9916404383589337e-05,2.9916404383589337e-05,0.00022390413072214275,0.00022390413072214275,2.9916404383589337e-05,0.8696581534949559,0.00023863354994232598,,,,,,,,0.1958721826622622,0.03270771671132897,0.12329228328867102,0.9644292867611053,0.04489774297622054,0.3665318968842549,0.5885703601395246,1.7428222699653893e-06,119.04528808119964,298.42337513905613,0.0059737089511876385,,,9.395865019083008,48.22310857500472,0.19484154582172925,0.0059737089511876385,37.525631603463154
693168,success,first_step,448.2057342677367,0.12450159285214908,1400.0,0.8579999999999999,114.72319193070403,94.4370895183037,158.02898212236926,0.00024569341464660585,0.020490968704251104,-0.020019119384066753,False,SUCCESS,8.14022631773305,solver_state,8.39422194189692e-27,8.39422194189692e-27,0.36401450733259094,1.0,,,,,,37.615483824005494,0.05788814656887,0.05788814656887,0.05167384205862434,0.006214304510245663,0.0,0.08411185343113015,0.14733363197976307,0.14733363197976307,0.14111932746956682,0.00621430451019624,0.0,0.2091684079252722,0.7360078005916738,0.737073119159006,0.7382369868917367,0.7393265917995522,,,0.13171399779184323,0.363900296187495,0.363900296187495,0.5923369959938736,0.0,0.9090423597991542,0.2997929707854546,0.6092493890136996,6.058065679032026e-06,0.3297898800356141,0.3297898800356141,,,,0.00021659639930047696,2.9097015346128895e-05,2.9097015346128895e-05,0.00021659639930047696,0.00021659639930047696,2.9097015346128895e-05,0.882903863791604,0.00023370250981821956,,,,,,,,0.19775251555055998,0.03294344550585797,0.12505655449414202,0.9754000347845204,0.043689112982770395,0.36401450733176444,0.592296379685465,1.7708272221781083e-06,120.8584785237922,301.81805393810276,0.006090271116642429,,,9.507218501753977,48.22310857500472,0.19715067698231742,0.006090271116642429,37.615483824005494
693168,success,first_step,456.34596058546975,0.12676276682929716,1400.0,0.8599999999999999,114.8898275957445,94.61664683569849,158.1409720700709,0.00023731455089164583,0.020694952816913328,-0.018595695200863904,False,SUCCESS,8.427633250829063,solver_state,8.39422194189692e-27,8.39422194189692e-27,0.3613451063042675,1.0,,,,,,37.69759161899098,0.05653039098598022,0.05653039098598022,0.05057232691847114,0.005958064067509082,0.0,0.08346960901401992,0.14683634744913585,0.14683634744913585,0.1408782833816762,0.005958064067459646,0.0,0.21028930721807393,0.7321507135205456,0.7331487531329529,0.7350677019526445,0.7361721616252175,,,0.13374179568936734,0.36123090656050777,0.36123090656050777,0.5962114929572845,0.0,0.9090423597991542,0.2872503601102814,0.6217919996888728,6.182783012568848e-06,0.31599227144238595,0.31599227144238595,,,,0.0002090465877908045,2.8267963100841332e-05,2.8267963100841332e-05,0.0002090465877908045,0.0002090465877908045,2.8267963100841332e-05,0.8964964317289397,0.00022872074646173215,,,,,,,,0.1996549068715025,0.033180301795946006,0.12681969820405398,0.9841906152476141,0.04248817070739483,0.3613451063033922,0.5961667229892129,1.7932622380011173e-06,122.71915068288214,304.5381234416305,0.006185489154593833,,,9.597379375319832,48.22310857500472,0.1990203381516222,0.006185489154593833,37.69759161899098
693168,success,first_step,464.7735938362988,0.12910377606563855,1400.0,0.8619999999999999,115.06405682662147,94.80286802027643,158.25913118107104,0.00022867775015135224,0.02085726667306858,-0.017107405760599992,False,SUCCESS,8.74593176938414,solver_state,8.39422194189692e-27,8.39422194189692e-27,0.3585049705891893,1.0,,,,,,37.771256026065345,0.05516545150400277,0.05516545150400277,0.04945792465998776,0.005707526844015006,0.0,0.08283454849599739,0.14634326965965722,0.14634326965965722,0.14063574281569166,0.0057075268439655555,0.0,0.21141601467428953,0.7282614614049034,0.7291619048528731,0.7319333012883907,0.7330391036232391,,,0.13582621974838513,0.358390758405708,0.358390758405708,0.6002503514202703,0.0,0.9090423597991542,0.2745381152005131,0.6345042445986411,6.309187102552408e-06,0.3020080552254684,0.3020080552254684,,,,0.0002012499467528631,2.742780339848915e-05,2.742780339848915e-05,0.0002012499467528631,0.0002012499467528631,2.742780339848915e-05,0.9104685654677023,0.0002236806992274044,,,,,,,,0.20158248143953783,0.03341853382170787,0.1285814661782921,0.9917719202598927,0.041293601395270385,0.35850497058825864,0.6002014280164709,1.8128766094087302e-06,124.63178202503262,306.88400681616065,0.006269448060059959,,,9.675794267480422,48.22310857500472,0.2006464235384368,0.006269448060059959,37.771256026065345
693168,success,first_step,473.51952560568293,0.13153320155713416,1400.0,0.8639999999999999,115.24627672339533,94.99652434972785,158.38418247497518,0.00021977654253386503,0.02093184636703198,-0.015550858981339788,False,SUCCESS,9.100152258932834,solver_state,8.39422194189692e-27,8.39422194189692e-27,0.3554727000485641,1.0,,,,,,37.83565045189269,0.053791203156768476,0.053791203156768476,0.04832874934405117,0.005462453812717311,0.0,0.08220879684323168,0.14585387406277983,0.14585387406277983,0.14039142025011198,0.005462453812667845,0.0,0.21255038132441653,0.724338675271962,0.7251555878571818,0.7288258918028023,0.7298913830701564,,,0.13797281872391554,0.3553584510591994,0.3553584510591994,0.6044764473767029,0.0,0.9090423597991542,0.26165345394513356,0.6473889058540205,6.437305612877928e-06,0.28783417089930097,0.28783417089930097,,,,0.00019320159116807383,2.6574951365791214e-05,2.6574951365791214e-05,0.00019320159116807383,0.00019320159116807383,2.6574951365791214e-05,0.9248574582621485,0.0002185738386796678,,,,,,,,0.20353877757310884,0.033658415518815134,0.13034158448118485,0.9969787507967323,0.040103925031414925,0.35547270004757076,0.6044233749210144,1.826148985693106e-06,126.60146399155249,308.4951565022088,0.006329363286108458,,,9.731095713803192,48.22310857500472,0.2017932066463063,0.006329363286108458,37.83565045189269
693168,success,first_step,482.61967786461577,0.13406102162905995,1400.0,0.8659999999999999,115.43654697545564,95.1981342285868,158.51697723619117,0.00021060418282501777,0.0209298609190577,-0.013925544988318106,False,SUCCESS,9.49648754916571,solver_state,8.39422194189692e-27,8.39422194189692e-27,0.3522236880302626,1.0,,,,,,37.889763567677484,0.052405247641001185,0.052405247641001185,0.047182656654664416,0.005222590986336768,0.0,0.08159475235899896,0.14536758856351667,0.14536758856351667,0.1401449975772294,0.005222590986287287,0.0,0.2136945007364814,0.720380862383669,0.7211770846308404,0.7257504849128502,0.7267654534163093,,,0.1401879458944016,0.35210937801988335,0.35210937801988335,0.6089160623805886,0.0,0.9090423597991542,0.24859373178474486,0.6604486280144093,6.567164839697384e-06,0.27346770929318376,0.27346770929318376,,,,0.0001848965263272179,2.5707656497799865e-05,2.5707656497799865e-05,0.0001848965263272179,0.0001848965263272179,2.5707656497799865e-05,0.9397056960452991,0.0002133904668357448,,,,,,,,0.20552783278491324,0.03390025162251757,0.13209974837748242,0.9997420862358936,0.03891746155873801,0.3522236880291981,0.6088588504120639,1.8327052097311427e-06,128.63402624048223,309.3502154471371,0.00636384457007449,,,9.762568268181045,48.22310857500472,0.20244585130791912,0.00636384457007449,37.889763567677484
693168,success,first_step,492.11616541378146,0.13669893483716153,1400.0,0.8679999999999999,115.63507688859559,95.40787028677545,158.65576665150877,0.0002011536562484459,0.020875781781043854,-0.012229675863398626,False,SUCCESS,9.94264800998591,solver_state,8.39422194189692e-27,8.39422194189692e-27,0.34872945357570817,1.0,,,,,,37.932379150933905,0.05100485346235711,0.05100485346235711,0.046017187851480915,0.004987665610876194,0.0,0.08099514653764305,0.14488378292958926,0.14488378292958926,0.13989611731876256,0.004987665610826697,0.0,0.2148507624752759,0.7163863822499332,0.717192815857432,0.722716809106032,0.7236179837934003,,,0.14247893098288672,0.34861505948091565,0.34861505948091565,0.6135995949821436,0.0,0.9090423597991542,0.23535650615439707,0.6736858536447571,6.698789070632821e-06,0.25890598344217675,0.25890598344217675,,,,0.00017632968439919088,2.482397184925501e-05,2.482397184925501e-05,0.00017632968439919088,0.00017632968439919088,2.482397184925501e-05,0.9545423300219511,0.00020811946368274115,,,,,,,,0.20755429269632955,0.03414438406236716,0.13385561593763284,1.0,0.03773228685851433,0.3487294535745627,0.613538259566923,1.8321705630621803e-06,130.73619439848193,309.43002170876355,0.006371590535830142,,,9.769575983134295,48.22310857500472,0.2025911699147101,0.006371590535830142,37.932379150933905
693168,success,first_step,502.0588134237674,0.13946078150660204,1400.0,0.8699999999999999,115.84238725439697,95.6268116130179,158.80082086802284,0.0001914176913064905,0.020816328253061532,-0.010458802935093381,False,SUCCESS,10.448355041528938,solver_state,8.39422194189692e-27,8.39422194189692e-27,0.34495678882891495,1.0,,,,,,37.96202757328914,0.04958687899765568,0.04958687899765568,0.04482949772449953,0.004757381273156151,0.0,0.08041312100234446,0.1444017552812741,0.1444017552812741,0.13964437400816748,0.004757381273106638,0.0,0.21602192092567035,0.7123887420852218,0.7131707424754801,0.7197295955104427,0.7205085690125862,,,0.14485430125987075,0.3448422901884576,0.3448422901884576,0.6185624692488029,0.0,0.9090423597991542,0.2219396215140188,0.6871027382851354,6.832199739277053e-06,0.2441466221255681,0.2441466221255681,,,,0.00016749597569238082,2.3921715614109694e-05,2.3921715614109694e-05,0.00016749597569238082,0.00016749597569238082,2.3921715614109694e-05,0.9685269055577866,0.0002027479613422152,,,,,,,,0.2096235512677541,0.0343912000766741,0.1356087999233259,1.0,0.03654617630795968,0.34495678882767716,0.6184970348643632,1.8313609087124445e-06,132.91579294097468,309.43002170876355,0.006376564727569045,,,9.774068197178941,48.22310857500472,0.2026843247149167,0.006376564727569045,37.96202757328914
693168,success,first_step,512.5071684652963,0.1423631023514712,1400.0,0.8719999999999999,116.05960994851293,95.85625009209937,158.95302020960807,0.00018138878292985037,0.020761430952783662,-0.008603257569879785,False,SUCCESS,11.026040131563553,solver_state,8.39422194189692e-27,8.39422194189692e-27,0.3408666553029351,1.0,,,,,,37.9769134606192,0.04814767216388754,0.04814767216388754,0.04361626065060383,0.0045314115132837045,0.0,0.07985232783611261,0.14392071460247766,0.14392071460247766,0.1393893030892435,0.004531411513234173,0.0,0.21721118518149984,0.7081389641000256,0.7091088714131335,0.7167953304821252,0.7175129523929609,,,0.14732406997380232,0.34075203633284207,0.34075203633284207,0.6238463112196291,0.0,0.9090423597991542,0.20834132260094707,0.7007010371982071,6.967414299068177e-06,0.2291876944513108,0.2291876944513108,,,,0.00015839036036600354,2.299842256384682e-05,2.299842256384682e-05,0.00015839036036600354,0.00015839036036600354,2.299842256384682e-05,0.9803466202755846,0.00019726091919713406,,,,,,,,0.21174193395180374,0.03464114265461281,0.1373588573453872,1.0,0.035356531358402166,0.3408666553015917,0.6237768133400061,1.8311326669237888e-06,135.18200985096072,309.43002170876355,0.0063815572030879834,,,9.778573797224439,48.22310857500472,0.20277775709990056,0.0063815572030879834,37.9769134606192
693168,success,first_step,523.5332085968599,0.14542589127690553,1400.0,0.8739999999999999,116.28822430005981,96.09775074032459,159.11343224971452,0.00017105923075793077,0.02071174338672586,-0.006650403140187167,False,SUCCESS,11.691856622635225,solver_state,8.39422194189692e-27,8.39422194189692e-27,0.33641273257294724,1.0,,,,,,37.974814587442225,0.046682937466139655,0.046682937466139655,0.042373546124333264,0.00430939134180639,0.0,0.07931706253386049,0.1434397577316835,0.1434397577316835,0.13913036638992665,0.004309391341756842,0.0,0.21842233834909608,0.7040018622432807,0.7050556271733627,0.713923539499926,0.7146493553411384,,,0.1499001186528558,0.3362979851137557,0.3362979851137557,0.6295004963004794,0.0,0.9090423597991542,0.1945604070084842,0.71448195279067,7.104444706126097e-06,0.21402787770139867,0.21402787770139867,,,,0.00014900794901550742,2.205128174242334e-05,2.205128174242334e-05,0.00014900794901550742,0.00014900794901550742,2.205128174242334e-05,0.9899959010805615,0.00019164056096157843,,,,,,,,0.21391694076326045,0.03489472418476444,0.13910527581523555,1.0,0.0341602824811357,0.3364127325714825,0.6294269849473817,1.8315756404358121e-06,137.5457474124933,309.43002170876355,0.006386580890167172,,,9.783104408645803,48.22310857500472,0.20287170814443592,0.006386580890167172,37.974814587442225
693168,success,first_step,535.2250652194951,0.14867362922763755,1400.0,0.8759999999999999,116.53004643081732,96.35323486492655,159.2833690461213,0.0001604211999085217,0.020668109078931955,-0.004584726090377522,False,SUCCESS,12.467180155368968,solver_state,8.39422194189692e-27,8.39422194189692e-27,0.33153947597588385,1.0,,,,,,37.95294814337323,0.04518755661492745,0.04518755661492745,0.04109665085461791,0.004090905760309542,0.0,0.07881244338507269,0.14295783853878466,0.14295783853878466,0.1388669327785247,0.004090905760259975,0.0,0.21965989877583053,0.6997729204969685,0.7008861206509618,0.7111041383865601,0.7118587606158525,,,0.15259671300861138,0.3314246036662731,0.3314246036662731,0.6355842208473597,0.0,0.9090423597991542,0.1805964336019502,0.7284459261972039,7.243295346869435e-06,0.19866668660176803,0.19866668660176803,,,,0.00013934414473275845,2.1077055175763245e-05,2.1077055175763245e-05,0.00013934414473275845,0.00013934414473275845,2.1077055175763245e-05,0.9967715205305736,0.00018586561531366364,,,,,,,,0.2161575747251046,0.03515254460924219,0.1408474553907578,1.0,0.03295375854125787,0.33153947597427913,0.635506765484463,1.8328040430715269e-06,140.02009559494238,309.43002170876355,0.006391651281849944,,,9.787673935310401,48.22310857500472,0.20296646617227004,0.006391651281849944,37.95294814337323
693168,success,first_step,547.6922453748641,0.15213673482635115,1400.0,0.8779999999999999,116.78733998347525,96.62509720053015,159.46446784386686,0.00014946681574978254,0.02063162725815662,-0.0023868900812223925,False,SUCCESS,10.704717244251711,solver_state,8.39422194189692e-27,8.39422194189692e-27,0.32617946439365786,1.0,,,,,,37.90778768473544,0.04365534150420289,0.04365534150420289,0.039779867607519795,0.003875473896683095,0.0,0.07834465849579725,0.14247372578487677,0.14247372578487677,0.13859825188824326,0.0038754738966335096,0.0,0.22092934244253418,0.6955122214480522,0.69666763691003,0.7083067347042763,0.7091547877670225,,,0.15543121347563388,0.32606448858622744,0.32606448858622744,0.6421693319327636,0.0,0.9090423597991542,0.16645001195091852,0.7425923478482357,7.383960160048762e-06,0.18310479171476052,0.18310479171476052,,,,0.00012939484597039266,2.0071969779389874e-05,2.0071969779389874e-05,0.00012939484597039266,0.00012939484597039266,2.0071969779389874e-05,0.9999037144670025,0.00017991027045302242,,,,,,,,0.21847479483590856,0.035415316053263084,0.1425846839467369,1.0,0.031732507358586896,0.3261794643918907,0.6420880282495224,1.834964952199773e-06,142.62098403178064,309.43002170876355,0.006396787200977135,,,9.792299239176273,48.22310857500472,0.20306238084891678,0.006396787200977135,37.90778768473544
693168,success,first_step,558.3969626191158,0.15511026739419884,1400.0,0.8795999999999999,117.00791799355392,96.8581896207796,159.61996112374962,0.0001404862905166646,0.02061553756558364,-0.0005026831573776702,False,SUCCESS,2.277802330912104,solver_state,8.39422194189692e-27,8.39422194189692e-27,0.32145141127788346,1.0,,,,,,37.83614229548088,0.04239401710171199,0.04239401710171199,0.03868890108173256,0.0037051160199794275,0.0,0.07800598289828806,0.14208350048278065,0.14208350048278065,0.13837838446285083,0.0037051160199298265,0.0,0.22197580208400156,0.6920621770207598,0.6932534106910685,0.7062043105770496,0.7071233473176052,,,0.1578183425662289,0.3213363877220311,0.3213363877220311,0.6478902234077079,0.0,0.9090423597991542,0.155026933739514,0.7540154260596401,7.497545432860339e-06,0.17053873460172528,0.17053873460172528,,,,0.00012124769716575564,1.9238593350908948e-05,1.9238593350908948e-05,0.00012124769716575564,0.00012124769716575564,1.9238593350908948e-05,1.0,0.0001749762147481092,,,,,,,,0.22040068341044503,0.035630180814286615,0.14396981918571344,1.0,0.030742637509970753,0.32145141127632726,0.647805951213702,1.8381503026269358e-06,144.81137225757294,309.43002170876355,0.006400952741803449,,,9.796048221287801,48.22310857500472,0.2031401232886373,0.006400952741803449,37.83614229548088
693168,success,first_step,560.6747649500279,0.15574299026389665,1400.0,0.87992,117.05486357539854,96.90780133228012,159.65308283322497,0.00013867540331762804,0.020618132435556078,-0.00010166770563779792,False,SUCCESS,0.4615093842805481,solver_state,8.39422194189692e-27,8.39422194189692e-27,0.32043277077114907,1.0,,,,,,37.80800821368833,0.042135028324296185,0.042135028324296185,0.0384637548549393,0.003671273469356883,0.0,0.0779449716757038,0.14200478502612074,0.14200478502612074,0.13833351155681345,0.003671273469307279,0.0,0.2221909691486392,0.6913663653370805,0.6925650697936077,0.7057988270939223,0.7067183580591658,,,0.1583136734264303,0.320317745294298,0.320317745294298,0.6491086915031963,0.0,0.9090423597991542,0.15274453617753686,0.7562978236216173,7.520240431961618e-06,0.16802796319775964,0.16802796319775964,,,,0.00011960936271050581,1.906604060712225e-05,1.906604060712225e-05,0.00011960936271050581,0.00011960936271050581,1.906604060712225e-05,1.0,0.00017395795800192042,,,,,,,,0.22079924464025244,0.035674002527064784,0.14424599747293532,1.0,0.03054337958249492,0.3204327707708162,0.6490238496466889,1.839363284398363e-06,145.26587925861088,309.43002170876355,0.006401791544180263,,,9.796802880505606,48.22310857500472,0.2031557726161092,0.006401791544180263,37.80800821368833
693168,success,first_step,561.1362743343085,0.1558711873150857,1400.0,0.879984,117.0643785223325,96.91785678406545,159.65979714445865,0.00013831263154770942,0.020618906051090895,-2.0389753739524785e-05,False,SUCCESS,0.09254396982243507,solver_state,8.39422194189692e-27,8.39422194189692e-27,0.3202259303891831,1.0,,,,,,37.80177813284543,0.04208294127847201,0.04208294127847201,0.03841843036317147,0.003664510915300543,0.0,0.07793305872152802,0.1419890109064083,0.1419890109064083,0.13832449999115737,0.0036645109152509377,0.0,0.2222342570378021,0.6912269613147397,0.6924271722878155,0.7057183735620762,0.7066379931468647,,,0.15841350241200833,0.3201109049057747,0.3201109049057747,0.649355575269364,0.0,0.9090423597991542,0.152288156997931,0.7567542028012232,7.524778434123706e-06,0.16752591928892938,0.16752591928892938,,,,0.00011928134756458424,1.903128398312519e-05,1.903128398312519e-05,0.00011928134756458424,0.00011928134756458424,1.903128398312519e-05,1.0,0.00017375297135760703,,,,,,,,0.2208795278703406,0.03568280168372605,0.14430119831627403,1.0,0.030503449126434903,0.3202259303891156,0.6492706204844494,1.8396312193436718e-06,145.35748060328237,309.43002170876355,0.0064019596484062614,,,9.796954111059486,48.22310857500472,0.20315890867594338,0.0064019596484062614,37.80177813284543
693168,success,first_step,561.228818304131,0.15589689397336973,1400.0,0.8799968,117.06628665705652,96.91987331757365,159.6611436858235,0.0001382400533920304,0.020619071155876977,-4.090211199736515e-06,False,SUCCESS,0.01851851136605812,solver_state,8.39422194189692e-27,8.39422194189692e-27,0.32018443619624404,1.0,,,,,,37.80050754191652,0.04207251212701746,0.04207251212701746,0.03840935350938696,0.0036631586176304955,0.0,0.07793068787298255,0.1419858548083175,0.1419858548083175,0.1383226961907366,0.0036631586175808898,0.0,0.22224292495868606,0.691199070761233,0.692399583532535,0.705702308942912,0.7066219458379998,,,0.1584334991196783,0.32006941072727196,0.32006941072727196,0.6494050814726819,0.0,0.9090423597991542,0.15219688526951214,0.756845474529642,7.525685993713212e-06,0.16742551502565717,0.16742551502565717,,,,0.0001192157306681614,1.9024322723869017e-05,1.9024322723869017e-05,0.0001192157306681614,0.0001192157306681614,1.9024322723869017e-05,1.0,0.00017371191995855904,,,,,,,,0.22089560766007849,0.03568456291429666,0.14431223708570343,1.0,0.030495459661110884,0.3201844361962305,0.6493201041426586,1.839685840304088e-06,145.37582923520492,309.43002170876355,0.006401993283926615,,,9.7969843699492,48.22310857500472,0.20315953615290636,0.006401993283926615,37.80050754191652
693168,success,first_step,561.2473368154971,0.15590203800430474,1400.0,0.87999936,117.06666849073139,96.92027684297234,159.6614131419181,0.000138225536808592,0.020619104593702964,-8.285367758542606e-07,False,SUCCESS,0.003704091239710301,solver_state,8.39422194189692e-27,8.39422194189692e-27,0.3201761322998268,1.0,,,,,,37.800252437125295,0.0420704258256556,0.0420704258256556,0.03840753765923363,0.00366288816642197,0.0,0.07793021417434441,0.14198522353747023,0.14198522353747023,0.13832233537109787,0.003662888166372365,0.0,0.22224465895791132,0.6911934922599087,0.6923940654106567,0.7056990970654793,0.7066187374060454,,,0.15843749970086168,0.3200611068343771,0.3200611068343771,0.6494149879062678,0.0,0.9090423597991542,0.15217863108888402,0.7568637287102702,7.525867503989884e-06,0.16740543435457364,0.16740543435457364,,,,0.00011920260673469013,1.9022930073901862e-05,1.9022930073901862e-05,0.00011920260673469013,0.00011920260673469013,1.9022930073901862e-05,1.0,0.00017370370751060898,,,,,,,,0.22089882454624266,0.03568491521643326,0.1443144447835668,1.0,0.030493861631326825,0.3201761322998241,0.649330006068849,1.839696806022002e-06,145.37950009907016,309.43002170876355,0.006402000011625098,,,9.796990422244946,48.22310857500472,0.2031596616590366,0.006402000011625098,37.800252437125295
693168,success,first_step,561.2510409067368,0.155903066918538,1400.0,0.879999872,117.06674486574295,96.92035755680776,159.66146703905517,0.00013822263345381037,0.020619111297955777,-1.7613119140946765e-07,False,SUCCESS,0.001,solver_state,8.39422194189692e-27,8.39422194189692e-27,0.3201744713181246,1.0,,,,,,37.8002013766738,0.04207000854652934,0.04207000854652934,0.03840717447001766,0.003662834076511684,0.0,0.07793011945347068,0.14198509728124953,0.14198509728124953,0.13832226320478744,0.0036628340764620782,0.0,0.22224500577436895,0.6911923765440136,0.6923929617714429,0.7056984547318722,0.7066180957608703,,,0.1584382998667102,0.32005944585340484,0.32005944585340484,0.6494169694008215,0.0,0.9090423597991542,0.1521749802593667,0.7568673795397874,7.5259038059795084e-06,0.16740141822762647,0.16740141822762647,,,,0.00011919998192583248,1.9022651527977882e-05,1.9022651527977882e-05,0.00011919998192583248,0.00011919998192583248,1.9022651527977882e-05,1.0,0.00017370206493425055,,,,,,,,0.22089946796062396,0.035684985679101895,0.14431488632089817,1.0,0.0304935420198872,0.32017447131812404,0.6493319866619889,1.8396990008279594e-06,145.38023431736616,309.43002170876355,0.006402001357188627,,,9.796991632724861,48.22310857500472,0.20315968676069326,0.006402001357188627,37.8002013766738
693168,success,first_step,561.2520409067367,0.15590334469631575,1400.0,0.8800000102226334,117.06676548485183,96.92037934727779,159.66148158977344,0.0001382218496441138,0.02061911310872286,0.0,False,SUCCESS,0.0,solver_state,8.39422194189692e-27,8.39422194189692e-27,0.32017402289833974,1.0,,,,,,37.80018759006856,0.04206989589430085,0.04206989589430085,0.03840707642021239,0.0036628194740884615,0.0,0.07793009388306572,0.14198506319624163,0.14198506319624163,0.13832224372220278,0.0036628194740388562,0.0,0.22224509940394588,0.6911920753377006,0.6923926638254677,0.7056982813258547,0.7066179225406701,,,0.15843851588709196,0.3200589974338183,0.3200589974338183,0.6494175043485234,0.0,0.9090423597991542,0.15217399465928982,0.7568683651398643,7.52591360628478e-06,0.16740033400964008,0.16740033400964008,,,,0.00011919927331493791,1.902257632917588e-05,1.902257632917588e-05,0.00011919927331493791,0.00011919927331493791,1.902257632917588e-05,1.0,0.00017370162148966302,,,,,,,,0.22089964166268888,0.035685004701753426,0.14431500552088009,1.0,0.030493455735317452,0.3201740228983396,0.6493325213663429,1.8396995934359874e-06,145.38043253391953,309.43002170876355,0.006402001720446541,,,9.7969919595146,48.22310857500472,0.20315969353731445,0.006402001720446541,37.80018759006856
693168,success,second_step,1461.2520409067367,0.4059033446963158,1100.0,0.8814795501280952,117.06787211037417,96.92154916020677,159.66226225531244,1.5924539846295038e-06,6.70382665731398e-06,9.452943521282009e-06,False,SUCCESS,900.0,solver_state,0.00019446870842691137,0.00019446870842691137,0.3186175740726876,1.0,,,,,,2.1917210917435934,0.041078075796277404,0.041078075796277404,0.037748965504776466,0.0033291102915009377,0.0,0.07744237407562743,0.14163772393194643,0.14163772393194643,0.1383086136404951,0.0033291102914513324,0.0,0.22322706222130295,0.6879564043728584,0.6891950540053758,0.7031850155029038,0.704159351875047,,,0.16023264310236113,0.31850170620829565,0.31850170620829565,0.6534093834382676,0.0,0.9090423597991542,0.14651938147926058,0.7625229783198936,7.582140200273809e-06,0.16117992731563455,0.16117992731563455,,,,1.5817413555677935e-06,1.0712629061710196e-08,1.0712629061710196e-08,1.5817413555677935e-06,1.5817413555677935e-06,1.0712629061710196e-08,1.0,1.5559513045100989e-06,,,,,,,,0.2223245062660646,0.03569486198241978,0.14578468814567547,1.0,0.028061381387312914,0.31861757393559,0.6533210446770971,1.5358258511828554e-06,147.02669253024146,309.43002170876355,0.0009819370809354383,,,0.08937747853660236,48.22310857500472,0.0018534159488616834,0.0009819370809354383,2.1917210917435934
693168,success,second_step,2361.2520409067365,0.6559033446963157,1100.0,0.8829127587142618,117.07390534693349,96.92800083037108,159.666468733903,1.5430151583361967e-06,7.65824314115938e-06,6.0989658782206746e-05,False,SUCCESS,900.0,solver_state,0.005174970131548572,0.005174970131548572,0.3169930264697393,1.0,,,,,,1.1810096968819144,0.04014765614969755,0.04014765614969755,0.037102178575078484,0.0030454775746190637,0.0,0.07693958513604073,0.1413406997058409,0.1413406997058409,0.13829522213127143,0.0030454775745694584,0.0,0.22414784050172729,0.6847975723805071,0.6860991450824178,0.7007146008609595,0.7017207544461923,,,0.16201750185676517,0.3168763578991052,0.3168763578991052,0.657113313894537,0.0,0.9090423597991542,0.14115701242043632,0.7678853473787178,7.635460867539732e-06,0.15528100632364797,0.15528100632364797,,,,1.5325396710669348e-06,1.047548726926181e-08,1.047548726926181e-08,1.5325396710669348e-06,1.5325396710669348e-06,1.047548726926181e-08,1.0,1.52665755324896e-06,,,,,,,,0.22372486244012366,0.03570450334857532,0.1472082553656865,1.0,0.02598524385905192,0.31699302632755266,0.6570217298133955,1.7541058239895006e-06,148.66444794772417,309.43002170876355,0.0009819522341260223,,,0.08944914543458227,48.22310857500472,0.001854902101457351,0.0009819522341260223,1.1810096968819144
693168,success,second_step,3261.2520409067365,0.9059033446963157,1100.0,0.8843014723567643,117.0807974949598,96.93538549449983,159.67126465727853,1.495673328258851e-06,7.681366172296464e-06,0.00011986331090518831,False,SUCCESS,900.0,solver_state,0.0058255246317715295,0.0058255246317715295,0.315312027079798,1.0,,,,,,1.1446271354148463,0.039270917599318354,0.039270917599318354,0.03646755314733957,0.0028033644519787826,0.0,0.07642761004391735,0.14108543169895332,0.14108543169895332,0.13828206724702413,0.0028033644519291773,0.0,0.22501515111356413,0.6817139705992947,0.6830749537113218,0.6982735157933703,0.699309532426427,,,0.16378978932421956,0.3151946173402462,0.3151946173402462,0.6605754766351659,0.0,0.9090423597991542,0.13607902305366465,0.7729633367454896,7.685953807961274e-06,0.14969491969959492,0.14969491969959492,,,,1.4854315384281348e-06,1.0241789830716393e-08,1.0241789830716393e-08,1.4854315384281348e-06,1.4854315384281348e-06,1.0241789830716393e-08,1.0,1.5002025669564699e-06,,,,,,,,0.22509885423804774,0.03571393128711765,0.14858754106964672,1.0,0.024207158101072764,0.3153120269328929,0.6604808149660343,1.759543730474381e-06,150.29066817047197,309.43002170876355,0.0009819652120787669,,,0.08951052378205782,48.22310857500472,0.0018561749009364656,0.0009819652120787669,1.1446271354148463
693168,success,second_step,4161.2520409067365,1.1559033446963156,1100.0,0.8856475783521973,117.08771045210744,96.94279217782903,159.67607537645316,1.4504583582941585e-06,7.671937682395046e-06,0.00017891471733144648,False,SUCCESS,900.0,solver_state,0.00596832855313531,0.00596832855313531,0.3135695298229172,1.0,,,,,,1.1372047603230366,0.03844044255560064,0.03844044255560064,0.03584393099996845,0.0025965115556321875,0.0,0.07591197909220207,0.14086565792393196,0.14086565792393196,0.1382691463683494,0.002596511555582582,0.0,0.22583640854643422,0.6787025234353192,0.6801193912578449,0.6958692923771106,0.6969453856070678,,,0.1655518744146104,0.31345143796224273,0.31345143796224273,0.663842339307912,0.0,0.9090423597991542,0.13127651824173364,0.7777658415574205,7.733707470253237e-06,0.14441188226997273,0.14441188226997273,,,,1.4404472635447195e-06,1.0011094749438893e-08,1.0011094749438893e-08,1.4404472635447195e-06,1.4404472635447195e-06,1.0011094749438893e-08,1.0,1.4744741920101079e-06,,,,,,,,0.22644903654830856,0.0357231488979653,0.14992442945423207,1.0,0.02268567124569807,0.31356952967165536,0.6637447990826465,1.7575361172174903e-06,151.90752686908468,309.43002170876355,0.0009819763172795417,,,0.08956304450467742,48.22310857500472,0.0018572640203269734,0.0009819763172795417,1.1372047603230366
693168,success,second_step,5061.2520409067365,1.4059033446963156,1100.0,0.8869529908746621,117.09461492431636,96.95018920353375,159.68088070310262,1.4073731028139526e-06,7.661021668308473e-06,0.0002378936442737345,False,SUCCESS,900.0,solver_state,0.006098486854109885,0.006098486854109885,0.31176794597956536,1.0,,,,,,1.130591957027216,0.03765026147974697,0.03765026147974697,0.03523101413413885,0.002419247345608119,0.0,0.07539674764559101,0.14067570463034865,0.14067570463034865,0.13825645728479014,0.002419247345558514,0.0,0.2266175796370134,0.6756494708057762,0.677229840993597,0.6935069360058308,0.6946410872170127,,,0.1673037460528066,0.311649236956613,0.311649236956613,0.6669503972634676,0.0,0.9090423597991542,0.1267397588854151,0.782302600913739,7.778818695058951e-06,0.13942118045347995,0.13942118045347995,,,,1.397589656155183e-06,9.783446658769789e-09,9.783446658769789e-09,1.397589656155183e-06,1.397589656155183e-06,9.783446658769789e-09,1.0,1.4491951259314402e-06,,,,,,,,0.22777606332111766,0.035732158883239794,0.1512208319914223,1.0,0.021381854756884956,0.3117679458243062,0.6668501994188087,1.7551865133186591e-06,153.5150138812142,309.43002170876355,0.0009819858338118376,,,0.08960805138982658,48.22310857500472,0.0018581973256753658,0.0009819858338118376,1.130591957027216
693168,success,second_step,5961.2520409067365,1.6559033446963156,1100.0,0.8882196266671946,117.10150957291879,96.957575166161,159.6856796913776,1.3663993106356078e-06,7.649815627722338e-06,0.0002967886566529465,False,SUCCESS,900.0,solver_state,0.006234839168613688,0.006234839168613688,0.30991082619829485,1.0,,,,,,1.1238118117786398,0.03689537617553599,0.03689537617553599,0.034628617378199555,0.0022667587973364367,0.0,0.07488499715726943,0.1405107565262788,0.1405107565262788,0.13824399772899199,0.0022667587972868314,0.0,0.22736365983923146,0.6727228704198667,0.6744036806677832,0.6911015358376643,0.6923776121942493,,,0.16904510092833314,0.3097915702526708,0.3097915702526708,0.6699297463814438,0.0,0.9090423597991542,0.12245837797649065,0.7865839818226635,7.821390566628994e-06,0.13471140993203756,0.13471140993203756,,,,1.3568403610467529e-06,9.558949588854911e-09,9.558949588854911e-09,1.3568403610467529e-06,1.3568403610467529e-06,9.558949588854911e-09,1.0,1.4243479417480953e-06,,,,,,,,0.22908033893445595,0.03574096398523269,0.15247866268196197,1.0,0.020262050037468386,0.3099108260393938,0.6698271239231379,1.7527692578100404e-06,155.1128508944326,309.43002170876355,0.0009819940073110013,,,0.089646706310077,48.22310857500472,0.0018589989106704578,0.0009819940073110013,1.1238118117786398
693168,success,second_step,6861.2520409067365,1.9059033446963156,1100.0,0.8894493860467666,117.10839413690987,96.964949809343,159.690472147687,1.3275017027624982e-06,7.638448358204981e-06,0.00035559752493052876,False,SUCCESS,900.0,solver_state,0.006378126584293766,0.006378126584293766,0.30800189514205667,1.0,,,,,,1.1168425618729692,0.03617157205273304,0.03617157205273304,0.034036562540455687,0.0021350095122773523,0.0,0.07437904190050033,0.14036677483162655,0.14036677483162655,0.1382317653193988,0.0021350095122277465,0.0,0.22807886090740445,0.6698636071921623,0.6716382466629036,0.6887798928006664,0.6901571468235708,,,0.17077564494735475,0.30788216657805534,0.30788216657805534,0.6728053263635891,0.0,0.9090423597991542,0.11842155873200118,0.7906208010671529,7.861530641544929e-06,0.13027067160892866,0.13027067160892866,,,,1.318163997587399e-06,9.337705175099249e-09,9.337705175099249e-09,1.318163997587399e-06,1.318163997587399e-06,9.337705175099249e-09,1.0,1.399925042530971e-06,,,,,,,,0.23036225208202923,0.03574956703986266,0.15369981900690405,1.0,0.019297588346816573,0.3080018949798626,0.6727005166733209,1.7503138526391385e-06,156.7007680533404,309.43002170876355,0.0009820010470036396,,,0.08967999889144439,48.22310857500472,0.001859689297133529,0.0009820010470036396,1.1168425618729692
693168,success,second_step,7761.2520409067365,2.155903344696316,1100.0,0.8906441375792529,117.11526847119333,96.97231300069654,159.69525795914788,1.290631321568972e-06,7.626994909434593e-06,0.0004143190096745908,False,SUCCESS,900.0,solver_state,0.006528418660496798,0.006528418660496798,0.3060449612090112,1.0,,,,,,1.1096967977632175,0.03547529472567713,0.03547529472567713,0.03345467440953931,0.00202062031613782,0.0,0.07388056769507,0.1402403778783177,0.1402403778783177,0.13821975756222948,0.0020206203160882145,0.0,0.22876673429980277,0.667068798390881,0.6689308608787345,0.6865105944838656,0.6879808952708739,,,0.1724951050732262,0.3059248372146919,0.3059248372146919,0.6755976868511558,0.0,0.9090423597991542,0.11461818890959097,0.7944241708895632,7.899349414286105e-06,0.1260867413647423,0.1260867413647423,,,,1.2815115127877256e-06,9.119808781246403e-09,9.119808781246403e-09,1.2815115127877256e-06,1.2815115127877256e-06,9.119808781246403e-09,1.0,1.3759192988868947e-06,,,,,,,,0.23162218462030712,0.03575797097452025,0.1548861666047327,1.0,0.01846411300847118,0.30604496104386403,0.6754909259476649,1.7478374874907185e-06,158.2785148242505,309.43002170876355,0.0009820071306512151,,,0.0897087699103335,48.22310857500472,0.001860285920199509,0.0009820071306512151,1.1096967977632175
693168,success,second_step,8661.252040906737,2.405903344696316,1100.0,0.8918057057686649,117.12213249821232,96.97966468038538,159.70003705968946,1.2557283977191321e-06,7.615515017914077e-06,0.00047295244838441164,False,SUCCESS,900.0,solver_state,0.006685751312884111,0.006685751312884111,0.3040438663929822,1.0,,,,,,1.1023884595701237,0.034803546256911455,0.034803546256911455,0.03288278056971949,0.0019207656871919657,0.0,0.07339074797442359,0.1401287375442546,0.1401287375442546,0.13820797185711223,0.0019207656871423604,0.0,0.2294302749406653,0.66433554853032,0.6662788556034023,0.6842938589885131,0.6858492637202546,,,0.17420322993504286,0.30392342593789046,0.30392342593789046,0.6783236444752212,0.0,0.9090423597991542,0.11103699514433653,0.7980053646548176,7.934958981452635e-06,0.12214721783577752,0.12214721783577752,,,,1.2468230495655393e-06,8.90534815359276e-09,8.90534815359276e-09,1.2468230495655393e-06,1.2468230495655393e-06,8.90534815359276e-09,1.0,1.3523237100512196e-06,,,,,,,,0.23286051198930532,0.035766178802423367,0.15603952696624165,1.0,0.017740970947955077,0.3040438662252112,0.6782151628268337,1.7453538579659598e-06,159.84586055358318,309.43002170876355,0.000982012408988621,,,0.08973373229725176,48.22310857500472,0.0018608035638698552,0.000982012408988621,1.1023884595701237
693168,success,second_step,9561.252040906737,2.655903344696316,1100.0,0.8929358613266122,117.1289861941686,96.98700484604403,159.7048094206184,1.2227248051811374e-06,7.604056564753186e-06,0.0005314976377717162,False,SUCCESS,900.0,solver_state,0.006850151217789818,0.006850151217789818,0.30200244408589944,1.0,,,,,,1.0949315076450121,0.03415379701104986,0.03415379701104986,0.0323207113554214,0.0018330856556284573,0.0,0.07291034166233797,0.14002949115954452,0.14002949115954452,0.13819640550396567,0.0018330856555788515,0.0,0.23007200937318867,0.6616609752754445,0.6636795944275957,0.6821292232801587,0.6837620169884044,,,0.17589978979981297,0.30188176691001706,0.30188176691001706,0.6809968544627238,0.0,0.9090423597991542,0.10766665919639146,0.8013757006027626,7.968471885858018e-06,0.11843965029328178,0.11843965029328178,,,,1.2140304026890817e-06,8.694402492055707e-09,8.694402492055707e-09,1.2140304026890817e-06,1.2140304026890817e-06,8.694402492055707e-09,1.0,1.32913138932703e-06,,,,,,,,0.23407760332835142,0.035774193615761604,0.15716166771085063,1.0,0.01711068206875031,0.3020024439158216,0.6808868740154281,1.7428739549827046e-06,161.40259444233217,309.43002170876355,0.0009820170095953648,,,0.08975548945360048,48.22310857500472,0.0018612547408468616,0.0009820170095953648,1.0949315076450121
693168,success,second_step,10461.252040906737,2.905903344696316,1100.0,0.8940363136512752,117.13582957835362,96.99433354106553,159.70957504334174,1.191546159722527e-06,7.592657510031584e-06,0.0005899547426271301,False,SUCCESS,900.0,solver_state,0.007021637618236582,0.007021637618236582,0.2999244831441083,1.0,,,,,,1.087339748641167,0.03352391089496359,0.03352391089496359,0.03176829981254228,0.001755611082421308,0.0,0.07243977545376121,0.13994066679312112,0.13994066679312112,0.1381850557107494,0.001755611082371703,0.0,0.2306940705270321,0.6590422313459146,0.6611304895854029,0.6800156810226238,0.681718411561982,,,0.17758457632690033,0.299803648846203,0.299803648846203,0.6836283065442161,0.0,0.9090423597991542,0.10449591778046885,0.8045464420186853,8.000000123875593e-06,0.1149516484617465,0.1149516484617465,,,,1.1830591179052664e-06,8.487041817260512e-09,8.487041817260512e-09,1.1830591179052664e-06,1.1830591179052664e-06,8.487041817260512e-09,1.0,1.306335561402717e-06,,,,,,,,0.23527382157874574,0.035782018578004456,0.15825429507327082,1.0,0.016558478332416034,0.2999244829720271,0.6835170386955569,1.7404065047573277e-06,162.94852532074532,309.43002170876355,0.0009820210402585149,,,0.08977455116232512,48.22310857500472,0.001861650022471956,0.0009820210402585149,1.087339748641167
693168,success,second_step,11361.252040906737,3.155903344696316,1100.0,0.8951087051950255,117.14266270422021,97.00165084481873,159.71433395327085,1.1621136081941e-06,7.581347524514248e-06,0.0006483242195514105,False,SUCCESS,900.0,solver_state,0.0072002231938665395,0.0072002231938665395,0.297813697662097,1.0,,,,,,1.0796267231173637,0.03291208208385364,0.03291208208385364,0.031225381661464068,0.0016867004223895736,0.0,0.07197921272112087,0.13986062002415914,0.13986062002415914,0.13817391960181916,0.0016867004223399683,0.0,0.2312982610005065,0.6564770681817552,0.6586290161407062,0.6779518006275855,0.6797173082755185,,,0.1792574021509291,0.2976927848924141,0.2976927848924141,0.6862267536591342,0.0,0.9090423597991542,0.10151364751212197,0.8075287122870322,8.029654300775988e-06,0.1116709759648061,0.1116709759648061,,,,1.1538302816058792e-06,8.283326588220909e-09,8.283326588220909e-09,1.1538302816058792e-06,1.1538302816058792e-06,8.283326588220909e-09,1.0,1.2839295602622033e-06,,,,,,,,0.23644952358400817,0.03578965691563999,0.15931904827938556,1.0,0.016071904549054265,0.29781369748830133,0.6861143979626444,1.7379583400526427e-06,164.48348126560552,309.43002170876355,0.00098202459188561,,,0.08979134736836505,48.22310857500472,0.0018619983244901432,0.00098202459188561,1.0796267231173637
693168,success,second_step,12261.252040906737,3.405903344696316,1100.0,0.8961546074424002,117.14948565192289,97.00895686449478,159.71908619472086,1.134345349157709e-06,7.570149389938827e-06,0.0007066067532357501,False,SUCCESS,900.0,solver_state,0.007385914810594322,0.007385914810594322,0.29567370195134773,1.0,,,,,,1.0718056136193335,0.03231678157676512,0.03231678157676512,0.03069179526129652,0.0016249863154685954,0.0,0.07152861098083471,0.1397879805420811,0.1397879805420811,0.13816299422666212,0.0016249863154189901,0.0,0.23188610651366565,0.6539635197086149,0.6561727233963653,0.6759358259219452,0.6777572673688838,,,0.18091810032305933,0.2955527877105643,0.2955527877105643,0.6887990812029527,0.0,0.9090423597991542,0.09870893638865436,0.8103334234104997,8.057542919957346e-06,0.10858562895843855,0.10858562895843855,,,,1.1262620416258648e-06,8.083307531844137e-09,8.083307531844137e-09,1.1262620416258648e-06,1.1262620416258648e-06,8.083307531844137e-09,1.0,1.2619068272508052e-06,,,,,,,,0.23760506018824418,0.035797111909569385,0.16035749553283085,1.0,0.015640473591870194,0.2956737017761114,0.6886858246320184,1.735534718953982e-06,166.00730908755443,309.43002170876355,0.000982027741020603,,,0.08980624008041953,48.22310857500472,0.0018623071538562824,0.000982027741020603,1.0718056136193335
693168,success,second_step,13161.252040906737,3.655903344696316,1100.0,0.8971755182566421,117.15629852211813,97.01625172835007,159.723831826664,1.108157919690929e-06,7.5590801962699095e-06,0.0007648032035010299,False,SUCCESS,900.0,solver_state,0.007578714195250486,0.007578714195250486,0.29350799023848834,1.0,,,,,,1.063889170052748,0.03173671214166473,0.03173671214166473,0.030167381575096984,0.0015693305665677448,0.0,0.07108776960169316,0.13972160713533915,0.13972160713533915,0.138152276568821,0.0015693305665181395,0.0,0.23245890097198735,0.6514974909244483,0.6537592438642001,0.6739657615345133,0.6758366282850007,,,0.1825665236373019,0.29338714928213766,0.29338714928213766,0.6913506238633211,0.0,0.9090423597991542,0.09607114311904244,0.8129712166801117,8.083771792998792e-06,0.10568390139736569,0.10568390139736569,,,,1.1002708940414912e-06,7.88702564943784e-09,7.88702564943784e-09,1.1002708940414912e-06,1.1002708940414912e-06,7.88702564943784e-09,1.0,1.2402609092571996e-06,,,,,,,,0.23874077633276988,0.035804386886348044,0.16137113137029413,1.0,0.015255369438903491,0.2935079900620696,0.6912366404990269,1.733139597582265e-06,167.5198737129312,309.43002170876355,0.0009820305520109106,,,0.08981953362175127,48.22310857500472,0.0018625828213054486,0.0009820305520109106,1.063889170052748
693168,success,second_step,14061.252040906737,3.905903344696316,1100.0,0.898172860384364,117.1631014308423,97.02353558014147,159.7285709192141,1.083467278377759e-06,7.548152360799239e-06,0.0008229145615450406,False,SUCCESS,900.0,solver_state,0.007778618548672845,0.007778618548672845,0.29131992061370393,1.0,,,,,,1.055889650586137,0.03117077040285824,0.03117077040285824,0.029651984135859236,0.0015187862669990022,0.0,0.07065636921277782,0.13966054982179693,0.13966054982179693,0.13814176355484753,0.0015187862669493969,0.0,0.2330177443877094,0.6490764359169178,0.6513863000991758,0.6720403362247358,0.6739535762594546,,,0.18420254386587553,0.2911992249589424,0.2911992249589424,0.6938854364316072,0.0,0.9090423597991542,0.09358994552452296,0.8154524142746312,8.108443558389626e-06,0.10295443827854285,0.10295443827854285,,,,1.0757727660087393e-06,7.69451236901987e-09,7.69451236901987e-09,1.0757727660087393e-06,1.0757727660087393e-06,7.69451236901987e-09,1.0,1.2189854569907718e-06,,,,,,,,0.23985701115110136,0.03581148520943254,0.16236137517493146,1.0,0.014909192095910287,0.29131992043634525,0.6937708874677444,1.7307758623599296e-06,169.02105748214913,309.43002170876355,0.00098203307886891,,,0.08983148343528025,48.22310857500472,0.0018628306239436877,0.00098203307886891,1.055889650586137
693168,success,second_step,14961.252040906737,4.155903344696315,1100.0,0.8991479809349039,117.16989450530649,97.0308085745752,159.73330355073318,1.0601897104418551e-06,7.537374491749648e-06,0.0008809419140225483,False,SUCCESS,900.0,solver_state,0.007985621106748827,0.007985621106748827,0.2891127027791184,1.0,,,,,,1.047818776440233,0.030618014994103465,0.030618014994103465,0.029145449013100358,0.0014725659810031068,0.0,0.07023400407099262,0.13960401804410613,0.13960401804410613,0.13813145206315264,0.0014725659809535015,0.0,0.23356357473533204,0.6466979064962579,0.649051709670521,0.670157010506456,0.6721061974953042,,,0.185826050925065,0.28899222130880786,0.28899222130880786,0.6964065243518752,0.0,0.9090423597991542,0.09125537914700194,0.8177869806521523,8.131657297626982e-06,0.10038627811267685,0.10038627811267685,,,,1.052683920626222e-06,7.505789815633046e-09,7.505789815633046e-09,1.052683920626222e-06,1.052683920626222e-06,7.505789815633046e-09,1.0,1.1980742233379528e-06,,,,,,,,0.24095409806239307,0.035818410270564656,0.16332957066433934,1.0,0.01459573906574442,0.2891127026010463,0.6962915583332092,1.728445526950174e-06,170.51075938430154,309.43002170876355,0.0009820353668667859,,,0.0898423036271166,48.22310857500472,0.0018630550016778505,0.0009820353668667859,1.047818776440233
693168,success,second_step,15764.89978121632,4.379138828115644,1100.0,0.9,117.17595166544065,97.03729338592113,159.73752382177344,1.0405921951823626e-06,7.527889327765138e-06,0.0009326829876661038,False,SUCCESS,900.0,density_crossing,0.008176791536229817,0.008176791536229817,0.2871274128237464,1.0,,,,,,1.0405581964262194,0.030135491368974247,0.030135491368974247,0.02870092087967976,0.001434570489294485,0.0,0.06986450863102575,0.13955699211408654,0.13955699211408654,0.13812242162484167,0.0014345704892448797,0.0,0.2340400663494367,0.6446098966866776,0.646999442333866,0.6685101343050811,0.670486692820336,,,0.18726449203749948,0.2870071810449325,0.2870071810449325,0.6986473753770984,0.0,0.9090423597991542,0.08929312851205275,0.8197492312871014,8.15116891871287e-06,0.09822768713636333,0.09822768713636333,,,,1.033251526975219e-06,7.340668207143786e-09,7.340668207143786e-09,1.033251526975219e-06,1.033251526975219e-06,7.340668207143786e-09,1.0,1.1797214435170455e-06,,,,,,,,0.24191692770470177,0.03582444228158923,0.16417555771841083,1.0,0.01434042869263036,0.28712741264522573,0.6985321586621438,1.7263956640424817e-06,171.83064798546206,309.43002170876355,0.0009820372304657741,,,0.08985111677278451,48.22310857500472,0.0018632377594039356,0.0009820372304657741,1.0405581964262194
693168,success,second_step,15861.252040906737,4.405903344696315,1100.0,0.9001021516743016,117.17667788046866,97.0380708736132,159.73802980546608,1.0382425775764672e-06,7.526752116848462e-06,0.0009388864137622743,False,SUCCESS,900.0,solver_state,0.008199711656504634,0.008199711656504634,0.2868893891676765,1.0,,,,,,1.03968769899815,0.030077639851072507,0.030077639851072507,0.028647624779905328,0.0014300150711671798,0.0,0.06982020847462589,0.13955135400376262,0.13955135400376262,0.13812133893264505,0.0014300150711175745,0.0,0.23409719466752893,0.6443595575725137,0.6467533885151875,0.6683126843086789,0.6702925244960994,,,0.18743695199061436,0.28676918732528717,0.28676918732528717,0.698916039182246,0.0,0.9090423597991542,0.0890578671241672,0.819984492674987,8.153508238152908e-06,0.09796888578860488,0.09796888578860488,,,,1.0309217064014105e-06,7.320871175056658e-09,7.320871175056658e-09,1.0309217064014105e-06,1.0309217064014105e-06,7.320871175056658e-09,1.0,1.177521061784293e-06,,,,,,,,0.24203236486339721,0.035825165481398726,0.16427698619290293,1.0,0.014309818600499114,0.28688938898910205,0.6988007924103987,1.7261498984995642e-06,171.98889424546206,309.43002170876355,0.000982037453899456,,,0.08985217341297336,48.22310857500472,0.0018632596708945065,0.000982037453899456,1.03968769899815
693168,success,second_step,16761.252040906737,4.655903344696315,1100.0,0.9010365699941204,117.18345169626139,97.04532264350175,159.7427497716203,1.017544932163605e-06,7.516288295197634e-06,0.0009967492560871705,False,SUCCESS,900.0,solver_state,0.008420877012438715,0.008420877012438715,0.28465286902582376,1.0,,,,,,1.0315069777539192,0.029548951848629705,0.029548951848629705,0.028158362480316692,0.0013905893683130127,0.0,0.06941447815724988,0.13950201033933626,0.13950201033933626,0.13811142097107285,0.0013905893682634074,0.0,0.23461929388591418,0.6420591508024467,0.6444893528945153,0.6665050237362532,0.6685105729392147,,,0.1890351705793951,0.2845330085936164,0.2845330085936164,0.7014154435949304,0.0,0.9090423597991542,0.08698824231658348,0.8220541174825706,8.174087533333809e-06,0.09569217691439907,0.09569217691439907,,,,1.0104051710343164e-06,7.1397611292885e-09,7.1397611292885e-09,1.0104051710343164e-06,1.0104051710343164e-06,7.1397611292885e-09,1.0,1.1573199248915902e-06,,,,,,,,0.24309213381900308,0.035831754265456275,0.1652048157286642,1.0,0.014047090502293236,0.28465286884694263,0.7013000406507641,1.7238897173342311e-06,173.45539188603937,309.43002170876355,0.0009820393716464737,,,0.08986124261361843,48.22310857500472,0.001863447738418834,0.0009820393716464737,1.0315069777539192
693168,success,second_step,17661.252040906737,4.905903344696315,1100.0,0.9019523604330677,117.19021609537032,97.0525640524056,159.74746353982093,9.980180131581396e-07,7.50598412872961e-06,0.0010545316598369325,False,SUCCESS,900.0,solver_state,0.008649101456809097,0.008649101456809097,0.28240586507772425,1.0,,,,,,1.0232865677059229,0.02903135210347864,0.02903135210347864,0.027677515596979955,0.0013538365064986822,0.0,0.0690162874634537,0.13945553146944986,0.13945553146944986,0.1381016949630008,0.0013538365064490769,0.0,0.23513046784604888,0.6397945567314142,0.6422577201528089,0.6647317119120908,0.6667583713041425,,,0.1906206456119318,0.282286404030011,0.282286404030011,0.7039056500318873,0.0,0.9090423597991542,0.08503776260200024,0.8240045971971539,8.19348211038163e-06,0.09354653464200356,0.09354653464200356,,,,9.910555568131934e-07,6.962456344946161e-09,6.962456344946161e-09,9.910555568131934e-07,9.910555568131934e-07,6.962456344946161e-09,1.0,1.1374648628214931e-06,,,,,,,,0.24413372175140552,0.03583818005047264,0.1661141803825951,1.0,0.013803930726499507,0.2824058648987171,0.7037902043747835,1.7216652738015607e-06,174.91019626056686,309.43002170876355,0.0009820411465602296,,,0.0898696363286818,48.22310857500472,0.0018636217984351086,0.0009820411465602296,1.0232865677059229
693168,success,second_step,18561.252040906737,5.155903344696315,1100.0,0.90285057664491,117.19697122147275,97.05979526854709,159.7521712018785,9.795856388588396e-07,7.495839187631141e-06,0.00111223485232248,False,SUCCESS,900.0,solver_state,0.008884367146446418,0.008884367146446418,0.28015093241450917,1.0,,,,,,1.0150358148955223,0.028524320362792465,0.028524320362792465,0.027204940018975707,0.0013193803438167596,0.0,0.06862510299229754,0.13941153802114034,0.13941153802114034,0.13809215767737318,0.0013193803437671545,0.0,0.2356312333760246,0.6375637556361157,0.6400567084563852,0.6629904753851831,0.6650339843222387,,,0.1921933304683569,0.28003192483746575,0.28003192483746575,0.7063871366633493,0.0,0.9090423597991542,0.08319812018486433,0.8258442396142898,8.211774577784814e-06,0.09152281990824532,0.09152281990824532,,,,9.727966928605356e-07,6.788945998304038e-09,6.788945998304038e-09,9.727966928605356e-07,9.727966928605356e-07,6.788945998304038e-09,1.0,1.1179500218986827e-06,,,,,,,,0.24515744012794485,0.03584444626118309,0.16700613038372697,1.0,0.013577316487564732,0.2801509322355424,0.7062717512768928,1.7194765055196772e-06,176.35326459146305,309.43002170876355,0.0009820428007045216,,,0.08987745890272686,48.22310857500472,0.0018637840147309097,0.0009820428007045216,1.0150358148955223
693168,success,second_step,19461.252040906737,5.405903344696315,1100.0,0.9037322037198829,117.2037172178593,97.06701645876433,159.7568728498182,9.621745100297632e-07,7.485851862359673e-06,0.0011698600575515972,False,SUCCESS,900.0,solver_state,0.009126654487822492,0.009126654487822492,0.27789045927869793,1.0,,,,,,1.0067634588880967,0.028027401986092628,0.028027401986092628,0.026740494009787,0.0012869079763056265,0.0,0.06824039429402443,0.13936971385088337,0.13936971385088337,0.13808280587462735,0.0012869079762560212,0.0,0.23612204170132597,0.6353648372557983,0.6378846356732687,0.6612791047946281,0.663335531182652,,,0.19375319204850514,0.27777195534816584,0.27777195534816584,0.7088600438661817,0.0,0.9090423597991542,0.08146144570415417,0.827580914095,8.229043184462078e-06,0.08961237595369312,0.08961237595369312,,,,9.555552977067204e-07,6.619212323042873e-09,6.619212323042873e-09,9.555552977067204e-07,9.555552977067204e-07,6.619212323042873e-09,1.0,1.098769643208116e-06,,,,,,,,0.24616359514765368,0.035850556312581564,0.16788164740730144,1.0,0.013364728973116033,0.2778904590999238,0.7087448119269601,1.7173230779004786e-06,177.78456650659078,309.43002170876355,0.000982044352464623,,,0.0898847972834952,48.22310857500472,0.0018639361903368629,0.000982044352464623,1.0067634588880967
693168,success,second_step,20361.252040906737,5.655903344696315,1100.0,0.9045981607789098,117.21045422637218,97.07422778741517,159.7615685751254,9.457144353164684e-07,7.476019653275422e-06,0.0012274084871588542,False,SUCCESS,900.0,solver_state,0.00937594248150841,0.00937594248150841,0.27562666944103686,1.0,,,,,,0.9984776410923056,0.027540197102396777,0.027540197102396777,0.02628403817536498,0.0012561589270317993,0.0,0.0678616421186935,0.13932979524031633,0.13932979524031633,0.13807363631333414,0.001256158926982194,0.0,0.23660328929393104,0.6331959995822273,0.6357399175368733,0.6595954706357119,0.6616611993116706,,,0.19530020984515117,0.27550871544994726,0.27550871544994726,0.7113242540474154,0.0,0.9090423597991542,0.07982030785993803,0.8292220519392162,8.245361823475737e-06,0.08780702791184969,0.08780702791184969,,,,9.392612041475255e-07,6.4532311689429026e-09,6.4532311689429026e-09,9.392612041475255e-07,9.392612041475255e-07,6.4532311689429026e-09,1.0,1.0799180612219025e-06,,,,,,,,0.24715248782654098,0.0358565136036723,0.16874164717523749,1.0,0.013164071138091336,0.2756266692625947,0.711209259599314,1.7152044504501387e-06,179.20408318887598,309.43002170876355,0.0009820458171472912,,,0.08989172385959905,48.22310857500472,0.0018640798263717126,0.0009820458171472912,0.9984776410923056
693168,success,second_step,21261.252040906737,5.905903344696315,1100.0,0.9054493037706945,117.21718238660407,97.08142941556493,159.76625846816955,9.301384895774887e-07,7.4663394074678225e-06,0.0012848813335644138,False,SUCCESS,900.0,solver_state,0.009632209036761437,0.009632209036761437,0.27336162589413615,1.0,,,,,,0.9901859179120651,0.027062351588923964,0.027062351588923964,0.02583543543226846,0.0012269161566555015,0.0,0.06748834464038149,0.13929156191295933,0.13929156191295933,0.13806464575635344,0.0012269161566058964,0.0,0.23707532689935182,0.6310555468623977,0.6336210652215456,0.6579375348767503,0.6600092544378747,,,0.19683437503783863,0.2732442643215663,0.2732442643215663,0.713779457284037,0.0,0.9090423597991542,0.07826770921846109,0.8307746505806931,8.260800073743777e-06,0.08609907819450101,0.08609907819450101,,,,9.238475170157861e-07,6.290972561702657e-09,6.290972561702657e-09,9.238475170157861e-07,9.238475170157861e-07,6.290972561702657e-09,1.0,1.061389702452257e-06,,,,,,,,0.2481244140816407,0.03586232151172435,0.16958698225897026,1.0,0.012973598378957063,0.27336162571615263,0.7136647759048903,1.7131199310242922e-06,180.61180654482092,309.43002170876355,0.0009820472074867717,,,0.08989829885360162,48.22310857500472,0.0018642161716675026,0.0009820472074867717,0.9901859179120651
693168,success,second_step,22161.252040906737,6.155903344696315,1100.0,0.9062864284113143,117.22390183531033,97.08862150040515,159.77094261777393,9.153831145871365e-07,7.456807511062792e-06,0.0013422797649502716,False,SUCCESS,900.0,solver_state,0.009895431256747496,0.009895431256747496,0.2710972356140553,1.0,,,,,,0.9818952778230915,0.02659354957271032,0.02659354957271032,0.025394550975863267,0.0011989985968470548,0.0,0.06712002201597539,0.13925482957329866,0.13925482957329866,0.1380558309765012,0.0011989985967974495,0.0,0.23753846704025994,0.6289418869525684,0.6315266824436441,0.6563033590863951,0.6583780475620007,,,0.1983556896133457,0.2709805052284361,0.2709805052284361,0.7162252049315658,0.0,0.9090423597991542,0.0767970787971625,0.8322452810019917,8.275423273770667e-06,0.0844812983347995,0.0844812983347995,,,,9.092507133313183e-07,6.13240125581816e-09,6.13240125581816e-09,9.092507133313183e-07,9.092507133313183e-07,6.13240125581816e-09,1.0,1.0431790841276758e-06,,,,,,,,0.24907966481384775,0.03586798338702988,0.17041844502428447,1.0,0.012791860180826193,0.2710972354366453,0.7161109043825284,1.711068719922544e-06,182.0077383974588,309.43002170876355,0.0009820485340707097,,,0.08990457233631999,48.22310857500472,0.0018643462645400641,0.0009820485340707097,0.9818952778230915
693168,success,second_step,23061.252040906737,6.405903344696315,1100.0,0.9071102732144427,117.23061270599422,97.09580419485924,159.77562111090492,9.013881705331711e-07,7.447420044149795e-06,0.0013996049217195328,False,SUCCESS,900.0,solver_state,0.010165585694799455,0.010165585694799455,0.26883525516703755,1.0,,,,,,0.973612161560635,0.02613350720352344,0.02613350720352344,0.024961252248575608,0.0011722549549478328,0.0,0.06675621958203384,0.13921944371662975,0.13921944371662975,0.13804718876173153,0.0011722549548982275,0.0,0.2379929902483166,0.6268535281477033,0.6294554621887741,0.6546911096500068,0.6567660193672318,,,0.19986416551757474,0.2687191911566333,0.2687191911566333,0.718660953069067,0.0,0.9090423597991542,0.07540226197495356,0.8336400978242006,8.28929262197443e-06,0.0829469178879773,0.0829469178879773,,,,8.954106932591528e-07,5.977477274018314e-09,5.977477274018314e-09,8.954106932591528e-07,8.954106932591528e-07,5.977477274018314e-09,1.0,1.0252808128900167e-06,,,,,,,,0.25001852598956265,0.035873502548160116,0.17123677066628265,1.0,0.012617651089867874,0.2688352549903047,0.7185470939198275,1.7090499454468906e-06,183.39188970814234,309.43002170876355,0.000982049805698008,,,0.08991058591922524,48.22310857500472,0.0018644709678842274,0.000982049805698008,0.973612161560635
693168,success,second_step,23961.252040906737,6.655903344696315,1100.0,0.9079215225679226,117.23731512863127,97.1029776473378,159.78029403245736,8.880969458106508e-07,7.4381729044547315e-06,0.0014568579141405191,False,SUCCESS,900.0,solver_state,0.010442648582102278,0.010442648582102278,0.2665772969636374,1.0,,,,,,0.9653424846961329,0.02568196748652077,0.02568196748652077,0.02453540890820101,0.0011465585783197627,0.0,0.06639650994555665,0.13918527449811394,0.13918527449811394,0.1380387159198438,0.0011465585782701577,0.0,0.23843915023577267,0.6247890755968355,0.6274061831538228,0.6530990605801171,0.6551717025317984,,,0.20135982384253842,0.2664619310880742,0.2664619310880742,0.721086097394852,0.0,0.9090423597991542,0.07407750821951818,0.834964851579636,8.302465298720096e-06,0.08148961093065568,0.08148961093065568,,,,8.822707893825202e-07,5.826156428130556e-09,5.826156428130556e-09,8.822707893825202e-07,8.822707893825202e-07,5.826156428130556e-09,1.0,1.0076895835106079e-06,,,,,,,,0.2509412787211637,0.03587888227770673,0.17204264029021588,1.0,0.012449969592363375,0.2665772967876751,0.7209727336199615,1.7070626923189336e-06,184.76427983053628,309.43002170876355,0.0009820510296789688,,,0.0899163741739103,48.22310857500472,0.001864590998609249,0.0009820510296789688,0.9653424846961329
693168,success,second_step,24861.252040906737,6.905903344696315,1100.0,0.9087208098191522,117.24400922950534,97.11014200161274,159.78496146511662,8.754561317846845e-07,7.429061904995925e-06,0.0015140398209467776,False,SUCCESS,900.0,solver_state,0.010726596027256717,0.010726596027256717,0.26432483598626955,1.0,,,,,,0.9570916619670733,0.02523869599711782,0.02523869599711782,0.024116892796275276,0.0011218032008425442,0.0,0.06604049418373004,0.13915221248352247,0.13915221248352247,0.13803040928272953,0.001121803200792939,0.0,0.23887717818439028,0.6227472274021794,0.6253777059814537,0.6515255943595633,0.6535937223404302,,,0.20284269405113253,0.26421019674356694,0.26421019674356694,0.723500000962833,0.0,0.9090423597991542,0.07281745707249711,0.8362249027266571,8.314994605675908e-06,0.08010348064372441,0.08010348064372441,,,,8.69777740967228e-07,5.678390817456382e-09,5.678390817456382e-09,8.69777740967228e-07,8.69777740967228e-07,5.678390817456382e-09,1.0,9.904001776238408e-07,,,,,,,,0.2518481993463232,0.035884125818492055,0.17283668400066016,1.0,0.012287983682736111,0.26432483581116134,0.7233871805061026,1.7051060241490018e-06,186.1249357992825,309.43002170876355,0.0009820522120866176,,,0.08992196582065884,48.22310857500472,0.0018647069522861018,0.0009820522120866176,0.9570916619670733
693168,success,second_step,25761.252040906737,7.155903344696315,1100.0,0.9095087203377583,117.25069513113235,97.1172973967845,159.7896234892827,8.634157684469371e-07,7.420082850184336e-06,0.0015711516886858234,False,SUCCESS,900.0,solver_state,0.011017404188283073,0.011017404188283073,0.26207921683856844,1.0,,,,,,0.9488646328057574,0.024803477329351335,0.024803477329351335,0.023705577906518754,0.001097899422832581,0.0,0.0656878023328903,0.13912016513295952,0.13912016513295952,0.13802226571017653,0.0010978994227829758,0.0,0.23930728630042106,0.6207267704880426,0.6233689693546989,0.6499692011961812,0.6520307959336006,,,0.20431281324152992,0.2619653296428091,0.2619653296428091,0.7259020159519214,0.0,0.9090423597991542,0.07161712278533691,0.8374252370138172,8.32693011858661e-06,0.07878304241087308,0.07878304241087308,,,,8.578816391451564e-07,5.5341293017806675e-09,5.5341293017806675e-09,8.578816391451564e-07,8.578816391451564e-07,5.5341293017806675e-09,1.0,9.73407462476981e-07,,,,,,,,0.25273955950618465,0.03588923637022776,0.17361948396753066,1.0,0.012131002078481699,0.2620792166643889,0.7257897812571295,1.7031790009740463e-06,187.47389165502054,309.43002170876355,0.0009820533579668093,,,0.08992738472208693,48.22310857500472,0.0018648193237525673,0.0009820533579668093,0.9488646328057574
693168,success,second_step,26661.252040906737,7.405903344696315,1100.0,0.9102857945293606,117.25737295225247,97.12444396732099,159.79428018304156,8.519291662135513e-07,7.411231594154377e-06,0.001628194531652083,False,SUCCESS,900.0,solver_state,0.011315049417766372,0.011315049417766372,0.25984166098574263,1.0,,,,,,0.9406658875883743,0.024376112153375824,0.024376112153375824,0.023301340353368033,0.0010747718000077928,0.0,0.06533809331726356,0.13908905389321022,0.13908905389321022,0.13801428209325203,0.0010747717999581876,0.0,0.23972967076002494,0.618726576314689,0.6213789860101345,0.6484284770145988,0.6504817304828754,,,0.20577022545229173,0.25972854835117304,0.25972854835117304,0.7282915004875862,0.0,0.9090423597991542,0.0704718779534386,0.8385704818457156,8.338317850007143e-06,0.07752320581519305,0.07752320581519305,,,,8.465358482665174e-07,5.393317947033864e-09,5.393317947033864e-09,8.465358482665174e-07,8.465358482665174e-07,5.393317947033864e-09,1.0,9.567063896951344e-07,,,,,,,,0.25361562622241396,0.035894217086599366,0.1743915774427613,1.0,0.011978450192696444,0.25984166081255794,0.7281798889947455,1.7012806927278041e-06,188.8111878067699,309.43002170876355,0.0009820544715136083,,,0.08993265071255549,48.22310857500472,0.001864928524312717,0.0009820544715136083,0.9406658875883743
693168,success,second_step,27561.252040906737,7.655903344696315,1100.0,0.9110525307789528,117.264042807875,97.13158184315087,159.79893162217425,8.409528084978147e-07,7.4025040845277446e-06,0.0016851693322705863,False,SUCCESS,900.0,solver_state,0.011619508381999991,0.011619508381999991,0.2576132740742781,1.0,,,,,,0.9324994941956272,0.02395641477826458,0.02395641477826458,0.022904058340611863,0.0010523564376527178,0.0,0.06499105444278261,0.13905881179489007,0.13905881179489007,0.13800645535728695,0.0010523564376031126,0.0,0.24014451414898386,0.6167455965022798,0.6194068387198255,0.6469021204632275,0.6489454205363785,,,0.20721498100866118,0.25750095580226123,0.25750095580226123,0.7306678313833814,0.0,0.9090423597991542,0.06937743645411082,0.8396649233450433,8.349200418958946e-06,0.07631925586992362,0.07631925586992362,,,,8.356969080554296e-07,5.255900442385099e-09,5.255900442385099e-09,8.356969080554296e-07,8.356969080554296e-07,5.255900442385099e-09,1.0,9.402919940604823e-07,,,,,,,,0.25447666197313956,0.0358990710727517,0.17515345970620116,1.0,0.011829850107285492,0.2576132739021468,0.7305568759905678,1.6994101893739216e-06,190.13687043210035,309.43002170876355,0.0009820555562154664,,,0.08993778028948186,48.22310857500472,0.0018650348960726046,0.0009820555562154664,0.9324994941956272
693168,success,second_step,28461.252040906737,7.905903344696315,1100.0,0.9118093883066009,117.27070480936234,97.13871114979683,159.803577880194,8.304462391331153e-07,7.393896394309126e-06,0.0017420770418135056,False,SUCCESS,900.0,solver_state,0.011930758155143818,0.011930758155143818,0.255395053236843,1.0,,,,,,0.9243691245399175,0.02354421113356013,0.02354421113356013,0.02251361213014938,0.0010305990034107512,0.0,0.06464640055983903,0.13902938146784677,0.13902938146784677,0.13799878246448563,0.0010305990033611459,0.0,0.24055198748329018,0.6147828584208513,0.6174516762847152,0.6453889291725763,0.647420844739737,,,0.20864713590997291,0.2552835466026648,0.2552835466026648,0.7330304135386516,0.0,0.9090423597991542,0.06832983595475313,0.840712523844401,8.359617224859678e-06,0.07516683377642608,0.07516683377642608,,,,8.253244206449358e-07,5.121818488179507e-09,5.121818488179507e-09,8.253244206449358e-07,8.253244206449358e-07,5.121818488179507e-09,1.0,9.241593923050359e-07,,,,,,,,0.255322924767794,0.035903801383149844,0.17590558692345104,1.0,0.011684803904219197,0.2553950530658166,0.7329201430299642,1.6975666083181581e-06,191.4509909150295,309.43002170876355,0.0009820566149768939,,,0.08994278718873397,48.22310857500472,0.0018651387238721817,0.0009820566149768939,0.9243691245399175
693168,success,second_step,29361.252040906737,8.155903344696316,1100.0,0.9125567899218207,117.27735906454289,97.14583200853723,159.80821902840418,8.203719382153898e-07,7.385404744179871e-06,0.001798918581365605,False,SUCCESS,900.0,solver_state,0.01224877628956657,0.01224877628956657,0.2531878943040912,1.0,,,,,,0.9162780807718516,0.023139337097522576,0.023139337097522576,0.022129884010890045,0.001009453086632531,0.0,0.06430387298065679,0.1390007135027689,0.1390007135027689,0.13799126041618598,0.0010094530865829257,0.0,0.24095225188268837,0.6128374607939288,0.615512709575358,0.6438877954640759,0.6459070621043007,,,0.21006675125766872,0.25307721424115864,0.25307721424115864,0.7353786866146079,0.0,0.9090423597991542,0.06732542022166407,0.84171693957749,8.36960462343542e-06,0.0740619174628332,0.0740619174628332,,,,8.15380926060732e-07,4.991012154657828e-09,4.991012154657828e-09,8.15380926060732e-07,8.15380926060732e-07,4.991012154657828e-09,1.0,9.083037819162736e-07,,,,,,,,0.2561546682208685,0.035908411019789206,0.1766483789020315,1.0,0.01154297981052699,0.2531878941342146,0.7352691260552584,1.6957490996172565e-06,192.75360532118,309.43002170876355,0.0009820576502195884,,,0.08994768286289592,48.22310857500472,0.0018652402452030668,0.0009820576502195884,0.9162780807718516
693168,success,second_step,30261.252040906737,8.405903344696316,1100.0,0.9132951246662145,117.284005677844,97.15294453658684,159.8128551359715,8.106951894750807e-07,7.377025517085454e-06,0.0018556948429593323,False,SUCCESS,900.0,solver_state,0.012573540863682729,0.012573540863682729,0.25099259885927994,1.0,,,,,,0.9082293209306955,0.0227416371121774,0.0227416371121774,0.0217527582678148,0.0009888788443626019,0.0,0.0639632382216081,0.13897276509910733,0.13897276509910733,0.13798388625479432,0.0009888788443129966,0.0,0.24134545995709436,0.6109085693558257,0.6135892076498284,0.6423977016762275,0.6444032079653766,,,0.2114738927230474,0.25088275813872946,0.25088275813872946,0.7377121295125618,0.0,0.9090423597991542,0.06636082142684704,0.8426815383723071,8.379196102652785e-06,0.0730008021204963,0.0730008021204963,,,,8.058317692632582e-07,4.863420211822492e-09,4.863420211822492e-09,8.058317692632582e-07,8.058317692632582e-07,4.863420211822492e-09,1.0,8.927204399551168e-07,,,,,,,,0.2569721416245932,0.035912902930728394,0.17738222173548615,1.0,0.011404100697027209,0.2509925986905922,0.7376033006123806,1.693956849417733e-06,194.04477390939584,309.43002170876355,0.0009820586639663867,,,0.08995247687828423,48.22310857500472,0.001865339658441449,0.0009820586639663867,0.9082293209306955
693168,success,second_step,31161.252040906737,8.655903344696316,1100.0,0.914024750336742,117.29064475043793,97.16004884728922,159.81748627000906,8.013839418728854e-07,7.368755266696348e-06,0.0019124066908218218,False,SUCCESS,900.0,solver_state,0.012905030508717621,0.012905030508717621,0.24880988108427868,1.0,,,,,,0.9002254838495911,0.022350963035431118,0.022350963035431118,0.021382121151218302,0.0009688418842128142,0.0,0.06362428662782682,0.1389454989495837,0.1389454989495837,0.13797665706542048,0.000968841884163209,0.0,0.24173175695565,0.6089954125958673,0.6116804939732048,0.6409177152466835,0.6429084897481705,,,0.2128686300535853,0.24870089048844118,0.24870089048844118,0.7400302630934616,0.0,0.9090423597991542,0.06543294262009935,0.8436094171790548,8.388422457007542e-06,0.07198008092225346,0.07198008092225346,,,,7.966449614417312e-07,4.738980431154149e-09,4.738980431154149e-09,7.966449614417312e-07,7.966449614417312e-07,4.738980431154149e-09,1.0,8.774047218857914e-07,,,,,,,,0.2577755900205528,0.035917280008919035,0.1781074703278231,1.0,0.011267934542865031,0.24880988091681353,0.7399221845403214,1.6921890819857623e-06,195.3245606787509,309.43002170876355,0.0009820596579108657,,,0.08995717724410578,48.22310857500472,0.0018654371296738198,0.0009820596579108657,0.9002254838495911
693168,success,second_step,32061.252040906737,8.905903344696316,1100.0,0.9147459958844276,117.29727638039546,97.16714505031456,159.82211249566635,7.924086677380234e-07,7.360590721053059e-06,0.0019690549626867337,False,SUCCESS,900.0,solver_state,0.01324322441593632,0.01324322441593632,0.2466403743567189,1.0,,,,,,0.8922689131671473,0.02196717318901249,0.02196717318901249,0.02101786084615154,0.0009493123428609494,0.0,0.06328683092655984,0.13891888232004793,0.13891888232004793,0.13796956997723658,0.0009493123428113441,0.0,0.24211128171968058,0.6070972776166832,0.6097859427582158,0.6394469836643975,0.641422182637617,,,0.2142510366164362,0.24653224284526545,0.24653224284526545,0.7423326515053383,0.0,0.9090423597991542,0.06453894050641809,0.8445034192927361,8.397311958777322e-06,0.0709966260765642,0.0709966260765642,,,,7.877910378778767e-07,4.617629860146729e-09,4.617629860146729e-09,7.877910378778767e-07,7.877910378778767e-07,4.617629860146729e-09,1.0,8.6235206041718e-07,,,,,,,,0.25856525427025,0.03592154509130708,0.17882445079312065,1.0,0.011134286539367908,0.24664037419050502,0.7422253392701271,1.6904450606280477e-06,196.5930329496723,309.43002170876355,0.0009820606334749798,,,0.08996179068502742,48.22310857500472,0.0018655327983492325,0.0009820606334749798,0.8922689131671473
693168,success,second_step,32961.25204090674,9.155903344696316,1100.0,0.9154591636853919,117.30390066284298,97.174233251859,159.82673387622225,7.837422194293844e-07,7.3525287824781e-06,0.002025640471136292,False,SUCCESS,900.0,solver_state,0.013588102325951281,0.013588102325951281,0.24448463756782035,1.0,,,,,,0.8843616803327581,0.021590131568075613,0.021590131568075613,0.020659867442083646,0.0009302641259919677,0.0,0.0629507047465325,0.13889288629052615,0.13889288629052615,0.1379626221645838,0.0009302641259423625,0.0,0.24248416747374332,0.6052135061282988,0.6079049754423647,0.6379847293848377,0.6399436252298825,,,0.21562118897754562,0.24437737243573676,0.24437737243573676,0.7446189024233135,0.0,0.9090423597991542,0.06367620864421461,0.8453661511549395,8.405890525090015e-06,0.07004757034455839,0.07004757034455839,,,,7.79242914358556e-07,4.49930507082828e-09,4.49930507082828e-09,7.79242914358556e-07,7.79242914358556e-07,4.49930507082828e-09,1.0,8.475579643553475e-07,,,,,,,,0.25934137112462546,0.035925700958181206,0.17953346272721074,1.0,0.011002992558958504,0.24448463740288204,0.7445123700381595,1.6887240877515425e-06,197.85026097774278,309.43002170876355,0.0009820615918567307,,,0.08996632286662487,48.22310857500472,0.0018656267819544244,0.0009820615918567307,0.8843616803327581
693168,success,second_step,33861.25204090674,9.405903344696316,1100.0,0.9161645316828784,117.31051769011904,97.1813135548411,159.83135047317913,7.753596861960222e-07,7.344566524644946e-06,0.002082164004939102,False,SUCCESS,900.0,solver_state,0.013939644501778854,0.013939644501778854,0.2423431611389233,1.0,,,,,,0.8765056065240461,0.021219707184193744,0.021219707184193744,0.020308032902800942,0.0009116742813928027,0.0,0.06261576113292792,0.1388674851291919,0.1388674851291919,0.1379558108478487,0.0009116742813431976,0.0,0.24285054248306145,0.6033434905949518,0.6060370573131096,0.6365302447831177,0.6384722152276564,,,0.21697916651468985,0.24223676816574116,0.24223676816574116,0.7468886664540758,0.0,0.9090423597991542,0.06284236115786197,0.8461999986412921,8.414181879877908e-06,0.06913028912288147,0.06913028912288147,,,,7.70975743812444e-07,4.38394238357811e-09,4.38394238357811e-09,7.70975743812444e-07,7.70975743812444e-07,4.38394238357811e-09,1.0,8.330180174669714e-07,,,,,,,,0.26010417329254526,0.03592975033274495,0.18023478135013343,1.0,0.010873913759156424,0.24234316097528086,0.7467829252655627,1.6870255042659136e-06,199.09631759863234,309.43002170876355,0.0009820625340695589,,,0.08997077858164898,48.22310857500472,0.001865719179876412,0.0009820625340695589,0.8765056065240461
693168,success,second_step,34761.25204090674,9.655903344696316,1100.0,0.9168623554004548,117.31712755192888,97.18838605909359,159.83596234635647,7.672382526414234e-07,7.3367011875315095e-06,0.0021386263303690978,False,SUCCESS,900.0,solver_state,0.014297831687346909,0.014297831687346909,0.24021637272206176,1.0,,,,,,0.8687022834215499,0.02085577351837165,0.02085577351837165,0.019962251036560262,0.0008935224818113859,0.0,0.0622818710811736,0.13884265577589344,0.13884265577589344,0.13794913329413167,0.0008935224817617806,0.0,0.24321053060073833,0.6014866705473486,0.6041816942893974,0.6350828872043663,0.6370074052280589,,,0.21832505106266598,0.2401108563120088,0.2401108563120088,0.7491416359119979,0.0,0.9090423597991542,0.06203521703855081,0.8470071427606033,8.422207709981978e-06,0.06824238317371373,0.06824238317371373,,,,7.629667745737763e-07,4.271478067647131e-09,4.271478067647131e-09,7.629667745737763e-07,7.629667745737763e-07,4.271478067647131e-09,1.0,8.18727877353466e-07,,,,,,,,0.26085388950826555,0.035933695880890175,0.18092865951956463,1.0,0.010746932129170238,0.24021637255973183,0.749036695311098,1.6853486884955204e-06,200.3312779025306,309.43002170876355,0.0009820634609748438,,,0.08997516190375442,48.22310857500472,0.001865810076590352,0.0009820634609748438,0.8687022834215499
693168,success,second_step,35661.25204090674,9.905903344696316,1100.0,0.917552869827832,117.32373033549382,97.19545086154781,159.8405695539821,7.59357059953388e-07,7.328930170849424e-06,0.0021950281924825177,False,SUCCESS,900.0,solver_state,0.014662645053164653,0.014662645053164653,0.2381046425761369,1.0,,,,,,0.8609530928085671,0.020498208064771265,0.020498208064771265,0.019622417466512478,0.0008757905982587868,0.0,0.061948922107396706,0.13881837741593617,0.13881837741593617,0.13794258681772698,0.0008757905982091815,0.0,0.24356425172407783,0.59964252906939,0.6023384298650083,0.6336420741574698,0.635548698640775,,,0.21965892658881064,0.23800000588906492,0.23800000588906492,0.7513775431362324,0.0,0.9090423597991542,0.06125278509014265,0.8477895747090115,8.429987814842654e-06,0.06738166206432446,0.06738166206432446,,,,7.551952114335428e-07,4.161848519845154e-09,4.161848519845154e-09,7.551952114335428e-07,7.551952114335428e-07,4.161848519845154e-09,1.0,8.0468327433564e-07,,,,,,,,0.2615907445978837,0.03593754021115106,0.18161532961668103,1.0,0.010621946818210298,0.23810464241513302,0.7512734107666567,1.6836930547365719e-06,201.55521893640835,309.43002170876355,0.0009820643733087116,,,0.0899794763142439,48.22310857500472,0.0018658995442878308,0.0009820643733087116,0.8609530928085671
693168,success,second_step,36561.25204090674,10.155903344696316,1100.0,0.9182362911817901,117.33032612569518,97.20250805640995,159.84517215278055,7.516970708459077e-07,7.321251026425957e-06,0.0022513703163469234,False,SUCCESS,900.0,solver_state,0.015034066130853561,0.015034066130853561,0.2360082886155007,1.0,,,,,,0.8532592249832909,0.020146891949218,0.020146891949218,0.019288429601411063,0.0008584623478069364,0.0,0.06161681686899192,0.13879463112819113,0.13879463112819113,0.1379361687804338,0.0008584623477573311,0.0,0.24391182217596324,0.59781058946521,0.6005068422167221,0.6322072786871465,0.634095645764614,,,0.2209808788970055,0.23590453368860953,0.23590453368860953,0.7535961584862573,0.0,0.9090423597991542,0.060493249561523556,0.8485491102376306,8.437540249364388e-06,0.06654612836181702,0.06654612836181702,,,,7.476420804230244e-07,4.054990422883301e-09,4.054990422883301e-09,7.476420804230244e-07,7.476420804230244e-07,4.054990422883301e-09,1.0,7.908800103487685e-07,,,,,,,,0.26231495954478573,0.035941285874818915,0.18229500530697124,1.0,0.010498871111294958,0.23600828845583322,0.7534928404328718,1.6820580515689405e-06,202.7682194324184,309.43002170876355,0.0009820652717041057,,,0.08998372480646141,48.22310857500472,0.0018659876450416615,0.0009820652717041057,0.8532592249832909
693168,success,second_step,37461.25204090674,10.405903344696316,1100.0,0.9189128185455514,117.33691500521107,97.20955773532795,159.84977019805748,7.442409389689034e-07,7.313661449920275e-06,0.002307653408210042,False,SUCCESS,900.0,solver_state,0.015412076738206857,0.015412076738206857,0.2339275811321277,1.0,,,,,,0.8456216959864133,0.01980170960934807,0.01980170960934807,0.018960186606619342,0.0008415230027287264,0.0,0.06128547184510053,0.13877139959439566,0.13877139959439566,0.13792987659171654,0.0008415230026791212,0.0,0.24425335502445256,0.5959904121096199,0.5986865414782194,0.6307780249499434,0.6326478400428193,,,0.22229099535833408,0.23382470899263388,0.23382470899263388,0.7557972881265845,0.0,0.9090423597991542,0.05975495649370952,0.8492874033054446,8.44488145967308e-06,0.06573396261414255,0.06573396261414255,,,,7.402900980840458e-07,3.950840884857614e-09,3.950840884857614e-09,7.402900980840458e-07,7.402900980840458e-07,3.950840884857614e-09,1.0,7.773139578480084e-07,,,,,,,,0.2630267515540996,0.03594493536619951,0.18296788317935195,1.0,0.010377629940720333,0.23392758097380456,0.755694789085475,1.680443160010387e-06,203.9703595607507,309.43002170876355,0.0009820661567089507,,,0.08998790997169458,48.22310857500472,0.0018660744325872352,0.0009820661567089507,0.8456216959864133
693168,success,second_step,38361.25204090674,10.655903344696316,1100.0,0.9195826353906235,117.34349705464592,97.21659998754866,159.85436374377977,7.369728833740292e-07,7.306159272176434e-06,0.002363878156605548,False,SUCCESS,900.0,solver_state,0.015796658896395643,0.015796658896395643,0.23186274719614977,1.0,,,,,,0.8380413636605715,0.01946254852556802,0.01946254852556802,0.018637589375428736,0.0008249591501392841,0.0,0.060954816083808566,0.13874866685881942,0.13874866685881942,0.13792370770872975,0.0008249591500896788,0.0,0.24458896035143624,0.5941815914827154,0.5968771671788642,0.6293538840118903,0.6312049145109362,,,0.22358936466657972,0.2317607579651474,0.2317607579651474,0.7579807716889705,0.0,0.9090423597991542,0.05903640079848161,0.8500059590006726,8.45202641159955e-06,0.06494350913583966,0.06494350913583966,,,,7.331235458126925e-07,3.849337561336629e-09,3.849337561336629e-09,7.331235458126925e-07,7.331235458126925e-07,3.849337561336629e-09,1.0,7.639810587241192e-07,,,,,,,,0.2637263341161628,0.03594849112299588,0.18363414426762759,1.0,0.010258157840157128,0.23186274703917656,0.7578790951206663,1.6788478915827789e-06,205.16172070528148,309.43002170876355,0.0009820670288010905,,,0.08999203406979789,48.22310857500472,0.001866159953787033,0.0009820670288010905,0.8380413636605715
693168,success,second_step,38927.574925767636,10.813215257157678,1100.0,0.92,117.34763454546332,97.22102668971635,159.85725142345964,7.325088023984211e-07,7.301492254535664e-06,0.0023992211576721175,False,SUCCESS,900.0,density_crossing,0.01604278020730517,0.01604278020730517,0.23057356194457684,1.0,,,,,,0.8333078978673519,0.019252852040958494,0.019252852040958494,0.018438087116119026,0.0008147649248394675,0.0,0.06074714795904146,0.13873466689810976,0.13873466689810976,0.13791990197331988,0.0008147649247898623,0.0,0.24479647686809325,0.5930503060864543,0.5957452882519623,0.6284607210046532,0.6302998197522693,,,0.22439902513728172,0.23047212784770885,0.23047212784770885,0.7593435384795776,0.0,0.9090423597991542,0.058595809948576244,0.8504465498505779,8.456407422650914e-06,0.06445883331720925,0.06445883331720925,,,,7.287217092594225e-07,3.787093138998688e-09,3.787093138998688e-09,7.287217092594225e-07,7.287217092594225e-07,3.787093138998688e-09,1.0,7.55735563959928e-07,,,,,,,,0.26415899407331855,0.035950671090948426,0.18404932890905168,1.0,0.010184057274416014,0.23057356178845523,0.7592423809371288,1.6778561310659168e-06,205.90465110184195,309.43002170876355,0.0009820675697020309,,,0.08999459197244786,48.22310857500472,0.0018662129968762397,0.0009820675697020309,0.8333078978673519
693168,success,second_step,39261.25204090674,10.905903344696316,1100.0,0.92024591098566,117.35007235265206,97.22363490006488,159.85895284265138,7.298785684779711e-07,7.29874245044986e-06,0.0024200452333920097,False,SUCCESS,900.0,solver_state,0.016187794740875918,0.016187794740875918,0.22981397474242735,1.0,,,,,,0.8305189425686815,0.01912929899390742,0.01912929899390742,0.01832054050069919,0.0008087584932082324,0.0,0.06062479002043254,0.13872641812938338,0.13872641812938338,0.13791765963622477,0.0008087584931586271,0.0,0.24491874547929166,0.5923837533874297,0.5950783858450285,0.627934469879066,0.6297665384456634,,,0.22487607661679657,0.2297128677302692,0.2297128677302692,0.7601464798818287,0.0,0.9090423597991542,0.05833621407547424,0.8507061457236799,8.458988711820204e-06,0.06417326260611571,0.06417326260611571,,,,7.261281497164953e-07,3.750418761475828e-09,3.750418761475828e-09,7.261281497164953e-07,7.261281497164953e-07,3.750418761475828e-09,1.0,7.50877323229491e-07,,,,,,,,0.2644139170690145,0.03595195552680109,0.18429395545885902,1.0,0.010140397264079785,0.2298139745868075,0.7600456281491128,1.677271786344872e-06,206.34238526039417,309.43002170876355,0.000982067888400551,,,0.08999609908720493,48.22310857500472,0.0018662442498336208,0.000982067888400551,0.8305189425686815
693168,success,second_step,40161.25204090674,11.155903344696316,1100.0,0.9209028016972902,117.35664097604348,97.23066255775251,159.863537546184,7.229449898369257e-07,7.291409059690019e-06,0.002476155294725002,False,SUCCESS,900.0,solver_state,0.016585466427473612,0.016585466427473612,0.2277814163531329,1.0,,,,,,0.8230550178066967,0.018801853933422537,0.018801853933422537,0.01800894424683173,0.000792909686590806,0.0,0.060295344369287254,0.13870463961289184,0.13870463961289184,0.13791172992635065,0.0007929096865412008,0.0,0.24524281516289118,0.5905965523471668,0.5932898887603956,0.6265194357669727,0.6283324142187251,,,0.22615122190524295,0.2276811901467155,0.2276811901467155,0.7622943121010848,0.0,0.9090423597991542,0.05765315316625688,0.8513892066328973,8.465780721669435e-06,0.06342185547766432,0.06342185547766432,,,,7.192909662973964e-07,3.6540235395292302e-09,3.6540235395292302e-09,7.192909662973964e-07,7.192909662973964e-07,3.6540235395292302e-09,1.0,7.379988289145123e-07,,,,,,,,0.2650897066599211,0.03595533090368642,0.18494747079360385,1.0,0.010024297208396413,0.227781416198868,0.7621942865927355,1.6757144109338427e-06,207.5124364474014,309.43002170876355,0.0009820687358796099,,,0.09000010678454332,48.22310857500472,0.0018663273572370382,0.0009820687358796099,0.8230550178066967
693168,success,second_step,41061.25204090674,11.405903344696316,1100.0,0.9215534521881434,117.36320299990182,97.23768304349781,159.8681179047635,7.161603659354673e-07,7.2841572840175735e-06,0.0025322089819621585,False,SUCCESS,900.0,solver_state,0.016989656035037694,0.016989656035037694,0.22576519274809315,1.0,,,,,,0.8156500577528618,0.0184801087221096,0.0184801087221096,0.01770270652208192,0.0007774022000276793,0.0,0.059966439089746956,0.13868331837834147,0.13868331837834147,0.1379059161783634,0.000777402199978074,0.0,0.24556127175301856,0.5888196691793014,0.5915113898806811,0.6251084706102792,0.6269022743562445,,,0.22741489194902856,0.2256658452904705,0.2256658452904705,0.7644241940839558,0.0,0.9090423597991542,0.05698608943689307,0.8520562703622611,8.472413663708372e-06,0.06268804618685063,0.06268804618685063,,,,7.126002741624009e-07,3.56009177306644e-09,3.56009177306644e-09,7.126002741624009e-07,7.126002741624009e-07,3.56009177306644e-09,1.0,7.253417195743363e-07,,,,,,,,0.26575390560594414,0.03595861952487199,0.1855948326632715,1.0,0.00990981207913739,0.22576519259518324,0.7643249953256794,1.6741753566475749e-06,208.67195814905648,309.43002170876355,0.000982069571571056,,,0.09000405873568679,48.22310857500472,0.0018664093086346201,0.000982069571571056,0.8156500577528618
693168,success,second_step,41961.25204090674,11.655903344696316,1100.0,0.9221979965174854,117.36975849767455,97.244696438315,159.8726939677115,7.095140360981655e-07,7.2769854084980126e-06,0.0025882069225011683,False,SUCCESS,900.0,solver_state,0.017400345465955876,0.017400345465955876,0.2237653959959535,1.0,,,,,,0.8083044258004431,0.01816396105635845,0.01816396105635845,0.01740173485122174,0.0007622262051367067,0.0,0.05963804242615618,0.13866244224334173,0.13866244224334173,0.13790021603825464,0.0007622262050871015,0.0,0.24587421533617396,0.587052808739234,0.5897426238974247,0.6237012958109868,0.6254758788012665,,,0.22866717872390352,0.2236669246587286,0.2236669246587286,0.7665360756366556,0.0,0.9090423597991542,0.05633399877459701,0.8527083610245572,8.478897721193057e-06,0.061970708149445934,0.061970708149445934,,,,7.060454718690306e-07,3.4685642291349543e-09,3.4685642291349543e-09,7.060454718690306e-07,7.060454718690306e-07,3.4685642291349543e-09,1.0,7.129022042061309e-07,,,,,,,,0.266406713153561,0.035961823607467754,0.18623617291001768,1.0,0.009796900765221347,0.22376539584439714,0.7664377033903815,1.6726542375913861e-06,209.82103476071154,309.43002170876355,0.000982070395774956,,,0.09000795635976276,48.22310857500472,0.0018664901334547355,0.000982070395774956,0.8083044258004431
693168,success,second_step,42861.25204090674,11.905903344696316,1100.0,0.9228365591499738,117.37630754126587,97.25170282145493,159.87726578334235,7.029963645515717e-07,7.269891811284462e-06,0.002644149730557821,False,SUCCESS,900.0,solver_state,0.017817516345726307,0.017817516345726307,0.22178209246015393,1.0,,,,,,0.8010183911243495,0.01785331082986048,0.01785331082986048,0.017105938348556508,0.0007473724813039729,0.0,0.0593101300201658,0.1386419996795652,0.1386419996795652,0.13789462719831083,0.0007473724812543676,0.0,0.24618174385486571,0.5852956978288324,0.5879833444448846,0.6222976622203015,0.62405301237484,,,0.22990817461869312,0.22168449410911256,0.22168449410911256,0.7686299284584793,0.0,0.9090423597991542,0.0556959522793116,0.8533464075198426,8.485242130632633e-06,0.0612688195208166,0.0612688195208166,,,,6.99616981932037e-07,3.3793826195347726e-09,3.3793826195347726e-09,6.99616981932037e-07,6.99616981932037e-07,3.3793826195347726e-09,1.0,7.006765559769161e-07,,,,,,,,0.26704832513734655,0.03596494531527397,0.1868716138346998,1.0,0.00968552587894244,0.22178209230994844,0.7685323818111092,1.671150688906144e-06,210.95975105674927,309.43002170876355,0.0009820712087641984,,,0.0900118009473702,48.22310857500472,0.001866569858460465,0.0009820712087641984,0.8010183911243495
693168,success,second_step,43761.25204090674,12.155903344696316,1100.0,0.9234692558780702,117.38285020112033,97.25870227050478,159.881833399016,6.965986505961098e-07,7.262874956178557e-06,0.002700038007878547,False,SUCCESS,900.0,solver_state,0.01824114992267331,0.01824114992267331,0.2198153254942996,1.0,,,,,,0.7937921385343246,0.017548060028611638,0.017548060028611638,0.016815227691302195,0.0007328323373094427,0.0,0.05898268409331822,0.13862197973387275,0.13862197973387275,0.1378891473966129,0.0007328323372598376,0.0,0.24648395321175695,0.5835480832624248,0.5862333224436186,0.6208973473473416,0.6226334824293512,,,0.23113797230496486,0.21971859654875348,0.21971859654875348,0.770705744077781,0.0,0.9090423597991542,0.05507110762718221,0.8539712521719719,8.49145526766658e-06,0.06058145369523786,0.06058145369523786,,,,6.933061609498125e-07,3.2924896462973824e-09,3.2924896462973824e-09,6.933061609498125e-07,6.933061609498125e-07,3.2924896462973824e-09,1.0,6.886611112021145e-07,,,,,,,,0.2676789340377258,0.03596798675963155,0.18750126911843862,1.0,0.009575653134161108,0.21981532534544113,0.7706090215203978,1.66966436508926e-06,212.08819207099185,309.43002170876355,0.000982072010789032,,,0.09001559368204401,48.22310857500472,0.0018666485081947082,0.000982072010789032,0.7937921385343246
693168,success,second_step,44661.25204090674,12.405903344696316,1100.0,0.9240961946636066,117.38938654630019,97.26569486147989,159.88639686118648,6.903130447906695e-07,7.255933385639471e-06,0.0027558723444025546,False,SUCCESS,900.0,solver_state,0.018671226968788163,0.018671226968788163,0.2178651179018204,1.0,,,,,,0.7866257774685816,0.017248112639249025,0.017248112639249025,0.016529515093327656,0.0007185975459213698,0.0,0.05865569269714434,0.13860237196235664,0.13860237196235664,0.1378837744164849,0.0007185975458717645,0.0,0.2467809373604379,0.5818097300830342,0.5844923445740124,0.6195001527861647,0.6212171166865074,,,0.23235666462059842,0.21776925438812356,0.21776925438812356,0.7727635319097879,0.0,0.9090423597991542,0.05445870107989163,0.8545836587192626,8.497544726519813e-06,0.05990777051569287,0.05990777051569287,,,,6.871052157522841e-07,3.207829038385461e-09,3.207829038385461e-09,6.871052157522841e-07,6.871052157522841e-07,3.207829038385461e-09,1.0,6.768522683349434e-07,,,,,,,,0.2682987290378077,0.03597095000031322,0.18812524466329347,1.0,0.009467250837441899,0.21786511775430417,0.7726676314082539,1.668194938415726e-06,213.2064429898663,309.43002170876355,0.0009820728020807847,,,0.09001933565782066,48.22310857500472,0.0018667261053444406,0.0009820728020807847,0.7866257774685816
693168,success,second_step,45561.25204090674,12.655903344696316,1100.0,0.9247174764039182,117.3959166445559,97.27268066890758,159.89095621544683,6.841324710060778e-07,7.249065714256085e-06,0.0028116533188633497,False,SUCCESS,900.0,solver_state,0.019107727682568586,0.019107727682568586,0.215931474174894,1.0,,,,,,0.7795193501821194,0.01695337456845135,0.01695337456845135,0.01624871427926529,0.0007046602891860592,0.0,0.05832914902763042,0.138583166375036,0.138583166375036,0.13787850608589955,0.0007046602891364541,0.0,0.24707278838510102,0.580080419921206,0.5827602118728208,0.6181059018514079,0.6198037612514354,,,0.23356434446601146,0.21583647177458576,0.21583647177458576,0.7748033174417426,0.0,0.9090423597991542,0.053858040111550626,0.8551843196876036,8.503517393317119e-06,0.059247008163019095,0.059247008163019095,,,,6.810071254255232e-07,3.1253455805545104e-09,3.1253455805545104e-09,6.810071254255232e-07,6.810071254255232e-07,3.1253455805545104e-09,1.0,6.652464869667991e-07,,,,,,,,0.26890789607930915,0.03597383704644777,0.18874363935747052,1.0,0.00936028947174395,0.21593147402871438,0.7747082364995417,1.6667420974628705e-06,214.31458905718375,309.43002170876355,0.0009820735828548928,,,0.09002302789360896,48.22310857500472,0.0018668026710387186,0.0009820735828548928,0.7795193501821194
693168,success,second_step,46461.25204090674,12.905903344696316,1100.0,0.9253331956278237,117.40244056239119,97.27965976590413,159.89551150657013,6.780505541659825e-07,7.2422706226857795e-06,0.0028673814993445124,False,SUCCESS,900.0,solver_state,0.019550631594624147,0.019550631594624147,0.21401438252748906,1.0,,,,,,0.7724728391835898,0.016663753571537054,0.016663753571537054,0.015972740458992718,0.0006910131125443346,0.0,0.05800305080063924,0.1385643533893429,0.1385643533893429,0.13787334027684817,0.0006910131124947293,0.0,0.24735959657099282,0.5783599494885908,0.5810367384456833,0.6167144374119923,0.618393278793729,,,0.23476110471188016,0.21392023662050244,0.21392023662050244,0.7768251405473755,0.0,0.9090423597991542,0.05326849662321342,0.8557738631759407,8.509379513554571e-06,0.058598475691476776,0.058598475691476776,,,,6.750055690307384e-07,3.0449851352440615e-09,3.0449851352440615e-09,6.750055690307384e-07,6.750055690307384e-07,3.0449851352440615e-09,1.0,6.538402868387795e-07,,,,,,,,0.26950661791757924,0.03597664985747027,0.1893565457703535,1.0,0.009254741355881394,0.2140143823826396,0.7767308762614791,1.6653055457398709e-06,215.41271548946486,309.43002170876355,0.0009820743533133973,,,0.09002667134494516,48.22310857500472,0.0018668782250924466,0.0009820743533133973,0.7724728391835898
693168,success,second_step,47361.25204090674,13.155903344696316,1100.0,0.9259434411265731,117.4089583651225,97.2866322242449,159.9000627785472,6.720615534639939e-07,7.235546852054106e-06,0.0029230574437879575,False,SUCCESS,900.0,solver_state,0.01999991747671151,0.01999991747671151,0.2121138167371147,1.0,,,,,,0.7654861739736536,0.01637915918872603,0.01637915918872603,0.01570151030248744,0.0006776488862385894,0.0,0.05767739968470088,0.13854592379086983,0.13854592379086983,0.13786827490468084,0.0006776488861889842,0.0,0.2476414504671821,0.5766481291983538,0.5793217502885722,0.6153256199118168,0.6169855468858856,,,0.23594703811727324,0.21202052244047057,0.21202052244047057,0.778829053929979,0.0,0.9090423597991542,0.052689500714024604,0.8563528590851296,8.515136754036068e-06,0.05796154617664455,0.05796154617664455,,,,6.690948588056991e-07,2.9666946582948353e-09,2.9666946582948353e-09,6.690948588056991e-07,6.690948588056991e-07,2.9666946582948353e-09,1.0,6.426302468644998e-07,,,,,,,,0.27009507417573414,0.035979390344091984,0.18996405078248116,1.0,0.0091505803659578,0.2121138165935884,0.7787356030404539,1.663885000420915e-06,216.50090740082138,309.43002170876355,0.00098207511364697,,,0.09003026691360895,48.22310857500472,0.0018669527862057809,0.00098207511364697,0.7654861739736536
693168,success,second_step,48261.25204090674,13.405903344696316,1100.0,0.9265482965246907,117.41547011693342,97.29359811442853,159.90461007462122,6.661603008232202e-07,7.228893198803047e-06,0.002978681700458452,False,SUCCESS,900.0,solver_state,0.020455563254762964,0.020455563254762964,0.21022973780946264,1.0,,,,,,0.7585592371363579,0.016099502687802796,0.016099502687802796,0.015434941915055353,0.0006645607727474424,0.0,0.057352200787506524,0.13852786870012082,0.13852786870012082,0.137863307927423,0.0006645607726978372,0.0,0.24791843694291288,0.5749447819045,0.5776150842111876,0.6139393255660834,0.6155804564893969,,,0.23712223725719944,0.2101372900118482,0.2101372900118482,0.7808151216912944,0.0,0.9090423597991542,0.05212053497742483,0.8569218248217293,8.520794259588958e-06,0.05733565044091065,0.05733565044091065,,,,6.632698786140003e-07,2.890422209219924e-09,2.890422209219924e-09,6.632698786140003e-07,6.632698786140003e-07,2.890422209219924e-09,1.0,6.316130041643537e-07,,,,,,,,0.2706734413979122,0.03598206036928445,0.1905662361554063,1.0,0.00904778170744626,0.2102297376672519,0.7807224806253018,1.6624801911793986e-06,217.57924973647465,309.43002170876355,0.0009820758640365806,,,0.09003381545549104,48.22310857500472,0.001867026372127281,0.0009820758640365806,0.7585592371363579
693168,success,second_step,49161.25204090674,13.655903344696316,1100.0,0.9271478407954316,117.42197588092435,97.30055750573555,159.9091534373195,6.603421443477458e-07,7.22230850997047e-06,0.003034254808368164,False,SUCCESS,900.0,solver_state,0.02091754592637685,0.02091754592637685,0.20836209547963047,1.0,,,,,,0.751691869833301,0.01582469701214301,0.01582469701214301,0.015172954812933723,0.0006517421992092876,0.0,0.05702746219242541,0.13851017954423264,0.13851017954423264,0.13785843734507297,0.0006517421991596823,0.0,0.24819064123858436,0.573249741752293,0.5759165868554412,0.6125554447218229,0.6141779105787301,,,0.2382867944586444,0.20827048887223998,0.20827048887223998,0.7827834180218687,0.0,0.9090423597991542,0.05156112929067874,0.8574812305084754,8.526356704874325e-06,0.05672027132164751,0.05672027132164751,,,,6.575260273910528e-07,2.816116956693029e-09,2.816116956693029e-09,6.575260273910528e-07,6.575260273910528e-07,2.816116956693029e-09,1.0,6.20785253111369e-07,,,,,,,,0.27124189310166014,0.03598466174927275,0.19116317904615887,1.0,0.008946321728622232,0.20836209533872724,0.7826915829326505,1.6610908591193483e-06,218.64782721406436,309.43002170876355,0.0009820766046548576,,,0.09003731778703336,48.22310857500472,0.0018670989997874592,0.0009820766046548576,0.751691869833301
693168,success,second_step,50061.25204090674,13.905903344696316,1100.0,0.9277421487253446,117.42847571915814,97.30751046628171,159.91369290848237,6.546028965043436e-07,7.215791678879887e-06,0.003089777297666352,False,SUCCESS,900.0,solver_state,0.021385841483147927,0.021385841483147927,0.20651082956304395,1.0,,,,,,0.7448838767483053,0.015554656733248311,0.015554656733248311,0.014915469899268143,0.0006391868339801685,0.0,0.05670319454140714,0.13849284803281603,0.13849284803281603,0.13785366119888548,0.0006391868339305632,0.0,0.24845814701221802,0.5715628531321081,0.5742261138023441,0.6111738803712711,0.6127778228935523,,,0.2394408017442477,0.20642005866703328,0.20642005866703328,0.7847340260074391,0.0,0.9090423597991542,0.05101085606617614,0.858031503732978,8.531828341605625e-06,0.05611493844736409,0.05611493844736409,,,,6.518591673244882e-07,2.7437291798553994e-09,2.7437291798553994e-09,6.518591673244882e-07,6.518591673244882e-07,2.7437291798553994e-09,1.0,6.101437443888022e-07,,,,,,,,0.27180059982946037,0.035987196254533775,0.19175495247081084,1.0,0.008846177767734238,0.2065108294234398,0.784642992808826,1.6597167557994545e-06,219.7067242719677,309.43002170876355,0.0009820773356672028,,,0.09004077469050464,48.22310857500472,0.00186717068540818,0.0009820773356672028,0.7448838767483053
693168,success,second_step,50961.25204090674,14.155903344696316,1100.0,0.9283312913321985,117.43496969270178,97.31445706306687,159.91822852929005,6.48938786766033e-07,7.209341641217394e-06,0.0031452496899950777,False,SUCCESS,900.0,solver_state,0.021860424838131966,0.021860424838131966,0.20467587116856836,1.0,,,,,,0.7381350305280661,0.015289298007085344,0.015289298007085344,0.014662409440462765,0.0006268885666225789,0.0,0.056379410660716195,0.1384758661372176,0.1384758661372176,0.13784897757064463,0.0006268885665729736,0.0,0.24872103638211912,0.5698839697292696,0.5725435287608273,0.6097945468069788,0.6113801168097671,,,0.240584350782841,0.2045859303594529,0.2045859303594529,0.7866670365451368,0.0,0.9090423597991542,0.050469325933439085,0.858573033865715,8.537213041484613e-06,0.055519223487660016,0.055519223487660016,,,,6.462655765000475e-07,2.673210265985459e-09,2.673210265985459e-09,6.462655765000475e-07,6.462655765000475e-07,2.673210265985459e-09,1.0,5.996852840596067e-07,,,,,,,,0.27234972919941025,0.03598966561079565,0.19234162572140287,1.0,0.008747328027678726,0.2046758710302544,0.7865768009420668,1.6583576423445687e-06,220.75602502391354,309.43002170876355,0.0009820780572327079,,,0.09004418691832647,48.22310857500472,0.001867241444592369,0.0009820780572327079,0.7381350305280661
693168,success,second_step,51861.25204090674,14.405903344696316,1100.0,0.9289153362402879,117.44145786166438,97.32139736201947,159.92276034028674,6.433464184463744e-07,7.2029573714712535e-06,0.0032006724988147273,False,SUCCESS,900.0,solver_state,0.02234126975866074,0.02234126975866074,0.20285714378563513,1.0,,,,,,0.7314450757618666,0.015028538533648238,0.015028538533648238,0.01441369704290235,0.0006148414907458877,0.0,0.05605612522606387,0.1384592260726259,0.1384592260726259,0.1378443845819296,0.0006148414906962825,0.0,0.24897938996631686,0.5682129536626851,0.57086870283227,0.6084173684078485,0.6099847243202303,,,0.2417175328461341,0.20276802731493607,0.20276802731493607,0.788582547362828,0.0,0.9090423597991542,0.04993618382149339,0.8591061759776608,8.542514335156248e-06,0.05493273584360403,0.05493273584360403,,,,6.40741905741353e-07,2.604512705021347e-09,2.604512705021347e-09,6.40741905741353e-07,6.40741905741353e-07,2.604512705021347e-09,1.0,5.894067326479023e-07,,,,,,,,0.2728894459550639,0.03599207150003503,0.1929232647402529,1.0,0.008649751473081207,0.2028571436486023,0.7884931048783164,1.657013288639164e-06,221.795813219239,309.43002170876355,0.0009820787695049055,,,0.09004755519662615,48.22310857500472,0.001867311292397689,0.0009820787695049055,0.7314450757618666
693168,success,second_step,52761.25204090674,14.655903344696316,1100.0,0.9294943480168897,117.4479402852322,97.3283314280373,159.9272883814034,6.378227294540034e-07,7.1966378797088824e-06,0.003256046229702214,False,SUCCESS,900.0,solver_state,0.022828348804652718,0.022828348804652718,0.20105456425652474,1.0,,,,,,0.7248137325409576,0.014772297519265249,0.014772297519265249,0.014169257630044261,0.0006030398892209882,0.0,0.055733354463845114,0.1384429202825483,0.1384429202825483,0.1378398803933769,0.0006030398891713829,0.0,0.24923328691926536,0.5665496747053751,0.5692015138447866,0.6070422785457008,0.6085915851163691,,,0.24284043877089978,0.2009662662709439,0.2009662662709439,0.7904806621346618,0.0,0.9090423597991542,0.04941110541218646,0.8596312543869677,8.547735447475084e-06,0.05435511874617533,0.05435511874617533,,,,6.352851393726268e-07,2.5375900813766193e-09,2.5375900813766193e-09,6.352851393726268e-07,6.352851393726268e-07,2.5375900813766193e-09,1.0,5.793050042325578e-07,,,,,,,,0.27341991201444704,0.03599441556146955,0.19349993245542013,1.0,0.008553427745619065,0.20105456412076367,0.7903920081336173,1.65568347259712e-06,222.8261722081902,309.43002170876355,0.000982079472632385,,,0.0900508802281595,48.22310857500472,0.00186738024339715,0.000982079472632385,0.7248137325409576
693168,success,second_step,53661.25204090674,14.905903344696316,1100.0,0.9300683884733982,117.45441702170072,97.33525932502471,159.93181269197797,6.323649567003352e-07,7.190382208666153e-06,0.0033113713806252054,False,SUCCESS,900.0,solver_state,0.023321633272500024,0.023321633272500024,0.19926804364424938,1.0,,,,,,0.7182406996357005,0.014520495641253585,0.014520495641253585,0.013929017419878148,0.0005914782213754362,0.0,0.05541111588534818,0.13842694142526685,0.13842694142526685,0.13783546320394102,0.0005914782213258309,0.0,0.24948280496620379,0.5648940095803168,0.5675418457516026,0.6056692186024336,0.6072006457623369,,,0.24395315892606625,0.19918055820263192,0.19918055820263192,0.7923614896858192,0.0,0.9090423597991542,0.04889379393611383,0.8601485658630403,8.552879329364958e-06,0.053786045731594435,0.053786045731594435,,,,6.298925596368919e-07,2.472397063443257e-09,2.472397063443257e-09,6.298925596368919e-07,6.298925596368919e-07,2.472397063443257e-09,1.0,5.693770655529906e-07,,,,,,,,0.27394128651825633,0.03599669939254279,0.19407168908085548,1.0,0.008458337094187019,0.1992680435097505,0.7922736193960624,1.6543679795021827e-06,223.84718491172748,309.43002170876355,0.0009820801667593051,,,0.0900541626947217,48.22310857500472,0.001867448311729101,0.0009820801667593051,0.7182406996357005
693168,success,second_step,54561.25204090674,15.155903344696316,1100.0,0.9306375169344285,117.4608881285038,97.34218111592675,159.9363333107746,6.269706038991186e-07,7.184189431124108e-06,0.0033666484421914777,False,SUCCESS,900.0,solver_state,0.023821093144554568,0.023821093144554568,0.19749748800578376,1.0,,,,,,0.711725657326045,0.014273055014594643,0.014273055014594643,0.013692903902750563,0.00058015111184408,0.0,0.05508942805097682,0.13841128236195055,0.13841128236195055,0.13783113125015609,0.0005801511117944748,0.0,0.2497280204355056,0.5632458413253516,0.56588958808816,0.6042981370883342,0.6058118589537694,,,0.24505578318418175,0.1974108090941042,0.1974108090941042,0.7942251432795207,0.0,0.9090423597991542,0.04838397728401887,0.8606583825151353,8.557948686541755e-06,0.05322521746369326,0.05322521746369326,,,,6.245617145079849e-07,2.4088893911336526e-09,2.4088893911336526e-09,6.245617145079849e-07,6.245617145079849e-07,2.4088893911336526e-09,1.0,5.596199351272674e-07,,,,,,,,0.27445372587725403,0.03599892454989989,0.19463859238452869,1.0,0.008364460317133936,0.19749748787253746,0.7941380518103285,1.6530666014134941e-06,224.85893379534122,309.43002170876355,0.0009820808520258142,,,0.09005740325914104,48.22310857500472,0.001867515511138577,0.0009820808520258142,0.711725657326045
693168,success,second_step,55461.25204090674,15.405903344696316,1100.0,0.9312017904779377,117.467353662241,97.34909686276048,159.94085027600082,6.216374125041719e-07,7.1780586475491335e-06,0.003421877897882064,False,SUCCESS,900.0,solver_state,0.024326697044185493,0.024326697044185493,0.19574279907970482,1.0,,,,,,0.7052682699184238,0.014029899160358142,0.014029899160358142,0.013460845819551488,0.0005690533408066535,0.0,0.05476831036170411,0.1383959361461573,0.1383959361461573,0.13782688280540026,0.0005690533407570484,0.0,0.24996900828929008,0.5616050587212545,0.5642446354828952,0.6029289888526372,0.6044251828536618,,,0.24614840089676612,0.1956569206242912,0.1956569206242912,0.7960717399795263,0.0,0.9090423597991542,0.0478814054078221,0.8611609543913321,8.562946005356245e-06,0.05267235887489459,0.05267235887489459,,,,6.192903886423975e-07,2.3470238617743697e-09,2.3470238617743697e-09,6.192903886423975e-07,6.192903886423975e-07,2.3470238617743697e-09,1.0,5.500306823825821e-07,,,,,,,,0.2749573838188686,0.03600109255035191,0.19520069792758588,1.0,0.00827177871431371,0.1957427989477012,0.7959854223379852,1.651779136630797e-06,225.8615008464355,309.43002170876355,0.0009820815285684005,,,0.09006060256693424,48.22310857500472,0.0018675818550116232,0.0009820815285684005,0.7052682699184238
693168,success,second_step,56361.25204090674,15.655903344696316,1100.0,0.9317612641491915,117.47381367870233,97.3560066266437,159.94536362532395,6.163633355407911e-07,7.171988983973491e-06,0.0034770602242628623,False,SUCCESS,900.0,solver_state,0.024838412196335098,0.024838412196335098,0.19400387489662888,1.0,,,,,,0.6988681879797153,0.013790952975649664,0.013790952975649664,0.013232773140259429,0.0005581798353902342,0.0,0.054447782875158834,0.13838089601450565,0.13838089601450565,0.13782271617916503,0.0005581798353406289,0.0,0.25020584215252295,0.5599715557774121,0.5626068872169416,0.6015617343779597,0.6030405804983521,,,0.2472311008731131,0.1939187907758207,0.1939187907758207,0.7979014000816038,0.0,0.9090423597991542,0.04738584798678952,0.8616565118123647,8.567873576000521e-06,0.05212721659886021,0.05212721659886021,,,,6.140765772261621e-07,2.2867583146290026e-09,2.2867583146290026e-09,6.140765772261621e-07,6.140765772261621e-07,2.2867583146290026e-09,1.0,5.406064267981634e-07,,,,,,,,0.2754524114330129,0.0360032048718275,0.19575805927736406,1.0,0.008180274047113344,0.19400387476585795,0.7978158511870288,1.6505053892141016e-06,226.85496755487694,309.43002170876355,0.000982082196520183,,,0.0900637612476862,48.22310857500472,0.001867647356403908,0.000982082196520183,0.6988681879797153
693168,success,second_step,57261.25204090674,15.905903344696316,1100.0,0.9323159911511782,117.4802682328913,97.36291046782158,159.94987339588585,6.111465140966525e-07,7.165979590094364e-06,0.0035321958911813667,False,SUCCESS,900.0,solver_state,0.025356204393462506,0.025356204393462506,0.19228061032018462,1.0,,,,,,0.6925250503165528,0.013556142704894093,0.013556142704894093,0.013008617042841439,0.0005475256620526539,0.0,0.05412786614392769,0.1383661553783334,0.1383661553783334,0.13781862971633035,0.0005475256620030485,0.0,0.2504385943407953,0.5583452312699089,0.5609762468283214,0.6001963391507962,0.6016580192670647,,,0.2483039713621488,0.1921963143746012,0.1921963143746012,0.7997142466077485,0.0,0.9090423597991542,0.04689709233574116,0.862145267463413,8.57273351330771e-06,0.05158955666939735,0.05158955666939735,,,,6.089184624823574e-07,2.2280516142951807e-09,2.2280516142951807e-09,6.089184624823574e-07,6.089184624823574e-07,2.2280516142951807e-09,1.0,5.313443370606562e-07,,,,,,,,0.27593895721713124,0.03600526295431067,0.1963107281968676,1.0,0.008089928504964865,0.19228061019063636,0.7996294613043988,1.6492451685528738e-06,227.83941489634867,309.43002170876355,0.000982082856011157,,,0.09006687991620597,48.22310857500472,0.0018677120280646933,0.000982082856011157,0.6925250503165528
693168,success,second_step,58161.25204090674,16.155903344696316,1100.0,0.9328660230138652,117.48671737904623,97.36980844569096,159.9543796243166,6.059852562492369e-07,7.160029637570789e-06,0.003587285361947856,False,SUCCESS,900.0,solver_state,0.0258800379667319,0.0258800379667319,0.1905728975256345,1.0,,,,,,0.6862384857259962,0.01332539591229859,0.01332539591229859,0.01278830989250421,0.0005370860197943786,0.0,0.053808581073836216,0.13835170781619172,0.13835170781619172,0.13781462179644693,0.0005370860197447734,0.0,0.25066733588693796,0.5567259883271739,0.5593526217564937,0.5988327731007986,0.6002774704089234,,,0.2493671000369941,0.1904893835672119,0.1904893835672119,0.8015104048572798,0.0,0.9090423597991542,0.04641494153360905,0.8626274182655451,8.57752777536063e-06,0.051059162461762585,0.051059162461762585,,,,6.038143926160453e-07,2.170863633191567e-09,2.170863633191567e-09,6.038143926160453e-07,6.038143926160453e-07,2.170863633191567e-09,1.0,5.222416302320006e-07,,,,,,,,0.2764171671204858,0.03600726820076354,0.19685875481310172,1.0,0.008000724677128174,0.19057289739729882,0.801426377925573,1.6479982889800994e-06,228.8149233181849,309.43002170876355,0.0009820835071684005,,,0.0900699591735008,48.22310857500472,0.0018677758824570338,0.0009820835071684005,0.6862384857259962
693168,success,second_step,59061.25204090674,16.405903344696316,1100.0,0.9334114097444896,117.49316117066002,97.37670061882318,159.95888234674766,6.008780182186095e-07,7.1541383184992795e-06,0.003642329093506591,False,SUCCESS,900.0,solver_state,0.026409875762275208,0.026409875762275208,0.1888806264226594,1.0,,,,,,0.6800081145414033,0.013098641455364431,0.013098641455364431,0.012571785221292169,0.0005268562340722616,0.0,0.053489948800146056,0.13833754706704982,0.13833754706704982,0.13781069083302716,0.0005268562340226563,0.0,0.25089213656660225,0.5551137340586791,0.5577359230234233,0.5974710101021,0.598898908621804,,,0.2504205739819139,0.18879788824260024,0.18879788824260024,0.8032900020093087,0.0,0.9090423597991542,0.04593921275206141,0.8631031470470928,8.582258180111118e-06,0.050535832854050194,0.050535832854050194,,,,5.987628629852852e-07,2.115155233324293e-09,2.115155233324293e-09,5.987628629852852e-07,5.987628629852852e-07,2.115155233324293e-09,1.0,5.132955709298169e-07,,,,,,,,0.2768871845876946,0.03600922197803341,0.19740218776645616,1.0,0.007912645528760594,0.18888062629552618,0.8032067281757131,1.646764569426859e-06,229.78157272739563,309.43002170876355,0.0009820841501162467,,,0.09007299960760226,48.22310857500472,0.0018678389317749087,0.0009820841501162467,0.6800081145414033
693168,success,second_step,59961.25204090674,16.655903344696316,1100.0,0.9339521999608863,117.49959966049839,97.38358704498499,159.96338159882364,5.958233875465831e-07,7.148304844050188e-06,0.0036973275365890235,False,SUCCESS,900.0,solver_state,0.026945679122337956,0.026945679122337956,0.18720368502825535,1.0,,,,,,0.6738335499952728,0.012875809459338245,0.012875809459338245,0.012358977708028338,0.0005168317513099077,0.0,0.053171990579775494,0.1383236670241049,0.1383236670241049,0.1378068352728446,0.0005168317512603024,0.0,0.2511130649229185,0.5535083792225166,0.5561260649476247,0.5961110275304635,0.5975223116778285,,,0.25146447968137053,0.1871217164040181,0.1871217164040181,0.805053166771442,0.0,0.9090423597991542,0.04546973576530125,0.8635726240338529,8.58692642019781e-06,0.05001938058788309,0.05001938058788309,,,,5.937624992990845e-07,2.0608882474985514e-09,2.0608882474985514e-09,5.937624992990845e-07,5.937624992990845e-07,2.0608882474985514e-09,1.0,5.045034705202913e-07,,,,,,,,0.2773491506015315,0.0360111256177434,0.1979410743431429,1.0,0.007825674380475003,0.18720368490231443,0.8049706407172106,1.6455438331133743e-06,230.73944248062276,309.43002170876355,0.0009820847849764355,,,0.09007600179427176,48.22310857500472,0.0018679011879578513,0.0009820847849764355,0.6738335499952728
693168,success,second_step,60861.25204090674,16.905903344696316,1100.0,0.9344884410096782,117.50603290061736,97.3904677811582,159.9678774157136,5.908200681156563e-07,7.142528443248389e-06,0.003752281135864788,False,SUCCESS,900.0,solver_state,0.02748740787109985,0.02748740787109985,0.1855419597951562,1.0,,,,,,0.6677143994188943,0.012656831292510575,0.012656831292510575,0.012149823158593576,0.0005070081339169983,0.0,0.05285472769781124,0.1383100617291111,0.1383100617291111,0.1378030535952437,0.000507008133867393,0.0,0.2513301882903234,0.5519098379280066,0.5545229648879133,0.5947528058705379,0.5961476600907284,,,0.25249890301092975,0.18546075449659963,0.18546075449659963,0.8068000290699784,0.0,0.9090423597991542,0.045006351623510826,0.8640360081756433,8.591534076136756e-06,0.04950963080912382,0.04950963080912382,,,,5.888120426555365e-07,2.008025460119766e-09,2.008025460119766e-09,5.888120426555365e-07,5.888120426555365e-07,2.008025460119766e-09,1.0,4.95862686323539e-07,,,,,,,,0.2778032037249997,0.03601298041716615,0.1984754605925121,1.0,0.007739794890740058,0.18554195967039738,0.8067182454388626,1.6443359072727922e-06,231.68861137579495,309.43002170876355,0.000982085411868241,,,0.09007896629760817,48.22310857500472,0.001867962662703549,0.000982085411868241,0.6677143994188943
693168,success,second_step,61761.25204090674,17.155903344696316,1100.0,0.9350201790709822,117.51246094237904,97.39734288355797,159.9723698321215,5.858668668335024e-07,7.13680836188303e-06,0.003807190330076038,False,SUCCESS,900.0,solver_state,0.0280350203049496,0.0280350203049496,0.1838953359006943,1.0,,,,,,0.6616502652968003,0.012441639542284133,0.012441639542284133,0.011944258486539676,0.0004973810557444581,0.0,0.052538181386733586,0.13829672536715487,0.13829672536715487,0.13779934431146001,0.0004973810556948529,0.0,0.25154357281763573,0.5503180273697958,0.5529265430138623,0.5933963283679795,0.5947749368207059,,,0.25352392922979444,0.1838148876954782,0.1838148876954782,0.8085307197772204,0.0,0.9090423597991542,0.04454891147373769,0.8644934483254164,8.596082628045914e-06,0.04900641977077991,0.04900641977077991,,,,5.839103362457927e-07,1.956530587709708e-09,1.956530587709708e-09,5.839103362457927e-07,5.839103362457927e-07,1.956530587709708e-09,1.0,4.873706208314098e-07,,,,,,,,0.2782494801426909,0.03601478764008026,0.19900539143090207,1.0,0.007654991040599085,0.18389533577710745,0.8084496731822934,1.6431406229042608e-06,232.62915764527722,309.43002170876355,0.0009820860309085826,,,0.09008189367057536,48.22310857500472,0.001868023367478784,0.0009820860309085826,0.6616502652968003
693168,success,second_step,62661.25204090674,17.405903344696316,1100.0,0.9355474592511324,117.51888383646683,97.40421240764994,159.97685888229614,5.809626818210378e-07,7.131143861532585e-06,0.0038620555521668987,False,SUCCESS,900.0,solver_state,0.02858847318698464,0.02858847318698464,0.182263697500544,1.0,,,,,,0.6556407461923117,0.012230167991946069,0.012230167991946069,0.011742221694031699,0.0004879462979143696,0.0,0.05222237275692151,0.1382836522618154,0.1382836522618154,0.13779570596395063,0.0004879462978647643,0.0,0.2517532834904449,0.5487328675902032,0.5513367221002174,0.5920415807216572,0.5934041270128049,,,0.2545396429747676,0.1821840001588767,0.1821840001588767,0.8102453704719009,0.0,0.9090423597991542,0.04409727551329534,0.8649450842858588,8.60057346605201e-06,0.048509593681683096,0.048509593681683096,,,,5.790563135617918e-07,1.906368259245978e-09,1.906368259245978e-09,5.790563135617918e-07,5.790563135617918e-07,1.906368259245978e-09,1.0,4.79024720937684e-07,,,,,,,,0.2786881137014392,0.036016548517609194,0.19953091073352328,1.0,0.007571247120284205,0.18226369737811896,0.8101650555015969,1.6419578145521693e-06,233.56115895033116,309.43002170876355,0.0009820866422121234,,,0.0900847844554641,48.22310857500472,0.0018680833135290113,0.0009820866422121234,0.6556407461923117
693168,success,second_step,63561.25204090674,17.655903344696316,1100.0,0.9360703256647713,117.52530163289956,97.41107640816625,159.9813446000405,5.761064919540908e-07,7.1255342186924995e-06,0.003916877229405147,False,SUCCESS,900.0,solver_state,0.029147721745501745,0.029147721745501745,0.18064692795135506,1.0,,,,,,0.6496854375588822,0.012022351598088388,0.012022351598088388,0.011543651853114902,0.0004786997449734861,0.0,0.05190732273714026,0.13827083687066033,0.13827083687066033,0.13779213712573646,0.0004786997449238809,0.0,0.2519593841528692,0.5471542812668493,0.5497534273427596,0.5906885508115891,0.5920352177651633,,,0.25554612825546746,0.18056797525016857,0.18056797525016857,0.8119441132290669,0.0,0.9090423597991542,0.043651312061975325,0.8653910477371788,8.605007899515977e-06,0.04801900768586818,0.04801900768586818,,,,5.742489879576727e-07,1.857503996418161e-09,1.857503996418161e-09,5.742489879576727e-07,5.742489879576727e-07,1.857503996418161e-09,1.0,4.7082247718059554e-07,,,,,,,,0.2791192359502831,0.03601826424904252,0.2000520614157289,1.0,0.0074885477173832855,0.18064692783008163,0.8118645244525351,1.6407873201086834e-06,234.48469237672447,309.43002170876355,0.000982087245891356,,,0.09008763918430071,48.22310857500472,0.0018681425118868313,0.000982087245891356,0.6496854375588822
693168,success,second_step,64461.25204090674,17.905903344696316,1100.0,0.9365888215075301,117.53171438104502,97.41793493912087,159.98582701872053,5.712973476203585e-07,7.119978723994084e-06,0.003971655783497008,False,SUCCESS,900.0,solver_state,0.029712719676242363,0.029712719676242363,0.1790449100058823,1.0,,,,,,0.6437839324504655,0.011818126468628868,0.011818126468628868,0.01134848908730143,0.00046963738132743937,0.0,0.05159305202384108,0.13825827378103342,0.13825827378103342,0.13778863639975558,0.00046963738127783414,0.0,0.25216193752873195,0.5455821935228724,0.5481765861933345,0.5893372284586581,0.5906681979238566,,,0.25654346845063947,0.17896669573250493,0.17896669573250493,0.8136270804361053,0.0,0.9090423597991542,0.04321089674053308,0.865831463058621,8.60938716520169e-06,0.04753452495885911,0.04753452495885911,,,,5.694874434264779e-07,1.8099041938806136e-09,1.8099041938806136e-09,5.694874434264779e-07,5.694874434264779e-07,1.8099041938806136e-09,1.0,4.627614229976057e-07,,,,,,,,0.27954297617974566,0.036019936002639294,0.2005688855048908,1.0,0.007406877706283004,0.17904490988575045,0.8135482124079665,1.639628980636986e-06,235.39983443134693,309.43002170876355,0.0009820878420566804,,,0.09009045837921138,48.22310857500472,0.0018682009733795467,0.0009820878420566804,0.6437839324504655
693168,success,second_step,65361.25204090674,18.155903344696316,1100.0,0.9371029891203884,117.53812212963261,97.42478805382382,159.9903061712735,5.66534362564549e-07,7.114476681504259e-06,0.004026391630695292,False,SUCCESS,900.0,solver_state,0.03028341914815731,0.03028341914815731,0.17745752598384518,1.0,,,,,,0.6379358221427813,0.011617429841391616,0.011617429841391616,0.011156674553472041,0.00046075528791957623,0.0,0.05127958103822001,0.1382459577060983,0.1382459577060983,0.13778520241822834,0.00046075528786997095,0.0,0.25236100524219474,0.544016531757282,0.5466061282119773,0.5879876052125388,0.5893030579013582,,,0.2575317463054271,0.17738004393923484,0.17738004393923484,0.8152944046319145,0.0,0.9090423597991542,0.04277591174401337,0.8662664480551407,8.613712434501633e-06,0.04705601590828438,0.04705601590828438,,,,5.64770826464979e-07,1.7635360995700326e-09,1.7635360995700326e-09,5.64770826464979e-07,5.64770826464979e-07,1.7635360995700326e-09,1.0,4.5483913399233895e-07,,,,,,,,0.2799594614604435,0.036021564916413784,0.20108142420397462,1.0,0.007326222238664441,0.17745752586484478,0.8152162518964908,1.638482640212879e-06,236.30666103970634,309.43002170876355,0.0009820884308164733,,,0.0900932425527503,48.22310857500472,0.001868258708635966,0.0009820884308164733,0.6379358221427813
693168,success,second_step,66261.25204090674,18.405903344696316,1100.0,0.9376128700466965,117.54452492676543,97.43163580489484,159.9947820902161,5.618167067053727e-07,7.10902740809686e-06,0.004081085181903532,False,SUCCESS,900.0,solver_state,0.030859770812458234,0.030859770812458234,0.17588465792140953,1.0,,,,,,0.6321406966761002,0.011420200063212049,0.011420200063212049,0.010968150424088007,0.00045204963912404155,0.0,0.050966929890091495,0.1382338834811087,0.1382338834811087,0.13778183384203427,0.0004520496390744363,0.0,0.2525566478378847,0.5424572254932312,0.5450419849342585,0.5866396741646127,0.5879397895159337,,,0.25851104392948104,0.17580790192300258,0.17580790192300258,0.8169462183665123,0.0,0.9090423597991542,0.042346245199520544,0.8666961145996336,8.617984819822912e-06,0.04658335746738647,0.04658335746738647,,,,5.600983389102272e-07,1.718367795145543e-09,1.718367795145543e-09,5.600983389102272e-07,5.600983389102272e-07,1.718367795145543e-09,1.0,4.470532272135817e-07,,,,,,,,0.2803688166810366,0.0360231520989034,0.20158971794779312,1.0,0.00724656673487053,0.17588465780353058,0.8168687754615989,1.6373481457826356e-06,237.20524754419296,309.43002170876355,0.0009820890122771485,,,0.0900959922081976,48.22310857500472,0.0018683157280925823,0.0009820890122771485,0.6321406966761002
693168,success,second_step,67161.25204090674,18.655903344696316,1100.0,0.9381185050827313,117.55092281993188,97.43847824427634,159.99925480765194,5.571435998182376e-07,7.103630232887271e-06,0.004135736842773685,False,SUCCESS,900.0,solver_state,0.031441723814728484,0.031441723814728484,0.17432618770187291,1.0,,,,,,0.6263981453290327,0.011226376569535792,0.011226376569535792,0.01078285986970834,0.00044351669982745133,0.0,0.05065511834773291,0.13822204605987867,0.13822204605987867,0.13777852936010082,0.00044351669977784605,0.0,0.25274892480054534,0.5409042062422067,0.5434840897521606,0.5852934297829766,0.5865783858495598,,,0.2594814427957988,0.17425015158609666,0.17425015158609666,0.8185826540786598,0.0,0.9090423597991542,0.04192179059901349,0.8671205692001407,8.622205380227251e-06,0.04611643247106305,0.04611643247106305,,,,5.554692316416377e-07,1.6743681765999153e-09,1.6743681765999153e-09,5.554692316416377e-07,5.554692316416377e-07,1.6743681765999153e-09,1.0,4.3940136044623584e-07,,,,,,,,0.2807711645855288,0.03602469862991903,0.20209380645281233,1.0,0.007167896875999398,0.17432618758510537,0.8185059155388953,1.6362253470352241e-06,238.09566870301555,309.43002170876355,0.0009820895865432194,,,0.09009870783983234,48.22310857500472,0.001868372041999234,0.0009820895865432194,0.6263981453290327
693168,success,second_step,68061.25204090674,18.905903344696316,1100.0,0.9386199343225677,117.55731585601654,97.4453154232457,160.00372435527888,5.525143059871667e-07,7.0982844967227605e-06,0.004190347013800277,False,SUCCESS,900.0,solver_state,0.03202922580987194,0.03202922580987194,0.17278199716984927,1.0,,,,,,0.6207077570317605,0.011035899864484961,0.011035899864484961,0.010600747041807523,0.0004351528226774377,0.0,0.050344165812947324,0.13821044051143158,0.13821044051143158,0.13777528768880376,0.0004351528226278324,0.0,0.2529378945742372,0.5393574073823387,0.5419323778069651,0.5839488677669492,0.5852188411222063,,,0.2604430237402031,0.1727066747943399,0.1727066747943399,0.8202038439893271,0.0,0.9090423597991542,0.04150244629861391,0.8675399135005403,8.626375126409617e-06,0.04565512910507664,0.04565512910507664,,,,5.508827990520842e-07,1.6315069350825323e-09,1.6315069350825323e-09,5.508827990520842e-07,5.508827990520842e-07,1.6315069350825323e-09,1.0,4.3188123151410775e-07,,,,,,,,0.2811666258099304,0.03602620556127797,0.20259372876128978,1.0,0.007090198596605619,0.17278199705418323,0.8201278043492112,1.6351140962871888e-06,238.97799868972206,309.43002170876355,0.0009820901537173476,,,0.09010138993318441,48.22310857500472,0.0018684276604243276,0.0009820901537173476,0.6207077570317605
693168,success,second_step,68961.25204090674,19.155903344696316,1100.0,0.9391171971979562,117.56370408131083,97.45214739242724,160.00819076439603,5.479281287385197e-07,7.092989551722087e-06,0.0042449160904107774,False,SUCCESS,900.0,solver_state,0.032622222979686366,0.032622222979686366,0.1712519682309917,1.0,,,,,,0.6150691207262078,0.01084871150136854,0.01084871150136854,0.010421757055888905,0.0004269544454796342,0.0,0.05003409130067529,0.1381990620168097,0.1381990620168097,0.13777210757137967,0.0004269544454300289,0.0,0.2531236145811121,0.5378167640492101,0.5403867858927865,0.5826059849187532,0.5838611505805478,,,0.2613958669613755,0.17117735347655588,0.17117735347655588,0.8218099200090645,0.0,0.9090423597991542,0.04108811507676074,0.8679542447223935,8.630495025091704e-06,0.04519934041999851,0.04519934041999851,,,,5.46338374200552e-07,1.589754537967727e-09,1.589754537967727e-09,5.46338374200552e-07,5.46338374200552e-07,1.589754537967727e-09,1.0,4.244905775944079e-07,,,,,,,,0.2815553189182931,0.03602767391751954,0.20308952328043667,1.0,0.007013458077913863,0.17125196811641732,0.8217345738056687,1.6340142483787094e-06,239.85231109323092,309.43002170876355,0.0009820907139003953,,,0.0901040389652688,48.22310857500472,0.001868482593259698,0.0009820907139003953,0.6150691207262078
693168,success,second_step,69861.25204090674,19.405903344696316,1100.0,0.9396103325138209,117.57008754152314,97.45897420180337,160.01265406591054,5.43384406777579e-07,7.087744760858303e-06,0.004299444463052415,False,SUCCESS,900.0,solver_state,0.033220660052856274,0.033220660052856274,0.16973598293905806,1.0,,,,,,0.6094818256797877,0.010664754063616328,0.010664754063616328,0.010245835974888914,0.0004189180887274131,0.0,0.04972491342256284,0.138187905866028,0.138187905866028,0.1377689877773502,0.0004189180886778079,0.0,0.2533061412397801,0.5362822130377205,0.5388472523695288,0.5812647790303058,0.5825053103993835,,,0.2623400520213748,0.1696620697114086,0.1696620697114086,0.8234010136575587,0.0,0.9090423597991542,0.040678703744324474,0.8683636560548297,8.634566002898763e-06,0.04474896390231157,0.04474896390231157,,,,5.41835324567383e-07,1.5490822101960562e-09,1.5490822101960562e-09,5.41835324567383e-07,5.41835324567383e-07,1.5490822101960562e-09,1.0,4.172271745438269e-07,,,,,,,,0.2819373604381281,0.03602910469660372,0.20358122781721716,1.0,0.006937661741467707,0.16973598282556543,0.8233263554329668,1.6329256605794772e-06,240.7186789183065,309.43002170876355,0.000982091267191471,,,0.09010665540480492,48.22310857500472,0.0018685368502251536,0.000982091267191471,0.6094818256797877
693168,success,second_step,70761.25204090674,19.655903344696316,1100.0,0.9400993784799206,117.57646628178858,97.46579590072567,160.0171142903439,5.38882510256946e-07,7.0825494975796575e-06,0.0043539325172754495,False,SUCCESS,900.0,solver_state,0.033824480327169365,0.033824480327169365,0.16823392357191178,1.0,,,,,,0.6039454617585931,0.010483971146118314,0.010483971146118314,0.010072930792867328,0.00041104035325098553,0.0,0.049416650373961035,0.13817696745515912,0.13817696745515912,0.13776592710195773,0.00041104035320138025,0.0,0.25348552998328894,0.5347536927137149,0.5373137170841789,0.5799252487832752,0.5811513175942329,,,0.2632756578465766,0.16816070580320724,0.16816070580320724,0.8249772559938469,0.0,0.9090423597991542,0.040274122800513956,0.8687682369986403,8.638588949781086e-06,0.044303901095887555,0.044303901095887555,,,,5.373730483410352e-07,1.5094619159107832e-09,1.5094619159107832e-09,5.373730483410352e-07,5.373730483410352e-07,1.5094619159107832e-09,1.0,4.1008883623604834e-07,,,,,,,,0.2823128648952175,0.03603049887059289,0.20406887960932782,1.0,0.006862796243150845,0.16823392345949112,0.8249032802973582,1.6318481925032128e-06,241.57717458642128,309.43002170876355,0.0009820918136879723,,,0.09010923971242282,48.22310857500472,0.0018685904408727552,0.0009820918136879723,0.6039454617585931
693168,success,second_step,71661.25204090674,19.905903344696316,1100.0,0.9405843727391519,117.58284034667841,97.47261253792527,160.02157146783844,5.344218375129917e-07,7.077403145463911e-06,0.004408380633813325,False,SUCCESS,900.0,solver_state,0.034433625693770786,0.034433625693770786,0.1667456726978645,1.0,,,,,,0.5984596196651972,0.010306307336953202,0.010306307336953202,0.009902989418978804,0.000403317917974398,0.0,0.0491093199238949,0.13816624228353794,0.13816624228353794,0.13776292436561313,0.0004033179179247927,0.0,0.25366183527672975,0.533231142934224,0.5357861212994643,0.5785873936607702,0.5797991699437457,,,0.26420276272898024,0.1666731443480758,0.1666731443480758,0.8265387775558412,0.0,0.9090423597991542,0.039874286129067585,0.8691680736700865,8.64256472203492e-06,0.043864057267779574,0.043864057267779574,,,,5.329509711725844e-07,1.4708663404073099e-09,1.4708663404073099e-09,5.329509711725844e-07,5.329509711725844e-07,1.4708663404073099e-09,1.0,4.0307341391055376e-07,,,,,,,,0.28268194484783,0.036031857386317215,0.20455251535283475,1.0,0.006788848467529779,0.16674567258650613,0.826465478945964,1.6307817060297754e-06,242.42786993695515,309.43002170876355,0.0009820923534856279,,,0.09011179234085863,48.22310857500472,0.0018686433745908676,0.0009820923534856279,0.5984596196651972
693168,success,second_step,72561.25204090674,20.155903344696316,1100.0,0.9410653523929136,117.58920978020917,97.47942416152314,160.0260256281632,5.300018122133383e-07,7.072305097902031e-06,0.004462789188661276,False,SUCCESS,900.0,solver_state,0.03504803666327891,0.03504803666327891,0.16527111323359317,1.0,,,,,,0.5930238911456153,0.010131708199491567,0.010131708199491567,0.009735960661720989,0.0003957475377705789,0.0,0.048802939407594836,0.1381557259510753,0.1381557259510753,0.13775997841335433,0.00039574753772097365,0.0,0.253835110634485,0.5317145049752979,0.5342644076290137,0.5772512138692198,0.5784488659207241,,,0.26512144432783524,0.16519926829171913,0.16519926829171913,0.8280857083079715,0.0,0.9090423597991542,0.03947911072982391,0.8695632490693302,8.646494144971613e-06,0.04342934111293396,0.04342934111293396,,,,5.285685433409289e-07,1.433268872409345e-09,1.433268872409345e-09,5.285685433409289e-07,5.285685433409289e-07,1.433268872409345e-09,1.0,3.9617879553256875e-07,,,,,,,,0.28304471092034944,0.03603318116602358,0.20503217122689008,1.0,0.006715805522476453,0.1652711131232874,0.8280130813542361,1.6297260652339385e-06,243.2708362286878,309.43002170876355,0.0009820928866785378,,,0.09011431373514009,48.22310857500472,0.0018686956606080067,0.0009820928866785378,0.5930238911456153
693168,success,second_step,73461.25204090674,20.405903344696316,1100.0,0.9415423540239056,117.5955746258515,97.48623081903975,160.03047680072,5.256218808645164e-07,7.067254757807667e-06,0.004517158553151379,False,SUCCESS,900.0,solver_state,0.03566765239359666,0.03566765239359666,0.16381012849471543,1.0,,,,,,0.5876378691694115,0.009960120254860438,0.009960120254860438,0.009571794213454495,0.00038832604140594284,0.0,0.04849752572123396,0.13814541415567325,0.13814541415567325,0.13775708811431692,0.00038832604135633755,0.0,0.25400540863713095,0.5302037214665274,0.5327485199782566,0.5759167102691677,0.5771004046306955,,,0.2660317796715453,0.1637389609798652,0.1637389609798652,0.8296181775959038,0.0,0.9090423597991542,0.0390885164813146,0.8699538433178395,8.65037801527824e-06,0.04299966449302858,0.04299966449302858,,,,5.242252372778342e-07,1.396643586682243e-09,1.396643586682243e-09,5.242252372778342e-07,5.242252372778342e-07,1.396643586682243e-09,1.0,3.894029051639973e-07,,,,,,,,0.2834012718363288,0.036034471108008746,0.2055078829158969,1.0,0.00664365473403691,0.16381012838545267,0.8295462168805103,1.6286811363200128e-06,244.10614414154563,309.43002170876355,0.0009820934133592078,,,0.09011680433276376,48.22310857500472,0.0018687473079965155,0.0009820934133592078,0.5876378691694115
693168,success,second_step,74361.25204090674,20.655903344696316,1100.0,0.9420154137166836,117.60193492653866,97.49303255740475,160.03492501454895,5.212815106345887e-07,7.0622515373493104e-06,0.004571489094025383,False,SUCCESS,900.0,solver_state,0.03629241071926256,0.03629241071926256,0.1623626022399708,1.0,,,,,,0.5823011480864495,0.009791490964757335,0.009791490964757335,0.009410440635190127,0.00038105032956720845,0.0,0.048193095318559,0.13813530269073301,0.13813530269073301,0.1377542523612154,0.00038105032951760316,0.0,0.254172780948006,0.5286987363314535,0.5312384034903879,0.5745838843138575,0.5757537857570972,,,0.2669338451598148,0.16229210620232976,0.16229210620232976,0.8311363141074165,0.0,0.9090423597991542,0.03870242593052087,0.8703399338686333,8.654217103108183e-06,0.04257494220519258,0.04257494220519258,,,,5.199205454075976e-07,1.3609652269910455e-09,1.3609652269910455e-09,5.199205454075976e-07,5.199205454075976e-07,1.3609652269910455e-09,1.0,3.82743702345186e-07,,,,,,,,0.28375173445097635,0.03603572808723676,0.20597968562944696,1.0,0.0065723836415181175,0.16236260213174153,0.8310650142267404,1.6276467875616227e-06,244.93386377857138,309.43002170876355,0.0009820939336185888,,,0.09011926456386449,48.22310857500472,0.001868798325676077,0.0009820939336185888,0.5823011480864495
693168,success,second_step,75261.25204090674,20.905903344696316,1100.0,0.9424845670762548,117.60829072467496,97.49982942296613,160.03937029833412,5.16980187450662e-07,7.057294857702328e-06,0.004625781173506427,False,SUCCESS,900.0,solver_state,0.0369222481821951,0.0369222481821951,0.16092841870983568,1.0,,,,,,0.5770133237633313,0.009625768714602835,0.009625768714602835,0.009251851341638785,0.00037391737296404905,0.0,0.04788966420914237,0.13812538744275019,0.13812538744275019,0.13775147006983574,0.00037391737291444377,0.0,0.2543372783294563,0.5271994947331606,0.5297340044968022,0.5732527379946234,0.5744090095122533,,,0.26782771656600524,0.16085858823152777,0.16085858823152777,0.8326402458386287,0.0,0.9090423597991542,0.038320764106383486,0.8707215956927706,8.658012153935474e-06,0.042155091776856425,0.042155091776856425,,,,5.156539782612537e-07,1.3262091894083074e-09,1.3262091894083074e-09,5.156539782612537e-07,5.156539782612537e-07,1.3262091894083074e-09,1.0,3.761991814873589e-07,,,,,,,,0.28409620378308703,0.03603695295594105,0.2064476141203138,1.0,0.0065019799927700265,0.1609284186026304,0.8325696014045996,1.6266228892459857e-06,245.7540646680867,309.43002170876355,0.0009820944475461084,,,0.09012169485137847,48.22310857500472,0.0018688487224170958,0.0009820944475461084,0.5770133237633313
693168,success,second_step,76161.25204090674,21.155903344696316,1100.0,0.9429498492449604,117.61464206214384,97.50662146149926,160.043812680409,5.127174143358677e-07,7.052384148818553e-06,0.004680035149368766,False,SUCCESS,900.0,solver_state,0.03755710006369388,0.03755710006369388,0.15950746266029364,1.0,,,,,,0.5717739937021917,0.009462902797021527,0.009462902797021527,0.009095978586519515,0.0003669242105020121,0.0,0.04758724795801808,0.1381156643889909,0.1381156643889909,0.1377487401785385,0.0003669242104524069,0.0,0.2544989506587671,0.5257059430244324,0.5282352704714713,0.5719232737922212,0.5730660765934178,,,0.26871346903967563,0.1594382918561527,0.1594382918561527,0.8341301000648871,0.0,0.9090423597991542,0.037943458354061974,0.8710989014450922,8.661763890202852e-06,0.041740033283427284,0.041740033283427284,,,,5.11425062829893e-07,1.2923515059746913e-09,1.2923515059746913e-09,5.11425062829893e-07,5.11425062829893e-07,1.2923515059746913e-09,1.0,3.6976737127556084e-07,,,,,,,,0.28443478304642567,0.03603814654421152,0.20691170270074893,1.0,0.0064324317396438815,0.159507462554103,0.8340601057062531,1.6256093136221723e-06,246.56681576602264,309.43002170876355,0.0009820949552297074,,,0.09012409561119984,48.22310857500472,0.0018688985068439465,0.0009820949552297074,0.5717739937021917
693168,success,second_step,77061.25204090674,21.405903344696316,1100.0,0.9434112949178627,117.62098898031567,97.5134087182156,160.0482521887616,5.084927099545855e-07,7.047518849211256e-06,0.004734251375003273,False,SUCCESS,900.0,solver_state,0.038196900417570206,0.038196900417570206,0.1580996193923892,1.0,,,,,,0.5665827571441591,0.009302843395642106,0.009302843395642106,0.008942775448121273,0.00036006794752083354,0.0,0.04728586168649522,0.13810612959524404,0.13810612959524404,0.1377460616477728,0.0003600679474712282,0.0,0.2546578469437911,0.5242180287019267,0.5267421499888084,0.5705954946333446,0.571724988143257,,,0.2695911771092824,0.15803110241064927,0.15803110241064927,0.835606003315693,0.0,0.9090423597991542,0.03757043818730137,0.8714719216118528,8.665473012789742e-06,0.041329689185883776,0.041329689185883776,,,,5.07233341125872e-07,1.2593688287135566e-09,1.2593688287135566e-09,5.07233341125872e-07,5.07233341125872e-07,1.2593688287135566e-09,1.0,3.634463340819456e-07,,,,,,,,0.2847675736805737,0.0360393096605669,0.20737198525729583,1.0,0.006363727033610889,0.15809961928720379,0.8355366536791853,1.624605934852857e-06,247.3721854583974,309.43002170876355,0.0009820954567558672,,,0.09012646725233199,48.22310857500472,0.0018689476874381105,0.0009820954567558672,0.5665827571441591
693168,success,second_step,77961.25204090674,21.655903344696316,1100.0,0.9438689383568218,117.62733152005556,97.5201912377713,160.0526888510398,5.043056073384758e-07,7.042698405753736e-06,0.004788430199485383,False,SUCCESS,900.0,solver_state,0.038841582104288216,0.038841582104288216,0.15670477477810982,1.0,,,,,,0.561439215159496,0.009145541569207835,0.009145541569207835,0.008792195815113975,0.0003533457540938593,0.0,0.04698552007397036,0.1380967792136451,0.1380967792136451,0.13774343345960086,0.00035334575404425404,0.0,0.2548140153382796,0.5227357003638919,0.5252545926846109,0.569269403851664,0.5703857457142151,,,0.270460914685018,0.15663690580102402,0.15663690580102402,0.8370680813531464,0.0,0.9090423597991542,0.03720163515659061,0.8718407246425636,8.669140202323224e-06,0.04092398418574248,0.04092398418574248,,,,5.030783689244765e-07,1.2272384139992765e-09,1.2272384139992765e-09,5.030783689244765e-07,5.030783689244765e-07,1.2272384139992765e-09,1.0,3.572341653892449e-07,,,,,,,,0.28509467538124744,0.03604044309251274,0.2078284952643091,1.0,0.0062958542215280225,0.15670477467392044,0.8369993711045516,1.6236126289691527e-06,248.17024156392094,309.43002170876355,0.0009820959522096446,,,0.09012881017703371,48.22310857500472,0.0018689962725412063,0.0009820959522096446,0.561439215159496
693168,success,second_step,78861.25204090674,21.905903344696316,1100.0,0.9443228134034264,117.63366972173084,97.52696906427546,160.05712269455617,5.001556527692655e-07,7.03792227348995e-06,0.004842571967638154,False,SUCCESS,900.0,solver_state,0.03949107682600647,0.03949107682600647,0.15532281528307046,1.0,,,,,,0.5563429707261643,0.00899094923598931,0.00899094923598931,0.008644194372604525,0.00034675486338478576,0.0,0.04668623736058426,0.13808760948056753,0.13808760948056753,0.13774085461723234,0.0003467548633351805,0.0,0.2549675031569255,0.5212589076710082,0.5237725492197336,0.5679450051528158,0.5690483512362824,,,0.2713227550617715,0.15525558852746515,0.15525558852746515,0.8385164591534404,0.0,0.9090423597991542,0.03683698273108569,0.8722053770680684,8.672766120352135e-06,0.04052284509516645,0.04052284509516645,,,,4.989597146619878e-07,1.1959381072777854e-09,1.1959381072777854e-09,4.989597146619878e-07,4.989597146619878e-07,1.1959381072777854e-09,1.0,3.511289932242536e-07,,,,,,,,0.2854161861300978,0.03604154760708534,0.20828126579634115,1.0,0.0062288018415397085,0.1553228151798679,0.8384483829785924,1.6226292738281688e-06,248.96105133671153,309.43002170876355,0.0009820964416746999,,,0.09013112478096072,48.22310857500472,0.0018690442703579255,0.0009820964416746999,0.5563429707261643
693168,success,second_step,79761.25204090674,22.155903344696316,1100.0,0.9447729534909187,117.64000362521843,97.53374224129834,160.06155374629316,4.96042404797265e-07,7.033189915455768e-06,0.004896677020095552,False,SUCCESS,900.0,solver_state,0.040145315162417136,0.040145315162417136,0.1539536279864086,1.0,,,,,,0.5512936287983254,0.008839019158491862,0.008839019158491862,0.008498726588433512,0.00034029257005835096,0.0,0.04638802735058937,0.13807861671457802,0.13807861671457802,0.13773832414456927,0.0003402925700087457,0.0,0.2551183568901264,0.519787601309988,0.5222959712461777,0.5666223025828387,0.5677128069877492,,,0.2721767709221946,0.15388703770418047,0.15388703770418047,0.8399512608910125,0.0,0.9090423597991542,0.03647641619252884,0.8725659436066253,8.67635141040187e-06,0.04012620072027009,0.04012620072027009,,,,4.948769584691281e-07,1.1654463281368087e-09,1.1654463281368087e-09,4.948769584691281e-07,4.948769584691281e-07,1.1654463281368087e-09,1.0,3.4512897760116487e-07,,,,,,,,0.2857322022239996,0.036042623951381886,0.2087303295395369,1.0,0.006162558619105852,0.1539536278841837,0.8398838134967104,1.6216557490729786e-06,249.74468146910874,309.43002170876355,0.000982096925233327,,,0.09013341145330271,48.22310857500472,0.0018690916889588735,0.000982096925233327,0.5512936287983254
693168,success,second_step,80661.25204090674,22.405903344696316,1100.0,0.9452193916552363,117.64633326991205,97.54051081187924,160.06598203290756,4.919654333772818e-07,7.028500802509674e-06,0.0049507456933644,False,SUCCESS,900.0,solver_state,0.04080422660728795,0.04080422660728795,0.15259710059824505,1.0,,,,,,0.546290796366081,0.008689704928450417,0.008689704928450417,0.00835574869970844,0.0003339562287419766,0.0,0.04609090341631328,0.13806979731445312,0.13806979731445312,0.13773584108576076,0.00033395622869237135,0.0,0.2552666222184725,0.5183217329596207,0.5208248113753309,0.5653013004996263,0.5663791155685765,,,0.2730230343398593,0.1525311410768066,0.1525311410768066,0.8413726099250038,0.0,0.9090423597991542,0.036119872539622386,0.8729224872595318,8.679896698925256e-06,0.03973398175592476,0.03973398175592476,,,,4.908296913215594e-07,1.1357420557223956e-09,1.1357420557223956e-09,4.908296913215594e-07,4.908296913215594e-07,1.1357420557223956e-09,1.0,3.3923230997459284e-07,,,,,,,,0.28604281830384065,0.03604367285307721,0.20917571880215913,1.0,0.006097113463148002,0.1525971004969888,0.8413057860398633,1.6206919360947243e-06,250.5211980945717,309.43002170876355,0.00098209740296648,,,0.09013567057691638,48.22310857500472,0.001869138536283329,0.00098209740296648,0.546290796366081
693168,success,second_step,81561.25204090674,22.655903344696316,1100.0,0.9456621605452759,117.65265869472918,97.54727481853438,160.07040758073552,4.879243191059896e-07,7.023854413171935e-06,0.005004778319882552,False,SUCCESS,900.0,solver_state,0.04146773960561817,0.04146773960561817,0.15125312147501635,1.0,,,,,,0.5413340825075845,0.008542960952104942,0.008542960952104942,0.008215217699569278,0.0003277432525356646,0.0,0.04579487850261919,0.13806114775725303,0.13806114775725303,0.13773340450476698,0.00032774325248605937,0.0,0.25541234402696783,0.5168612552589817,0.5193590231481215,0.5639820035470153,0.5650472798760714,,,0.2738616167824972,0.15118778703769473,0.15118778703769473,0.8427806287877312,0.0,0.9090423597991542,0.035767290401518034,0.8732750693976361,8.683402596162752e-06,0.03934612069059196,0.03934612069059196,,,,4.868175142914919e-07,1.1068048144976598e-09,1.1068048144976598e-09,4.868175142914919e-07,4.868175142914919e-07,1.1068048144976598e-09,1.0,3.3343721270211715e-07,,,,,,,,0.2863481273828178,0.036044695020927366,0.20961746552434854,1.0,0.00603245546230656,0.1512531213747197,0.8427144231629737,1.6197377179966307e-06,251.2906667906506,309.43002170876355,0.0009820978749538014,,,0.09013790252845466,48.22310857500472,0.0018691848201419236,0.0009820978749538014,0.5413340825075845
693168,success,second_step,82461.25204090674,22.905903344696316,1100.0,0.9461012924324712,117.65897993811802,97.5540343032644,160.074830415797,4.839186525469183e-07,7.019250233471265e-06,0.005058775228079737,False,SUCCESS,900.0,solver_state,0.04213578159132675,0.04213578159132675,0.14992157963294236,1.0,,,,,,0.5364230984344961,0.008398742435750041,0.008398742435750041,0.008077091324182318,0.0003216511115677229,0.0,0.0454999651317787,0.13805266459645138,0.13805266459645138,0.13773101348493327,0.0003216511115181176,0.0,0.2555555664189897,0.5154061217775698,0.5178985610068823,0.5626644166311876,0.5637173030825889,,,0.27469258911530803,0.14985686463933615,0.14985686463933615,0.8441754391749114,0.0,0.9090423597991542,0.03541860995925886,0.8736237498398953,8.686869696923606e-06,0.03896255171990481,0.03896255171990481,,,,4.828400378865793e-07,1.078614660339079e-09,1.078614660339079e-09,4.828400378865793e-07,4.828400378865793e-07,1.078614660339079e-09,1.0,3.277419385161873e-07,,,,,,,,0.2866482208742497,0.03604569114526041,0.2100556012872109,1.0,0.0059685738813028515,0.1499215795335964,0.8441098465851008,1.6187929795597178e-06,252.05315258202262,309.43002170876355,0.000982098341273649,,,0.0901401076784923,48.22310857500472,0.001869230548219246,0.000982098341273649,0.5364230984344961
693168,success,second_step,83361.25204090674,23.155903344696316,1100.0,0.9465368192197635,117.66529703806427,97.56078930756195,160.0792505638004,4.799480336310917e-07,7.01468775679826e-06,0.0051127367424350645,False,SUCCESS,900.0,solver_state,0.0428082790253963,0.0428082790253963,0.14860236475985755,1.0,,,,,,0.5315574575316208,0.008257005371552434,0.008257005371552434,0.007941328039958314,0.00031567733159412,0.0,0.04520617540868408,0.13804434446011768,0.13804434446011768,0.13772866712857315,0.0003156773315445147,0.0,0.25569633272999304,0.5139562869871607,0.516443380268745,0.5613485448991015,0.5623891886150253,,,0.2755160216043293,0.14853826360615544,0.14853826360615544,0.8455571619374214,0.0,0.9090423597991542,0.03507377287416732,0.8739685869249868,8.690298581297922e-06,0.03858321066789076,0.03858321066789076,,,,4.788968814641264e-07,1.0511521669652462e-09,1.0511521669652462e-09,4.788968814641264e-07,4.788968814641264e-07,1.0511521669652462e-09,1.0,3.2214477000522465e-07,,,,,,,,0.28694318861891427,0.036046661898454714,0.21049015732130882,1.0,0.005905458157400588,0.14860236466145343,0.845492177181146,1.617857607210042e-06,252.80871994358466,309.43002170876355,0.0009820988020031204,,,0.09014228639164798,48.22310857500472,0.0018692757280763738,0.0009820988020031204,0.5315574575316208
693168,success,second_step,84261.25204090674,23.405903344696316,1100.0,0.9469687724500314,117.67161003209772,97.5675398724189,160.08366805014683,4.760120711229727e-07,7.010166483764943e-06,0.005166663183533204,False,SUCCESS,900.0,solver_state,0.04348515743440205,0.04348515743440205,0.1472953672256017,1.0,,,,,,0.5267367753914536,0.008117706523630428,0.008117706523630428,0.007807887030990959,0.00030981949263946885,0.0,0.04491352102633811,0.13803618404915038,0.13803618404915038,0.1377263645565605,0.0003098194925898636,0.0,0.2558346855409648,0.5125117062351972,0.514993437100414,0.5600343937187097,0.5610629401358951,,,0.2763319839198603,0.14723187434486593,0.14723187434486593,0.8469259170743966,0.0,0.9090423597991542,0.03473272222230875,0.8743096375768454,8.693689815308319e-06,0.03820803491487754,0.03820803491487754,,,,4.749876727102801e-07,1.0243984126926053e-09,1.0243984126926053e-09,4.749876727102801e-07,4.749876727102801e-07,1.0243984126926053e-09,1.0,3.1664401910376236e-07,,,,,,,,0.28723311891191894,0.036047607935404985,0.21092116451462653,1.0,0.005843097896961908,0.1472953671281306,0.8468615349749076,1.6169314889873126e-06,253.55743280359408,309.43002170876355,0.0009820992572180808,,,0.09014443902670324,48.22310857500472,0.0018693203671533408,0.0009820992572180808,0.5267367753914536
693168,success,second_step,85161.25204090674,23.655903344696316,1100.0,0.9473971833140421,117.67791895729869,97.5742860383336,160.08808289993465,4.7211038214280273e-07,7.005685922069782e-06,0.0052205548681187874,False,SUCCESS,900.0,solver_state,0.04416634144935963,0.04416634144935963,0.14600047809113956,1.0,,,,,,0.5219606698442557,0.007980803414389673,0.007980803414389673,0.007676728186711865,0.00030407522767780814,0.0,0.04462201327156819,0.13802818013555895,0.13802818013555895,0.13772410490793074,0.0003040752276282029,0.0,0.25597066669163404,0.5110723357195595,0.5135486884941804,0.5587219686607545,0.5597385615258141,,,0.2771405451399312,0.14593758795355802,0.14593758795355802,0.8482818237275093,0.0,0.9090423597991542,0.03439540243427806,0.8746469573648761,8.69704395150866e-06,0.03783696333125495,0.03783696333125495,,,,4.711120471752903e-07,9.98334967512436e-10,9.98334967512436e-10,4.711120471752903e-07,4.711120471752903e-07,9.98334967512436e-10,1.0,3.112380265914641e-07,,,,,,,,0.28751809852911236,0.03604852989397641,0.21134865342006579,1.0,0.005781482872093645,0.14600047799459281,0.8482180391333135,1.6160145145147464e-06,254.29935454685256,309.43002170876355,0.0009820997069931842,,,0.09014656593671817,48.22310857500472,0.0018693644727715347,0.0009820997069931842,0.5219606698442557
693168,success,second_step,86061.25204090674,23.905903344696316,1100.0,0.9478220826579706,117.6842238503045,97.58102784531786,160.0924951379636,4.682425917376702e-07,7.001245586367762e-06,0.005274412109153026,False,SUCCESS,900.0,solver_state,0.04485175484483049,0.04485175484483049,0.14471758911655602,1.0,,,,,,0.5172287609841969,0.007846254311109692,0.007846254311109692,0.007547812089758192,0.00029844222135149936,0.0,0.04433166303091965,0.13802032956079277,0.13802032956079277,0.13772188733949087,0.00029844222130189413,0.0,0.2561043172934433,0.5096381324645776,0.5121090922450624,0.5574112754819565,0.5584160568672345,,,0.2779417737538135,0.1446552962296643,0.1446552962296643,0.849625000176281,0.0,0.9090423597991542,0.03406175923966146,0.8749806005594927,8.700361529536307e-06,0.037469936216379555,0.037469936216379555,,,,4.6726964785718704e-07,9.729438804831377e-10,9.729438804831377e-10,4.6726964785718704e-07,4.6726964785718704e-07,9.729438804831377e-10,1.0,3.0592516160086507e-07,,,,,,,,0.2877982127530446,0.03604942839544717,0.21177265426252356,1.0,0.005720603017379934,0.1447175890209249,0.8495618079616951,1.615106574970053e-06,255.03454801792702,309.43002170876355,0.000982100151401898,,,0.09014866746914435,48.22310857500472,0.00186940805213604,0.000982100151401898,0.5172287609841969
693168,success,second_step,86961.25204090674,24.155903344696316,1100.0,0.9482435009905346,117.69052474731576,97.58776533290388,160.09690478873912,4.6440833249472616e-07,6.996844998145006e-06,0.005328235215866117,False,SUCCESS,900.0,solver_state,0.04554132057822705,0.04554132057822705,0.14344659276805144,1.0,,,,,,0.5125406711920308,0.007714018212775947,0.007714018212775947,0.007421100004049259,0.00029291820872668766,0.0,0.044042480796689494,0.13801262923411467,0.13801262923411467,0.1377197110254376,0.0002929182086770824,0.0,0.2562356777422846,0.5082090542981696,0.5106746069289692,0.5561023201094439,0.5570954304292981,,,0.27873573766556503,0.1433848916769285,0.1433848916769285,0.8509555638343085,0.0,0.9090423597991542,0.033731739615613904,0.8753106201835402,8.70364307662343e-06,0.03710689524200684,0.03710689524200684,,,,4.6346012482729445e-07,9.482076674317125e-10,9.482076674317125e-10,4.6346012482729445e-07,4.6346012482729445e-07,9.482076674317125e-10,1.0,3.0070382113367993e-07,,,,,,,,0.2880735453984854,0.036050304044939606,0.21219319694559502,1.0,0.005660448426697615,0.1434465926733274,0.850892958899975,1.6142075630574576e-06,255.7630755244025,309.43002170876355,0.00098210059051653,,,0.09015074396593455,48.22310857500472,0.0018694511123379133,0.00098210059051653,0.5125406711920308
693168,success,second_step,87861.25204090674,24.405903344696316,1100.0,0.9486614684897798,117.69682168410235,97.59449854015102,160.10131187647642,4.6060724419090455e-07,6.992483685597587e-06,0.005382024493809423,False,SUCCESS,900.0,solver_state,0.04623496082926435,0.04623496082926435,0.14218738222404717,1.0,,,,,,0.5078960251546979,0.007584054837152281,0.007584054837152281,0.0072965538630683936,0.00028750097408388766,0.0,0.04375447667306791,0.13800507613101892,0.13800507613101892,0.13771757515698463,0.0002875009740342824,0.0,0.25636478773100757,0.506785059830002,0.5092451918817984,0.5547951086262845,0.5557766866536926,,,0.27952250419760527,0.14212626751148572,0.14212626751148572,0.8522736312462991,0.0,0.9090423597991542,0.03340529173907124,0.8756370680600829,8.70688910807219e-06,0.03674778339972175,0.03674778339972175,,,,4.596831348919463e-07,9.241092989582527e-10,9.241092989582527e-10,4.596831348919463e-07,4.596831348919463e-07,9.241092989582527e-10,1.0,2.9557242958552626e-07,,,,,,,,0.28834417883750574,0.03605115743184029,0.2126103110579396,1.0,0.00560100935011119,0.14218738213022175,0.8522116085196672,1.6133173729806528e-06,256.4849988401627,309.43002170876355,0.0009821010244082454,,,0.09015279576365014,48.22310857500472,0.0018694936603564094,0.0009821010244082454,0.5078960251546979
693168,success,second_step,88761.25204090674,24.655903344696316,1100.0,0.9490760150095516,117.70311469600962,97.6012275056525,160.10571642510445,4.5683897347431747e-07,6.9881611835142225e-06,0.005435780244907651,False,SUCCESS,900.0,solver_state,0.046932597039507445,0.046932597039507445,0.14093985138049478,1.0,,,,,,0.5032944498822044,0.007456324608088831,0.007456324608088831,0.007174136258346478,0.0002821883497423533,0.0,0.04346766038235954,0.13799766729169,0.13799766729169,0.13771547894199726,0.000282188349692748,0.0,0.256491686261702,0.5053661084305822,0.5078208071793927,0.5534896472580046,0.5544598301414102,,,0.28030214009431675,0.1408793176671485,0.1408793176671485,0.8535793180858218,0.0,0.9090423597991542,0.03308236494218257,0.8759599948569716,8.710100127697894e-06,0.03639254495191166,0.03639254495191166,,,,4.559383412855803e-07,9.006321887371679e-10,9.006321887371679e-10,4.559383412855803e-07,4.559383412855803e-07,9.006321887371679e-10,1.0,2.90529438278911e-07,,,,,,,,0.2886101940241327,0.03605198913020936,0.21302402587934233,1.0,0.005542276190844355,0.14093985128755943,0.8535178725215962,1.6124359004166316e-06,257.2003792086947,309.43002170876355,0.0009821014531470919,,,0.09015482319356549,48.22310857500472,0.0018695357030611471,0.0009821014531470919,0.5032944498822044
693168,success,second_step,89661.25204090674,24.905903344696316,1100.0,0.9494871700856785,117.70940381796427,97.60795226754189,160.11011845827005,4.5310317357319744e-07,6.983877033162548e-06,0.005489502767509258,False,SUCCESS,900.0,solver_state,0.04763414995196756,0.04763414995196756,0.13970389485546986,1.0,,,,,,0.4987355747220745,0.007330788643060594,0.007330788643060594,0.007053810428143612,0.00027697821491698123,0.0,0.04318204127126089,0.13799039981950303,0.13799039981950303,0.13771342160463565,0.000276978214867376,0.0,0.2566164116577604,0.503952160211208,0.5064014136182853,0.5521859423599953,0.5531448656403223,,,0.28107471152566865,0.13964393679997927,0.13964393679997927,0.8548727391536985,0.0,0.9090423597991542,0.03276290967060619,0.876279450128548,8.713276628243682e-06,0.036041125385889494,0.036041125385889494,,,,4.5222541339108856e-07,8.777601821088646e-10,8.777601821088646e-10,4.5222541339108856e-07,4.5222541339108856e-07,8.777601821088646e-10,1.0,2.855733250043329e-07,,,,,,,,0.28887167051858376,0.03605279969917922,0.21343437038649934,1.0,0.005484239502325368,0.13970389476341624,0.8548118657342584,1.61156304249032e-06,257.909277346414,309.43002170876355,0.000982101876802022,,,0.09015682658177007,48.22310857500472,0.0018695772472142262,0.000982101876802022,0.4987355747220745
693168,success,second_step,90561.25204090674,25.155903344696316,1100.0,0.9498949629418943,117.71568908448013,97.61467286349954,160.11451799934164,4.4939950402885845e-07,6.979630782178699e-06,0.005543192356435966,False,SUCCESS,900.0,solver_state,0.048339539650702285,0.048339539650702285,0.13847940799312214,1.0,,,,,,0.4942190313716334,0.007207408740932005,0.007207408740932005,0.006935540246325431,0.00027186849460657426,0.0,0.0428976283171736,0.1379832708795627,0.1379832708795627,0.13771140238500573,0.00027186849455696903,0.0,0.25673900157572505,0.5025431760047047,0.5049869726971753,0.550884000405717,0.5518317980334939,,,0.2818402840908596,0.13842002029222036,0.13842002029222036,0.8561540083769672,0.0,0.9090423597991542,0.032446877444362046,0.8765954823547921,8.716419091769788e-06,0.035693471370829115,0.035693471370829115,,,,4.4854402648390284e-07,8.55477544955589e-10,8.55477544955589e-10,4.4854402648390284e-07,4.4854402648390284e-07,8.55477544955589e-10,1.0,2.807025935693546e-07,,,,,,,,0.28912868651108764,0.036053589683343115,0.21384137325855132,1.0,0.005426889985303677,0.13847940790194196,0.8560937021127544,1.6106986977499544e-06,258.6117534460068,309.43002170876355,0.0009821022954409125,,,0.09015880624926784,48.22310857500472,0.0018696182994722879,0.0009821022954409125,0.4942190313716334
693168,success,second_step,90794.97961996266,25.22082767221185,1100.0,0.95,117.71732035889768,97.61641711197991,160.1156599071308,4.4844592833745403e-07,6.978537768732559e-06,0.0055571269211331775,False,SUCCESS,900.0,density_crossing,0.04852370294627455,0.04852370294627455,0.13816436369989973,1.0,,,,,,0.49305699563555877,0.00717591748907172,0.00717591748907172,0.006905350424968631,0.00027056706410308947,0.0,0.042824082510928285,0.1379814547689352,0.1379814547689352,0.1377108877048817,0.00027056706405348424,0.0,0.2567702928788898,0.5021785457481007,0.5046209225610384,0.5505463491230059,0.5514912918267766,,,0.2820373005286395,0.13810512275122142,0.13810512275122142,0.8564836241058477,0.0,0.9090423597991542,0.03236568136029563,0.8766766784388585,8.717226464282629e-06,0.03560415090826634,0.03560415090826634,,,,4.475960884554721e-07,8.498398819818744e-10,8.498398819818744e-10,4.475960884554721e-07,4.475960884554721e-07,8.498398819818744e-10,1.0,2.794594692360655e-07,,,,,,,,0.2891942944487173,0.03605378963203863,0.2139462103679614,1.0,0.00541217254912683,0.13816436360894424,0.8564234638419289,1.6104764146140719e-06,258.7925323101668,309.43002170876355,0.0009821024028750078,,,0.09015931428545651,48.22310857500472,0.0018696288345913144,0.0009821024028750078,0.49305699563555877
693168,success,second_step,91461.25204090674,25.405903344696316,1100.0,0.9502994224955204,117.72197052966398,97.62138933075892,160.11891507141328,4.457276304496663e-07,6.975421984460006e-06,0.005596849303032281,False,SUCCESS,900.0,solver_state,0.049048685600378075,0.049048685600378075,0.13726628686704256,1.0,,,,,,0.4897444538883448,0.007086147369943025,0.007086147369943025,0.006819290211430665,0.00026685715851235977,0.0,0.04261443013453661,0.13797627769728038,0.13797627769728038,0.13770942053881763,0.0002668571584627545,0.0,0.25685949301692357,0.50113911734689,0.5035774465990833,0.5495838279756283,0.5505206323281737,,,0.2825989228219762,0.1372074642556422,0.1372074642556422,0.8574232388083552,0.0,0.9090423597991542,0.032134220820976195,0.876908138978178,8.719527990020014e-06,0.03534953071722202,0.03534953071722202,,,,4.448938614968111e-07,8.337689528551717e-10,8.337689528551717e-10,4.448938614968111e-07,4.448938614968111e-07,8.337689528551717e-10,1.0,2.7591577335550017e-07,,,,,,,,0.28938131884530005,0.03605435961313357,0.21424506288238682,1.0,0.0053702184850354375,0.13726628677672756,0.857363494738237,1.6098427661431568e-06,259.30786717978697,309.43002170876355,0.000982102709130585,,,0.09016076251207451,48.22310857500472,0.0018696588663885338,0.000982102709130585,0.4897444538883448
693168,success,second_step,92361.25204090674,25.655903344696316,1100.0,0.950700577362925,117.72824818722114,97.62810170611283,160.12330969730831,4.420872242834477e-07,6.9712502000606106e-06,0.005650473895214114,False,SUCCESS,900.0,solver_state,0.04976150668575527,0.04976150668575527,0.13606442828310103,1.0,,,,,,0.4853114786984,0.006966967655912299,0.006966967655912299,0.006705025435926578,0.00026194221998572206,0.0,0.042332454981162636,0.13796941755698786,0.13796941755698786,0.13770747533705174,0.0002619422199361168,0.0,0.2569779223388967,0.4997399464587166,0.502172798174139,0.5482854317467742,0.5492113736453994,,,0.28335069218766473,0.13600616553436384,0.13600616553436384,0.8586805426262154,0.0,0.9090423597991542,0.03182489336068886,0.8772174664384653,8.722603784767682e-06,0.035009252338604246,0.035009252338604246,,,,4.412746048029413e-07,8.126194805064443e-10,8.126194805064443e-10,4.412746048029413e-07,4.412746048029413e-07,8.126194805064443e-10,1.0,2.7121141888283694e-07,,,,,,,,0.28962964304132,0.03605511000519115,0.21464546735773396,1.0,0.005314215988535667,0.136064428193643,0.8586213558178213,1.6089951489936617e-06,259.9976777030656,309.43002170876355,0.0009821031179368265,,,0.09016269568131241,48.22310857500472,0.0018696989544146902,0.0009821031179368265,0.4853114786984
693168,success,second_step,93261.25204090674,25.905903344696316,1100.0,0.9510984558647801,117.73452209046101,97.63481002591952,160.12770189958314,4.384779626061471e-07,6.967114995089804e-06,0.005704066417514531,False,SUCCESS,900.0,solver_state,0.05047792125105818,0.05047792125105818,0.13487372978180212,1.0,,,,,,0.48091974460372716,0.006849833370653169,0.006849833370653169,0.006592711635649007,0.0002571217350041627,0.0,0.042051710764566666,0.13796268780058693,0.13796268780058693,0.13770556606563236,0.0002571217349545574,0.0,0.2570943252666234,0.4983456262290466,0.5007729909229613,0.5469888184829726,0.5479040272101721,,,0.2840956560968138,0.13481602170719204,0.13481602170719204,0.8599260311348781,0.0,0.9090423597991542,0.03151884959352914,0.877523510205625,8.72564692814303e-06,0.034672586215336525,0.034672586215336525,,,,4.3768594801472695e-07,7.920145914201697e-10,7.920145914201697e-10,4.3768594801472695e-07,4.3768594801472695e-07,7.920145914201697e-10,1.0,2.665881093821037e-07,,,,,,,,0.28987373331831456,0.0360558413627236,0.2150426145020566,1.0,0.005258873621894942,0.13487372969319303,0.859867396684912,1.6081557489786596e-06,260.6812436575299,309.43002170876355,0.00098210352192441,,,0.09016460606330301,48.22310857500472,0.0018697385699029292,0.00098210352192441,0.48091974460372716
693168,success,second_step,94161.25204090674,26.155903344696316,1100.0,0.9514930860311257,117.74079227230246,97.64151432610863,160.1320917005309,4.348995279248586e-07,6.963015941612959e-06,0.005757627151130595,False,SUCCESS,900.0,solver_state,0.051197847139194605,0.051197847139194605,0.13369408964019974,1.0,,,,,,0.47656889278757025,0.006734708920598308,0.006734708920598308,0.006482315119423755,0.00025239380117455276,0.0,0.04177220504827599,0.13795608582623295,0.13795608582623295,0.13770369202510802,0.00025239380112494753,0.0,0.25720873690354595,0.49695612019801594,0.49937798898059627,0.5456939950255555,0.5465985983421519,,,0.2848338779022457,0.13363693108952052,0.13363693108952052,0.8611598147653794,0.0,0.9090423597991542,0.031216044988085563,0.8778263148110685,8.728657862943737e-06,0.034339483360250125,0.034339483360250125,,,,4.341275877969892e-07,7.719401278693856e-10,7.719401278693856e-10,4.341275877969892e-07,4.341275877969892e-07,7.719401278693856e-10,1.0,2.620444483742466e-07,,,,,,,,0.2901136626167584,0.03605655417585588,0.21543653185526987,1.0,0.005204182647658649,0.13369408955243148,0.8611017277999098,1.6073244701067116e-06,261.3586231746299,309.43002170876355,0.0009821039211571115,,,0.0901664939596575,48.22310857500472,0.0018697777191077458,0.0009821039211571115,0.47656889278757025
693168,success,second_step,95061.25204090674,26.405903344696316,1100.0,0.9518844956062581,117.74705876527936,97.64821464218714,160.13647912218502,4.3135160799363276e-07,6.958952617554881e-06,0.00581115637397156,False,SUCCESS,900.0,solver_state,0.05192120173079118,0.05192120173079118,0.1325254068734068,1.0,,,,,,0.47225856681876843,0.006621559335628961,0.006621559335628961,0.0063738027788661725,0.00024775655676278905,0.0,0.04149394505811297,0.13794960908705248,0.13794960908705248,0.13770185253033929,0.0002477565567131838,0.0,0.2573211917424002,0.49557139254095584,0.4979877571009785,0.5444009682846153,0.545295092446838,,,0.2855654204044139,0.13246879273482523,0.13246879273482523,0.8623820030765347,0.0,0.9090423597991542,0.03091643592182445,0.8781259238773297,8.731637022930062e-06,0.03400989578599527,0.03400989578599527,,,,4.3059922569253964e-07,7.523823010931455e-10,7.523823010931455e-10,4.3059922569253964e-07,4.3059922569253964e-07,7.523823010931455e-10,1.0,2.575790632572306e-07,,,,,,,,0.29034950262029524,0.036057248921970965,0.21582724668428716,1.0,0.005150134462266899,0.1325254067864714,0.8623244587512617,1.606501217696215e-06,262.029873878972,309.43002170876355,0.0009821043156977298,,,0.09016835966736508,48.22310857500472,0.0018698164081877887,0.0009821043156977298,0.47225856681876843
693168,success,second_step,95961.25204090674,26.655903344696316,1100.0,0.9522727120534523,117.75332160154568,97.65491100924517,160.14086418632272,4.27833895640692e-07,6.954924606605527e-06,0.005864654360700605,False,SUCCESS,900.0,solver_state,0.052647901983012044,0.052647901983012044,0.13136758123573272,1.0,,,,,,0.467988412654853,0.006510350258104815,0.006510350258104815,0.0062671420783558095,0.00024320817974900541,0.0,0.04121693768844284,0.13794325508989252,0.13794325508989252,0.13770004691019314,0.00024320817969940016,0.0,0.25743172367585343,0.49419140805283673,0.49660226064188934,0.543109745230721,0.5439935150071988,,,0.28629034585510593,0.1313115064357882,0.1313115064357882,0.8635927047563209,0.0,0.9090423597991542,0.030619979652827208,0.8784223801463269,8.734584833105881e-06,0.033683776473950516,0.033683776473950516,,,,4.2710056795894426e-07,7.333276817477325e-10,7.333276817477325e-10,4.2710056795894426e-07,4.2710056795894426e-07,7.333276817477325e-10,1.0,2.5319060489999387e-07,,,,,,,,0.2905813237772268,0.03605792606604195,0.21621478598741045,1.0,0.005096720593553332,0.13136758114962227,0.8635356982568244,1.6056858983543889e-06,262.695052891716,309.43002170876355,0.0009821047056081055,,,0.09017020347887936,48.22310857500472,0.0018698546432076527,0.0009821047056081055,0.467988412654853
693168,success,second_step,96861.25204090674,26.905903344696316,1100.0,0.9526577625595289,117.75958081288073,97.66160346196166,160.1452469144686,4.243460886058781e-07,6.950931498127887e-06,0.0059181213827808055,False,SUCCESS,900.0,solver_state,0.05337786446813067,0.05337786446813067,0.13022051322147682,1.0,,,,,,0.4637580786440614,0.006401047932090608,0.006401047932090608,0.006162301045183076,0.00023874688690753187,0.0,0.04094118950838043,0.1379370213941021,0.1379370213941021,0.13769827450724417,0.0002387468868579266,0.0,0.257540366006954,0.49281613213320874,0.4952214655503867,0.5418203328870709,0.5426938715757194,,,0.2870087159611487,0.13016497272507793,0.13016497272507793,0.8647920276235487,0.0,0.9090423597991542,0.030326634292833984,0.8787157255063202,8.73750170998672e-06,0.03336107934456918,0.03336107934456918,,,,4.2363132541527863e-07,7.14763190599506e-10,7.14763190599506e-10,4.2363132541527863e-07,4.2363132541527863e-07,7.14763190599506e-10,1.0,2.488777472434153e-07,,,,,,,,0.29080919532163674,0.03605858606095552,0.2165991764985735,1.0,0.005043932698301102,0.13022051313618346,0.8647355541655154,1.6048784199567528e-06,263.35421683397544,309.43002170876355,0.0009821050909491376,,,0.09017202568220264,48.22310857500472,0.0018698924301396266,0.0009821050909491376,0.4637580786440614
693168,success,second_step,97761.25204090674,27.155903344696316,1100.0,0.9530396740392743,117.76583643069428,97.66829203461009,160.149627327898,4.208878893873275e-07,6.946972887068002e-06,0.005971557708518871,False,SUCCESS,900.0,solver_state,0.05411100541182542,0.05411100541182542,0.1290841040654035,1.0,,,,,,0.45956721552636154,0.006293619192775746,0.006293619192775746,0.006059248259864919,0.00023437093291082712,0.0,0.04066670676795,0.13793090561034377,0.13793090561034377,0.13769653467748255,0.00023437093286122188,0.0,0.2576471514593973,0.49144553077161185,0.49384533834868055,0.5405327921930823,0.5413961677668427,,,0.28772059188811566,0.12902909287581268,0.12902909287581268,0.8659800786297932,0.0,0.9090423597991542,0.030036358781495017,0.8790060010176591,8.740388061855783e-06,0.033041759229054314,0.033041759229054314,,,,4.2019121329787387e-07,6.966760894536496e-10,6.966760894536496e-10,4.2019121329787387e-07,4.2019121329787387e-07,6.966760894536496e-10,1.0,2.4463918690816957e-07,,,,,,,,0.29103318529415584,0.03605922934782706,0.21698044469144723,1.0,0.004991762559854418,0.12908410398091946,0.8659241334592263,1.6040786916270717e-06,264.0074218302189,309.43002170876355,0.0009821054717808002,,,0.0901738265609685,48.22310857500472,0.0018699297748654038,0.0009821054717808002,0.45956721552636154
693168,success,second_step,98661.25204090674,27.405903344696316,1100.0,0.9534184731397228,117.77208848603165,97.67497676106386,160.1540054476404,4.174590050965029e-07,6.943048373867003e-06,0.006024963603108002,False,SUCCESS,900.0,solver_state,0.054847240731170824,0.054847240731170824,0.1279582557429218,1.0,,,,,,0.4554154764335681,0.0061880314560831895,0.0061880314560831895,0.005957952846626545,0.00023007860945664443,0.0,0.04039349540419396,0.137924905399435,0.137924905399435,0.13769482679002795,0.00023007860940703917,0.0,0.2577521121876094,0.4900795705334327,0.4924738461204359,0.5392471256339986,0.5401004092497762,,,0.28842603426403435,0.12790376890172844,0.12790376890172844,0.8671569638615669,0.0,0.9090423597991542,0.02974911286174282,0.8792932469374113,8.743244289008854e-06,0.03272577184226669,0.03272577184226669,,,,4.1677995112418973e-07,6.790539723131859e-10,6.790539723131859e-10,4.1677995112418973e-07,4.1677995112418973e-07,6.790539723131859e-10,1.0,2.404736428093433e-07,,,,,,,,0.29125336056237316,0.03605985635630757,0.21735861678341534,1.0,0.004940202085784106,0.12795825565923938,0.8671015422549765,1.603286623717764e-06,264.6547235116724,309.43002170876355,0.0009821058481621634,,,0.09017560639452224,48.22310857500472,0.001869966683177753,0.0009821058481621634,0.4554154764335681
693168,success,second_step,99561.25204090674,27.655903344696316,1100.0,0.9537941862443097,117.77833700957851,97.68165767480185,160.15838129448275,4.1405914732083265e-07,6.939157564375046e-06,0.006078339328669191,False,SUCCESS,900.0,solver_state,0.0555864860722986,0.0555864860722986,0.1268428709699907,1.0,,,,,,0.4513025168886211,0.00608425270846403,0.00608425270846403,0.005858384464046309,0.00022586824441772098,0.0,0.04012156104722628,0.13791901847121837,0.13791901847121837,0.13769315022685025,0.0002258682443681157,0.0,0.25785527978665346,0.4887182185461878,0.4911069564974823,0.5379632895517377,0.5388066017416447,,,0.28912510318309226,0.12678890355707328,0.12678890355707328,0.8683227885427135,0.0,0.9090423597991542,0.02946485705620843,0.8795775027429458,8.746070783988787e-06,0.032413073756781215,0.032413073756781215,,,,4.133972625640699e-07,6.618847567627286e-10,6.618847567627286e-10,4.133972625640699e-07,4.133972625640699e-07,6.618847567627286e-10,1.0,2.3637985577769169e-07,,,,,,,,0.29146978684090163,0.03606046750488265,0.2177337187394271,1.0,0.004889243305605689,0.12684287088710222,0.8682678858072921,1.602502127790721e-06,265.2961770197195,309.43002170876355,0.0009821062201514049,,,0.09017736545799974,48.22310857500472,0.0018700031607821524,0.0009821062201514049,0.4513025168886211
693168,success,second_step,100461.25204090674,27.905903344696316,1100.0,0.9541668394768985,117.78458203166583,97.68833480891375,160.1627548889727,4.10688031993306e-07,6.9353000697671455e-06,0.0061316851442938525,False,SUCCESS,900.0,solver_state,0.0563286568477024,0.0563286568477024,0.1257378532027678,1.0,,,,,,0.4472279948040955,0.005982251496874244,0.005982251496874244,0.005760513295860935,0.00022173820101330883,0.0,0.0398509090262273,0.13791324258345972,0.13791324258345972,0.137691504382496,0.00022173820096370355,0.0,0.2579566853019622,0.4873614424862138,0.4897446376469136,0.5366812911291303,0.537514751000968,,,0.28981785820934103,0.1256844003362463,0.1256844003362463,0.8694776570370054,0.0,0.9090423597991542,0.029183552644613406,0.8798588071545408,8.74886793181031e-06,0.03210362237801689,0.03210362237801689,,,,4.1004287531773443e-07,6.451566755715496e-10,6.451566755715496e-10,4.1004287531773443e-07,4.1004287531773443e-07,6.451566755715496e-10,1.0,2.323565881874146e-07,,,,,,,,0.29168252871110156,0.036061063201163736,0.21810577627573474,1.0,0.004838878368548567,0.12573785312066574,0.8694232685107857,1.60172511659856e-06,265.9318370093,309.43002170876355,0.000982106587805828,,,0.09017910402240442,48.22310857500472,0.0018700392132983848,0.000982106587805828,0.4472279948040955
693168,success,second_step,101361.25204090674,28.155903344696316,1100.0,0.9545364587056924,117.79082358227473,97.69500819610529,160.16712625142185,4.0734537926845584e-07,6.931475506460777e-06,0.006185001306084459,False,SUCCESS,900.0,solver_state,0.057073668273162556,0.057073668273162556,0.12464310663701977,1.0,,,,,,0.4431915704799982,0.005881996918930146,0.005881996918930146,0.005664310041928253,0.0002176868770018928,0.0,0.039581544375377434,0.1379075755407735,0.1379075755407735,0.13768988866382123,0.0002176868769522875,0.0,0.25805635923889825,0.4860092105657472,0.4883868582585599,0.5354011375677221,0.5362248628214455,,,0.290504358380396,0.12459016347319764,0.12459016347319764,0.8706216728509307,0.0,0.9090423597991542,0.028905161642076647,0.8801371981570775,8.751636110175738e-06,0.031797375920372975,0.031797375920372975,,,,4.067165209999452e-07,6.288582685106469e-10,6.288582685106469e-10,4.067165209999452e-07,4.067165209999452e-07,6.288582685106469e-10,1.0,2.2840262359033426e-07,,,,,,,,0.2918916496404702,0.036061643842171746,0.21847481486352072,1.0,0.004789099541374935,0.12464310655569653,0.8705677939029286,1.600955504066265e-06,266.5617576523056,309.43002170876355,0.0009821069511818823,,,0.09018082235468253,48.22310857500472,0.0018700748462621003,0.0009821069511818823,0.4431915704799982
693168,success,second_step,102261.25204090674,28.405903344696316,1100.0,0.9549030695470341,117.79706169104108,97.70167786870347,160.17149540190894,4.0403091340423374e-07,6.927683496035157e-06,0.0062382880671949525,False,SUCCESS,900.0,solver_state,0.05782143540426739,0.05782143540426739,0.12355853620730867,1.0,,,,,,0.43919290660090987,0.0057834586132392,0.0057834586132392,0.005569745909344735,0.00021371270389446514,0.0,0.03931347183972676,0.13790201519357465,0.13790201519357465,0.1376883024897298,0.00021371270384485985,0.0,0.2581543315721475,0.48466149152037674,0.48703358753281806,0.5341228360820065,0.5349369430260318,,,0.29118466221113337,0.12350609794060652,0.12350609794060652,0.8717549386366532,0.0,0.9090423597991542,0.02862964677828131,0.8804127130208729,8.754375689682129e-06,0.03149429338431138,0.03149429338431138,,,,4.0341793502985513e-07,6.129783743786088e-10,6.129783743786088e-10,4.0341793502985513e-07,4.0341793502985513e-07,6.129783743786088e-10,1.0,2.2451676635635983e-07,,,,,,,,0.2920972120017015,0.03606220981461341,0.21884085973242068,1.0,0.004739899206247107,0.12355853612675684,0.8717015646669961,1.6001932052732058e-06,267.18599264097077,309.43002170876355,0.0009821073103351702,,,0.09018252071779681,48.22310857500472,0.0018701100651263435,0.0009821073103351702,0.43919290660090987
693168,success,second_step,103161.25204090674,28.655903344696316,1100.0,0.9552666973690979,117.80329638726018,97.70834385866165,160.1758623602829,4.007443626493377e-07,6.923923665152244e-06,0.006291545677869159,False,SUCCESS,900.0,solver_state,0.05857187317250943,0.05857187317250943,0.12248404758596973,1.0,,,,,,0.43523166823251713,0.00568660674990288,0.00568660674990288,0.0054767926037151285,0.00020981414618775071,0.0,0.03904669588099928,0.1378965594370558,0.1378965594370558,0.13768674529091768,0.00020981414613814548,0.0,0.2582506317549469,0.4833182545968548,0.4856847951688269,0.5328463938939378,0.533650997461287,,,0.2918588276973794,0.12243210944884968,0.12243210944884968,0.872877556195135,0.0,0.9090423597991542,0.028356971477452413,0.8806853883217017,8.757087034020356e-06,0.031194334534330903,0.031194334534330903,,,,4.0014685652610653e-07,5.975061232311706e-10,5.975061232311706e-10,4.0014685652610653e-07,4.0014685652610653e-07,5.975061232311706e-10,1.0,2.206978413201248e-07,,,,,,,,0.2922992770914222,0.03606276149515035,0.21920393587394754,1.0,0.004691269858641989,0.12248404750618187,0.872824682635176,1.5994381364355362e-06,267.8045951912594,309.43002170876355,0.0009821076653204704,,,0.09018419937079848,48.22310857500472,0.001870144875263045,0.0009821076653204704,0.43523166823251713
693168,success,second_step,104061.25204090674,28.905903344696316,1100.0,0.9556273672954823,117.8095276998914,97.71500619756462,160.18022714616606,3.974854591356089e-07,6.9201956454792746e-06,0.006344774385482532,False,SUCCESS,900.0,solver_state,0.059324896420935094,0.059324896420935094,0.12141954718189274,1.0,,,,,,0.43130752281758206,0.005591412021188348,0.005591412021188348,0.00538542232057155,0.00020598970061679826,0.0,0.0387812206833294,0.13789120621019008,0.13789120621019008,0.13768521650962287,0.000205989700567193,0.0,0.25834528872815055,0.4819794695412531,0.4843404513529725,0.5315718182277085,0.5323670319919882,,,0.2925269123195956,0.12136810444477504,0.12136810444477504,0.8739896264794074,0.0,0.9090423597991542,0.028087099839100422,0.8809552599600537,8.759770500166611e-06,0.030897459877783966,0.030897459877783966,,,,3.9690302820679943e-07,5.824309288094814e-10,5.824309288094814e-10,3.9690302820679943e-07,3.9690302820679943e-07,5.824309288094814e-10,1.0,2.1694469343368628e-07,,,,,,,,0.29249790514861035,0.036063299250661256,0.21956406804482104,1.0,0.004643204105311471,0.12141954710286157,0.873937248791827,1.5986902148889398e-06,268.41761804624537,309.43002170876355,0.0009821080161917474,,,0.09018585856889752,48.22310857500472,0.0018701792819644807,0.0009821080161917474,0.43130752281758206
693168,success,second_step,104961.25204090674,29.155903344696316,1100.0,0.9559851042087043,117.81575565756265,97.7216649166335,160.18458977895702,3.9425393877515137e-07,6.916499073612878e-06,0.006397974434577902,False,SUCCESS,900.0,solver_state,0.060080419939328285,0.060080419939328285,0.12036494213911972,1.0,,,,,,0.42742014017139,0.005497845632365826,0.005497845632365826,0.005295607736939451,0.00020223789542637473,0.0,0.03851705015892987,0.1378859534947574,0.1378859534947574,0.13768371559938064,0.00020223789537676944,0.0,0.25843833092913715,0.48064510658744924,0.48300052674771304,0.5302991163047769,0.531085052495991,,,0.29318897304655533,0.12031399011029126,0.12031399011029126,0.8750912495979811,0.0,0.9090423597991542,0.027819996619489883,0.8812223631796643,8.762426438566649e-06,0.030603630644491082,0.030603630644491082,,,,3.936861962939892e-07,5.677424811621904e-10,5.677424811621904e-10,3.936861962939892e-07,3.936861962939892e-07,5.677424811621904e-10,1.0,2.1325618742517724e-07,,,,,,,,0.2926931553727007,0.036063823438497185,0.21992128077020714,1.0,0.004595694662287557,0.12036494206083795,0.8750393632768745,1.5979493590717223e-06,269.0251134794865,309.43002170876355,0.0009821083630021702,,,0.09018749856353175,48.22310857500472,0.001870213290444703,0.0009821083630021702,0.42742014017139
693168,success,second_step,105861.25204090674,29.405903344696316,1100.0,0.956339932753602,117.82198028857476,97.72832004673064,160.1889502778337,3.9104954116186855e-07,6.912833591004657e-06,0.006451146066905444,False,SUCCESS,900.0,solver_state,0.06083835849890834,0.06083835849890834,0.11932014033526969,1.0,,,,,,0.4235691924767136,0.005405879292708514,0.005405879292708514,0.005207322003047895,0.00019855728966061941,0.0,0.03825418795368955,0.13788079931439545,0.13788079931439545,0.13768224202478443,0.00019855728961101413,0.0,0.2585297863005614,0.47931513644593315,0.48166499248071093,0.5290282953391334,0.5298050648593247,,,0.29384506633901347,0.11926967436078552,0.11926967436078552,0.8761825248183855,0.0,0.9090423597991542,0.027555627213795793,0.8814867325853584,8.76505519331323e-06,0.030312808767111794,0.030312808767111794,,,,3.90496110422412e-07,5.534307394565817e-10,5.534307394565817e-10,3.90496110422412e-07,3.90496110422412e-07,5.534307394565817e-10,1.0,2.0963120746330454e-07,,,,,,,,0.2928850859413833,0.03606433440673023,0.22027559834687171,1.0,0.004548734352931079,0.11932014025773015,0.8761311253893388,1.5972154885082325e-06,269.6271332983915,309.43002170876355,0.0009821087058041224,,,0.09018911960243403,48.22310857500472,0.0018702469058409347,0.0009821087058041224,0.4235691924767136
693168,success,second_step,106761.25204090674,29.655903344696316,1100.0,0.9566918773406476,117.82820162090592,97.73497161836445,160.1933086617563,3.878720094771396e-07,6.909198843888213e-06,0.006504289521457762,False,SUCCESS,900.0,solver_state,0.06159862688652501,0.06159862688652501,0.11828505037980158,1.0,,,,,,0.41975435427832636,0.005315485206652103,0.005315485206652103,0.0051205387341816695,0.00019494647247043359,0.0,0.03799263745270028,0.1378757417336724,0.1378757417336724,0.13768079526125157,0.0001949464724208283,0.0,0.2586196822989523,0.4779895302929206,0.48033382013426085,0.527759362532794,0.5285270749715145,,,0.29449524815336714,0.11823506584337914,0.11823506584337914,0.8772635505708253,0.0,0.9090423597991542,0.027293957638913298,0.8817484021602409,8.767657102317043e-06,0.030024956862234324,0.030024956862234324,,,,3.8733252355216554e-07,5.394859249740829e-10,5.394859249740829e-10,3.8733252355216554e-07,3.8733252355216554e-07,5.394859249740829e-10,1.0,2.0606865682758797e-07,,,,,,,,0.2930737540281003,0.036064832494395745,0.2206270448462519,1.0,0.004502316106022915,0.11828505030299709,0.87721263359098,1.5964885237926063e-06,270.2237288475794,309.43002170876355,0.0009821090446492185,,,0.09019072192969813,48.22310857500472,0.0018702801332149354,0.0009821090446492185,0.41975435427832636
693168,success,second_step,107661.25204090674,29.905903344696316,1100.0,0.957040962149177,117.83441968221592,97.7416196616941,160.19766494947024,3.8472109039938694e-07,6.9055944832075874e-06,0.0065574050345094115,False,SUCCESS,900.0,solver_state,0.06236113993833242,0.06236113993833242,0.11725958161212394,1.0,,,,,,0.4159753024771009,0.005226636065110854,0.005226636065110854,0.005035232002672755,0.00019140406243809934,0.0,0.037732401785712105,0.13787077885718296,0.13787077885718296,0.13767937479479447,0.00019140406238849406,0.0,0.2587080459031611,0.4766682597597636,0.47900698173500483,0.526492325071507,0.5272510887211189,,,0.2951395739453072,0.11721007393503102,0.11721007393503102,0.8783344244519496,0.0,0.9090423597991542,0.027034954516888976,0.8820074052822652,8.770232497471461e-06,0.029740038212149034,0.029740038212149034,,,,3.8419519188510135e-07,5.258985142855822e-10,5.258985142855822e-10,3.8419519188510135e-07,3.8419519188510135e-07,5.258985142855822e-10,1.0,2.0256745758423725e-07,,,,,,,,0.29325921581924513,0.03606531803172822,0.22097564411744886,1.0,0.00445643295389661,0.11725958153604742,0.8782839855100559,1.5957683865728229e-06,270.8149510122297,309.43002170876355,0.000982109379588318,,,0.09019230578584334,48.22310857500472,0.0018703129775543405,0.000982109379588318,0.4159753024771009
693168,success,second_step,108561.25204090674,30.155903344696316,1100.0,0.9573872111305365,117.8406344998505,97.74826420653416,160.20201915950884,3.8159653401730716e-07,6.902020164547024e-06,0.00661049283965065,False,SUCCESS,900.0,solver_state,0.06312581257292672,0.06312581257292672,0.11624364409956167,1.0,,,,,,0.4122317163237196,0.005139305036947397,0.005139305036947397,0.004951376330028758,0.00018792870691863866,0.0,0.037473483832516113,0.13786590882866592,0.13786590882866592,0.13767798012179688,0.0001879287068690334,0.0,0.25879490362266167,0.47535129692264855,0.47768444974392305,0.5252271901206679,0.52597711199147,,,0.2957780986734603,0.11619460874049793,0.11619460874049793,0.8793952432287236,0.0,0.9090423597991542,0.026778585058944107,0.88226377474021,8.7727817048114e-06,0.029458016747273063,0.029458016747273063,,,,3.810838747847051e-07,5.126592326020906e-10,5.126592326020906e-10,3.810838747847051e-07,3.810838747847051e-07,5.126592326020906e-10,1.0,1.9912655026756632e-07,,,,,,,,0.2934415265310709,0.036065791340391076,0.2213214197901454,1.0,0.004411078030611368,0.1162436440242061,0.8793452779451825,1.5950549995350581e-06,271.4008502214243,309.43002170876355,0.0009821097106715384,,,0.09019387140787741,48.22310857500472,0.001870345443773967,0.0009821097106715384,0.4122317163237196
693168,success,second_step,109461.25204090674,30.405903344696316,1100.0,0.957730648011152,117.84684610084534,97.75490528235927,160.20637131019632,3.784980937465598e-07,6.898475548062047e-06,0.006663553167824077,False,SUCCESS,900.0,solver_state,0.0638925598239314,0.0638925598239314,0.11523714863518753,1.0,,,,,,0.4085232774120253,0.005053465760593375,0.005053465760593375,0.004868946679195935,0.00018451908139744031,0.0,0.03721588622825456,0.1378611298301424,0.1378611298301424,0.13767661074879456,0.00018451908134783506,0.0,0.25888028150570636,0.47403861429256905,0.47636619704659233,0.5239639648214276,0.5247051506566112,,,0.2964108768030205,0.11518858109016021,0.11518858109016021,0.880446102842394,0.0,0.9090423597991542,0.026524817050062717,0.8825175427490914,8.775305044666579e-06,0.029178857029196273,0.029178857029196273,,,,3.779983346992634e-07,4.997590472963834e-10,4.997590472963834e-10,3.779983346992634e-07,3.779983346992634e-07,4.997590472963834e-10,1.0,1.9574489356684537e-07,,,,,,,,0.29362074042631175,0.03606625273370042,0.22166439527745166,1.0,0.004366244570164431,0.115237148560546,0.8803966068692897,1.5943482863883256e-06,271.98147645148015,309.43002170876355,0.0009821100379482656,,,0.09019541902935824,48.22310857500472,0.0018703775367170925,0.0009821100379482656,0.4085232774120253
693168,success,second_step,110361.25204090674,30.655903344696316,1100.0,0.958071296295524,117.8530545119304,97.7615429183086,160.2107214196504,3.754255262497227e-07,6.894960298411835e-06,0.006716586247360823,False,SUCCESS,900.0,solver_state,0.06466129687201624,0.06466129687201624,0.11424000673552648,1.0,,,,,,0.40484966967203984,0.004969092335818184,0.004969092335818184,0.004787918446954486,0.0001811738888636974,0.0,0.036959611368657844,0.13785644008107548,0.13785644008107548,0.1376752661922614,0.00018117388881409214,0.0,0.25896420514733903,0.4727301848055687,0.4750521969437025,0.5227026562869899,0.5234352105774217,,,0.29703796230936974,0.11419190253772046,0.11419190253772046,0.8814870984125436,0.0,0.9090423597991542,0.02627361883411853,0.8827687409650357,8.777802831809393e-06,0.028902524234320038,0.028902524234320038,,,,3.7493833708813134e-07,4.871891615913607e-10,4.871891615913607e-10,3.7493833708813134e-07,3.7493833708813134e-07,4.871891615913607e-10,1.0,1.9242146401849466e-07,,,,,,,,0.2937969108305219,0.036066702516842984,0.22200459377868098,1.0,0.0043219259047418395,0.11424000666159205,0.8814380674336662,1.5936481718494138e-06,272.55687922927103,309.43002170876355,0.0009821103614671709,,,0.09019694888045443,48.22310857500472,0.0018704092611567108,0.0009821103614671709,0.40484966967203984
693168,success,second_step,111261.25204090674,30.905903344696316,1100.0,0.9584091792691487,117.85925975953378,97.76817714319031,160.21506950578518,3.723785913593407e-07,6.891474084692797e-06,0.006769592304012972,False,SUCCESS,900.0,solver_state,0.06543193907633621,0.06543193907633621,0.11325213063814035,1.0,,,,,,0.4012105793626724,0.0048861593156430475,0.0048861593156430475,0.004708267456443833,0.00017789185919921433,0.0,0.036704661415208235,0.1378518378375493,0.1378518378375493,0.13767394597839971,0.0001778918591496091,0.0,0.2590466996972687,0.471425981813241,0.4737424231418233,0.5214432715990859,0.5221672975979197,,,0.2976594086816876,0.11320448535778302,0.11320448535778302,0.8825183242412289,0.0,0.9090423597991542,0.026024959299517016,0.8830174004996372,8.780275375597697e-06,0.02862898413806264,0.02862898413806264,,,,3.719036503509297e-07,4.749410084109613e-10,4.749410084109613e-10,3.719036503509297e-07,3.719036503509297e-07,4.749410084109613e-10,1.0,1.891552557035232e-07,,,,,,,,0.2939700901481386,0.036067140987088415,0.2223420382820603,1.0,0.004278115463006638,0.11325213056490618,0.8824697539720872,1.5929545816280823e-06,273.1271076355398,309.43002170876355,0.0009821106812762208,,,0.09019846118800418,48.22310857500472,0.0018704406217967533,0.0009821106812762208,0.4012105793626724
693168,success,second_step,112161.25204090674,31.155903344696316,1100.0,0.9587443200013721,117.86546186978583,97.77480798548594,160.21941558631372,3.693570520039055e-07,6.888016580373362e-06,0.006822571560989754,False,SUCCESS,900.0,solver_state,0.06620440200537775,0.06620440200537775,0.11227343329909986,1.0,,,,,,0.3976056950641402,0.004804641698397799,0.004804641698397799,0.004629969949815644,0.00017467174858215532,0.0,0.03645103830023007,0.13784732139146796,0.13784732139146796,0.1376726496429354,0.00017467174853255007,0.0,0.2591277898676064,0.4701259790734805,0.47243684974441297,0.5201858178046186,0.5209014175417371,,,0.2982752689265489,0.1122262425433209,0.1122262425433209,0.8835398738171909,0.0,0.9090423597991542,0.025778807865329944,0.8832635519338242,8.782722980112667e-06,0.02835820309960646,0.02835820309960646,,,,3.6889404575951594e-07,4.630062443895613e-10,4.630062443895613e-10,3.6889404575951594e-07,3.6889404575951594e-07,4.630062443895613e-10,1.0,1.8594527995012048e-07,,,,,,,,0.2941403298782717,0.036067568433995986,0.22267675156737615,1.0,0.004234806768423605,0.11227343322655922,0.8834917600050172,1.5922674424125326e-06,273.6922103081994,309.43002170876355,0.0009821109974226896,,,0.09019995617557319,48.22310857500472,0.00187047162327329,0.0009821109974226896,0.3976056950641402
693168,success,second_step,113061.25204090674,31.405903344696316,1100.0,0.9590767413481757,117.87166086852304,97.78143547335476,160.22375967875075,3.663606741366176e-07,6.884587463229916e-06,0.006875524238989517,False,SUCCESS,900.0,solver_state,0.06697860146720064,0.06697860146720064,0.11130382839035062,1.0,,,,,,0.3940347076701236,0.004724514919917738,0.004724514919917738,0.0045530025810124174,0.00017151233890532112,0.0,0.036198743731906624,0.13784288906977316,0.13784288906977316,0.13767137673091745,0.00017151233885571586,0.0,0.25920749994046643,0.4688301507414761,0.47113545124306117,0.5189303019124732,0.5196375762087583,,,0.29888559557150857,0.11125708780303702,0.11125708780303702,0.8845518398201381,0.0,0.9090423597991542,0.025535134467901226,0.8835072253312529,8.785145944291992e-06,0.028090148047163626,0.028090148047163626,,,,3.659092973925817e-07,4.513767440358836e-10,4.513767440358836e-10,3.659092973925817e-07,3.659092973925817e-07,4.513767440358836e-10,1.0,1.8279056504130879e-07,,,,,,,,0.29430768063022683,0.03606798513961594,0.2230087562085597,1.0,0.0041919934376196104,0.11130382831849678,0.8845041782438836,1.5915866818551342e-06,274.25223544562306,309.43002170876355,0.0009821113099531711,,,0.09020143406351132,48.22310857500472,0.0018705022701557038,0.0009821113099531711,0.3940347076701236
693168,success,second_step,113961.25204090674,31.655903344696316,1100.0,0.9594064659548986,117.8778567812919,97.78805963463802,160.22810180041523,3.6338922666679013e-07,6.881186415283911e-06,0.006928450556234367,False,SUCCESS,900.0,solver_state,0.06775445353906397,0.06775445353906397,0.1103432302969791,1.0,,,,,,0.3904973103796742,0.004645754845877986,0.004645754845877986,0.004477342408669432,0.0001684124372085542,0.0,0.03594777919922342,0.13783853923368075,0.13783853923368075,0.1376701267965218,0.00016841243715894893,0.0,0.2592858537754366,0.46753847136093923,0.46983820250895836,0.5176767308904805,0.5183757793719158,,,0.29949044066867575,0.11029693555862578,0.11029693555862578,0.8855543141250938,0.0,0.9090423597991542,0.025293909547904055,0.8837484502512502,8.787544562058565e-06,0.02782478646373811,0.02782478646373811,,,,3.629491820727426e-07,4.4004459404753984e-10,4.4004459404753984e-10,3.629491820727426e-07,3.629491820727426e-07,4.4004459404753984e-10,1.0,1.7969015592756627e-07,,,,,,,,0.29447219213876397,0.03606839137868557,0.22333807457621302,1.0,0.004149669178778734,0.11034323022580537,0.8855071005954158,1.5909122285584084e-06,274.80723080992243,309.43002170876355,0.0009821116189135928,,,0.09020289506900789,48.22310857500472,0.0018705325669478381,0.0009821116189135928,0.3904973103796742
693168,success,second_step,114861.25204090674,31.905903344696316,1100.0,0.9597335162588987,117.88404963335276,97.79468049686311,160.23244196843294,3.6044248139376636e-07,6.877813122740003e-06,0.0069813507285010346,False,SUCCESS,900.0,solver_state,0.06853187459642705,0.06853187459642705,0.10939155411438455,1.0,,,,,,0.3869931986888934,0.004568337764262864,0.004568337764262864,0.00440296688913798,0.00016537087512488442,0.0,0.03569814597683843,0.13783427027793496,0.13783427027793496,0.13766889940285967,0.00016537087507527914,0.0,0.25936287481691706,0.46625091585555856,0.46854507878458607,0.5164251116625311,0.517116032774137,,,0.30008985579827285,0.1093457009419407,0.1093457009419407,0.8865473878068023,0.0,0.9090423597991542,0.025055104037830456,0.8839872557613238,8.789919122444885e-06,0.02756208637336349,0.02756208637336349,,,,3.6001347930599396e-07,4.290020877724137e-10,4.290020877724137e-10,3.6001347930599396e-07,3.6001347930599396e-07,4.290020877724137e-10,1.0,1.7664311394433315e-07,,,,,,,,0.2946339132790988,0.03606878741882021,0.22366472884007849,1.0,0.004107827790071286,0.10939155404388438,0.8865006181660442,1.590244012061243e-06,275.35724373021463,309.43002170876355,0.0009821119243492227,,,0.09020433940614597,48.22310857500472,0.001870562518089122,0.0009821119243492227,0.3869931986888934
693168,success,second_step,115761.25204090674,32.15590334469631,1100.0,0.960057914492153,117.89023944968359,97.80129808724777,160.23678019973903,3.575202129432273e-07,6.8744672759253394e-06,0.007034224969155067,False,SUCCESS,900.0,solver_state,0.06931078134131498,0.06931078134131498,0.10844871564536247,1.0,,,,,,0.3835220703823994,0.004492240377967821,0.004492240377967821,0.004329853869627781,0.00016238650834004,0.0,0.03544984512987908,0.13783008063008026,0.13783008063008026,0.13766769412178984,0.00016238650829043469,0.0,0.2594385861013331,0.4649674595206763,0.4672560556756192,0.5151754511058336,0.5158583421254345,,,0.30068389207218277,0.10840329979207398,0.10840329979207398,0.8875311511441913,0.0,0.9090423597991542,0.024818689349895375,0.8842236704492588,8.792269909713323e-06,0.02730201632779673,0.02730201632779673,,,,3.5710197122341414e-07,4.1824171981318757e-10,4.1824171981318757e-10,3.5710197122341414e-07,3.5710197122341414e-07,4.1824171981318757e-10,1.0,1.7364851653431388e-07,,,,,,,,0.2947928920816487,0.03606917352069921,0.22398874097145388,1.0,0.004066463158115921,0.10844871557552932,0.8874848212663548,1.5895819628253627e-06,275.90232110587624,309.43002170876355,0.0009821122263046858,,,0.09020576728595546,48.22310857500472,0.0018705921279556711,0.0009821122263046858,0.3835220703823994
693168,success,second_step,116661.25204090674,32.40590334469631,1100.0,0.960379682683802,117.89642625498365,97.80791243270409,160.2411165110805,3.5462219870577693e-07,6.8711485692298285e-06,0.007087073489180584,False,SUCCESS,900.0,solver_state,0.0700910908300407,0.0700910908300407,0.10751463139710468,1.0,,,,,,0.38008362552459807,0.0044174397975314745,0.0044174397975314745,0.004257981581466513,0.0001594582160649612,0.0,0.03520287751866652,0.1378259687497505,0.1378259687497505,0.13766651053373516,0.00015945821601535596,0.0,0.2595130102642216,0.463688078015177,0.46597110914303536,0.5139277560483075,0.5146027131001359,,,0.3012726001374821,0.10746964865235242,0.10746964865235242,0.8885056936248845,0.0,0.9090423597991542,0.02458463736433831,0.8844577224348158,8.794597203472466e-06,0.027044545393649304,0.027044545393649304,,,,3.5421444252500554e-07,4.077561807714011e-10,4.077561807714011e-10,3.5421444252500554e-07,3.5421444252500554e-07,4.077561807714011e-10,1.0,1.7070545697449103e-07,,,,,,,,0.29494917574652957,0.03606954993824704,0.22431013274555497,1.0,0.004025569256474045,0.10751463132793206,0.8884597994155938,1.5889260122220135e-06,276.4425094097858,309.43002170876355,0.000982112524823971,,,0.09020717891646504,48.22310857500472,0.001870621400861365,0.000982112524823971,0.38008362552459807
693168,success,second_step,117561.25204090674,32.65590334469631,1100.0,0.9606988426626372,117.90261007367722,97.81452355984261,160.24545091901862,3.5174821877769833e-07,6.867856701047444e-06,0.0071398964972133605,False,SUCCESS,900.0,solver_state,0.0708727205002761,0.0708727205002761,0.10658921857812098,1.0,,,,,,0.37667756645077227,0.004343913533995466,0.004343913533995466,0.004187328633474503,0.00015658490052096393,0.0,0.03495724380336732,0.13782193312797444,0.13782193312797444,0.1376653482275031,0.00015658490047135867,0.0,0.25958616954719493,0.4624127473535834,0.4646902154954249,0.5126820332661098,0.5133491513342459,,,0.30185603017996043,0.10654466476725603,0.10654466476725603,0.8894711039497609,0.0,0.9090423597991542,0.024352920418106494,0.8846894393810476,8.796901278789619e-06,0.026789643139938035,0.026789643139938035,,,,3.513506804255708e-07,3.975383521275171e-10,3.975383521275171e-10,3.513506804255708e-07,3.513506804255708e-07,3.975383521275171e-10,1.0,1.6781304410776755e-07,,,,,,,,0.29510281065780664,0.03606991691880974,0.22462892574382748,1.0,0.003985140144175716,0.10658921850960246,0.8894256413462218,1.5882760925188841e-06,276.9778546915531,309.43002170876355,0.000982112819950443,,,0.09020857450275307,48.22310857500472,0.0018706503410589027,0.000982112819950443,0.37667756645077227
693168,success,second_step,118461.25204090674,32.90590334469631,1100.0,0.9610154160595371,117.90879092991706,97.8211314949762,160.2497834399314,3.488980559037786e-07,6.8645913737185315e-06,0.0071926941995692495,False,SUCCESS,900.0,solver_state,0.07165558819746458,0.07165558819746458,0.10567239509508697,1.0,,,,,,0.3733035977580033,0.004271639491889746,0.004271639491889746,0.004117874005452533,0.0001537654864372125,0.0,0.03471294444857312,0.1378179722864976,0.1378179722864976,0.13766420680011,0.00015376548638760726,0.0,0.2596580858047838,0.46114144389835343,0.4634133513814943,0.5114382894812862,0.5120976624229359,,,0.30243423192762614,0.10562826607926193,0.10562826607926193,0.890427470037557,0.0,0.9090423597991542,0.02412351129390424,0.8849188485052499,8.799182406299712e-06,0.026537279626038707,0.026537279626038707,,,,3.4851047460252504e-07,3.8758130125355186e-10,3.8758130125355186e-10,3.4851047460252504e-07,3.4851047460252504e-07,3.8758130125355186e-10,1.0,1.6497040207915563e-07,,,,,,,,0.29525384239750363,0.036070274703326646,0.2249451413562105,1.0,0.003945169964276305,0.10567239502721619,0.8903824350085074,1.587632136867243e-06,277.50840258073526,309.43002170876355,0.0009821131117268554,,,0.0902099542469974,48.22310857500472,0.0018706789527408348,0.0009821131117268554,0.3733035977580033
693168,success,second_step,119361.25204090674,33.15590334469631,1100.0,0.9613294243098506,117.91496884758817,97.82773626412403,160.2541140900161,3.4607149542210934e-07,6.861352293473044e-06,0.007245466800277267,False,SUCCESS,900.0,solver_state,0.07243961220056942,0.07243961220056942,0.10476407954962261,1.0,,,,,,0.36996142629593776,0.0042005959623410685,0.0042005959623410685,0.004049597041780897,0.00015099892056017145,0.0,0.034469979727808395,0.13781408477711987,0.13781408477711987,0.1376630858566093,0.0001509989205105662,0.0,0.2597287805111613,0.45987414435237167,0.46214049378275945,0.5101965313595435,0.5108482519181563,,,0.3030072546541968,0.10472037122562022,0.10472037122562022,0.8913748790295075,0.0,0.9090423597991542,0.023896383209594065,0.8851459765895601,8.801440852310682e-06,0.02628742539002669,0.02628742539002669,,,,3.456936171455544e-07,3.778782765549159e-10,3.778782765549159e-10,3.456936171455544e-07,3.456936171455544e-07,3.778782765549159e-10,1.0,1.6217667007643242e-07,,,,,,,,0.29540231575937487,0.03607062352649778,0.22525880078335275,1.0,0.003905652942443163,0.10476407948239326,0.8913302675751636,1.5869940792892866e-06,278.0341982900407,309.43002170876355,0.0009821134001953558,,,0.09021131834852422,48.22310857500472,0.0018707072400405782,0.0009821134001953558,0.36996142629593776
693168,success,second_step,120261.25204090674,33.40590334469631,1100.0,0.9616408886557304,117.9211438503111,97.8343378930153,160.25844288529123,3.4326832521077233e-07,6.858139170374743e-06,0.007298214501107347,False,SUCCESS,900.0,solver_state,0.07322471124715224,0.07322471124715224,0.10386419123500548,1.0,,,,,,0.36665076115741135,0.004130761616302454,0.004130761616302454,0.003982477445127738,0.00014828417117471545,0.0,0.03422834972796711,0.13781026918104883,0.13781026918104883,0.13766198500992372,0.00014828417112511017,0.0,0.259798274766751,0.4586108257516297,0.4608716200064206,0.5089567655081378,0.5096009253263666,,,0.30357514718257633,0.10382089953506386,0.10382089953506386,0.8923134172940234,0.0,0.9090423597991542,0.023671509807935594,0.8853708499912185,8.803676878905504e-06,0.026040051437389154,0.026040051437389154,,,,3.4289990250803416e-07,3.68422702738184e-10,3.68422702738184e-10,3.4289990250803416e-07,3.4289990250803416e-07,3.68422702738184e-10,1.0,1.594310020751839e-07,,,,,,,,0.2955482747624436,0.03607096361694668,0.22556992503878376,1.0,0.0038665833855715762,0.10386419116841134,0.8922692254460171,1.5863618546656998e-06,278.5552866185186,309.43002170876355,0.000982113685397501,,,0.09021266700385573,48.22310857500472,0.001870735207033403,0.000982113685397501,0.36665076115741135
693168,success,second_step,121161.25204090674,33.65590334469631,1100.0,0.9619498301484202,117.92731596144554,97.84093640709325,160.26276984159935,3.404883356363264e-07,6.8549517182663216e-06,0.007350937501600985,False,SUCCESS,900.0,solver_state,0.07401080455777698,0.07401080455777698,0.10297265013282288,1.0,,,,,,0.36337131366894115,0.004062115497901437,0.004062115497901437,0.0039164952702648494,0.00014562022763658727,0.0,0.03398805435367844,0.13780652410826755,0.13780652410826755,0.13766090388068056,0.00014562022758698198,0.0,0.2598665893047195,0.45735146545808947,0.459606707678416,0.5077189984738741,0.5083556881063775,,,0.3041379578883163,0.10292977102445795,0.10292977102445795,0.893243170431399,0.0,0.9090423597991542,0.023448865146649265,0.8855934946525049,8.805890744040999e-06,0.025795129230094523,0.025795129230094523,,,,3.401291274601248e-07,3.5920817620159955e-10,3.5920817620159955e-10,3.401291274601248e-07,3.401291274601248e-07,3.5920817620159955e-10,1.0,1.5673256658815982e-07,,,,,,,,0.2956917626643113,0.036071295197379144,0.225878534951041,1.0,0.003827955680429317,0.10297265006685773,0.8931993942527129,1.5857353987234193e-06,279.07171195473563,309.43002170876355,0.000982113967374265,,,0.090214000406757,48.22310857500472,0.0018707628577374052,0.000982113967374265,0.36337131366894115
693168,success,second_step,122061.25204090674,33.90590334469631,1100.0,0.9622562696504928,117.9334852040936,97.84753183151868,160.26709497460897,3.3773131950401575e-07,6.851789654715376e-06,0.007403635999099434,False,SUCCESS,900.0,solver_state,0.07479781185973525,0.07479781185973525,0.10208937690956621,1.0,,,,,,0.36012279738109615,0.003994637017904966,0.003994637017904966,0.0038516309179890637,0.0001430060999159025,0.0,0.03374909333160221,0.13780284819691727,0.13780284819691727,0.13765984209705096,0.00014300609986629724,0.0,0.2599337444973574,0.45609604115272573,0.45834573473664714,0.5064832367412124,0.5071125456673032,,,0.30469573470306327,0.1020469063953917,0.1020469063953917,0.8941642232785525,0.0,0.9090423597991542,0.023228423688792178,0.885813936110362,8.80808270164352e-06,0.02555263067600537,0.02555263067600537,,,,3.3738109104347053e-07,3.5022846054519294e-10,3.5022846054519294e-10,3.3738109104347053e-07,3.3738109104347053e-07,3.5022846054519294e-10,1.0,1.540805464188646e-07,,,,,,,,0.29583282197424066,0.03607161848473772,0.22618465116575512,1.0,0.003789764292329095,0.10208937684422392,0.8941208588634469,1.58511464802359e-06,279.5835182799387,309.43002170876355,0.0009821142461660464,,,0.09021531874828181,48.22310857500472,0.0018707901961144565,0.0009821142461660464,0.36012279738109615
693168,success,second_step,122961.25204090674,34.15590334469631,1100.0,0.9625602278380464,117.93965160110326,97.85412419117371,160.27141829981696,3.349970720096229e-07,6.8486527009613105e-06,0.007456310188773241,False,SUCCESS,900.0,solver_state,0.0755856534100899,0.0755856534100899,0.1012142929131716,1.0,,,,,,0.3569049280587576,0.0039283059472988635,0.0039283059472988635,0.0037878651291474545,0.00014044081815140915,0.0,0.0335114662146547,0.13779924011269445,0.13779924011269445,0.13765879929459265,0.0001404408181018039,0.0,0.25999976036234906,0.45484453082873955,0.4570886794243721,0.5052494867304762,0.5058715033666165,,,0.3052485251179898,0.10117222703071621,0.10117222703071621,0.8950766599137902,0.0,0.9090423597991542,0.023010160293434143,0.88603219950572,8.810253001701675e-06,0.025312528118621513,0.025312528118621513,,,,3.3465559452742546e-07,3.4147748219746763e-10,3.4147748219746763e-10,3.3465559452742546e-07,3.3465559452742546e-07,3.4147748219746763e-10,1.0,1.5147413841930926e-07,,,,,,,,0.2959714944660176,0.03607193369035221,0.22648829414769422,1.0,0.0037520037638282605,0.1012142928484461,0.8950337033877256,1.5844995399497255e-06,280.09074917120364,309.43002170876355,0.0009821145218126832,,,0.09021662221681745,48.22310857500472,0.001870817226071134,0.0009821145218126832,0.3569049280587576
693168,success,second_step,123861.25204090674,34.40590334469631,1100.0,0.9628617252028551,117.94581517507162,97.86071351066543,160.2757398325508,3.3228539069289706e-07,6.845540581863026e-06,0.00750896026365,False,SUCCESS,900.0,solver_state,0.07637425001803429,0.07637425001803429,0.10034732016950969,1.0,,,,,,0.3537174236712754,0.003863102410979777,0.003863102410979777,0.003725178978764558,0.0001379234322152187,0.0,0.033275172386165126,0.13779569854826162,0.13779569854826162,0.137657775116096,0.00013792343216561344,0.0,0.2600646565689342,0.45359691278494146,0.45583552028376145,0.5040177547961596,0.5046325665083046,,,0.30579637618721167,0.10030565499103207,0.10030565499103207,0.8959805636615957,0.0,0.9090423597991542,0.022794050206622514,0.8862483095925316,8.812401890356165e-06,0.025074794327140798,0.025074794327140798,,,,3.3195244136674136e-07,3.329493261556876e-10,3.329493261556876e-10,3.3195244136674136e-07,3.3195244136674136e-07,3.329493261556876e-10,1.0,1.489125532518525e-07,,,,,,,,0.296107821190595,0.036072241020086195,0.22678948418276892,1.0,0.003714668713455091,0.10034732010539495,0.8959380111811499,1.5838900126960412e-06,280.5934478045706,309.43002170876355,0.0009821147943534553,,,0.09021791099812876,48.22310857500472,0.0018708439514596332,0.0009821147943534553,0.3537174236712754
693168,success,second_step,124761.25204090674,34.65590334469631,1100.0,0.9631607820544787,117.95197594834818,97.8672998143295,160.28005958797073,3.2959607539248737e-07,6.842453025847513e-06,0.0075615864146421075,False,SUCCESS,900.0,solver_state,0.07716352306656524,0.07716352306656524,0.09948838137882807,1.0,,,,,,0.35056000438253143,0.0037990068815576218,0.0037990068815576218,0.0036635538702698874,0.00013545301128773423,0.0,0.033040211063963675,0.13779222222267154,0.13779222222267154,0.1376567692114334,0.00013545301123812895,0.0,0.26012845244396277,0.45235316561929595,0.4545862361496117,0.5027880472253291,0.5033957403411221,,,0.30633933453118856,0.09944711301112953,0.09944711301112953,0.89687601709744,0.0,0.9090423597991542,0.022580069052624926,0.8864622907465293,8.814529609986858e-06,0.024839402486825604,0.024839402486825604,,,,3.292714371606505e-07,3.2463823183686576e-10,3.2463823183686576e-10,3.292714371606505e-07,3.292714371606505e-07,3.2463823183686576e-10,1.0,1.4639501515505903e-07,,,,,,,,0.29624184248852165,0.03607254067447973,0.227088241379999,1.0,0.003677753834461052,0.09948838131531812,0.8968338648502208,1.5832860052559917e-06,281.0916569581641,309.43002170876355,0.0009821150638271,,,0.09021918527540124,48.22310857500472,0.001870870376078662,0.0009821150638271,0.35056000438253143
693168,success,second_step,125661.25204090674,34.90590334469631,1100.0,0.9634574185223319,117.95813394303805,97.87388312623361,160.2843775810719,3.2692892820231917e-07,6.8393897648591775e-06,0.007614188830574298,False,SUCCESS,900.0,solver_state,0.07795339453346838,0.07795339453346838,0.09863739991214929,1.0,,,,,,0.34743239254091685,0.0037360001732665276,0.0037360001732665276,0.003602971529824019,0.00013302864344250895,0.0,0.03280658130440153,0.1377888098808048,0.1377888098808048,0.1376557812374119,0.00013302864339290372,0.0,0.2601911669778452,0.4511132682226254,0.4533408061432128,0.5015603702361159,0.5021610300569359,,,0.3068774463401098,0.09859652449638431,0.09859652449638431,0.8977631020526101,0.0,0.9090423597991542,0.022368192825439503,0.8866741669737146,8.816636399297213e-06,0.024606326189663574,0.024606326189663574,,,,3.2661238961328253e-07,3.1653858903662917e-10,3.1653858903662917e-10,3.2661238961328253e-07,3.2661238961328253e-07,3.1653858903662917e-10,1.0,1.4392076171350529e-07,,,,,,,,0.29637359800216123,0.03607283284888838,0.22738458567344358,1.0,0.0036412538935984015,0.09863739984923822,0.8977213462571634,1.5826874574109688e-06,281.5854190153003,309.43002170876355,0.0009821153302718168,,,0.09022044522928314,48.22310857500472,0.0018708965036743136,0.0009821153302718168,0.34743239254091685
693168,success,second_step,126561.25204090674,35.15590334469631,1100.0,0.963751654557714,117.96428918100509,97.88046347018098,160.28869382668654,3.2428375342934983e-07,6.836350534310034e-06,0.007666767698210508,False,SUCCESS,900.0,solver_state,0.07874378701161543,0.07874378701161543,0.09779429980762724,1.0,,,,,,0.34433431266923065,0.0036740634359823613,0.0036740634359823613,0.0035434140007415847,0.00013064943524077646,0.0,0.032574282006303606,0.13778546029282043,0.13778546029282043,0.13765481085762926,0.00013064943519117117,0.0,0.2602528188303992,0.44987719977246704,0.4520992096663652,0.5003347299762952,0.5009284407891595,,,0.307410757377264,0.09775381351911225,0.09775381351911225,0.8986418996190558,0.0,0.9090423597991542,0.02215839788056259,0.8868839619185915,8.818722493396135e-06,0.024375539425311617,0.024375539425311617,,,,3.2397510849535663e-07,3.0864493399320383e-10,3.0864493399320383e-10,3.2397510849535663e-07,3.2397510849535663e-07,3.0864493399320383e-10,1.0,1.4148904363146417e-07,,,,,,,,0.2965031266877034,0.036073117733618515,0.22767853682409553,1.0,0.003605163729922542,0.0977942997453092,0.8986005365247682,1.5820943097191914e-06,282.07477596757883,309.43002170876355,0.0009821155937252773,,,0.09022169103792685,48.22310857500472,0.0018709223379409238,0.0009821155937252773,0.34433431266923065
693168,success,second_step,127461.25204090674,35.40590334469631,1100.0,0.9640435099358005,117.97044168387505,97.88704086971384,160.29300833948605,3.216603575526484e-07,6.833335073030625e-06,0.007719323202281192,False,SUCCESS,900.0,solver_state,0.07953462372857353,0.07953462372857353,0.0969590057668648,1.0,,,,,,0.3412654914545058,0.0036131781493449065,0.0036131781493449065,0.0034848636380095045,0.00012831451133540184,0.0,0.03234331191485465,0.1377821722536185,0.1377821722536185,0.13765385774233269,0.00012831451128579658,0.0,0.2603134263365961,0.4486449397270805,0.45086142639554055,0.4991111325219511,0.49969797761127344,,,0.30793931298239346,0.09691890481488472,0.09691890481488472,0.8995124901542488,0.0,0.9090423597991542,0.02195066092700452,0.8870916988721497,8.820788123877365e-06,0.02414701657231281,0.02414701657231281,,,,3.213594056070946e-07,3.0095194555382964e-10,3.0095194555382964e-10,3.213594056070946e-07,3.213594056070946e-07,3.0095194555382964e-10,1.0,1.3909912451040085e-07,,,,,,,,0.2966304668269717,0.03607339551405911,0.22797011442174137,1.0,0.0035694782536185373,0.09695900570513397,0.8994715160412474,1.5815065035047582e-06,282.55976941796007,309.43002170876355,0.000982115854224635,,,0.09022292287702943,48.22310857500472,0.0018709478825219138,0.000982115854224635,0.3412654914545058
693168,success,second_step,128361.25204090674,35.65590334469631,1100.0,0.9643330042575978,117.97659147303868,97.89361534811677,160.297321133983,3.1905854918374207e-07,6.830343123221719e-06,0.007771855525508409,False,SUCCESS,900.0,solver_state,0.08032582856552692,0.08032582856552692,0.09613144315119504,1.0,,,,,,0.338225657737771,0.0035533261169828586,0.0035533261169828586,0.0034273031028988483,0.00012602301408401023,0.0,0.03211366962541932,0.1377789445823155,0.1377789445823155,0.13765292156828107,0.00012602301403440494,0.0,0.26037300751220716,0.4474164678195994,0.4496274362761853,0.4978895838762193,0.49846964553542783,,,0.3084631580750321,0.0960917237788085,0.0960917237788085,0.9003749532860561,0.0,0.9090423597991542,0.02174495901954422,0.88729740077961,8.822833518896495e-06,0.023920732389575993,0.023920732389575993,,,,3.1876509474230106e-07,2.934544414409849e-10,2.934544414409849e-10,3.1876509474230106e-07,3.1876509474230106e-07,2.934544414409849e-10,1.0,1.3675028063021383e-07,,,,,,,,0.29675565603903103,0.03607366637081011,0.22825933788678773,1.0,0.0035341924448512325,0.09613144309004568,0.9003343644651031,1.5809239808468707e-06,283.04044058382897,309.43002170876355,0.000982116111806532,,,0.09022414091987227,48.22310857500472,0.00187097314101061,0.000982116111806532,0.338225657737771
693168,success,second_step,129261.25204090674,35.90590334469631,1100.0,0.9646201569518632,117.98273856965467,97.90018692841998,160.3016322245333,3.1647813902817836e-07,6.827374430406738e-06,0.007824364848633136,False,SUCCESS,900.0,solver_state,0.08111732607551253,0.08111732607551253,0.09531153797792885,1.0,,,,,,0.3352145425037513,0.0034944894608397894,0.0034944894608397894,0.0033707153576687334,0.00012377410317105584,0.0,0.031885353587297015,0.1377757761217314,0.1377757761217314,0.13765200201860994,0.00012377410312145056,0.0,0.26043158005935296,0.4461917640523247,0.44839721951715983,0.4966700899681097,0.49724344951112487,,,0.3089823371578281,0.0952721964617716,0.0952721964617716,0.9012293679176223,0.0,0.9090423597991542,0.021541269551214152,0.88750109024794,8.824858903245699e-06,0.023696662008108764,0.023696662008108764,,,,3.161919916535625e-07,2.861473746158607e-10,2.861473746158607e-10,3.161919916535625e-07,3.161919916535625e-07,2.861473746158607e-10,1.0,1.3444180073415675e-07,,,,,,,,0.29687873129159825,0.036073930479807406,0.2285462264720558,1.0,0.0034993013526383974,0.09531153791735525,0.9011891607300063,1.580346684569222e-06,283.51683030004307,309.43002170876355,0.000982116366507107,,,0.09022534533736004,48.22310857500472,0.0018709981169510537,0.000982116366507107,0.3352145425037513
693168,success,second_step,130161.25204090674,36.15590334469631,1100.0,0.9649049872769886,117.9888829946528,97.90675563340272,160.3059416253381,3.139189398482528e-07,6.824428743384934e-06,0.007876851350439695,False,SUCCESS,900.0,solver_state,0.08190904150097136,0.08190904150097136,0.09449921691657094,1.0,,,,,,0.3322318788705162,0.0034366506155992906,0.0034366506155992906,0.003315083660360688,0.00012156695523860266,0.0,0.03165836210741216,0.13777266573788843,0.13777266573788843,0.13765109878269943,0.00012156695518899738,0.0,0.2604891613719563,0.44497080869115624,0.44717075658531175,0.4954526566514031,0.4960193944239778,,,0.3094968943198497,0.09446024956665768,0.09446024956665768,0.902075812232263,0.0,0.9090423597991542,0.02133957024600698,0.8877027895531472,8.826864498426251e-06,0.023474780922994383,0.023474780922994383,,,,3.136399140185162e-07,2.7902582973659307e-10,2.7902582973659307e-10,3.136399140185162e-07,3.136399140185162e-07,2.7902582973659307e-10,1.0,1.3217298581737634e-07,,,,,,,,0.296999728912259,0.03607418801244456,0.22883079926454403,1.0,0.0034648000937463866,0.09449921685656747,0.9020359830496862,1.5797745582295486e-06,283.9889790219664,309.43002170876355,0.000982116618362006,,,0.0902265362980587,48.22310857500472,0.0018710228138387876,0.000982116618362006,0.3322318788705162
693168,success,second_step,131061.25204090674,36.40590334469631,1100.0,0.965187514322852,117.99502476873667,97.91332148559641,160.31024935044593,3.1138076642685394e-07,6.821505814185255e-06,0.007929315207781729,False,SUCCESS,900.0,solver_state,0.08270090079061759,0.08270090079061759,0.0936944072850067,1.0,,,,,,0.32927740207907724,0.003379792323207542,0.003379792323207542,0.003260391559681949,0.00011940076352559316,0.0,0.03143269335394047,0.13776961231952103,0.13776961231952103,0.13765021155604504,0.0001194007634759879,0.0,0.26054576854110123,0.4437535822601564,0.4459480282001789,0.49423728970361885,0.4947974850945429,,,0.31000687323987575,0.09365581044453168,0.09365581044453168,0.9029143636983629,0.0,0.9090423597991542,0.02113983915179623,0.887902520647358,8.828850522718919e-06,0.023255064985604094,0.023255064985604094,,,,3.1110868140714514e-07,2.720850197088194e-10,2.720850197088194e-10,3.1110868140714514e-07,3.1110868140714514e-07,2.720850197088194e-10,1.0,1.2994314891900528e-07,,,,,,,,0.29711868459949464,0.036074439135691326,0.22911307518716068,1.0,0.0034306838516077534,0.09369440722556774,0.9028749089228246,1.5792075461093336e-06,284.4569268284882,309.43002170876355,0.0009821168674063866,,,0.09022771396823301,48.22310857500472,0.0018710472351216353,0.0009821168674063866,0.32927740207907724
693168,success,second_step,131961.25204090675,36.65590334469632,1100.0,0.9654677570126362,118.00116391238677,97.91988450728788,160.3145554137544,3.0886343553238254e-07,6.818605398020909e-06,0.007981756595605738,False,SUCCESS,900.0,solver_state,0.08349283061562884,0.08349283061562884,0.09289703704566181,1.0,,,,,,0.32635084948294246,0.0033238976274915697,0.0033238976274915697,0.0032066228899761805,0.00011727473751538923,0.0,0.03120834535987228,0.1377666147775969,0.1377666147775969,0.13764934004013113,0.00011727473746578396,0.0,0.2606014183602995,0.44254006553624464,0.44472901532881803,0.4930239948250521,0.49357772627722335,,,0.3105123171896693,0.09285880709079797,0.09285880709079797,0.9037450990742808,0.0,0.9090423597991542,0.020942054633463145,0.888100305165691,8.830817191252304e-06,0.023037490396036253,0.023037490396036253,,,,3.0859811525005634e-07,2.653202823261885e-10,2.653202823261885e-10,3.0859811525005634e-07,3.0859811525005634e-07,2.653202823261885e-10,1.0,1.2775161491774722e-07,,,,,,,,0.2972356334335217,0.03607468401220906,0.2293930730004271,1.0,0.0033969478752603303,0.09289703698678181,0.9037060151379579,1.5786455932036709e-06,284.92071342502743,309.43002170876355,0.0009821171136749286,,,0.09022887851188305,48.22310857500472,0.0018710713842004577,0.0009821171136749286,0.32635084948294246
693168,success,second_step,132861.25204090675,36.90590334469632,1100.0,0.9657457341046153,118.00730044586332,97.92644472052251,160.31885982901233,3.063667658846991e-07,6.815727253244632e-06,0.008034175686977507,False,SUCCESS,900.0,solver_state,0.08428475838516084,0.08428475838516084,0.09210703480163683,1.0,,,,,,0.3234519605376297,0.003268949868871506,0.003268949868871506,0.0031537617662801315,0.00011518810259137457,0.0,0.030985316026513197,0.13776367204484916,0.13776367204484916,0.1376484839423074,0.00011518810254176931,0.0,0.26065612733066545,0.4413302395440183,0.44351369918075656,0.4918127776378775,0.49236012265924034,,,0.31101326903723536,0.09206916814133384,0.09206916814133384,0.9045680944132581,0.0,0.9090423597991542,0.02074619536622247,0.8882961644329317,8.832764716069213e-06,0.022822033695774287,0.022822033695774287,,,,3.061080388077006e-07,2.5872707699851106e-10,2.5872707699851106e-10,3.061080388077006e-07,3.061080388077006e-07,2.5872707699851106e-10,1.0,1.2559772033089562e-07,,,,,,,,0.29735060988694767,0.036074922800463156,0.22967081130415215,1.0,0.0033635874783072596,0.09210703474331033,0.9045293777783825,1.5780886452112786e-06,285.3803781465215,309.43002170876355,0.000982117357201841,,,0.09023003009078015,48.22310857500472,0.001871095264429898,0.000982117357201841,0.3234519605376297
693168,success,second_step,133761.25204090675,37.15590334469632,1100.0,0.9660214641939115,118.01343438920911,97.93300214710737,160.32316260982162,3.038905781220619e-07,6.812871141304592e-06,0.008086572653105195,False,SUCCESS,900.0,solver_state,0.08507661226119034,0.08507661226119034,0.09132432979281863,1.0,,,,,,0.3205804767901448,0.0032149326791651852,0.0032149326791651852,0.0031017925794647704,0.00011314009970041499,0.0,0.030763603126923292,0.1377607830753185,0.1377607830753185,0.1376476429756677,0.00011314009965080972,0.0,0.26070991166600244,0.44012408555069626,0.44230206120306387,0.49060364368531634,0.49114467885967095,,,0.3115097712500624,0.09128682286859967,0.09128682286859967,0.9053834250683305,0.0,0.9090423597991542,0.020552240329140166,0.888490119470014,8.83469330619111e-06,0.022608671760555827,0.022608671760555827,,,,3.036382771404966e-07,2.5230098156529607e-10,2.5230098156529607e-10,3.036382771404966e-07,3.036382771404966e-07,2.5230098156529607e-10,1.0,1.2348081311672525e-07,,,,,,,,0.2974636478352455,0.03607515565483246,0.22994630853907908,1.0,0.003330598037897487,0.09132432973504018,0.9053450722270624,1.5775366485246584e-06,285.8359599604007,309.43002170876355,0.0009821175980208672,,,0.09023116886450205,48.22310857500472,0.0018711188791191114,0.0009821175980208672,0.3205804767901448
693168,success,second_step,134661.25204090675,37.40590334469632,1100.0,0.9662949657142214,118.01956576225213,97.9395568086142,160.32746376963914,3.0143469476901343e-07,6.81003682670097e-06,0.008138947663362206,False,SUCCESS,900.0,solver_state,0.08586832117269101,0.08586832117269101,0.09054885189197019,1.0,,,,,,0.3177361418684268,0.003161829976483445,0.003161829976483445,0.0030506999914594675,0.00011112998502397749,0.0,0.030543204309295177,0.13775794684390608,0.13775794684390608,0.1376468168589317,0.0001111299849743722,0.0,0.2607627872978008,0.4389215850611822,0.4410940830755386,0.4893965984308658,0.48993139942854874,,,0.312001865898347,0.09051170117772787,0.09051170117772787,0.9061911656972401,0.0,0.9090423597991542,0.020360168798836197,0.888682191000318,8.836603167680734e-06,0.022397381793445376,0.022397381793445376,,,,3.0118865707982095e-07,2.4603768919247486e-10,2.4603768919247486e-10,3.0118865707982095e-07,3.0118865707982095e-07,2.4603768919247486e-10,1.0,1.214002524802002e-07,,,,,,,,0.29757478056705056,0.036075382725715865,0.23021958298850553,1.0,0.0032979749937262445,0.0905488518347344,0.9061531731715393,1.5769895502204034e-06,286.2874974695475,309.43002170876355,0.0009821178361652957,,,0.0902322949904675,48.22310857500472,0.0018711422315324819,0.0009821178361652957,0.3177361418684268
693168,success,second_step,135561.25204090675,37.65590334469632,1100.0,0.9665662569395135,118.02569458460854,97.94610872638249,160.33176332177845,2.9899894020518133e-07,6.807224076943182e-06,0.00819130088531228,False,SUCCESS,900.0,solver_state,0.08665981482914695,0.08665981482914695,0.0897805316008011,1.0,,,,,,0.3149187014707648,0.0031096259602145363,0.0031096259602145363,0.00300046893055782,0.00010915702965671617,0.0,0.03032411710027197,0.13775516234593604,0.13775516234593604,0.13764600531632892,0.00010915702960711091,0.0,0.2608147698801494,0.4377227198132443,0.43988974670600933,0.48819164725758674,0.4887202888460253,,,0.3124895946582027,0.0897437336025923,0.0897437336025923,0.9069913902673484,0.0,0.9090423597991542,0.02016996034336615,0.888872399455788,8.838494503702933e-06,0.02218814131810375,0.02218814131810375,,,,2.9875900719983117e-07,2.399330053501693e-10,2.399330053501693e-10,2.9875900719983117e-07,2.9875900719983117e-07,2.399330053501693e-10,1.0,1.1935540868194096e-07,,,,,,,,0.29768404079428273,0.036075604159636135,0.23049065277987735,1.0,0.003265713847055055,0.08978053154410265,0.9069537546088423,1.576447298049646e-06,286.7350289152402,309.43002170876355,0.000982118071667965,,,0.09023340862396997,48.22310857500472,0.0018711653248903218,0.000982118071667965,0.3149187014707648
693168,success,second_step,136461.25204090675,37.90590334469632,1100.0,0.9668353559856981,118.03182087568524,97.95265792152247,160.33606127941184,2.9658314063495536e-07,6.804432662507716e-06,0.008243632484731922,False,SUCCESS,900.0,solver_state,0.08745102373340932,0.08745102373340932,0.0890193000460198,1.0,,,,,,0.31212790335518886,0.003058305106096067,0.003058305106096067,0.00295108458680373,0.00010722051929233729,0.0,0.030106338908205774,0.13775242859672812,0.13775242859672812,0.1376452080774854,0.00010722051924273202,0.0,0.2608658747945631,0.4365274717728085,0.43868903422574496,0.4869887954674486,0.4875113515215908,,,0.3129729988148522,0.08898285130185962,0.08898285130185962,0.907784172060547,0.0,0.9090423597991542,0.01998159481627525,0.8890607649828789,8.840367514583797e-06,0.021980928172247144,0.021980928172247144,,,,2.9634915779008596e-07,2.3398284486941445e-10,2.3398284486941445e-10,2.9634915779008596e-07,2.9634915779008596e-07,2.3398284486941445e-10,1.0,1.1734566285039396e-07,,,,,,,,0.2977914606620965,0.036075820099340954,0.23075953588635723,1.0,0.003233810159750803,0.08901929998985338,0.9077468898503959,1.5759098404286482e-06,287.1785921800829,309.43002170876355,0.0009821183045612713,,,0.09023450991821089,48.22310857500472,0.0018711881623695605,0.0009821183045612713,0.31212790335518886
693168,success,second_step,137361.25204090675,38.15590334469632,1100.0,0.9671022808122696,118.03794465468258,97.959204414918,160.3403576555719,2.9418712405800816e-07,6.8016623567966055e-06,0.008295942625632824,False,SUCCESS,900.0,solver_state,0.08824187919390207,0.08824187919390207,0.08826508897536944,1.0,,,,,,0.30936349732883817,0.003007852161372937,0.003007852161372937,0.0029025324074563753,0.0001053197539165615,0.0,0.029889867026357448,0.13774974463117967,0.13774974463117967,0.1376444248773127,0.00010531975386695623,0.0,0.26091611715472585,0.43533582312936203,0.437491927984973,0.4857880482807294,0.4863045917933511,,,0.3134521192658028,0.08822898605502448,0.08822898605502448,0.9085695836781672,0.0,0.9090423597991542,0.019795052350819027,0.8892473074483351,8.842222397868114e-06,0.0217757205012895,0.0217757205012895,,,,2.9395894082893237e-07,2.2818322907579922e-10,2.2818322907579922e-10,2.9395894082893237e-07,2.9395894082893237e-07,2.2818322907579922e-10,1.0,1.1537040679715033e-07,,,,,,,,0.2978970717586618,0.03607603068390133,0.2310262501283683,1.0,0.0032022595533434334,0.08826508891972983,0.9085326515269267,1.5753771264295253e-06,287.61822479091825,309.43002170876355,0.0009821185348771757,,,0.09023559902433215,48.22310857500472,0.0018712107471044199,0.0009821185348771757,0.30936349732883817
693168,success,second_step,138261.25204090675,38.40590334469632,1100.0,0.9673670492239218,118.04406594059697,97.9657482272295,160.3446524631535,2.9181072024062727e-07,6.798912936096489e-06,0.008348231470285183,False,SUCCESS,900.0,solver_state,0.0890323133361826,0.0890323133361826,0.08751783075364897,1.0,,,,,,0.3066252352373089,0.0029582521400397578,0.0029582521400397578,0.002854798092532751,0.00010345404750700675,0.0,0.02967469863603842,0.1377471095033568,0.1377471095033568,0.1376436554558994,0.00010345404745740148,0.0,0.26096551181115285,0.43414775629146396,0.4362984105485019,0.48458941083546825,0.4851000139273594,,,0.3139269965240057,0.08748207025842976,0.08748207025842976,0.9093476970458851,0.0,0.9090423597991542,0.019610313354344787,0.8894320464448093,8.844059348375248e-06,0.02157249675216184,0.02157249675216184,,,,2.915881899576292e-07,2.2253028299803777e-10,2.2253028299803777e-10,2.915881899576292e-07,2.915881899576292e-07,2.2253028299803777e-10,1.0,1.1342904283535857e-07,,,,,,,,0.2980009051247793,0.036076236048807504,0.23129081317511432,1.0,0.003171057708101841,0.08751783069853097,0.9093111115933672,1.574849105771106e-06,288.0539639217274,309.43002170876355,0.0009821187626472088,,,0.09023667609144802,48.22310857500472,0.0018712330821870743,0.0009821187626472088,0.3066252352373089
693168,success,second_step,139161.25204090675,38.65590334469632,1100.0,0.9676296788721384,118.05018475222354,97.97228937889673,160.34894571491532,2.894537606878277e-07,6.796184179538295e-06,0.008400499179239462,False,SUCCESS,900.0,solver_state,0.0898222591138644,0.0898222591138644,0.0867774583587207,1.0,,,,,,0.3039128709539848,0.002909490318166271,0.002909490318166271,0.002807867590426451,0.00010162272773981962,0.0,0.02946083080969534,0.13774452228609496,0.13774452228609496,0.13764289955840475,0.00010162272769021434,0.0,0.26101407335577165,0.4329632538823612,0.4351084646914446,0.4833928881869684,0.48389762211699994,,,0.31439767072099845,0.08674203692127348,0.08674203692127348,0.9101185834186232,0.0,0.9090423597991542,0.019427358502828482,0.8896150012963256,8.845878558253452e-06,0.021371235667302462,0.021371235667302462,,,,2.8923674045517814e-07,2.1702023264953776e-10,2.1702023264953776e-10,2.8923674045517814e-07,2.8923674045517814e-07,2.1702023264953776e-10,1.0,1.1152098360117969e-07,,,,,,,,0.29810299126333106,0.0360764363260622,0.23155324254607618,1.0,0.0031402003621275377,0.08677745830411916,0.9100823413337532,1.5743257288099279e-06,288.4858463965127,309.43002170876355,0.0009821189879024817,,,0.09023774126667643,48.22310857500472,0.0018712551706683,0.0009821189879024817,0.3039128709539848
693168,success,second_step,140061.25204090675,38.90590334469632,1100.0,0.9678901872567575,118.05630110815862,97.9788278901417,160.35323742348177,2.8711607861621457e-07,6.793475869057469e-06,0.008452745911347703,False,SUCCESS,900.0,solver_state,0.09061165031890851,0.09061165031890851,0.08604390537750556,1.0,,,,,,0.30122616036935146,0.002861552229304299,0.002861552229304299,0.0027617270936014108,9.982513570288819e-05,0.0,0.029248260513938265,0.13774198207060798,0.13774198207060798,0.13764215693495468,9.982513565328292e-05,0.0,0.2610618161264242,0.4317822987357052,0.4339220733950423,0.48219848530734943,0.4826974204824232,,,0.31486418161003127,0.08600881966160359,0.08600881966160359,0.9108823133854461,0.0,0.9090423597991542,0.019246168735561717,0.8897961910635924,8.847680217032703e-06,0.02117191627881236,0.02117191627881236,,,,2.869044292138335e-07,2.116494023810764e-10,2.116494023810764e-10,2.869044292138335e-07,2.869044292138335e-07,2.116494023810764e-10,1.0,1.096456518782319e-07,,,,,,,,0.2982033601485722,0.036076631644271585,0.23181355561248584,1.0,0.003109683310465668,0.08604390532341542,0.910846411366119,1.573806946531354e-06,288.9139086921667,309.43002170876355,0.0009821192106736882,,,0.09023879469516963,48.22310857500472,0.0018712770155581118,0.0009821192106736882,0.30122616036935146
693168,success,second_step,140961.25204090675,39.15590334469632,1100.0,0.968148591727512,118.0624150268023,97.98536378097143,160.35752760134463,2.847975089275699e-07,6.790787789354808e-06,0.0085049718237864,False,SUCCESS,900.0,solver_state,0.09140042159129096,0.09140042159129096,0.08531710600196794,1.0,,,,,,0.2985648613802984,0.0028144236599748165,0.0028144236599748165,0.0027163630343593425,9.806062561547397e-05,0.0,0.029036984612513153,0.13773948796610605,0.13773948796610605,0.1376414273405402,9.806062556586871e-05,0.0,0.26110875421129154,0.4306048738913689,0.4327392198425836,0.4810062070851469,0.4814994130700291,,,0.3153265685691763,0.08528235270230212,0.08528235270230212,0.9116389568744498,0.0,0.9090423597991542,0.019066725249983756,0.8899756345491704,8.849464511676093e-06,0.02097451790277012,0.02097451790277012,,,,2.8459109471526716e-07,2.0641421230274634e-10,2.0641421230274634e-10,2.8459109471526716e-07,2.8459109471526716e-07,2.0641421230274634e-10,1.0,1.0780248042497483e-07,,,,,,,,0.29830204123526255,0.036076822128733727,0.2320717695987783,1.0,0.0030795024042330065,0.08531710594838415,0.9116033916473829,1.573292710540825e-06,289.3381869413248,309.43002170876355,0.000982119430991113,,,0.09023983652014438,48.22310857500472,0.0018712986198263877,0.000982119430991113,0.2985648613802984
693168,success,second_step,141861.25204090675,39.40590334469632,1100.0,0.9684049094855468,118.06852652636088,97.99189707118057,160.36181626086466,2.8249788818313356e-07,6.788119727857855e-06,0.008557177072075817,False,SUCCESS,900.0,solver_state,0.0921885084280544,0.0921885084280544,0.08459699502509066,1.0,,,,,,0.2959287338794085,0.0027680906452337175,0.0027680906452337175,0.0026717620806796126,9.632856455410497e-05,0.0,0.028826999869219442,0.13773703909942223,0.13773703909942223,0.13764071053491772,9.63285645044997e-05,0.0,0.2611549014532416,0.4294309625913602,0.4315598874154181,0.4798160583249564,0.48030360385199733,,,0.3157848706044205,0.08456257086705975,0.08456257086705975,0.9123885831576442,0.0,0.9090423597991542,0.018889009496653803,0.8901533503025003,8.851231626629813e-06,0.020779020133701122,0.020779020133701122,,,,2.822965770073602e-07,2.0131117577337785e-10,2.0131117577337785e-10,2.822965770073602e-07,2.822965770073602e-07,2.0131117577337785e-10,1.0,1.0599091180498297e-07,,,,,,,,0.29839906346764505,0.0360770079015248,0.23232790158402203,1.0,0.0030496535497625066,0.0845969949720082,0.9123533514782292,1.5727829730552337e-06,289.7587169352039,309.43002170876355,0.0009821196488846386,,,0.0902408668829113,48.22310857500472,0.0018713199864034784,0.0009821196488846386,0.2959287338794085
693168,success,second_step,142761.25204090675,39.65590334469632,1100.0,0.9686591575849116,118.07463562484944,97.99842778035426,160.3661034142733,2.8021705457855586e-07,6.785471474682815e-06,0.0086093618101033,False,SUCCESS,900.0,solver_state,0.0929758471917515,0.0929758471917515,0.08388350783684173,1.0,,,,,,0.293317539744238,0.0027225394643149194,0.0027225394643149194,0.0026279111321303433,9.462833218457618e-05,0.0,0.02861830295077342,0.1377346346146465,0.1377346346146465,0.13764000628251152,9.462833213497092e-05,0.0,0.2612002714541022,0.4282605482758285,0.4303840596890616,0.478628043747122,0.47910999672586324,,,0.3162391263527421,0.08384940957634231,0.08384940957634231,0.9131312608558277,0.0,0.9090423597991542,0.018713003174358738,0.8903293566247954,8.85298174387181e-06,0.020585402839195778,0.020585402839195778,,,,2.8002071768160016e-07,1.9633689695569e-10,1.9633689695569e-10,2.8002071768160016e-07,2.8002071768160016e-07,1.9633689695569e-10,1.0,1.0421039822005931e-07,,,,,,,,0.2984944552882695,0.03607718908158299,0.23258196850332866,1.0,0.003020132707764046,0.08388350778425568,0.9130963595079803,1.5722776868944182e-06,290.1755341264246,309.43002170876355,0.000982119864383749,,,0.09024188592290408,48.22310857500472,0.001871341118180813,0.000982119864383749,0.293317539744238
693168,success,second_step,143661.25204090675,39.90590334469632,1100.0,0.9689113529340324,118.08074234009413,98.0049559278707,160.37038907367435,2.7795484791949474e-07,6.782842822597064e-06,0.008661526190142377,False,SUCCESS,900.0,solver_state,0.09376237511828882,0.09376237511828882,0.08317658042013396,1.0,,,,,,0.2907310428265887,0.0026777566363494344,0.0026777566363494344,0.002584797315849526,9.295932049990848e-05,0.0,0.028410890429618203,0.13773227367276902,0.13773227367276902,0.13763931435231871,9.29593204503032e-05,0.0,0.2612448775788604,0.4270936145791646,0.4292117204293904,0.47744216798746614,0.4779185955141371,,,0.31668937408516984,0.08314280484334978,0.08314280484334978,0.9138670579434529,0.0,0.9090423597991542,0.018538688225351964,0.8905036715738022,8.854715042959119e-06,0.02039364615467198,0.02039364615467198,,,,2.777633598510593e-07,1.9148806843546714e-10,1.9148806843546714e-10,2.777633598510593e-07,2.777633598510593e-07,1.9148806843546714e-10,1.0,1.0246040134614135e-07,,,,,,,,0.29858824464666756,0.036077365784790254,0.23283398714924208,1.0,0.0029909358925009942,0.08317658036803943,0.9138324837394596,1.5717768054727828e-06,290.5886736318188,309.43002170876355,0.0009821200775175392,,,0.09024289377770767,48.22310857500472,0.0018713620180114826,0.0009821200775175392,0.2907310428265887
693168,success,second_step,144561.25204090675,40.15590334469632,1100.0,0.9691615122971599,118.08684668973461,98.01148153290376,160.37467325104544,2.7571110959783646e-07,6.780233566982156e-06,0.008713670362873183,False,SUCCESS,900.0,solver_state,0.09454803032417947,0.09454803032417947,0.0824761493467784,1.0,,,,,,0.28816900894177233,0.002633728916159096,0.002633728916159096,0.002542407982594976,9.132093356412016e-05,0.0,0.028204758786681,0.13772995545133002,0.13772995545133002,0.1376386345178155,9.132093351451489e-05,0.0,0.26128873295978916,0.4259301453261886,0.42804285358892236,0.4762584355970604,0.47672940396396524,,,0.3171356517098264,0.08244269326996961,0.08244269326996961,0.9145960417534826,0.0,0.9090423597991542,0.018366046830718914,0.8906763129684352,8.85643170107395e-06,0.020203730478276886,0.020203730478276886,,,,2.7552434812893336e-07,1.867614689031013e-10,1.867614689031013e-10,2.7552434812893336e-07,2.7552434812893336e-07,1.867614689031013e-10,1.0,1.0074039217195196e-07,,,,,,,,0.2986804590078791,0.03607753812405185,0.23308397417310805,1.0,0.002962059170982223,0.08247614929517053,0.9145617915338473,1.5712802827910321e-06,290.9981702352218,309.43002170876355,0.0009821202883147178,,,0.09024389058308638,48.22310857500472,0.001871382688710825,0.0009821202883147178,0.28816900894177233
693168,success,second_step,145461.25204090675,40.40590334469632,1100.0,0.969409652295798,118.09294869122638,98.01800461442562,160.3789559582398,2.734856825685138e-07,6.777643505797358e-06,0.00876579447740311,False,SUCCESS,900.0,solver_state,0.09533275181321386,0.09533275181321386,0.08178215177343268,1.0,,,,,,0.2856312058578702,0.002590443290123623,0.002590443290123623,0.0025007307028619527,8.971258726167043e-05,0.0,0.027999904414078423,0.1377276791440782,0.1377276791440782,0.13763796655686614,8.971258721206514e-05,0.0,0.2613318505005026,0.4247701245284255,0.4268774433031835,0.4750768510420348,0.4755424257468316,,,0.3175779967749544,0.08174901204272482,0.08174901204272482,0.9153182789822364,0.0,0.9090423597991542,0.018195061405865146,0.890847298393289,8.858131893068558e-06,0.02001563646592355,0.02001563646592355,,,,2.733035286076179e-07,1.8215396089588217e-10,1.8215396089588217e-10,2.733035286076179e-07,2.733035286076179e-07,1.8215396089588217e-10,1.0,9.904985084034873e-08,,,,,,,,0.29877112536083383,0.03607770620937386,0.2333319460864241,1.0,0.0029334986621692297,0.08178215172230664,0.9152843496155242,1.570788073428024e-06,291.4040583902495,309.43002170876355,0.000982120496803615,,,0.09024487647301105,48.22310857500472,0.001871403133056986,0.000982120496803615,0.2856312058578702
693168,success,second_step,146361.25204090675,40.65590334469632,1100.0,0.9696557894101097,118.09904836184319,98.02452519120926,160.38323720698762,2.7127841132690446e-07,6.775072439543729e-06,0.008817898681286573,False,SUCCESS,900.0,solver_state,0.09611647948255764,0.09611647948255764,0.08109452543754544,1.0,,,,,,0.283117403284988,0.002547886972119754,0.002547886972119754,0.0024597532630673173,8.81337090524368e-05,0.0,0.027796323617770628,0.13772544396063624,0.13772544396063624,0.13763731025163342,8.813370900283155e-05,0.0,0.2613742428799417,0.42361353638046595,0.425715473887156,0.4738974187034248,0.4743576644582991,,,0.3180164464719263,0.08106169892871821,0.08106169892871821,0.9160338356942256,0.0,0.9090423597991542,0.018025714596123014,0.8910166452030311,8.859815791508922e-06,0.019829345026458015,0.019829345026458015,,,,2.71100748838305e-07,1.776624885994578e-10,1.776624885994578e-10,2.71100748838305e-07,2.71100748838305e-07,1.776624885994578e-10,1.0,9.738826649232677e-08,,,,,,,,0.2988602702265902,0.036077870147938666,0.23357791926217095,1.0,0.0029052505361980042,0.08109452538689652,0.9160002240769055,1.570300132532737e-06,291.8063722230599,309.43002170876355,0.0009821207030121866,,,0.09024585157968608,48.22310857500472,0.0018714233537914812,0.0009821207030121866,0.283117403284988
693168,success,second_step,147261.25204090675,40.90590334469632,1100.0,0.9698999399803039,118.10514571867914,98.03104328183106,160.3875170088978,2.6908914188678626e-07,6.772520171228678e-06,0.008869983120543878,False,SUCCESS,900.0,solver_state,0.09689915412828581,0.09689915412828581,0.0804132086532976,1.0,,,,,,0.28062737286450706,0.0025060473995311802,0.0025060473995311802,0.002419463661799087,8.658373773209324e-05,0.0,0.02759401262016499,0.13772324912617373,0.13772324912617373,0.13763666538849123,8.658373768248796e-05,0.0,0.26141592255629054,0.42246036525640923,0.42455692983180787,0.47272014287705405,0.4731751236177871,,,0.3184510376382372,0.08038069227157339,0.08038069227157339,0.9167427773269777,0.0,0.9090423597991542,0.017857989272473073,0.8911843705266811,8.861483566717287e-06,0.019644837316952598,0.019644837316952598,,,,2.689158578110793e-07,1.7328407570692954e-10,1.7328407570692954e-10,2.689158578110793e-07,2.689158578110793e-07,1.7328407570692954e-10,1.0,9.575513711362941e-08,,,,,,,,0.29894791966643325,0.03607803004417841,0.23382190993612542,1.0,0.002877311013615326,0.08041320860312104,0.9167094803832636,1.5698164158163519e-06,292.20514553509906,309.43002170876355,0.0009821209069680215,,,0.09024681603357572,48.22310857500472,0.0018714433536197409,0.0009821209069680215,0.28062737286450706
693168,success,second_step,148161.25204090675,41.15590334469632,1100.0,0.970142120208002,118.11124077865115,98.03755890467316,160.39179537545925,2.669177217588296e-07,6.769986506331037e-06,0.008922047939681654,False,SUCCESS,900.0,solver_state,0.09768071745036332,0.09768071745036332,0.07973814030754137,1.0,,,,,,0.27816088815833384,0.0024649122293280614,0.0024649122293280614,0.002379850106130303,8.506212319775838e-05,0.0,0.027392967562669998,0.13772109388108705,0.13772109388108705,0.1376360317579389,8.506212314815311e-05,0.0,0.26145690177082553,0.42131059570638674,0.42340179580070014,0.4715450277734523,0.4719948066683864,,,0.3188818067604815,0.0797059309873739,0.0797059309873739,0.9174451686958476,0.0,0.9090423597991542,0.017691868527376465,0.8913504912717777,8.863135386813608e-06,0.019462094738121275,0.019462094738121275,,,,2.667487059354955e-07,1.6901582333408393e-10,1.6901582333408393e-10,2.667487059354955e-07,2.667487059354955e-07,1.6901582333408393e-10,1.0,9.414996938392374e-08,,,,,,,,0.29903409928983554,0.036078185999846545,0.2340639342081554,1.0,0.0028496763646291426,0.07973814025783249,0.9174121833775383,1.569336879544441e-06,292.60041180583283,309.43002170876355,0.0009821211086983458,,,0.0902477699634299,48.22310857500472,0.001871463135211645,0.0009821211086983458,0.27816088815833384
693168,success,second_step,149061.25204090675,41.40590334469632,1100.0,0.9703823461575849,118.11733355850106,98.04407207792603,160.3960723180426,2.647639999296101e-07,6.76747125276661e-06,0.008974093281710838,False,SUCCESS,900.0,solver_state,0.09846111205708188,0.09846111205708188,0.07906925985573818,1.0,,,,,,0.2757177246381466,0.002424469334214896,0.002424469334214896,0.002340901007996108,8.356832621878791e-05,0.0,0.027193184508200217,0.13771897748068662,0.13771897748068662,0.13763540915451744,8.356832616918263e-05,0.0,0.2614971925516977,0.42016421245316504,0.4222500566266716,0.4703720775178062,0.47081671697670824,,,0.31930878997731227,0.07903735456060093,0.07903735456060093,0.9181410739988175,0.0,0.9090423597991542,0.017527335670714808,0.8915150241284393,8.864771417755927e-06,0.01928109892985332,0.01928109892985332,,,,2.645991450216208e-07,1.6485490798930132e-10,1.6485490798930132e-10,2.645991450216208e-07,2.645991450216208e-07,1.6485490798930132e-10,1.0,9.257227852849736e-08,,,,,,,,0.29911883426228103,0.036078338114087546,0.23430400804349732,1.0,0.0028223429083727228,0.07906925980649239,0.9181083972851347,1.5688614805292674e-06,292.99220419546225,309.43002170876355,0.0009821213082300267,,,0.09024871349630972,48.22310857500472,0.001871482701202053,0.0009821213082300267,0.2757177246381466
693168,success,second_step,149961.25204090675,41.65590334469632,1100.0,0.9706206337575215,118.12342407479778,98.05058281959079,160.4003478479015,2.6262782684112105e-07,6.764974220854254e-06,0.009026119288165324,False,SUCCESS,900.0,solver_state,0.0992402814689625,0.0992402814689625,0.07840650731789608,1.0,,,,,,0.2732976596746427,0.0023847067988455664,0.0023847067988455664,0.002302604980632979,8.210181821258715e-05,0.0,0.0269946594436329,0.13771689919489044,0.13771689919489044,0.13763479737672746,8.21018181629819e-05,0.0,0.26153680671764984,0.41902120038882457,0.4211016973085971,0.4692012961499424,0.46964085783276716,,,0.31973202308238474,0.0783749030400708,0.0783749030400708,0.9188305568212832,0.0,0.9090423597991542,0.017364374225834093,0.89167798557332,8.866391823379699e-06,0.019101831766861355,0.019101831766861355,,,,2.6246702826152435e-07,1.6079857959672002e-10,1.6079857959672002e-10,2.6246702826152435e-07,2.6246702826152435e-07,1.6079857959672002e-10,1.0,9.10215881724342e-08,,,,,,,,0.2992021493129567,0.036078486483504736,0.2345421472740168,1.0,0.0027953070121822642,0.07840650726910882,0.9187981857187089,1.5683901761222008e-06,293.38055554762394,309.43002170876355,0.000982121505589583,,,0.09024964675761236,48.22310857500472,0.0018715020541913193,0.000982121505589583,0.2732976596746427
693168,success,second_step,150861.25204090675,41.90590334469632,1100.0,0.9708569988016785,118.12951234393964,98.05709114748161,160.40462197617418,2.6050905437077025e-07,6.762495223282357e-06,0.009078126099121953,False,SUCCESS,900.0,solver_state,0.1000181701221346,0.1000181701221346,0.07774982327450752,1.0,,,,,,0.2709004725267846,0.0023456129161043863,0.0023456129161043863,0.002264950835079062,8.066208102532467e-05,0.0,0.026797388282217068,0.13771485830792463,0.13771485830792463,0.13763419622694892,8.066208097571941e-05,0.0,0.26157575588166937,0.41788154457151366,0.41995670300821947,0.4680326876243418,0.4684672324498961,,,0.320151541527282,0.07771851703487272,0.07771851703487272,0.9195136801408261,0.0,0.9090423597991542,0.017202967925689296,0.8918393918734648,8.867996765436135e-06,0.018924275354440204,0.018924275354440204,,,,2.60352210211199e-07,1.5684415957126983e-10,1.5684415957126983e-10,2.60352210211199e-07,2.60352210211199e-07,1.5684415957126983e-10,1.0,8.949743019722792e-08,,,,,,,,0.2992840687423119,0.036078631202226374,0.23477836759945217,1.0,0.002768565090887658,0.07774982322617424,0.9194816116829381,1.5679229242062212e-06,293.7654983920754,309.43002170876355,0.0009821217008031844,,,0.0902505698710955,48.22310857500472,0.0018715211967458003,0.0009821217008031844,0.2709004725267846
693168,success,second_step,151761.25204090675,42.15590334469632,1100.0,0.9710914569506123,118.1355983821563,98.06359707922813,160.40889471388488,2.584075358118433e-07,6.760034075075855e-06,0.00913011385321627,False,SUCCESS,900.0,solver_state,0.10079472337120197,0.10079472337120197,0.07709914886248832,1.0,,,,,,0.26852594433104726,0.002307176183452008,0.002307176183452008,0.0022279275767345787,7.924860671742963e-05,0.0,0.026601366865935748,0.13771285411803044,0.13771285411803044,0.1376336055113626,7.924860666782435e-05,0.0,0.2616140514545781,0.41674523022227533,0.4188150590470522,0.46686625581018315,0.4672958439646924,,,0.32056738042442523,0.07706813771030786,0.07706813771030786,0.9201905063319726,0.0,0.9090423597991542,0.01704310070908654,0.8919992590900676,8.869586403629572e-06,0.018748412024333038,0.018748412024333038,,,,2.5825454677289904e-07,1.5298903894422417e-10,1.5298903894422417e-10,2.5825454677289904e-07,2.5825454677289904e-07,1.5298903894422417e-10,1.0,8.799934459979195e-08,,,,,,,,0.2993646164294894,0.036078772361969984,0.23501268458864225,1.0,0.0027421136061160983,0.0770991488146045,0.9201587375792795,1.5674596831885425e-06,294.14706494736504,309.43002170876355,0.0009821218938966592,,,0.09025148295890148,48.22310857500472,0.001871540131398355,0.0009821218938966592,0.26852594433104726
693168,success,second_step,152661.25204090675,42.40590334469632,1100.0,0.9713240237328429,118.14168220551102,98.07010063227764,160.4131660719452,2.56323125854418e-07,6.757590593563693e-06,0.009182082687663184,False,SUCCESS,900.0,solver_state,0.10156988749160598,0.10156988749160598,0.0764544257711186,1.0,,,,,,0.2661738580906652,0.0022693852993350546,0.0022693852993350546,0.002191524401981295,7.78608973537596e-05,0.0,0.026406590967822045,0.13771088593717717,0.13771088593717717,0.137633025039873,7.786089730415434e-05,0.0,0.26165170464856,0.415612242721945,0.41767675090335094,0.4657020044914153,0.4661266954369943,,,0.32097957454996673,0.07642370678383044,0.07642370678383044,0.9208610971709372,0.0,0.9090423597991542,0.01688475671701974,0.8921576030821344,8.871160895653887e-06,0.01857422433070148,0.01857422433070148,,,,2.5617389517788003e-07,1.4923067653795553e-10,1.4923067653795553e-10,2.5617389517788003e-07,2.5617389517788003e-07,1.4923067653795553e-10,1.0,8.6526879353826e-08,,,,,,,,0.2994438158396292,0.036078910052105034,0.23524511368073786,1.0,0.002715949065608271,0.0764544257236798,0.920829625210712,1.5670004119933345e-06,294.52528712348646,309.43002170876355,0.0009821220848954997,,,0.09025238614158072,48.22310857500472,0.0018715588606488312,0.0009821220848954997,0.2661738580906652
693168,success,second_step,153561.25204090675,42.65590334469632,1100.0,0.9715547145461119,118.14776382990262,98.07660182389748,160.41743606115557,2.542556805667152e-07,6.755164598346715e-06,0.009234032738272502,False,SUCCESS,900.0,solver_state,0.10234360968149665,0.10234360968149665,0.07581559623798635,1.0,,,,,,0.2638439986648825,0.0022322291596583747,0.0022322291596583747,0.0021557306948600465,7.649846479832831e-05,0.0,0.02621305629422975,0.13770895309078207,0.13770895309078207,0.13763245462603335,7.649846474872305e-05,0.0,0.2616887264806278,0.4144825676081181,0.4165417642091533,0.4645399373668574,0.4649597898498854,,,0.3213881583466658,0.07578516652099142,0.07578516652099142,0.9215255138403522,0.0,0.9090423597991542,0.01672792028909871,0.8923144395100554,8.872720397228025e-06,0.018401695046196324,0.018401695046196324,,,,2.5411011396952654e-07,1.4556659718861164e-10,1.4556659718861164e-10,2.5411011396952654e-07,2.5411011396952654e-07,1.4556659718861164e-10,1.0,8.507959027350007e-08,,,,,,,,0.29952169003104767,0.036079044359713916,0.23547567018639795,1.0,0.00269006802254681,0.07581559619098821,0.9214943357864649,1.566545070054543e-06,294.90019652451804,309.43002170876355,0.0009821222738248662,,,0.09025327953811513,48.22310857500472,0.0018715773869645502,0.0009821222738248662,0.2638439986648825
693168,success,second_step,154461.25204090675,42.90590334469632,1100.0,0.9717835446586219,118.15384327106761,98.08310067117715,160.4217046922066,2.5220505737686944e-07,6.75275591126604e-06,0.009285964139467584,False,SUCCESS,900.0,solver_state,0.10311583806312281,0.10311583806312281,0.0751826030449344,1.0,,,,,,0.2615361527582043,0.002195696854318844,0.002195696854318844,0.002120536023805359,7.516083051348533e-05,0.0,0.026020758487059235,0.13770705491743557,0.13770705491743557,0.13763189408697168,7.516083046388004e-05,0.0,0.26172512777602985,0.41335619057218437,0.41541008474738345,0.4633800580503248,0.46379513010972745,,,0.321793165926749,0.07515245973138569,0.07515245973138569,0.9221838169339803,0.0,0.9090423597991542,0.01657257596006599,0.8924697838390881,8.874265062130634e-06,0.018230807158125802,0.018230807158125802,,,,2.52063062986854e-07,1.4199439001546348e-10,1.4199439001546348e-10,2.52063062986854e-07,2.52063062986854e-07,1.4199439001546348e-10,1.0,8.365704087941665e-08,,,,,,,,0.2995982616622938,0.03607917536965139,0.23570436928897054,1.0,0.0026644670748967683,0.07518260299837254,0.9221529299267306,1.5660936173088114e-06,295.2718244512468,309.43002170876355,0.0009821224607095922,,,0.09025416326594068,48.22310857500472,0.0018715957127807754,0.0009821224607095922,0.2615361527582043
693168,success,second_step,155361.25204090675,43.15590334469632,1100.0,0.9720105292102611,118.15992054458215,98.08959719103072,160.42597197568043,2.5017111505510843e-07,6.750364356371855e-06,0.009337877024301777,False,SUCCESS,900.0,solver_state,0.10388652168375159,0.10388652168375159,0.07455538951401137,1.0,,,,,,0.2592501089096496,0.0021597776637996197,0.0021597776637996197,0.0020859301384361767,7.3847525363443e-05,0.0,0.02582969312593928,0.1377051907686325,0.1377051907686325,0.13763134324331866,7.384752531383772e-05,0.0,0.26176091917159805,0.4122330974564292,0.41428169844902246,0.462222370070781,0.4626327190462198,,,0.322194631074753,0.07452552976460314,0.07452552976460314,0.9228360664614135,0.0,0.9090423597991542,0.016418708456399575,0.8926236513427546,8.875795042233839e-06,0.018061543864718428,0.018061543864718428,,,,2.5003260334837273e-07,1.385117067357073e-10,1.385117067357073e-10,2.5003260334837273e-07,2.5003260334837273e-07,1.385117067357073e-10,1.0,8.225880226681389e-08,,,,,,,,0.29967355299908527,0.0360793031646024,0.2359312260456587,1.0,0.0026391428647578206,0.07455538946788146,0.9228054676673607,1.5656460141885029e-06,295.6402019037772,309.43002170876355,0.0009821226455741894,,,0.09025503744096991,48.22310857500472,0.0018716138405011787,0.0009821226455741894,0.2592501089096496
693168,success,second_step,156261.25204090675,43.40590334469632,1100.0,0.9722356832138107,118.16599566586407,98.09609140019884,160.43023792205202,2.4815371369632464e-07,6.74798975989265e-06,0.00938977152447662,False,SUCCESS,900.0,solver_state,0.1046556105161289,0.1046556105161289,0.07393389950342728,1.0,,,,,,0.25698565748200863,0.002124461055823829,0.002124461055823829,0.00205190296640178,7.255808942204887e-05,0.0,0.025639855730365473,0.13770336000850975,0.13770336000850975,0.1376308019191373,7.25580893724436e-05,0.0,0.2617961111190378,0.41111327425119865,0.4131565913903399,0.46106687687251346,0.46147255941248416,,,0.32259258725035067,0.07390432050618477,0.07390432050618477,0.9234823218527534,0.0,0.9090423597991542,0.01626630269299888,0.8927760571061553,8.877310487536196e-06,0.017893888571477345,0.017893888571477345,,,,2.480185974363011e-07,1.351162600235349e-10,1.351162600235349e-10,2.480185974363011e-07,2.480185974363011e-07,1.351162600235349e-10,1.0,8.088445297597171e-08,,,,,,,,0.2997475859211254,0.03607942782513847,0.23615625538867224,1.0,0.002614092077727941,0.07393389945772504,0.923452008464547,1.5652022216148144e-06,296.0053595841245,309.43002170876355,0.000982122828442851,,,0.09025590217761378,48.22310857500472,0.0018716317724982942,0.000982122828442851,0.25698565748200863
693168,success,second_step,157161.25204090675,43.65590334469632,1100.0,0.9724590215561374,118.17206865017482,98.10258331525101,160.43450254169062,2.4615271470302847e-07,6.745631950204889e-06,0.009441647770357386,False,SUCCESS,900.0,solver_state,0.10542305545849151,0.10542305545849151,0.07331807740351458,1.0,,,,,,0.25474259065110133,0.0020897366820666393,0.0020897366820666393,0.0020184446102819355,7.129207178470364e-05,0.0,0.025451241761795966,0.13770156201358844,0.13770156201358844,0.13763026994185334,7.129207173509837e-05,0.0,0.26183071388816104,0.4099967070921276,0.4120347497901873,0.4599135818153338,0.4603146538851743,,,0.32298706759116136,0.07328877637358369,0.07328877637358369,0.9241226419632768,0.0,0.9090423597991542,0.01611534376995146,0.8929270160292027,8.878811546194846e-06,0.017727824887623523,0.017727824887623523,,,,2.4602090888111616e-07,1.3180582191231683e-10,1.3180582191231683e-10,2.4602090888111616e-07,2.4602090888111616e-07,1.3180582191231683e-10,1.0,7.953357886478475e-08,,,,,,,,0.2998203819288038,0.036079549429772484,0.2363794721263649,1.0,0.0025893114422782994,0.07331807735823578,0.9240926111994859,1.5647622009909912e-06,296.3673278987932,309.43002170876355,0.0009821230093394586,,,0.09025675758880329,48.22310857500472,0.001871649511113966,0.0009821230093394586,0.25474259065110133
693168,success,second_step,158061.25204090675,43.90590334469632,1100.0,0.9726805589993701,118.17813951262137,98.10907295258762,160.4387658448609,2.441679807686693e-07,6.743290757803095e-06,0.00949350589098974,False,SUCCESS,900.0,solver_state,0.10618880833414185,0.10618880833414185,0.07270786813269496,1.0,,,,,,0.2525207023950406,0.002055594374924717,0.002055594374924717,0.001985545344540389,7.004903038432806e-05,0.0,0.02526384662570516,0.13769979617252284,0.13769979617252284,0.13762974714218812,7.004903033472279e-05,0.0,0.2618647375700632,0.40888338225742893,0.4109161600073517,0.4587624881747993,0.4591590050646094,,,0.32337810491554375,0.07267884231213259,0.07267884231213259,0.9247570850780833,0.0,0.9090423597991542,0.015965816969377947,0.8930765428297762,8.880298364556892e-06,0.017563336622625013,0.017563336622625013,,,,2.4403940254643054e-07,1.2857822223877223e-10,1.2857822223877223e-10,2.4403940254643054e-07,2.4403940254643054e-07,1.2857822223877223e-10,1.0,7.820577298346581e-08,,,,,,,,0.2998919621497821,0.036079668055012205,0.2366008909443579,1.0,0.00256479772913912,0.07270786808783543,0.9247273341830256,1.564325914195632e-06,296.7261369613395,309.43002170876355,0.0009821231882875838,,,0.09025760378601073,48.22310857500472,0.0018716670586597889,0.0009821231882875838,0.2525207023950406
693168,success,second_step,158961.25204090675,44.15590334469632,1100.0,0.9729003101820619,118.18420826815817,98.1155603284421,160.44302784172433,2.421993758613133e-07,6.7409660152703615e-06,0.009545346014116607,False,SUCCESS,900.0,solver_state,0.10695282189059721,0.10695282189059721,0.0721032171334528,1.0,,,,,,0.25031978848349823,0.0020220241443420616,0.0020220241443420616,0.001953195612530777,6.882853181128472e-05,0.0,0.025077665673596018,0.13769806188585362,0.13769806188585362,0.13762923335409194,6.882853176167946e-05,0.0,0.2618981920802458,0.4077732861652426,0.4098008085379665,0.45761359914245675,0.45800561547492996,,,0.3237657317253723,0.07207446379101724,0.07207446379101724,0.9253857089167262,0.0,0.9090423597991542,0.015817707752352854,0.8932246520468013,8.88177108719e-06,0.017400407782809654,0.017400407782809654,,,,2.4207394451418527e-07,1.2543134712802836e-10,1.2543134712802836e-10,2.4207394451418527e-07,2.4207394451418527e-07,1.2543134712802836e-10,1.0,7.690063545134456e-08,,,,,,,,0.29996234734546723,0.036079783775412225,0.2368205264066497,1.0,0.00254054775069627,0.07210321708900837,0.9253562351602953,1.5638933235760893e-06,297.0818165949194,309.43002170876355,0.0009821233653104964,,,0.0902584408792704,48.22310857500472,0.0018716844174175382,0.0009821233653104964,0.25031978848349823
693168,success,second_step,159861.25204090675,44.40590334469632,1100.0,0.9731182896203371,118.19027493158904,98.122045458883,160.44728854234043,2.4024676520766555e-07,6.738657557249255e-06,0.009597168266194167,False,SUCCESS,900.0,solver_state,0.1077150497983238,0.1077150497983238,0.07150407036831549,1.0,,,,,,0.24813964646697456,0.001989016174691259,0.001989016174691259,0.0019213860235540968,6.76301511371623e-05,0.0,0.024892694204971637,0.13769635856576687,0.13769635856576687,0.13762872841467932,6.763015108755703e-05,0.0,0.26193108716168423,0.40666640537104354,0.4086886820129801,0.45646691782610715,0.45685448756427616,,,0.3241499802087972,0.07147558679925752,0.07147558679925752,0.9260085706378256,0.0,0.9090423597991542,0.015671001755898993,0.8933713580432552,8.883229856912303e-06,0.017239022568058742,0.017239022568058742,,,,2.40124402070147e-07,1.2236313751850144e-10,1.2236313751850144e-10,2.40124402070147e-07,2.40124402070147e-07,1.2236313751850144e-10,1.0,7.561777333572689e-08,,,,,,,,0.3000315579173734,0.036079896663624635,0.23703839295671247,1.0,0.0025165583603983274,0.07150407032428205,0.9259793713153197,1.5634643919419574e-06,297.43439633482086,309.43002170876355,0.0009821235404311633,,,0.09025926897719921,48.22310857500472,0.0018717015896395968,0.0009821235404311633,0.24813964646697456
693168,success,second_step,160761.25204090675,44.65590334469632,1100.0,0.973334511709024,118.19633951756893,98.12852835981595,160.451547956668,2.3831001527742653e-07,6.736365220413159e-06,0.009648972772407172,False,SUCCESS,900.0,solver_state,0.10847544664906753,0.10847544664906753,0.07091037431584155,1.0,,,,,,0.24598007566607313,0.0019565608217091794,0.0019565608217091794,0.0018901073499668461,6.645347174233336e-05,0.0,0.02470892746926682,0.13769468563585838,0.13769468563585838,0.13762823216416564,6.64534716927281e-05,0.0,0.26196343238784253,0.4055627265651055,0.40757976719567957,0.45532244725009025,0.45570562370498663,,,0.3245308822429873,0.07088215784169559,0.07088215784169559,0.926625726843663,0.0,0.9090423597991542,0.015525684790053191,0.8935166750091009,8.88467481482157e-06,0.01707916536857916,0.01707916536857916,,,,2.3819064368970097e-07,1.1937158772555764e-10,1.1937158772555764e-10,2.3819064368970097e-07,2.3819064368970097e-07,1.1937158772555764e-10,1.0,7.435680053278044e-08,,,,,,,,0.3000996139133756,0.036080006790448406,0.23725450491857558,1.0,0.0024928264521739078,0.07091037427221503,0.9265967992756111,1.5630390825586553e-06,297.7839054309809,309.43002170876355,0.000982123713672259,,,0.0902600881870167,48.22310857500472,0.0018717185775493706,0.000982123713672259,0.24598007566607313
693168,success,second_step,161661.25204090675,44.90590334469632,1100.0,0.9735489907227737,118.20240204060585,98.13500904698579,160.45580609456638,2.3638899376797197e-07,6.734088843437984e-06,0.00970075965668471,False,SUCCESS,900.0,solver_state,0.10923396795379227,0.10923396795379227,0.07032207596661667,1.0,,,,,,0.24384087716077818,0.0019246486094861882,0.0019246486094861882,0.0018593505243389903,6.529808514719803e-05,0.0,0.024526360667740124,0.13769304253090248,0.13769304253090248,0.1376277444458049,6.529808509759277e-05,0.0,0.26199523716563655,0.40446223657002184,0.40647405097926836,0.45418019035558765,0.45455902619381794,,,0.3249084693968572,0.07029412393499278,0.07029412393499278,0.9272372335847591,0.0,0.9090423597991542,0.015381742835001296,0.8936606169641529,8.886106100323695e-06,0.01692082076175171,0.01692082076175171,,,,2.3627253902392903e-07,1.164547440429392e-10,1.164547440429392e-10,2.3627253902392903e-07,2.3627253902392903e-07,1.164547440429392e-10,1.0,7.311733765041313e-08,,,,,,,,0.30016653503385504,0.036080114224877356,0.23746887649789633,1.0,0.0024693489598590123,0.07032207592339304,0.9272085751167479,1.5626173591410973e-06,298.13037285048756,309.43002170876355,0.0009821238850561648,,,0.09026089861456481,48.22310857500472,0.0018717353833416985,0.0009821238850561648,0.24384087716077818
693168,success,second_step,162561.25204090675,45.15590334469632,1100.0,0.9737617408171648,118.20846251506256,98.14148753597844,160.46006296579662,2.344835695893454e-07,6.731828266974282e-06,0.009752529041715752,False,SUCCESS,900.0,solver_state,0.10999057014023744,0.10999057014023744,0.06973912281925863,1.0,,,,,,0.24172185377973782,0.0018932702275079386,0.0018932702275079386,0.0018291066366609096,6.4163590847029e-05,0.0,0.0243449889553272,0.1376914286966262,0.1376914286966262,0.1376272651058288,6.416359079742373e-05,0.0,0.26202651073834515,0.4033649223382793,0.4053715203844976,0.45304015000094555,0.4534146972521832,,,0.32528277293377683,0.06971143260363465,0.06971143260363465,0.9278431463644318,0.0,0.9090423597991542,0.015239162038280284,0.8938031977608739,8.887523851160512e-06,0.016763973509053263,0.016763973509053263,,,,2.3436995888596444e-07,1.1361070338096869e-10,1.1361070338096869e-10,2.3436995888596444e-07,2.3436995888596444e-07,1.1361070338096869e-10,1.0,7.189901189311149e-08,,,,,,,,0.30023234063774046,0.036080219034146994,0.23768152178301788,1.0,0.0024461228566341918,0.0697391227764339,0.927814754366932,1.5621991858474467e-06,298.47382728006664,309.43002170876355,0.0009821240546049755,,,0.09026170036432735,48.22310857500472,0.001871752009183255,0.0009821240546049755,0.24172185377973782
693168,success,second_step,163461.25204090675,45.40590334469632,1100.0,0.9739727760297953,118.21452095515855,98.14796384222294,160.4643185800227,2.325936128495547e-07,6.729583333619762e-06,0.009804281048964691,False,SUCCESS,900.0,solver_state,0.11074521055010537,0.11074521055010537,0.0691614628764311,1.0,,,,,,0.2396228100895506,0.0018624165277488385,0.0018624165277488385,0.001799366931598504,6.304959615033464e-05,0.0,0.02416480744245589,0.13768984358948805,0.13768984358948805,0.13762679399338731,6.304959610072936e-05,0.0,0.2620572621884712,0.40227077094988545,0.4042721625573482,0.4519023289620133,0.45227263902640924,,,0.3256538238142649,0.0691340318759454,0.0691340318759454,0.9284435201433359,0.0,0.9090423597991542,0.015097928712045561,0.8939444310871086,8.888928203436979e-06,0.016608608553050633,0.016608608553050633,,,,2.324827752376141e-07,1.108376119405674e-10,1.108376119405674e-10,2.324827752376141e-07,2.324827752376141e-07,1.108376119405674e-10,1.0,7.070145694870658e-08,,,,,,,,0.30029704974844423,0.03608032128378004,0.23789245474601523,1.0,0.0024231451544712897,0.06916146283400133,0.9284153920115272,1.5617845272729626e-06,298.81429712855277,309.43002170876355,0.0009821242223405026,,,0.09026249353944908,48.22310857500472,0.0018717684572129483,0.0009821242223405026,0.2396228100895506
693168,success,second_step,164361.25204090675,45.65590334469632,1100.0,0.9741821102813599,118.22057737497153,98.15443798099328,160.46857294681277,2.3071899484016208e-07,6.7273538878921775e-06,0.009856015798685336,False,SUCCESS,900.0,solver_state,0.11149784743589032,0.11149784743589032,0.0685890446408672,1.0,,,,,,0.2375435523840582,0.001832078521816303,0.001832078521816303,0.0017701228057956432,6.195571602065996e-05,0.0,0.023985811196823824,0.13768828667646144,0.13768828667646144,0.13762633096049037,6.195571597105469e-05,0.0,0.262087500440553,0.401179769610048,0.4031759647667639,0.4507667299325004,0.4511328535880118,,,0.3260216526986659,0.06856187028011206,0.06856187028011206,0.9290384093439841,0.0,0.9090423597991542,0.014958029330401508,0.8940843304687527,8.890319291647717e-06,0.01645471101446402,0.01645471101446402,,,,2.3061086117623992e-07,1.0813366392215124e-10,1.0813366392215124e-10,2.3061086117623992e-07,2.3061086117623992e-07,1.0813366392215124e-10,1.0,6.952431287703541e-08,,,,,,,,0.3003606810596981,0.03608042103763079,0.2381016892437291,1.0,0.0024004129035895792,0.06858904459882847,0.9290105424975819,1.5613733484439296e-06,299.1518105293459,309.43002170876355,0.0009821243882842784,,,0.09026327824175451,48.22310857500472,0.0018717847295423068,0.0009821243882842784,0.2375435523840582
693168,success,second_step,165261.25204090675,45.90590334469632,1100.0,0.9743897573767161,118.22663178843932,98.16090996741039,160.47282607564014,2.2885958802215964e-07,6.725139776202595e-06,0.00990773340993667,False,SUCCESS,900.0,solver_state,0.11224843995736,0.11224843995736,0.06802181711140301,1.0,,,,,,0.23548388867364178,0.0018022473781449057,0.0018022473781449057,0.0017413658052231591,6.088157292174657e-05,0.0,0.023807995245139078,0.13768675743482275,0.13768675743482275,0.1376258758619506,6.0881572872141294e-05,0.0,0.26211723426392686,0.40009190564690367,0.4020829144024332,0.4496333555243486,0.4499953429339881,,,0.3263862899498101,0.06799489684021842,0.06799489684021842,0.9296278678552479,0.0,0.9090423597991542,0.014819450526793397,0.8942229092723608,8.891697248702936e-06,0.016302266189297976,0.016302266189297976,,,,2.2875409092189115e-07,1.0549710026848962e-10,1.0549710026848962e-10,2.2875409092189115e-07,2.2875409092189115e-07,1.0549710026848962e-10,1.0,6.836722600046708e-08,,,,,,,,0.3004232529412874,0.03608051835792832,0.2383092390187877,1.0,0.0023779231919210672,0.06802181706975145,0.9296002597383275,1.5609656148116697e-06,299.4863953428523,309.43002170876355,0.0009821245524575602,,,0.09026405457176627,48.22310857500472,0.0018718008282558635,0.0009821245524575602,0.23548388867364178
693168,success,second_step,166161.25204090675,46.15590334469632,1100.0,0.974595731005936,118.2326842093616,98.16737981644401,160.4770779758847,2.270152660121208e-07,6.7229408468290316e-06,0.009959434000597067,False,SUCCESS,900.0,solver_state,0.11299694817770078,0.11299694817770078,0.06745972977902172,1.0,,,,,,0.2334436286745243,0.0017729144192395725,0.0017729144192395725,0.0017130876225735976,5.982679666597502e-05,0.0,0.023631354574824466,0.13768525535194398,0.13768525535194398,0.1376254285553276,5.982679661636973e-05,0.0,0.26214647227544197,0.3990071665092979,0.40099299897262003,0.4485022082681199,0.4488601089871248,,,0.3267477656356572,0.06743306107228976,0.06743306107228976,0.9302119490368397,0.0,0.9090423597991542,0.014682179091458905,0.8943601807076953,8.893062205953788e-06,0.016151259546037897,0.016151259546037897,,,,2.2691233980468016e-07,1.0292620744063796e-10,1.0292620744063796e-10,2.2691233980468016e-07,2.2691233980468016e-07,1.0292620744063796e-10,1.0,6.722984879626234e-08,,,,,,,,0.3004847834446878,0.03608061330531856,0.2385151177006174,1.0,0.002355673144584783,0.06745972973775351,0.9301845971176617,1.5605612922466413e-06,299.81807915890977,309.43002170876355,0.0009821247148813336,,,0.09026482262872337,48.22310857500472,0.001871816755411532,0.0009821247148813336,0.2334436286745243
693168,success,second_step,167061.25204090675,46.40590334469632,1100.0,0.9748000447453469,118.23873465140137,98.17384754291447,160.48132865683374,2.2518590356861982e-07,6.7207569498904795e-06,0.010011117687378057,False,SUCCESS,900.0,solver_state,0.11374333305933777,0.11374333305933777,0.06690273262290859,1.0,,,,,,0.231422583798078,0.0017440711189669754,0.0017440711189669754,0.0016852800947009606,5.879102426601475e-05,0.0,0.023455884135686153,0.13768377992508962,0.13768377992508962,0.1376249889008732,5.8791024216409483e-05,0.0,0.26217522294212786,0.39792553976461115,0.39990620610204025,0.44737329061339925,0.44772715359632315,,,0.32710610953192354,0.0668763129803485,0.0668763129803485,0.9307907057237756,0.0,0.9090423597991542,0.014546201968937463,0.8944961578302167,8.894414293217123e-06,0.016001676722910176,0.016001676722910176,,,,2.2508548425239373e-07,1.0041931622607675e-10,1.0041931622607675e-10,2.2508548425239373e-07,2.2508548425239373e-07,1.0041931622607675e-10,1.0,6.611183979073685e-08,,,,,,,,0.30054529030860444,0.03608070593890526,0.23871933880644164,1.0,0.0023336599233698433,0.06690273258201994,0.9307636074946103,1.5601603470326156e-06,300.146889299199,309.43002170876355,0.0009821248755763165,,,0.09026558251059899,48.22310857500472,0.0018718325130409772,0.0009821248755763165,0.231422583798078
693168,success,second_step,167961.25204090675,46.65590334469632,1100.0,0.9750027120585586,118.24478312808688,98.18031316149458,160.4855781276833,2.2337137657891137e-07,6.71858793732127e-06,0.010062784585839424,False,SUCCESS,900.0,solver_state,0.11448755645944064,0.11448755645944064,0.06635077610651735,1.0,,,,,,0.22942056714013717,0.0017157090998942807,0.0017157090998942807,0.0016579352001046715,5.777389978960918e-05,0.0,0.023281578841547086,0.13768233066121768,0.13768233066121768,0.13762455676147767,5.777389974000391e-05,0.0,0.262203494583816,0.39684701309663306,0.3988225235297847,0.4462466049292111,0.44659647853693785,,,0.3274613511246922,0.06632460305248111,0.06632460305248111,0.9313641902308163,0.0,0.9090423597991542,0.01441150625563581,0.8946308535435183,8.895753638799704e-06,0.015853503525204173,0.015853503525204173,,,,2.2327340177833316e-07,9.797480057821242e-11,9.797480057821242e-11,2.2327340177833316e-07,2.2327340177833316e-07,9.797480057821242e-11,1.0,6.501286345519816e-08,,,,,,,,0.3006047909644161,0.036080796316289854,0.2389219157422688,1.0,0.0023118807262271163,0.06635077606600448,0.9313373432077683,1.5597627458609405e-06,300.47285281963815,309.43002170876355,0.000982125034562963,,,0.09026633431411801,48.22310857500472,0.0018718481031499777,0.000982125034562963,0.22942056714013717
693168,success,second_step,168861.25204090675,46.90590334469632,1100.0,0.9752037462974796,118.25082965281302,98.18677668671137,160.48982639753922,2.2157156204586204e-07,6.716433662845812e-06,0.010114434810402306,False,SUCCESS,900.0,solver_state,0.1152295811251263,0.1152295811251263,0.06580381117364834,1.0,,,,,,0.22743739347031697,0.0016878201306744485,0.0016878201306744485,0.0016310450564570242,5.677507421742441e-05,0.0,0.0231084335718459,0.13768090707678532,0.13768090707678532,0.1376241320026175,5.677507416781915e-05,0.0,0.26223129537571527,0.39577157430348237,0.39774193910728733,0.4451221535044499,0.44546808551113115,,,0.3278135196130074,0.06577788225691693,0.06577788225691693,0.9319324543568895,0.0,0.9090423597991542,0.014278079197448069,0.8947642806017061,8.897080369521864e-06,0.015706725922654142,0.015706725922654142,,,,2.2147597096937562e-07,9.559107648641767e-11,9.559107648641767e-11,2.2147597096937562e-07,2.2147597096937562e-07,9.559107648641767e-11,1.0,6.393259010362731e-08,,,,,,,,0.3006633025415258,0.036080884493610375,0.23912286180386927,1.0,0.0022903327867692877,0.06580381113350753,0.9319058560797231,1.5593684558248761e-06,300.7959965127633,309.43002170876355,0.0009821251918614667,,,0.09026707813477429,48.22310857500472,0.0018718635277187841,0.0009821251918614667,0.22743739347031697
693168,success,second_step,169761.25204090675,47.15590334469632,1100.0,0.9754031607033209,118.25687423884318,98.19323813294795,160.4940734754181,2.1978633807512665e-07,6.71429398195368e-06,0.010166068474364298,False,SUCCESS,900.0,solver_state,0.11596937068836903,0.11596937068836903,0.06526178924453871,1.0,,,,,,0.22547287922133782,0.0016603961234772672,0.0016603961234772672,0.0016046019181733743,5.5794205303892825e-05,0.0,0.022936443173201808,0.13767950869755818,0.13767950869755818,0.1376237144923039,5.579420525428756e-05,0.0,0.2622586333509436,0.3946992112955718,0.39666444079633617,0.4439999385483229,0.44434197614824034,,,0.32816264391145145,0.06523610203811912,0.06523610203811912,0.9324955493894923,0.0,0.9090423597991542,0.014145908187428839,0.8948964516117253,8.898394610740646e-06,0.015561330046879518,0.015561330046879518,,,,2.1969307147425084e-07,9.326660087580984e-11,9.326660087580984e-11,2.1969307147425084e-07,2.1969307147425084e-07,9.326660087580984e-11,1.0,6.287069579207663e-08,,,,,,,,0.30072084187261905,0.036080970525579216,0.2393221901777417,1.0,0.002269013373779159,0.0652617892047663,0.9324691974214546,1.5589774444140167e-06,301.1163469100935,309.43002170876355,0.0009821253474917645,,,0.09026781406684767,48.22310857500472,0.0018718787887024727,0.0009821253474917645,0.22547287922133782
693168,success,second_step,170661.25204090675,47.40590334469632,1100.0,0.9756009684075886,118.26291689931054,98.19969751444515,160.49831937024854,2.180155838625622e-07,6.712168751875064e-06,0.010217685689910772,False,SUCCESS,900.0,solver_state,0.11670688966062945,0.11670688966062945,0.0647246622119654,1.0,,,,,,0.2235268424783563,0.0016334291314653421,0.0016334291314653421,0.0015785981740243584,5.483095744098372e-05,0.0,0.022765602460946117,0.13767813505842388,0.13767813505842388,0.13762330410103252,5.483095739137845e-05,0.0,0.26228551640301473,0.39362991209361614,0.39559001666712745,0.44287996219080566,0.4432181520051585,,,0.32850875265270596,0.06469921431288818,0.06469921431288818,0.9330535261090703,0.0,0.9090423597991542,0.014014980763517735,0.8950273790356365,8.899696486372437e-06,0.015417302188881755,0.015417302188881755,,,,2.179245839920262e-07,9.099987053598697e-11,9.099987053598697e-11,2.179245839920262e-07,2.179245839920262e-07,9.099987053598697e-11,1.0,6.182686221975509e-08,,,,,,,,0.3007774254988319,0.036081054465520006,0.2395199139420685,1.0,0.0022479197907259935,0.06472466217255773,0.9330274180367162,1.5585896795087887e-06,301.4339302844804,309.43002170876355,0.0009821255014735406,,,0.09026854220342057,48.22310857500472,0.0018718938880312886,0.0009821255014735406,0.2235268424783563
693168,success,second_step,171561.25204090675,47.65590334469632,1100.0,0.9757971824330649,118.2689576472199,98.2061548453033,160.50256409087208,2.1625917968187255e-07,6.710057831556533e-06,0.010269286568130642,False,SUCCESS,900.0,solver_state,0.11744210342721212,0.11744210342721212,0.06419238243736079,1.0,,,,,,0.22159910296830215,0.001606911346314258,0.001606911346314258,0.0015530263447894226,5.388500152483542e-05,0.0,0.022595906220620895,0.1376767857032094,0.1376767857032094,0.13762290070173416,5.3885001475230145e-05,0.0,0.26231195228828236,0.39256366482668387,0.39451865489636173,0.4417622264831092,0.4420966145667279,,,0.32885187419009576,0.06416717146647836,0.06416717146647836,0.9336064347933791,0.0,0.9090423597991542,0.01388528460631398,0.8951570751928402,8.900986118915081e-06,0.015274628796596261,0.015274628796596261,,,,2.1617039026079458e-07,8.878942107796093e-11,8.878942107796093e-11,2.1617039026079458e-07,2.1617039026079458e-07,8.878942107796093e-11,1.0,6.080077663177393e-08,,,,,,,,0.3008330696748297,0.036081136365403485,0.23971604606766134,1.0,0.0022270493752897425,0.06419238239831425,0.933580568226396,1.5582051293750205e-06,301.74877265244294,309.43002170876355,0.0009821256538262283,,,0.09026926263639454,48.22310857500472,0.0018719088276109893,0.0009821256538262283,0.22159910296830215
693168,success,second_step,172461.25204090675,47.90590334469632,1100.0,0.9759918156947786,118.27499649544912,98.21261013948397,160.5068076460443,2.1451700687247677e-07,6.707961081637181e-06,0.010320871219027916,False,SUCCESS,900.0,solver_state,0.11817497824136328,0.11817497824136328,0.06366490274694167,1.0,,,,,,0.21968948204922192,0.001580835095776152,0.001580835095776152,0.0015278790809509675,5.295601482518455e-05,0.0,0.022427349209445314,0.1376754601845022,0.1376754601845022,0.1376225041697266,5.295601477557928e-05,0.0,0.2623379486283415,0.39150045773029,0.3934503437653801,0.440646733398158,0.4409773652461449,,,0.3291920366001172,0.06363992634872741,0.06363992634872741,0.9341543252218227,0.0,0.9090423597991542,0.013756807536899538,0.8952855522622546,8.90226362946954e-06,0.015133296472497716,0.015133296472497716,,,,2.1443037304655822e-07,8.66338259185474e-11,8.66338259185474e-11,2.1443037304655822e-07,2.1443037304655822e-07,8.66338259185474e-11,1.0,5.97921317235251e-08,,,,,,,,0.3008877903737983,0.036081216275882455,0.2399105994188961,1.0,0.002206399498892986,0.06366490270825267,0.9341286977928545,1.5578237626585966e-06,302.0608997764868,309.43002170876355,0.000982125804569016,,,0.09026997545650634,48.22310857500472,0.001871923609323178,0.000982125804569016,0.21968948204922192
693168,success,second_step,173361.25204090675,48.15590334469632,1100.0,0.9761848810009638,118.28103345675059,98.21906341081153,160.51105004443582,2.127889478275953e-07,6.705878364425085e-06,0.010372439751535456,False,SUCCESS,900.0,solver_state,0.11890548121811848,0.11890548121811848,0.06314217642785197,1.0,,,,,,0.2177978026996296,0.0015551928412859527,0.0015551928412859527,0.0015031491604284228,5.204368085752992e-05,0.0,0.022259926157750288,0.13767415806347522,0.13767415806347522,0.1376221143826673,5.2043680807924646e-05,0.0,0.26236351291238835,0.3904402791445301,0.3923850716583406,0.4395334848310791,0.43986040538537735,,,0.32952926768494895,0.06311743227019999,0.06311743227019999,0.9346972466797715,0.0,0.9090423597991542,0.013629537514709526,0.8954128222844446,8.903529137761057e-06,0.014993291971257386,0.014993291971257386,,,,2.127044161323038e-07,8.453169529149145e-11,8.453169529149145e-11,2.127044161323038e-07,2.127044161323038e-07,8.453169529149145e-11,1.0,5.8800625546665814e-08,,,,,,,,0.3009416032923495,0.03608129424632578,0.24010358675463797,1.0,0.00218596756624042,0.063142176389517,0.9346718560442426,1.5574455483801814e-06,302.3703371674086,309.43002170876355,0.000982125953720849,,,0.09027068075334388,48.22310857500472,0.0018719382350256344,0.000982125953720849,0.2177978026996296
693168,success,second_step,174261.25204090675,48.40590334469632,1100.0,0.9763763910540086,118.28706854375285,98.22551467297494,160.51529129463327,2.1107488598254772e-07,6.703809543874078e-06,0.010423992273528082,False,SUCCESS,900.0,solver_state,0.1196335803279111,0.1196335803279111,0.0626241572243193,1.0,,,,,,0.21592388950786431,0.0015299771756095402,0.0015299771756095402,0.0014788294863515702,5.1147689257969944e-05,0.0,0.022093631770381865,0.13767287890971555,0.13767287890971555,0.1376217312205072,5.114768920836467e-05,0.0,0.262388652499539,0.3893831175122539,0.39132282706043364,0.43842248259970096,0.4387457362555917,,,0.329863594974947,0.06259964299834496,0.06259964299834496,0.9352352479628582,0.0,0.9090423597991542,0.01350346263544848,0.8955388971637057,8.904782762159887e-06,0.014854602197450913,0.014854602197450913,,,,2.109924043072631e-07,8.248167528462571e-11,8.248167528462571e-11,2.109924043072631e-07,2.109924043072631e-07,8.248167528462571e-11,1.0,5.782596141668293e-08,,,,,,,,0.3009945238553415,0.03608137032485154,0.24029502072915704,1.0,0.002165751014865737,0.06262415718633485,0.9352100917987994,1.5570704559300138e-06,302.67711008658534,309.43002170876355,0.000982126101300431,,,0.09027137861536176,48.22310857500472,0.0018719527065526368,0.000982126101300431,0.21592388950786431
693168,success,second_step,175161.25204090675,48.65590334469632,1100.0,0.9765663584513928,118.29310176896195,98.23196393952928,160.5195314051404,2.0937470580325553e-07,6.701754485560912e-06,0.010475528891833896,False,SUCCESS,900.0,solver_state,0.12035924438995149,0.12035924438995149,0.06211079933382583,1.0,,,,,,0.21406756866145543,0.0015051808205331116,0.0015051808205331116,0.0014549130848724575,5.026773566065411e-05,0.0,0.021928460728074,0.13767162230105642,0.13767162230105642,0.1376213545654454,5.026773561104884e-05,0.0,0.2624133746211077,0.38832896137727785,0.39026359855613496,0.4373137284450617,0.43763335905759143,,,0.330195045731123,0.06208651275366705,0.06208651275366705,0.9357683773812534,0.0,0.9090423597991542,0.013378571129051277,0.8956637886701029,8.906024619701562e-06,0.014717214203315199,0.014717214203315199,,,,2.0929422335635315e-07,8.048244690237751e-11,8.048244690237751e-11,2.0929422335635315e-07,2.0929422335635315e-07,8.048244690237751e-11,1.0,5.686784782201126e-08,,,,,,,,0.3010465672206165,0.0360814445583593,0.24048491389303356,1.0,0.0021457473146857375,0.062110799296188415,0.9357434533891258,1.5566984550627879e-06,302.98124354824813,309.43002170876355,0.0009821262473262325,,,0.0902720691298968,48.22310857500472,0.001871967025715284,0.0009821262473262325,0.21406756866145543
693168,success,second_step,176061.25204090675,48.90590334469632,1100.0,0.9767547956866158,118.29913314476299,98.23841122389737,160.52377038437902,2.0768829277494512e-07,6.699713056662669e-06,0.010527049712248493,False,SUCCESS,900.0,solver_state,0.12108244306538693,0.12108244306538693,0.061602057403293754,1.0,,,,,,0.2122286679364953,0.0014807966245930385,0.0014807966245930385,0.0014313931030152482,4.940352157779026e-05,0.0,0.02176440768879114,0.13767038782341298,0.13767038782341298,0.1376209843018848,4.9403521528184985e-05,0.0,0.26243768638284554,0.387277799382636,0.38920737482749607,0.43620722403192713,0.4365232749222644,,,0.3305236469476063,0.0615779962059132,0.0615779962059132,0.9362966827639186,0.0,0.9090423597991542,0.013254851357687425,0.8957875084414667,8.907254826106742e-06,0.014581115186553003,0.014581115186553003,,,,2.0760976004979216e-07,7.853272515295791e-11,7.853272515295791e-11,2.0760976004979216e-07,2.0760976004979216e-07,7.853272515295791e-11,1.0,5.592599833468027e-08,,,,,,,,0.3010977482836563,0.03608151699256151,0.2406732786940543,1.0,0.002125953967561529,0.061602057365999975,0.9362719886664385,1.5563295158925902e-06,303.28276232174153,309.43002170876355,0.0009821263918164884,,,0.09027275238318312,48.22310857500472,0.0018719811943018084,0.0009821263918164884,0.2122286679364953
693168,success,second_step,176961.25204090675,49.15590334469632,1100.0,0.9769417151501133,118.30516268342157,98.24485653937144,160.5280082406898,2.0601553339104444e-07,6.697685125934532e-06,0.010578554839545617,False,SUCCESS,900.0,solver_state,0.12180314685025292,0.12180314685025292,0.061097886525285756,1.0,,,,,,0.2104070166870204,0.00145681756084551,0.00145681756084551,0.0014082628065633588,4.855475428215122e-05,0.0,0.02160146728904122,0.13766917507062132,0.13766917507062132,0.13762062031638878,4.855475423254595e-05,0.0,0.2624615947671405,0.3862296202688679,0.38815414465247083,0.43510297094931666,0.4354154849110405,,,0.33084942535408873,0.061074048470273645,0.061074048470273645,0.9368202114628371,0.0,0.9090423597991542,0.013132291813807517,0.8959100679853467,8.908473495800641e-06,0.014446292488183934,0.014446292488183934,,,,2.0593890213288485e-07,7.663125815958391e-11,7.663125815958391e-11,2.0593890213288485e-07,2.0593890213288485e-07,7.663125815958391e-11,1.0,5.500013152246435e-08,,,,,,,,0.3011480816821575,0.03608158767201415,0.2408601274780991,1.0,0.0021063685068666606,0.06109788648833219,0.9367957450048012,1.5559636088879172e-06,303.58169093376705,309.43002170876355,0.0009821265347892036,,,0.09027342846036703,48.22310857500472,0.0018719952140778843,0.0009821265347892036,0.2104070166870204
693168,success,second_step,177861.25204090675,49.40590334469632,1100.0,0.9771271291301652,118.31119039708511,98.25129989911454,160.53224498233348,2.0435631514226917e-07,6.695670563687896e-06,0.01063004437749071,False,SUCCESS,900.0,solver_state,0.12252132706822488,0.12252132706822488,0.06059824223422054,1.0,,,,,,0.20860244583440024,0.001433236724675287,0.001433236724675287,0.0013855155779832619,4.772114669202528e-05,0.0,0.021439634145159505,0.13766798364428084,0.13766798364428084,0.13762026249763842,4.772114664242001e-05,0.0,0.2624851066351783,0.38518441287234256,0.3871038969032774,0.43400097071103755,0.4343099900163578,,,0.33117240741825427,0.06057462510359852,0.06057462510359852,0.9373390103572233,0.0,0.9090423597991542,0.013010881118230734,0.8960314786809234,8.909680741932034e-06,0.01431273359044059,0.01431273359044059,,,,2.0428153831597407e-07,7.477682629510138e-11,7.477682629510138e-11,2.0428153831597407e-07,2.0428153831597407e-07,7.477682629510138e-11,1.0,5.4089970862511945e-08,,,,,,,,0.30119758180052775,0.036081656640146495,0.2410454724900187,1.0,0.0020869884970620505,0.06059824219760385,0.9373147693053341,1.5556007048667644e-06,303.87805367061196,309.43002170876355,0.0009821266762621583,,,0.09027409744552173,48.22310857500472,0.0018720090867869333,0.0009821266762621583,0.20860244583440024
693168,success,second_step,178761.25204090675,49.65590334469632,1100.0,0.9773110498137932,118.31721629778441,98.25774131616222,160.53648061749175,2.0271052650589204e-07,6.69366924176872e-06,0.010681518428852455,False,SUCCESS,900.0,solver_state,0.12323695586318051,0.12323695586318051,0.06010308050260407,1.0,,,,,,0.20681478785673585,0.0014100473316428813,0.0014100473316428813,0.0013631449143843247,4.690241725855667e-05,0.0,0.02127890285456387,0.13766681315360008,0.13766681315360008,0.13761991073639113,4.69024172089514e-05,0.0,0.26250822872906704,0.38414216612361834,0.3860566205447948,0.4329012247562275,0.4332067911621372,,,0.3314926193481909,0.0600796821006297,0.0600796821006297,0.9378531258577099,0.0,0.9090423597991542,0.012890608018272215,0.8961517517808819,8.910876676391893e-06,0.014180426114708555,0.014180426114708555,,,,2.0263755826455264e-07,7.296824133939304e-11,7.296824133939304e-11,2.0263755826455264e-07,2.0263755826455264e-07,7.296824133939304e-11,1.0,5.31952446564293e-08,,,,,,,,0.301246262774304,0.03608172393929016,0.24122932587450308,1.0,0.0020678115332775655,0.0601030804663209,0.9378291080004015,1.5552407749917763e-06,304.1718745803631,309.43002170876355,0.0009821268162529062,,,0.09027475942166174,48.22310857500472,0.0018720228141504232,0.0009821268162529062,0.20681478785673585
693168,success,second_step,179661.25204090675,49.90590334469632,1100.0,0.9774934892876486,118.32324039743487,98.264180803424,160.540715154268,2.0107805693519125e-07,6.6916810335362624e-06,0.010732977095413432,False,SUCCESS,900.0,solver_state,0.12395000619158204,0.12395000619158204,0.059612357737276425,1.0,,,,,,0.20504387677826663,0.001387242715369501,0.001387242715369501,0.0013411444255140776,4.609828985542339e-05,0.0,0.021119267996981946,0.13766566321524543,0.13766566321524543,0.1376195649254396,4.609828980581812e-05,0.0,0.26253096767392325,0.3831028690458371,0.3850123046329935,0.43180373444990333,0.4321058892042647,,,0.3318100870947872,0.05958917589024873,0.05958917589024873,0.9383626039105125,0.0,0.9090423597991542,0.012771461385909264,0.8962708984132449,8.912061409831608e-06,0.014049357819509114,0.014049357819509114,,,,2.0100685258953227e-07,7.120434565897195e-11,7.120434565897195e-11,2.0100685258953227e-07,2.0100685258953227e-07,7.120434565897195e-11,1.0,5.231568594679523e-08,,,,,,,,0.3012941384944948,0.03608178961070736,0.24141169967694118,1.0,0.002048835240900119,0.05961235770132349,0.9383388070577764,1.554883790765478e-06,304.46317747510557,309.43002170876355,0.0009821269547787817,,,0.09027541447075715,48.22310857500472,0.0018720363978681628,0.0009821269547787817,0.20504387677826663
693168,success,second_step,180561.25204090675,50.15590334469632,1100.0,0.9776744595388902,118.32926270783793,98.27061837368485,160.54494860068854,1.9945879684907264e-07,6.689705813842061e-06,0.010784420477983225,False,SUCCESS,900.0,solver_state,0.12466045181468824,0.12466045181468824,0.05912603077567484,1.0,,,,,,0.20328954815878703,0.001364816325459108,0.001364816325459108,0.001319507831788307,4.530849367080094e-05,0.0,0.020960724135650664,0.13766453345319324,0.13766453345319324,0.13761922495957205,4.530849362119568e-05,0.0,0.26255332997992253,0.3820665107531529,0.3839709383133992,0.43070850108351766,0.431007284931082,,,0.33212483635411183,0.05910306333174055,0.05910306333174055,0.9388674900015717,0.0,0.9090423597991542,0.01265343021598527,0.8963889295831688,8.913235051680852e-06,0.013919516598523468,0.013919516598523468,,,,1.9938931283766448e-07,6.948401140817595e-11,6.948401140817595e-11,1.9938931283766448e-07,1.9938931283766448e-07,6.948401140817595e-11,1.0,5.1451032435083356e-08,,,,,,,,0.3013412226118469,0.03608185369461846,0.24159260584427175,1.0,0.0020300572751681496,0.059126030740048865,0.9388439119847829,1.5545297240255596e-06,304.75198593310574,309.43002170876355,0.0009821270918569005,,,0.09027606267374759,48.22310857500472,0.001872049839618593,0.0009821270918569005,0.20328954815878703
693168,success,second_step,181461.25204090675,50.40590334469632,1100.0,0.9778539724560544,118.33528324068243,98.27705403960668,160.5491809647032,1.978526376218616e-07,6.6877434590092595e-06,0.010835848676409743,False,SUCCESS,900.0,solver_state,0.12536826729060466,0.12536826729060466,0.058644056882113035,1.0,,,,,,0.20155163908307328,0.0013427617254569493,0.0013427617254569493,0.0012982289623553874,4.453276310156196e-05,0.0,0.02080326581848866,0.13766342349858496,0.13766342349858496,0.137618890735533,4.453276305195669e-05,0.0,0.2625753220443144,0.38103308044919293,0.38293251081958773,0.42961552587552126,0.4299109790638834,,,0.33243689256977665,0.05862130171107385,0.05862130171107385,0.9393678291606731,0.0,0.9090423597991542,0.012536503624450406,0.8965058561747038,8.914397710165073e-06,0.013790890478657395,0.013790890478657395,,,,1.977848314821102e-07,6.780613975139492e-11,6.780613975139492e-11,1.977848314821102e-07,1.977848314821102e-07,6.780613975139492e-11,1.0,5.060102640096886e-08,,,,,,,,0.3013875285410385,0.036081916230228724,0.24177205622582565,1.0,0.0020114753207723553,0.05864405684681081,0.9393444678324169,1.554178546940242e-06,305.03832330098044,309.43002170876355,0.0009821272275041646,,,0.09027670411055601,48.22310857500472,0.001872063141059072,0.0009821272275041646,0.20155163908307328
693168,success,second_step,182361.25204090675,50.65590334469632,1100.0,0.978032039829914,118.34130200754592,98.28348781372982,160.55341225418636,1.9625947157325935e-07,6.685793846812194e-06,0.010887261789589653,False,SUCCESS,900.0,solver_state,0.12607342796618215,0.12607342796618215,0.058166393744077234,1.0,,,,,,0.19982998815032035,0.0013210725908439276,0.0013210725908439276,0.001277301753194265,4.377083764966258e-05,0.0,0.02064688757924201,0.1376623329895849,0.1376623329895849,0.13761856215198484,4.377083760005731e-05,0.0,0.2625969501534016,0.3800025674255512,0.38189701147171373,0.4285248099719319,0.42881697225742027,,,0.33274628093528397,0.05814384873719789,0.05814384873719789,0.9398636659655433,0.0,0.9090423597991542,0.012420670846638044,0.8966216889525161,8.915549492322636e-06,0.013663467618145204,0.013663467618145204,,,,1.9619330191315358e-07,6.616966010577635e-11,6.616966010577635e-11,1.9619330191315358e-07,1.9619330191315358e-07,6.616966010577635e-11,1.0,4.976541462299718e-08,,,,,,,,0.30143306946479936,0.0360819772557545,0.24195006257415955,1.0,0.0019930870914625556,0.058166393709095564,0.9398405191994419,1.5538302320036973e-06,305.32221269585017,309.43002170876355,0.0009821273617372618,,,0.09027733886010225,48.22310857500472,0.001872076303826156,0.0009821273617372618,0.19982998815032035
693168,success,second_step,183261.25204090675,50.90590334469632,1100.0,0.97820867335433,118.34731901989588,98.2899197084744,160.5576424769379,1.946791919584603e-07,6.683856856456298e-06,0.010938659915479931,False,SUCCESS,900.0,solver_state,0.12677590996877158,0.12677590996877158,0.05769299946853887,1.0,,,,,,0.19812443546358968,0.0012997427070661934,0.0012997427070661934,0.0012567202452455253,4.302246182066801e-05,0.0,0.020491583938603807,0.13766126157124173,0.13766126157124173,0.13761823910947066,4.3022461771062735e-05,0.0,0.26261822048448524,0.37897496106031464,0.38086442967506795,0.4274363544469084,0.427725265100411,,,0.3330530263963568,0.05767066253835625,0.05767066253835625,0.9403550445459246,0.0,0.9090423597991542,0.01230592123557598,0.8967364385635782,8.91669050402161e-06,0.013537236304691981,0.013537236304691981,,,,1.9461461842905643e-07,6.457352940387011e-11,6.457352940387011e-11,1.9461461842905643e-07,1.9461461842905643e-07,6.457352940387011e-11,1.0,4.894394830059236e-08,,,,,,,,0.30147785833796004,0.0360820368084486,0.2421266365458814,1.0,0.0019748903296605523,0.05769299943387458,0.9403321102364648,1.5534847520315437e-06,305.6036770074775,309.43002170876355,0.000982127494572673,,,0.0902779670003164,48.22310857500472,0.001872089329535877,0.000982127494572673,0.19812443546358968
693168,success,second_step,184161.25204090675,51.15590334469632,1100.0,0.9783838846270926,118.35333428909118,98.29634973614182,160.56187164068402,1.931116929584254e-07,6.681932368558269e-06,0.01099004315110963,False,SUCCESS,900.0,solver_state,0.12747569019784452,0.12747569019784452,0.057223832578284575,1.0,,,,,,0.19643482261926837,0.0012787659675993523,0.0012787659675993523,0.0012364785825749818,4.228738502437051e-05,0.0,0.020337349405308035,0.13766020889535172,0.13766020889535172,0.13761792151037694,4.228738497476524e-05,0.0,0.26263913910777564,0.37795025081661854,0.3798347549186661,0.4263501603033306,0.4266358581160574,,,0.33335715365325336,0.05720170165841756,0.05720170165841756,0.9408420085876255,0.0,0.9090423597991542,0.012192244260331496,0.8968501155388227,8.917820849976227e-06,0.01341218495365307,0.01341218495365307,,,,1.9304867622704974e-07,6.301673137568655e-11,6.301673137568655e-11,1.9304867622704974e-07,1.9304867622704974e-07,6.301673137568655e-11,1.0,4.813638297738315e-08,,,,,,,,0.30152190789143063,0.03608209492462506,0.24230178970246752,1.0,0.0019568828060788817,0.05722383254393453,0.9408192846499865,1.5531420801563957e-06,305.88273890039056,309.43002170876355,0.0009821276260266706,,,0.09027858860815202,48.22310857500472,0.0018721022197840172,0.0009821276260266706,0.19643482261926837
693168,success,second_step,185061.25204090675,51.40590334469632,1100.0,0.9785576851507551,118.35934782638319,98.30277790891618,160.56609975307794,1.9155686967030866e-07,6.680020265126556e-06,0.011041411592589201,False,SUCCESS,900.0,solver_state,0.12817274631648765,0.12817274631648765,0.05675885200826338,1.0,,,,,,0.19476099269654007,0.0012581363720466853,0.0012581363720466853,0.0012165710105692309,4.156536147745435e-05,0.0,0.020184178477198122,0.1376591746203259,0.1376591746203259,0.13761760925889804,4.156536142784908e-05,0.0,0.2626597119882701,0.3769284262412334,0.37880797677386685,0.4252662778366851,0.42554875176256685,,,0.3336586871630648,0.05673692505322382,0.05673692505322382,0.9413246013365485,0.0,0.9090423597991542,0.012079629504389422,0.8969627302947647,8.91894063376301e-06,0.013288302106249837,0.013288302106249837,,,,1.9149537139445899e-07,6.149827584965684e-11,6.149827584965684e-11,1.9149537139445899e-07,1.9149537139445899e-07,6.149827584965684e-11,1.0,4.734247846582545e-08,,,,,,,,0.30156523063611024,0.0360821516396833,0.24247553351107187,1.0,0.0019390623193453265,0.056758851974224506,0.9413020857064301,1.5528021898234867e-06,306.1594208159919,309.43002170876355,0.0009821277561153242,,,0.09027920375959902,48.22310857500472,0.0018721149761463751,0.0009821277561153242,0.19476099269654007
693168,success,second_step,185961.25204090675,51.65590334469632,1100.0,0.9787300863334585,118.36535964291711,98.30920423886553,160.57032682170095,1.9001461809803103e-07,6.678120429542096e-06,0.01109276533512249,False,SUCCESS,900.0,solver_state,0.12886705674277973,0.12886705674277973,0.056298017101951564,1.0,,,,,,0.1931027902468679,0.0012378480242707937,0.0012378480242707937,0.0011969918741626304,4.085615010816322e-05,0.0,0.020032065642270735,0.13765815841105927,0.13765815841105927,0.13761730226100072,4.085615005855795e-05,0.0,0.2626799449875977,0.37590947696318117,0.3777840848930183,0.42418466807734534,0.42446394643367913,,,0.3339576511419969,0.0562762920869561,0.0562762920869561,0.9418028656026949,0.0,0.9090423597991542,0.011968066664062266,0.8970742931350919,8.920049957836581e-06,0.013165576427820722,0.013165576427820722,,,,1.8995460089995902e-07,6.00171980719968e-11,6.00171980719968e-11,1.8995460089995902e-07,1.8995460089995902e-07,6.00171980719968e-11,1.0,4.656199877309975e-08,,,,,,,,0.3016078388667295,0.03608220698813156,0.2426478793453269,1.0,0.0019214266956330836,0.056298017068220775,0.9417805562361461,1.5524650547863496e-06,306.4337449746515,309.43002170876355,0.000982127884854502,,,0.09027981252969648,48.22310857500472,0.0018721276001790318,0.000982127884854502,0.1931027902468679
693168,success,second_step,186861.25204090675,51.90590334469632,1100.0,0.9789010994897467,118.37136974973322,98.3156287379434,160.57455285406323,1.8848483514300052e-07,6.676232746539345e-06,0.011144104473017169,False,SUCCESS,900.0,solver_state,0.1295586006410594,0.1295586006410594,0.05584128760773521,1.0,,,,,,0.19146006128349094,0.0012178951305580948,0.0012178951305580948,0.001177735616095168,4.0159514462926734e-05,0.0,0.019881005379695206,0.1376571599388028,0.1376571599388028,0.13761700042438946,4.015951441332146e-05,0.0,0.2626998438658321,0.37489339269238,0.3767630690081333,0.4231053214054497,0.4233814424591985,,,0.33425406956763526,0.05581976252851807,0.05581976252851807,0.9422768437641458,0.0,0.9090423597991542,0.011857545546931608,0.8971848142522225,8.921148923545159e-06,0.013043996706106677,0.013043996706106677,,,,1.8842626258495653e-07,5.857255804398917e-11,5.857255804398917e-11,1.8842626258495653e-07,1.8842626258495653e-07,5.857255804398917e-11,1.0,4.579471202826293e-08,,,,,,,,0.3016497446656253,0.036082261003609825,0.24281883848613683,1.0,0.0019039737882964728,0.05584128757430948,0.9422547386373941,1.5521306491025598e-06,306.70573337778603,309.43002170876355,0.000982128012259874,,,0.09028041499254516,48.22310857500472,0.001872140093418611,0.000982128012259874,0.19146006128349094
693168,success,second_step,187761.25204090675,52.15590334469632,1100.0,0.9790707358413754,118.37737815776802,98.32205141798994,160.57877785760448,1.869674185949722e-07,6.674357102187584e-06,0.011195429099694287,False,SUCCESS,900.0,solver_state,0.1302473579130916,0.1302473579130916,0.055388623675310895,1.0,,,,,,0.18983265327093313,0.0011982719978155952,0.0011982719978155952,0.0011587967752006915,3.9475222614903735e-05,0.0,0.019730992160809004,0.13765617888103815,0.13765617888103815,0.13761670365847284,3.947522256529847e-05,0.0,0.2627194142832724,0.3738801632183174,0.37574491892959155,0.42202823855599086,0.42230124010553005,,,0.33454796618119464,0.05536729654793768,0.05536729654793768,0.9427465777710199,0.0,0.9090423597991542,0.011748056070319934,0.8972943037288342,8.922237631145752e-06,0.012923551849570107,0.012923551849570107,,,,1.869102551550955e-07,5.7163439876712e-11,5.7163439876712e-11,1.869102551550955e-07,1.869102551550955e-07,5.7163439876712e-11,1.0,4.50403904106338e-08,,,,,,,,0.30169095990645073,0.03608231371891207,0.2429884221224633,1.0,0.001886701477512076,0.0553886236421872,0.9427246748803007,1.5517989471295412e-06,306.975407809922,309.43002170876355,0.0009821281383469143,,,0.09028101122132,48.22310857500472,0.0018721524573825372,0.0009821281383469143,0.18983265327093313
693168,success,second_step,188661.25204090675,52.40590334469632,1100.0,0.9792390065181109,118.38338487785549,98.32847229073343,160.58300183969493,1.85462267123047e-07,6.6724933838724874e-06,0.011246739307698927,False,SUCCESS,900.0,solver_state,0.13093330918914103,0.13093330918914103,0.05493998585210444,1.0,,,,,,0.1882204151145268,0.0011789730317993859,0.0011789730317993859,0.001140169984724985,3.880304707440087e-05,0.0,0.019582020450089742,0.13765521492135524,0.13765521492135524,0.13761641187433044,3.8803047024795605e-05,0.0,0.26273866180219274,0.37286977840875113,0.3747296245448693,0.42095342019550863,0.42122333957622055,,,0.33483936448975166,0.05491885471278691,0.05491885471278691,0.9432121091494073,0.0,0.9090423597991542,0.011639588259792109,0.8974027715393621,8.923316179819067e-06,0.012804230885746386,0.012804230885746386,,,,1.8540647817188427e-07,5.5788951162752345e-11,5.5788951162752345e-11,1.8540647817188427e-07,1.8540647817188427e-07,5.5788951162752345e-11,1.0,4.429881007939229e-08,,,,,,,,0.3017314962578203,0.036082365166007956,0.2431566413521029,1.0,0.0018696076699252048,0.05493998581927981,0.943190406510795,1.5514699235204312e-06,307.2427898407449,309.43002170876355,0.0009821282631309043,,,0.0902816012882822,48.22310857500472,0.0018721646935692877,0.0009821282631309043,0.1882204151145268
693168,success,second_step,189561.25204090675,52.65590334469632,1100.0,0.9794059225585217,118.38938992072835,98.33489136779149,160.5872248076361,1.8396928026680374e-07,6.6706414802779545e-06,0.011298035188711752,False,SUCCESS,900.0,solver_state,0.13161643581895943,0.13161643581895943,0.054495335079708204,1.0,,,,,,0.18662319714995068,0.0011599927353743063,0.0011599927353743063,0.0011218499706731801,3.8142764701126126e-05,0.0,0.019434084706104075,0.13765426774933157,0.13765426774933157,0.13761612498468004,3.8142764651520855e-05,0.0,0.26275759188856174,0.37186222820843673,0.3737171758172951,0.4198936232115149,0.4201477410125032,,,0.33512828776846115,0.0544743979846201,0.0544743979846201,0.9436734790052808,0.0,0.9090423597991542,0.011532132247685734,0.8975102275514684,8.924384667684112e-06,0.012686022959627171,0.012686022959627171,,,,1.8391483204443928e-07,5.4448222364457954e-11,5.4448222364457954e-11,1.8391483204443928e-07,1.8391483204443928e-07,5.4448222364457954e-11,1.0,4.356975110437247e-08,,,,,,,,0.30177136518689174,0.036082415376064006,0.2433235071824576,1.0,0.0018526902983015923,0.05449533504717971,0.9436519746545187,1.5511435532200058e-06,307.50790082713286,309.43002170876355,0.0009821283866269337,,,0.09028218526479134,48.22310857500472,0.0018721768034586413,0.0009821283866269337,0.18662319714995068
693168,success,second_step,190461.25204090675,52.90590334469632,1100.0,0.9795714949107618,118.39539329701901,98.34130866067237,160.59144676866137,1.8248835842756345e-07,6.668801281368235e-06,0.011349316833556111,False,SUCCESS,900.0,solver_state,0.13229671986269556,0.13229671986269556,0.05405463269033701,1.0,,,,,,0.18504085113278224,0.0011413257068042415,0.0011413257068042415,0.0011038315501860037,3.749415661823787e-05,0.0,0.01928717938243402,0.13765333706041477,0.13765333706041477,0.13761584290384613,3.74941565686326e-05,0.0,0.2627762099137317,0.3708575026378818,0.3727075627848311,0.4188224846302587,0.4190744444938453,,,0.335414759062757,0.05403388771543065,0.05403388771543065,0.9441307280283816,0.0,0.9090423597991542,0.011425678271669635,0.8976166815274845,8.925443191812537e-06,0.012568917332074657,0.012568917332074657,,,,1.8243521802134515e-07,5.314040621828999e-11,5.314040621828999e-11,1.8243521802134515e-07,1.8243521802134515e-07,5.314040621828999e-11,1.0,4.285299739802987e-08,,,,,,,,0.3018105779628857,0.03608246437946413,0.24348903053129758,1.0,0.0018359473211842076,0.054054632658101724,0.9441094200207141,1.5508198114606654e-06,307.7707619151762,309.43002170876355,0.000982128508849905,,,0.09028276322131716,48.22310857500472,0.001872188788511926,0.000982128508849905,0.18504085113278224
693168,success,second_step,191361.25204090675,53.15590334469632,1100.0,0.9797357344333466,118.40139501726091,98.34772418077621,160.5956677299372,1.8101940285978025e-07,6.666972678370277e-06,0.011400584332209807,False,SUCCESS,900.0,solver_state,0.13297414408173389,0.13297414408173389,0.05361784040330271,1.0,,,,,,0.18347323022806705,0.0011229666380725228,0.0011229666380725228,0.0010861096299443719,3.685700812815084e-05,0.0,0.01914129892858093,0.13765242255580712,0.13765242255580712,0.13761556554772858,3.685700807854557e-05,0.0,0.2627945211560978,0.36985559179212596,0.3717007755588796,0.4177536243601713,0.41800345003850015,,,0.3356988011905361,0.05359728564412699,0.05359728564412699,0.9445838964960833,0.0,0.9090423597991542,0.01132021667332975,0.8977221431258244,8.926491848242695e-06,0.012452903378265963,0.012452903378265963,,,,1.8096753818262541e-07,5.186467715485215e-11,5.186467715485215e-11,1.8096753818262541e-07,1.8096753818262541e-07,5.186467715485215e-11,1.0,4.2148336648563945e-08,,,,,,,,0.3018491456605439,0.036082512205829725,0.24365322222751679,1.0,0.0018193767225550936,0.05361784037135775,0.9445627829060872,1.550498673758477e-06,308.03139404218103,309.43002170876355,0.0009821286298145348,,,0.09028333522745126,48.22310857500472,0.0018722006501722586,0.0009821286298145348,0.18347323022806705
693168,success,second_step,192261.25204090675,53.40590334469632,1100.0,0.9798986518959203,118.40739509188965,98.35413793939634,160.5998876985634,1.795623156625583e-07,6.665155563756349e-06,0.011451837773815532,False,SUCCESS,451.53395891885646,solver_state,0.13364869192947015,0.13364869192947015,0.053184920321507935,1.0,,,,,,0.18192018899990312,0.0011049103132319002,0.0011049103132319002,0.0010686792046018388,3.623110863006132e-05,0.0,0.018996437790847753,0.13765152394235272,0.13765152394235272,0.13761529283377227,3.623110858045605e-05,0.0,0.262812530802729,0.3688564858395457,0.3706968043231149,0.41668704264379874,0.4169347576040611,,,0.33598043674432665,0.053164553893027,0.053164553893027,0.9450330242772298,0.0,0.9090423597991542,0.011215737896781774,0.8978266219023724,8.927530731993433e-06,0.012337970586166968,0.012337970586166968,,,,1.7951169543182412e-07,5.0620230734182343e-11,5.0620230734182343e-11,1.7951169543182412e-07,1.7951169543182412e-07,5.0620230734182343e-11,1.0,4.14555602541768e-08,,,,,,,,0.30188707916352764,0.03608255888403917,0.24381609301188117,1.0,0.0018029765115021373,0.053184920289850446,0.9450121031986474,1.5501801159092708e-06,308.28981793865916,309.43002170876355,0.0009821287495353553,,,0.09028390135191863,48.22310857500472,0.0018722123898647857,0.0009821287495353553,0.18192018899990312
693168,success,second_step,192712.7859998256,53.531329444396,1100.0,0.9799797303791841,118.41040458546041,98.35735492444203,160.60200439651254,1.7924259911642072e-07,6.7178129529160185e-06,0.011477545271227685,False,SUCCESS,90.46787277504478,solver_state,0.16462574620195006,0.16462574620195006,0.0529705121744099,1.0,,,,,,0.11794671208578968,0.0010960006920898073,0.0010960006920898073,0.0010600780599668864,3.592263212292101e-05,0.0,0.01892426892872609,0.1376510809323886,0.1376510809323886,0.1376151583003153,3.592263207331574e-05,0.0,0.2628214175671179,0.36835729550992186,0.370195181986959,0.416153739842532,0.41640041011572854,,,0.3361199748429433,0.05295023893507805,0.05295023893507805,0.9452554479610878,0.0,0.9090423597991542,0.011189107343102342,0.8978532524560519,8.927795532658264e-06,0.012308675412633674,0.012308675412633674,,,,1.7919258874902697e-07,5.0010367393762343e-11,5.0010367393762343e-11,1.7919258874902697e-07,1.7919258874902697e-07,5.0010367393762343e-11,1.0,4.033719094108865e-08,,,,,,,,0.3019057977567684,0.036082581740792354,0.24389714863839174,1.0,0.0017948657071446582,0.05297051215859856,0.9452346221342568,1.5624617535770106e-06,308.4178556763182,309.43002170876355,0.0009821288087438756,,,0.09028418133153487,48.22310857500472,0.0018722181957869777,0.0009821288087438756,0.11794671208578968
693168,success,second_step,192803.25387260065,53.55645940905573,1100.0,0.9799959460758368,118.41101232964829,98.3580046413967,160.60243181099003,1.7921466206778288e-07,6.733309418662617e-06,0.011482736703530172,False,SUCCESS,18.096395088948626,solver_state,0.17483193333796926,0.17483193333796926,0.05292956862838526,1.0,,,,,,0.09948925069389672,0.0010942472468420848,0.0010942472468420848,0.0010584007518633534,3.584649497873135e-05,0.0,0.018909806677321082,0.13765097806660723,0.13765097806660723,0.1376151315716781,3.5846494929126086e-05,0.0,0.26282316648803405,0.368257310853376,0.370094709884943,0.41604672770027273,0.41629319400159626,,,0.3361472000134222,0.052909313076030896,0.052909313076030896,0.9452987253988389,0.0,0.9090423597991542,0.011186028407679089,0.897856331391475,8.92782614802424e-06,0.012305288402787473,0.012305288402787473,,,,1.7916476942824965e-07,4.98926395332326e-11,4.98926395332326e-11,1.7916476942824965e-07,1.7916476942824965e-07,4.98926395332326e-11,1.0,3.999787228556654e-08,,,,,,,,0.3019094469766266,0.03608258626512391,0.24391335981071288,1.0,0.001792513343868648,0.052929568625220066,0.9452779180309112,1.5660713296301423e-06,308.4428370202669,309.43002170876355,0.0009821288259160264,,,0.09028426253356345,48.22310857500472,0.0018722198796690618,0.0009821288259160264,0.09948925069389672
693168,success,second_step,192821.3502676896,53.56148618546933,1100.0,0.9799991892151674,118.411134178193,98.35813490942289,160.60251750241335,1.7920999694926523e-07,6.736250920555782e-06,0.011483777550129082,False,SUCCESS,3.619373233224635,solver_state,0.17683588662321859,0.17683588662321859,0.052921508716731666,1.0,,,,,,0.09599212608975113,0.0010938983431549958,0.0010938983431549958,0.0010580680241339484,3.5830319021047346e-05,0.0,0.018906912441677665,0.137650956552888,0.137650956552888,0.13761512623391656,3.5830318971442074e-05,0.0,0.2628235144888442,0.36823730835310015,0.3700746098430293,0.4160253068248239,0.416271732690875,,,0.3361526009542545,0.05290125662987221,0.05290125662987221,0.9453073000428293,0.0,0.9090423597991542,0.01118547006993967,0.8978568897292145,8.927831699850401e-06,0.012304674198473009,0.012304674198473009,,,,1.791601275903468e-07,4.986935891844161e-11,4.986935891844161e-11,1.791601275903468e-07,1.791601275903468e-07,4.986935891844161e-11,1.0,3.9930189207300995e-08,,,,,,,,0.3019101707939261,0.03608258716800082,0.24391660204716648,1.0,0.0017919949615423753,0.05292150871609863,0.9452864963223591,1.5667566036136438e-06,308.44779282984325,309.43002170876355,0.0009821288297001956,,,0.09028428042777942,48.22310857500472,0.0018722202507404527,0.0009821288297001956,0.09599212608975113
693168,success,second_step,192824.96964092282,53.56249156692301,1100.0,0.9799998378430335,118.41115855919594,98.35816097526373,160.60253464855532,1.792090981515866e-07,6.736831931397219e-06,0.011483985815923692,False,SUCCESS,0.7238782771350012,solver_state,0.17723430337546825,0.17723430337546825,0.05291990189475206,1.0,,,,,,0.09530157215163174,0.001093828634966968,0.001093828634966968,0.001058001588007237,3.58270469597311e-05,0.0,0.018906333521999608,0.13765095221359547,0.13765095221359547,0.13761512516668534,3.5827046910125836e-05,0.0,0.2628235840165364,0.36823330763014356,0.3700705896095956,0.4160210219038818,0.41626743969786073,,,0.33615367937730906,0.05289965049801896,0.05289965049801896,0.9453090116778898,0.0,0.9090423597991542,0.01118536053354598,0.8978569992656081,8.927832789024521e-06,0.012304553702004931,0.012304553702004931,,,,1.7915923343819603e-07,4.986471339055278e-11,4.986471339055278e-11,1.7915923343819603e-07,1.7915923343819603e-07,4.986471339055278e-11,1.0,3.99166854901773e-08,,,,,,,,0.3019103153161842,0.03608258734849665,0.24391725049453675,1.0,0.0017918894203226186,0.052919901894625455,0.9452882086850518,1.5668919656602429e-06,308.44878237212254,309.43002170876355,0.0009821288304706416,,,0.0902842840709927,48.22310857500472,0.00187222032628957,0.0009821288304706416,0.09530157215163174
693168,success,second_step,192825.69351919997,53.56269264422221,1100.0,0.9799999675686066,118.4111634358421,98.35816618891461,160.60253807809366,1.7920891974129314e-07,6.736947835984941e-06,0.011484027472888902,False,SUCCESS,0.14477579975572197,solver_state,0.17731388559481798,0.17731388559481798,0.052919580736406006,1.0,,,,,,0.09516382280934482,0.0010938146962355148,0.0010938146962355148,0.0010579883051505385,3.5826391084976244e-05,0.0,0.01890621773515784,0.13765095134428731,0.13765095134428731,0.13761512495325195,3.582639103537097e-05,0.0,0.26282359791917187,0.36823250747663244,0.3700697855539027,0.4160201648898284,0.41626658106999603,,,0.3361538949914468,0.0528993294775788,0.0528993294775788,0.945309353872917,0.0,0.9090423597991542,0.011185338710274589,0.8978570210888795,8.927833006024018e-06,0.012304529695124331,0.012304529695124331,,,,1.791590559565852e-07,4.9863784707938595e-11,4.9863784707938595e-11,1.791590559565852e-07,1.791590559565852e-07,4.9863784707938595e-11,1.0,3.991398625039504e-08,,,,,,,,0.3019103442110057,0.03608258738459263,0.243917380184014,1.0,0.0017918682380885208,0.052919580736380686,0.9452885510255308,1.566918968966388e-06,308.4489802159135,309.43002170876355,0.000982128830625271,,,0.09028428480218946,48.22310857500472,0.0018722203414523577,0.000982128830625271,0.09516382280934482
693168,success,second_step,192825.83829499973,53.562732859722146,1100.0,0.9799999935137214,118.41116441118912,98.35816723166405,160.6025387640137,1.792088841130473e-07,6.7369710049539254e-06,0.01148403580443369,False,SUCCESS,0.028955165509431446,solver_state,0.1773297979454314,0.1773297979454314,0.05291951651297516,1.0,,,,,,0.09513628744841805,0.0010938119086054921,0.0010938119086054921,0.0010579856487538631,3.58262598516291e-05,0.0,0.018906194577673185,0.1376509511703678,0.1376509511703678,0.13761512491056577,3.582625980202383e-05,0.0,0.2628236006995828,0.3682323474455731,0.37006962474240357,0.4160199934858227,0.4162664093432522,,,0.3361539381114568,0.05289926528172433,0.05289926528172433,0.9453094223066417,0.0,0.9090423597991542,0.011185334348970786,0.8978570254501834,8.927833049390603e-06,0.012304524897433932,0.012304524897433932,,,,1.7915902051405896e-07,4.986359898832614e-11,4.986359898832614e-11,1.7915902051405896e-07,1.7915902051405896e-07,4.986359898832614e-11,1.0,3.9913446464056686e-08,,,,,,,,0.301910349989585,0.0360825873918117,0.2439174061219096,1.0,0.0017918639986871546,0.0529195165129701,0.9452886194883428,1.5669243668529616e-06,308.4490197820862,309.43002170876355,0.0009821288306562186,,,0.09028428494853079,48.22310857500472,0.00187222034448703,0.0009821288306562186,0.09513628744841805
693168,success,second_step,192825.86725016523,53.56274090282368,1100.0,0.9799999987027442,118.41116460625922,98.35816744021471,160.6025389011982,1.7920887698954929e-07,6.736975638269386e-06,0.011484037470748776,False,SUCCESS,0.005791033431200228,solver_state,0.17733298025141905,0.17733298025141905,0.052919503668618584,1.0,,,,,,0.09513078095696634,0.0010938113510841427,0.0010938113510841427,0.0010579851174815178,3.582623360262485e-05,0.0,0.01890618994617163,0.13765095113558162,0.13765095113558162,0.1376151249020286,3.582623355301958e-05,0.0,0.2628236012556604,0.3682323154393472,0.3700695925800896,0.416019959204974,0.41626637499785685,,,0.33615394673534604,0.05289925244288286,0.05289925244288286,0.9453094359931754,0.0,0.9090423597991542,0.011185333476843962,0.8978570263223102,8.927833058062589e-06,0.01230452393804319,0.01230452393804319,,,,1.791590134277042e-07,4.9863561845080275e-11,4.9863561845080275e-11,1.791590134277042e-07,1.791590134277042e-07,4.9863561845080275e-11,1.0,3.991333850926625e-08,,,,,,,,0.3019103511452854,0.03608258739325551,0.24391741130948869,1.0,0.0017918631506887467,0.05291950366861757,0.9452886331806936,1.5669254463191988e-06,308.44902769521735,309.43002170876355,0.000982128830662409,,,0.09028428497780314,48.22310857500472,0.001872220345094049,0.000982128830662409,0.09513078095696634
693168,success,second_step,192825.87304119868,53.56274251144408,1100.0,0.9799999997405489,118.41116464527326,98.35816748192488,160.6025389286351,1.7920887556493595e-07,6.736976564913361e-06,0.01148403780401197,False,SUCCESS,0.001158206596325014,solver_state,0.1773336167060599,0.1773336167060599,0.05291950109976041,1.0,,,,,,0.09512967968188812,0.0010938112395800568,0.0010938112395800568,0.0010579850112273264,3.5826228352730516e-05,0.0,0.018906189019871122,0.13765095112862424,0.13765095112862424,0.13761512490032113,3.582622830312525e-05,0.0,0.2628236013668757,0.36823230903810134,0.3700695861476261,0.41601995234880224,0.41626636812877577,,,0.33615394846011937,0.05289924987512768,0.05289924987512768,0.9453094387304737,0.0,0.9090423597991542,0.01118533330242397,0.8978570264967302,8.927833059796931e-06,0.012304523746170951,0.012304523746170951,,,,1.791590120105195e-07,4.986355441645804e-11,4.986355441645804e-11,1.791590120105195e-07,1.791590120105195e-07,4.986355441645804e-11,1.0,3.991331691840695e-08,,,,,,,,0.3019103513764249,0.036082587393544266,0.24391741234700454,1.0,0.001791862981084337,0.05291950109976021,0.9452886359191555,1.5669256622080066e-06,308.44902927783943,309.43002170876355,0.000982128830663647,,,0.09028428498365776,48.22310857500472,0.001872220345215456,0.000982128830663647,0.09512967968188812
693168,success,second_step,192825.87419940528,53.56274283316814,1100.0,0.9799999999481097,118.41116465307609,98.35816749026691,160.6025389341225,1.7920887528001689e-07,6.736976750241372e-06,0.011484037870664654,False,SUCCESS,0.001,solver_state,0.17733374399671442,0.17733374399671442,0.05291950058598934,1.0,,,,,,0.09512945942782058,0.0010938112172792492,0.0010938112172792492,0.001057984989976501,3.582622730274801e-05,0.0,0.018906188834611027,0.13765095112723277,0.13765095112723277,0.13761512489997962,3.582622725314274e-05,0.0,0.26282360138911876,0.3682323077578522,0.37006958486113345,0.4160199509775679,0.4162663667549596,,,0.3361539488050739,0.052899249361577215,0.052899249361577215,0.9453094392779329,0.0,0.9090423597991542,0.011185333267540194,0.8978570265316139,8.927833060143798e-06,0.012304523707796748,0.012304523707796748,,,,1.7915901172708616e-07,4.986355293073478e-11,4.986355293073478e-11,1.7915901172708616e-07,1.7915901172708616e-07,4.986355293073478e-11,1.0,3.991331260023942e-08,,,,,,,,0.30191035142265277,0.03608258739360202,0.24391741255450766,1.0,0.0017918629471632688,0.05291950058598931,0.9452886364668474,1.566925705385586e-06,308.44902959436365,309.43002170876355,0.0009821288306638945,,,0.0902842849848287,48.22310857500472,0.0018722203452397376,0.0009821288306638945,0.09512945942782058
693168,success,second_step,192825.87519940527,53.56274311094591,1100.0,0.9800000001273186,118.41116465981307,98.35816749746945,160.6025389388603,1.792088750340152e-07,6.736976910253665e-06,0.011484037928212842,True,SUCCESS,0.0,solver_state,0.17733385389959988,0.17733385389959988,0.05291950014239767,1.0,,,,,,0.09512926926035353,0.0010938111980246475,0.0010938111980246475,0.0010579849716284592,3.582622639618845e-05,0.0,0.01890618867465675,0.1376509511260314,0.1376509511260314,0.1376151248996848,3.582622634658318e-05,0.0,0.2628236014083235,0.3682323066524803,0.37006958375037086,0.41601994979363893,0.4162663655688014,,,0.3361539491029088,0.05289924891817588,0.05289924891817588,0.9453094397506113,0.0,0.9090423597991542,0.011185333237421317,0.8978570265617328,8.927833060443285e-06,0.012304523674664215,0.012304523674664215,,,,1.7915901148236725e-07,4.986355164795596e-11,4.986355164795596e-11,1.7915901148236725e-07,1.7915901148236725e-07,4.986355164795596e-11,1.0,3.991330887192589e-08,,,,,,,,0.30191035146256606,0.03608258739365189,0.24391741273366668,1.0,0.001791862917875656,0.05291950014239764,0.9452886369397266,1.5669257426651292e-06,308.4490298676519,309.43002170876355,0.0009821288306641083,,,0.09028428498583971,48.22310857500472,0.001872220345260703,0.0009821288306641083,0.09512926926035353
