case,t_s,T_K,rho,G_m,A_closed,Gstar_J,r_nuc_sinv,tau_sink_s,Lambda,activity,edot_sinv,effective_eps_event,L_TJ_over_V_m2,A_GB_over_V_minv,rho_TL_area_minv,f_TL,eps_event,width_eff_m,G_dot_m_s,G_dot_clean_m_s,R_Z_eff_m,S_Z,Gamma_growth,P_Z_Pa,bin_crossing_rate,isolation_rate,closure_rate,rho_dot_open_sinv,rho_dot_closed_sinv,sigma_eff_Pa,P_surf_W_m3,P_dens_W_m3,P_excess_W_m3,efficiency,stress_bound_hit,pore_D50_m,pore_D90_m,fine_pore_fraction,open_fraction,isolated_fraction,closed_fraction,pore_radii_m_json,phi_open_json,phi_iso_json,phi_closed_json,phi_open_dot_json,phi_iso_dot_json,phi_closed_dot_json,tau_remove_s_json,T_C,G_um
conditioned_5C_min,60.0,1223.15,0.6600111611164032,5.0016764218158075e-08,1.0,7.317370288051301e-19,1.5201110710336712e-07,1520.265008107617,0.00023109716697294826,0.0002310437734114661,5.471135491808934e-07,3.5999999999999996,3999999999999999.5,40000000.0,99999999.99999999,0.0005183999999999999,0.036,4.000000000000001e-08,2.7940363596788685e-13,2.871136596773166e-13,3.2177729600051244e-08,0.9731131958987123,0.9731464406183427,15538697.298245793,4.922041513776631e-09,3.2143841619393204e-14,1.9449204643086503e-14,1.8601860672150372e-07,0.0,250000000.0,307.7314516960405,46.50465168037593,261.2268000156646,0.15112089266166578,True,2.5784320092758645e-08,5.0778263157337946e-08,0.8245566615519667,0.3400000000000001,0.0,0.0,"[4.166666666666667e-09, 5.222712798846205e-09, 6.5464149550156744e-09, 8.205610841308463e-09, 1.0285331703180699e-08, 1.2892160046379322e-08, 1.6159691826959763e-08, 2.0255383039217577e-08, 2.5389131578668973e-08, 3.1824034187401174e-08, 3.988986975875026e-08, 5.0000000000000004e-08]","[0.011779574012765205, 0.019952946190179146, 0.029952205999096735, 0.03984693608123259, 0.04697917532656994, 0.049086286873245184, 0.045452660602528595, 0.03729947984205134, 0.027126301055222766, 0.017483272064625868, 0.009986175424263532, 0.005054986528219093]","[0.0, 0.0, 0.0, 0.0, 0.0, 0.0, 0.0, 0.0, 0.0, 0.0, 0.0, 0.0]","[0.0, 0.0, 0.0, 0.0, 0.0, 0.0, 0.0, 0.0, 0.0, 0.0, 0.0, 0.0]","[-7.618695510433377e-08, -5.0315200199437555e-08, -3.0444561129770915e-08, -1.6314405635664292e-08, -7.741807397743581e-09, -3.2529330964003805e-09, -1.2100798538927783e-09, -3.984689280027567e-10, -1.1612907594881971e-10, -2.994780661939016e-11, -6.8322252264467275e-12, -1.337861509279883e-12]","[5.78086175036732e-15, 6.232399117429321e-15, 5.95473265428432e-15, 5.042125082125576e-15, 3.783635563974112e-15, 2.516224109110147e-15, 1.4829744751423167e-15, 7.745730269606131e-16, 3.585381715516039e-16, 1.4707971032688502e-16, 5.3470527543361114e-17, 1.7227430577625632e-17]","[7.760396310961436e-15, 5.325149473059078e-15, 3.238351907714338e-15, 1.7452619341146093e-15, 8.335689482732129e-16, 3.5283103315648434e-16, 1.3235378366615265e-16, 4.399975746633843e-17, 1.2963090127286852e-17, 3.384629497037359e-18, 7.831736480120084e-19, 1.6060140251851935e-19]","[154614.05429097064, 396559.01419631415, 983827.8131658558, 2442438.723855483, 6068243.875488616, 15089854.423247414, 37561703.433297575, 93606997.23566224, 233587504.5382936, 583791403.7185636, 1461628546.0860162, 3778407924.255171]",950.0000000000001,0.05001676421815807
conditioned_5C_min,120.0,1228.15,0.6600244704560392,5.003647212506335e-08,1.0,7.317370288051301e-19,1.8133723638991355e-07,1311.9491185457175,0.0002379052274412635,0.00023784864200599047,6.524400271232375e-07,3.5987933808531505,3997319073479151.5,39986593.12059057,99966482.8014764,0.000518052551922898,0.035987933808531505,4.001341137452646e-08,3.2846511508794064e-13,3.375680091622377e-13,3.2179945285028254e-08,0.9730008542740547,0.9730338959047445,15537627.412704937,5.704660509249051e-09,3.743101826631072e-14,2.2648409364453775e-14,2.218223272628119e-07,1.9590229934170768e-18,250000000.0,358.23796026695,55.45558181570298,302.782378451247,0.15480096462803344,True,2.5784320092758645e-08,5.0778263157337946e-08,0.8245509293365979,0.33998883888050113,1.9286304971635923e-12,1.1669522785851903e-12,"[4.166666666666667e-09, 5.222712798846205e-09, 6.5464149550156744e-09, 8.205610841308463e-09, 1.0285331703180699e-08, 1.2892160046379322e-08, 1.6159691826959763e-08, 2.0255383039217577e-08, 2.5389131578668973e-08, 3.1824034187401174e-08, 3.988986975875026e-08, 5.0000000000000004e-08]","[0.011775002795458945, 0.01994992727816718, 0.02995037932542895, 0.03984595721689445, 0.04697871081812608, 0.0490860916972594, 0.04545258799773736, 0.03729945593391566, 0.027126294087478207, 0.01748327026775747, 0.009986175014330018, 0.005054986447947402]","[3.468517050220392e-13, 3.7394394704575926e-13, 3.572839592570592e-13, 3.0252750492753454e-13, 2.270181338384467e-13, 1.5097344654660882e-13, 8.897846850853901e-14, 4.647438161763679e-14, 2.1512290293096232e-14, 8.824782619613101e-15, 3.208231652601667e-15, 1.0336458346575378e-15]","[4.656237786576862e-13, 3.195089683835447e-13, 1.943011144628603e-13, 1.0471571604687656e-13, 5.0014136896392775e-14, 2.116986198938906e-14, 7.941227019969159e-15, 2.639985447980306e-15, 7.777854076372111e-16, 2.0307776982224153e-16, 4.69904188807205e-17, 9.63608415111116e-18]","[-9.076896970854576e-08, -6.002419991043705e-08, -3.632754296839711e-08, -1.9470777939597364e-08, -9.241474334216045e-09, -3.883908034332972e-09, -1.4451563040363615e-09, -4.760114554000742e-10, -1.3877276883719012e-10, -3.580059200035891e-11, -8.170992996201043e-12, -1.6023334430997915e-12]","[6.729893524189172e-15, 7.257277323941539e-15, 6.934576721904616e-15, 5.8720145437497104e-15, 4.4064533935701366e-15, 2.930432812745622e-15, 1.727098704944082e-15, 9.020825196951013e-16, 4.175605529461369e-16, 1.712919279101e-16, 6.227283351505317e-17, 2.006340675029763e-17]","[9.033853314894941e-15, 6.201044401696387e-15, 3.771489745835152e-15, 2.0326942463601677e-15, 9.708722140118793e-16, 4.109518997378787e-16, 1.5415657686009008e-16, 5.124795925711495e-17, 1.5098544185079264e-17, 3.942191937672481e-18, 9.121887993859055e-19, 1.8705788460806547e-19]","[129724.98016963109, 332364.73468925443, 824453.7581714258, 2046449.1629715757, 5083464.945002337, 12638324.919989904, 31451676.10644401, 78358315.7732339, 195472745.22787035, 488351429.1490542, 1222149501.165025, 3154765613.684182]",955.0000000000001,0.050036472125063354
conditioned_5C_min,180.0,1233.15,0.6600403177745424,5.005960832749128e-08,1.0,7.317370288051301e-19,2.160117599756239e-07,1133.68978490875,0.0002448903257045256,0.00024483036911569046,7.768852523151362e-07,3.597375921110107,3994170838821850.0,39970843.567890085,99927108.9197252,0.0005176445407113117,0.03597375921110107,4.002917770005069e-08,3.8560337379879165e-13,3.9634362985323216e-13,3.218258733747212e-08,0.9728687914407586,0.9729016559231249,15536351.840108886,6.602762264997495e-09,4.353544547559674e-14,2.6342164787458774e-14,2.64121975050732e-07,4.364189865891389e-18,250000000.0,416.507654320347,66.03049376268301,350.477160557664,0.15853368618262467,True,2.5784320092758645e-08,5.0778263157337946e-08,0.8245440934001861,0.33997552953726057,4.174491593115287e-12,2.525739299072812e-12,"[4.166666666666667e-09, 5.222712798846205e-09, 6.5464149550156744e-09, 8.205610841308463e-09, 1.0285331703180699e-08, 1.2892160046379322e-08, 1.6159691826959763e-08, 2.0255383039217577e-08, 2.5389131578668973e-08, 3.1824034187401174e-08, 3.988986975875026e-08, 5.0000000000000004e-08]","[0.011769556657276432, 0.019946325826172555, 0.029948199672850846, 0.03984478897021807, 0.04697815632966603, 0.04908585866277734, 0.04545250128835912, 0.03729942737322834, 0.027126285761112076, 0.01748326811972195, 0.009986174524070439, 0.005054986351807396]","[7.506453164733895e-13, 8.093805864822516e-13, 7.733585625713362e-13, 6.548483775525172e-13, 4.91405337452655e-13, 3.267994153113461e-13, 1.9260439080518393e-13, 1.0059933279934287e-13, 4.656592346986444e-14, 1.9102298294219103e-14, 6.944601663504857e-15, 2.2374502396753956e-15]","[1.0076549775513826e-12, 6.91571632485328e-13, 4.205904992129694e-13, 2.2667737082848662e-13, 1.0826646973710553e-13, 4.5826975973661784e-14, 1.7190621631574564e-14, 5.7148630034072025e-15, 1.683698058741967e-15, 4.396092860825904e-16, 1.0172174684387483e-16, 2.085955722759509e-17]","[-1.0797912275794596e-07, -7.149970959972854e-08, -4.328309029536874e-08, -2.320341013357406e-08, -1.1015267218325375e-08, -4.630361441978671e-09, -1.7233132895559875e-09, -5.677860557427592e-10, -1.6557962079391123e-10, -4.273156599782803e-11, -9.756945736164753e-12, -1.916003594208117e-12]","[7.824896733475056e-15, 8.440470337243796e-15, 8.06602728843675e-15, 6.830393527700807e-15, 5.125726056567356e-15, 3.40879625016163e-15, 2.0090357582127023e-15, 1.0493425207037875e-15, 4.857252353560746e-16, 1.9925451944105873e-16, 7.243858238385693e-17, 2.3338664782948642e-17]","[1.0503425848049407e-14, 7.212451262813274e-15, 4.387256270512001e-15, 2.3647060796514553e-15, 1.1294767255666135e-15, 4.78090685160269e-16, 1.7934240558787905e-16, 5.962085102275031e-17, 1.7565355165680218e-17, 4.586271216488687e-18, 1.061223226997361e-18, 2.1761962006792395e-19]","[108998.44670585022, 278970.7250258298, 691914.5437278374, 1717195.3924378061, 4264822.214345519, 10600869.776118753, 26375065.731704522, 65692749.92925715, 163826234.35812083, 409141759.99565744, 1023493908.2479504, 2638296904.602947]",960.0000000000001,0.05005960832749128
conditioned_5C_min,240.0,1238.15,0.6600591589643232,5.008673142470649e-08,0.9999999999999999,7.317370288051301e-19,2.5695321535282887e-07,980.9637061971699,0.00025206177845179053,0.00025199825932237897,9.236972679087999e-07,3.5957133108680206,3990479695664649.0,39952370.120755784,99880925.30188946,0.0005171661685581385,0.035957133108680206,4.004768666199302e-08,4.5205162025343626e-13,4.647168315796841e-13,3.218573317895016e-08,0.9727136736602813,0.97274638991836,15534833.313258363,7.631962832666836e-09,5.0575562812709055e-14,3.060215997171615e-14,3.1401982967079897e-07,7.301744354486854e-18,250000000.0,483.6489429352427,78.50495741769976,405.14398551754294,0.1623180585100773,True,2.5784320092758645e-08,5.0778263157337946e-08,0.8245359532957345,0.3399596822145649,6.7866183215832354e-12,4.106007334928385e-12,"[4.166666666666667e-09, 5.222712798846205e-09, 6.5464149550156744e-09, 8.205610841308463e-09, 1.0285331703180699e-08, 1.2892160046379322e-08, 1.6159691826959763e-08, 2.0255383039217577e-08, 2.5389131578668973e-08, 3.1824034187401174e-08, 3.988986975875026e-08, 5.0000000000000004e-08]","[0.011763077909910954, 0.01994203584359657, 0.029945602687433123, 0.03984339676561006, 0.046977495413632935, 0.049085580841090826, 0.04545239788956175, 0.03729939330606499, 0.02712627582633483, 0.017483265555827993, 0.009986173938653694, 0.00505498623684718]","[1.2201391204818928e-12, 1.3158088067168794e-12, 1.2573201998775412e-12, 1.0646719892145656e-12, 7.989489008466963e-13, 5.31327190321044e-13, 3.131465362979461e-13, 1.6355988404157012e-13, 7.570943759122891e-14, 3.1057569460682625e-14, 1.1290916606536272e-14, 3.637770126652314e-15]","[1.6378605284343468e-12, 1.1243187082541244e-12, 6.838258754436895e-13, 3.6855973560757393e-13, 1.7603507327110236e-13, 7.451241708327793e-14, 2.7951165966847308e-14, 9.292114064772222e-15, 2.73761936868278e-15, 7.147855590719116e-16, 1.6539514046371647e-16, 3.3916734431670523e-17]","[-1.2825892418822517e-07, -8.504266273657025e-08, -5.149461185398329e-08, -2.7611041347210344e-08, -1.3110220645479062e-08, -5.51213083935331e-09, -2.0519604113470235e-09, -6.762438104412019e-10, -1.9726769062099143e-10, -5.092700948802002e-11, -1.1632873029379527e-11, -2.2874427738378805e-12]","[9.086750991922579e-15, 9.80488206211378e-15, 9.371112848796194e-15, 7.935964086984724e-15, 5.955502680251512e-15, 3.960661511721464e-15, 2.3342954387836042e-15, 1.2192310588983213e-15, 5.643644523614687e-16, 2.315140006185091e-16, 8.416645971245195e-17, 2.7117218408128674e-17]","[1.219728365782681e-14, 8.379062369055545e-15, 5.09771220881006e-15, 2.7478159721015133e-15, 1.3124994389508716e-15, 5.555673386737226e-16, 2.084065009664766e-16, 6.928308002238563e-17, 2.0412032469255683e-17, 5.3295331671942095e-18, 1.2332077082495408e-18, 2.52887609581464e-19]","[91713.52390768661, 234494.49019922386, 581528.8553362836, 1443024.0520296637, 3583272.675874657, 8905010.108005637, 22150718.71670478, 55156724.14321951, 137509978.14666107, 343300455.52627087, 858444333.8660196, 2209885333.378594]",965.0000000000001,0.05008673142470649
conditioned_5C_min,300.0,1243.15,0.6600815263968476,5.011848425074672e-08,0.9999999999999998,7.317370288051301e-19,3.052280075315988e-07,849.9558880990351,0.000259430342214219,0.0002593630555679552,1.096633581677178e-06,3.5937661508335244,3986158995949632.5,39930735.00926139,99826837.52315345,0.0005166062058750724,0.035937661508335245,4.00693851397652e-08,5.292137673371968e-13,5.441427538423791e-13,3.218947341225999e-08,0.9725316092409211,0.9725642096678425,15533028.254185893,8.809767355455233e-09,5.868593539710342e-14,3.550985054930146e-14,3.7279054206330645e-07,1.087382354730234e-17,250000000.0,560.9150408713201,93.1976355158266,467.7174053554935,0.16615285511163025,True,2.5784320092758645e-08,5.0778263157337946e-08,0.8245262744782457,0.33994084101991395,9.821152090217601e-12,5.941698828570084e-12,"[4.166666666666667e-09, 5.222712798846205e-09, 6.5464149550156744e-09, 8.205610841308463e-09, 1.0285331703180699e-08, 1.2892160046379322e-08, 1.6159691826959763e-08, 2.0255383039217577e-08, 2.5389131578668973e-08, 3.1824034187401174e-08, 3.988986975875026e-08, 5.0000000000000004e-08]","[0.011755382374459661, 0.019936933283832378, 0.029942513010721882, 0.03984174010312923, 0.04697670880039421, 0.04908525011324046, 0.04545227477193707, 0.037299352731436364, 0.027126263990273392, 0.017483262500207424, 0.009986173240681313, 0.005054986099600613]","[1.7653441799972475e-12, 1.904101730443706e-12, 1.8195869708053128e-12, 1.540829834433649e-12, 1.156279061661787e-12, 7.689668810243318e-13, 4.532042626249623e-13, 2.367137475754694e-13, 1.0957130473291703e-13, 4.494840949779317e-14, 1.634090418928339e-14, 5.264803231140034e-15]","[2.3696975479039555e-12, 1.627062450397457e-12, 9.89688607972293e-13, 5.334286939336647e-13, 2.5478503960815464e-13, 1.0784645740370129e-13, 4.045555602483591e-14, 1.344909886611536e-14, 3.962341316838121e-15, 1.0345575491035641e-15, 2.393876029586889e-16, 4.9089991006558364e-17]","[-1.5211755282346346e-07, -1.0100139050907874e-07, -6.117465206830918e-08, -3.2808156385132086e-08, -1.5580884850407403e-08, -6.552227884735296e-09, -2.439694245124499e-09, -8.042289141717285e-10, -2.3467035022155804e-10, -6.060316141086854e-11, -1.384845725377182e-11, -2.7266097837051358e-12]","[1.0539077754223398e-14, 1.137651993000446e-14, 1.0874881952619632e-14, 9.210004249231143e-15, 6.9117711024380335e-15, 4.5966665103900085e-15, 2.7091486786043525e-15, 1.4150237845834006e-15, 6.549945046920151e-16, 2.686923976034498e-16, 9.7682603079592e-17, 3.147192604577915e-17]","[1.4147341964060517e-14, 9.723271343567194e-15, 5.916592099842601e-15, 3.189451314759735e-15, 1.5234927021963737e-15, 6.448863244669569e-16, 2.419133430219599e-16, 8.042231917928404e-17, 2.3693869791533278e-17, 6.1864150419493535e-18, 1.4314829165114524e-18, 2.93546909532254e-19]","[77278.27693955938, 197392.66146083703, 489459.473791323, 1214385.2167561785, 3015021.8842780218, 7491383.232807608, 18630316.017168626, 46379024.77039238, 115593060.49811074, 288487631.55566967, 721103662.1397983, 1853945558.9906573]",970.0000000000001,0.05011848425074672
conditioned_5C_min,360.0,1248.15,0.6601080407055371,5.01556053250622e-08,0.9999999999999996,7.317370288051301e-19,3.620725975199145e-07,737.4445613215006,0.00026700846784460957,0.0002669371933536015,1.3000327405706448e-06,3.5914893016206517,3981109692486296.0,39905436.68467391,99763591.71168478,0.0005159518161462239,0.03591489301620652,4.009478740059738e-08,6.186845719246135e-13,6.362772748282594e-13,3.219391390277887e-08,0.9723180506557294,0.9723505716774273,15530885.79133094,1.0155762280402181e-08,6.80193497714591e-14,4.115773017868406e-14,4.4190514480889664e-07,1.5201347982983806e-17,250000000.0,649.7206635921128,110.47628620222414,539.2443773898887,0.17003659017312692,True,2.5784320092758645e-08,5.0778263157337946e-08,0.8245147829380797,0.33991847358173843,1.3342308213828518e-11,8.071637432115334e-12,"[4.166666666666667e-09, 5.222712798846205e-09, 6.5464149550156744e-09, 8.205610841308463e-09, 1.0285331703180699e-08, 1.2892160046379322e-08, 1.6159691826959763e-08, 2.0255383039217577e-08, 2.5389131578668973e-08, 3.1824034187401174e-08, 3.988986975875026e-08, 5.0000000000000004e-08]","[0.011746255321290254, 0.019930873200401832, 0.029938842531597783, 0.03983977161374612, 0.046975773947303186, 0.04908485697956738, 0.04545212839028236, 0.037299304477701516, 0.02712624991005238, 0.017483258864017737, 0.009986172409773878, 0.005054985936004027]","[2.3976888452506514e-12, 2.5866929262439736e-12, 2.4720798879624905e-12, 2.093430089387518e-12, 1.570985327808069e-12, 1.0447668716477322e-12, 6.157531833412235e-13, 3.216151746504734e-13, 1.4887097501443796e-13, 6.106995335400016e-14, 2.2201860374058908e-14, 7.153118793886782e-15]","[3.2185380657475864e-12, 2.2104587310114886e-12, 1.3446841339628491e-12, 7.247957728192489e-13, 3.4619460173993705e-13, 1.465396368717187e-13, 5.4970356606153504e-14, 1.8274438016872403e-14, 5.3839735043301174e-15, 1.4057424516205254e-15, 3.2527657794937605e-16, 6.670280557849361e-17]","[-1.801408005494042e-07, -1.1977833722629828e-07, -7.256911301870484e-08, -3.892728837283454e-08, -1.8490429233569954e-08, -7.777305397432457e-09, -2.8964732192647736e-09, -9.550366573645222e-10, -2.7875331169038324e-10, -7.201064768006274e-11, -1.6461293960403295e-11, -3.24505777221155e-12]","[1.2208561372269412e-14, 1.3184892960041802e-14, 1.2605803012557207e-14, 1.0676713238129365e-14, 8.012718955919874e-15, 5.328914154879806e-15, 3.1407303187688753e-15, 1.6404476803188965e-15, 7.593406272563186e-16, 3.114974488232828e-16, 1.132443110477189e-16, 3.648568579502506e-17]","[1.63897171750169e-14, 1.1270531342337708e-14, 6.8595330198699925e-15, 3.698073997417067e-15, 1.7665047252793182e-15, 7.477622957090296e-16, 2.805063033975027e-16, 9.325247429882385e-17, 2.7473890214582947e-17, 7.173372291983639e-18, 1.6598565258396817e-18, 3.403783423304734e-19]","[65205.968250756196, 166397.97864906286, 412556.26927507005, 1023440.7090515032, 2540545.346671412, 6311293.497073151, 15692231.534534853, 39055364.19997852, 97312744.89819169, 242787135.33718497, 606645652.1458791, 1557749134.4811978]",975.0000000000001,0.0501556053250622
conditioned_5C_min,420.0,1253.15,0.6601394241706025,5.0198941605115344e-08,0.9999999999999993,7.317370288051301e-19,4.289187730115891e-07,640.7054533896197,0.0002748105969297096,0.0002747350968137567,1.5388941596494846e-06,3.5888311751678925,3975218890079308.5,39875901.946309924,99689754.8657748,0.0005151883681542783,0.03588831175167893,4.012448426004976e-08,7.222713342190698e-13,7.430009416619412e-13,3.219917815797992e-08,0.972067677200302,0.9721001599318252,15528346.641235158,1.1691820225806121e-08,7.874918427062198e-14,4.765076913695559e-14,5.230577510700694e-07,2.0427455167183855e-17,250000000.0,751.660224086372,130.76443776751734,620.8957863188546,0.1739674836811525,True,2.5784320092758645e-08,5.0778263157337946e-08,0.8245011590731423,0.3398919592664993,1.7423469199776974e-11,1.0540189161957399e-11,"[4.166666666666667e-09, 5.222712798846205e-09, 6.5464149550156744e-09, 8.205610841308463e-09, 1.0285331703180699e-08, 1.2892160046379322e-08, 1.6159691826959763e-08, 2.0255383039217577e-08, 2.5389131578668973e-08, 3.1824034187401174e-08, 3.988986975875026e-08, 5.0000000000000004e-08]","[0.01173544687325729, 0.019923686500168254, 0.02993448838481666, 0.03983743597644375, 0.04697466452154917, 0.04908439034124354, 0.04545195460188921, 0.03729924717550207, 0.027126233184853677, 0.017483254543378877, 0.00998617142209624, 0.0050549857413005606]","[3.1302025275868163e-12, 3.377786503846482e-12, 3.228428068715923e-12, 2.73403288367528e-12, 2.0517484651632614e-12, 1.3645017209405205e-12, 8.04197002467356e-13, 4.200420354696072e-13, 1.9443141264981707e-13, 7.975980028339712e-14, 2.899651903692204e-14, 9.342259941588286e-15]","[4.2019210962486e-12, 2.886690611551751e-12, 1.7562561151550486e-12, 9.46680212664273e-13, 4.5218488525669617e-13, 1.914053746142605e-13, 7.180073481000367e-14, 2.3869586474801835e-14, 7.032406917205094e-15, 1.836144789139544e-15, 4.24867969499757e-16, 8.712550611832201e-17]","[-2.1300083636755465e-07, -1.418375690796663e-07, -8.596201158296473e-08, -4.612162102473036e-08, -2.1911890989488658e-08, -9.21818606440898e-09, -3.4338156402472803e-09, -1.1324790934020058e-09, -3.306339133438789e-10, -8.543949822234864e-11, -1.9538047887108282e-11, -3.856168106411055e-12]","[1.4125300696927997e-14, 1.5263460165900163e-14, 1.459621884105366e-14, 1.2363605318466022e-14, 9.279031934015602e-15, 6.1711714357085835e-15, 3.637156617701722e-15, 1.8997424732688017e-15, 8.793654228161702e-16, 3.607342701748233e-16, 1.3114428418835612e-16, 4.225280185280745e-17]","[1.896523214756927e-14, 1.304976249852529e-14, 7.94433693027793e-15, 4.283324984254915e-15, 2.0461492478423168e-15, 8.661496885929568e-16, 3.249187625856267e-16, 1.0801738202182286e-16, 3.182393594128632e-17, 8.309163121097497e-18, 1.922669056647264e-18, 3.9427199925323828e-19]","[55095.7783705909, 140468.33028404246, 348229.26818000193, 863747.5242919793, 2143797.8376253955, 5324734.1720250435, 13236573.935173778, 32935925.61029437, 82043105.9551982, 204627308.29575184, 511114082.6246709, 1310883136.2658741]",980.0000000000001,0.050198941605115344
conditioned_5C_min,480.0,1258.15,0.6601765158749602,5.024946262738482e-08,0.999999999999999,7.317370288051301e-19,5.074223941601998e-07,557.4320520577978,0.00028285350643680087,0.0002827735229543058,1.8189667074322736e-06,3.5857329705464887,3968358313600046.5,39841477.45051655,99603693.62629136,0.000514299237442566,0.03585732970546489,4.015915328409228e-08,8.420170378246256e-13,8.664449413161877e-13,3.2205410041778035e-08,0.9717742536212692,0.9718067446334737,15525341.84012505,1.3442316607755208e-08,9.107209474296968e-14,5.5108045055334613e-14,6.181950726024359e-07,2.6721589319388625e-17,250000000.0,868.5275648342571,154.54876815060896,713.9787966836482,0.177943423338673,True,2.5784320092758645e-08,5.0778263157337946e-08,0.8244850307093168,0.3398605757938511,2.2148420255501452e-11,1.3398009662864702e-11,"[4.166666666666667e-09, 5.222712798846205e-09, 6.5464149550156744e-09, 8.205610841308463e-09, 1.0285331703180699e-08, 1.2892160046379322e-08, 1.6159691826959763e-08, 2.0255383039217577e-08, 2.5389131578668973e-08, 3.1824034187401174e-08, 3.988986975875026e-08, 5.0000000000000004e-08]","[0.011722666823075236, 0.019915176246023472, 0.029929330664121682, 0.03983466867918226, 0.0469733498080898, 0.04908383725007968, 0.04545174857295079, 0.03729917922675647, 0.027126213346818875, 0.017483249417008982, 0.009986170249813367, 0.005054985509930474]","[3.977720569402496e-12, 4.2935941138004915e-12, 4.104201199179143e-12, 3.4758492027832413e-12, 2.6084903812041976e-12, 1.7347720070830355e-12, 1.0224263995294593e-12, 5.340265838657353e-13, 2.471933380187873e-13, 1.0140385649388652e-13, 3.686517608822341e-14, 1.1877428052756733e-14]","[5.3398350251027565e-12, 3.6696763614632685e-12, 2.2329163309717247e-12, 1.2036797117195678e-12, 5.749538401272352e-13, 2.433743559298379e-13, 9.129586056514127e-14, 3.0350629396111204e-14, 8.941843073682274e-15, 2.3346945764053936e-15, 5.402281128985928e-16, 1.1078182607351631e-16]","[-2.514667537319458e-07, -1.677131317161656e-07, -1.0168082407272771e-07, -5.456792278526311e-08, -2.5929585004563044e-08, -1.0910459796577534e-08, -4.065023493964414e-09, -1.3409592651192321e-09, -3.916029220667265e-10, -1.0122481920045463e-10, -2.3155760079631462e-11, -4.575414902493711e-12]","[1.6323192489770197e-14, 1.7650136260346405e-14, 1.6882864730137596e-14, 1.4301960481716003e-14, 1.0734235632839768e-14, 7.139097739221573e-15, 4.207660044344349e-15, 2.1977310881306423e-15, 1.0173014827309251e-15, 4.1731873823295475e-16, 1.5171549074106627e-16, 4.888055218776997e-17]","[2.1919975426306685e-14, 1.5093816552571946e-14, 9.191272709138757e-15, 4.9561913544527565e-15, 2.3676861452874423e-15, 1.0022769820589673e-15, 3.7598698275640343e-16, 1.2499509213439325e-16, 3.682593027749595e-17, 9.615178021652376e-18, 2.2248701307704745e-18, 4.56242877957121e-19]","[46617.16369699974, 118745.47951157173, 294345.8703945454, 730001.5585335826, 1811573.528840647, 4498787.234015254, 11181177.338934386, 27815296.256176725, 69269690.8482127, 172717022.911022, 431260740.97638965, 1104814670.943915]",985.0000000000001,0.05024946262738482
conditioned_5C_min,540.0,1263.15,0.6602202888052534,5.030827610999017e-08,0.9999999999999986,7.317370288051301e-19,5.994960527402117e-07,485.6691005401547,0.0002911567087117118,0.000291071961157503,2.146846443127117e-06,3.58212785945106,3960382716498589.5,39801420.66056733,99503551.65141833,0.0005132656000582171,0.0358212785945106,4.0199570101907855e-08,9.80224710089142e-13,1.0090190762176724e-12,3.2212776863536617e-08,0.971430458930554,0.9714630111489403,15521791.310266612,1.5434356481440936e-08,1.0521106427912952e-13,6.366459557946032e-14,7.295488381849061e-07,3.4284387194053614e-17,250000000.0,1002.3372255125211,182.38720954622653,819.9500159662946,0.1819619234963235,True,2.5784320092758645e-08,5.0778263157337946e-08,0.8244659651718865,0.33982348408072405,2.7612745939325405e-11,1.6702889070825616e-11,"[4.166666666666667e-09, 5.222712798846205e-09, 6.5464149550156744e-09, 8.205610841308463e-09, 1.0285331703180699e-08, 1.2892160046379322e-08, 1.6159691826959763e-08, 2.0255383039217577e-08, 2.5389131578668973e-08, 3.1824034187401174e-08, 3.988986975875026e-08, 5.0000000000000004e-08]","[0.01170757881785132, 0.019905113458120502, 0.029923229814677318, 0.03983139460381515, 0.046971794032989525, 0.04908318262249188, 0.04545150467154115, 0.03729909876920056, 0.02712618985064355, 0.01748324334351983, 0.009986168860467761, 0.00505498523540558]","[4.957112118788708e-12, 5.352602289421275e-12, 5.117173082987399e-12, 4.333966831686201e-12, 3.2525445191745837e-12, 2.16311787143633e-12, 1.2748860021901202e-12, 6.658904491535739e-13, 3.082314269826428e-13, 1.264429807878638e-13, 4.596810553268739e-14, 1.481026118402293e-14]","[6.6550335506811576e-12, 4.575305354617585e-12, 2.78439269352005e-12, 1.5010511929867333e-12, 7.170150088444817e-13, 3.035109748533759e-13, 1.1385507953052548e-13, 3.78503349241748e-14, 1.115139889033203e-14, 2.9116052577045363e-15, 6.737203207448213e-16, 1.3815639875094357e-16]","[-2.9641581644210405e-07, -1.980183047809393e-07, -1.201024724295112e-07, -6.44698473906565e-08, -3.064069255038776e-08, -1.2895157319240335e-08, -4.805434889440838e-09, -1.58555494509137e-09, -4.6314913292309917e-10, -1.197531936176763e-10, -2.740332300933076e-11, -5.420663644518763e-12]","[1.8840347421720306e-14, 2.0387862800264867e-14, 1.9507460717983744e-14, 1.6527341980495003e-14, 1.2405088784398627e-14, 8.250507667981942e-15, 4.862744486731998e-15, 2.5399007797874027e-15, 1.1756889542729737e-15, 4.822929031545977e-16, 1.7533677023867918e-16, 5.649099398598942e-17]","[2.530591905774379e-14, 1.744000828227447e-14, 1.0623425324755916e-14, 5.729200184076986e-15, 2.737115132727188e-15, 1.1586865491318926e-15, 4.3466508531725853e-16, 1.4450285054264325e-16, 4.257334615702328e-17, 1.1115823250441732e-17, 2.572107208877186e-18, 5.274490797742415e-19]","[39497.146132004884, 100521.58299274823, 249147.49221536153, 617829.8261271802, 1532987.3486294649, 3806326.7789107836, 9458354.075593334, 23524318.021695014, 58569017.88726345, 145993963.21184373, 364414522.1755586, 932539918.8929666]",990.0000000000001,0.05030827610999017
conditioned_5C_min,600.0,1268.15,0.6602718690726219,5.0376645068802234e-08,0.999999999999998,7.317370288051301e-19,7.073461331065684e-07,423.7570558461125,0.00029974291482937185,0.000299653095936958,2.5300837408528733e-06,3.5779401306946346,3951128265072573.5,39754890.3410515,99387225.85262874,0.0005120662231534055,0.035779401306946346,4.024662088799214e-08,1.1394826468677653e-12,1.1734416349309836e-12,3.2221472884664986e-08,0.9710276780673448,0.9710603518297563,15517602.245860172,1.7698009202921195e-08,1.214188752463252e-13,7.347352862384149e-14,8.596711227655134e-07,4.335353415732745e-17,250000000.0,1155.3472018020532,214.91778069137834,940.4294211106749,0.18602008154445718,True,2.5784320092758645e-08,5.0778263157337946e-08,0.8244434603047053,0.3397797111403005,3.392540979498638e-11,2.0520707742361592e-11,"[4.166666666666667e-09, 5.222712798846205e-09, 6.5464149550156744e-09, 8.205610841308463e-09, 1.0285331703180699e-08, 1.2892160046379322e-08, 1.6159691826959763e-08, 2.0255383039217577e-08, 2.5389131578668973e-08, 3.1824034187401174e-08, 3.988986975875026e-08, 5.0000000000000004e-08]","[0.011689793868864793, 0.019893232359833646, 0.029916023666331545, 0.03982752641297171, 0.046969955591436505, 0.049082408913052725, 0.045451216345447784, 0.037299003635903855, 0.027126162061695575, 0.01748323615832821, 0.00998616721626838, 0.0050549849101657615]","[6.0875329640919266e-12, 6.575874057437167e-12, 6.287620726066424e-12, 5.3256073505159014e-12, 3.996849846238501e-12, 2.6581483315152463e-12, 1.56665067139404e-12, 8.18284495940818e-13, 3.787727642390212e-13, 1.5538055497713964e-13, 5.648831174700814e-14, 1.8199720823182297e-14]","[8.173388694145785e-12, 5.621705851554053e-12, 3.421798213005405e-12, 1.8448032040313526e-12, 8.81241916808113e-13, 3.730321678012895e-13, 1.39934984649561e-13, 4.6520505956733394e-14, 1.3705799659753427e-14, 3.57855465273104e-15, 8.280467532774525e-16, 1.6980334353739805e-16]","[-3.488452530823385e-07, -2.3345578995335416e-07, -1.4166000705288732e-07, -7.606163773434455e-08, -3.615704775918342e-08, -1.5219508257229317e-08, -5.672708273380533e-09, -1.872112932188306e-09, -5.469870729605453e-10, -1.414698902750326e-10, -3.23831421384911e-11, -6.4125076372956944e-12]","[2.1719538712696113e-14, 2.3525254355690432e-14, 2.2517390969413298e-14, 1.9080192973213583e-14, 1.4322037483336867e-14, 9.525674861942874e-15, 5.614364729332503e-15, 2.932496963776469e-15, 1.357418989675299e-15, 5.568428150681376e-16, 2.0243931464950234e-16, 6.522305183299172e-17]","[2.9181599642980327e-14, 2.0130725401129583e-14, 1.2267101379644475e-14, 6.6166447162707974e-15, 3.1612852604550507e-15, 1.338281255825926e-15, 5.020425692185416e-16, 1.6690292818224552e-16, 4.917292404669726e-17, 1.283896943315475e-17, 2.9708293995613604e-18, 6.092130978067564e-19]","[33509.969723181624, 85211.98966111927, 211181.85921847867, 523621.7309976243, 1299053.9466681636, 3224966.8046757304, 8012260.48565372, 19923479.505216166, 49591961.86278466, 123582736.39951886, 308375486.65170044, 788300801.509465]",995.0000000000001,0.05037664506880223
conditioned_5C_min,660.0,1273.15,0.660332557422582,5.0456006466820187e-08,0.9999999999999973,7.317370288051301e-19,8.335148185829026e-07,370.2856426301279,0.00030863857024070456,0.0003085433418648141,2.9772998088758647e-06,3.573084308297304,3940410948827290.5,39700936.75885893,99252341.89714733,0.0005106772589680168,0.035730843082973036,4.030131605504178e-08,1.322689966965892e-12,1.3627709530438025e-12,3.2231723288653716e-08,0.9705557470901969,0.9705886113962233,15512667.30364402,2.0266547412887355e-08,1.3998207387465883e-13,8.470843315827724e-14,1.0114724992798375e-06,5.421080842406682e-17,250000000.0,1330.0830897363485,252.86812481995935,1077.2149649163891,0.1901145325214858,True,2.5784320092758645e-08,5.0778263157337946e-08,0.824416934328983,0.339728130861241,4.121054230822407e-11,2.4926518247742643e-11,"[4.166666666666667e-09, 5.222712798846205e-09, 6.5464149550156744e-09, 8.205610841308463e-09, 1.0285331703180699e-08, 1.2892160046379322e-08, 1.6159691826959763e-08, 2.0255383039217577e-08, 2.5389131578668973e-08, 3.1824034187401174e-08, 3.988986975875026e-08, 5.0000000000000004e-08]","[0.011668863153679853, 0.019879225012436445, 0.029907524065908374, 0.039822962714707644, 0.04696778616857095, 0.04908149574255729, 0.04545087598295138, 0.037298891309127925, 0.027126129242471198, 0.017483227670134795, 0.009986165273279852, 0.0050549845254153035]","[7.390705286853693e-12, 7.987389318778593e-12, 7.638664184231222e-12, 6.470418928908716e-12, 4.856172095238713e-12, 3.2296888232318185e-12, 1.90351255515399e-12, 9.942343137674063e-13, 4.602179036195391e-13, 1.887911238812279e-13, 6.863467062597828e-14, 2.21131039331618e-14]","[9.924284672724604e-12, 6.829549375621828e-12, 4.157824295784073e-12, 2.2418018870076004e-12, 1.0709190324354161e-12, 4.5332904315084507e-13, 1.7005753880267348e-13, 5.653468164766813e-14, 1.6656175102555262e-14, 4.3488928187203255e-15, 1.0062965172511341e-15, 2.0635612940580344e-16]","[-4.098843633060294e-07, -2.748288519373754e-07, -1.6685004149599987e-07, -8.961227235645537e-08, -4.260714248590768e-08, -1.793779273643862e-08, -6.687141840473186e-09, -2.2073550467239716e-09, -6.450881456383191e-10, -1.668869687456306e-10, -3.8213004158788904e-11, -7.574646398449579e-12]","[2.500868242672888e-14, 2.7117331029807737e-14, 2.5966486052716422e-14, 2.2006527379377746e-14, 1.651974227021453e-14, 1.09876848528167e-14, 6.476134967311895e-15, 3.3826322422382152e-15, 1.5657842343861593e-15, 6.423192389906889e-16, 2.335141997697682e-16, 7.523494428847483e-17]","[3.361286720823129e-14, 2.3214131152114276e-14, 1.4152302498632452e-14, 7.634849632061758e-15, 3.648023577057067e-15, 1.5443792576603843e-15, 5.793649171305722e-16, 1.9260947817730356e-16, 5.674669299531592e-17, 1.48164793403798e-17, 3.4284095900375213e-18, 7.030468623044831e-19]","[28468.671162670344, 72333.10794081503, 179247.9270472665, 444391.8412904628, 1102345.3681294294, 2736205.97939309, 6796756.68128721, 16897549.564799182, 42050267.74384407, 104760891.76730606, 261328976.69556966, 667355842.0430009]",1000.0000000000001,0.050456006466820184
conditioned_5C_min,720.0,1278.15,0.6604038531902083,5.0547991370488245e-08,0.9999999999999966,7.317370288051301e-19,9.809276476891412e-07,324.0549630669521,0.00031787447264325683,0.00031777346057205747,3.4983123041966122e-06,3.5674642645047188,3928025085962405.0,39638491.8278302,99096229.56957552,0.0005090720511407277,0.03567464264504719,4.0364805173456147e-08,1.5330817278010104e-12,1.5804383392822423e-12,3.2243788662986815e-08,0.9700026400683154,0.970035774060797,15506862.58448153,2.3176685421108298e-08,1.6122551246852816e-13,9.756614244077271e-14,1.1882627937035775e-06,6.719058712913776e-17,250000000.0,1529.3634296010473,297.06569842589437,1232.2977311751529,0.19424140310677332,True,2.5784320092758645e-08,5.0778263157337946e-08,0.8243857144303104,0.3396674424978028,4.9609466738542884e-11,3.000577158873383e-11,"[4.166666666666667e-09, 5.222712798846205e-09, 6.5464149550156744e-09, 8.205610841308463e-09, 1.0285331703180699e-08, 1.2892160046379322e-08, 1.6159691826959763e-08, 2.0255383039217577e-08, 2.5389131578668973e-08, 3.1824034187401174e-08, 3.988986975875026e-08, 5.0000000000000004e-08]","[0.011644270091881492, 0.019862735281320203, 0.029897513063418615, 0.03981758597836626, 0.0469652297400218, 0.0490804194749931, 0.04545047475444095, 0.03729875886782512, 0.02712609053718246, 0.01748321765691667, 0.009986162980499601, 0.00505498407093652]","[8.891226232457425e-12, 9.614429180567056e-12, 9.196653347394206e-12, 7.79081057167138e-12, 5.847356631451585e-12, 3.8889499144008205e-12, 2.2920806531927035e-12, 1.1971922483016992e-12, 5.541649576827087e-13, 2.2733027822066925e-13, 8.264552261216437e-14, 2.662720059047029e-14]","[1.1941056705218481e-11, 8.222397244748684e-12, 5.00696244570202e-12, 2.699892864931306e-12, 1.28980044705884e-12, 5.459917986104681e-13, 2.0481943383050781e-13, 6.809125033830634e-14, 2.0060976682274216e-14, 5.2378815791431136e-15, 1.2120010926533855e-15, 2.4853894114407243e-16]","[-4.808065863158539e-07, -3.230534081844228e-07, -1.9624099353848343e-07, -1.054300965560903e-07, -5.0138372035644677e-08, -2.1112296416995937e-08, -7.872031914133863e-09, -2.5989970845198377e-09, -7.597155872054002e-10, -1.9659237713385717e-10, -4.502817422853746e-11, -8.93431051997615e-12]","[2.87613469726843e-14, 3.1226350764078156e-14, 2.9915927468845975e-14, 2.535873362835657e-14, 1.903769279390978e-14, 1.2662846932219407e-14, 7.463572285136543e-15, 3.898413730828165e-15, 1.804537793793665e-15, 7.402618489829028e-16, 2.6912118166077684e-16, 8.670701806305655e-17]","[3.867370615316637e-14, 2.6744977011220626e-14, 1.6313280886022888e-14, 8.802483977664825e-15, 4.206287209608149e-15, 1.7807788204679783e-15, 6.680579789620894e-16, 2.2209665102633117e-16, 6.54343625907828e-17, 1.7084832535364126e-17, 3.953288994775558e-18, 8.106813833965957e-19]","[24218.200048183364, 61484.37000850672, 152351.0074237146, 377668.11640149396, 936712.299047783, 2324731.4506006134, 5773664.950828866, 14351212.277221939, 35705586.398411654, 88931310.1138839, 221775880.35916147, 565794535.5306516]",1005.0000000000001,0.050547991370488245
conditioned_5C_min,780.0,1283.15,0.6604874808334271,5.0654446522375596e-08,0.9999999999999956,7.317370288051301e-19,1.1529472914489456e-06,284.0428920073321,0.00032748648299517894,0.00032737927070920883,4.1042693406803496e-06,3.560972357550305,3913742015814005.5,39566359.528336726,98915898.8208418,0.0005072209652494951,0.03560972357550305,4.04383930963906e-08,1.7742525314558568e-12,1.8302818942860096e-12,3.225797004346763e-08,0.9693540826689212,0.9693875773971912,15500045.39424675,2.6468810249451053e-08,1.8551757273101752e-13,1.1226991269221685e-13,1.3937940535646108e-06,8.269015910939305e-17,250000000.0,1756.3259590439923,348.44851339115274,1407.8774456528395,0.19839626670485536,True,2.5784320092758645e-08,5.0778263157337946e-08,0.8243490239616005,0.3395961467146531,5.928299748365646e-11,3.585570869995245e-11,"[4.166666666666667e-09, 5.222712798846205e-09, 6.5464149550156744e-09, 8.205610841308463e-09, 1.0285331703180699e-08, 1.2892160046379322e-08, 1.6159691826959763e-08, 2.0255383039217577e-08, 2.5389131578668973e-08, 3.1824034187401174e-08, 3.988986975875026e-08, 5.0000000000000004e-08]","[0.01161542169670254, 0.01984335207682914, 0.029885738603806306, 0.039811260172572895, 0.04696222143769966, 0.04907915273720808, 0.0454500024325261, 0.037298602928000045, 0.02712604495424723, 0.01748320586137404, 0.009986160278809149, 0.005054983534877888]","[1.0616907050818483e-11, 1.1488010226411745e-11, 1.0991608995524965e-11, 9.312334589372774e-12, 6.9896181990861714e-12, 4.648720730333985e-12, 2.739894990300896e-12, 1.431097072151389e-12, 6.624372253103286e-13, 2.717459891596434e-13, 9.879279351181098e-14, 3.1829621674253685e-14]","[1.4261479074408463e-11, 9.827095865421922e-12, 5.985759298863393e-12, 3.2280419035911957e-12, 1.542177679635329e-12, 6.528385278385468e-13, 2.4490291256823317e-13, 8.14170493998862e-14, 2.3987038437721183e-14, 6.262971531264961e-15, 1.449198432339919e-15, 2.9717982414786817e-16]","[-5.630410373664964e-07, -3.791710316028017e-07, -2.3048218563917722e-07, -1.2386798330722173e-07, -5.8919546531729494e-08, -2.4814379977014995e-08, -9.254074505565817e-09, -3.0558821365380155e-09, -8.934636496590537e-10, -2.3126015069024227e-10, -5.2983747143236145e-11, -1.0522738058584191e-11]","[3.3037287327625066e-14, 3.592275740215266e-14, 3.4435298263316555e-14, 2.9196514508609985e-14, 2.192092839806331e-14, 1.4581177484664275e-14, 8.594382497640529e-15, 4.489092563351036e-15, 2.0779624752740975e-15, 8.524276390381578e-16, 3.098990263034153e-16, 9.984507620589732e-17]","[4.4447131857503676e-14, 3.078554688095539e-14, 1.8789195000575715e-14, 1.0140932533666618e-14, 4.846344229599334e-15, 2.051835475271662e-15, 7.697570048305312e-16, 2.5590825850136156e-16, 7.539617155705846e-17, 1.968586928736641e-17, 4.555149304702113e-18, 9.341020540260055e-19]","[20629.795922214093, 52333.51290827491, 129666.1541148035, 321400.72930574487, 797056.7358730341, 1977851.2613520466, 4911350.390056879, 12205510.965895869, 30360546.805232137, 75599733.93250808, 188475916.0542682, 480386711.7792747]",1010.0000000000001,0.05065444652237559
conditioned_5C_min,840.0,1288.15,0.6605854191409615,5.077745715212922e-08,0.9999999999999943,7.317370288051301e-19,1.35343429641765e-06,249.3777070926119,0.00033751634154113603,0.00033740246269629983,4.80779068022973e-06,3.5534886344180774,3897309097203226.5,39483207.04908975,98708017.62272437,0.0005050912589975381,0.035534886344180776,4.0523557217900483e-08,2.0501771625603143e-12,2.1165805729206204e-12,3.2274614572903676e-08,0.9685930734696773,0.9686270339953665,15492051.775570316,3.018719627647279e-08,2.1327619656142656e-13,1.2907309386529018e-13,1.6323051254703666e-06,1.01182280197893e-16,250000000.0,2014.4543517723605,408.0762813675916,1606.378070404769,0.2025741020185229,True,2.5784320092758645e-08,5.0778263157337946e-08,0.8243059681517109,0.33951251905357194,7.041405184339113e-11,4.258694205193888e-11,"[4.166666666666667e-09, 5.222712798846205e-09, 6.5464149550156744e-09, 8.205610841308463e-09, 1.0285331703180699e-08, 1.2892160046379322e-08, 1.6159691826959763e-08, 2.0255383039217577e-08, 2.5389131578668973e-08, 3.1824034187401174e-08, 3.988986975875026e-08, 5.0000000000000004e-08]","[0.011581639234460551, 0.019820601814932972, 0.029871909672667955, 0.03980382809357446, 0.046958686264907755, 0.04907766387440946, 0.04544944718805577, 0.03729841957507185, 0.02712599134642825, 0.017483191985765, 0.00998615709978432, 0.005054982903513605]","[1.2599144290475987e-11, 1.3643375670540904e-11, 1.3057726891323959e-11, 1.1064125459889374e-11, 8.30487390296997e-12, 5.523591379413842e-12, 3.255557940159328e-12, 1.7004426259524513e-12, 7.871149738267745e-13, 3.2289164750193287e-13, 1.173867350900159e-13, 3.7820326246607525e-14]","[1.6928306985858683e-11, 1.1674228678279245e-11, 7.113110998897936e-12, 3.836497855611193e-12, 1.832958333411289e-12, 7.759486563548465e-13, 2.9108833285806503e-13, 9.677154490996789e-14, 2.851080873114469e-14, 7.444123688506945e-15, 1.7225073906220458e-15, 3.532259473894285e-16]","[-6.581828364806414e-07, -4.4436279000648165e-07, -2.703138558400322e-07, -1.4532907329977316e-07, -6.914369568996362e-08, -2.912567550329675e-08, -1.0863814823495178e-08, -3.5881298714925185e-09, -1.0493014813918774e-09, -2.716618341018203e-10, -6.225728078020196e-11, -1.2375708206122714e-11]","[3.7902996706014826e-14, 4.128626353166049e-14, 3.960380915121377e-14, 3.3587992040607184e-14, 2.5220887568112456e-14, 1.6776970371944678e-14, 9.888797619185862e-15, 5.165240430420643e-15, 2.390952556606945e-15, 9.808244746484804e-16, 3.5657770844334525e-16, 1.1488430855887716e-16]","[5.102616530388274e-14, 3.540675907966229e-14, 2.162488790527745e-14, 1.1674739265686789e-14, 5.579990109536072e-15, 2.3625544375582157e-15, 8.863414342912089e-16, 2.9466935522628966e-16, 8.68163018158488e-17, 2.266768217726271e-17, 5.245119015838308e-18, 1.0755909622806091e-18]","[17596.385977471768, 44604.548942191715, 110508.24449911185, 273887.579338446, 679146.316903103, 1685030.9229344511, 4183562.3974151537, 10394946.925250841, 25851475.31712827, 64356452.73311453, 160401433.77029654, 408460091.2788749]",1015.0000000000001,0.05077745715212922
conditioned_5C_min,900.0,1293.15,0.6606999331594259,5.091937073050846e-08,0.9999999999999929,7.317370288051301e-19,1.5868156186028133e-06,219.31508453943823,0.000348012601542377,0.000347891530905652,5.623114273565605e-06,3.5448801514561903,3878449163021005.5,39387557.238402106,98468893.09600528,0.0005026470115275223,0.0354488015145619,4.062196572170337e-08,2.36522630632064e-12,2.4440876362633813e-12,3.229412182660395e-08,0.9676992891275809,0.9677338370471414,15482693.806775054,3.438019150175828e-08,2.449758790791556e-13,1.4826338595113003e-13,1.9085669742847467e-06,1.232305228731476e-16,250000000.0,2307.604850501333,477.14174357118674,1830.4631069301465,0.2067692583795386,True,2.5784320092758645e-08,5.0778263157337946e-08,0.824255518215482,0.3394145807255028,8.32106236314362e-11,5.032525674704442e-11,"[4.166666666666667e-09, 5.222712798846205e-09, 6.5464149550156744e-09, 8.205610841308463e-09, 1.0285331703180699e-08, 1.2892160046379322e-08, 1.6159691826959763e-08, 2.0255383039217577e-08, 2.5389131578668973e-08, 3.1824034187401174e-08, 3.988986975875026e-08, 5.0000000000000004e-08]","[0.011542148264271712, 0.01979394004753258, 0.02985569084131755, 0.039795108349176475, 0.04695453764316636, 0.04907591633387926, 0.04544879535916636, 0.03729820428727956, 0.027125928388339365, 0.017483175686054953, 0.009986153364347473, 0.005054982160971112]","[1.4873324092836877e-11, 1.6120551482440532e-11, 1.5433955440396784e-11, 1.3079404982325805e-11, 9.818127157056718e-12, 6.530209601730522e-12, 3.848885797310479e-12, 2.0103570517776897e-12, 9.305721272231912e-13, 3.817411159808417e-13, 1.3878139759661662e-13, 4.4713384760140155e-14]","[1.998987690409165e-11, 1.3798634223058983e-11, 8.410604273214583e-12, 4.5369822115524e-12, 2.1677577399834534e-12, 9.177019226083395e-13, 3.442688189155376e-13, 1.1445170622354527e-13, 3.371978684009562e-14, 8.804184619142707e-15, 2.0372145315723443e-15, 4.1776140512626503e-16]","[-7.680013295255779e-07, -5.199637957151401e-07, -3.165781286074694e-07, -1.7027314927326648e-07, -8.103119887166261e-08, -3.413942420806143e-08, -1.2736150276320376e-08, -4.207303638770479e-09, -1.2306222536096304e-09, -3.1867927038964217e-10, -7.305174480590784e-11, -1.4534138937746583e-11]","[4.343226458701243e-14, 4.740709074869214e-14, 4.5511736588759417e-14, 3.86110135203603e-14, 2.899641499882048e-14, 1.9289473937450136e-14, 1.1369976599524409e-14, 5.9389592534015145e-15, 2.7491109091007546e-15, 1.1277509459810439e-15, 4.099929017829632e-16, 1.3209396050313553e-16]","[5.851488604232194e-14, 4.0689458533268146e-14, 2.4871816711046505e-14, 1.3432140154256443e-14, 6.420808420989418e-15, 2.718702019613281e-15, 1.019976850694615e-15, 3.3910020766649924e-16, 9.990699656677032e-17, 2.6085691588548808e-17, 6.036022313746732e-18, 1.2377779309542506e-18]","[15028.81286859453, 38067.9197487369, 94307.49677068225, 233713.3512771908, 579462.4576335475, 1437514.4710932425, 3568487.680587972, 8865108.746508108, 22042449.101480383, 54861352.18233259, 136699724.1596326, 347800594.35394746]",1020.0000000000001,0.05091937073050846
conditioned_5C_min,960.0,1298.15,0.6608336088133004,5.108282121688327e-08,0.9999999999999911,7.317370288051301e-19,1.8581618617108263e-06,193.21874018298195,0.0003590316939758302,0.00035890283648247516,6.566245580711518e-06,3.5350004805175765,3856860616438116.0,39277783.116861954,98194457.79215491,0.0004998491358903798,0.035350004805175764,4.073549658440676e-08,2.724174772913587e-12,2.8180624108184965e-12,3.231695085653895e-08,0.9666483436107101,0.966683620084326,15471756.670967955,3.9100359775776444e-08,2.8115581383258493e-13,1.7016779483969965e-13,2.2279275644270426e-06,1.4950811998031605e-16,250000000.0,2640.031994893411,556.9818911067607,2083.0501037866507,0.21097543218571801,True,2.5784320092758645e-08,5.0778263157337946e-08,0.8241964937716361,0.33930006668345136,9.790917636851951e-11,5.921366607273984e-11,"[4.166666666666667e-09, 5.222712798846205e-09, 6.5464149550156744e-09, 8.205610841308463e-09, 1.0285331703180699e-08, 1.2892160046379322e-08, 1.6159691826959763e-08, 2.0255383039217577e-08, 2.5389131578668973e-08, 3.1824034187401174e-08, 3.988986975875026e-08, 5.0000000000000004e-08]","[0.011496068184500177, 0.019762742219789672, 0.029836696153601103, 0.03978489196022008, 0.04694967577123406, 0.049073867968426776, 0.04544803119014978, 0.037297951849061234, 0.027125854551004146, 0.017483156565298728, 0.009986148981242785, 0.0050549812889227755]","[1.7479259968057623e-11, 1.896497692736206e-11, 1.816465963572235e-11, 1.5396065793547423e-11, 1.1557912056985946e-11, 7.68757803797753e-12, 4.531084393281944e-12, 2.3666946069817805e-12, 1.0955187817692364e-12, 4.494061727397043e-13, 1.6338097170359442e-13, 5.2639022390328284e-14]","[2.3500770066630967e-11, 1.6240001735055072e-11, 9.902913275877374e-12, 5.342910620807787e-12, 2.5530062452428186e-12, 1.0808240437851363e-12, 4.0546742995721447e-13, 1.3479771868353524e-13, 3.9714206634101834e-14, 1.0369326114455635e-14, 2.3993758703971484e-15, 4.920280809835201e-16]","[-8.94445030996318e-07, -6.074782782218964e-07, -3.7023099525620307e-07, -1.9922370853745303e-07, -9.483327816250266e-08, -3.996197266910138e-08, -1.491089359404897e-08, -4.926597615428297e-09, -1.4412981891205953e-09, -3.733189277105518e-10, -8.559882419403558e-11, -1.7044756674041595e-11]","[4.970672484154514e-14, 5.4387394262586373e-14, 5.226211797030379e-14, 4.435470400886641e-14, 3.331496243061728e-14, 2.216369925886276e-14, 1.30644839821176e-14, 6.82413167817427e-15, 3.1588650380365016e-15, 1.2958439850376703e-15, 4.711032922971714e-16, 1.5178291134645855e-16]","[6.702956058938057e-14, 4.6725939104055643e-14, 2.8589168992923166e-14, 1.544570739587305e-14, 7.384486800709952e-15, 3.126940793350532e-15, 1.1731658989724361e-15, 3.900332501979142e-16, 1.149135592774776e-16, 3.000395129270143e-17, 6.94268120828717e-18, 1.423702477582681e-18]","[12852.738610101911, 32532.42614309716, 80589.40644057597, 199699.58521648907, 495075.9552019587, 1228014.1517230633, 3047975.0193032273, 7570732.331022474, 18820431.99371181, 46831690.727597065, 116662221.41797373, 296571044.4327602]",1025.0,0.05108282121688327
conditioned_5C_min,1020.0,1303.15,0.6609893900992941,5.127075314945849e-08,0.9999999999999889,7.317370288051301e-19,2.173274229785125e-06,170.54411795764702,0.00037063913659878884,0.0003705018141262928,7.655106265972268e-06,3.523689485272763,3832218391549947.5,39152105.39191959,97880263.47979897,0.0004966555035448732,0.03523689485272763,4.086625697350662e-08,3.1321988762536355e-12,3.2442990298580928e-12,3.234362800412015e-08,0.9654108647503197,0.9654470341442722,15458995.507130697,4.4404558760306763e-08,3.2242942373209524e-13,1.9515842684290297e-13,2.596354766380505e-06,1.8082119020850977e-16,250000000.0,3016.4123913812364,649.0886915951263,2367.32369978611,0.21518566010727203,True,2.5784320092758645e-08,5.0778263157337946e-08,0.8241275434912249,0.33916639100250623,1.1477852518810701e-10,6.941476327592301e-11,"[4.166666666666667e-09, 5.222712798846205e-09, 6.5464149550156744e-09, 8.205610841308463e-09, 1.0285331703180699e-08, 1.2892160046379322e-08, 1.6159691826959763e-08, 2.0255383039217577e-08, 2.5389131578668973e-08, 3.1824034187401174e-08, 3.988986975875026e-08, 5.0000000000000004e-08]","[0.011442401482640398, 0.01972629352309636, 0.02981448229388573, 0.03977293853770783, 0.04694398577454431, 0.04907147025006663, 0.045447136536534136, 0.03729765625320431, 0.0271257680731128, 0.017483134166163063, 0.009986143845313334, 0.005054980266237375]","[2.0461663458550332e-11, 2.2228220583117244e-11, 2.130038671394058e-11, 1.805734803407941e-11, 1.3556809802822983e-11, 9.017399993509295e-12, 5.314953432209e-12, 2.776142507672237e-12, 1.2850506840514265e-12, 5.271568118419645e-13, 1.916471692414247e-13, 6.17459970711158e-14]","[2.75225437019938e-11, 1.904355808129841e-11, 1.1618263415452763e-11, 6.2696530645601694e-12, 2.9960754532854157e-12, 1.2684404913861683e-12, 4.758573838955606e-13, 1.5819971369541009e-13, 4.660902019075049e-14, 1.2169563192017722e-14, 2.8159367428943787e-15, 5.774502296384809e-16]","[-1.0396417979233808e-06, -7.085949228095336e-07, -4.323553578318673e-07, -2.3277581097925092e-07, -1.1083590083714631e-07, -4.671444881626217e-08, -1.7433404264331773e-08, -5.761046749301812e-09, -1.6857423065248192e-09, -4.3672797626183986e-10, -1.001626265657203e-10, -1.9960847928440977e-11]","[5.681637071340216e-14, 6.234290372405546e-14, 5.997276003109204e-14, 5.092132207639827e-14, 3.825402878077475e-14, 2.545139071100028e-14, 1.5002864979368114e-14, 7.836722088219435e-15, 3.627606537588842e-15, 1.4881360928511556e-15, 5.410113859817932e-16, 1.7430637866103826e-16]","[7.669983836024576e-14, 5.362174523596245e-14, 3.2845211551626517e-14, 1.7753132999293068e-14, 8.489202274817298e-15, 3.594994589319554e-15, 1.3488104682152265e-15, 4.484337958087637e-16, 1.3212046001407661e-16, 3.4496743280433906e-17, 7.982284608735211e-18, 1.6368895025458745e-18]","[11006.099894690533, 27838.604099621356, 68958.281084792, 170863.7094652979, 423544.9472596444, 1050455.9401540866, 2606899.7108910982, 6474111.021182818, 16091289.853805082, 40032091.17906627, 99699300.90402599, 253244766.17222488]",1030.0,0.05127075314945849
conditioned_5C_min,1080.0,1308.15,0.6611706186209494,5.148644466852198e-08,0.9999999999999862,7.317370288051301e-19,2.538782309990261e-06,150.8246290668107,0.00038291090018566194,0.0003827643355493778,8.909677964321614e-06,3.510773471091503,3804176038678976.0,39008594.12323893,97521485.3080973,0.0004930212146127953,0.03510773471091503,4.1016602519566795e-08,3.5948586510582345e-12,3.729150592567549e-12,3.2374755528265175e-08,0.9639513436243501,0.9639885978922472,15444132.06652538,5.035392771204514e-08,3.694955650835035e-13,2.2365929142819e-13,3.02047536070355e-06,2.1813747105242828e-16,250000000.0,3441.86516692133,755.1188401758875,2686.7463267454423,0.21939233629286067,True,2.5784320092758645e-08,5.0778263157337946e-08,0.8240471239217442,0.3390106096854682,1.3412429059807064e-10,8.111341961508466e-11,"[4.166666666666667e-09, 5.222712798846205e-09, 6.5464149550156744e-09, 8.205610841308463e-09, 1.0285331703180699e-08, 1.2892160046379322e-08, 1.6159691826959763e-08, 2.0255383039217577e-08, 2.5389131578668973e-08, 3.1824034187401174e-08, 3.988986975875026e-08, 5.0000000000000004e-08]","[0.011380022974764994, 0.01968377782772779, 0.02978854097241582, 0.039758971989049076, 0.04693733562049408, 0.04906866738313766, 0.04544609053227828, 0.037297310590399355, 0.027125666928574408, 0.01748310796248449, 0.00998613783555574, 0.005054979068586499]","[2.3870645701354462e-11, 2.596879480656057e-11, 2.4898752315806103e-11, 2.1112627358663306e-11, 1.5852051529669467e-11, 1.0544483436169312e-11, 6.2151253309710866e-12, 3.246345832965403e-12, 1.502707076306757e-12, 6.164449774130339e-13, 2.241078524003323e-13, 7.220437979077809e-14]","[3.2124534003608544e-11, 2.2260862795456158e-11, 1.3588976108550355e-11, 7.334841044517754e-12, 3.5054275897744536e-12, 1.4841401667453416e-12, 5.567860119884742e-13, 1.8510574144393591e-13, 5.4536247791595085e-14, 1.4239367788843757e-14, 3.2948738194184915e-15, 6.756635997912334e-16]","[-1.2058923762945683e-06, -8.252021404633521e-07, -5.041752022928295e-07, -2.7160480061202595e-07, -1.2936415034807692e-07, -5.4534644790489737e-08, -2.03552987659197e-08, -6.727763021039841e-09, -1.968977921019081e-09, -5.102123871661842e-10, -1.170438561776802e-10, -2.3343105740841448e-11]","[6.486000399432071e-14, 7.140481781989688e-14, 6.877863009493848e-14, 5.842849018095074e-14, 4.390289700365316e-14, 2.9212198085838074e-14, 1.7220340347041095e-14, 8.995140402946432e-15, 4.1638596478677246e-15, 1.708124511549547e-15, 6.209886600986056e-16, 2.0007402215927015e-16]","[8.766999966341251e-14, 6.149781338139708e-14, 3.7718928981715914e-14, 2.0398187565143905e-14, 9.756093989268878e-15, 4.131851136351433e-15, 1.5502880917579114e-15, 5.154254864124744e-16, 1.5185883970515518e-16, 3.96505377543256e-17, 9.17484190938797e-18, 1.881442308580758e-18]","[9437.013782053424, 23853.28013894307, 59083.70906967846, 146385.38015328677, 362831.089557663, 899770.5508424749, 2232641.7831001026, 5543790.777671401, 13776521.6354153, 34266333.790108405, 85319624.29874262, 216551264.63066274]",1035.0,0.05148644466852198
conditioned_5C_min,1140.0,1313.15,0.6613810750896127,5.17335282332727e-08,0.9999999999999831,7.317370288051301e-19,2.96225391677008e-06,133.6600285267999,0.0003959349430191136,0.00039577824058397977,1.0352135923149792e-05,3.496065831674122,3772369228209652.5,38845175.90749025,97112939.76872562,0.0004888990519759709,0.03496065831674122,4.118915573481759e-08,4.118059412511958e-12,4.279546968966405e-12,3.2411021090769164e-08,0.9622267044052566,0.9622652683507177,15426851.212114472,5.701375221590589e-08,4.231517584512954e-13,2.5615431839043123e-13,3.507607810792691e-06,2.626219848810126e-16,250000000.0,3921.9673892495002,876.9019526981727,3045.0654365513274,0.22358726263299578,True,2.5784320092758645e-08,5.0778263157337946e-08,0.8239534764607993,0.33882938112823674,1.5629402448434626e-10,9.451988885251293e-11,"[4.166666666666667e-09, 5.222712798846205e-09, 6.5464149550156744e-09, 8.205610841308463e-09, 1.0285331703180699e-08, 1.2892160046379322e-08, 1.6159691826959763e-08, 2.0255383039217577e-08, 2.5389131578668973e-08, 3.1824034187401174e-08, 3.988986975875026e-08, 5.0000000000000004e-08]","[0.01130766943218732, 0.019634265699299987, 0.02975829046027825, 0.03974267570101236, 0.0469295737714732, 0.04906539530445023, 0.045444869214352326, 0.037296906924618095, 0.027125548789899145, 0.01748307734974126, 0.00998613081292437, 0.005054977668000154]","[2.7762245941013706e-11, 3.0253083875754385e-11, 2.9025470121502413e-11, 2.461833676952035e-11, 1.8486225349888656e-11, 1.2297215321319597e-11, 7.248345751793552e-12, 3.7860542571421884e-12, 1.7525386551788204e-12, 7.189324481060067e-13, 2.6136717200624864e-13, 8.42088211203343e-14]","[3.7384733983413294e-11, 2.595073159833998e-11, 1.585211184745331e-11, 8.558732298426388e-12, 4.0907932291305866e-12, 1.7320512349264276e-12, 6.498032974939489e-13, 2.1603127062868438e-13, 6.36477781739044e-14, 1.6618400054103294e-14, 3.84536433398177e-15, 7.885501383060789e-16]","[-1.395655051465983e-06, -9.594028534777553e-07, -5.870709920347992e-07, -3.164760307209999e-07, -1.5078714397790242e-07, -6.357914248937088e-08, -2.3735253439719306e-08, -7.846202676918057e-09, -2.2967172772150832e-09, -5.952574126287384e-10, -1.3658453762545815e-10, -2.7260587850110264e-11]","[7.39455730808107e-14, 8.172199645718084e-14, 7.883471662625326e-14, 6.701188946556135e-14, 5.036474024607055e-14, 3.3515099940933854e-14, 1.975765067038515e-14, 1.0320684199622704e-14, 4.777486119905906e-15, 1.95985529947651e-15, 7.125061336842939e-16, 2.2955979374667176e-16]","[1.0010022898546517e-13, 7.049302734889753e-14, 4.3302024906050684e-14, 2.343190005006716e-14, 1.120984652188978e-14, 4.748012376371737e-15, 1.7815463631657834e-15, 5.923217501164185e-16, 1.7451578626907906e-16, 4.556641597262003e-17, 1.0543743695605896e-17, 2.1621575886593016e-18]","[8102.051735713527, 20465.089954785326, 50689.424045864456, 125578.78588931385, 311230.6031762936, 771721.5643896573, 1914657.0029163235, 4753497.769607464, 11810573.751938075, 29370616.77658677, 73113186.79650487, 185431719.07350147]",1040.0,0.0517335282332727
conditioned_5C_min,1200.0,1318.15,0.6616250222558184,5.2016007377959415e-08,0.9999999999999793,7.317370288051301e-19,3.4523183546495775e-06,118.70658472602847,0.0004098129212674333,0.00040964504343550024,1.2006966545617632e-05,3.4793683351415416,3736420991230131.5,38659648.168239355,96649120.42059839,0.00048424016046342503,0.034793683351415416,4.138682258661816e-08,4.707985744778583e-12,4.903004344141555e-12,3.245320813528455e-08,0.9601845357729532,0.9602246733482922,15406797.316175904,6.445316452401655e-08,4.843098816584251e-13,2.931968395478965e-13,4.065786103112029e-06,3.156814388671945e-16,250000000.0,4462.76232102139,1016.4465257780073,3446.315795243382,0.22776174321230125,True,2.5784320092758645e-08,5.0778263157337946e-08,0.8238446024878232,0.3386189246188307,1.8168312996636417e-10,1.0987339063684592e-10,"[4.166666666666667e-09, 5.222712798846205e-09, 6.5464149550156744e-09, 8.205610841308463e-09, 1.0285331703180699e-08, 1.2892160046379322e-08, 1.6159691826959763e-08, 2.0255383039217577e-08, 2.5389131578668973e-08, 3.1824034187401174e-08, 3.988986975875026e-08, 5.0000000000000004e-08]","[0.011223930129099361, 0.019576701528091323, 0.02972306620075616, 0.0397236871391691, 0.046920526542834524, 0.04906158055590087, 0.04544344509914594, 0.03729643615245748, 0.02712541098686251, 0.017483041634296502, 0.009986122617852112, 0.0050549760323648826]","[3.219898032586235e-11, 3.5156403663185234e-11, 3.3755553119077606e-11, 2.8639050137454032e-11, 2.150810976465289e-11, 1.4308121317775628e-11, 8.433804792016661e-12, 4.405295309119551e-12, 2.0391878223731747e-12, 8.365237660745973e-13, 3.041175400273063e-13, 9.798240874513461e-14]","[4.33907477225412e-11, 3.018031323927383e-11, 1.8450233341816352e-11, 9.964646301430417e-12, 4.763384020443973e-12, 2.0169319775087317e-12, 7.566960792838959e-13, 2.515705756356695e-13, 7.411872535004914e-14, 1.9352385012460494e-14, 4.477988955718123e-15, 9.18279593625637e-16]","[-1.611518695755975e-06, -1.1135283035727458e-06, -6.825964192358037e-07, -3.6825577143881e-07, -1.755236034350679e-07, -7.402573036906351e-08, -2.7639918751747155e-08, -9.138470735480731e-09, -2.6754511779939023e-09, -6.935509344868009e-10, -1.5917340193684382e-10, -3.179180963764489e-11]","[8.419033763602503e-14, 9.346350105370848e-14, 9.031946635152603e-14, 7.682853201203779e-14, 5.775918911100165e-14, 3.8440141140319547e-14, 2.266208762709857e-14, 1.1838078876034086e-14, 5.479935533393674e-15, 2.2480260637390755e-15, 8.172717226551089e-16, 2.6331397369937767e-16]","[1.1416787010943836e-13, 8.076727812645313e-14, 4.970137836472105e-14, 2.6914017261649286e-14, 1.2879413612156131e-14, 5.45580539158286e-15, 2.0472202680693273e-15, 6.806649007036271e-16, 2.005458651312209e-16, 5.236308200985303e-17, 1.2116458748169538e-17, 2.4846683662054445e-18]","[6964.815337642815, 17580.784848736803, 43544.128511591705, 107869.82912437437, 267317.47539693146, 662763.883737437, 1644123.6860102348, 4081255.7409251793, 10138630.527058093, 25208013.953918513, 62737382.60500561, 159002462.89784184]",1045.0,0.05201600737795942
conditioned_5C_min,1260.0,1323.15,0.6619072485559525,5.233826733875364e-08,0.9999999999999748,7.317370288051301e-19,4.018804594385145e-06,105.66875469807128,0.0004246620768635657,0.0004244818155341902,1.390106236543532e-05,3.460473209565693,3695949022877127.0,38449702.32850771,96124255.82126926,0.00047899499336487566,0.03460473209565693,4.161280590236753e-08,5.370999346570397e-12,5.607624592680046e-12,3.250220719007832e-08,0.9577609227142904,0.9578029445090654,15383570.63186253,7.274462798119457e-08,5.540148602830713e-13,3.3542083701567583e-13,4.703771668524656e-06,3.7901962425751654e-16,250000000.0,5070.7579072277695,1175.9429171311642,3894.8149900966055,0.2319067363588776,True,2.5784320092758645e-08,5.0778263157337946e-08,0.8237182367011516,0.3383749774059936,2.1074172283243847e-10,1.2744626012338768e-10,"[4.166666666666667e-09, 5.222712798846205e-09, 6.5464149550156744e-09, 8.205610841308463e-09, 1.0285331703180699e-08, 1.2892160046379322e-08, 1.6159691826959763e-08, 2.0255383039217577e-08, 2.5389131578668973e-08, 3.1824034187401174e-08, 3.988986975875026e-08, 5.0000000000000004e-08]","[0.011127239007354003, 0.019509889829876958, 0.029682110415602012, 0.039701591792882775, 0.04690999512662842, 0.049057139012078727, 0.04544178670402083, 0.03729588784421335, 0.02712525045979183, 0.01748300002124043, 0.009986113067447995, 0.005054974124856304]","[3.725040058402385e-11, 4.0764213726407744e-11, 3.9174721100169165e-11, 3.32487620581763e-11, 2.4973661111312986e-11, 1.66145297861948e-11, 9.793530049642575e-12, 5.115580041681596e-12, 2.3679839543767952e-12, 9.714053298989418e-13, 3.531538433866128e-13, 1.1378124716709728e-13]","[5.02408199291075e-11, 3.502634992686102e-11, 2.1432316043699616e-11, 1.1579487337129375e-11, 5.536148837173341e-12, 2.3442803010037033e-12, 8.795292953680555e-13, 2.9241046967788716e-13, 8.61514772579224e-14, 2.2494169933051676e-14, 5.204976480608296e-15, 1.0673596955979636e-15]","[-1.8561610627663047e-06, -1.2901503252437889e-06, -7.924967303857881e-07, -4.2792355188753335e-07, -2.040482260255181e-07, -8.607617868868276e-08, -3.2144970856780217e-08, -1.06296714731006e-08, -3.1125521841125317e-09, -8.070103542113595e-10, -1.8525209080695944e-10, -3.702600372649262e-11]","[9.572077488989182e-14, 1.0682154014687604e-13, 1.0343893086816988e-13, 8.8060752978393e-14, 6.622547635965755e-14, 4.408056453313116e-14, 2.5988759963008584e-14, 1.357614091770121e-14, 6.284552693306677e-15, 2.5781121235192533e-15, 9.372761154381452e-16, 3.019779523358176e-16]","[1.3006859522011923e-13, 9.250513821107012e-14, 5.704207289151094e-14, 3.0914818614883124e-14, 1.479892082916267e-14, 6.2697706735717965e-15, 2.3527787721791614e-15, 7.822749958230538e-16, 2.304855287243779e-16, 6.018062662327198e-17, 1.39254051166444e-17, 2.855622633942514e-18]","[5994.759415312092, 15122.183398427109, 37453.92160943394, 92777.30009896049, 229896.60846530413, 569927.0083713501, 1413651.5135286232, 3508658.5637753867, 8714793.794702573, 21663910.419495754, 53905535.014198296, 136524972.07629782]",1050.0,0.05233826733875364
conditioned_5C_min,1320.0,1328.15,0.6622331115730272,5.270507675756131e-08,0.9999999999999694,7.317370288051301e-19,4.672896006882733e-06,94.29212507888036,0.00044061729476158724,0.0004404232366664971,1.6063788001740172e-05,3.439166200038108,3650575355396470.0,38212957.77820121,95532394.44550301,0.0004731145660593825,0.03439166200038108,4.187061387100291e-08,6.113490313461272e-12,6.402082780919027e-12,3.255902811939654e-08,0.9548778248180785,0.9549220968654318,15356723.737774368,8.19631419818693e-08,6.334670134678773e-13,3.8355432104489294e-13,5.4310502841222125e-06,4.547066486429591e-16,250000000.0,5752.912383079764,1357.762571030553,4395.1498120492115,0.2360130800920852,True,2.5784320092758645e-08,5.0778263157337946e-08,0.8235718187473553,0.338092751052516,2.4398261440492424e-10,1.4754876916687278e-10,"[4.166666666666667e-09, 5.222712798846205e-09, 6.5464149550156744e-09, 8.205610841308463e-09, 1.0285331703180699e-08, 1.2892160046379322e-08, 1.6159691826959763e-08, 2.0255383039217577e-08, 2.5389131578668973e-08, 3.1824034187401174e-08, 3.988986975875026e-08, 5.0000000000000004e-08]","[0.011015869343588025, 0.01943248081036233, 0.029634560611778864, 0.03967591637976952, 0.046897752233066886, 0.04905197444135741, 0.045439858005769426, 0.037295250063924965, 0.027125063706660783, 0.01748295160061918, 0.009986101952322546, 0.00505497190329608]","[4.299364707741736e-11, 4.7173506135220305e-11, 4.538105695225936e-11, 3.853240723687988e-11, 2.8947189692892438e-11, 1.925936365818267e-11, 1.135285564742309e-11, 5.930148496743669e-12, 2.7450571159751957e-12, 1.1260920573100969e-12, 4.093904103129015e-13, 1.3189992430724634e-13]","[5.804493564231466e-11, 4.057665821952523e-11, 2.4854840417190273e-11, 1.3434376454022363e-11, 6.424084086923101e-12, 2.720466541418011e-12, 1.0206960216988052e-12, 3.3934696942727036e-13, 9.998060898138507e-14, 2.6105007530447994e-14, 6.04050078760696e-15, 1.2386970536345144e-15]","[-2.132288763229272e-06, -1.4920914902656595e-06, -9.187289689708926e-07, -4.96586297450847e-07, -2.3689906419395948e-07, -9.995946732564862e-08, -3.733633670697163e-08, -1.2348317061435565e-08, -3.616394985182115e-09, -9.378139658444355e-10, -2.1532239692215467e-10, -4.3064590909967554e-11]","[1.086721123518638e-13, 1.2201488349389808e-13, 1.184317871773544e-13, 1.0092110222586858e-13, 7.592630667365755e-14, 5.0545438460059146e-14, 2.9802154956823794e-14, 1.5568596192285118e-14, 7.206956915325463e-15, 2.9565221850030542e-15, 1.0748493806218589e-15, 3.463024697996297e-16]","[1.4801738480332147e-13, 1.0592028323231041e-13, 6.547114780881352e-14, 3.551738351984244e-14, 1.7008797067533843e-14, 7.207149440455246e-15, 2.7047088977164567e-15, 8.993112027113678e-16, 2.6497121626300006e-16, 6.918525520266592e-17, 1.600904432567783e-17, 3.282907753837851e-18]","[5166.218353514607, 13023.652327715155, 32256.04243760137, 79897.32415783525, 197965.1223724112, 490718.6458042594, 1217041.1457984487, 3020269.8779415023, 7500581.05317686, 18642238.47943767, 46377441.89673317, 117381166.20831704]",1055.0,0.052705076757561316
conditioned_5C_min,1380.0,1333.15,0.6626085802343727,5.3121576930898144e-08,0.9999999999999628,7.317370288051301e-19,5.427303462235107e-06,84.35741793798074,0.0004578333064400168,0.00045762379102666544,1.8527011487192698e-05,3.415230772321689,3599938650683024.0,37947008.58135209,94867521.45338024,0.0004665520491285199,0.03415230772321689,4.216406140604905e-08,6.941669555613864e-12,7.295601607738561e-12,3.2624813345687664e-08,0.9514399732146573,0.9514869271713965,15325758.179888248,9.21850899516606e-08,7.240488625015997e-13,4.384352710123551e-13,6.257811021879859e-06,5.452655170747458e-16,250000000.0,6516.603349381174,1564.4527554699648,4952.1505939112085,0.24007180913021622,True,2.5784320092758645e-08,5.0778263157337946e-08,0.8234024632643838,0.33776688797444737,2.8199063515387784e-10,1.705347460306478e-10,"[4.166666666666667e-09, 5.222712798846205e-09, 6.5464149550156744e-09, 8.205610841308463e-09, 1.0285331703180699e-08, 1.2892160046379322e-08, 1.6159691826959763e-08, 2.0255383039217577e-08, 2.5389131578668973e-08, 3.1824034187401174e-08, 3.988986975875026e-08, 5.0000000000000004e-08]","[0.010887932017794269, 0.019342955320946393, 0.029579436873640612, 0.03964612120192247, 0.04688353828921525, 0.04904597687331787, 0.04543761782556701, 0.03729450916490128, 0.02712484672296167, 0.01748289533178123, 0.009986089032978731, 0.005054969319420626]","[4.951397381852919e-11, 5.4494399144854186e-11, 5.248696418290062e-11, 4.4587673370431995e-11, 3.350276809331189e-11, 2.229208996578622e-11, 1.3140984944832518e-11, 6.864264268280776e-12, 3.1774745308947237e-12, 1.3034833884102801e-12, 4.738813731502131e-13, 1.526780724952241e-13]","[6.692597873051395e-11, 4.6931875213463854e-11, 2.8783109285719083e-11, 1.556541946521291e-11, 7.444611910975131e-12, 3.1528955078453257e-12, 1.1829785555617926e-12, 3.933056415899524e-13, 1.1587888195716507e-13, 3.025612284260795e-14, 7.00104344714763e-15, 1.4356715188647854e-15]","[-2.442555017421387e-06, -1.7224325369077198e-06, -1.0634846726807214e-06, -5.754947805268234e-07, -2.7468620776771814e-07, -1.1593559890430162e-07, -4.3311643743468604e-08, -1.4326811491438966e-08, -4.196499010316083e-09, -1.088438137389558e-09, -2.499548473133377e-10, -5.0022925392113034e-11]","[1.2318733150911276e-13, 1.392928118340322e-13, 1.3557543515647737e-13, 1.156583621393019e-13, 8.70526391445127e-14, 5.796290970901471e-14, 3.4178072925062025e-14, 1.7855094021762724e-14, 8.265512108686002e-15, 3.390791292225018e-15, 1.2327311304329728e-15, 3.971702238892275e-16]","[1.6824916434125773e-13, 1.2126081971100477e-13, 7.516226222208339e-14, 4.082043730304077e-14, 1.9557199717683175e-14, 8.288498271981162e-15, 3.110748018364763e-15, 1.034349255468948e-15, 3.047622017186802e-16, 7.957525623782517e-17, 1.8413262698478912e-17, 3.7759337407154994e-18]","[4457.599497303727, 11230.022022036792, 27813.693637050594, 68890.49656650117, 170680.35075449146, 423045.0123762468, 1049085.5090767364, 2603126.9544648323, 6463684.765868349, 16062369.308108877, 39951571.81513026, 101053052.77123252]",1060.0,0.05312157693089815
conditioned_5C_min,1440.0,1338.15,0.6630402745280709,5.3593254241353645e-08,0.9999999999999549,7.317370288051301e-19,6.29645877837325e-06,75.67539327603532,0.0004764869942997406,0.00047626006257401975,2.132509741745795e-05,3.3884536265583467,3543709252881607.5,37649484.73953718,94123711.84884295,0.00045926471917345633,0.033884536265583465,4.249726154471852e-08,7.861288507591653e-12,8.297912526862627e-12,3.2700852068091465e-08,0.9473313181587322,0.9473814627645806,15290121.461021055,1.0348663711403812e-07,8.2735739240397e-13,5.010306538213856e-13,7.194904894316449e-06,6.537803762901857e-16,250000000.0,7369.576119943555,1798.7262235791122,5570.849896364442,0.24407458370792826,True,2.5784320092758645e-08,5.0778263157337946e-08,0.8232069284808392,0.3373914192433856,3.2543356682554847e-10,1.9680814636036464e-10,"[4.166666666666667e-09, 5.222712798846205e-09, 6.5464149550156744e-09, 8.205610841308463e-09, 1.0285331703180699e-08, 1.2892160046379322e-08, 1.6159691826959763e-08, 2.0255383039217577e-08, 2.5389131578668973e-08, 3.1824034187401174e-08, 3.988986975875026e-08, 5.0000000000000004e-08]","[0.010741378716748986, 0.019239609368731928, 0.029515627793279767, 0.03961159151509086, 0.04686705711674919, 0.04903902073738361, 0.0454350191269424, 0.03729364955621179, 0.02712459493302105, 0.017482830025492987, 0.009986074035687893, 0.0050549663180451026]","[5.6905213709075955e-11, 6.285196785489611e-11, 6.062149029228927e-11, 5.152717509879011e-11, 3.872592644198265e-11, 2.57698645483271e-11, 1.519166932033624e-11, 7.93556990958654e-12, 3.673405257415884e-12, 1.5069308659437811e-12, 5.478452409761915e-13, 1.7650828592857776e-13]","[7.702092859098941e-11, 5.420752439612414e-11, 3.3292845019044085e-11, 1.8014645703395354e-11, 8.618043894036122e-12, 3.650205404164196e-12, 1.3696234366636783e-12, 4.553665969180893e-13, 1.3416461406028588e-13, 3.503063821687746e-14, 8.105839209056364e-15, 1.6622275433077153e-15]","[-2.789451070284835e-06, -1.9845165682722434e-06, -1.229215850066989e-06, -6.660631289482177e-07, -3.181021862187276e-07, -1.3430018473383595e-07, -5.01819661705381e-08, -1.6602033947154286e-08, -4.863700425738445e-09, -1.2617021701880567e-09, -2.897990627571516e-10, -5.8032403268587816e-11]","[1.3941543393260886e-13, 1.5893966954871603e-13, 1.5519342201148298e-13, 1.3256497813133206e-13, 9.982962158364466e-14, 6.648424756060057e-14, 3.920603398537163e-14, 2.048246919291593e-14, 9.481911864016472e-15, 3.8898209947359726e-15, 1.4141578555722106e-15, 4.556240110072726e-16]","[1.9101887137223273e-13, 1.3881570677563628e-13, 8.632151471123718e-14, 4.694193902180763e-14, 2.2501818141775975e-14, 9.538468040143506e-15, 3.580178420289739e-15, 1.1904796976465619e-15, 3.507695756911548e-16, 9.158857240337411e-17, 2.1193123612055925e-17, 4.345992619282916e-18]","[3850.714153466821, 9694.859532204504, 24011.75333988025, 59471.22696559055, 147333.33861630026, 365144.84946221067, 905405.3197624083, 2246330.1589986333, 5576946.061373174, 13856542.723459985, 34458613.981288515, 87105927.60822797]",1065.0,0.053593254241353645
conditioned_5C_min,1500.0,1343.15,0.663535501448116,5.412589055229276e-08,0.9999999999999455,7.317370288051301e-19,7.296730696242991e-06,68.08250716761145,0.000496779719927094,0.0004965330523763999,2.4494862074117715e-05,3.358631651464604,3481606966117239.0,37318129.46071783,93295323.65179455,0.00045121626280879415,0.03358631651464604,4.287460339308292e-08,8.877271848985228e-12,9.419204762691065e-12,3.2788595515707675e-08,0.9424111761528682,0.9424651095968949,15249204.55224959,1.1594156775283413e-07,9.452429801715585e-13,5.724591247518267e-13,8.253781999967474e-06,7.84031636771088e-16,250000000.0,8319.866637522358,2063.445499991868,6256.42113753049,0.24801425189747495,True,2.5784320092758645e-08,5.0778263157337946e-08,0.8229815835076089,0.33695972487002324,3.7507501026586863e-10,2.2683075876707032e-10,"[4.166666666666667e-09, 5.222712798846205e-09, 6.5464149550156744e-09, 8.205610841308463e-09, 1.0285331703180699e-08, 1.2892160046379322e-08, 1.6159691826959763e-08, 2.0255383039217577e-08, 2.5389131578668973e-08, 3.1824034187401174e-08, 3.988986975875026e-08, 5.0000000000000004e-08]","[0.010574011652531896, 0.019120538374635593, 0.02944187484227575, 0.03957162772735397, 0.04684797098557607, 0.04903096272629958, 0.04543200820897217, 0.03729265343417496, 0.027124303110995507, 0.017482754323362777, 0.009986056647744128, 0.005054962836100906]","[6.527013974503249e-11, 7.238834802781908e-11, 6.993309561297825e-11, 5.948107378667003e-11, 4.471570373700133e-11, 2.975891940196314e-11, 1.754403135945854e-11, 9.164518061161495e-12, 4.2423199692568725e-12, 1.7403201256279394e-12, 6.326947123105241e-13, 2.0384572658901412e-13]","[8.848206087332337e-11, 6.253646680266232e-11, 3.847213590171832e-11, 2.0831162044703812e-11, 9.96815298254268e-12, 4.2225134865728064e-12, 1.5844341418810627e-12, 5.26795378776883e-13, 1.5521078860175518e-13, 4.052595256107991e-14, 9.37742662577972e-15, 1.92298710046469e-15]","[-3.175167136489962e-06, -2.2819496543491902e-06, -1.418665472736395e-06, -7.698924540364326e-07, -3.679346808029252e-07, -1.5539006781012515e-07, -5.8073969190413524e-08, -1.9216055642961047e-08, -5.630363580366323e-09, -1.460823468291879e-09, -3.3559650296214445e-10, -6.72430595523593e-11]","[1.5750869139559074e-13, 1.8128008051525693e-13, 1.7766450080094213e-13, 1.5198626442772488e-13, 1.14523982073819e-13, 7.628889123816202e-14, 4.499228442373066e-14, 2.35063188891861e-14, 1.0881910639433841e-14, 4.464179501741716e-15, 1.6229720759220668e-15, 5.229018969043045e-16]","[2.1660062406783347e-13, 1.5892249052780637e-13, 9.919472923131776e-14, 5.402362397139185e-14, 2.5912166422482114e-14, 1.0986795740094185e-14, 4.124202611983704e-15, 1.3714330882742014e-15, 4.040931853752321e-16, 1.0551245097836372e-16, 2.441510103195814e-17, 5.006716486309691e-18]","[3330.222063277306, 8379.036030963072, 20753.21871722637, 51398.903210293545, 127326.86922402127, 315534.72765203816, 782312.7787255119, 1940702.8230497176, 4817504.717738094, 11967739.225743083, 29756140.36380636, 75174491.90670484]",1070.0,0.05412589055229276
conditioned_5C_min,1603.4699045290276,1352.6635370376025,0.6645721396799402,5.521382095239385e-08,0.9999999999999243,7.317370288051301e-19,9.630640226340046e-06,56.15630178670366,0.0005408211389495197,0.0005405288095431075,3.169322415633124e-05,3.2926538476072973,3346163382766400.5,36585042.75119219,91462606.87798047,0.0004336627744065255,0.03292653847607297,4.3733719566252556e-08,1.1086993605341257e-11,1.1918891685295996e-11,3.299456587048911e-08,0.9301402055650606,0.9302034029740341,15154010.571395585,1.4305594508847033e-07,1.2178736256925933e-12,7.376276415681252e-13,1.0647429234935942e-05,1.1103844837131307e-15,250000000.0,10425.8217176164,2661.857308733985,7763.964408882415,0.2553139101003687,True,2.5784320092758645e-08,5.0778263157337946e-08,0.8224537859595602,0.33595285722526663,4.902772552377117e-10,2.9650353557263376e-10,"[4.166666666666667e-09, 5.222712798846205e-09, 6.5464149550156744e-09, 8.205610841308463e-09, 1.0285331703180699e-08, 1.2892160046379322e-08, 1.6159691826959763e-08, 2.0255383039217577e-08, 2.5389131578668973e-08, 3.1824034187401174e-08, 3.988986975875026e-08, 5.0000000000000004e-08]","[0.010188439969837048, 0.018841791742555528, 0.02926820450125082, 0.03947729459409702, 0.04680287140419373, 0.049011912269689595, 0.04542488770546684, 0.037290297141761526, 0.02712361265667852, 0.0174825751672248, 0.009986015486285174, 0.005054954586226006]","[8.434091394677154e-11, 9.4459710583657e-11, 9.16114320806045e-11, 7.804248852103522e-11, 5.870697305134574e-11, 3.908038330252685e-11, 2.304179348877072e-11, 1.203690302305473e-11, 5.5720615742417404e-12, 2.2858334914036408e-12, 8.310187962684353e-13, 2.6774337803164866e-13]","[1.1476336161197556e-10, 8.192811374086256e-11, 5.06024874247116e-11, 2.7443475586833424e-11, 1.314085122079713e-11, 5.567936299964232e-12, 2.0895058405628657e-12, 6.947522878980151e-13, 2.0469981322202085e-13, 5.344804188786129e-14, 1.2367543897517525e-14, 2.5361600210571913e-15]","[-4.0213970986269005e-06, -2.959427423844947e-06, -1.8559180541924662e-06, -1.0107896714561698e-06, -4.838010819708407e-07, -2.0447230158538276e-07, -7.644932413772996e-08, -2.530410160177372e-08, -7.416307649528294e-09, -1.924774006887047e-09, -4.423278143641642e-10, -8.87235502105951e-11]","[1.9761721511138895e-13, 2.3260792875120927e-13, 2.2997658722769773e-13, 1.9743318654285045e-13, 1.4898086756414903e-13, 9.929900029588194e-14, 5.857635170357341e-14, 3.060620823667405e-14, 1.4169236411754736e-14, 5.812855738926823e-15, 2.1133021942846355e-15, 6.80882002806246e-16]","[2.740949962807531e-13, 2.0571571278841167e-13, 1.2954103942548945e-13, 7.080203394496925e-14, 3.400854391061771e-14, 1.4428011935137448e-14, 5.417223910709128e-15, 1.801574848918015e-15, 5.308547475268622e-16, 1.3861318360946487e-16, 3.207465770825978e-17, 6.577450561622032e-18]","[2533.5572986104444, 6366.701744648934, 15770.203019004412, 39055.894325893736, 96739.90643744488, 239699.5186618144, 594182.9861521083, 1473685.8762512882, 3657293.3511467376, 9082923.556048803, 22576051.430633716, 56974214.56002961]",1079.5135370376024,0.05521382095239385
conditioned_5C_min,1691.1696018149912,1360.5584378034537,0.6656625926356464,5.632361875353697e-08,0.9999999999999,7.317370288051301e-19,1.2089149749232995e-05,48.3129564588659,0.0005840625654594033,0.000583721635503457,3.899828453557867e-05,3.2277755588739314,3215597240266641.0,35864172.87637701,89660432.19094253,0.00041674140233855666,0.03227775558873931,4.461276732953423e-08,1.319331404505165e-11,1.4401116675158044e-11,3.3214097158312036e-08,0.9160578410524118,0.9161313211086015,15053848.900868645,1.6913976159475117e-07,1.5038081059077736e-12,9.10774172870164e-13,1.3060113543930321e-05,1.489143997913436e-15,250000000.0,12501.742833640432,3265.0283859825804,9236.71444765785,0.2611658573872475,True,2.5784320092758645e-08,5.0778263157337946e-08,0.8218929589964541,0.3348894358086521,6.120695617418112e-10,3.701556772382896e-10,"[4.166666666666667e-09, 5.222712798846205e-09, 6.5464149550156744e-09, 8.205610841308463e-09, 1.0285331703180699e-08, 1.2892160046379322e-08, 1.6159691826959763e-08, 2.0255383039217577e-08, 2.5389131578668973e-08, 3.1824034187401174e-08, 3.988986975875026e-08, 5.0000000000000004e-08]","[0.00978877033300782, 0.018545813995202044, 0.029082157077202835, 0.039375870675307546, 0.04675430656103854, 0.0489913831506374, 0.045417211379982204, 0.03728775616104777, 0.027122867881082924, 0.017482381861181576, 0.00998597105993134, 0.005054945673030175]","[1.0396295039612615e-10, 1.1769502565529825e-10, 1.1463804084199647e-10, 9.782942257353552e-11, 7.364368875280694e-11, 4.903756915686339e-11, 2.8915890990297283e-11, 1.5106202703695454e-11, 6.993017547890764e-12, 2.8687756952038272e-12, 1.0429516440073457e-12, 3.360257840896176e-13]","[1.4204062082418291e-10, 1.025249185966243e-10, 6.360332690134046e-11, 3.455602399727584e-11, 1.6558560921235967e-11, 7.0181142372136795e-12, 2.634032192206791e-12, 8.758468658936813e-13, 2.5806195952315624e-13, 6.738166034957903e-14, 1.5591745047020585e-14, 3.1973373962176144e-15]","[-4.835647401307345e-06, -3.6496178369345845e-06, -2.310277593350992e-06, -1.2630626062158514e-06, -6.055226318729588e-07, -2.5610434561314995e-07, -9.579156224774749e-08, -3.1714818807953016e-08, -9.297413678525774e-09, -2.413566870553494e-09, -5.548032789029294e-10, -1.1137833403205543e-10]","[2.3708638456243753e-13, 2.8589700552760966e-13, 2.8534847256259875e-13, 2.459032875110288e-13, 1.8584077729788337e-13, 1.2394366159308592e-13, 7.313248222310782e-14, 3.821565672363175e-14, 1.7692773335531312e-14, 7.258487535941527e-15, 2.6388886448981825e-15, 8.502222805654699e-16]","[3.3183780364520065e-13, 2.552018057003527e-13, 1.6224000862155802e-13, 8.901403927896015e-14, 4.282239834129468e-14, 1.8178577633426045e-14, 6.827148592900577e-15, 2.2706956593350857e-15, 6.691139651810262e-16, 1.747173727881872e-16, 4.0429323002913356e-17, 8.290738250274438e-18]","[2024.2936510137959, 5081.576982531187, 12588.165664984004, 31174.91601883303, 77213.14464567823, 191294.6187357544, 474125.38551692927, 1175720.2961442508, 2917248.6907545677, 7243379.942968975, 17999120.480465878, 45385358.98351045]",1087.4084378034536,0.05632361875353697
conditioned_5C_min,1768.2434006717976,1367.3843248213434,0.6668086231898158,5.745572349048306e-08,0.9999999999998721,7.317370288051301e-19,1.4684097371806267e-05,42.7264438073616,0.0006273992612183066,0.0006270058781935485,4.6433930254758364e-05,3.1641756287363307,3090125743669430.5,35157506.98595923,87893767.46489808,0.0004004802963795582,0.03164175628736331,4.550948395285787e-08,1.519758777017354e-11,1.688169449612338e-11,3.344710265167239e-08,0.900156018018832,0.9002406585229601,14948977.949066076,1.9437090924832486e-07,1.8061876215664596e-12,1.0937173715188603e-12,1.5498322659684564e-05,1.9257495059071962e-15,250000000.0,14560.370843484465,3874.5806649211413,10685.790178563324,0.2661045317163027,True,2.5784320092758645e-08,5.0778263157337946e-08,0.8212995996154417,0.3337715011291802,7.411504313343073e-10,4.481998165707896e-10,"[4.166666666666667e-09, 5.222712798846205e-09, 6.5464149550156744e-09, 8.205610841308463e-09, 1.0285331703180699e-08, 1.2892160046379322e-08, 1.6159691826959763e-08, 2.0255383039217577e-08, 2.5389131578668973e-08, 3.1824034187401174e-08, 3.988986975875026e-08, 5.0000000000000004e-08]","[0.009377036861040874, 0.01823298093125271, 0.028883631005539784, 0.03926722277094938, 0.04670219761192784, 0.0489693395848368, 0.0454089655370427, 0.03728502593785061, 0.027122067454010985, 0.017482174062575965, 0.00998592329072595, 0.005054936081426626]","[1.241570572908804e-10, 1.4220402800502027e-10, 1.3916204519319043e-10, 1.1898492110779324e-10, 8.963848621402937e-11, 5.970682769245669e-11, 3.52116685068331e-11, 1.839617428270056e-11, 8.516198420437464e-12, 3.4936657489148113e-12, 1.2701364653544416e-12, 4.092224066965912e-13]","[1.7037268460940373e-10, 1.2445618097890394e-10, 7.75813968738698e-11, 4.223307433997374e-11, 2.0253327846164584e-11, 8.586846013677226e-12, 3.2232251019387827e-12, 1.0718165698341913e-12, 3.15809684781721e-13, 8.246066953116876e-14, 1.908101010079053e-14, 3.912872609858794e-15]","[-5.6164620910077175e-06, -4.354537712705013e-06, -2.7843626820782416e-06, -1.5284810138874304e-06, -7.34016484480407e-07, -3.1068608448209597e-07, -1.1625208614133824e-07, -3.849858379295144e-08, -1.128848097907288e-08, -2.9310476007148054e-09, -6.739073285815189e-10, -1.3538510598320008e-10]","[2.7603032541332875e-13, 3.4161276067953054e-13, 3.4443987685175924e-13, 2.9804171387063226e-13, 2.2561574857286416e-13, 1.5057108131287689e-13, 8.88677446778738e-14, 4.6443209864592586e-14, 2.1502838743499232e-14, 8.8217282277651e-15, 3.207241684903328e-15, 1.0333426592887583e-15]","[3.9006018988740265e-13, 3.079324238696415e-13, 1.9777449798365214e-13, 1.0895705122428023e-13, 5.250337211656794e-14, 2.230316115023384e-14, 8.378438051788293e-15, 2.786954834566248e-15, 8.212779720345255e-16, 2.1445385838570022e-16, 4.962463701564892e-17, 1.0176427384275953e-17]","[1669.562922191544, 4187.122063050521, 10373.516062203906, 25690.356906089335, 63625.5432941499, 157616.77793347958, 390607.74773396226, 968477.8572212567, 2402632.1614299705, 5964479.750623129, 14817947.31590904, 37337460.754759036]",1094.2343248213433,0.05745572349048306
conditioned_5C_min,1837.7233593859235,1373.4660350512536,0.6680132308505253,5.861058353264177e-08,0.9999999999998402,7.317370288051301e-19,1.7433496072341426e-05,38.515297881590264,0.000671456294343764,0.0006710057433138751,5.40394360470158e-05,3.1018288684798847,2969550101646667.5,34464765.205332056,86161913.01333013,0.0003848536931734081,0.031018288684798848,4.642422458031032e-08,1.710246837472933e-11,1.937843167516341e-11,3.369444361752277e-08,0.8824552119177188,0.8825517287164629,14839241.914057765,2.1888589127266363e-07,2.128613770698467e-12,1.288529765804668e-12,1.7973333842935784e-05,2.427680477359642e-15,250000000.0,16613.92473697831,4493.333460733946,12120.591276244366,0.27045586951125067,True,2.5784320092758645e-08,5.0778263157337946e-08,0.8206717954171839,0.3325966198298133,8.786009109164887e-10,5.312761643643496e-10,"[4.166666666666667e-09, 5.222712798846205e-09, 6.5464149550156744e-09, 8.205610841308463e-09, 1.0285331703180699e-08, 1.2892160046379322e-08, 1.6159691826959763e-08, 2.0255383039217577e-08, 2.5389131578668973e-08, 3.1824034187401174e-08, 3.988986975875026e-08, 5.0000000000000004e-08]","[0.00895371662867323, 0.017902420396397712, 0.028671694862654223, 0.039150752732666674, 0.04664624024008077, 0.04894564986058435, 0.045400100466556424, 0.037282089957806054, 0.027121206528599083, 0.017481950512921673, 0.00998587188944206, 0.005054925753431072]","[1.4498811646790359e-10, 1.6816353761578604e-10, 1.6540783639305492e-10, 1.4172019038319984e-10, 1.0685657123659636e-10, 7.11998612792898e-11, 4.1995399576010306e-11, 2.1941526185201444e-11, 1.0157687604307438e-11, 4.167104279818918e-12, 1.514973327300481e-12, 4.881065680196441e-13]","[1.9988315535672307e-10, 1.4791679434299102e-10, 9.269082448752401e-11, 5.056630686313366e-11, 2.4270673059590917e-11, 1.0293700932149397e-11, 3.864471341440795e-12, 1.285123245107439e-12, 3.7866902725539264e-13, 9.887471370427924e-14, 2.2879228319334516e-14, 4.6917664103150955e-15]","[-6.363216563042148e-06, -5.077570569871043e-06, -3.2819964989674297e-06, -1.8095655761823834e-06, -8.705797911165721e-07, -3.687820279252624e-07, -1.3804464068111474e-07, -4.572658109591351e-08, -1.3410450416558479e-08, -3.4826668447731782e-09, -8.008960507643253e-10, -1.6099788534628417e-10]","[3.1452543712696367e-13, 4.002666576566193e-13, 4.080151223559715e-13, 3.5460776312448836e-13, 2.689118841188861e-13, 1.7959435346848368e-13, 1.0602801259269085e-13, 5.5417800528476945e-14, 2.565920928282143e-14, 1.0527115250672635e-14, 3.8272841706162725e-15, 1.2331182580596027e-15]","[4.4895949570031134e-13, 3.6453888264527016e-13, 2.367193004743467e-13, 1.3098952974479613e-13, 6.323265883441798e-14, 2.688020736277176e-14, 1.0100786193597582e-14, 3.360259910254434e-15, 9.902699970080143e-16, 2.585863409647888e-16, 5.983735565583783e-17, 1.2270767913459672e-17]","[1407.1054379442035, 3525.7846543041524, 8736.05284822053, 21635.442919544534, 53580.66051619933, 132722.43806442677, 328879.84816035966, 815326.4264302908, 2022393.4085846457, 5019702.225941813, 12468374.491186673, 31397466.759011313]",1100.3160350512535,0.05861058353264177
conditioned_5C_min,1901.5590778206267,1379.0043743639376,0.6692803366526676,5.978865626164787e-08,0.9999999999998038,7.317370288051301e-19,2.0355895862807973e-05,35.20676870454394,0.0007166653174156632,0.0007161520760607552,6.185206049762201e-05,3.040710585707171,2853679279639397.0,33785673.17452412,84464182.9363103,0.00036983683464126584,0.03040710585707171,4.7357351494374546e-08,1.8908701958610883e-11,2.1906401370596158e-11,3.395724674294683e-08,0.8630498550252542,0.8631587470131478,14724397.528013771,2.427467958808612e-07,2.4747120668762794e-12,1.497265268405096e-12,2.0495379402658063e-05,3.0036169668583136e-15,250000000.0,18670.707489422683,5123.844850664516,13546.862638758166,0.27443228134591435,True,2.5784320092758645e-08,5.0778263157337946e-08,0.8200069855297148,0.33136130204842534,1.0255939992338707e-09,6.200756575801286e-10,"[4.166666666666667e-09, 5.222712798846205e-09, 6.5464149550156744e-09, 8.205610841308463e-09, 1.0285331703180699e-08, 1.2892160046379322e-08, 1.6159691826959763e-08, 2.0255383039217577e-08, 2.5389131578668973e-08, 3.1824034187401174e-08, 3.988986975875026e-08, 5.0000000000000004e-08]","[0.008519105009486055, 0.017552952576866697, 0.0284451517617634, 0.039025698682921876, 0.0465860476383379, 0.04892014658917316, 0.045390552955368646, 0.03727892720001288, 0.02712027892770116, 0.017481709605981957, 0.009985816486309177, 0.005054914614502453]","[1.6651190295788518e-10, 1.9575987110556447e-10, 1.9362118136064788e-10, 1.6626956609376695e-10, 1.2548213970291646e-10, 8.364145228418504e-11, 4.9341175184044656e-11, 2.5781072966667994e-11, 1.1935473481629841e-11, 4.896474085630166e-12, 1.7801467578132221e-12, 5.735432531187091e-13]","[2.3068796524792344e-10, 1.731184136262078e-10, 1.0910447015092157e-10, 5.965969310964012e-11, 2.8662440003484748e-11, 1.2161003684824385e-11, 4.566203416786593e-12, 1.518578017110626e-12, 4.474691239500941e-13, 1.1684037649272317e-13, 2.703652440984654e-14, 5.544298376636725e-15]","[-7.073956475725907e-06, -5.821776812927608e-06, -3.8071862747702076e-06, -2.1090469209393286e-06, -1.0166339763012095e-06, -4.310137084471793e-07, -1.6140510809995987e-07, -5.34774811226094e-08, -1.5686492007003712e-08, -4.074462319437955e-09, -9.371625125856778e-10, -1.884994623461251e-10]","[3.5253752988283763e-13, 4.623243853939819e-13, 4.76859135818114e-13, 4.1640675713899756e-13, 3.1637938399072766e-13, 2.1145856834941918e-13, 1.2487866269854632e-13, 6.527868538373508e-14, 3.0226466014325764e-14, 1.2401161166396708e-14, 4.508657635667679e-15, 1.4526558251196814e-15]","[5.085890884202568e-13, 4.256518823335964e-13, 2.7969760464006494e-13, 1.555094559137745e-13, 7.521316497574742e-14, 3.199785439122761e-14, 1.2027600311448481e-14, 4.001763335327255e-15, 1.17938128588633e-15, 3.0797474053440444e-16, 7.126651142014077e-17, 1.4614578953437154e-17]","[1204.2914087355691, 3015.0507552761733, 7471.436832567453, 18503.949957424647, 45823.81537928783, 113500.21038871046, 281221.29150496155, 697095.7946680842, 1728893.8097563486, 4290556.209731605, 10655373.376766656, 26816599.642181233]",1105.8543743639375,0.05978865626164787
conditioned_5C_min,1989.5347218014497,1386.57353745214,0.6713084791507741,6.160031233503207e-08,0.9999999999997394,7.317370288051301e-19,2.5107667745888855e-05,31.358748926170627,0.000787345048965041,0.0007867256244397444,7.404155478829959e-05,2.9512837371866767,2688294968327950.0,32792041.52429641,81980103.81074102,0.0003484030278953023,0.029512837371866767,4.87923266020056e-08,2.1436041187505267e-11,2.5786858113365127e-11,3.4383462750545266e-08,0.8311499566578192,0.8312777420679697,14541874.494361997,2.773255753883822e-07,3.046805070712914e-12,1.8412393097232007e-12,2.4388208681036838e-05,4.028518383559981e-15,250000000.0,21774.13478937147,6097.05217025921,15677.082619112261,0.280013521971736,True,2.5784320092758645e-08,5.0778263157337946e-08,0.8189334597793737,0.32938541877294986,1.266852049101926e-09,7.656886077679269e-10,"[4.166666666666667e-09, 5.222712798846205e-09, 6.5464149550156744e-09, 8.205610841308463e-09, 1.0285331703180699e-08, 1.2892160046379322e-08, 1.6159691826959763e-08, 2.0255383039217577e-08, 2.5389131578668973e-08, 3.1824034187401174e-08, 3.988986975875026e-08, 5.0000000000000004e-08]","[0.007846599773695784, 0.016990141472699845, 0.028074735396077116, 0.03881996961651533, 0.04648677340000501, 0.04887803886883683, 0.04537478111946395, 0.03727370094931584, 0.02711874577420734, 0.017481311345062207, 0.009985724874442973, 0.005054896182627587]","[2.0019641884800088e-10, 2.406641716139555e-10, 2.4023816570918876e-10, 2.0708315499882242e-10, 1.565243288992678e-10, 1.0439794777667747e-10, 6.160120456936418e-11, 3.219028677811936e-11, 1.490326149509306e-11, 6.1140968314939585e-12, 2.222836678408325e-12, 7.161749035341187e-13]","[2.795581016654935e-10, 2.1470278575240585e-10, 1.366088932172106e-10, 7.499218307771874e-11, 3.6085969461745964e-11, 1.532054043482722e-11, 5.754039831486236e-12, 1.9138166277207506e-12, 5.639553110061139e-13, 1.472590471404716e-13, 3.407555126967312e-14, 6.987789901754516e-15]","[-8.06534593591863e-06, -6.984032034982189e-06, -4.6563069609975935e-06, -2.5995742479064463e-06, -1.2570966642145443e-06, -5.336909053990564e-07, -1.99984710299791e-07, -6.628431164765553e-08, -1.9448407549312613e-08, -5.052864694816437e-09, -1.1625093214982102e-09, -2.340161496570371e-10]","[4.0834778375525664e-13, 5.627699961677686e-13, 5.918816056632313e-13, 5.209062785019784e-13, 3.970260771621448e-13, 2.6569821087273863e-13, 1.5699095406888097e-13, 8.208198116640938e-14, 3.8010198841365325e-14, 1.5595157940629986e-14, 5.669967818785925e-15, 1.826831393415092e-15]","[5.992135695001063e-13, 5.272282435344804e-13, 3.532944252414209e-13, 1.9797764897400252e-13, 9.605667017105765e-14, 4.0917497395468284e-14, 1.5388314748528412e-14, 5.120989024995936e-15, 1.5093610801239473e-15, 3.941565292058779e-16, 9.121054667494361e-17, 1.8704593575813558e-17]","[972.8782666037088, 2432.712419931386, 6029.399614595474, 14933.202868807763, 36979.47399220151, 91584.91998713989, 226891.25109336607, 562330.6635128073, 1394394.1531174786, 3459683.249186485, 8589801.9824681, 21600629.657550566]",1113.42353745214,0.06160031233503207
conditioned_5C_min,2070.738270671448,1393.5073247136556,0.6735055464401684,6.346686339909588e-08,0.9999999999996607,7.317370288051301e-19,3.0367238536030266e-05,28.39390350883954,0.000862244440821957,0.0008615016158429373,8.6911617839291e-05,2.864486919052468,2532495465871204.0,31827632.43391631,79569081.08479078,0.00032821141237690803,0.028644869190524683,5.0270782890372973e-08,2.375712281322934e-11,2.981214867676838e-11,3.4852963419693555e-08,0.796747920214354,0.7968940136053486,14345982.405544218,3.1032241453723913e-07,3.695685569549102e-12,2.2294833874258117e-12,2.844154386985632e-05,5.282517110841669e-15,250000000.0,24909.225933430458,7110.385967464081,17798.839965966377,0.2854519039036574,True,2.5784320092758645e-08,5.0778263157337946e-08,0.8177571682825714,0.32724674056917563,1.53753871475218e-09,9.288119078415804e-10,"[4.166666666666667e-09, 5.222712798846205e-09, 6.5464149550156744e-09, 8.205610841308463e-09, 1.0285331703180699e-08, 1.2892160046379322e-08, 1.6159691826959763e-08, 2.0255383039217577e-08, 2.5389131578668973e-08, 3.1824034187401174e-08, 3.988986975875026e-08, 5.0000000000000004e-08]","[0.007150635553522838, 0.016376035188543227, 0.02766233235790557, 0.038589055569129206, 0.046374974666392996, 0.0488305513552457, 0.04535698237384069, 0.03726780083297009, 0.02711701446404588, 0.0174808614973602, 0.009985621369143409, 0.0050548753410758485]","[2.3565140352993494e-10, 2.904386591741102e-10, 2.9297203495705344e-10, 2.5363042017466605e-10, 1.9204407985635734e-10, 1.281799253049179e-10, 7.565579324084286e-11, 3.953923737308382e-11, 1.8306491931858894e-11, 7.510421873868959e-12, 2.7305044280567965e-12, 8.797429074288821e-13]","[3.319045398298369e-10, 2.616305267589814e-10, 1.6828816232913458e-10, 9.279728582111598e-11, 4.473517196393577e-11, 1.9006644635954254e-11, 7.140586221585426e-12, 2.375273827409029e-12, 6.999696036815656e-13, 1.8277845363825542e-13, 4.229503011883082e-14, 8.673366188250561e-15]","[-8.952432965978731e-06, -8.209063297083785e-06, -5.593989672211205e-06, -3.1506291631583333e-06, -1.5290634584232159e-06, -6.501448657437409e-07, -2.437948441337952e-07, -8.083662389850654e-08, -2.372477719190718e-08, -6.165439940404498e-09, -1.4188439713037607e-09, -2.8584329030858215e-10]","[4.619404141021661e-13, 6.73341404307885e-13, 7.239366855502196e-13, 6.427782450237937e-13, 4.91661196628568e-13, 3.2950279642514674e-13, 1.9480354587744383e-13, 1.0187595635794875e-13, 4.7180771001843644e-14, 1.9358478509984983e-14, 7.0383151890163074e-15, 2.2677192918834506e-15]","[6.904855852435463e-13, 6.428579748956566e-13, 4.4041313634013206e-13, 2.489945915209312e-13, 1.2124165275335626e-13, 5.172005618241753e-14, 1.9462272406293404e-14, 6.478258826140079e-15, 1.909583934458756e-15, 4.986903153921881e-16, 1.1540216690222597e-16, 2.3665729742816442e-17]","[798.7365647636647, 1994.8725690007414, 4945.009551111871, 12248.047475839965, 30329.0059094181, 75107.18599520957, 186045.69975626175, 461026.19129370415, 1142982.8927243133, 2835298.318746306, 7037857.277546682, 17684079.047714774]",1120.3573247136555,0.06346686339909588
conditioned_5C_min,2147.085036391942,1399.9906860964293,0.6758905144290364,6.538997282695188e-08,0.9999999999995649,7.317370288051301e-19,3.62158210204947e-05,26.01395378040349,0.0009421166941465143,0.0009412299457016381,0.0001005940027990755,2.780242782499937,2385725286926850.0,30891586.472221527,77228966.18055381,0.00030918999718571976,0.027802427824999372,5.179403788273417e-08,2.5900330832426268e-11,3.4023036643296796e-11,3.537195557163298e-08,0.7610960183281679,0.7612586467213278,14135492.141152123,3.4143566065430796e-07,4.438615918239379e-12,2.6711700980380725e-12,3.268565952097883e-05,6.81307955463176e-15,250000000.0,28078.77289955511,8171.414880244706,19907.358019310406,0.2910175209392493,True,2.5784320092758645e-08,6.364806837480235e-08,0.8164638816464692,0.32492651961450114,1.8434884100653627e-09,1.1127896035109054e-09,"[4.166666666666667e-09, 5.222712798846205e-09, 6.5464149550156744e-09, 8.205610841308463e-09, 1.0285331703180699e-08, 1.2892160046379322e-08, 1.6159691826959763e-08, 2.0255383039217577e-08, 2.5389131578668973e-08, 3.1824034187401174e-08, 3.988986975875026e-08, 5.0000000000000004e-08]","[0.006433883880353915, 0.015704649420036514, 0.027201037433974642, 0.038328382861099235, 0.04624829310043627, 0.048776656475929304, 0.04533676725949613, 0.0372610970230072, 0.027115046765417507, 0.017480350100181553, 0.009985503671555514, 0.005054851623013342]","[2.72895996778245e-10, 3.458794699964053e-10, 3.5307697250429006e-10, 3.0717623371704623e-10, 2.3305665801600754e-10, 1.5568084041932163e-10, 9.191804080611708e-11, 4.804462360352649e-11, 2.2245646015101786e-11, 9.126697592252274e-12, 3.318150012290827e-12, 1.0690806047587273e-12]","[3.8794726444933476e-10, 3.1492859727168153e-10, 2.051099287596115e-10, 1.1368546421453452e-10, 5.491999999487944e-11, 2.335374323409021e-11, 8.776763734034478e-12, 2.919944611743364e-12, 8.605269737215562e-13, 2.2470883054077594e-13, 5.199821601874632e-14, 1.0663220714457171e-14]","[-9.712035960936597e-06, -9.503233356305437e-06, -6.6392198534329395e-06, -3.7768651202965775e-06, -1.84048014682713e-06, -7.839057430947414e-07, -2.941846601129467e-07, -9.758601848887932e-08, -2.864892819400203e-08, -7.447002465870956e-09, -1.714215660608432e-09, -3.4562494905753835e-10]","[5.119552097472755e-13, 7.953755585871444e-13, 8.768285803344888e-13, 7.863845190277436e-13, 6.039422279994394e-13, 4.0541232118857354e-13, 2.3983949110447483e-13, 1.254616542623928e-13, 5.811001109600597e-14, 2.3843826613945838e-14, 8.66924012153276e-15, 2.7932171291953108e-15]","[7.807589320492194e-13, 7.751679123834366e-13, 5.445868753518782e-13, 3.1100778012817924e-13, 1.5205269239401486e-13, 6.496981704136418e-14, 2.4464311482031614e-14, 8.14542109133731e-15, 2.4012685934336716e-15, 6.271216362658653e-16, 1.451250630748876e-16, 2.97612692042758e-17]","[662.4649976824687, 1652.5585378387461, 4097.023149475885, 10148.20006547904, 25128.384666449878, 62222.60380867531, 154109.89560805084, 381828.233183357, 946459.3782288282, 2347300.162755775, 5825115.183005228, 14625250.974494407]",1126.8406860964292,0.06538997282695189
conditioned_5C_min,2219.816359042338,1406.1431632285553,0.6784817814518544,6.737135439358137e-08,0.9999999999994482,7.317370288051301e-19,4.274006513225602e-05,24.043910683465473,0.0010276383086454607,0.001026583352265655,0.00011521465058892979,2.6984762535413798,2247461139174914.0,29983069.48379311,74957673.70948277,0.00029127096363706884,0.0269847625354138,5.3363449024618894e-08,2.7911621884451686e-11,3.8455896501098814e-11,3.594715229830523e-08,0.7256323654340855,0.7258086385700085,13909307.637244273,3.702069361053379e-07,5.295776058664098e-12,3.1766829633824295e-12,3.7145888399917485e-05,8.675312029560148e-15,250000000.0,31275.916540987986,9286.472099979372,21989.444441008614,0.2969208620252322,True,2.5784320092758645e-08,6.364806837480235e-08,0.815038286585788,0.32240594234604325,2.191387205781627e-09,1.321390590827341e-09,"[4.166666666666667e-09, 5.222712798846205e-09, 6.5464149550156744e-09, 8.205610841308463e-09, 1.0285331703180699e-08, 1.2892160046379322e-08, 1.6159691826959763e-08, 2.0255383039217577e-08, 2.5389131578668973e-08, 3.1824034187401174e-08, 3.988986975875026e-08, 5.0000000000000004e-08]","[0.005701251531023488, 0.01497015862167026, 0.02668303522328984, 0.038032584993524805, 0.0461039260995165, 0.04871512687598411, 0.04531366956216909, 0.03725343392761737, 0.02711279682566146, 0.017479765197553194, 0.009985369021193732, 0.005054824466839436]","[3.1181293043193165e-10, 4.0780859951034297e-10, 4.2200147797098496e-10, 3.692284834260451e-10, 2.8078637319010297e-10, 1.8774067135956866e-10, 1.1088922135202492e-10, 5.796958539679427e-11, 2.684277432561006e-11, 1.1013032576515921e-11, 4.003996311715388e-12, 1.2900599299901827e-12]","[4.4772803737354446e-10, 3.757414152962963e-10, 2.482460062505669e-10, 1.3841532072849136e-10, 6.702933760253204e-11, 2.8531131740178286e-11, 1.0726798208423955e-11, 3.5692773893659527e-12, 1.051958071327101e-12, 2.747043152244292e-13, 6.356797586537357e-14, 1.3035875525068622e-14]","[-1.0312977725584707e-05, -1.086833499903381e-05, -7.812929452370528e-06, -4.4956752675792115e-06, -2.20098906268902e-06, -9.392928453813322e-07, -3.528104787093458e-07, -1.1708776353959466e-07, -3.438492949287707e-08, -8.940418548907681e-09, -2.0585402017168546e-09, -4.153892453683443e-10]","[5.564110256168989e-13, 9.299019980692432e-13, 1.0549484630227587e-12, 9.570554249849808e-13, 7.384215869606506e-13, 4.966100912398839e-13, 2.9401274973173175e-13, 1.538468007853551e-13, 7.126588884723509e-14, 2.924342318758719e-14, 1.0632660861987248e-14, 3.425856357071333e-15]","[8.6729646980019e-13, 9.268703623580671e-13, 6.701855231283293e-13, 3.871683986450642e-13, 1.901668822225954e-13, 8.140742607202017e-14, 3.067701073902591e-14, 1.0217058675954518e-14, 3.012357435874148e-15, 7.867542615729594e-16, 1.8207001895518165e-16, 3.733799522044886e-17]","[552.8230238372059, 1377.410488635205, 3415.240773125619, 8459.81587411322, 20946.912858889827, 51863.6196533647, 128436.29171088095, 318166.7562983186, 788508.1407910971, 1955139.471595413, 4850703.917691663, 12168886.227078645]",1132.9931632285552,0.06737135439358137
conditioned_5C_min,2289.721590728594,1412.0416179069443,0.681295066760245,6.941277380306127e-08,0.9999999999993066,7.317370288051301e-19,5.002802034643184e-05,22.376194101620808,0.0011194366937915937,0.0011181849565208184,0.00013088259532009782,2.619114466103963,2117210057578718.8,29101271.84559959,72753179.61399898,0.00027439042346220194,0.026191144661039632,5.498041489351388e-08,2.985187806695968e-11,4.3140003743823704e-11,3.65853527648624e-08,0.6917905612256549,0.6919767147964964,13666671.556060929,3.96051007387448e-07,6.290426343379648e-12,3.757557685864816e-12,4.183899816192088e-05,1.0930955152576761e-14,250000000.0,34483.17142623025,10459.749540480221,24023.421885750027,0.30332910541180164,True,2.5784320092758645e-08,6.364806837480235e-08,0.8134649619912251,0.31966815386542374,2.5887160306779105e-09,1.5587403362539352e-09,"[4.166666666666667e-09, 5.222712798846205e-09, 6.5464149550156744e-09, 8.205610841308463e-09, 1.0285331703180699e-08, 1.2892160046379322e-08, 1.6159691826959763e-08, 2.0255383039217577e-08, 2.5389131578668973e-08, 3.1824034187401174e-08, 3.988986975875026e-08, 5.0000000000000004e-08]","[0.004960704433746822, 0.014167734512773615, 0.02609989176717975, 0.037695566933266866, 0.04593863512565501, 0.04864453472751913, 0.04528714536350413, 0.03724462977029666, 0.02711021103075526, 0.01747909280063999, 0.009985214186209469, 0.0050547932138770395]","[3.5209524748967144e-10, 4.770105096446347e-10, 5.01373643350089e-10, 4.4155309172303273e-10, 3.3668797421798353e-10, 2.2536307959517176e-10, 1.3316961684447133e-10, 6.962951586688623e-11, 3.224421602870913e-11, 1.3229515905933938e-11, 4.809897061847848e-12, 1.5497229494787456e-12]","[5.110118587142642e-10, 4.452881149287395e-10, 2.990916055900467e-10, 1.679196479977491e-10, 8.154702541622175e-11, 3.475041168656373e-11, 1.3071111948928824e-11, 4.350149148822761e-12, 1.2821981786389736e-12, 3.348385674482158e-13, 7.748430241104529e-14, 1.5889774100350887e-14]","[-1.0716536333066267e-05, -1.2298372588427174e-05, -9.136904904408648e-06, -5.327161202954045e-06, -2.622059967892552e-06, -1.1214979898957399e-06, -4.2167152960474714e-07, -1.4001330556882947e-07, -4.113135947098362e-08, -1.0697600639360696e-08, -2.4638315775145574e-09, -4.975963989150334e-10]","[5.926650318789545e-13, 1.077337122249055e-12, 1.2632088469049436e-12, 1.1612131971535014e-12, 9.007100334848447e-13, 6.070524205183255e-13, 3.597098378279193e-13, 1.8828956803089364e-13, 8.723298300675289e-14, 3.5797437683185676e-14, 1.3015943857222874e-14, 4.193792158772e-15]","[9.4602059152296e-13, 1.1004848588748821e-12, 8.225225701240399e-13, 4.8150341248308e-13, 2.3776361514778177e-13, 1.0200149923950131e-13, 3.8470855564300456e-14, 1.2817302744940253e-14, 3.779537083456866e-15, 9.871791587868066e-16, 2.284574389656557e-16, 4.68513295433445e-17]","[462.90184436181926, 1152.0007554581262, 2856.5353410416137, 7076.107798720964, 17520.055104833325, 43374.60714668011, 107399.10613826344, 266007.78846684314, 659112.9342534941, 1633926.4653727592, 4052717.838888268, 10158420.006452188]",1138.8916179069442,0.06941277380306127
conditioned_5C_min,2357.270294447245,1417.7330929885989,0.6843412840354861,7.151605026206782e-08,0.9999999999991351,7.317370288051301e-19,5.8163784961943514e-05,20.942599797520394,0.001218100871167018,0.0012166189066169896,0.0001476774956434053,2.5420866970952796,1994507646774317.2,28245407.745503105,70613519.36375777,0.0002584881910219515,0.025420866970952798,5.664637644520223e-08,3.1790689545848044e-11,4.809443915035447e-11,3.7292922866865565e-08,0.6608137480702837,0.6610055155537402,13407369.590873383,4.183132483400048e-07,7.448860154285337e-12,4.426335234592888e-12,4.676952518300883e-05,1.3646164198046891e-14,250000000.0,37672.222484526996,11692.381295752208,25979.841188774786,0.3103714228847153,True,2.5784320092758645e-08,6.364806837480235e-08,0.8117295258385236,0.31670041707868707,3.0436193600288946e-09,1.8292041974891221e-09,"[4.166666666666667e-09, 5.222712798846205e-09, 6.5464149550156744e-09, 8.205610841308463e-09, 1.0285331703180699e-08, 1.2892160046379322e-08, 1.6159691826959763e-08, 2.0255383039217577e-08, 2.5389131578668973e-08, 3.1824034187401174e-08, 3.988986975875026e-08, 5.0000000000000004e-08]","[0.004223791397528255, 0.013294574433547071, 0.025442989741981115, 0.03731063198962548, 0.045748778740313925, 0.04856326041110082, 0.045256575424887535, 0.03723447724916115, 0.02710722817888494, 0.017478316929480195, 0.009985035472347647, 0.005054757109828957]","[3.9320021012164136e-10, 5.541412549427559e-10, 5.92961953728444e-10, 5.261749317932406e-10, 4.0246049928882116e-10, 2.697284972300755e-10, 1.5946718785177314e-10, 8.33967952127864e-11, 3.862282871630996e-11, 1.584713828800773e-11, 5.761672673753261e-12, 1.856390181285748e-12]","[5.771833559214535e-10, 5.24786380931378e-10, 3.592732094948981e-10, 2.033307305942256e-10, 9.906892515857675e-11, 4.227363505761765e-11, 1.5909522978088363e-11, 5.295948626925544e-12, 1.5611086758077385e-12, 4.0768895125424724e-13, 9.434381640615641e-14, 1.934728249064493e-14]","[-1.0879161032988175e-05, -1.37755174100982e-05, -1.063181798878843e-05, -6.293719428724748e-06, -3.1169773475675325e-06, -1.3366165306443296e-06, -5.031274675085858e-07, -1.6715692100926066e-07, -4.912337257847883e-08, -1.2780060493344207e-08, -2.9443317812939615e-09, -5.951660216450158e-10]","[6.174955249813332e-13, 1.2370608675648486e-12, 1.5068499641229897e-12, 1.4064351338175032e-12, 1.097619555889659e-12, 7.415926145408541e-13, 4.3987013399849807e-13, 2.303420761250214e-13, 1.0673291126910258e-13, 4.380241766957521e-14, 1.5926975501427747e-14, 5.131794060530211e-15]","[1.0113911548298218e-12, 1.2978715659819072e-12, 1.0078959343854883e-12, 5.99096142558523e-13, 2.976507499829643e-13, 1.280095805475236e-13, 4.8328296771764117e-14, 1.6107993686512695e-14, 4.7506622574074885e-15, 1.2409094196720579e-15, 2.8718445775796753e-16, 5.889551549699836e-17]","[388.24605911436794, 965.0871207060019, 2393.098693827482, 5928.232488302307, 14677.28945031184, 36332.97905397774, 89950.51621608244, 222751.6337603414, 551819.3632894158, 1367623.9591027615, 3391273.8828500737, 8493020.310295612]",1144.5830929885988,0.07151605026206782
conditioned_5C_min,2422.705456355983,1423.2433784077089,0.6876248066670774,7.368305810105874e-08,0.9999999999989291,7.317370288051301e-19,6.722179014878544e-05,19.698773106213455,0.0013241867919344193,0.0013224356401265803,0.00016563861706508283,2.467324303378605,1878916425321826.0,27414714.481984492,68536786.20496124,0.00024350756872170863,0.024673243033786048,5.836281829786831e-08,3.379838248418742e-11,5.332552968527353e-11,3.807524801802318e-08,0.6336193746130512,0.6338124099969557,13131890.82217722,4.363593406873851e-07,8.800194779948081e-12,5.196438065399473e-12,5.1927049578281136e-05,1.6888096058891587e-14,250000000.0,40805.24153611837,12981.762394570285,27823.47914154808,0.3181395797664769,True,2.5784320092758645e-08,6.364806837480235e-08,0.8098197797996771,0.31349602860673104,3.5647253354641393e-09,2.1372455995806795e-09,"[4.166666666666667e-09, 5.222712798846205e-09, 6.5464149550156744e-09, 8.205610841308463e-09, 1.0285331703180699e-08, 1.2892160046379322e-08, 1.6159691826959763e-08, 2.0255383039217577e-08, 2.5389131578668973e-08, 3.1824034187401174e-08, 3.988986975875026e-08, 5.0000000000000004e-08]","[0.003505594027049635, 0.012351025630565072, 0.02470409826124111, 0.0368706706965278, 0.04553036991630552, 0.04846951029455323, 0.04522127078888481, 0.03722274523924903, 0.027103779958254113, 0.017477419733888604, 0.0099848287502114, 0.005054715310000654]","[4.3432897106821794e-10, 6.396163167932124e-10, 6.98611241835496e-10, 6.253644916685015e-10, 4.800540335012406e-10, 3.2220366181934793e-10, 1.9060444808781895e-10, 9.970465108840051e-11, 4.6179826144022e-11, 1.8948554387785614e-11, 6.889388620331349e-12, 2.219750449764324e-12]","[6.451654736785465e-10, 6.153414204981005e-10, 4.306421226603401e-10, 2.4600454149809987e-10, 1.2032130657420104e-10, 5.1422370604350544e-11, 1.936484798244048e-11, 6.447801624502318e-12, 1.9008413404310912e-12, 4.964320016228737e-13, 1.1488188940023447e-13, 2.355922864385328e-14]","[-1.0758404863086162e-05, -1.526569717026584e-05, -1.2314210170303022e-05, -7.419100951308555e-06, -3.700614395748639e-06, -1.5915972855007218e-06, -5.998870261064811e-07, -1.9943298884813022e-07, -5.8632027717678096e-08, -1.5258749631048553e-08, -3.5164758616157646e-09, -7.114705358307526e-10]","[6.273932631413007e-13, 1.4069107528030893e-12, 1.7910915125592927e-12, 1.7014337400376662e-12, 1.3372740335225343e-12, 9.060936642378277e-13, 5.380621622991283e-13, 2.818923681346442e-13, 1.306441624684353e-13, 5.361949143331414e-14, 1.9497154039884394e-14, 6.282211169580281e-15]","[1.0565846322829494e-12, 1.5195609790384714e-12, 1.2335241285718571e-12, 7.462653577858044e-13, 3.734069362193609e-13, 1.6104934020710464e-13, 6.087220017055045e-14, 2.0298377462216218e-14, 5.987641120595872e-15, 1.5641366462231178e-15, 3.6200024500202586e-16, 7.423959044570242e-17]","[325.8470072155305, 809.0705254275648, 2006.145576499707, 4969.695241850656, 12303.462357118855, 30453.3758232093, 75382.97849578422, 186642.86913733438, 462269.1899513152, 1145403.1396075531, 2839441.856888939, 7104602.447237659]",1150.0933784077088,0.07368305810105874
conditioned_5C_min,2486.1190365387115,1428.5836935005368,0.691142551040479,7.591572844457892e-08,0.9999999999986833,7.317370288051301e-19,7.72619898720785e-05,18.614894271324612,0.0014382237726608942,0.00143615825571622,0.00018475824623621334,2.3947606606017118,1770024265915292.8,26608451.78446347,66521129.46115866,0.00022939514486262192,0.023947606606017118,6.013127005511202e-08,3.593837604281408e-11,5.882567954143546e-11,3.8936269055110116e-08,0.6107397948022382,0.6109300618873414,12841497.455554962,4.496865383730968e-07,1.0376099846784177e-11,6.0822395445008745e-12,5.7285320593680995e-05,2.0720773036678156e-14,250000000.0,43837.980473166856,14321.330148420251,29516.650324746603,0.32668772589071043,True,2.5784320092758645e-08,6.364806837480235e-08,0.8077266154087327,0.31005554843879596,4.160964846503966e-09,2.487300201802147e-09,"[4.166666666666667e-09, 5.222712798846205e-09, 6.5464149550156744e-09, 8.205610841308463e-09, 1.0285331703180699e-08, 1.2892160046379322e-08, 1.6159691826959763e-08, 2.0255383039217577e-08, 2.5389131578668973e-08, 3.1824034187401174e-08, 3.988986975875026e-08, 5.0000000000000004e-08]","[0.0028238676025284346, 0.011341650088778849, 0.023876043698754176, 0.03636840105721979, 0.045279152742301466, 0.04836134147815924, 0.045180480790352896, 0.037209181271072186, 0.027099791651897832, 0.01747638167384411, 0.00998458949641438, 0.0050546668874725245]","[4.744514446928374e-10, 7.334903254975821e-10, 8.201577349306566e-10, 7.416133681525444e-10, 5.716723280299461e-10, 3.8434983666416265e-10, 2.275249377090487e-10, 1.190508910340631e-10, 5.514657224611651e-11, 2.262882980815634e-11, 8.227628623829684e-12, 2.6509491150234344e-12]","[7.133959544978787e-10, 7.178049115753802e-10, 5.152522644675958e-10, 2.9754441135558063e-10, 1.461814184891034e-10, 6.258818477115576e-11, 2.3587115049707546e-11, 7.85600994983344e-12, 2.316266898145177e-12, 6.049558060971146e-13, 1.3999869355841402e-13, 2.871024811100072e-14]","[-1.0322401749121303e-05, -1.671472083710825e-05, -1.4192373796464697e-05, -8.726805778234781e-06, -4.388918593621216e-06, -1.894079194763632e-06, -7.149557536190309e-07, -2.378598761037411e-07, -6.99596955012808e-08, -1.8212877420180477e-08, -4.1986202613534756e-09, -8.502798005471485e-10]","[6.191189565308166e-13, 1.5826735336514121e-12, 2.1206192987974077e-12, 2.0559369247742702e-12, 1.6291801168114091e-12, 1.1075271398680743e-12, 6.585550961329129e-13, 3.4520462759606493e-13, 1.6002125598308643e-13, 6.568231809613698e-14, 2.388429315060331e-14, 7.695909409447347e-15]","[1.0741610193128057e-12, 1.7639113969309377e-12, 1.5073379672849688e-12, 9.30731448160096e-13, 4.695403514660126e-13, 2.031814374351447e-13, 7.689944410221213e-14, 2.565662038408857e-14, 7.569869269907097e-15, 1.9776319577463248e-15, 4.577149026825661e-16, 9.38702575946114e-17]","[273.56691506110167, 678.5425972295822, 1682.3150264476312, 4167.435598019718, 10316.699154117248, 25532.90359339721, 63193.39422286491, 156433.1987411094, 387362.9160007093, 959561.8128127133, 2378064.429478966, 5944710.063934114]",1155.4336935005367,0.07591572844457892
conditioned_5C_min,2547.5161689302186,1433.7563417675888,0.6948841296990242,7.82160509321781e-08,0.999999999998393,7.317370288051301e-19,8.832715366761356e-05,17.669822301440952,0.0015607251096988,0.0015582930426189159,0.00020498162543567544,2.324331103824719,1667442925989826.2,25825901.15360799,64564752.88401997,0.00021610060320828147,0.02324331103824719,6.195330766905198e-08,3.826154915135128e-11,6.457409956535088e-11,3.987822007450006e-08,0.5923375423139858,0.592521605549133,12538172.44264928,4.580301079171721e-07,1.2210587725572533e-11,7.099505814482664e-12,6.280370970795544e-05,2.5201194373841267e-14,250000000.0,46724.229426149745,15700.92742698886,31023.301999160885,0.3360339511174829,True,2.5784320092758645e-08,6.364806837480235e-08,0.8054444682717389,0.3063870139138261,4.841446643303791e-09,2.883716209321486e-09,"[4.166666666666667e-09, 5.222712798846205e-09, 6.5464149550156744e-09, 8.205610841308463e-09, 1.0285331703180699e-08, 1.2892160046379322e-08, 1.6159691826959763e-08, 2.0255383039217577e-08, 2.5389131578668973e-08, 3.1824034187401174e-08, 3.988986975875026e-08, 5.0000000000000004e-08]","[0.0021972991595693367, 0.010276042327227874, 0.022953435886726603, 0.03579664700328139, 0.04499069294067026, 0.04823669112500458, 0.04513340257727091, 0.03719351448743655, 0.02709518298273172, 0.01747518173708063, 0.00998431284356996, 0.005054610843256266]","[5.123889981841625e-10, 8.353472195014388e-10, 9.593305560206413e-10, 8.776041600069156e-10, 6.797762402998695e-10, 4.5793337036423963e-10, 2.71301549395079e-10, 1.420027069621722e-10, 6.578689124832703e-11, 2.699640310262507e-11, 9.815846507489572e-12, 3.1627017108311126e-12]","[7.79895517518133e-10, 8.326157500757488e-10, 6.153223342834249e-10, 3.5982568364074735e-10, 1.7770173110245533e-10, 7.624534082490931e-11, 2.875871699093254e-11, 9.58181807229633e-12, 2.8255019335195907e-12, 7.379982601956919e-13, 1.7079125646129453e-13, 3.502536266218182e-14]","[-9.561924861075965e-06, -1.8046358648748994e-05, -1.626132154663313e-05, -1.0237739143432719e-05, -5.198052302325572e-06, -2.2520885522360808e-06, -8.515327839653078e-07, -2.835270678862874e-07, -8.343054770758931e-08, -2.1727445739456894e-08, -5.0104738737856285e-09, -1.0156444235663492e-09]","[5.905050190314226e-13, 1.7577036692636846e-12, 2.498922194810551e-12, 2.4804622149831007e-12, 1.984258182478281e-12, 1.3540610195838134e-12, 8.063879534516215e-13, 4.2295912714237744e-13, 1.9611395579308742e-13, 8.050509013627022e-14, 2.927554900373239e-14, 9.433216898207003e-15]","[1.0573300178258576e-12, 2.02619726400395e-12, 1.837595343242505e-12, 1.1617592139235169e-12, 5.916658931844522e-13, 2.570066543051369e-13, 9.742094416458633e-14, 3.252361025513372e-14, 9.598355432516174e-15, 2.50782952302609e-15, 5.80450777491625e-16, 1.1904347064957514e-16]","[229.79673982944092, 569.4246982030487, 1411.53569966022, 3496.5382983257723, 8655.298239408201, 21418.647626937563, 53002.54250587924, 131181.52973794215, 324763.3358191054, 804290.6629077811, 1992688.3354899888, 4976752.4204065725]",1160.6063417675887,0.07821605093217811
conditioned_5C_min,2626.190722998164,1440.3889255211861,0.700191871651458,8.139193624638877e-08,0.999999999997929,7.317370288051301e-19,0.00010471717863203635,16.598175825401356,0.001738114142874501,0.001735098343903684,0.00023349426590020238,2.2336365048456033,1539855566598420.8,24818183.387173373,62045458.467933424,0.0001995652814311553,0.02233636504845603,6.446886039317924e-08,4.1703412233523705e-11,7.25694758261915e-11,4.126078921473102e-08,0.5744970100366479,0.5746687813124904,12118042.565736694,4.6151765370348614e-07,1.5121872910537193e-11,8.692053394084872e-12,7.03207628664373e-05,3.226367729161163e-14,250000000.0,50270.70423327709,17580.190716609326,32690.51351666776,0.3497104523348209,True,2.5784320092758645e-08,6.364806837480235e-08,0.8021044058144613,0.30116697043224805,5.895839961331468e-09,3.4918493193911102e-09,"[4.166666666666667e-09, 5.222712798846205e-09, 6.5464149550156744e-09, 8.205610841308463e-09, 1.0285331703180699e-08, 1.2892160046379322e-08, 1.6159691826959763e-08, 2.0255383039217577e-08, 2.5389131578668973e-08, 3.1824034187401174e-08, 3.988986975875026e-08, 5.0000000000000004e-08]","[0.0014768128299476005, 0.008794473656154388, 0.021571701059448847, 0.034914637571980496, 0.04454035457439196, 0.048041129429695864, 0.045059386210823504, 0.03716885853705708, 0.02708792584652193, 0.01747329143727321, 0.009983876855048566, 0.005054522423904512]","[5.575382522118294e-10, 9.818203908493963e-10, 1.174893138713158e-09, 1.0945690341834406e-09, 8.543134254520236e-10, 5.773075088861852e-10, 3.4245777397154607e-10, 1.793386949326794e-10, 8.310109641742919e-11, 3.410434038502977e-11, 1.2400699639616819e-11, 3.995605689134101e-12]","[8.620337308698921e-10, 1.0045721746819675e-09, 7.76833920316023e-10, 4.633820299002502e-10, 2.3074093815593715e-10, 9.933713783996983e-11, 3.7519982013360226e-11, 1.2507824881490055e-11, 3.6891542049909835e-12, 9.636644881222328e-13, 2.2302421756822785e-13, 4.5737821539263324e-14]","[-8.092841525833578e-06, -1.947065202137716e-05, -1.927266427433353e-05, -1.2593723531832586e-05, -6.4907797738217515e-06, -2.8295130894604227e-06, -1.072671148017595e-06, -3.575944840396318e-07, -1.0529723114730358e-07, -2.7435451939136632e-08, -6.329545877668405e-09, -1.2846026823974207e-09]","[5.20745010229368e-13, 1.973762960974361e-12, 3.0814477235592386e-12, 3.174411245528005e-12, 2.5774755416644366e-12, 1.7694541811130744e-12, 1.0563226995960354e-12, 5.545948000580463e-13, 2.5725128287824624e-13, 1.056189257426875e-13, 3.8410633413049366e-14, 1.2377063211590962e-14]","[9.744152475071257e-13, 2.3883210209512056e-12, 2.379444797642886e-12, 1.5613472667374086e-12, 8.071115298025751e-13, 3.5270264947627413e-13, 1.340198611099022e-13, 4.478584487224297e-14, 1.3222411281636168e-14, 3.4552642124215853e-15, 7.997913244585991e-16, 1.6403187512372443e-16]","[182.48384392964942, 451.678436166328, 1119.2900344441257, 2772.383996180982, 6862.09610038375, 16978.585329272013, 42006.710345568456, 103941.36429950551, 257252.02411664356, 636887.3192260991, 1577344.8914041673, 3934697.080401068]",1167.238925521186,0.08139193624638877
conditioned_5C_min,2701.173591275322,1446.7145166775013,0.7058175324930364,8.46967752396565e-08,0.9999999999973688,7.317370288051301e-19,0.0001229953089628533,15.713839432808596,0.0019327285360309608,0.0019290003021010778,0.0002634977866388262,2.1464807778759223,1422030780799637.0,23849786.42084358,59624466.05210895,0.00018429518919163294,0.021464807778759223,6.708655464527246e-08,4.557661318482747e-11,8.085787999034274e-11,4.27858118582749e-08,0.5635066349878729,0.5636632223139032,11686116.92250263,4.571632806311713e-07,1.865013706945544e-11,1.0603894743585386e-11,7.789407502056638e-05,4.0651120201064043e-14,250000000.0,53397.89809815839,19473.518755141595,33924.37934301679,0.3646869904756271,True,2.5784320092758645e-08,6.364806837480235e-08,0.7984274877592915,0.2956156597219657,7.139187549026099e-09,4.200763500780593e-09,"[4.166666666666667e-09, 5.222712798846205e-09, 6.5464149550156744e-09, 8.205610841308463e-09, 1.0285331703180699e-08, 1.2892160046379322e-08, 1.6159691826959763e-08, 2.0255383039217577e-08, 2.5389131578668973e-08, 3.1824034187401174e-08, 3.988986975875026e-08, 5.0000000000000004e-08]","[0.0009125144279431019, 0.007289853622266074, 0.02001954227459096, 0.033883394610131616, 0.04400527398370986, 0.04780723006940889, 0.044970611436449606, 0.03713924810961453, 0.027079204281567106, 0.017471018570469187, 0.009983352400710962, 0.005054415935103779]","[5.944130631044063e-10, 1.1368122876639501e-09, 1.4271308251928562e-09, 1.3587944273952024e-09, 1.0703017415006113e-09, 7.259885470488984e-10, 4.313144159823585e-10, 2.2601128339910637e-10, 1.0475427101753508e-10, 4.2995067304660025e-11, 1.5634101768226537e-11, 5.037517648287234e-12]","[9.321486802441918e-10, 1.1958256938799507e-09, 9.755831210030525e-10, 5.960223807143288e-10, 2.997757810227285e-10, 1.2958799107670658e-10, 4.902746989786645e-11, 1.6355045881963245e-11, 4.8252000133133775e-12, 1.2605563529591534e-12, 2.917479272737472e-13, 5.983276625879119e-14]","[-6.2704866143940095e-06, -2.0256623927638464e-05, -2.2458090236051793e-05, -1.5347872907222423e-05, -8.05387363939252e-06, -3.536806262677725e-06, -1.3449685886757788e-06, -4.4900101201472766e-07, -1.3231134361505699e-07, -3.4491356707667945e-08, -7.960823174209279e-09, -1.6175630325013427e-09]","[4.217856254489596e-13, 2.1446506244177736e-12, 3.748669722012009e-12, 4.038268512738864e-12, 3.338091538433839e-12, 2.308194087609854e-12, 1.3819513800624937e-12, 7.264108241747135e-13, 3.3710898382697107e-13, 1.3843244239597975e-13, 5.034789125084682e-14, 1.6224117754281367e-14]","[8.253313035230265e-13, 2.734329555046277e-12, 3.051452728731508e-12, 2.0939858504802758e-12, 1.1020159460948404e-12, 4.85059566134938e-13, 1.8485008605479517e-13, 6.184463247939103e-14, 1.826746653078985e-14, 4.774548842689293e-15, 1.1052524170763933e-15, 2.2668704871472044e-16]","[145.52529716727398, 359.8750536272572, 891.4178393696961, 2207.6931972890343, 5463.864464979246, 13517.062151211505, 33436.179710878234, 82715.28819715964, 204662.7563570861, 506533.23725549824, 1254060.312890014, 3124710.3411406525]",1173.5645166775012,0.08469677523965649
conditioned_5C_min,2772.491288079851,1452.7333636590893,0.7117054747207918,8.813580394845527e-08,0.999999999996704,7.317370288051301e-19,0.00014315483819391607,14.990399415137631,0.0021459482027362015,0.0021413529701784233,0.00029465685126682436,2.0627258373489465,1313221567921886.8,22919175.97054385,57297939.92635963,0.00017019351520267652,0.020627258373489468,6.981053778095467e-08,4.989054401824061e-11,8.934193747101856e-11,4.4449046311693604e-08,0.5582823415712467,0.5584224545659142,11248835.27295074,4.464855267169832e-07,2.2894949128693078e-11,1.2903424219151144e-11,8.538803165661914e-05,5.044394318994506e-14,250000000.0,56052.78721932907,21347.007914154783,34705.779305174285,0.380837581378889,True,2.5784320092758645e-08,6.364806837480235e-08,0.7944217204783134,0.2897880272485359,8.595668150170453e-09,5.022684263398053e-09,"[4.166666666666667e-09, 5.222712798846205e-09, 6.5464149550156744e-09, 8.205610841308463e-09, 1.0285331703180699e-08, 1.2892160046379322e-08, 1.6159691826959763e-08, 2.0255383039217577e-08, 2.5389131578668973e-08, 3.1824034187401174e-08, 3.988986975875026e-08, 5.0000000000000004e-08]","[0.0005109091584318419, 0.005823652309221089, 0.018311912645959074, 0.03269305465117842, 0.04337562201714347, 0.047529818176353156, 0.0448649735073652, 0.037103960715146024, 0.027068802583884086, 0.017468306482899838, 0.009982726331470073, 0.005054288669483672]","[6.218757098874041e-10, 1.29478460106135e-09, 1.7172850143337019e-09, 1.6776587746656226e-09, 1.336005932664815e-09, 9.103122151848214e-10, 5.418165724862185e-10, 2.8412657242360937e-10, 1.317298918716775e-10, 5.407345625960555e-11, 1.9663453792371792e-11, 6.335955539254402e-12]","[9.867003387331818e-10, 1.4014542294923458e-09, 1.216917376209124e-09, 7.650116847006058e-10, 3.8943727104118603e-10, 1.6918285332505659e-10, 6.413660038979779e-11, 2.1412764814942368e-11, 6.319456463999971e-12, 1.651142840366926e-12, 3.8216734945276076e-13, 7.837803799355974e-14]","[-4.373726110493207e-06, -2.0173641374612225e-05, -2.5621551738915627e-05, -1.847311016737774e-05, -9.904029534452644e-06, -4.3874011451897014e-06, -1.6745190655534639e-06, -5.599201680936084e-07, -1.651313917168116e-07, -4.3069119181731006e-08, -9.944774244932249e-09, -2.022865158743682e-09]","[3.088452018056066e-13, 2.240674808985327e-12, 4.484380185292352e-12, 5.095765900859122e-12, 4.303134484415934e-12, 3.001169935090751e-12, 1.8030886473426435e-12, 9.491069710582167e-13, 4.4070620438672037e-13, 1.8101566122381717e-13, 6.584150379808794e-14, 2.1217579910683247e-14]","[6.301158580527097e-13, 3.0203483287277496e-12, 3.861913295247225e-12, 2.7957502297818437e-12, 1.5031216935497273e-12, 6.6732252815075e-13, 2.5519223241995284e-13, 8.549854906782596e-14, 2.526860061113073e-14, 6.605941233004165e-15, 1.529340009716988e-15, 3.1367910956168937e-16]","[116.8132492809955, 288.67630791483873, 714.7074007288086, 1769.7645039172744, 4379.593363110934, 10833.251075859413, 26792.75168033777, 66266.51946022226, 163922.81505327058, 405587.73466417944, 1003816.2843723842, 2498579.130515394]",1179.5833636590892,0.08813580394845527
conditioned_5C_min,2840.2634407409673,1458.4536112278406,0.7178007235203884,9.171447101333639e-08,0.999999999995927,7.317370288051301e-19,0.0001651768008756049,14.404646331382148,0.0023793133987622217,0.0023736657041481595,0.0003266426901398377,1.9822389857491962,1212738085377778.5,22024877.619435515,55062194.04858878,0.00015717085586496008,0.019822389857491962,7.264512555511795e-08,5.4636478796404325e-11,9.79303577566601e-11,4.6246575918504546e-08,0.557788032006625,0.5579115613175484,10811611.239740152,4.3109564630634675e-07,2.796079197972268e-11,1.5674588120853516e-11,9.268148341147978e-05,6.174287680180308e-14,250000000.0,58211.33608733454,23170.370852869943,35040.965234464595,0.39803880842225314,True,2.5784320092758645e-08,6.364806837480235e-08,0.7900972624576663,0.28373963629572274,1.0291601599661128e-08,5.9724873153662095e-09,"[4.166666666666667e-09, 5.222712798846205e-09, 6.5464149550156744e-09, 8.205610841308463e-09, 1.0285331703180699e-08, 1.2892160046379322e-08, 1.6159691826959763e-08, 2.0255383039217577e-08, 2.5389131578668973e-08, 3.1824034187401174e-08, 3.988986975875026e-08, 5.0000000000000004e-08]","[0.0002551941030569002, 0.004460879053162543, 0.016477398438621314, 0.031339034567427725, 0.042642798907525876, 0.04720393324115717, 0.04474039576530403, 0.03706227581172886, 0.02705650471877495, 0.0174650983358748, 0.009981985445579586, 0.005054137907508969]","[6.4025371655346e-10, 1.4490720226759344e-09, 2.0447194200826025e-09, 2.0586172609050368e-09, 1.6607803598961132e-09, 1.137693193565235e-09, 6.786380043636471e-10, 3.5619159359144693e-10, 1.6520088715267532e-10, 6.78227418114095e-11, 2.466474011982849e-11, 7.947658943740033e-12]","[1.0246376278603148e-09, 1.613995779829594e-09, 1.5053974418040331e-09, 9.789066285110341e-10, 5.055497170470833e-10, 2.2093260595667556e-10, 8.395743587299554e-11, 2.80576729498974e-11, 8.283824770599045e-12, 2.1647386969971655e-12, 5.010748031067407e-13, 1.0276726387834845e-13]","[-2.699033652973912e-06, -1.910049161879472e-05, -2.8511588968501182e-05, -2.190368306092085e-05, -1.2044870981011669e-05, -5.390898783175174e-06, -2.0662935099274567e-06, -6.921976896696418e-07, -2.0432490644473447e-07, -5.3319543177992374e-08, -1.2316565967514851e-08, -2.5077662918848664e-09]","[2.0103153997241688e-13, 2.2366678798988382e-12, 5.258417657461228e-12, 6.3655701464403954e-12, 5.512931998734917e-12, 3.884188986329203e-12, 2.3431884390158696e-12, 1.2354486715194047e-12, 5.740497643996643e-13, 2.358490409599159e-13, 8.57956442363e-14, 2.764907606752595e-14]","[4.228360580573854e-13, 3.19736892455973e-12, 4.806940044241918e-12, 3.707556305478783e-12, 2.044390110173241e-12, 9.168970053581924e-13, 3.5207377845116896e-13, 1.1815301211017728e-13, 3.49428435356761e-14, 9.137542489192276e-15, 2.1156621442288582e-15, 4.339574520158545e-16]","[94.55017456922639, 233.54786579278812, 577.9193315681244, 1430.7655237826566, 3540.328408228764, 8756.226955786884, 21652.488163152957, 53542.90597158335, 132419.02413934623, 327555.28826592636, 810451.9938355577, 2015394.3068236315]",1185.3036112278405,0.09171447101333638
conditioned_5C_min,2904.679531396116,1463.8898347654222,0.7240523959629439,9.54384463115066e-08,0.99999999999503,7.317370288051301e-19,0.00018904118746324003,13.93637978062047,0.0026345497826671823,0.00262762716808258,0.00035915693673181767,1.9048927033725314,1119943275111700.8,21165474.481917012,52913686.20479254,0.0001451446484544764,0.019048927033725314,7.559480895960919e-08,5.98002887175497e-11,1.0654373178142843e-10,4.8176191967142946e-08,0.5611669773936946,0.5612745838509615,10378570.401351133,4.123061861592447e-07,3.395259021936238e-11,1.901226128171963e-11,9.967416934707507e-05,7.46960654006816e-14,250000000.0,59873.084105871574,24918.542336768765,34954.54176910281,0.41618938975493797,True,3.2319383653919526e-08,6.364806837480235e-08,0.7854642698289375,0.27752258751760106,1.2255696913428281e-08,7.068350645103722e-09,"[4.166666666666667e-09, 5.222712798846205e-09, 6.5464149550156744e-09, 8.205610841308463e-09, 1.0285331703180699e-08, 1.2892160046379322e-08, 1.6159691826959763e-08, 2.0255383039217577e-08, 2.5389131578668973e-08, 3.1824034187401174e-08, 3.988986975875026e-08, 5.0000000000000004e-08]","[0.00011181588592088506, 0.003259229383796226, 0.014557190174763326, 0.029822827722182445, 0.041799761500504774, 0.04682491836233653, 0.04459485264617074, 0.03701348088987498, 0.027042095926847153, 0.01746133750765165, 0.009981116580666404, 0.0050539609368859114]","[6.511334510655106e-10, 1.5927275433964275e-09, 2.4064990679579654e-09, 2.508856160201719e-09, 2.055083518836792e-09, 1.416756296725947e-09, 8.472929680840404e-10, 4.451805248767022e-10, 2.065617877846605e-10, 8.481796181277532e-11, 3.0847452389127737e-11, 9.940180296613026e-12]","[1.0475829772997051e-09, 1.8240324111616667e-09, 1.8441096179343287e-09, 1.2475912128934412e-09, 6.553893655083721e-10, 2.8844197119339867e-10, 1.0992776378777188e-10, 3.6779593550938405e-11, 1.0864042962785423e-11, 2.839547155703826e-12, 6.573243696004038e-13, 1.3481728600858924e-13]","[-1.4477469365642657e-06, -1.708925007690554e-05, -3.086155001114334e-05, -2.5543964586234762e-05, -1.4470464561327069e-05, -6.55478234570864e-06, -2.5248459011354917e-06, -8.475964817466784e-07, -2.504419071260994e-07, -6.538959681062424e-08, -1.511054638186841e-08, -3.0793608374580244e-09]","[1.142571125837093e-13, 2.119754923929737e-12, 6.026064341854828e-12, 7.857607002808272e-12, 7.00971773251608e-12, 4.997916410458068e-12, 3.0295764951295477e-12, 1.6004508739171144e-12, 7.442314104364025e-13, 3.0586542100352117e-13, 1.1128002919269021e-13, 3.58637097891893e-14]","[2.3933859442954393e-13, 3.2222144053786543e-12, 5.865477293879656e-12, 4.873666865634298e-12, 2.768270966822643e-12, 1.2564335382856285e-12, 4.84774643929349e-13, 1.6300254801661213e-13, 4.824461289736829e-14, 1.2619957041807112e-14, 2.922338603469753e-15, 5.994513999150202e-16]","[77.23441376173241, 190.71810460546527, 471.6934233538849, 1167.5097505519363, 2888.6260923658533, 7143.626728199816, 17662.405704092762, 43668.75239217572, 107977.51956596966, 267035.4056199748, 660539.7533899264, 1641236.9980836334]",1190.739834765422,0.0954384463115066
conditioned_5C_min,2965.969557722079,1469.0605565331039,0.7304152060727074,9.931362993992347e-08,0.9999999999940038,7.317370288051301e-19,0.00021473309462260358,13.568388512258517,0.0029135820542790557,0.002905117755321583,0.00039194078370194076,1.8305644462897384,1034248824697548.4,20339604.958774872,50849012.39693718,0.00013403864768080225,0.018305644462897383,7.866426133855325e-08,6.536669247280828e-11,1.151161035986653e-10,5.0237499081999346e-08,0.5677399410202835,0.5678327395504912,9952724.74021613,3.910517650049395e-07,4.097043781001454e-11,2.3016948390671426e-11,0.0001062879403779902,8.950879594222052e-14,250000000.0,61055.44235989471,26571.98509449755,34483.457265397155,0.4352107538238361,True,3.2319383653919526e-08,6.364806837480235e-08,0.7805318023540501,0.2711836477387493,1.451885004909299e-08,8.33183086454886e-09,"[4.166666666666667e-09, 5.222712798846205e-09, 6.5464149550156744e-09, 8.205610841308463e-09, 1.0285331703180699e-08, 1.2892160046379322e-08, 1.6159691826959763e-08, 2.0255383039217577e-08, 2.5389131578668973e-08, 3.1824034187401174e-08, 3.988986975875026e-08, 5.0000000000000004e-08]","[4.218151574940478e-05, 0.002258839266397973, 0.0126018607675021, 0.028152005564987946, 0.04084101756054905, 0.046388362943739415, 0.0444263355455973, 0.03695685817394862, 0.027025358563997095, 0.017456966482239898, 0.009980106354539194, 0.005053754999501256]","[6.56735282406916e-10, 1.7195597207727494e-09, 2.797073586633155e-09, 3.034790968273808e-09, 2.5303877444935564e-09, 1.7574251312678377e-09, 1.054232588020118e-09, 5.545951614755185e-10, 2.574586805988456e-10, 1.0573857489950603e-10, 3.845922535883786e-11, 1.2393384892141585e-11]","[1.0590409573188343e-09, 2.0213378714479613e-09, 2.233861138490212e-09, 1.5821924447039392e-09, 8.479600165874418e-10, 3.76308788982257e-10, 1.4390251144525062e-10, 4.82133039462315e-11, 1.4249317394868688e-11, 3.725202027866761e-12, 8.624226791225086e-13, 1.7688952487459184e-13]","[-6.625461620843188e-07, -1.4370648698616917e-05, -3.24313185368569e-05, -2.9278715708675783e-05, -1.7169399835673804e-05, -7.886454062085042e-06, -3.0551652733779106e-06, -1.028094245109802e-06, -3.041044317015214e-07, -7.944598834575273e-08, -1.836571862078933e-08, -3.745704220736234e-09]","[5.5601938890239865e-14, 1.8952004625437474e-12, 6.729614249503561e-12, 9.568638131155675e-12, 8.835326290179744e-12, 6.387344200549935e-12, 3.893471469805914e-12, 2.061468849102564e-12, 9.594855231442086e-13, 3.944763470785435e-13, 1.4353988281344761e-13, 4.6263323623326785e-14]","[1.0307915305922871e-13, 3.0702898331799327e-12, 6.9949084326677684e-12, 6.338871958020865e-12, 3.726839543499927e-12, 1.7150811725319169e-12, 6.654418167276289e-13, 2.2425618305983653e-13, 6.643471123331999e-14, 1.7384585240511966e-14, 4.026259781033456e-15, 8.259457272387808e-16]","[63.66577630863487, 157.18422416208475, 388.5707191701314, 961.5177743826389, 2378.7096783483034, 5882.030451018076, 14541.385349172224, 35946.95559257952, 88868.67716062255, 219733.76939143043, 543409.5207819461, 1349213.579524952]",1195.9105565331038,0.09931362993992347
conditioned_5C_min,3038.566270427361,1475.1818860982798,0.7384661690017709,1.0437962317877183e-07,0.9999999999925229,7.317370288051301e-19,0.00024941032607090057,13.227646269530082,0.0032991115692340292,0.0032882632219956567,0.00043297429173785824,1.7417192595975337,936291968905240.8,19352436.21775037,48381090.54437593,0.0001213434391701192,0.017417192595975337,8.267692925051232e-08,7.286294746271794e-11,1.256950574638717e-10,5.3000658703192965e-08,0.5796040854354884,0.5796802907995074,9433845.016908782,3.6209088723989707e-07,5.1323225584593384e-11,2.912357386228683e-11,0.00011393713028350713,1.110273931386409e-13,250000000.0,61906.97026564256,28484.28257087678,33422.68769476577,0.4601143045548965,True,3.2319383653919526e-08,6.364806837480235e-08,0.7739560137098145,0.26314984592154417,1.7818296805974077e-08,1.0184982570498512e-08,"[4.166666666666667e-09, 5.222712798846205e-09, 6.5464149550156744e-09, 8.205610841308463e-09, 1.0285331703180699e-08, 1.2892160046379322e-08, 1.6159691826959763e-08, 2.0255383039217577e-08, 2.5389131578668973e-08, 3.1824034187401174e-08, 3.988986975875026e-08, 5.0000000000000004e-08]","[9.773974635113158e-06, 0.001314054385583212, 0.010192899145277552, 0.02586663251824512, 0.03947370227571241, 0.04575518700366883, 0.04418023041279951, 0.03687392604186844, 0.027000812595754632, 0.01745055196468353, 0.0099786232070728, 0.005053452396243019]","[6.595216671946706e-10, 1.847914498726422e-09, 3.3129614103064758e-09, 3.80611440437376e-09, 3.25720915920671e-09, 2.2871970603132804e-09, 1.3782336555486602e-09, 7.263737465622369e-10, 3.374543439754067e-10, 1.386346714227094e-10, 5.0430339433303515e-11, 1.6251848910440796e-11]","[1.063313057941998e-09, 2.235831813290373e-09, 2.788992831618799e-09, 2.111693988161224e-09, 1.1657726018708478e-09, 5.237912028684419e-10, 2.0131827927963707e-10, 6.758904289869567e-11, 1.9992448059860952e-11, 5.228395869910324e-12, 1.2105929517530781e-12, 2.4831568697141026e-13]","[-1.931333591086309e-07, -1.0518277936534698e-05, -3.3020733501412494e-05, -3.387638520182173e-05, -2.089992351940708e-05, -9.798036918058876e-06, -3.827415947377927e-06, -1.2924421766550548e-06, -3.828819317553405e-07, -1.0010242153221056e-07, -2.3151784980830925e-08, -4.72603165000482e-09]","[1.7554535189952795e-14, 1.5024421137606328e-12, 7.417683396535461e-12, 1.1981075389925873e-11, 1.1637214157271913e-11, 8.585522648543832e-12, 5.276423086503378e-12, 2.8029557726578017e-12, 1.3063481302789565e-12, 5.37373802146545e-13, 1.9557942895868568e-13, 6.304141561464747e-14]","[3.899846942561886e-15, 2.641627109537031e-12, 8.402700780389698e-12, 8.652432621640834e-12, 5.3514102556997965e-12, 2.5132613564964743e-12, 9.831529252123748e-13, 3.32424437991332e-13, 9.86108872701399e-14, 2.5818397012952852e-14, 5.980835265369175e-15, 1.2270156896247343e-15]","[50.60738693834674, 124.9305631123239, 308.68179063440675, 763.5594047045527, 1888.700800223419, 4669.8320680275165, 11543.09618296552, 28530.426124982358, 70519.9445478352, 174326.97129178199, 431008.8062468981, 1069280.269470448]",1202.0318860982798,0.10437962317877184
conditioned_5C_min,3107.164772993723,1480.9617817066737,0.7465682284740234,1.097040329865401e-07,0.9999999999907974,7.317370288051301e-19,0.00028695257817096145,12.998160549716657,0.0037298556812212762,0.0037159955540924513,0.0004737666826929815,1.6571861129508845,847612905233722.6,18413179.032787602,46032947.581969015,0.00010985063251829044,0.016571861129508845,8.689428355369512e-08,8.09168429901505e-11,1.3605413705035575e-10,5.5974425391295845e-08,0.5946781639518527,0.594740040578126,8932650.875907896,3.316277169220249e-07,6.357000705499486e-11,3.6675144865618446e-11,0.00012083599296694304,1.3640765618603147e-13,250000000.0,62136.51684063075,30208.99824173576,31927.51859889499,0.4861714138115681,True,3.2319383653919526e-08,6.364806837480235e-08,0.766932647958161,0.25505376639289845,2.1703215793801673e-08,1.239506399830112e-08,"[4.166666666666667e-09, 5.222712798846205e-09, 6.5464149550156744e-09, 8.205610841308463e-09, 1.0285331703180699e-08, 1.2892160046379322e-08, 1.6159691826959763e-08, 2.0255383039217577e-08, 2.5389131578668973e-08, 3.1824034187401174e-08, 3.988986975875026e-08, 5.0000000000000004e-08]","[1.646333507776282e-06, 0.0006881045311491994, 0.007923537644794303, 0.023397942849500006, 0.03791410395859133, 0.04501698160400083, 0.04389073358978614, 0.036776009920078206, 0.026971784861954312, 0.017442960264732323, 0.00997686704804101, 0.005053093786762978]","[6.602774498502708e-10, 1.94002221186505e-09, 3.839352092106666e-09, 4.708393807128229e-09, 4.154905311505855e-09, 2.95594811434528e-09, 1.7908464755558877e-09, 9.45911506733719e-10, 4.398380961969537e-10, 1.807617695174349e-10, 6.576428515493743e-11, 2.1194673841386838e-11]","[1.062187534801396e-09, 2.4028339484811224e-09, 3.407188927993143e-09, 2.788059916553118e-09, 1.5944610579168938e-09, 7.271229784162831e-10, 2.811774385890103e-10, 9.463478174902936e-11, 2.8020587391132476e-11, 7.330887476012102e-12, 1.6976875885218266e-12, 3.4825134545854123e-13]","[-4.0425330769435014e-08, -6.844687774860064e-06, -3.191104083504809e-05, -3.810922586219105e-05, -2.4969163588925095e-05, -1.1991856911492521e-05, -4.73055298037161e-06, -1.6039041671114458e-06, -4.759827902413938e-07, -1.2454648213154378e-07, -2.881892682446099e-08, -5.887562109346121e-09]","[3.981975455009811e-15, 1.0606031339897285e-12, 7.773291823012644e-12, 1.4609957174584833e-11, 1.506805985881309e-11, 1.1387231639605589e-11, 7.0664266657127e-12, 3.768572326013966e-12, 1.7591673764661174e-12, 7.241072493127242e-13, 2.6361014311162534e-13, 8.497878532240028e-14]","[-3.891333389295638e-14, 2.0249158682518483e-12, 9.637602857011662e-12, 1.1552453808679724e-11, 7.587258325655553e-12, 3.6500918214471976e-12, 1.4417771244249664e-12, 4.894080800366248e-13, 1.4540889834464805e-13, 3.8095500430978926e-14, 8.827116013874328e-15, 1.8111430282977466e-15]","[40.72529467145511, 100.5311788912486, 248.3008212032944, 613.9705627742386, 1518.4370843486274, 3753.9625377666357, 9278.140160759449, 22929.056906379905, 56665.46231277736, 140051.8101049966, 346191.48411775084, 858265.8990113279]",1207.8117817066736,0.1097040329865401
conditioned_5C_min,3172.2468066723072,1486.4408108321213,0.7546738287244861,1.1530004120535558e-07,0.9999999999887957,7.317370288051301e-19,0.0003274151188519723,12.86166676127983,0.004211104151278898,0.004193445117137958,0.000514088695601571,1.5767557244511683,767332905737508.9,17519508.049457427,43798770.12364356,9.944634458358115e-05,0.015767557244511683,9.132676531117275e-08,8.948637641776463e-11,1.4614641568948044e-10,5.9165166570553645e-08,0.6122565892469533,0.6123063367349202,8450918.487717886,3.0075105971434054e-07,7.781348797000587e-11,4.5953464920489574e-11,0.00012695199672267682,1.6628109074134282e-13,250000000.0,61830.35521363699,31737.999180669205,30092.356032967786,0.5133077283966376,True,3.2319383653919526e-08,6.364806837480235e-08,0.7594642070226074,0.246945666364062,2.6242974670467424e-08,1.5028338203462326e-08,"[4.166666666666667e-09, 5.222712798846205e-09, 6.5464149550156744e-09, 8.205610841308463e-09, 1.0285331703180699e-08, 1.2892160046379322e-08, 1.6159691826959763e-08, 2.0255383039217577e-08, 2.5389131578668973e-08, 3.1824034187401174e-08, 3.988986975875026e-08, 5.0000000000000004e-08]","[1.890018236308189e-07, 0.0003194083805980677, 0.005889344386227825, 0.020795946269614243, 0.03616119170972424, 0.04416558484501175, 0.04355333269879471, 0.036661397391057254, 0.02693774453822596, 0.01743404991786914, 0.009974804860331504, 0.005052672364783676]","[6.604238366440571e-10, 1.9988326749839277e-09, 4.350905026958763e-09, 5.739231174334609e-09, 5.248462003920809e-09, 3.791842072255699e-09, 2.311962336353055e-09, 1.2243446960200567e-09, 5.699086424075838e-10, 2.343176655217195e-10, 8.526363651871544e-11, 2.7480904548428323e-11]","[1.059122865281942e-09, 2.518406994130912e-09, 4.065614338641029e-09, 3.6355523488199084e-09, 2.167296785694234e-09, 1.0059228018204533e-09, 3.9182096606265676e-10, 1.3226389200385005e-10, 3.920923514194585e-11, 1.0263099561071016e-11, 2.3771965533158484e-12, 4.876797510047682e-13]","[-5.701019903827922e-09, -3.903029670431064e-06, -2.9144529560262246e-05, -4.163500137695434e-05, -2.927869553600499e-05, -1.4465839524780207e-05, -5.772371317484117e-06, -1.966387828024952e-06, -5.847239712154156e-07, -1.5314005443569656e-07, -3.5452624318274846e-08, -7.2480057844707105e-09]","[6.026872506514559e-16, 6.560015392221692e-13, 7.69867756488133e-12, 1.7302682119692464e-11, 1.9149735256077416e-11, 1.4886385980439402e-11, 9.343550094479205e-12, 5.005929986462152e-12, 2.341112133776862e-12, 9.643717937406513e-13, 3.5118491345220927e-13, 1.1322382135034498e-13]","[-5.549426053898207e-14, 1.3540261771328243e-12, 1.0491724604043011e-11, 1.504694435697498e-11, 1.060551701226983e-11, 5.24836533379249e-12, 2.0968229810392655e-12, 7.150419366413258e-13, 2.1284274096893103e-13, 5.5804372526356535e-14, 1.29343784921184e-14, 2.654196406081248e-15]","[33.152282717679086, 81.83601139849677, 202.07375020586306, 499.48230051278784, 1235.0684020487051, 3053.095174279752, 7545.137050846791, 18644.031898773555, 46069.16402321043, 113843.82735210328, 281355.8954277404, 697112.0767603872]",1213.2908108321212,0.11530004120535557
conditioned_5C_min,3234.256399653181,1491.656714973607,0.7627469961668296,1.2118150208377283e-07,0.9999999999864803,7.317370288051301e-19,0.00037088995881502033,12.803826818170796,0.00474881080126602,0.0047263661824878825,0.0005537899015607236,1.500228969552808,694656469470827.2,16669210.77280898,41673026.932022445,9.002747844341921e-05,0.01500228969552808,9.598534818516662e-08,9.854094880517095e-11,1.5594624851164504e-10,6.258323986843533e-08,0.6318508472466273,0.6318904734525407,7989359.468303613,2.7021693272443243e-07,9.40838972874331e-11,5.727640761664897e-11,0.0001322802631009008,2.013965013911277e-13,250000000.0,61072.01993452876,33070.0657752252,28001.95415930356,0.5414929096937913,True,3.2319383653919526e-08,6.364806837480235e-08,0.7515470315553202,0.23886357483467424,3.1506870958856844e-08,1.816316452048246e-08,"[4.166666666666667e-09, 5.222712798846205e-09, 6.5464149550156744e-09, 8.205610841308463e-09, 1.0285331703180699e-08, 1.2892160046379322e-08, 1.6159691826959763e-08, 2.0255383039217577e-08, 2.5389131578668973e-08, 3.1824034187401174e-08, 3.988986975875026e-08, 5.0000000000000004e-08]","[1.3608836373551871e-08, 0.00012912457464187065, 0.004161548236819247, 0.018122359701165217, 0.0342191634588836, 0.043193416697895996, 0.04316333281900393, 0.03652825151644526, 0.02689811599771368, 0.01742366688426302, 0.009972400634719865, 0.005052180704286149]","[6.604424201515414e-10, 2.0317103872725557e-09, 4.821689815258078e-09, 6.886672895186477e-09, 6.5607760846318236e-09, 4.825625147605865e-09, 2.9643169104609134e-09, 1.5746122944416034e-09, 7.33861579070335e-10, 3.0187865521731896e-10, 1.098701390785675e-10, 3.541463048176998e-11]","[1.0554145003024968e-09, 2.587858512739384e-09, 4.732513721557233e-09, 4.674790303243748e-09, 2.9247433846458084e-09, 1.3858713637047078e-09, 5.444511069124756e-10, 1.8442803001700543e-10, 5.4750582353996995e-11, 1.4339300690193324e-11, 3.3221201733199712e-12, 6.815941420935838e-13]","[-4.98957711215407e-10, -1.917882095506632e-06, -2.5036340226236577e-05, -4.412318141525644e-05, -3.370040923205124e-05, -1.7209888002525913e-05, -6.9596675890396e-06, -2.3838319751517764e-06, -7.104798742043109e-07, -1.862653419455913e-07, -4.314356733630761e-08, -8.826184192870775e-09]","[4.7339512751885824e-17, 3.490650782461685e-13, 7.160661143503651e-12, 1.984717803472232e-11, 2.385276575815453e-11, 1.916338276176977e-11, 1.218862808479694e-11, 6.565290862928033e-12, 3.0770331766637467e-12, 1.2686303727925218e-12, 4.621473758322341e-13, 1.4902010930634976e-13]","[-6.44219814848937e-14, 7.645324757921082e-13, 1.0772567125775651e-11, 1.906906861223888e-11, 1.4596351519025814e-11, 7.465391136255215e-12, 3.0224081636580072e-12, 1.0362157156338735e-12, 3.091139902946268e-13, 8.111643326608087e-14, 1.8807898842124463e-14, 3.860025960350479e-15]","[27.27452861767026, 67.32664898660562, 166.2203101257665, 410.7219633736352, 1015.3931135749827, 2509.802311993922, 6201.924483718088, 15323.333144786573, 37859.08225456455, 93542.18397404565, 231144.55411125816, 572408.2563750455]",1218.506714973607,0.12118150208377283
conditioned_5C_min,3305.1659695383405,1497.615763067513,0.772354005936199,1.2863660634202197e-07,0.9999999999832228,7.317370288051301e-19,0.0004272129510266004,12.822738806827822,0.005478040085908222,0.005448194657180357,0.0006004834027662479,1.4132835525575511,616472345657312.4,15703150.583972787,39257876.45993198,7.989481599718768e-05,0.014132835525575512,1.0189038126100749e-07,1.1001557990670718e-10,1.6730551469921117e-10,6.700497285243135e-08,0.6575431516434228,0.6575729443497291,7462132.715152006,2.3461845789114347e-07,1.1618171781437001e-10,7.402631547072579e-11,0.00013765457221675558,2.5174355577231585e-13,250000000.0,59672.81422299127,34413.64305418889,25259.17116880238,0.5767055484527441,True,3.2319383653919526e-08,6.364806837480235e-08,0.7414416028446871,0.22923953368359026,3.887100393103966e-08,2.2715852978639264e-08,"[4.166666666666667e-09, 5.222712798846205e-09, 6.5464149550156744e-09, 8.205610841308463e-09, 1.0285331703180699e-08, 1.2892160046379322e-08, 1.6159691826959763e-08, 2.0255383039217577e-08, 2.5389131578668973e-08, 3.1824034187401174e-08, 3.988986975875026e-08, 5.0000000000000004e-08]","[2.6641621104420485e-10, 3.52335621883367e-05, 0.002542756675919723, 0.014918503301595389, 0.03165339045424205, 0.041857711874391516, 0.042618941229315, 0.036341189925661606, 0.02684228981427543, 0.017409022529951516, 0.009969007687713919, 0.005051486361919573]","[6.604430868343001e-10, 2.049332338308465e-09, 5.301843611380957e-09, 8.384247265947284e-09, 8.449322366404664e-09, 6.372778887604932e-09, 3.956167253870935e-09, 2.1105739384519247e-09, 9.853823985479757e-10, 4.056325400959999e-10, 1.476744947423903e-10, 4.760574884983118e-11]","[1.0505242267176632e-09, 2.626604736543625e-09, 5.491665043646599e-09, 6.192358309647765e-09, 4.1451226043717946e-09, 2.022642015997466e-09, 8.043452771183945e-10, 2.738234798014423e-10, 8.145354291685202e-11, 2.1350342519135366e-11, 4.948074294330086e-12, 1.0153250641956585e-12]","[-1.2196221862010946e-11, -6.534189052693955e-07, -1.9102279114449016e-05, -4.537225982073024e-05, -3.894990294852979e-05, -2.084064709047476e-05, -8.588068127594625e-06, -2.9642416778769275e-06, -8.862842659798534e-07, -2.3267754700404944e-07, -5.392979424740215e-08, -1.1040936331400746e-08]","[-1.4683929529651312e-17, 1.3023475591654626e-13, 5.983108243255225e-12, 2.2342605914160982e-11, 3.017270310194521e-11, 2.539538188113381e-11, 1.6457625137873304e-11, 8.932003565049929e-12, 4.199083745108875e-12, 1.7333832335189638e-12, 6.317676203295399e-13, 2.037557369240082e-13]","[-7.415326886635408e-14, 2.7567842853503227e-13, 1.0192089482099356e-11, 2.4346605258626478e-11, 2.094394620662883e-11, 1.1222440153370311e-11, 4.629367393889878e-12, 1.5991997889948708e-12, 4.785190187034706e-13, 1.2572647399787288e-13, 2.9165917481032865e-14, 5.987061492687232e-15]","[21.84415912226423, 53.92185916905847, 133.11273805000448, 328.8022981561796, 812.6693023104656, 2008.4650775321957, 4962.5760527416605, 12259.860657411098, 30286.321042379415, 74820.38019615419, 184851.5802226361, 457523.3667051406]",1224.4657630675129,0.12863660634202198
conditioned_5C_min,3372.815950827847,1503.295365470265,0.7818409677339242,1.365503497369847e-07,0.9999999999793519,7.317370288051301e-19,0.0004883277389056204,12.924323324765819,0.006311305586068063,0.006271722826757279,0.0006460705650240308,1.3313770367499793,547087905550973.94,14793078.18611088,36982695.4652772,7.090259255940621e-05,0.013313770367499794,1.0815869286097797e-07,1.2211314644427837e-10,1.7823012522476273e-10,7.180335049000516e-08,0.6851210422484705,0.685143133296258,6963463.356345728,2.006031506612961e-07,1.4077405488156445e-10,9.477362068818796e-11,0.0001419615821976482,3.1281202259730494e-13,250000000.0,57852.62689482114,35490.39554941205,22362.231345409084,0.6134621270341847,True,3.2319383653919526e-08,6.364806837480235e-08,0.7306540255201949,0.21973069340867812,4.7469184131978704e-08,2.8302696107837106e-08,"[4.166666666666667e-09, 5.222712798846205e-09, 6.5464149550156744e-09, 8.205610841308463e-09, 1.0285331703180699e-08, 1.2892160046379322e-08, 1.6159691826959763e-08, 2.0255383039217577e-08, 2.5389131578668973e-08, 3.1824034187401174e-08, 3.988986975875026e-08, 5.0000000000000004e-08]","[1.6921597366224617e-12, 7.314449230432721e-06, 0.001412291624980594, 0.011839335394224182, 0.028857662577985915, 0.04032737494545366, 0.04198246199947734, 0.03612067467635011, 0.026776254798705438, 0.01739167469642642, 0.009964985571580843, 0.005050662672571016]","[6.604417899306817e-10, 2.05504648364522e-09, 5.667766569710765e-09, 9.95479961676284e-09, 1.06944171544719e-08, 8.30651725814187e-09, 5.2211046306787495e-09, 2.799692555416149e-09, 1.3098451774920308e-09, 5.396539741362327e-10, 1.9653366209173037e-10, 6.336525950053788e-11]","[1.0451741217321883e-09, 2.6372179310358355e-09, 6.147605857376163e-09, 8.001918823874464e-09, 5.7954413218169755e-09, 2.9281235099195254e-09, 1.1814627928042024e-09, 4.0460393091375293e-10, 1.206477112491739e-10, 3.165480018710643e-11, 7.339108778289837e-12, 1.5061981494243723e-12]","[-9.564021584350836e-14, -1.6747551040256793e-07, -1.3099560905489374e-05, -4.4469018761191e-05, -4.386532344890875e-05, -2.480664209409432e-05, -1.0452856391008253e-05, -3.64072279644359e-06, -1.0926200476086647e-06, -2.8730462918815354e-07, -6.664037042790369e-08, -1.3652694789366666e-08]","[-2.4871722059820643e-17, 3.625653704211675e-14, 4.4595031097084556e-12, 2.379455554695906e-11, 3.6914499107736654e-11, 3.283379576546186e-11, 2.1755761975561046e-11, 1.191372269543554e-11, 5.6211697146375294e-12, 2.323825424140322e-12, 8.474693459975548e-13, 2.733889240189513e-13]","[-8.492840079505193e-14, 2.4842357706099788e-14, 8.651098621114955e-12, 2.961467389652708e-11, 2.92722770702756e-11, 1.6576233395270526e-11, 6.991427973471379e-12, 2.436913674734929e-12, 7.318310639524245e-13, 1.9256412287851578e-13, 4.469738469942263e-14, 9.177505754762515e-15]","[17.692972790768938, 43.674739147536684, 107.81213470970411, 266.2378375786561, 657.8695951392515, 1625.6684315631069, 4016.3626504609265, 9921.292198250934, 24506.464856935963, 60533.91741570843, 149533.76620800263, 369938.8838974632]",1230.145365470265,0.13655034973698468
conditioned_5C_min,3437.72660975213,1508.7398609716602,0.7911852994613396,1.449509478174232e-07,0.9999999999747503,7.317370288051301e-19,0.0005545801073407815,13.097477507467909,0.007263600481985024,0.007211221053266815,0.000690547847329447,1.2542173937971832,485512737933147.6,13935748.8199687,34839372.04992176,6.292245083613593e-05,0.012542173937971832,1.148126319345926e-07,1.3477840142363716e-10,1.887400628869683e-10,7.701217497705474e-08,0.714079210378251,0.7140953508336625,6492479.924751789,1.685773486488717e-07,1.6732253926629428e-10,1.2014234207081582e-10,0.00014526469438647872,3.867322307534771e-13,250000000.0,55716.04814753967,36316.17359661968,19399.874550919987,0.6518081379435261,True,3.2319383653919526e-08,6.364806837480235e-08,0.719151337305898,0.21036142689901732,5.7375110768386135e-08,3.5131457366582825e-08,"[4.166666666666667e-09, 5.222712798846205e-09, 6.5464149550156744e-09, 8.205610841308463e-09, 1.0285331703180699e-08, 1.2892160046379322e-08, 1.6159691826959763e-08, 2.0255383039217577e-08, 2.5389131578668973e-08, 3.1824034187401174e-08, 3.988986975875026e-08, 5.0000000000000004e-08]","[2.1135225313983278e-15, 1.091734977456514e-06, 0.0007017454339536028, 0.009006560013528645, 0.02587274534941416, 0.03859345319936059, 0.041243836387546855, 0.03586226935322179, 0.026698563185669037, 0.01737122995865837, 0.009960241764994465, 0.005049690517690255]","[6.604398442122852e-10, 2.056422397744304e-09, 5.916703366103486e-09, 1.151853325290342e-08, 1.3288112553031612e-08, 1.0676994926959646e-08, 6.8091638442240344e-09, 3.67321572345319e-09, 1.7227376071290266e-09, 7.104708841412546e-10, 2.5884682026322985e-10, 8.346954822064169e-11]","[1.0393045803056578e-09, 2.635623587033603e-09, 6.656056426526388e-09, 1.006472485827966e-08, 7.979634247633864e-09, 4.199979216861436e-09, 1.7239940197626433e-09, 5.945741555283983e-10, 1.7780353774088814e-10, 4.6705291495182783e-11, 1.0833642638923141e-11, 2.2238027761788126e-12]","[-1.4604228668795557e-16, -3.0560429939262545e-08, -7.957752195142282e-06, -4.136617836417606e-05, -4.810204770138188e-05, -2.904051116104105e-05, -1.2562901413643021e-05, -4.422547639501856e-06, -1.3330702821705973e-06, -3.5117679909372635e-07, -8.152280768145095e-08, -1.671305722915975e-08]","[-3.76995203322548e-17, 7.083355189212963e-15, 2.917321170792204e-12, 2.383176885626971e-11, 4.357382308733426e-11, 4.136967917832578e-11, 2.8139270882689263e-11, 1.5573161843812914e-11, 7.379248795907237e-12, 3.0559065064481807e-12, 1.1152304090502163e-12, 3.598692288302661e-13]","[-9.709303004548856e-14, -7.449211675023213e-14, 6.4718714893364545e-12, 3.411759195426259e-11, 3.975648822457479e-11, 2.4032085511332544e-11, 1.0405308203080277e-11, 3.665405471248858e-12, 1.1054768149020027e-12, 2.9138392391522514e-13, 6.76825146589584e-14, 1.3900879546345394e-14]","[14.47199012923039, 35.72380950223172, 88.18387614306151, 217.72763087364405, 537.8720155539426, 1328.9522689647135, 3282.986551399424, 8108.961683736937, 20027.873655841002, 49465.767680233694, 122177.36420357293, 302140.44315482356]",1235.58986097166,0.14495094781742318
conditioned_5C_min,3500.3527804361,1513.9880202231911,0.8003734632054176,1.5386835195690875e-07,0.9999999999692761,7.317370288051301e-19,0.0006263953526075362,13.333621329748954,0.008352118434383462,0.008282938352280517,0.0007339739504408368,1.1815295197995854,430867903135135.44,13128105.775550948,32820264.438877374,5.584048024631355e-05,0.011815295197995854,1.2187592234210595e-07,1.4795740715092798e-10,1.9886979971631789e-10,8.267305217385069e-08,0.7439797305273551,0.7439913318260741,6047919.931014098,1.3879570535099577e-07,1.9508996394350545e-10,1.5078760214473148e-10,0.00014763642393434318,4.759611176270139e-13,250000000.0,53349.048650793324,36909.105983585796,16439.942667207528,0.6918418775409023,True,3.2319383653919526e-08,6.364806837480235e-08,0.7068902796461222,0.20114656873887923,6.863249950204933e-08,4.344157158199672e-08,"[4.166666666666667e-09, 5.222712798846205e-09, 6.5464149550156744e-09, 8.205610841308463e-09, 1.0285331703180699e-08, 1.2892160046379322e-08, 1.6159691826959763e-08, 2.0255383039217577e-08, 2.5389131578668973e-08, 3.1824034187401174e-08, 3.988986975875026e-08, 5.0000000000000004e-08]","[1.809292669026138e-19, 1.089082185257312e-07, 0.00030601923744696344, 0.006524298913529249, 0.02275416618715599, 0.03665046279139849, 0.040392491045620704, 0.035561007142314346, 0.02660756153539781, 0.017347235658275725, 0.009954669507731315, 0.005048547811790127]","[6.604370172050982e-10, 2.0566521844292367e-09, 6.065331769568068e-09, 1.298739048147394e-08, 1.6192361803379853e-08, 1.3523472711234348e-08, 8.770440121075533e-09, 4.764331494941619e-09, 2.2408507798470484e-09, 9.252165701473629e-10, 3.37243844472207e-10, 1.0877072427503319e-10]","[1.0328405107295656e-09, 2.6298311085888013e-09, 7.002837122007726e-09, 1.2298429221381201e-08, 1.0801270963567975e-08, 5.962377405699894e-09, 2.497257403039616e-09, 8.684330087045896e-10, 2.605784540127849e-10, 6.85424979545636e-11, 1.590778688601122e-11, 3.266099423993922e-12]","[-1.5150328414642045e-20, -3.694403891323895e-09, -4.205354454483723e-06, -3.6317120108306443e-05, -5.128229807097291e-05, -3.3436429235610376e-05, -1.4918420825202102e-05, -5.317857009514489e-06, -1.6111517109866654e-06, -4.253380011959313e-07, -9.883082889396755e-08, -2.0275162510804152e-08]","[-5.642961711463106e-17, 8.477184154330481e-16, 1.643319945131948e-12, 2.230044427997822e-11, 4.950247676985171e-11, 5.074940010078747e-11, 3.5598965925886255e-11, 1.9947848002279204e-11, 9.499752939341339e-12, 3.9420556016459615e-12, 1.4398078694903128e-12, 4.647607019375437e-13]","[-1.1081577782388714e-13, -1.1052269261408088e-13, 4.167783933153773e-12, 3.697362554445894e-11, 5.233107672287399e-11, 3.4160075826743124e-11, 1.52533567947744e-11, 5.440385490414334e-12, 1.6490700807075266e-12, 4.3554992738359763e-13, 1.012526142221417e-13, 2.080256281060355e-14]","[11.942266989259096, 29.479239879942792, 72.7689522391359, 179.648025341002, 443.7041053750169, 1096.1237078618763, 2707.55809337303, 6687.0935188159565, 16514.62202718539, 40784.589219632755, 100724.33489768018, 249001.59538054877]",1240.838020223191,0.15386835195690876
conditioned_5C_min,3561.091024389167,1519.0736480756195,0.8093981686330243,1.6333435614202545e-07,0.9999999999627575,7.317370288051301e-19,0.0007042816433777387,13.626045555619983,0.009596573756651974,0.009505354917106804,0.0007764518521103097,1.1130542544393904,382373386828897.25,12367269.493771004,30918173.73442751,4.9555590933025084e-05,0.011130542544393903,1.2937374743922807e-07,1.6160006494715983e-10,2.0866367998386154e-10,8.883821940256009e-08,0.7744441085357195,0.7744522906892963,5628208.257240141,1.1129412807682562e-07,2.2317478260494993e-10,1.8727041045531912e-10,0.00014915207838669847,5.834283258765482e-13,250000000.0,50819.28920411178,37288.019596674625,13531.269607437156,0.7337375272391188,True,3.2319383653919526e-08,6.364806837480235e-08,0.6938176121593267,0.19209429837960787,8.124930079774673e-08,5.350473603567156e-08,"[4.166666666666667e-09, 5.222712798846205e-09, 6.5464149550156744e-09, 8.205610841308463e-09, 1.0285331703180699e-08, 1.2892160046379322e-08, 1.6159691826959763e-08, 2.0255383039217577e-08, 2.5389131578668973e-08, 3.1824034187401174e-08, 3.988986975875026e-08, 5.0000000000000004e-08]","[1.3752287750341217e-26, 6.592570662629491e-09, 0.00011444102437772282, 0.00446539378166727, 0.019571900881192254, 0.03449776220008198, 0.03941754521570271, 0.03521135771556819, 0.026501364995146687, 0.017319171306812778, 0.009948145626809145, 0.005047209039678482]","[6.604329382046487e-10, 2.0566728177911186e-09, 6.1416716025007035e-09, 1.427989623252841e-08, 1.933562541465696e-08, 1.6867880073657496e-08, 1.1152036929368358e-08, 6.107026009906953e-09, 2.8818637595587145e-09, 1.1914802498410152e-09, 4.345341907612533e-10, 1.4018057897110173e-10]","[1.0256958935602858e-09, 2.6225592197390294e-09, 7.205420927937264e-09, 1.4578905550074401e-08, 1.4348220366381312e-08, 8.36808363449815e-09, 3.588263874521635e-09, 1.2600129143797714e-09, 3.795751424760112e-10, 1.0000412629443889e-10, 2.3224747290862548e-11, 4.7696385183890835e-12]","[-1.3849182247824505e-27, -2.6895180939742155e-10, -1.8913499332321819e-06, -2.989510132004663e-05, -5.30617953002902e-05, -3.786510778205935e-05, -1.7517101901347574e-05, -6.336229358301245e-06, -1.9311684885413975e-06, -5.110807222827478e-07, -1.1887988960083077e-07, -2.44051838469642e-08]","[-8.344338436963411e-17, -3.4741954617299864e-17, 7.791021809547383e-13, 1.9352004856855148e-11, 5.398667735331087e-11, 6.056616932916623e-11, 4.404677237431837e-11, 2.5043357450027493e-11, 1.1996740558819181e-11, 4.9900783544712734e-12, 1.8243477334907468e-12, 5.891176148496447e-13]","[-1.2627141803988338e-13, -1.3043603573039797e-13, 2.2273911327860767e-12, 3.738961749361593e-11, 6.65530415855907e-11, 4.7544893142758234e-11, 2.2010862963282746e-11, 7.965702288978135e-12, 2.4287849268495315e-12, 6.430162996561926e-13, 1.4962663519339668e-13, 3.075311450190634e-14]","[9.930035943098005, 24.512088903212614, 60.507588980190086, 149.36874552998856, 368.85108712266305, 911.0699591465884, 2250.2321124632126, 5557.146959877162, 13722.968841089078, 33887.34998545143, 83682.32558267469, 206808.89237826056]",1245.9236480756194,0.16333435614202546
conditioned_5C_min,3630.0308013530066,1524.8409182328724,0.8197171747630627,1.7511653743350226e-07,0.999999999953551,7.317370288051301e-19,0.0008036286104723591,14.031206456221444,0.011275878947664034,0.011150151192568479,0.0008249964189805614,1.038165798984209,332650687092753.4,11535175.544268988,28837938.86067247,4.3111529047220835e-05,0.01038165798984209,1.387061682641602e-07,1.780149703426719e-10,2.1973503735079864e-10,9.675345439090029e-08,0.8101293709175584,0.8101346625867306,5167774.14457902,8.198192239914986e-08,2.550280432412877e-10,2.3761349376127607e-10,0.0001499374756892541,7.365353575200225e-13,250000000.0,47733.790222862284,37484.36892231352,10249.421300548762,0.785279541961875,True,4.0510766078435154e-08,6.364806837480235e-08,0.6774552681147976,0.18174301815259936,9.76438868107391e-08,6.785821401047962e-08,"[4.166666666666667e-09, 5.222712798846205e-09, 6.5464149550156744e-09, 8.205610841308463e-09, 1.0285331703180699e-08, 1.2892160046379322e-08, 1.6159691826959763e-08, 2.0255383039217577e-08, 2.5389131578668973e-08, 3.1824034187401174e-08, 3.988986975875026e-08, 5.0000000000000004e-08]","[0.0, 1.1078900738870249e-10, 2.8774179943333433e-05, 0.0026367478649973364, 0.015887130449072723, 0.03172771165837897, 0.03810860668434774, 0.03473379414303262, 0.02635529968347992, 0.017280459278555264, 0.009939135470834274, 0.00504535862916815]","[6.604259042423641e-10, 2.0566656595341763e-09, 6.1775585374032485e-09, 1.5487673183119647e-08, 2.3165145716330184e-08, 2.1395630000171004e-08, 1.451587367294242e-08, 8.036202687745308e-09, 3.809260671488741e-09, 1.5777819545706077e-09, 5.758454371107755e-10, 1.858233860806209e-10]","[1.0163686175922436e-09, 2.6128855388879364e-09, 7.311086463279592e-09, 1.7096068764769503e-08, 1.9467508136597468e-08, 1.2229756832695293e-08, 5.4159723374052626e-09, 1.9274108169976268e-09, 5.838082419528308e-10, 1.5415400848461924e-10, 3.583265511256192e-11, 7.361596704680337e-12]","[0.0, -5.563017690921483e-12, -5.853117556779301e-07, -2.1727865558122857e-05, -5.302414579279979e-05, -4.287868331139597e-05, -2.0854607470176067e-05, -7.69745282328775e-06, -2.3654005499087554e-06, -6.281197001018932e-07, -1.4631315361950255e-07, -3.0062651804115284e-08]","[-1.296547586822013e-16, -1.6203962000240507e-16, 2.5246367447926443e-13, 1.473621881785537e-11, 5.651362485413227e-11, 7.183437955210828e-11, 5.491640143004807e-11, 3.185785385038844e-11, 1.5385708488693936e-11, 6.420813549166973e-12, 2.350545269001506e-12, 7.594466675982307e-13]","[-1.4674166748052426e-13, -1.5278717145109541e-13, 7.538760264334763e-13, 3.425068398853874e-11, 8.392674674303623e-11, 6.794107998109665e-11, 3.30647238157235e-11, 1.2209338674208252e-11, 3.753089748746014e-12, 9.968984813610699e-13, 2.322824533054228e-13, 4.776733023831438e-14]","[Infinity, 19.915271448714538, 49.16043401521313, 121.3532851601984, 299.62067679796655, 739.9413696536391, 1827.3471096900969, 4512.3750597015105, 11142.002856343535, 27511.41108255646, 67930.56690365434, 167828.1298018257]",1251.6909182328723,0.17511653743350225
conditioned_5C_min,3697.3786288501947,1530.4697416741533,0.8298137413595754,1.8774863052102834e-07,0.999999999942226,7.317370288051301e-19,0.0009132132139777157,14.498404066035688,0.013240134174692032,0.013067123703579344,0.0008727229465300449,0.96831598449203,289393779574928.94,10759066.494355893,26897666.235889725,3.7505433832910786e-05,0.0096831598449203,1.487117865513096e-07,1.9481766654428827e-10,2.305173459689837e-10,1.0556229702435604e-07,0.8451290518548343,0.8451323509967061,4736539.598836473,5.5546539757820615e-08,2.8448623743289457e-10,2.9628180198519985e-10,0.0001497726527677709,9.255914819385339e-13,250000000.0,44570.04912963885,37443.163191942724,7126.885937696126,0.8400969692232898,True,4.0510766078435154e-08,6.364806837480235e-08,0.6597799959908209,0.1716151474417164,1.1573612618465797e-07,8.549984305016777e-08,"[4.166666666666667e-09, 5.222712798846205e-09, 6.5464149550156744e-09, 8.205610841308463e-09, 1.0285331703180699e-08, 1.2892160046379322e-08, 1.6159691826959763e-08, 2.0255383039217577e-08, 2.5389131578668973e-08, 3.1824034187401174e-08, 3.988986975875026e-08, 5.0000000000000004e-08]","[0.0, 5.617166415771748e-13, 5.311942141830213e-06, 0.0013959242589299974, 0.01236469907453983, 0.0286962087645454, 0.03659629037825004, 0.034169806872090994, 0.026181258414453807, 0.017234163724139936, 0.009928343647790744, 0.005043140364272103]","[6.604153192055521e-10, 2.056652336187045e-09, 6.1877784240223526e-09, 1.634034470162957e-08, 2.697250306051248e-08, 2.6547711717451787e-08, 1.8556210394398288e-08, 1.0404419620248104e-08, 4.95778964586571e-09, 2.057903976192278e-09, 7.517304194074522e-10, 2.4266656953736297e-10]","[1.0057993250394656e-09, 2.601851258336127e-09, 7.338470666303241e-09, 1.923404548480091e-08, 2.5609245224752645e-08, 1.7535471308500288e-08, 8.067216078422709e-09, 2.916942912081329e-09, 8.893088799544599e-10, 2.3544414936379496e-10, 5.47871714874892e-11, 1.1260591125302421e-11]","[0.0, -3.4501144037075807e-14, -1.321721844694399e-07, -1.4070762740618923e-05, -5.048549230168869e-05, -4.7451708247699797e-05, -2.4507260622362244e-05, -9.26738515148085e-06, -2.8759646855059635e-06, -7.667789306940247e-07, -1.789136796547149e-07, -3.679495572044121e-08]","[-1.9800274520243395e-16, -2.4978619213008755e-16, 5.849437350962577e-14, 9.834404586665386e-12, 5.5445674737533844e-11, 8.190211527386284e-11, 6.648033327303634e-11, 3.950790260241657e-11, 1.9267139093078093e-11, 8.072390680065984e-12, 2.959879239688802e-12, 9.569372887602228e-13]","[-1.7013403569368176e-13, -1.7825001451845103e-13, 5.771634749233272e-14, 2.7608266600344136e-11, 9.972683202996633e-11, 9.383856324079012e-11, 4.8490874325520644e-11, 1.8342941435063323e-11, 5.693770888407046e-12, 1.5183611801084058e-12, 3.5435136719956963e-13, 7.291713858154805e-14]","[Infinity, 16.281101895448447, 40.18956154166015, 99.2074335032527, 244.91588594702569, 604.7455365516042, 1493.283600406031, 3687.1033537039248, 9103.470062202026, 22476.052789480014, 55492.36741959269, 137060.6450130994]",1257.3197416741532,0.18774863052102833
conditioned_5C_min,3763.6045349852916,1535.9995989107906,0.8396987867653948,2.0129194409127162e-07,0.999999999928268,7.317370288051301e-19,0.0010344670450868787,15.020864742034826,0.015538589564342448,0.015300836151394673,0.0009199983805385004,0.9031658013972311,251761871856019.44,10035175.571080348,25087938.927700866,3.262833859254012e-05,0.00903165801397231,1.594391636366508e-07,2.1180952533990345e-10,2.411270338372651e-10,1.1541389769606256e-07,0.8784127083911009,0.8784146761530364,4332233.898873497,3.188803466128397e-08,3.1033146992629576e-10,3.6263818676995525e-10,0.0001487646504216078,1.1576736416836729e-12,250000000.0,41382.22014167059,37191.16260540195,4191.057536268636,0.8987232313317001,True,4.0510766078435154e-08,6.364806837480235e-08,0.640641073071466,0.16170074931425388,1.3536929572776093e-07,1.0693616577854897e-07,"[4.166666666666667e-09, 5.222712798846205e-09, 6.5464149550156744e-09, 8.205610841308463e-09, 1.0285331703180699e-08, 1.2892160046379322e-08, 1.6159691826959763e-08, 2.0255383039217577e-08, 2.5389131578668973e-08, 3.1824034187401174e-08, 3.988986975875026e-08, 5.0000000000000004e-08]","[0.0, 4.753639557368448e-16, 6.629617385666211e-07, 0.0006464216423959224, 0.009144453933620861, 0.025435334509392466, 0.03486015043367778, 0.03350511807631767, 0.02597394353340369, 0.01717877624221908, 0.009915408922329085, 0.005040479059158265]","[6.603995643689822e-10, 2.0566324602661296e-09, 6.189833064923266e-09, 1.686769741470956e-08, 3.053482561305917e-08, 3.221781624088383e-08, 2.330093314468861e-08, 1.3259177823673488e-08, 6.3569858160937e-09, 2.645319244264773e-09, 9.672934205080699e-10, 3.12381920321344e-10]","[9.937725803962676e-10, 2.5892124549486613e-09, 7.333786388486829e-09, 2.0827948376538524e-08, 3.257173078151004e-08, 2.4615703427445226e-08, 1.1843346355984302e-08, 4.363791543826264e-09, 1.340759757594089e-09, 3.5608649631739437e-10, 8.296640116117121e-11, 1.706121434021022e-11]","[0.0, -3.5539151787530147e-17, -2.007889468447543e-08, -7.93117545692005e-06, -4.545001882033876e-05, -5.120567464600913e-05, -2.8424687724616158e-05, -1.1065658825895967e-05, -3.474706828663929e-06, -9.308797373317555e-07, -2.176378154256242e-07, -4.480463912263292e-08]","[-2.970256588777662e-16, -3.7472642521920934e-16, 8.605320170470854e-15, 5.6235116432230024e-12, 5.063729439696494e-11, 8.964742185997485e-11, 7.820154698123985e-11, 4.783905900912481e-11, 2.3604491798411444e-11, 9.936518290781686e-12, 3.650378351369017e-12, 1.1810935476246854e-12]","[-1.9676692078753557e-13, -2.0762286659815897e-13, -1.8927378517916354e-13, 1.9055143812234807e-11, 1.1059759457964995e-10, 1.2476481500488593e-10, 6.929061496999304e-11, 2.6981542068331163e-11, 8.473814486886577e-12, 2.2704378303962926e-12, 5.308854460316767e-13, 1.0932850242703237e-13]","[Infinity, 13.375782252170655, 33.01784032361148, 81.5038887876212, 201.19802303643365, 496.7288232257447, 1226.40398977852, 3027.84665635169, 7475.146771847516, 18454.345446877796, 45559.219122549905, 112499.04380129429]",1262.8495989107905,0.20129194409127163
conditioned_5C_min,3829.156699493347,1541.4680720990373,0.849388743775855,2.1581220935460006e-07,0.9999999999110365,7.317370288051301e-19,0.0011691711020481949,15.591736233564305,0.01822940743504115,0.01790304552385864,0.0009672739215517767,0.8423990493572364,219023505666041.94,9359989.437302629,23399973.59325657,2.8385446334319032e-05,0.008423990493572365,1.7094036384522778e-07,2.2877863549941162e-10,2.517005489531832e-10,1.2650140838643705e-07,0.9089306983668015,0.908931809846648,3952525.164562578,1.0827807875291792e-08,3.316775643043841e-10,4.3514900838495263e-10,0.000147010459129167,1.4406758253518338e-12,250000000.0,38207.44529083176,36752.61478229175,1454.8305085400134,0.9619228530600261,True,4.0510766078435154e-08,6.364806837480235e-08,0.6198519925352152,0.15198402054894986,1.5635894083030182e-07,1.3265906344942648e-07,"[4.166666666666667e-09, 5.222712798846205e-09, 6.5464149550156744e-09, 8.205610841308463e-09, 1.0285331703180699e-08, 1.2892160046379322e-08, 1.6159691826959763e-08, 2.0255383039217577e-08, 2.5389131578668973e-08, 3.1824034187401174e-08, 3.988986975875026e-08, 5.0000000000000004e-08]","[0.0, 1.8279331960552376e-20, 4.9833757645671484e-08, 0.00025353516074530627, 0.0063533618136684756, 0.02199709890287181, 0.0328805999426381, 0.032722952317098306, 0.02572684870807993, 0.017112415602312178, 0.009899878103887986, 0.005037280163890118]","[6.603763851764007e-10, 2.056603217224369e-09, 6.190074384499153e-09, 1.7146562588963542e-08, 3.364803110735666e-08, 3.824396796148375e-08, 2.87528531149664e-08, 1.6644099980083028e-08, 8.037216865367259e-09, 3.354350858453126e-09, 1.228027312341874e-09, 3.9677705438624554e-10]","[9.800325605054847e-10, 2.5746632989404347e-09, 7.318641510537501e-09, 2.1839790299075427e-08, 3.9951930007260135e-08, 3.375156361942707e-08, 1.7112804732606555e-08, 6.447467893192206e-09, 1.9992469906493626e-09, 5.329646004770117e-10, 1.2436725722002567e-10, 2.5590679535295487e-11]","[0.0, -1.6570467896853567e-21, -1.8300738474631422e-09, -3.771844049324085e-06, -3.8290110124251204e-05, -5.3703118516135874e-05, -3.251731603651105e-05, -1.3109075018684034e-05, -4.1750010374697205e-06, -1.1249550475339284e-06, -2.636386090724869e-07, -5.4337439507780744e-08]","[-4.373694970416498e-16, -5.517952065492305e-16, 1.532665917591848e-16, 2.674228840992902e-12, 4.2664402963086496e-11, 9.401941675003187e-11, 8.944951172301488e-11, 5.665995248486912e-11, 2.8352779421333527e-11, 1.2003437330034806e-11, 4.419869019374039e-12, 1.431399601747578e-12]","[-2.269531858742315e-13, -2.414523560538865e-13, -2.7258905080794665e-13, 1.0827520126151607e-11, 1.1308028119190352e-10, 1.5886999796689166e-10, 9.62366758927316e-11, 3.880367605738887e-11, 1.2359346533645026e-11, 3.3304101864345436e-12, 7.805298313628133e-13, 1.608893658272386e-13]","[Infinity, 11.03127085748936, 27.23046270222991, 67.21782699121397, 165.92696633809226, 409.6056152914559, 1011.1720138808244, 2496.2060458467977, 6162.117919777048, 15211.643913972546, 37550.94194555561, 92703.67189769431]",1268.3180720990372,0.21581220935460008
conditioned_5C_min,3894.469497431128,1546.9113270949615,0.8588475648938205,2.313798990653859e-07,0.9999999998898086,7.321823640714592e-19,0.0012923059655270525,16.35527418184973,0.02113601839303499,0.0206985338018894,0.0009943721773076743,0.7857208026036218,190542339396320.88,8730231.140040243,21825577.850100603,2.4694287185763185e-05,0.007857208026036218,1.8327120718050368e-07,2.4544622553792377e-10,2.623938871700153e-10,1.3903813553410045e-07,0.9354107806194928,0.935411370230929,3596135.679461626,0.0,3.4801638017456774e-10,5.107364969899862e-10,0.0001416729269995076,1.7635123173424413e-12,247683425.70718437,35090.03587968228,35090.03588920189,0.0,1.0000000002712912,False,4.0510766078435154e-08,7.977973951750052e-08,0.5972575950566744,0.14247440803059974,1.7850719906955046e-07,1.630907516915851e-07,"[4.166666666666667e-09, 5.222712798846205e-09, 6.5464149550156744e-09, 8.205610841308463e-09, 1.0285331703180699e-08, 1.2892160046379322e-08, 1.6159691826959763e-08, 2.0255383039217577e-08, 2.5389131578668973e-08, 3.1824034187401174e-08, 3.988986975875026e-08, 5.0000000000000004e-08]","[0.0, 1.258650996108919e-28, 1.931127614535497e-09, 8.1005154901518e-05, 0.004091788597874202, 0.018467133354008562, 0.030647495283411753, 0.03180649797615568, 0.02543285098863813, 0.01703296352932136, 0.009881235536603772, 0.005033435678557159]","[6.603427053709676e-10, 2.0565607254718904e-09, 6.19004416558022e-09, 1.7268662646761644e-08, 3.616394233358639e-08, 4.441416193683369e-08, 3.488581916570238e-08, 2.0598666063122216e-08, 1.0030431936403673e-08, 4.200672052527961e-09, 1.5400268941717422e-09, 4.978684440176619e-10]","[9.643048926566894e-10, 2.55786229838522e-09, 7.2994124143830956e-09, 2.236224547088335e-08, 4.7168845977043185e-08, 4.50851180684971e-08, 2.4297237008597767e-08, 9.398262166781828e-09, 2.9461635516397834e-09, 7.889004589418395e-10, 1.844232862623024e-10, 3.797609751295509e-11]","[0.0, -1.3518428782532875e-29, -8.40238148599607e-11, -1.4278238992118403e-06, -2.921768557981582e-05, -5.341987200968547e-05, -3.591445150964884e-05, -1.5099454191129314e-05, -4.891161212914578e-06, -1.3270255968352355e-06, -3.1186989709186374e-07, -6.435782715623886e-08]","[-6.311372852745561e-16, -7.962811711257089e-16, -9.327184932952021e-16, 1.0191638905191605e-12, 3.280082744163611e-11, 9.422508019312692e-11, 9.952879291296058e-11, 6.574386656240385e-11, 3.345952764324018e-11, 1.4262651077642515e-11, 5.266311480765892e-12, 1.7074384239265083e-12]","[-2.5804654119819685e-13, -2.7717005393212845e-13, -3.200725322843038e-13, 4.749570517126138e-12, 1.0498950963973228e-10, 1.924463055302584e-10, 1.2944224120620105e-10, 5.4428674957597614e-11, 1.7631903423773486e-11, 4.783802425409589e-12, 1.124263359379539e-12, 2.3200274058022167e-13]","[Infinity, 9.310630816321039, 22.98309851503451, 56.733295293791414, 140.04492541671044, 345.69782104046067, 853.3471623582486, 2106.466735389779, 5199.757252221713, 12835.444598764725, 31683.838769771282, 78210.15564024083]",1273.7613270949614,0.2313798990653859
conditioned_5C_min,3960.052209483672,1552.370584121868,0.8678071179411859,2.4807056955495187e-07,0.9999999998640793,7.331708280595359e-19,0.0013921794459579038,17.36099573663998,0.024169621425912974,0.023599236806362712,0.000996186519435639,0.7328559785473793,165764779411307.7,8142844.206081993,20357110.51520498,2.1483115411705475e-05,0.007328559785473793,1.9649154024154607e-07,2.6114747665846533e-10,2.7341665284665723e-10,1.5285065157456675e-07,0.9551261425364961,0.9551264487350998,3271166.9518535202,4.17777994632071e-17,3.600879066664041e-10,5.845310184769117e-10,0.00013293427262248424,2.1191510790118774e-12,242597031.30404058,32249.45990261039,32249.459896776672,5.833717295899987e-06,0.9999999998191065,False,4.0510766078435154e-08,7.977973951750052e-08,0.5734240943184028,0.13344275531685273,2.016654816751324e-07,1.9852010546313153e-07,"[4.166666666666667e-09, 5.222712798846205e-09, 6.5464149550156744e-09, 8.205610841308463e-09, 1.0285331703180699e-08, 1.2892160046379322e-08, 1.6159691826959763e-08, 2.0255383039217577e-08, 2.5389131578668973e-08, 3.1824034187401174e-08, 3.988986975875026e-08, 5.0000000000000004e-08]","[0.0, 0.0, 3.63238554291893e-11, 2.1003605531104976e-05, 0.0024428469946025655, 0.01505329701593781, 0.028232329752326753, 0.030769813706196417, 0.025094199929990787, 0.016940769772537313, 0.009859538714812648, 0.005028955788593468]","[6.602945540916574e-10, 2.056499973762802e-09, 6.189970954160888e-09, 1.7311812076092443e-08, 3.8033399081178816e-08, 5.049878765068064e-08, 4.165059722430338e-08, 2.5161213879481196e-08, 1.2372196347793367e-08, 5.2023125197361005e-09, 1.9103844341295535e-09, 6.180129797215881e-10]","[9.465565924124632e-10, 2.5387089568045493e-09, 7.277238314693851e-09, 2.256651612202093e-08, 5.3602764635722835e-08, 5.851420551483031e-08, 3.382158208177317e-08, 1.3490338377448516e-08, 4.283407265452491e-09, 1.153002357513681e-09, 2.7011544605521587e-10, 5.5669798403555474e-11]","[0.0, 0.0, -1.8179174788501093e-12, -4.258401943448756e-07, -2.0064100828151106e-05, -5.0087090751690895e-05, -3.805500624466368e-05, -1.6802004839317782e-05, -5.551126866368319e-06, -1.5181445708777879e-06, -3.5793961739091934e-07, -7.396150334440572e-08]","[-8.854051874407443e-16, -1.1171294760100445e-15, -1.3613324567613875e-15, 3.096539609326695e-13, 2.3035495069033756e-11, 9.03525652195121e-11, 1.0785576402285561e-10, 7.481822140678894e-11, 3.8836609732888594e-11, 1.6687312796566873e-11, 6.18151778191433e-12, 2.006788412086424e-12]","[-2.88615245521916e-13, -3.134304379779567e-13, -3.6389685485274013e-13, 1.4151319084007016e-12, 8.778295657593383e-11, 2.2004145035519972e-10, 1.6728452140794517e-10, 7.38719102161646e-11, 2.440757620437826e-11, 6.675210759300516e-12, 1.5738483155733106e-12, 3.2520419335627633e-13]","[Infinity, Infinity, 19.981025460058447, 49.32274080754051, 121.75212911485714, 300.5424509593747, 741.8821474056563, 1831.317988564856, 4520.55961502606, 11158.864641423575, 27545.256897463445, 67994.23431370594]",1279.220584121868,0.24807056955495188
conditioned_5C_min,4026.367661108642,1557.8863855681425,0.8763125288777507,2.659652274371849e-07,0.9999999998328811,7.341269841120934e-19,0.0015031035014306093,18.412425715115866,0.027675781562221648,0.026930460032978783,0.0009997701517602596,0.6835480026912059,144209219747881.7,7594977.807680064,18987444.51920016,1.8689514879325465e-05,0.006835480026912058,2.106655266829187e-07,2.762889108522362e-10,2.8500475760559467e-10,1.680721066806042e-07,0.9694184361976705,0.9694185920734,2974913.624127857,6.73653366917732e-17,3.6864365024905313e-10,6.526050254709176e-10,0.00012484870558805353,2.5369324309399137e-12,237748970.82404244,29682.651271846447,29682.651262273605,9.572842827765271e-06,0.9999999996774936,False,4.0510766078435154e-08,7.977973951750052e-08,0.5483634119138885,0.1248769436463758,2.2575977641159357e-07,2.3903441473833624e-07,"[4.166666666666667e-09, 5.222712798846205e-09, 6.5464149550156744e-09, 8.205610841308463e-09, 1.0285331703180699e-08, 1.2892160046379322e-08, 1.6159691826959763e-08, 2.0255383039217577e-08, 2.5389131578668973e-08, 3.1824034187401174e-08, 3.988986975875026e-08, 5.0000000000000004e-08]","[0.0, 0.0, 2.7154474073488e-13, 4.2648582894907915e-06, 0.0013370244832213137, 0.011865813543908425, 0.02566305521967738, 0.02960778878193687, 0.0247065144977141, 0.01683432310300107, 0.009834400989089666, 0.0050237581692659525]","[6.602271550699931e-10, 2.0564149331604265e-09, 6.189867275145728e-09, 1.7323984288809785e-08, 3.931021774589135e-08, 5.628385088136487e-08, 4.897808086048622e-08, 3.036837729341678e-08, 1.5101738841803125e-08, 6.3798097623607e-09, 2.347269921944508e-09, 7.599374521400994e-10]","[9.265152173883132e-10, 2.516826172404102e-09, 7.2517758155245405e-09, 2.2612405025004374e-08, 5.8791052889021386e-08, 7.362409024692286e-08, 4.6033922087214604e-08, 1.9019178385820537e-08, 6.12870253062953e-09, 1.6597413108692656e-09, 3.897902369231601e-10, 8.041482061357275e-11]","[0.0, 0.0, -1.560729798985383e-14, -9.930280237698716e-08, -1.2611504496090033e-05, -4.53414916141263e-05, -3.972624815164652e-05, -1.8567196541358082e-05, -6.276585028189173e-06, -1.7325261864077698e-06, -4.10020224397272e-07, -8.485176624580627e-08]","[-1.2086368986563865e-15, -1.5250485540196341e-15, -1.8596148154763854e-15, 7.139524592825175e-14, 1.46646504747824e-11, 8.284505785965545e-11, 1.1404258591818492e-10, 8.374345850951421e-11, 4.4477661818550383e-11, 1.9289078131413977e-11, 7.172143997070949e-12, 2.3319275859687966e-12]","[-3.221625572212864e-13, -3.543294424734194e-13, -4.1350927171593445e-13, -3.5254762443722637e-15, 6.537027797832377e-11, 2.367228999183538e-10, 2.0758015826794652e-10, 9.703957495492728e-11, 3.2806305169247836e-11, 9.055745926144159e-12, 2.1431460092334657e-12, 4.435115634558414e-13]","[Infinity, Infinity, 17.398574750825475, 42.94801543767054, 106.01625552572524, 261.69879114015714, 645.9974554283132, 1594.6289315129548, 3936.2988610451534, 9716.634146757377, 23985.16074065906, 59206.28870249649]",1284.7363855681424,0.26596522743718487
conditioned_5C_min,4093.710698085084,1563.4849408158248,0.8844264384349696,2.8515072276658727e-07,0.9999999997950487,7.350624723910553e-19,0.0016264707761283203,19.50613458376429,0.03172615785571858,0.030750560712404958,0.001005076765908777,0.6375575633690891,125456681052200.62,7083972.926323212,17709932.31580803,1.62591858643652e-05,0.006375575633690891,2.2586195862699978e-07,2.9131725718740945e-10,2.973412900191525e-10,1.849657220073157e-07,0.9797402651076416,0.9797403420448098,2703203.5696874913,0.0,3.74225623799417e-10,7.116901393928552e-10,0.00011730290326298663,3.023666126594817e-12,233073539.83878496,27340.202891009998,27340.202896870855,0.0,1.0000000002143676,False,4.0510766078435154e-08,7.977973951750052e-08,0.5219232016311145,0.11670985676453405,2.507016519713049e-07,2.8445788047595224e-07,"[4.166666666666667e-09, 5.222712798846205e-09, 6.5464149550156744e-09, 8.205610841308463e-09, 1.0285331703180699e-08, 1.2892160046379322e-08, 1.6159691826959763e-08, 2.0255383039217577e-08, 2.5389131578668973e-08, 3.1824034187401174e-08, 3.988986975875026e-08, 5.0000000000000004e-08]","[0.0, 0.0, 5.61196896916601e-16, 6.40038054143119e-07, 0.0006589894416954315, 0.0089856248911678, 0.02295987153876258, 0.028308456194773873, 0.024262250223551288, 0.01671112544635307, 0.009805190399259906, 0.005017708590915376]","[6.601348278871579e-10, 2.056298431297071e-09, 6.189725212535499e-09, 1.7326511807670168e-08, 4.0100639021483254e-08, 6.156106847150761e-08, 5.676048521887414e-08, 3.624580705954499e-08, 1.825912726799293e-08, 7.755448599723025e-09, 2.859724360024325e-09, 9.266816927647825e-10]","[9.038346104277858e-10, 2.491723678281111e-09, 7.222405916200887e-09, 2.259507923018251e-08, 6.25139783129277e-08, 8.967115913005563e-08, 6.11400216218683e-08, 2.6287810252499052e-08, 8.61497774694623e-09, 2.34931204044062e-09, 5.532994432965426e-10, 1.1427849282587515e-10]","[0.0, 0.0, -3.700861100681687e-17, -1.7098731564998653e-08, -7.131932023268776e-06, -3.939560456713179e-05, -4.077930785752455e-05, -2.0368439344815173e-05, -7.072032155267306e-06, -1.973290712966398e-06, -4.6904513589855035e-07, -9.723863627123277e-08]","[-1.609348353680541e-15, -2.0308320751485487e-15, -2.476450730922012e-15, 9.91760223985252e-15, 8.336975841936161e-12, 7.237538912408457e-11, 1.1770770110759349e-10, 9.237157535909611e-11, 5.0389370828746515e-11, 2.2090164741210952e-11, 8.249632080352287e-12, 2.6870097265728134e-12]","[-3.5859338853725094e-13, -4.002491071574202e-13, -4.698919586239758e-13, -4.921186944257149e-13, 4.2600724812789516e-11, 2.3862277797684596e-10, 2.4729855838165495e-10, 1.235553102716871e-10, 4.2902960027227217e-11, 1.1971468795943472e-11, 2.845601790869962e-12, 5.89924357986525e-13]","[Infinity, Infinity, 15.163954594600437, 37.43190257769097, 92.39984895332711, 228.0869906655681, 563.0274947034455, 1389.819598622309, 3430.7324529740113, 8468.658640384343, 20904.577510384137, 51602.00495736305]",1290.3349408158247,0.28515072276658726
conditioned_5C_min,4162.270906248759,1569.1830772116678,0.8921877895652901,3.057201705569234e-07,0.9999999997492736,7.359851911262679e-19,0.001763808780515085,20.639829860652448,0.03640471313655623,0.035125962546408804,0.0010120208752865364,0.594661450269438,109142666801404.69,6607349.447438199,16518373.618595498,1.4144889617462047e-05,0.005946614502694379,2.4215459054013735e-07,3.0655647176093095e-10,3.1057552670188714e-10,2.0382578495536714e-07,0.9870592950150566,0.9870593314816658,2453075.30698085,0.0,3.7728038166544183e-10,7.591184250083642e-10,0.00011020949511748721,3.5860379524968535e-12,228526937.7242952,25185.838419657564,25185.838427340015,0.0,1.0000000003050307,False,5.0778263157337946e-08,7.977973951750052e-08,0.4939946475649686,0.1088998060313007,2.763921530335753e-07,3.3436516564514633e-07,"[4.166666666666667e-09, 5.222712798846205e-09, 6.5464149550156744e-09, 8.205610841308463e-09, 1.0285331703180699e-08, 1.2892160046379322e-08, 1.6159691826959763e-08, 2.0255383039217577e-08, 2.5389131578668973e-08, 3.1824034187401174e-08, 3.988986975875026e-08, 5.0000000000000004e-08]","[0.0, 0.0, 1.7184867708961472e-19, 6.60330641857596e-08, 0.0002864143152585872, 0.0064879364143371025, 0.020158697235184094, 0.02686280730248187, 0.023753599797111998, 0.016568431265964294, 0.009771198284514102, 0.005010655383384486]","[6.600110065741051e-10, 2.0561421740723084e-09, 6.189534664624382e-09, 1.7326723074079964e-08, 4.053627257143304e-08, 6.615155724408126e-08, 6.484934943218825e-08, 4.2804649086123454e-08, 2.188488153481e-08, 9.353528844846868e-09, 3.4578365355974143e-09, 1.1216668651443365e-09]","[8.781792480792567e-10, 2.4628777957700513e-09, 7.188440212769862e-09, 2.255556234802446e-08, 6.484063362139508e-08, 1.05651765622931e-07, 7.912399940389884e-08, 3.5579507539435636e-08, 1.188563929598834e-08, 3.2669976443319252e-09, 7.719207273972375e-10, 1.5964218512459805e-10]","[0.0, 0.0, -1.2993529708360038e-20, -2.0226138400642244e-09, -3.553995595316109e-06, -3.2613656710311606e-05, -4.1051240431221045e-05, -2.2160848825163113e-05, -7.938455424963705e-06, -2.243159676069907e-06, -5.359198685209768e-07, -1.1133235230246884e-07]","[-2.0944399185249537e-15, -2.643262688668071e-15, -3.2234106769555936e-15, -2.1499904296404632e-15, 4.1527364364748355e-12, 5.992072089207501e-11, 1.1850356113449294e-10, 1.0050966986689604e-10, 5.6568124115771275e-11, 2.5113612931400687e-11, 9.42672745400959e-12, 3.0767550554322533e-12]","[-3.976812722308384e-13, -4.515561357409963e-13, -5.33819282776065e-13, -6.650635503418736e-13, 2.3687450836090975e-11, 2.2411158169686127e-10, 2.8259125461840614e-10, 1.5260876696046562e-10, 5.467377189809979e-11, 1.5449704706441556e-11, 3.691172542899411e-12, 7.668040376923742e-13]","[Infinity, Infinity, 13.22571163854324, 32.647390657458786, 80.58938385744179, 198.9331178642652, 491.0618296409049, 1212.1741145573717, 2992.2193330474743, 7386.202347838543, 18232.57329772173, 45006.28325692327]",1296.0330772116677,0.3057201705569234
conditioned_5C_min,4232.167613609718,1574.9914572372677,0.8996202537398156,3.2777340270626225e-07,0.9999999996940939,7.369009077012038e-19,0.0019167791507103342,21.81221317433467,0.041809195443413966,0.04013133655018199,0.0010204720201008367,0.5546514711046341,94950078518066.28,6162794.123384823,15406985.30846206,1.2305530175941389e-05,0.005546514711046341,2.59622497193079e-07,3.222681592248616e-10,3.24836088871301e-10,2.2499251551890188e-07,0.9920946745871929,0.9920946910321383,2222296.145482201,0.0,3.781403414653783e-10,7.927735444606444e-10,0.00010349830026900307,4.230983367853774e-12,224077979.79277033,23191.690032098555,23191.690036263746,0.0,1.0000000001795983,False,5.0778263157337946e-08,7.977973951750052e-08,0.46451269197016265,0.10142129648154691,3.0272485804281465e-07,3.880997986947408e-07,"[4.166666666666667e-09, 5.222712798846205e-09, 6.5464149550156744e-09, 8.205610841308463e-09, 1.0285331703180699e-08, 1.2892160046379322e-08, 1.6159691826959763e-08, 2.0255383039217577e-08, 2.5389131578668973e-08, 3.1824034187401174e-08, 3.988986975875026e-08, 5.0000000000000004e-08]","[0.0, 0.0, 2.0318666905191035e-24, 4.266894352495736e-09, 0.00010705797905231668, 0.004427508980794701, 0.01731114712431073, 0.025265761100695238, 0.02317255746844116, 0.016403209959089816, 0.009731623926624869, 0.005002425675643732]","[6.598483134791569e-10, 2.0559368363167598e-09, 6.189284252603726e-09, 1.7326485032373723e-08, 4.0745497386659736e-08, 6.993187449707139e-08, 7.305744809548486e-08, 5.003722603147106e-08, 2.6019093966761206e-08, 1.1200509446926781e-08, 4.152895175609528e-09, 1.3487590080567126e-09]","[8.492324879232069e-10, 2.429727956833595e-09, 7.149115366870921e-09, 2.250590742643697e-08, 6.606810577875853e-08, 1.2046580143954489e-07, 9.968184849978893e-08, 4.712331830390567e-08, 1.608741323199899e-08, 4.461990631270546e-09, 1.0581676628562766e-09, 2.1916990855225977e-10]","[0.0, 0.0, -1.7610498856865973e-25, -1.4981624603326062e-10, -1.5227783775283816e-06, -2.551219679175392e-05, -4.040965686325642e-05, -2.389257014508178e-05, -8.87720049173462e-06, -2.5456759560616226e-06, -6.118328848719583e-07, -1.274098322612999e-07]","[-2.66918606028862e-15, -3.369108217378009e-15, -4.108810178091336e-15, -4.548634559966377e-15, 1.7689875996459955e-12, 4.6677777317891465e-11, 1.1616776260696953e-10, 1.0791475167274471e-10, 6.299535946095717e-11, 2.8382391413531932e-11, 1.0717433792783863e-11, 3.5064803784254608e-12]","[-4.3901843258560036e-13, -5.085681428003862e-13, -6.061047336716628e-13, -7.724022887434161e-13, 1.0742649357749384e-11, 1.9472933973068826e-10, 3.0928830630461114e-10, 1.8296036431063766e-10, 6.798828289981579e-11, 1.9497673417565434e-11, 4.686177430478884e-12, 9.758612390450901e-13]","[Infinity, Infinity, 11.537814499371324, 28.480852147025796, 70.30437300146214, 173.54479572789143, 428.3913417748262, 1057.4735554724793, 2610.3451746996875, 6443.5577199177305, 15905.689555509034, 39262.47752516031]",1301.8414572372676,0.32777340270626226
conditioned_5C_min,4293.195702897993,1580.062630608661,0.9057395884146974,3.4793807180375377e-07,0.9999999996380863,7.376826966672236e-19,0.0020617855370443122,22.847178758384132,0.04710598272630243,0.044986833714439026,0.0010288245034311134,0.5225067755808568,84263373619723.4,5805630.839787298,14514077.099468244,1.0920533221116154e-05,0.0052250677558085675,2.7559451231980497e-07,3.3628326883878203e-10,3.379634427120996e-10,2.452660938318294e-07,0.9950285257443661,0.9950285336785704,2038602.2062341522,4.114556969563379e-17,3.7732953049045503e-10,8.096182594649637e-10,9.801039367302405e-05,4.8549739336016106e-12,220328970.8405357,21594.52917586073,21594.52916965314,6.2075923779048026e-06,0.9999999997125386,False,5.0778263157337946e-08,7.977973951750052e-08,0.437995974198587,0.09526368112212757,3.2572063798145016e-07,4.365546855511175e-07,"[4.166666666666667e-09, 5.222712798846205e-09, 6.5464149550156744e-09, 8.205610841308463e-09, 1.0285331703180699e-08, 1.2892160046379322e-08, 1.6159691826959763e-08, 2.0255383039217577e-08, 2.5389131578668973e-08, 3.1824034187401174e-08, 3.988986975875026e-08, 5.0000000000000004e-08]","[0.0, 0.0, 1.7322983653953646e-31, 2.5583657588586314e-10, 3.991764828981608e-05, 0.0030268839572751985, 0.014882464770618763, 0.023775842186809455, 0.02261063573064158, 0.016241089407732567, 0.009692563625159877, 0.004994283539763755]","[6.596718006403427e-10, 2.055714022975347e-09, 6.1890125123559085e-09, 1.732617982528436e-08, 4.082323094039436e-08, 7.248830776792782e-08, 8.002173568902453e-08, 5.6749452600918425e-08, 2.999637678319841e-08, 1.3003356338338038e-08, 4.835339462071296e-09, 1.5722602383213918e-09]","[8.215860947372591e-10, 2.3974378913715443e-09, 7.110504204325846e-09, 2.2456592689009617e-08, 6.65377757088521e-08, 1.3149000907004558e-07, 1.1888739602448671e-07, 5.891840611669046e-08, 2.0537628469291883e-08, 5.746111301560395e-09, 1.367571782385774e-09, 2.836661983602896e-10]","[0.0, 0.0, -1.68848665606806e-32, -1.0102018123093585e-11, -6.3852968964998e-07, -1.9614744825241697e-05, -3.9069032907165086e-05, -2.528511141993679e-05, -9.741218941249901e-06, -2.834574611745802e-06, -6.8530610333394e-07, -1.4305199088018957e-07]","[-3.236312422343171e-15, -4.0855984039839805e-15, -4.98293008268272e-15, -5.6437094509148835e-15, 7.333512840386072e-13, 3.565032672211191e-11, 1.1157537236451987e-10, 1.1345390927973366e-10, 6.867248924820215e-11, 3.139574677783209e-11, 1.1925585364256515e-11, 3.911105484996717e-12]","[-4.757725064665436e-13, -5.621644471030269e-13, -6.753660505333952e-13, -8.647190736152839e-13, 4.234930490994376e-12, 1.6118816421274727e-10, 3.224110823623872e-10, 2.0879723399852357e-10, 8.045492520765493e-11, 2.3412827680799788e-11, 5.6605505818823544e-12, 1.181593074090816e-12]","[Infinity, Infinity, 10.259473234033889, 25.325293695624175, 62.514944781498826, 154.31676446690153, 380.9273909078355, 940.3099631217244, 2321.1300215104698, 5729.639057809013, 14143.40770935295, 34912.36653914604]",1306.912630608661,0.34793807180375375
conditioned_5C_min,4355.276336542507,1585.2213470152756,0.9116318815594125,3.6934327438094223e-07,0.9999999995728617,7.384617291239959e-19,0.0022211415039289036,23.90902344816064,0.05310532429911894,0.050427362841853,0.0010381593997322704,0.4922250183239852,74779465637051.72,5469166.870266503,13672917.175666254,9.691418746561901e-06,0.004922250183239852,2.9254912822252855e-07,3.509408459594747e-10,3.519951101561355e-10,2.677961570635543e-07,0.9970048860032508,0.9970048896526057,1867091.7666728813,3.7953852615781025e-17,3.7525688553275016e-10,8.152625297722792e-10,9.2743473189061e-05,5.5494525022337384e-12,216637890.03714395,20091.75035219642,20091.750346394605,5.8018158597406e-06,0.9999999997112339,False,5.0778263157337946e-08,7.977973951750052e-08,0.4103606816735819,0.08933368588807547,3.490293695025055e-07,4.865567896728111e-07,"[4.166666666666667e-09, 5.222712798846205e-09, 6.5464149550156744e-09, 8.205610841308463e-09, 1.0285331703180699e-08, 1.2892160046379322e-08, 1.6159691826959763e-08, 2.0255383039217577e-08, 2.5389131578668973e-08, 3.1824034187401174e-08, 3.988986975875026e-08, 5.0000000000000004e-08]","[0.0, 0.0, 0.0, 8.91558200585708e-12, 1.2722899958304578e-05, 0.001954780460150083, 0.012514338747514205, 0.022177190120906114, 0.021984109266353982, 0.01605750772263202, 0.009648054608727464, 0.00498498205291771]","[6.594553015481729e-10, 2.0554406871064673e-09, 6.188679131966346e-09, 1.7325801914567445e-08, 4.0854241259376084e-08, 7.443021421612764e-08, 8.67604942076031e-08, 6.389633121514121e-08, 3.4396896545245134e-08, 1.502918251455049e-08, 5.6070082255461666e-09, 1.825624283727277e-09]","[7.911671310561555e-10, 2.3611571847706293e-09, 7.066751889195133e-09, 2.2400482382251262e-08, 6.669982329139797e-08, 1.4051948164015673e-07, 1.3896086960645036e-07, 7.248648192183411e-08, 2.585726988068135e-08, 7.3050828878751285e-09, 1.7455621434811554e-09, 3.626597136611291e-10]","[0.0, 0.0, 0.0, -3.9620562034281036e-13, -2.2904862137203524e-07, -1.4256414025992337e-05, -3.697354730690567e-05, -2.6543665174608943e-05, -1.0659450166684243e-05, -3.1541058061881947e-06, -7.677344865988108e-07, -1.6069768807907617e-07]","[-3.87467987949386e-15, -4.8924440589326755e-15, -5.967457595841674e-15, -6.767630275776635e-15, 2.5611753458464213e-13, 2.5673333112702304e-11, 1.0462820056797676e-10, 1.180156155423717e-10, 7.446096785833325e-11, 3.461654343195681e-11, 1.3238254877259619e-11, 4.353513440006495e-12]","[-5.131835968482915e-13, -6.202321904558512e-13, -7.519676320855758e-13, -9.6651352321523e-13, 8.457848005144036e-13, 1.2431711799580603e-10, 3.245991572468937e-10, 2.332348845676755e-10, 9.368430603507619e-11, 2.7723058199159695e-11, 6.74817425747721e-12, 1.4124911100476952e-12]","[Infinity, Infinity, Infinity, 22.502411748079243, 55.5467213995549, 137.11585933083322, 338.46735460995006, 835.4984127105514, 2062.4055577523677, 5090.985752959843, 12566.915746445, 31020.8697617647]",1312.0713470152755,0.3693432743809422
conditioned_5C_min,4418.412398928241,1590.468061046004,0.9172995099482519,3.9206532824432436e-07,0.9999999994972149,7.392365073700422e-19,0.002396582138566007,24.99658888927253,0.059906378457108056,0.056520443385115755,0.0010484688396985215,0.46369823318502484,66362978845343.71,5152202.5909447195,12880506.4773618,8.600642058356545e-06,0.004636982331850248,3.1054679464896975e-07,3.6636062285183724e-10,3.6699242701647364e-10,2.928889956565178e-07,0.9982784256490237,0.9982784272422929,1707131.3959038914,4.5385573807397955e-17,3.7208679314144365e-10,8.104701558217504e-10,8.768297692703072e-05,6.318845250087261e-12,213010831.8167302,18677.423858427595,18677.423851393978,7.0336172939278185e-06,0.9999999996234161,False,5.0778263157337946e-08,7.977973951750052e-08,0.38167968811011543,0.08362863967310005,3.7257507400776527e-07,5.374409166116786e-07,"[4.166666666666667e-09, 5.222712798846205e-09, 6.5464149550156744e-09, 8.205610841308463e-09, 1.0285331703180699e-08, 1.2892160046379322e-08, 1.6159691826959763e-08, 2.0255383039217577e-08, 2.5389131578668973e-08, 3.1824034187401174e-08, 3.988986975875026e-08, 5.0000000000000004e-08]","[0.0, 0.0, 0.0, 1.5558854667963815e-13, 3.368347348892736e-06, 0.0011816017342439324, 0.010257509112943795, 0.020476873912809845, 0.021287775563678765, 0.015849819801843273, 0.009597338591905966, 0.004974352608169989]","[6.59192989382816e-10, 2.055109440623419e-09, 6.188275084778296e-09, 1.732534366833714e-08, 4.086448992576253e-08, 7.581664630412617e-08, 9.311828264888958e-08, 7.142144401968228e-08, 3.923859581357612e-08, 1.7297991046639332e-08, 6.477452604536495e-09, 2.112250461431133e-09]","[7.578709204249074e-10, 2.3204832889849003e-09, 7.017224889796037e-09, 2.2336711204565306e-08, 6.670633069533665e-08, 1.4738873027408424e-07, 1.5920516810434356e-07, 8.776119115568943e-08, 3.211554852525181e-08, 9.171972762241623e-09, 2.2014707972734945e-09, 4.582139936866721e-10]","[0.0, 0.0, 0.0, -7.787564354369224e-15, -6.829855723476935e-08, -9.70591572834508e-06, -3.413329433519494e-05, -2.7603941631161594e-05, -1.1625436640872445e-05, -3.506513288524356e-06, -8.60151843924094e-07, -1.806074080654631e-07]","[-4.586904285293795e-15, -5.7931197799265434e-15, -7.066715719543052e-15, -8.014935274315953e-15, 6.976251471791214e-14, 1.728036201649044e-11, 9.550815856392416e-11, 1.2135489044781658e-10, 8.029920593974538e-11, 3.805320076204418e-11, 1.4665712025860318e-11, 4.838093157563305e-12]","[-5.505572932892945e-13, -6.827949001715689e-13, -8.364950137075054e-13, -1.0797652099264131e-12, -6.770960086728376e-13, 8.853566552059421e-11, 3.1496734618390914e-10, 2.5501720147291626e-10, 1.0743179985564671e-10, 3.240705363205091e-11, 7.949728203479712e-12, 1.6692241288337174e-12]","[Infinity, Infinity, Infinity, 19.979102528038176, 49.31798686924505, 121.74036611436796, 300.5133056368147, 741.8097816035761, 1831.137721643563, 4520.1082949591055, 11157.725998844575, 27542.350900506703]",1317.318061046004,0.3920653282443244
conditioned_5C_min,4482.593386227918,1595.8020632682637,0.9227435242551295,4.161852462833457e-07,0.999999999409855,7.400048402116607e-19,0.002590098418455956,26.108655082892092,0.06762398623821086,0.06334063969140015,0.0010597408354050565,0.4368247111677466,58893774162588.055,4853607.9018638525,12134019.754659628,7.632633131471412e-06,0.004368247111677466,3.296516802244323e-07,3.8265286739485317e-10,3.8301297331553025e-10,3.2089093288430775e-07,0.9990598068536359,0.9990598075110619,1558161.819985943,0.0,3.679741766956412e-10,7.966639725515139e-10,8.281694538120702e-05,7.167558643785585e-12,209456761.46199006,17346.569169973434,17346.56917372214,0.0,1.0000000002161065,False,5.0778263157337946e-08,7.977973951750052e-08,0.35206935491369196,0.07814731576978973,3.9628317475037465e-07,5.885639053178911e-07,"[4.166666666666667e-09, 5.222712798846205e-09, 6.5464149550156744e-09, 8.205610841308463e-09, 1.0285331703180699e-08, 1.2892160046379322e-08, 1.6159691826959763e-08, 2.0255383039217577e-08, 2.5389131578668973e-08, 3.1824034187401174e-08, 3.988986975875026e-08, 5.0000000000000004e-08]","[0.0, 0.0, 0.0, 1.096660990477844e-15, 7.155266101441973e-07, 0.0006614490623814966, 0.008163693418220182, 0.018687417044093536, 0.020517035895136898, 0.015615220084144728, 0.009539578293141197, 0.004962206446060442]","[6.588786821213479e-10, 2.0547124332645925e-09, 6.187790773640868e-09, 1.732479436088298e-08, 4.086696067968461e-08, 7.673824212707338e-08, 9.894711003185833e-08, 7.924725827581089e-08, 4.453410975022165e-08, 1.9830389556752226e-08, 7.45703836013556e-09, 2.4358897189281844e-09]","[7.216479702612324e-10, 2.275009639574515e-09, 6.961239159975306e-09, 2.226429742300995e-08, 6.664333563512659e-08, 1.5219403057651606e-07, 1.7885615077406636e-07, 1.0458585242808321e-07, 3.9365723190157094e-08, 1.13791824256078e-08, 2.7449369767701186e-09, 5.724991187430224e-10]","[0.0, 0.0, 0.0, -6.184962238856146e-17, -1.6347866382915437e-08, -6.122128325203787e-06, -3.061001921898396e-05, -2.8385551376910777e-05, -1.2625082007401955e-05, -3.892600614113105e-06, -9.63372017971417e-07, -2.0300854161468764e-07]","[-5.3762887057373805e-15, -6.7920149132064975e-15, -8.286166554031954e-15, -9.398457464692574e-15, 9.316369390366067e-15, 1.0759003505307293e-11, 8.456777784001006e-11, 1.2321596513985764e-10, 8.610340043596421e-11, 4.1709968029441095e-11, 1.6218341958126294e-11, 5.369544543123781e-12]","[-5.8702069807958e-13, -7.497640959955085e-13, -9.295239491710028e-13, -1.2056897585973245e-12, -1.3071890916338584e-12, 5.7531566938825593e-11, 2.937876581585276e-10, 2.7288323018019634e-10, 1.2141504273796983e-10, 3.743932851690417e-11, 9.26613514367153e-12, 1.9526398251104306e-12]","[Infinity, Infinity, Infinity, 17.731086272252842, 43.76880709595035, 108.04233874981361, 266.70004222529724, 658.342577037068, 1625.1011980047317, 4011.513543806631, 9902.278782425912, 24443.338228983303]",1322.6520632682636,0.4161852462833457
conditioned_5C_min,4547.7988564286525,1601.2217684844377,0.9279641724442925,4.417890253126114e-07,0.9999999993094045,7.407646754785792e-19,0.0028038927097550834,27.24429617879937,0.07639008343814382,0.07096877295092033,0.0010719248690501193,0.4115086377968708,52265234253529.7,4572318.19774301,11430795.494357523,6.773574359257449e-06,0.004115086377968708,3.49931901237712e-07,3.999172507841648e-10,4.001115219886375e-10,3.5220221150588134e-07,0.9995144571053924,0.99951445736052,1419639.0132310416,1.6147995063241597e-17,3.6303941726554383e-10,7.754969002075592e-10,7.813305222081122e-05,8.100150995623482e-12,205983556.70803285,16094.12399547215,16094.12399289716,2.5749886845005676e-06,0.9999999998400044,False,5.0778263157337946e-08,7.977973951750052e-08,0.3216916682352111,0.07288935899518259,4.2008135015863166e-07,6.393443482207043e-07,"[4.166666666666667e-09, 5.222712798846205e-09, 6.5464149550156744e-09, 8.205610841308463e-09, 1.0285331703180699e-08, 1.2892160046379322e-08, 1.6159691826959763e-08, 2.0255383039217577e-08, 2.5389131578668973e-08, 3.1824034187401174e-08, 3.988986975875026e-08, 5.0000000000000004e-08]","[0.0, 0.0, 0.0, 2.238362262040876e-18, 1.1697589565466104e-07, 0.0003387579041942898, 0.006281187350253735, 0.016827837261411793, 0.01966842283504212, 0.01535083226905926, 0.009473868502473223, 0.00494833589685251]","[6.585057997543154e-10, 2.054241294537614e-09, 6.187215958093084e-09, 1.7324142370145757e-08, 4.08670049779864e-08, 7.730239259042727e-08, 1.0411978326610587e-07, 8.727421341704678e-08, 5.028894975831234e-08, 2.2647262234264162e-08, 8.556964617313475e-09, 2.800673874644595e-09]","[6.82519334407542e-10, 2.2243352772687826e-09, 6.8980610914208595e-09, 2.2182160473274204e-08, 6.654928507988198e-08, 1.5524313304773294e-07, 1.9716179109650536e-07, 1.2271007163688956e-07, 4.764133002113981e-08, 1.3957961429324741e-08, 3.3858986618828764e-09, 7.078010709756194e-10]","[0.0, 0.0, 0.0, -1.4225151722779348e-19, -3.011574016935389e-09, -3.5331113877533134e-06, -2.6538753826277403e-05, -2.8803032474385274e-05, -1.3638008764134902e-05, -4.312066802558429e-06, -1.078087435326408e-06, -2.2811843326241135e-07]","[-6.247153181482364e-15, -7.894860524675554e-15, -9.632937389800893e-15, -1.0926615549293713e-14, -7.116263652357321e-15, 6.121789796264611e-12, 7.23364197645162e-11, 1.2335301979346536e-10, 9.176558308320729e-11, 4.558568476467978e-11, 1.7906450398806684e-11, 5.952874033782938e-12]","[-6.215036198253543e-13, -8.208922787005355e-13, -1.0315816546030942e-12, -1.3454725325408337e-12, -1.6082023970943259e-12, 3.351433766372699e-11, 2.625854114202581e-10, 2.856532422131633e-10, 1.3531777423229036e-10, 4.279085217099878e-11, 1.0698916718040217e-11, 2.263867276222072e-12]","[Infinity, Infinity, Infinity, 15.735243501526176, 38.84211213035268, 95.88090128392587, 236.6798151627754, 584.2383879675482, 1442.1770197688932, 3559.9708844842867, 8787.662477120753, 21691.959856485133]",1328.0717684844376,0.4417890253126114
conditioned_5C_min,4614.001753206168,1606.7249956482046,0.9329612376097419,4.6896795268371216e-07,0.9999999991943962,7.415142936885027e-19,0.0030403868103996094,28.402946883081594,0.08635594507980197,0.07949139089348695,0.0010849260943242651,0.3876597515024914,46382741646596.72,4307330.572249904,10768326.43062476,6.011203317398934e-06,0.0038765975150249136,3.7145976450195025e-07,4.1824251798582033e-10,4.1834115816734084e-10,3.8729022141687217e-07,0.999764211055204,0.9997642111477804,1291021.4933152394,0.0,3.573579282733167e-10,7.484577368072298e-10,7.361881476169454e-05,9.121428010623528e-12,202597196.4472489,14914.965474108314,14914.965476488656,0.0,1.0000000001595941,False,5.0778263157337946e-08,7.977973951750052e-08,0.2907589851313412,0.06785493107355772,4.438989013720931e-07,6.892763663481397e-07,"[4.166666666666667e-09, 5.222712798846205e-09, 6.5464149550156744e-09, 8.205610841308463e-09, 1.0285331703180699e-08, 1.2892160046379322e-08, 1.6159691826959763e-08, 2.0255383039217577e-08, 2.5389131578668973e-08, 3.1824034187401174e-08, 3.988986975875026e-08, 5.0000000000000004e-08]","[0.0, 0.0, 0.0, 7.377806409696327e-22, 1.3985795315156916e-08, 0.0001565242481487918, 0.004649089769113021, 0.01492380289204762, 0.018739991495715876, 0.015053759950377603, 0.009399235743830992, 0.0049325129885284995]","[6.580672946613836e-10, 2.053687040809542e-09, 6.186539638553698e-09, 1.7323375201892463e-08, 4.086638514419234e-08, 7.7616400755461e-08, 1.0854358514608688e-07, 9.5381511408458e-08, 5.64995594702531e-08, 2.5769363354269903e-08, 9.789278155084801e-09, 3.211148762369962e-09]","[6.405929487499006e-10, 2.1680776806913967e-09, 6.826910770039887e-09, 2.208911818916688e-08, 6.643691419969561e-08, 1.5696071867374216e-07, 2.134691025489349e-07, 1.4179317384148366e-07, 5.695264969135204e-08, 1.6937957151422315e-08, 4.134611352798406e-09, 8.66539300062615e-10]","[0.0, 0.0, 0.0, -5.282898206862772e-23, -4.0569792189134226e-10, -1.83936520872302e-06, -2.213222892387848e-05, -2.8781130508435772e-05, -1.4640949324602434e-05, -4.764495666980855e-06, -1.2051400909296607e-06, -2.562050868557029e-07]","[-7.205060200617364e-15, -9.109027750472124e-15, -1.1116191463671678e-14, -1.260988675163541e-14, -1.1608979959011328e-14, 3.137829784442111e-12, 5.949000101076879e-11, 1.2155489188215808e-10, 9.715210824085726e-11, 4.9672307497159674e-11, 1.9740018868485995e-11, 6.593388338613915e-12]","[-6.527391927063486e-13, -8.957280570457698e-13, -1.1431081681784949e-12, -1.500306211878908e-12, -1.8272114244610246e-12, 1.6943249355227744e-11, 2.240205004546887e-10, 2.9231718752905013e-10, 1.4879126833808445e-10, 4.842851576698978e-11, 1.2250304532602992e-11, 2.6043758742329947e-12]","[Infinity, Infinity, Infinity, 13.965452523980408, 34.47342113549874, 85.09688418944208, 210.05971811981007, 518.5273346949815, 1279.9710647331776, 3159.5704986582145, 7799.288908047445, 19252.205524344397]",1333.5749956482045,0.46896795268371216
conditioned_5C_min,4681.171366500786,1612.309221085844,0.9377343778614547,4.978189317598568e-07,0.9999999990632675,7.422516965093072e-19,0.003302342170527465,29.583960735495484,0.09769636110805546,0.08900126170541107,0.0010986364694413602,0.36519302180275187,41162328139946.04,4057700.242252798,10144250.605631996,5.334637726937006e-06,0.0036519302180275186,3.943120251563222e-07,4.3770763968887976e-10,4.3775447761012897e-10,4.266971286288111e-07,0.9998930040986309,0.999893004129838,1171791.3396950837,0.0,3.509763360296974e-10,7.167491760946896e-10,6.92641803937428e-05,1.0236380399207262e-11,199304583.78957176,13804.668643640276,13804.668644900727,0.0,1.000000000091306,False,5.0778263157337946e-08,7.977973951750052e-08,0.25954239082756503,0.06304438075341029,4.676658048256911e-07,7.379237928868142e-07,"[4.166666666666667e-09, 5.222712798846205e-09, 6.5464149550156744e-09, 8.205610841308463e-09, 1.0285331703180699e-08, 1.2892160046379322e-08, 1.6159691826959763e-08, 2.0255383039217577e-08, 2.5389131578668973e-08, 3.1824034187401174e-08, 3.988986975875026e-08, 5.0000000000000004e-08]","[0.0, 0.0, 0.0, 1.046444721543384e-26, 1.1469635732342013e-09, 6.419107585313864e-05, 0.0032916824780630945, 0.013006814608103627, 0.017731513209880943, 0.014721074855586753, 0.009314619566991127, 0.004914483811968036]","[6.575555591949179e-10, 2.053039952378932e-09, 6.185749903275561e-09, 1.7322479320649247e-08, 4.086554290656058e-08, 7.77729200936889e-08, 1.1217142787498178e-07, 1.0342985522217617e-07, 6.315124437837977e-08, 2.9216802228684912e-08, 1.1166876730371272e-08, 3.672310655349036e-09]","[5.960793671803419e-10, 2.1058885810712315e-09, 6.746967384668825e-09, 2.1983883271187944e-08, 6.630843525550813e-08, 1.5778204544235404e-07, 2.2730268167061688e-07, 1.6141482412378006e-07, 6.728328719047811e-08, 2.0346729314815633e-08, 5.001680807795406e-09, 1.0512904773575648e-09]","[0.0, 0.0, 0.0, -8.443249349011682e-28, -3.748983890216634e-11, -8.499812113338765e-07, -1.7657266882284376e-05, -2.8264910128000124e-05, -1.560967810608541e-05, -5.250005361605499e-06, -1.345731297374678e-06, -2.8763756309345664e-07]","[-8.256953986232603e-15, -1.0443721148271915e-14, -1.2747372581222516e-14, -1.4461349762770255e-14, -1.378034363324746e-14, 1.4228881120778525e-12, 4.678230160221712e-11, 1.1767088931459254e-10, 1.0210223523183292e-10, 5.3953022316908594e-11, 2.172836963915933e-11, 7.296680951072122e-12]","[-6.792945775783088e-13, -9.735832681656408e-13, -1.2644284459622594e-12, -1.6713809315400288e-12, -2.0457182189043575e-12, 6.819531926709903e-12, 1.8154297001213414e-10, 2.921188976767383e-10, 1.6145332837079847e-10, 5.431337066859545e-11, 1.392310797118477e-11, 2.9759945114719085e-12]","[Infinity, Infinity, Infinity, 12.39386257929093, 30.593985112267962, 75.52058209898959, 186.42083738144413, 460.1753392882244, 1135.930740491589, 2804.011394587398, 6921.604324104349, 17085.68157480623]",1339.159221085844,0.4978189317598568
conditioned_5C_min,4749.275721049177,1617.9717862225916,0.942283543693216,5.284448274137521e-07,0.9999999989143574,7.429736943298104e-19,0.0035930764195434574,30.78585308931901,0.11061592279076123,0.09959871862165003,0.0011129798582593107,0.344028346137368,36529476217905.15,3822537.179304089,9556342.948260222,4.734220117840507e-06,0.00344028346137368,4.185701603277245e-07,4.5838406631765884e-10,4.5840472746877125e-10,4.710422681940864e-07,0.9999549281359368,0.9999549281456444,1061475.8669470018,0.0,3.4394411033239815e-10,6.814330422755422e-10,6.506381581720072e-05,1.1450018509075563e-11,196117500.50051963,12760.152926072951,12760.152931095581,0.0,1.0000000003936182,False,5.0778263157337946e-08,7.977973951750052e-08,0.22837988879568616,0.05845783723872455,4.913129653291416e-07,7.849123757938956e-07,"[4.166666666666667e-09, 5.222712798846205e-09, 6.5464149550156744e-09, 8.205610841308463e-09, 1.0285331703180699e-08, 1.2892160046379322e-08, 1.6159691826959763e-08, 2.0255383039217577e-08, 2.5389131578668973e-08, 3.1824034187401174e-08, 3.988986975875026e-08, 5.0000000000000004e-08]","[0.0, 0.0, 0.0, 0.0, 5.935165685441456e-11, 2.2913375922843793e-05, 0.00221482268824458, 0.011112858244297155, 0.016644644992673284, 0.014349791332831653, 0.009218845901854835, 0.004893960643548542]","[6.569623152982323e-10, 2.052289426271236e-09, 6.184833744888731e-09, 1.732143993994189e-08, 4.086455072831148e-08, 7.78414147102836e-08, 1.1500774909703532e-07, 1.1126625177732449e-07, 7.02159666170746e-08, 3.3008373019976494e-08, 1.2703489766851445e-08, 4.189644185884057e-09]","[5.493048556953633e-10, 2.037472223372473e-09, 6.6573763681087e-09, 2.1865059797436303e-08, 6.616278325137803e-08, 1.580702157486903e-07, 2.384186387068205e-07, 1.810927597959664e-07, 7.858671749872524e-08, 2.4209138831406757e-08, 5.998092801633507e-09, 1.2648159146619322e-09]","[0.0, 0.0, 0.0, 0.0, -2.1867577911005054e-12, -3.4200120319274705e-07, -1.3392090806090298e-05, -2.72211394079446e-05, -1.6516823775533375e-05, -5.768589545808819e-06, -1.501321055305257e-06, -3.2287312239946193e-07]","[-9.411241458847851e-15, -1.1910103109647118e-14, -1.454036804588657e-14, -1.649688010209678e-14, -1.576417719635045e-14, 5.560526154539884e-13, 3.495107645790397e-11, 1.1163797969672963e-10, 1.0642755474296574e-10, 5.839992712883981e-11, 2.3879715164379554e-11, 8.068606307261109e-12]","[-6.99631132278325e-13, -1.053510043666601e-12, -1.3957312773621349e-12, -1.8598830951913524e-12, -2.284350991544343e-12, 1.3673411731266827e-12, 1.388858132821473e-10, 2.8463717263520105e-10, 1.7288673572433414e-10, 6.039780037248306e-11, 1.572036806293839e-11, 3.3808990562788264e-12]","[Infinity, Infinity, Infinity, Infinity, 27.141394943673806, 66.9979395070436, 165.38289056682237, 408.24368435708544, 1007.7388497254086, 2487.57364670841, 6140.4893172436105, 15157.534969707647]",1344.8217862225915,0.5284448274137521
conditioned_5C_min,4818.2833226673965,1623.7100519529304,0.9466093842328068,5.609548327805656e-07,0.9999999987459043,7.436754816060346e-19,0.003916683768646962,32.00573179879618,0.12535633024001291,0.11139256684438542,0.0011279338731742465,0.3240902642710925,32418055368921.777,3601002.936345472,9002507.34086368,4.201379975812262e-06,0.0032409026427109248,4.4432065962817076e-07,4.803383823969261e-10,4.803467933528389e-10,5.210261968224766e-07,0.9999824898232714,0.9999824898260398,959644.6456037975,0.0,3.363360234446563e-10,6.436263027541138e-10,6.1016863703598306e-05,1.2767195519656616e-11,193054186.40154913,11779.56097464956,11779.560979072387,0.0,1.0000000003754663,False,6.364806837480235e-08,7.977973951750052e-08,0.19767677965322458,0.05409479085107776,5.147741486379121e-07,8.299326887470613e-07,"[4.166666666666667e-09, 5.222712798846205e-09, 6.5464149550156744e-09, 8.205610841308463e-09, 1.0285331703180699e-08, 1.2892160046379322e-08, 1.6159691826959763e-08, 2.0255383039217577e-08, 2.5389131578668973e-08, 3.1824034187401174e-08, 3.988986975875026e-08, 5.0000000000000004e-08]","[0.0, 0.0, 0.0, 0.0, 1.7323741964791637e-12, 6.953339680640119e-06, 0.0014053534556415683, 0.009280977254401185, 0.015483350328881814, 0.013936923740414334, 0.009110616056015534, 0.004870616674310311]","[6.562784905506839e-10, 2.0514238098620215e-09, 6.183776852534031e-09, 1.7320240784270525e-08, 4.086340470569986e-08, 7.786691018930912e-08, 1.17107460519731e-07, 1.1873108851048284e-07, 7.765009387995449e-08, 3.7160687834733526e-08, 1.4413623430272369e-08, 4.769159630511603e-09]","[5.007199581670257e-10, 1.9626059684368732e-09, 6.5572585532742225e-09, 2.173113990382842e-08, 6.59980438181609e-08, 1.580779442062582e-07, 2.468225780536937e-07, 2.0030773558723057e-07, 9.078282248146428e-08, 2.854652738450555e-08, 7.135222680706261e-09, 1.5100901513352607e-09]","[0.0, 0.0, 0.0, 0.0, -7.19796986158048e-14, -1.1703950533620479e-07, -9.582866972010707e-06, -2.5637442256704747e-05, -1.732676099188536e-05, -6.31817131632308e-06, -1.6731895627205753e-06, -3.623728847820169e-07]","[-1.0677835620836518e-14, -1.3521376573183205e-14, -1.6511623664311445e-14, -1.8735287138321686e-14, -1.7906454999836454e-14, 1.776164837395959e-13, 2.4618419805634745e-11, 1.0351125500312981e-10, 1.0991448405419932e-10, 6.297157166063536e-11, 2.620060648200942e-11, 8.915240415744773e-12]","[-7.121853625732355e-13, -1.1342748266761805e-12, -1.5370355058192022e-12, -2.0669803075628702e-12, -2.5481958018567975e-12, -1.2417364944460035e-12, 9.949906508268889e-11, 2.6987027593323887e-10, 1.8264165376017887e-10, 6.662209874661885e-11, 1.764484597291984e-11, 3.821576037746154e-12]","[Infinity, Infinity, Infinity, Infinity, 24.06753890045854, 59.41019368345865, 146.65271465692618, 362.00870435793996, 893.6090441908403, 2205.8477117276175, 5445.059100895801, 13440.897150017721]",1350.5600519529303,0.5609548327805656
conditioned_5C_min,4888.164310210065,1629.5215023493552,0.9507134786383504,5.954648585735848e-07,0.9999999985560455,7.443511195766447e-19,0.00427815914316281,33.23933167416081,0.14220315071443226,0.1244990005722591,0.0011435076111425183,0.30530768924885937,28769378121752.492,3392307.6583206593,8480769.14580165,3.7285114045791226e-06,0.003053076892488594,4.716553335236314e-07,5.036348569152847e-10,5.036379952786149e-10,5.774453903005996e-07,0.9999937686121346,0.9999937686128535,865882.7456215661,0.0,3.2824849516560957e-10,6.045338437959553e-10,5.71241896109178e-05,1.4192432399594737e-11,190136939.41958797,10861.418575212192,10861.418579444135,0.0,1.0000000003896308,False,6.364806837480235e-08,7.977973951750052e-08,0.16789180119718097,0.04995382266137255,5.379885422892502e-07,8.72751499059687e-07,"[4.166666666666667e-09, 5.222712798846205e-09, 6.5464149550156744e-09, 8.205610841308463e-09, 1.0285331703180699e-08, 1.2892160046379322e-08, 1.6159691826959763e-08, 2.0255383039217577e-08, 2.5389131578668973e-08, 3.1824034187401174e-08, 3.988986975875026e-08, 5.0000000000000004e-08]","[0.0, 0.0, 0.0, 0.0, 2.4420594612302455e-14, 1.743783328266381e-06, 0.0008334443104984292, 0.007551649169451277, 0.014254673124486415, 0.013479694619960129, 0.00898853026206958, 0.004844087391554034]","[6.554940842933163e-10, 2.0504302193965913e-09, 6.182563384271378e-09, 1.7318863828108465e-08, 4.086208863517072e-08, 7.787437215839179e-08, 1.1856759298910921e-07, 1.2566776384766658e-07, 8.539238566923674e-08, 4.1687100178899916e-08, 1.6312459588585836e-08, 5.417427706119717e-09]","[4.509020543948134e-10, 1.8811639957562613e-09, 6.4457230964108514e-09, 2.15805026646172e-08, 6.581201140367256e-08, 1.5795202621729884e-07, 2.5274752952040415e-07, 2.1853604979169627e-07, 1.03754811854792e-07, 3.3375639854958775e-08, 8.424810073382714e-09, 1.79032853230249e-09]","[0.0, 0.0, 0.0, 0.0, -1.144459130976469e-15, -3.310604381783147e-08, -6.410061641108621e-06, -2.3528731214718755e-05, -1.7992247125065667e-05, -6.892554403387102e-06, -1.8619230280811303e-06, -4.0649881759109786e-07]","[-1.2068172494887046e-14, -1.529284132213279e-14, -1.8680230117963138e-14, -2.1198420265947053e-14, -2.0261663234964793e-14, 3.7652376411715857e-14, 1.6203176186095706e-11, 9.349532417834327e-11, 1.1233249662218004e-10, 6.761084909368554e-11, 2.869532561174492e-11, 9.842830326176414e-12]","[-7.154654689393491e-13, -1.2143188392610689e-12, -1.6881228683615094e-12, -2.293763173405787e-12, -2.8396844628172565e-12, -2.4147381798964577e-12, 6.602935508077292e-11, 2.4832024548542043e-10, 1.9024757244414836e-10, 7.291115593781303e-11, 1.9698406246376878e-11, 4.3007691945103565e-12]","[Infinity, Infinity, Infinity, Infinity, 21.33810981215769, 52.67265813643218, 130.02126300212691, 320.9543727851857, 792.2675264185151, 1955.6892598970287, 4827.552012895519, 11916.60881145972]",1356.371502349355,0.5954648585735848
conditioned_5C_min,4958.891121052474,1635.4038061552606,0.9545983053616048,6.320979463506349e-07,0.9999999983428214,7.449946201907112e-19,0.004683406884962858,34.48161575664223,0.161491436639302,0.13903799162442962,0.0011596888190996669,0.2876136539433599,25531362325509.504,3195707.2660373324,7989268.165093331,3.3088645573860317e-06,0.002876136539433599,5.006716406737703e-07,5.283376311912574e-10,5.283386962532189e-10,6.41221629343008e-07,0.9999979841301457,0.9999979841303145,779761.594306008,3.739381251037026e-18,3.1977402704106156e-10,5.652815094668409e-10,5.338519198237098e-05,1.5729687731520813e-11,187387348.39867488,10003.709569996012,10003.709569330695,6.653172022197396e-07,0.999999999933493,False,6.364806837480235e-08,1.0000000000000001e-07,0.1395095607851041,0.046032592176185466,5.609022000171105e-07,9.132186552829478e-07,"[4.166666666666667e-09, 5.222712798846205e-09, 6.5464149550156744e-09, 8.205610841308463e-09, 1.0285331703180699e-08, 1.2892160046379322e-08, 1.6159691826959763e-08, 2.0255383039217577e-08, 2.5389131578668973e-08, 3.1824034187401174e-08, 3.988986975875026e-08, 5.0000000000000004e-08]","[0.0, 0.0, 0.0, 0.0, 1.328776657772189e-16, 3.4942346844080325e-07, 0.00045729104800151316, 0.005964346244829367, 0.012969620456935647, 0.012975864735265878, 0.00885114223027548, 0.004813978037409008]","[6.545980267580401e-10, 2.0492943464294606e-09, 6.181175723107915e-09, 1.7317289015559686e-08, 4.0860583379521675e-08, 7.787544399554647e-08, 1.1951260888889358e-07, 1.3193476608165196e-07, 9.336268519227281e-08, 4.659644307121102e-08, 1.8415701856930956e-08, 6.141610439227014e-09]","[4.005503671758523e-10, 1.793145167823634e-09, 6.321887026685901e-09, 2.141141888908739e-08, 6.560227143893018e-08, 1.5776238428306758e-07, 2.5659535803647557e-07, 2.3528913673048203e-07, 1.1734731140887895e-07, 3.8707291925707406e-08, 9.878887997275316e-09, 2.1090120113579526e-09]","[0.0, 0.0, 0.0, 0.0, -7.021162575946466e-18, -7.479624842539577e-09, -3.965439185385842e-06, -2.0952339145683002e-05, -1.8457308079278247e-05, -7.4808230903252515e-06, -2.067213087072923e-06, -4.5547469137363704e-07]","[-1.3595210215869107e-14, -1.7241936183833422e-14, -2.106799650365115e-14, -2.3911262571959834e-14, -2.28558628917049e-14, -5.792420351599238e-15, 9.863227202226522e-12, 8.196552444015673e-11, 1.1344921135355929e-10, 7.224360784905926e-11, 3.136524928140244e-11, 1.0857732578191236e-11]","[-7.081694616263166e-13, -1.2917120887593667e-12, -1.8484348437669202e-12, -2.5411355923909466e-12, -3.160895819193557e-12, -3.0048335366773308e-12, 3.994578088494867e-11, 2.2104867386043798e-10, 1.9523794209553365e-10, 7.917185013208373e-11, 2.1881342356954615e-11, 4.821413747775793e-12]","[Infinity, Infinity, Infinity, Infinity, 18.925308214972752, 46.71671050311162, 115.31914288001323, 284.6625478596386, 702.682124675399, 1734.5504068993714, 4281.678693708486, 10569.14495707948]",1362.2538061552605,0.6320979463506349
conditioned_5C_min,5030.438796891338,1641.3548465287613,0.9582670236988811,6.709847072047087e-07,0.9999999981041827,7.456007905602816e-19,0.0051392409513953095,35.727402701518,0.18361173105063272,0.15512834676591944,0.0011764005788413537,0.2709450722913946,22657787715737.348,3010500.8032377167,7526252.008094293,2.93644928795956e-06,0.0027094507229139457,5.314730354096703e-07,5.545124257778477e-10,5.545127514646985e-10,7.134404573552838e-07,0.9999994126611705,0.999999412661206,700829.3331913005,0.0,3.1097538462363356e-10,5.266942539829248e-10,4.979653153778898e-05,1.7382058130165265e-11,184822859.32736227,9203.537341430052,9203.537343399332,0.0,1.00000000021397,False,6.364806837480235e-08,1.0000000000000001e-07,0.11300823812959766,0.042328036028512143,5.834673695420238e-07,9.512586941101333e-07,"[4.166666666666667e-09, 5.222712798846205e-09, 6.5464149550156744e-09, 8.205610841308463e-09, 1.0285331703180699e-08, 1.2892160046379322e-08, 1.6159691826959763e-08, 2.0255383039217577e-08, 2.5389131578668973e-08, 3.1824034187401174e-08, 3.988986975875026e-08, 5.0000000000000004e-08]","[0.0, 0.0, 0.0, 0.0, 1.9706010773714478e-19, 5.375077122207496e-08, 0.00022948881763930836, 0.004553874206657759, 0.011643671678051151, 0.012424060507317529, 0.008697015966658292, 0.00477987110141688]","[6.535780331242617e-10, 2.048000253797276e-09, 6.179594218192455e-09, 1.731549396223164e-08, 4.0858867512509265e-08, 7.787458578351076e-08, 1.2007587085466133e-07, 1.3741908247767213e-07, 1.0146182127427218e-07, 5.189162581322757e-08, 2.073936269367651e-08, 6.949486665148384e-09]","[3.5047111579437373e-10, 1.6987049870937152e-09, 6.184903823737844e-09, 2.1222065367107164e-08, 6.536621093084013e-08, 1.575349836079022e-07, 2.5885341403323086e-07, 2.501570048255833e-07, 1.313665487291366e-07, 4.4544820812548755e-08, 1.1509658131953911e-08, 2.4699077452046213e-09]","[0.0, 0.0, 0.0, 0.0, -1.1729773645913617e-20, -1.2961233004381901e-09, -2.241785159390913e-06, -1.802123523844667e-05, -1.866658572145908e-05, -8.068827930309915e-06, -2.2881789178498972e-06, -5.094599655407189e-07]","[-1.5273422538258952e-14, -1.9388284404136714e-14, -2.3699533077530977e-14, -2.6902037442258206e-14, -2.571621622049027e-14, -1.783174295558826e-14, 5.487822613068479e-12, 6.946231651959212e-11, 1.1305056948940286e-10, 7.677789142483847e-11, 3.420813532168527e-11, 1.1966330555506467e-11]","[-6.893359181350138e-13, -1.3641289792074481e-12, -2.0169575338198186e-12, -2.809678904728816e-12, -3.5136972578192344e-12, -3.4220551657600546e-12, 2.14162489548554e-11, 1.8965704977386744e-10, 1.9718531296449314e-10, 8.529123737478356e-11, 2.4191641248192192e-11, 5.3865592960381e-12]","[Infinity, Infinity, Infinity, Infinity, 16.7999923686333, 41.470415047629366, 102.36878260968588, 252.6948983465063, 623.7708304987774, 1539.7602495211884, 3800.8461221338853, 9382.231038200873]",1368.2048465287612,0.6709847072047087
conditioned_5C_min,5090.672752150625,1646.3651807956444,0.9611618081577546,7.052116707355548e-07,0.9999999978843709,7.460741455979002e-19,0.005563403373653816,36.76439756919121,0.20453517346678854,0.16980423483866655,0.0011906332418014256,0.25779493951139193,20511799641259.95,2864388.216793244,7160970.54198311,2.6583292335072894e-06,0.0025779493951139194,5.585835015727167e-07,5.774985374145124e-10,5.774986485693707e-10,7.809916801104642e-07,0.9999998075235959,0.9999998075236046,640211.6856472524,8.040002468163774e-18,3.034169816643862e-10,4.953698061499908e-10,4.691744017366226e-05,1.8848420305811575e-11,182837416.0626022,8578.263531123075,8578.263529624133,1.4989418559707701e-06,0.9999999998252628,False,6.364806837480235e-08,1.0000000000000001e-07,0.09268370862653191,0.039403868195298924,6.019738548650036e-07,9.810869158216398e-07,"[4.166666666666667e-09, 5.222712798846205e-09, 6.5464149550156744e-09, 8.205610841308463e-09, 1.0285331703180699e-08, 1.2892160046379322e-08, 1.6159691826959763e-08, 2.0255383039217577e-08, 2.5389131578668973e-08, 3.1824034187401174e-08, 3.988986975875026e-08, 5.0000000000000004e-08]","[0.0, 0.0, 0.0, 0.0, 2.0867421091709124e-22, 8.916654706126977e-09, 0.00011956435202435668, 0.0035325233698922905, 0.010521595125085676, 0.011927318171945152, 0.008554780062067995, 0.004748078197628751]","[6.526235615604076e-10, 2.0467882137098693e-09, 6.178112455850915e-09, 1.7313811874229856e-08, 4.085725953249656e-08, 7.787341402161967e-08, 1.2034367161702476e-07, 1.4133800020968117e-07, 1.0822576416205921e-07, 5.65960093322427e-08, 2.2855699926881684e-08, 7.69269995764666e-09]","[3.095839197462525e-10, 1.6153426029043305e-09, 6.060147814576332e-09, 2.104742297386013e-08, 6.51473737681877e-08, 1.57321301138621e-07, 2.5987209427455343e-07, 2.6089265989967574e-07, 1.4321081723045768e-07, 4.979194523220133e-08, 1.3012401474118721e-08, 2.8058254927370757e-09]","[0.0, 0.0, 0.0, 0.0, -1.3706446539984635e-23, -2.3726230506321795e-10, -1.288841019307059e-06, -1.542601454078158e-05, -1.861322725682924e-05, -8.547809593554864e-06, -2.48366874783784e-06, -5.584403730342062e-07]","[-1.679890501256529e-14, -2.1343300984647166e-14, -2.6098463909381834e-14, -2.962936115754222e-14, -2.8324958529857997e-14, -2.1504291779188108e-14, 3.1121952369572787e-12, 5.877514650482071e-11, 1.114334938540287e-10, 8.040216759645257e-11, 3.6704601463877924e-11, 1.2966276066988901e-11]","[-6.644909350939558e-13, -1.4187433379261262e-12, -2.1625582412879385e-12, -3.0497543952247575e-12, -3.832963569763135e-12, -3.753028285178133e-12, 1.1089181433916011e-11, 1.6179424532555462e-10, 1.9622858051773037e-10, 9.018663150499909e-11, 2.621056085306474e-11, 5.893724973388439e-12]","[Infinity, Infinity, Infinity, Infinity, 15.224530319243865, 37.58142155683414, 92.76889099063595, 228.99779852750677, 565.2751658756692, 1395.3654490547463, 3444.412653464906, 8502.390634528705]",1373.2151807956443,0.7052116707355548
conditioned_5C_min,5151.4497180459875,1651.4209496456638,0.9639113352121883,7.411845533908802e-07,0.9999999976441705,7.465156144286205e-19,0.006033533430183305,37.79652260009585,0.22804658265235714,0.18569864195201619,0.0012050500385931734,0.24528303938374674,18569064632508.848,2725367.104263853,6813417.760659632,2.4065507763731465e-06,0.0024528303938374674,5.870768739729744e-07,6.015959199448136e-10,6.015959547059804e-10,8.561516898494553e-07,0.9999999422184147,0.9999999422184167,584008.6586617839,0.0,2.9566248623274866e-10,4.6490878183392946e-10,4.41374495523074e-05,2.03965623750622e-11,180999193.58607602,7988.8427735314635,7988.842775913752,0.0,1.000000000298202,False,6.364806837480235e-08,1.0000000000000001e-07,0.07420854605323154,0.03662543847284284,6.20183809833902e-07,1.0092150146099572e-06,"[4.166666666666667e-09, 5.222712798846205e-09, 6.5464149550156744e-09, 8.205610841308463e-09, 1.0285331703180699e-08, 1.2892160046379322e-08, 1.6159691826959763e-08, 2.0255383039217577e-08, 2.5389131578668973e-08, 3.1824034187401174e-08, 3.988986975875026e-08, 5.0000000000000004e-08]","[0.0, 0.0, 0.0, 0.0, 2.8698661534878646e-26, 1.1509203091067255e-09, 5.753517028087226e-05, 0.0026603842164305744, 0.009397998659470613, 0.011397435928525174, 0.008399150549720166, 0.00471293279749513]","[6.515648711701096e-10, 2.0454426096086982e-09, 6.176466801572762e-09, 1.7311943458699143e-08, 4.0855473326208474e-08, 7.787204677760993e-08, 1.2049266903946132e-07, 1.4464681471966603e-07, 1.1492295424476344e-07, 6.155799518509533e-08, 2.5145364855839937e-08, 8.505073944206924e-09]","[2.7003448109563975e-10, 1.5280731316634333e-09, 5.925337537160067e-09, 2.0856275000197742e-08, 6.49066090409237e-08, 1.570852717957858e-07, 2.6036795983577313e-07, 2.700243250862322e-07, 1.550442213638413e-07, 5.5377287305894106e-08, 1.4653224873097406e-08, 3.1763951582927793e-09]","[0.0, 0.0, 0.0, 0.0, -2.078790023367444e-27, -3.377263390331656e-11, -6.839493105254702e-07, -1.2811675406099894e-05, -1.8334468893904303e-05, -9.007661130371808e-06, -2.6891375045491013e-06, -6.112839216780903e-07]","[-1.8450519431201396e-14, -2.3464358772258194e-14, -2.870330852423522e-14, -3.259178364657317e-14, -3.1158963752837295e-14, -2.4007832294350524e-14, 1.6257246492712138e-12, 4.828223918095111e-11, 1.0857258309333207e-10, 8.380770867495193e-11, 3.930964477961514e-11, 1.4039149728957547e-11]","[-6.314291510691357e-13, -1.4663368548338262e-12, -2.3115762280876406e-12, -3.304451507413573e-12, -4.175956900969746e-12, -4.100371525865707e-12, 4.4466733041751864e-12, 1.3373643111383823e-10, 1.9277287449129456e-10, 9.480149167662265e-11, 2.8309210845573833e-11, 6.435660195602415e-12]","[Infinity, Infinity, Infinity, Infinity, 13.805464338523965, 34.07848829325989, 84.12198008748436, 207.65310797399007, 512.5863592697351, 1265.30469603209, 3123.3622436605324, 7709.891640135464]",1378.2709496456637,0.7411845533908802
conditioned_5C_min,5212.759382583759,1656.521274177107,0.9665181525477206,7.789924145926951e-07,0.9999999973822957,7.46921584467249e-19,0.006556067965838293,38.81913293566567,0.2545008739011359,0.202870224481958,0.0012195840737973332,0.2333783957255298,16810331972661.111,2593093.2858392205,6482733.21459805,2.17861902365688e-06,0.002333783957255298,6.170236947268873e-07,6.268480353276463e-10,6.268480452125714e-10,9.39887630780006e-07,0.9999999842307472,0.9999999842307477,531978.4872421968,0.0,2.8772725038212337e-10,4.3535958090333476e-10,4.1456011987004994e-05,2.2026295562938765e-11,179320206.31839207,7433.900619569689,7433.900622647471,0.0,1.0000000004140197,False,6.364806837480235e-08,1.0000000000000001e-07,0.057784489637029625,0.03399025260165826,6.380740327577819e-07,1.0356520498452672e-06,"[4.166666666666667e-09, 5.222712798846205e-09, 6.5464149550156744e-09, 8.205610841308463e-09, 1.0285331703180699e-08, 1.2892160046379322e-08, 1.6159691826959763e-08, 2.0255383039217577e-08, 2.5389131578668973e-08, 3.1824034187401174e-08, 3.988986975875026e-08, 5.0000000000000004e-08]","[0.0, 0.0, 0.0, 0.0, 5.653954941012481e-32, 1.108703189880451e-10, 2.5322554295258976e-05, 0.001938786734054963, 0.008287282291108457, 0.010835382414428146, 0.008229335107415, 0.0046741433894861234]","[6.503924635017795e-10, 2.043950966963102e-09, 6.17464179921762e-09, 1.7309871075172185e-08, 4.085349199364255e-08, 7.787051845766299e-08, 1.2056870888111618e-07, 1.473552264086187e-07, 1.2147283348751182e-07, 6.67651605733139e-08, 2.7617113575531377e-08, 9.392123075529824e-09]","[2.3235248296222948e-10, 1.4373284990649813e-09, 5.780163804475336e-09, 2.064750395689333e-08, 6.464213807622863e-08, 1.5682532104796997e-07, 2.6053198339464457e-07, 2.7753917581888414e-07, 1.6670757255494297e-07, 6.128546425493357e-08, 1.6438762437715998e-08, 3.5842835165514992e-09]","[0.0, 0.0, 0.0, 0.0, -4.514358402005451e-33, -3.5861601801877535e-12, -3.31812489301341e-07, -1.0291680658505018e-05, -1.7821316216070883e-05, -9.43938710856683e-06, -2.9042703474395127e-06, -6.6826446550124e-07]","[-2.0239097105076818e-14, -2.5766567221618506e-14, -3.153321953911314e-14, -3.5811361705712507e-14, -3.423943913865007e-14, -2.6433334893651443e-14, 7.711623928409284e-13, 3.8379643577176105e-11, 1.0443588592793352e-10, 8.691113981243667e-11, 4.201294938708345e-11, 1.5188201035669243e-11]","[-5.906616102211008e-13, -1.5051439369855935e-12, -2.462512257499539e-12, -3.5733162334618535e-12, -4.543181444386923e-12, -4.4722727303052305e-12, 4.718625569608515e-13, 1.0673024537576924e-10, 1.8674931993276596e-10, 9.903508242298843e-11, 3.0479868865015365e-11, 7.013994399756394e-12]","[Infinity, Infinity, Infinity, Infinity, 12.524382066122126, 30.916164760448734, 76.31585643017156, 188.38387998880967, 465.02077571774197, 1147.8904604510142, 2833.5292940859363, 6994.451494559456]",1383.371274177107,0.7789924145926951
conditioned_5C_min,5274.592566871206,1661.6653710614773,0.9689851176238438,8.187288566885885e-07,0.9999999970974468,7.472873281030291e-19,0.007138844227933675,39.82615714050147,0.2843127320232484,0.221373443503402,0.001234204816527327,0.22205153576155115,15218174238908.467,2467239.2862394573,6168098.215598643,1.972275381362537e-06,0.0022205153576155116,6.48498104307793e-07,6.53300430399624e-10,6.533004329358873e-10,1.0332797787509805e-06,0.9999999961177688,0.9999999961177689,483896.0466296898,2.2479723860976452e-18,2.796418125406333e-10,4.0680182241121005e-10,3.8874040629842184e-05,2.373672433254233e-11,177816912.81729275,6912.461893986508,6912.461893532543,4.5396427594823763e-07,0.9999999999343266,False,6.364806837480235e-08,1.0000000000000001e-07,0.04356944565960514,0.03149552016743157,6.556228803023092e-07,1.0604133368446317e-06,"[4.166666666666667e-09, 5.222712798846205e-09, 6.5464149550156744e-09, 8.205610841308463e-09, 1.0285331703180699e-08, 1.2892160046379322e-08, 1.6159691826959763e-08, 2.0255383039217577e-08, 2.5389131578668973e-08, 3.1824034187401174e-08, 3.988986975875026e-08, 5.0000000000000004e-08]","[0.0, 0.0, 0.0, 0.0, 0.0, 7.566190373459722e-12, 1.0079098954391627e-05, 0.0013621632479353255, 0.007204567497071302, 0.010242757343532943, 0.008044556437518495, 0.004631396534852923]","[6.4909597299649e-10, 2.042299610252625e-09, 6.172620474204766e-09, 1.7307575336243065e-08, 4.085129695581197e-08, 7.7868823643869e-08, 1.206037111961718e-07, 1.4949720684889447e-07, 1.2779218154103682e-07, 7.219930959401696e-08, 3.027910295148668e-08, 1.0359656177324611e-08]","[1.970367382515491e-10, 1.3436617823503408e-09, 5.62441437732821e-09, 2.042000826295662e-08, 6.435212381489702e-08, 1.5653952305674717e-07, 2.604992400499159e-07, 2.834999127026866e-07, 1.7803585181148267e-07, 6.749407161800799e-08, 1.837519093455922e-08, 4.0323016954487244e-09]","[0.0, 0.0, 0.0, 0.0, 0.0, -2.6966724726053935e-13, -1.4552696548853918e-07, -7.967497980211563e-06, -1.707151601698095e-05, -9.832250949944771e-06, -3.128317975595472e-06, -7.29616693219055e-07]","[-2.2176250738380765e-14, -2.8266310093391375e-14, -3.4609051377664543e-14, -3.931215099404478e-14, -3.7589528799603263e-14, -2.902612537302026e-14, 3.238142741717895e-13, 2.9411514593574455e-11, 9.903814751147675e-11, 8.96204418883878e-11, 4.4800189021914266e-11, 1.6416315123896158e-11]","[-5.431221157688636e-13, -1.5334097100536792e-12, -2.613578517938385e-12, -3.855601216934507e-12, -4.934915481420195e-12, -4.871091682760731e-12, -1.7631452405736463e-12, 8.188279296579066e-11, 1.7817892106803105e-10, 1.0277627569624425e-10, 3.2711781326064345e-11, 7.630190987987367e-12]","[Infinity, Infinity, Infinity, Infinity, Infinity, 28.05750587185561, 69.25932194460137, 170.9649944459924, 422.0227125643063, 1041.751008561318, 2571.527734800431, 6347.711857330579]",1388.5153710614773,0.8187288566885885
conditioned_5C_min,5336.941154942019,1666.852546722671,0.9713154426197174,8.604922566865892e-07,0.9999999967883204,7.476071144925414e-19,0.007791409184651449,40.81008385355283,0.3179680621629673,0.2412562726604603,0.00124891206800784,0.21127441715749884,13776814612728.652,2347493.523972209,5868733.809930523,1.7854751738096332e-06,0.0021127441715749883,6.815780250982884e-07,6.810008485511729e-10,6.810008491337298e-10,1.1375333563494733e-06,0.9999999991445576,0.9999999991445576,439547.5501523578,1.2346682776620707e-17,2.714517517010355e-10,3.7937445818436504e-10,3.639311938006449e-05,2.5526062251741394e-11,176509729.2217632,6423.739649886466,6423.739647310485,2.575980943220202e-06,0.9999999995989904,False,6.364806837480235e-08,1.0000000000000001e-07,0.03165666468638628,0.029138100915827806,6.728112539358352e-07,1.0835233296154886e-06,"[4.166666666666667e-09, 5.222712798846205e-09, 6.5464149550156744e-09, 8.205610841308463e-09, 1.0285331703180699e-08, 1.2892160046379322e-08, 1.6159691826959763e-08, 2.0255383039217577e-08, 2.5389131578668973e-08, 3.1824034187401174e-08, 3.988986975875026e-08, 5.0000000000000004e-08]","[0.0, 0.0, 0.0, 0.0, 0.0, 3.4237956564087794e-13, 3.581345138503445e-06, 0.0009188337448095629, 0.006165283493722535, 0.009621947953426612, 0.007844092747693106, 0.004584361630695106]","[6.47664095625159e-10, 2.0404735506560373e-09, 6.170384185143405e-09, 1.7305034933989296e-08, 4.0848867786811206e-08, 7.786694783062383e-08, 1.206177569857234e-07, 1.5112765503506446e-07, 1.3379828406794635e-07, 7.783582257288736e-08, 3.3138605957172846e-08, 1.1413756934191837e-08]","[1.6452743670109543e-10, 1.2477477328490592e-09, 5.457995113674846e-09, 2.0172722689004722e-08, 6.403468540436523e-08, 1.5622581717103648e-07, 2.6035541247936783e-07, 2.8803580741842127e-07, 1.8886430205540188e-07, 7.397290072731141e-08, 2.0468014843385798e-08, 4.523396543969026e-09]","[0.0, 0.0, 0.0, 0.0, 0.0, -1.3439858534267699e-14, -5.695132869626415e-08, -5.919235980929351e-06, -1.6089892112804614e-05, -1.0172670215560916e-05, -3.3595984902962386e-06, -7.954218203535052e-07]","[-2.4274394565131245e-14, -3.0981326643741105e-14, -3.795348866608726e-14, -4.312036548943129e-14, -4.1234471495710166e-14, -3.184224981239997e-14, 1.1258963911365973e-13, 2.1638250123895668e-11, 9.245063674086533e-11, 9.18370913541597e-11, 4.7652508934691175e-11, 1.7725887572512976e-11]","[-4.901504624459002e-13, -1.549469032111278e-12, -2.762688969361772e-12, -4.1502140679163725e-12, -5.351148370360016e-12, -5.2976849850457484e-12, -2.984825425701988e-12, 6.006113174065562e-11, 1.6719121650802207e-10, 1.0590600450756298e-10, 3.499074204579597e-11, 8.285482443530028e-12]","[Infinity, Infinity, Infinity, Infinity, Infinity, 25.474938204737082, 62.884312280116674, 155.22843619850093, 383.17742906530094, 945.8625660259903, 2334.8304180841083, 5763.434587019126]",1393.7025467226708,0.8604922566865891
conditioned_5C_min,5399.798023827966,1672.0821914890653,0.9735126803321239,9.043860098108341e-07,0.999999996453623,7.4787471663811945e-19,0.008525257532846192,41.76237092646713,0.3560349673303807,0.26255588971374755,0.0012637108212314471,0.2010203585944747,12471970546126.916,2233559.539938608,5583898.8498465195,1.6163673827780482e-06,0.002010203585944747,7.163453543056112e-07,7.099993258495851e-10,7.099993259683812e-10,1.2540027054366018e-06,0.9999999998326814,0.9999999998326814,398723.2227110042,8.839881081689273e-18,2.6320925154757824e-10,3.5324979246659876e-10,3.40144202859925e-05,2.739129022608862e-11,175421012.1900261,5966.844037537701,5966.8440356257615,1.9119397620670497e-06,0.9999999996795726,False,6.364806837480235e-08,1.0000000000000001e-07,0.022049812824191606,0.026914505918237252,6.896233935977356e-07,1.1050190041368489e-06,"[4.166666666666667e-09, 5.222712798846205e-09, 6.5464149550156744e-09, 8.205610841308463e-09, 1.0285331703180699e-08, 1.2892160046379322e-08, 1.6159691826959763e-08, 2.0255383039217577e-08, 2.5389131578668973e-08, 3.1824034187401174e-08, 3.988986975875026e-08, 5.0000000000000004e-08]","[0.0, 0.0, 0.0, 0.0, 0.0, 9.434547462229456e-15, 1.119433615959202e-06, 0.000592340384127335, 0.0051846588871145355, 0.008976337049268627, 0.007627347591897972, 0.0045327025722033875]","[6.460845144285857e-10, 2.03845636534117e-09, 6.167912462857951e-09, 1.7302226450986574e-08, 4.084618203072406e-08, 7.786487379198317e-08, 1.2062216983896237e-07, 1.523170585719896e-07, 1.3941281711851466e-07, 8.364316709625849e-08, 3.620168958612321e-08, 1.2560755769565738e-08]","[1.3517959639491093e-10, 1.1503780928519145e-09, 5.280952560345026e-09, 1.9904643465671153e-08, 6.368791836760848e-08, 1.5588206603038952e-07, 2.6014872000126915e-07, 2.91327461695594e-07, 1.9903588315246065e-07, 8.068334248834863e-08, 2.2721821120075135e-08, 5.060637565840335e-09]","[0.0, 0.0, 0.0, 0.0, 0.0, -4.075785747287487e-16, -1.9591127782525943e-08, -4.199556841560255e-06, -1.4890993177368997e-05, -1.0444183570708558e-05, -3.5951876166361377e-06, -8.655241426502746e-07]","[-2.6546758943719187e-14, -3.3930796139151576e-14, -4.159118437835877e-14, -4.7264550731371966e-14, -4.520177266856656e-14, -3.4907281710307894e-14, 2.329725658861869e-14, 1.5212917006136212e-11, 8.480961472691114e-11, 9.346001918699437e-11, 5.054621640155811e-11, 1.911870712315982e-11]","[-4.3343214112262217e-13, -1.5518305358693576e-12, -2.907443925412099e-12, -4.455637869818501e-12, -5.7914749973410265e-12, -5.7523820838674575e-12, -3.687442542620341e-12, 4.1816142105056616e-11, 1.5404046597187313e-10, 1.0830190179673846e-10, 3.729882747358974e-11, 8.980808989303596e-12]","[Infinity, Infinity, Infinity, Infinity, Infinity, 23.147800319259485, 57.139825148691365, 141.04830735122607, 348.1741496594106, 859.4579929103688, 2121.54368706759, 5236.94527841135]",1398.9321914890652,0.9043860098108341
conditioned_5C_min,5463.156975782382,1677.3537739017102,0.9755806515470002,9.505187854810238e-07,0.999999996092091,7.480840685565415e-19,0.009354022499714811,42.67410485772334,0.39917453699433325,0.2852928826533883,0.0012785792609454115,0.1912639737130471,11290712234723.82,2125155.2634783015,5312888.158695753,1.463276305620207e-06,0.001912639737130471,7.528861667176427e-07,7.403482819794444e-10,7.403482820007538e-10,1.3842279142206502e-06,0.999999999971217,0.999999999971217,361212.19263340073,1.141372661868717e-19,2.5496112330632367e-10,3.285766473612989e-10,3.1737906047271855e-05,2.9327705847039904e-11,174572545.56100428,5540.567049473918,5540.567049448238,2.567958290455863e-08,0.9999999999953652,False,6.364806837480235e-08,1.0000000000000001e-07,0.014643501233098202,0.02482096021791002,7.060470464367128e-07,1.124950821684722e-06,"[4.166666666666667e-09, 5.222712798846205e-09, 6.5464149550156744e-09, 8.205610841308463e-09, 1.0285331703180699e-08, 1.2892160046379322e-08, 1.6159691826959763e-08, 2.0255383039217577e-08, 2.5389131578668973e-08, 3.1824034187401174e-08, 3.988986975875026e-08, 5.0000000000000004e-08]","[0.0, 0.0, 0.0, 0.0, 0.0, 1.4151990652496908e-16, 3.0279172610591526e-07, 0.0003631629698313993, 0.0042769861019394785, 0.008310482250764004, 0.0073939327696285, 0.004476093334020391]","[6.443438222915713e-10, 2.036230067904508e-09, 6.165182835780769e-09, 1.7299124154522243e-08, 4.0843215001952394e-08, 7.786258245042387e-08, 1.2062261155546578e-07, 1.531447046677302e-07, 1.445662971314796e-07, 8.958269260593006e-08, 3.947286869774174e-08, 1.3807193445490088e-08]","[1.0924052657359026e-10, 1.0524510411113576e-09, 5.093498074755831e-09, 1.9614859704155038e-08, 6.330992300360471e-08, 1.5550608409466128e-07, 2.599027306649209e-07, 2.9358688143787886e-07, 2.0840981554853802e-07, 8.757812438144889e-08, 2.5140013667213606e-08, 5.647199539859799e-09]","[0.0, 0.0, 0.0, 0.0, 0.0, -6.720413571164307e-18, -5.82496457271719e-09, -2.8302308955411973e-06, -1.350297600588305e-05, -1.0628934756214299e-05, -3.83099575787626e-06, -9.39526911220553e-07]","[-2.900739629095859e-14, -3.7135423520160275e-14, -4.554890613462592e-14, -5.1775769563540634e-14, -4.952138970292216e-14, -3.8244779622678294e-14, -1.0663473482823155e-14, 1.0169860255214644e-11, 7.63196704620149e-11, 9.439120107691278e-11, 5.3452712064518164e-11, 2.05958488605056e-11]","[-3.7489806184535833e-13, -1.5392713604072455e-12, -3.0451236470809276e-12, -4.769839026929145e-12, -6.254962602910498e-12, -6.23504865524879e-12, -4.1632102937408254e-12, 2.7342913896636068e-11, 1.3911236633873807e-10, 1.0984493695416073e-10, 3.9614315979927076e-11, 9.716761992959845e-12]","[Infinity, Infinity, Infinity, Infinity, Infinity, 21.05821390698294, 51.98172835661918, 128.3156686627701, 316.7439607443617, 781.8734841612617, 1930.028962947059, 4764.199173609017]",1404.20377390171,0.9505187854810238
conditioned_5C_min,5527.012673553477,1682.6668352660472,0.9775233454833017,9.990047963494019e-07,0.9999999957025165,7.482297330699377e-19,0.010293718004874238,43.536584188574636,0.44815332053265383,0.3094653819996186,0.0012934468254280971,0.1819811082632835,10221334495287.938,2022012.3140364834,5055030.785091209,1.3246849505893166e-06,0.0018198110826328352,7.912909278015064e-07,7.72102611410124e-10,7.721026114134507e-10,1.5299780745767687e-06,0.9999999999956914,0.9999999999956914,326802.0688063212,0.0,2.467397210183198e-10,3.054284318358738e-10,2.956220050960204e-05,3.13284931275912e-11,173983879.34715313,5143.346324854685,5143.34632669895,0.0,1.000000000358573,False,7.977973951750052e-08,1.0000000000000001e-07,0.009220655361753568,0.022853500479661427,7.220729183438856e-07,1.1433800844439803e-06,"[4.166666666666667e-09, 5.222712798846205e-09, 6.5464149550156744e-09, 8.205610841308463e-09, 1.0285331703180699e-08, 1.2892160046379322e-08, 1.6159691826959763e-08, 2.0255383039217577e-08, 2.5389131578668973e-08, 3.1824034187401174e-08, 3.988986975875026e-08, 5.0000000000000004e-08]","[0.0, 0.0, 0.0, 0.0, 0.0, 9.911565561496188e-19, 6.959363117588117e-08, 0.00021065465810145097, 0.0034546328971844786, 0.007630172769009392, 0.007143738556132627, 0.0044142320056023004]","[6.424274424613969e-10, 2.0337749695782468e-09, 6.162170640675366e-09, 1.7295699772556988e-08, 4.083993956747081e-08, 7.786005282310883e-08, 1.2062155696582253e-07, 1.5369128147430225e-07, 1.4920268109226558e-07, 9.560880781300131e-08, 4.295474926880223e-08, 1.515977651383999e-08]","[8.683392358045106e-11, 9.549537104129632e-10, 4.8960323828583825e-09, 1.9302591468347766e-08, 6.289884230845524e-08, 1.55095669218307e-07, 2.596269588889519e-07, 2.950353773699617e-07, 2.168704432750719e-07, 9.460150315149403e-08, 2.7724537875446062e-08, 6.286340871092942e-09]","[0.0, 0.0, 0.0, 0.0, 0.0, -5.165648792733661e-20, -1.469342126369619e-09, -1.8017541056164986e-06, -1.1970097855206516e-05, -1.0710309420581746e-05, -4.062242481877529e-06, -1.0168791505485073e-06]","[-3.167117698427356e-14, -4.0617526532871255e-14, -4.985569230138518e-14, -5.668780287300441e-14, -5.4225933052626104e-14, -4.1880040480171895e-14, -2.2939433687960682e-14, 6.429575541148486e-12, 6.724799583620832e-11, 9.454207608920264e-11, 5.633858855335484e-11, 2.2157564926408042e-11]","[-3.1659115112130575e-13, -1.5109470308016217e-12, -3.1727136228482114e-12, -5.090192412918702e-12, -6.7400244870418615e-12, -6.744982057591086e-12, -4.561007052584347e-12, 1.649014518062385e-11, 1.2291385783398297e-10, 1.1042712604062494e-10, 4.191174098365941e-11, 1.0493526484298557e-11]","[Infinity, Infinity, Infinity, Infinity, Infinity, 19.18745535979613, 47.36380311087236, 116.91643018588941, 288.60523439094953, 712.4138500001383, 1758.5701956498817, 4340.96028345281]",1409.516835266047,0.9990047963494019
conditioned_5C_min,5591.360579100481,1688.0209844861029,0.9793448372798088,1.049964081061325e-06,0.9999999952837786,7.483069198181896e-19,0.011363181240533152,44.34151381121091,0.5038606579163935,0.33504477643194347,0.0013081951532028335,0.17314878030516326,9253240778137.56,1923875.3367240364,4809688.3418100905,1.1992200048466279e-06,0.0017314878030516327,8.316547176723367e-07,8.053197773517267e-10,8.053197773521731e-10,1.6932913743412135e-06,0.9999999999994458,0.9999999999994458,295282.9073463676,1.1530108218478255e-18,2.3856143605057695e-10,2.837847315183428e-10,2.7485130788122515e-05,3.338446364500775e-11,173672508.72230172,4773.411616817584,4773.411616533812,2.837723513948731e-07,0.9999999999405514,False,7.977973951750052e-08,1.0000000000000001e-07,0.005473419902496094,0.02100806418548363,7.376936993346178e-07,1.160373643822076e-06,"[4.166666666666667e-09, 5.222712798846205e-09, 6.5464149550156744e-09, 8.205610841308463e-09, 1.0285331703180699e-08, 1.2892160046379322e-08, 1.6159691826959763e-08, 2.0255383039217577e-08, 2.5389131578668973e-08, 3.1824034187401174e-08, 3.988986975875026e-08, 5.0000000000000004e-08]","[0.0, 0.0, 0.0, 0.0, 0.0, 2.590629554496766e-21, 1.3318543057870838e-08, 0.00011497263808268361, 0.0027269509177386964, 0.006942309360054346, 0.006876969785070841, 0.004346848165994004]","[6.403195474082365e-10, 2.031069530747828e-09, 6.158848817449844e-09, 1.72919222496981e-08, 4.083632590921797e-08, 7.78572618459614e-08, 1.2061993326050594e-07, 1.540319724359535e-07, 1.5328347063150252e-07, 1.0166958327853263e-07, 4.6647668261420766e-08, 1.6625323566219164e-08]","[6.795282463010438e-11, 8.589365933555744e-10, 4.6891679867041086e-09, 1.8967232794117705e-08, 6.245290832510667e-08, 1.5464864207240223e-07, 2.593240408170068e-07, 2.9588260865249326e-07, 2.2433520578855989e-07, 1.0168996956236867e-07, 3.047560121334696e-08, 6.981377191984129e-09]","[0.0, 0.0, 0.0, 0.0, 0.0, -1.4791416270992158e-22, -3.0805763476259227e-10, -1.077310201067436e-06, -1.0351300970284986e-05, -1.0675627735577706e-05, -4.284096168884298e-06, -1.0970096485054208e-06]","[-3.45537748478134e-14, -4.4401126237733134e-14, -5.454302172832445e-14, -6.203737043105434e-14, -5.935088841190367e-14, -4.5840584333609036e-14, -2.8071827776828555e-14, 3.821431836540647e-12, 5.790783723347537e-11, 9.383973008911203e-11, 5.916575261330592e-11, 2.3803147400830882e-11]","[-2.605096403980325e-13, -1.4665117151345458e-12, -3.2869807437143856e-12, -5.413455192281058e-12, -7.244339292921878e-12, -7.28082284986009e-12, -4.9451188626126e-12, 8.82368588445066e-12, 1.0604248237249557e-10, 1.0995905326882053e-10, 4.416197332692855e-11, 1.1310811317562352e-11]","[Infinity, Infinity, Infinity, Infinity, Infinity, 17.51441178474112, 43.233932728643154, 106.72194319590102, 263.44040479228954, 650.2951893796685, 1605.2323556643692, 3962.4520822731156]",1414.8709844861028,1.0499640810613249
conditioned_5C_min,5656.196895900049,1693.415893196449,0.9810492544643344,1.1035228014394633e-06,0.9999999948348773,7.483110262732427e-19,0.012584855798578147,45.080705403664446,0.5673341768032997,0.36197397160088857,0.001322682967848308,0.16474512331132213,8376838165081.089,1830501.370125801,4576253.425314504,1.085638226194509e-06,0.0016474512331132213,8.740774664867035e-07,8.400599096271022e-10,8.40059909627153e-10,1.876503529100553e-06,0.9999999999999396,0.9999999999999396,266453.00275009894,6.7581864592912825e-18,2.3043314376840556e-10,2.6355349957565584e-10,2.5504585607487404e-05,3.548405423346475e-11,173655954.18051037,4429.023151397075,4429.023149646737,1.7503380149719305e-06,0.9999999996048027,False,7.977973951750052e-08,1.0000000000000001e-07,0.0030444940617324373,0.019280534264251088,7.529031713863295e-07,1.1759983180319373e-06,"[4.166666666666667e-09, 5.222712798846205e-09, 6.5464149550156744e-09, 8.205610841308463e-09, 1.0285331703180699e-08, 1.2892160046379322e-08, 1.6159691826959763e-08, 2.0255383039217577e-08, 2.5389131578668973e-08, 3.1824034187401174e-08, 3.988986975875026e-08, 5.0000000000000004e-08]","[0.0, 0.0, 0.0, 0.0, 0.0, 1.7587593973219665e-24, 2.0740251143497967e-09, 5.869739804942687e-05, 0.00209935919428264, 0.006254628530760216, 0.006594144791591834, 0.004273702275541859]","[6.38002976684472e-10, 2.02809020218057e-09, 6.155187686512221e-09, 1.728775748103108e-08, 4.0832341264409154e-08, 7.785418417194812e-08, 1.2061802712741273e-07, 1.5423117374384596e-07, 1.5679061873944392e-07, 1.0770775980438412e-07, 5.0549328684614886e-08, 1.8210699503862277e-08]","[5.2462981100797736e-11, 7.654792565900917e-10, 4.4737458099136315e-09, 1.860839614766303e-08, 6.197049358904566e-08, 1.5416289122483092e-07, 2.5899377438555256e-07, 2.963102005450282e-07, 2.3076038784772533e-07, 1.0877344777891583e-07, 3.339138952032349e-08, 7.735648945247871e-09]","[0.0, 0.0, 0.0, 0.0, 0.0, -1.0980976176177143e-25, -5.245891963630544e-11, -6.014440022502178e-07, -8.714338723497455e-06, -1.0517706496234876e-05, -4.492112621862654e-06, -1.1794249058043545e-06]","[-3.767164139134235e-14, -4.8512042625888766e-14, -5.964500102753048e-14, -6.786437717403347e-14, -6.493486539856227e-14, -5.015636755611447e-14, -3.1360808018922796e-14, 2.120366188351932e-12, 4.8633008424200793e-11, 9.223214293120295e-11, 6.189146903893072e-11, 2.553074073293958e-11]","[-2.0844178521892445e-13, -1.406230785018106e-12, -3.3846041406885275e-12, -5.735804860975101e-12, -7.76483723749297e-12, -7.840524313999959e-12, -5.338228039210737e-12, 3.733209425653568e-12, 8.913855553182192e-11, 1.0837633886378592e-10, 4.633225619993656e-11, 1.2167756483597423e-11]","[Infinity, Infinity, Infinity, Infinity, Infinity, 16.016421209778557, 39.53617666411907, 97.59411986788271, 240.908606022153, 594.6760857986715, 1467.9384393656571, 3623.5475904481114]",1420.2658931964488,1.1035228014394634
conditioned_5C_min,5721.518514866829,1698.851291195505,0.9826407958050787,1.1598135548273826e-06,0.9999999943549668,7.482369395538617e-19,0.01398598108250941,45.745478735224815,0.6397954002011907,0.3901678222311714,0.001336782775523884,0.15674933203126573,7583442312422.22,1741659.2447918416,4354148.111979604,9.828141236899196e-07,0.0015674933203126574,9.186642018434712e-07,8.763859069624883e-10,8.763859069624932e-10,2.0822631996368137e-06,0.9999999999999944,0.9999999999999944,240123.3427585953,4.7246699023527695e-18,2.223625984160067e-10,2.4461815855576297e-10,2.3619197132807544e-05,3.7613545169064374e-11,173954792.04760644,4108.672526862987,4108.672525568958,1.2940290616825223e-06,0.9999999996850494,False,7.977973951750052e-08,1.0000000000000001e-07,0.0015765508362971894,0.017666729499313163,7.676958373915797e-07,1.1903173371651218e-06,"[4.166666666666667e-09, 5.222712798846205e-09, 6.5464149550156744e-09, 8.205610841308463e-09, 1.0285331703180699e-08, 1.2892160046379322e-08, 1.6159691826959763e-08, 2.0255383039217577e-08, 2.5389131578668973e-08, 3.1824034187401174e-08, 3.988986975875026e-08, 5.0000000000000004e-08]","[0.0, 0.0, 0.0, 0.0, 0.0, 1.5406945657737187e-28, 2.5589737110444073e-10, 2.785224126940729e-05, 0.0015728638784133376, 0.005575355366737167, 0.006296076602948338, 0.004194581154047542]","[6.354591545683505e-10, 2.0248112552746224e-09, 6.151154706846608e-09, 1.7283168021265908e-08, 4.082794964115003e-08, 7.785079194951815e-08, 1.2061590216927973e-07, 1.5433961165935237e-07, 1.5972771415304028e-07, 1.1366211524943931e-07, 5.4654425487235176e-08, 1.9922733944609214e-08]","[4.011713154656839e-11, 6.756482293026735e-10, 4.25084256633866e-09, 1.822595426179724e-08, 6.14501635336756e-08, 1.536364202635099e-07, 2.586350138639473e-07, 2.9646235226528564e-07, 2.3614363124119156e-07, 1.1577693626488861e-07, 3.6467776380376114e-08, 8.552481163262157e-09]","[0.0, 0.0, 0.0, 0.0, 0.0, -1.050123210147647e-29, -7.065783784926053e-12, -3.115485142834919e-07, -7.127348773220512e-06, -1.023484490969193e-05, -4.682214926936531e-06, -1.2636995019337222e-06]","[-4.104196609467392e-14, -5.297799510643748e-14, -6.519857122887826e-14, -7.421218808956774e-14, -7.10198762120308e-14, -5.486000355418692e-14, -3.4416475490614424e-14, 1.0882249793907319e-12, 3.974830328373746e-11, 8.969258628600223e-11, 6.446839210870364e-11, 2.733710428934258e-11]","[-1.6181331627211264e-13, -1.3310585178429134e-12, -3.4623449570149605e-12, -6.052931889299732e-12, -8.297744022235928e-12, -8.4213734214292e-12, -5.746009123052634e-12, 5.546454244497367e-13, 7.282907797370536e-11, 1.0564510881733284e-10, 4.838623877886116e-11, 1.3062817639496979e-11]","[Infinity, Infinity, Infinity, Infinity, Infinity, 14.671559973968174, 36.216416875133525, 89.39937118128348, 220.6800773273559, 544.7425355178134, 1344.6791104627316, 3319.286861812451]",1425.7012911955048,1.1598135548273825
conditioned_5C_min,5787.322963843076,1704.3269621773516,0.9841237782264943,1.2189757023657864e-06,0.9999999938433849,7.480784728733076e-19,0.01560015315013054,46.32616140952719,0.7226952128462915,0.4195142631482858,0.0013504107843410335,0.1491416109830268,6865191397102.625,1657129.0109225202,4142822.5273063006,8.897288050645002e-07,0.0014914161098302681,9.655253088045833e-07,9.143635439668563e-10,9.143635439668567e-10,2.3135424224029673e-06,0.9999999999999996,0.9999999999999996,216118.79477907892,6.476827373673226e-19,2.1436699513763676e-10,2.2688334491053756e-10,2.1828506998500896e-05,3.975736787314205e-11,174595186.678928,3811.1522545141947,3811.15225432555,1.8864466255763546e-07,0.9999999999505019,False,7.977973951750052e-08,1.0000000000000001e-07,0.0007546406334626083,0.0161623604231796,7.820672036634228e-07,1.203389861402677e-06,"[4.166666666666667e-09, 5.222712798846205e-09, 6.5464149550156744e-09, 8.205610841308463e-09, 1.0285331703180699e-08, 1.2892160046379322e-08, 1.6159691826959763e-08, 2.0255383039217577e-08, 2.5389131578668973e-08, 3.1824034187401174e-08, 3.988986975875026e-08, 5.0000000000000004e-08]","[0.0, 0.0, 0.0, 0.0, 0.0, 2.228144035277841e-34, 2.4241136983741686e-11, 1.219674966686226e-05, 0.0011441246081634762, 0.004912875416891349, 0.005983866499252399, 0.004109297124964377]","[6.326680085578011e-10, 2.0212046006992326e-09, 6.146714212873128e-09, 1.7278112766425242e-08, 4.082311150647281e-08, 7.784705457931805e-08, 1.2061355693554562e-07, 1.5439398781890034e-07, 1.6211924210134786e-07, 1.194691630341314e-07, 5.895426747230754e-08, 2.176812062684366e-08]","[3.057911363441895e-11, 5.904497881695164e-10, 4.021766581363762e-09, 1.7820076276707467e-08, 6.089072683588987e-08, 1.5306739437760231e-07, 2.582464114084537e-07, 2.9644394112628724e-07, 2.4052279318909386e-07, 1.2262255877062505e-07, 3.969802994062771e-08, 9.435133994222166e-09]","[0.0, 0.0, 0.0, 0.0, 0.0, -1.6552677452274494e-35, -7.295394634196845e-13, -1.4869998711976986e-07, -5.650820145309453e-06, -9.829824185691888e-06, -4.850254492103713e-06, -1.3493482480241481e-06]","[-4.4682617486346746e-14, -5.782870481291417e-14, -7.124373257476456e-14, -8.112793159244888e-14, -7.765164467735551e-14, -5.998700739706709e-14, -3.764979008943088e-14, 5.088933636448271e-13, 3.154117210499803e-11, 8.622383508647333e-11, 6.684485355754804e-11, 2.9217359946178703e-11]","[-1.2157311274747638e-13, -1.2426557255196357e-12, -3.5172277808693884e-12, -6.3601591638719515e-12, -8.83864916882999e-12, -9.020030780078659e-12, -6.168297979056527e-12, -1.324005844576475e-12, 5.767350729749803e-11, 1.0176721751635336e-10, 5.0284207740620464e-11, 1.3993644038473757e-11]","[Infinity, Infinity, Infinity, Infinity, Infinity, 13.460928249838355, 33.227999579505145, 82.0225334454026, 202.4705403361977, 499.79280647180246, 1233.7221704539882, 3045.3940492987076]",1431.1769621773515,1.2189757023657863
conditioned_5C_min,5853.608360568435,1709.8427397552668,0.9855026759752707,1.2811557140141478e-06,0.9999999932996817,7.478282432214855e-19,0.01746915372057369,46.812065154651876,0.8177671621641247,0.4498745379416691,0.0013635353767953262,0.14190312544474384,6214968213267.503,1576701.3938304873,3941753.484576218,8.054598804394683e-07,0.0014190312544474384,1.0147768031795232e-06,9.540615829993676e-10,9.540615829993676e-10,2.5736563907289816e-06,1.0,1.0,194276.12862429404,3.1362674817245088e-18,2.0647551895165295e-10,2.1029858070704702e-10,2.0132595992843273e-05,4.1898367352719817e-11,175609749.13530296,3535.480132723076,3535.4801317456127,9.774635145731736e-07,0.9999999997235274,False,7.977973951750052e-08,1.0000000000000001e-07,0.00033129063948645634,0.014762985892225074,7.960144973744452e-07,1.2152730062157354e-06,"[4.166666666666667e-09, 5.222712798846205e-09, 6.5464149550156744e-09, 8.205610841308463e-09, 1.0285331703180699e-08, 1.2892160046379322e-08, 1.6159691826959763e-08, 2.0255383039217577e-08, 2.5389131578668973e-08, 3.1824034187401174e-08, 3.988986975875026e-08, 5.0000000000000004e-08]","[0.0, 0.0, 0.0, 0.0, 0.0, 0.0, 1.6982856472762444e-12, 4.89083733867913e-06, 0.0008060030256510932, 0.004275463491013052, 0.0056589309567138335, 0.004017697579810132]","[6.296078902382014e-10, 2.0172395950432073e-09, 6.141827128228509e-09, 1.727254660526961e-08, 4.081778344383843e-08, 7.78429384468249e-08, 1.2061097342267127e-07, 1.5441862914632243e-07, 1.6400803487202332e-07, 1.250651971757906e-07, 6.343642200891847e-08, 2.3753297639276213e-08]","[2.3455023702631215e-11, 5.10781885553367e-10, 3.78804151268957e-09, 1.73912569061347e-08, 6.029128291132128e-08, 1.5245418603396034e-07, 2.578266670473922e-07, 2.963246781368918e-07, 2.4397133362239976e-07, 1.2923204157023366e-07, 4.3072537651660105e-08, 1.0386743913796185e-08]","[0.0, 0.0, 0.0, 0.0, 0.0, 0.0, -5.561834213681088e-14, -6.488757406853544e-08, -4.331978876547231e-06, -9.309035892270098e-06, -4.991470802751636e-06, -1.4356390618326266e-06]","[-4.861205762849589e-14, -6.309599336492772e-14, -7.782378380253607e-14, -8.866282876733955e-14, -8.487994378768057e-14, -6.557606363637227e-14, -4.116063535428886e-14, 2.098209852700463e-13, 2.4238435097119162e-11, 8.186265630376113e-11, 6.896577729055067e-11, 3.1164786118307904e-11]","[-8.8139502110641e-14, -1.1433346374553597e-12, -3.546709181047891e-12, -6.6525610554411e-12, -9.382564413408205e-12, -9.632554927419924e-12, -6.603104226815511e-12, -2.39604235587985e-12, 4.411868797827138e-11, 9.678576199670547e-11, 5.198379487731355e-11, 1.4956978801615277e-11]","[Infinity, Infinity, Infinity, Infinity, Infinity, Infinity, 30.534632677449725, 75.37402050989513, 186.05885407583324, 459.2810190541052, 1133.7201358754314, 2798.5429531859127]",1436.6927397552668,1.2811557140141479
conditioned_5C_min,5920.3733690109575,1715.398503767511,0.9867821247015606,1.3465075311719105e-06,0.9999999927236439,7.474780815264762e-19,0.019644947599937148,47.19209554800137,0.927086244171714,0.48108186490127086,0.001376160732104358,0.13501595482482998,5626329647302.632,1500177.275831444,3750443.1895786105,7.29172322290421e-07,0.0013501595482482997,1.066540618750028e-06,9.955518911098062e-10,9.955518911098062e-10,2.8663068572383553e-06,1.0,1.0,174440.49953595782,0.0,1.9872521229995864e-10,1.9485395533021207e-10,1.8531430334621564e-05,4.4017970620758245e-11,177036366.04959625,3280.7370838773513,3280.7370841426555,0.0,1.0000000000808673,False,7.977973951750052e-08,1.0000000000000001e-07,0.0001322622028505114,0.013464000709832865,8.095373982725021e-07,1.2260247705009633e-06,"[4.166666666666667e-09, 5.222712798846205e-09, 6.5464149550156744e-09, 8.205610841308463e-09, 1.0285331703180699e-08, 1.2892160046379322e-08, 1.6159691826959763e-08, 2.0255383039217577e-08, 2.5389131578668973e-08, 3.1824034187401174e-08, 3.988986975875026e-08, 5.0000000000000004e-08]","[0.0, 0.0, 0.0, 0.0, 0.0, 0.0, 8.415072585347388e-14, 1.780778308912618e-06, 0.0005484348840504175, 0.003671038867323334, 0.005323059302613043, 0.0039196868774530064]","[6.262555006452235e-10, 2.012882835468865e-09, 6.136450654802782e-09, 1.7266420037741213e-08, 4.0811917777174803e-08, 7.783840662853053e-08, 1.2060812885675808e-07, 1.5442824788468995e-07, 1.6545123432411943e-07, 1.3038870717815296e-07, 6.808443396839895e-08, 2.5884312626019316e-08]","[1.8327253963454767e-11, 4.3739009072988496e-10, 3.5513787375490378e-09, 1.6940338708416594e-08, 5.96512675438258e-08, 1.5179542122280565e-07, 2.5737461382445426e-07, 2.961467248644589e-07, 2.465908198280448e-07, 1.3552964277604332e-07, 4.657858804043345e-08, 1.1410257610238245e-08]","[0.0, 0.0, 0.0, 0.0, 0.0, 0.0, -2.9936527975517397e-15, -2.5664005587325938e-08, -3.201923846575897e-06, -8.682539358341165e-06, -5.100253110008838e-06, -1.5214430398602849e-06]","[-5.284922158290899e-14, -6.881387179085645e-14, -8.498557159295204e-14, -9.687254536806719e-14, -9.27589595072498e-14, -7.166931583240161e-14, -4.498692319464483e-14, 6.849277844910762e-14, 1.7989946848441967e-11, 7.66840668613317e-11, 7.077449868481301e-11, 3.317072150671573e-11]","[-6.141792491684673e-14, -1.0359345248194044e-12, -3.5488216730287486e-12, -6.925072748300164e-12, -9.923959903947999e-12, -1.0254397617620909e-11, -7.047726712498482e-12, -3.013741521648686e-12, 3.246678528453978e-11, 9.079028739441467e-11, 5.344137287011245e-11, 1.5948611787168167e-11]","[Infinity, Infinity, Infinity, Infinity, Infinity, Infinity, 28.109714634340285, 69.38816712976589, 171.2829256188925, 422.8070516946901, 1043.6853206690791, 2576.2955133785053]",1442.248503767511,1.3465075311719106
conditioned_5C_min,5987.617158919524,1720.9941768539984,0.9879668836418977,1.415192947797017e-06,0.9999999921153202,7.470198232566061e-19,0.022191832584404856,47.45585289426908,1.053132342579764,0.5129393370017743,0.0013882943048857935,0.12846304829528854,5093442832505.444,1427367.203280984,3568418.0082024597,6.601101910927056e-07,0.0012846304829528855,1.1209449091461523e-06,1.0389095622386915e-09,1.0389095622386915e-09,3.1956568152853547e-06,1.0,1.0,156462.35778773783,0.0,1.91152737540845e-10,1.805559092122149e-10,1.702426979557798e-05,4.609633063467227e-11,178915554.68117738,3045.9066729193137,3045.9066735178485,0.0,1.0000000001965046,False,7.977973951750052e-08,1.0000000000000001e-07,4.75934690573929e-05,0.012260665586270855,8.226383906776424e-07,1.2357061828915622e-06,"[4.166666666666667e-09, 5.222712798846205e-09, 6.5464149550156744e-09, 8.205610841308463e-09, 1.0285331703180699e-08, 1.2892160046379322e-08, 1.6159691826959763e-08, 2.0255383039217577e-08, 2.5389131578668973e-08, 3.1824034187401174e-08, 3.988986975875026e-08, 5.0000000000000004e-08]","[0.0, 0.0, 0.0, 0.0, 0.0, 0.0, 2.7967178819307826e-15, 5.83527605406506e-07, 0.0003594690578122392, 0.0031068822281561334, 0.0049784746868573836, 0.0038152560858368966]","[6.22585822911379e-10, 2.008097942794447e-09, 6.130537935575109e-09, 1.7259678757778505e-08, 4.080546215852115e-08, 7.783341856928812e-08, 1.206049977974279e-07, 1.5443091580134674e-07, 1.6651520955884504e-07, 1.3538312059677203e-07, 7.287768475841679e-08, 2.8166680977965144e-08]","[1.4786734276177334e-11, 3.708320474021685e-10, 3.313639643892778e-09, 1.646852757496113e-08, 5.897049767933666e-08, 1.5109002788403466e-07, 2.568892612983522e-07, 2.959331265440328e-07, 2.485013795311283e-07, 1.4144548180899381e-07, 5.0200259756307175e-08, 1.2508362388844338e-08]","[0.0, 0.0, 0.0, 0.0, 0.0, 0.0, -1.0784391837591374e-16, -9.115477652819472e-09, -2.2748401614127487e-06, -7.96500447096947e-06, -5.170472080529436e-06, -1.6052087124712507e-06]","[-5.741335346839688e-14, -7.501861373927741e-14, -9.27797469198717e-14, -1.058175649882294e-13, -1.0134768019335183e-13, -7.831267757191408e-14, -4.915885130610731e-14, 7.327955807760414e-15, 1.286038357275763e-11, 7.080369339684969e-11, 7.221548699191979e-11, 3.522461294499004e-11]","[-4.088432765029723e-14, -9.236438330848206e-13, -3.5222942697469483e-12, -7.172602949352771e-12, -1.0456797298953372e-11, -1.0880388520608842e-11, -7.498976687300605e-12, -3.4007012357324844e-12, 2.2858623271874692e-11, 8.391970059769436e-11, 5.4614141936684416e-11, 1.6963401893719313e-11]","[Infinity, Infinity, Infinity, Infinity, Infinity, Infinity, 25.93301434191408, 64.01503329076974, 158.01947930662408, 390.0666019058713, 962.8665640812449, 2376.7975193476454]",1447.8441768539983,1.415192947797017
conditioned_5C_min,6055.339368443856,1726.6297212912395,0.9890617694112782,1.4873820109653096e-06,0.9999999914750426,7.46446159893726e-19,0.02518887871829884,47.59484351869864,1.1988607410089116,0.5452190394098508,0.001399914312241723,0.12222818257833573,4611027350741.658,1358090.9175370636,3395227.293842659,5.975891446561188e-07,0.0012222818257833573,1.1781243651210374e-06,1.0842130448703973e-09,1.0842130448703973e-09,3.5664331061860587e-06,1.0,1.0,140196.09652364955,0.0,1.8378616787795408e-10,1.6739828028515315e-10,1.5609393372537522e-05,4.811259588322042e-11,181287534.38379908,2829.788437463445,2829.7884377341416,0.0,1.0000000000956597,False,7.977973951750052e-08,1.0000000000000001e-07,1.529622328924468e-05,0.011148169447485583,8.353225498034612e-07,1.2443816728529066e-06,"[4.166666666666667e-09, 5.222712798846205e-09, 6.5464149550156744e-09, 8.205610841308463e-09, 1.0285331703180699e-08, 1.2892160046379322e-08, 1.6159691826959763e-08, 2.0255383039217577e-08, 2.5389131578668973e-08, 3.1824034187401174e-08, 3.988986975875026e-08, 5.0000000000000004e-08]","[0.0, 0.0, 0.0, 0.0, 0.0, 0.0, 5.852168213247349e-17, 1.7052488907655327e-07, 0.00022635658183223684, 0.0025892726029778084, 0.00462785858572773, 0.003704511152058672]","[6.185720656662765e-10, 2.002845333825973e-09, 6.124037689911321e-09, 1.7252263197792565e-08, 4.0798359116209206e-08, 7.782792972829893e-08, 1.2060155225509064e-07, 1.5443061976984967e-07, 1.6726997755367075e-07, 1.3999969612557705e-07, 7.77914505529314e-08, 3.0605246414637445e-08]","[1.2459283158511976e-11, 3.114539056121744e-10, 3.0767888871722036e-09, 1.597740024861869e-08, 5.824921448154492e-08, 1.5033728621453876e-07, 2.5636983229173057e-07, 2.956951591387948e-07, 2.4983114150519784e-07, 1.4691905599433506e-07, 5.39184632624312e-08, 1.3683417639772184e-08]","[0.0, 0.0, 0.0, 0.0, 0.0, 0.0, -2.4397734974572646e-18, -2.8799935420533085e-09, -1.5487032963645863e-06, -7.1766992016705335e-06, -5.196365953550112e-06, -1.685095455672016e-06]","[-6.232379127035216e-14, -8.174880816718798e-14, -1.0126102696640917e-13, -1.1556358439989874e-13, -1.1071031363203487e-13, -8.555616685246759e-14, -5.370802646247213e-14, -1.739431655215266e-14, 8.830421897598069e-12, 6.437603033446533e-11, 7.323760840804176e-11, 3.7314189326972476e-11]","[-2.5713985595259224e-14, -8.097899916032557e-13, -3.4666549752635718e-12, -7.39017602869576e-12, -1.0974601358983673e-11, -1.1504752378880041e-11, -7.953215237016013e-12, -3.6825967647026315e-12, 1.5274936359094053e-11, 7.63602524763504e-11, 5.546263561815191e-11, 1.7995360669076544e-11]","[Infinity, Infinity, Infinity, Infinity, Infinity, Infinity, 23.986522598702248, 59.21016369883126, 146.15877835579252, 360.78878746584485, 890.5952019345399, 2198.3983990873166]",1453.4797212912395,1.4873820109653095
conditioned_5C_min,6123.540069659744,1732.3051360721252,0.9900715856229131,1.5632534418624887e-06,0.9999999908034436,7.45751205229939e-19,0.02873298329488412,47.60335403300472,1.3677863762107794,0.5776646026655825,0.0014109531863579002,0.11629592178181944,4174302908358.97,1292176.9086868826,3230442.2717172066,5.409896569233225e-07,0.0011629592178181943,1.238220548009892e-06,1.1315442753398407e-09,1.1315442753398407e-09,3.984042443716003e-06,1.0,1.0,125500.67100531165,1.7261954548740822e-18,1.7664044684599875e-10,1.553427516185324e-10,1.4284208869556605e-05,5.004544822212653e-11,184190333.40899867,2631.0131949227807,2631.013194167407,7.553735485998914e-07,0.9999999997128963,False,7.977973951750052e-08,1.0000000000000001e-07,4.350935570713005e-06,0.010121700995299743,8.475968469561064e-07,1.252117661698256e-06,"[4.166666666666667e-09, 5.222712798846205e-09, 6.5464149550156744e-09, 8.205610841308463e-09, 1.0285331703180699e-08, 1.2892160046379322e-08, 1.6159691826959763e-08, 2.0255383039217577e-08, 2.5389131578668973e-08, 3.1824034187401174e-08, 3.988986975875026e-08, 5.0000000000000004e-08]","[0.0, 0.0, 0.0, 0.0, 0.0, 0.0, 7.14297349788972e-19, 4.4038868895856574e-08, 0.00013659223740207561, 0.0021230687046269476, 0.004274306747649162, 0.003587689266752662]","[6.141856213394223e-10, 1.9970819841085656e-09, 6.116893819981462e-09, 1.7244108031855923e-08, 4.0790545560184844e-08, 7.782189119093317e-08, 1.2059776148320923e-07, 1.54429114563074e-07, 1.677837830810715e-07, 1.4420024203359715e-07, 8.279718853016722e-08, 3.320405105658398e-08]","[1.1023427870463632e-11, 2.5938086378823553e-10, 2.842839501696903e-09, 1.5468900906649898e-08, 5.748812073858443e-08, 1.4953687738914345e-07, 2.5581579828219715e-07, 2.9543770434441835e-07, 2.5070591436477707e-07, 1.5190255331274068e-07, 5.7711157725872375e-08, 1.4937390840516797e-08]","[0.0, 0.0, 0.0, 0.0, 0.0, 0.0, -3.2101434516019644e-20, -8.017751540654518e-10, -1.0074275543745356e-06, -6.343424046741138e-06, -5.1736624452918e-06, -1.7592243150832157e-06]","[-6.759969293134534e-14, -8.904538747426602e-14, -1.1048846296561185e-13, -1.2618193444817691e-13, -1.20916736171642e-13, -9.345426769692061e-14, -5.866878045669713e-14, -2.7485678666839594e-14, 5.808129461553251e-12, 5.758705243708532e-11, 7.379730508801876e-11, 3.94256905171158e-11]","[-1.492756560819739e-14, -6.97618369771002e-13, -3.3823138601882456e-12, -7.573124042359111e-12, -1.1470611294701895e-11, -1.2121204567291723e-11, -8.406407017531473e-12, -3.9212937379889375e-12, 9.557150529732174e-12, 6.833671849198732e-11, 5.595317141097629e-11, 1.9037763419150667e-11]","[Infinity, Infinity, Infinity, Infinity, Infinity, Infinity, 22.2512595015813, 54.926706910977096, 135.5851711708236, 334.68812568468445, 826.1665295807845, 2039.3586173136512]",1459.155136072125,1.5632534418624886
conditioned_5C_min,6192.219736832946,1738.0204542167235,0.9910010704291332,1.6429950782508915e-06,0.999999990101464,7.449305597325525e-19,0.03294303795428343,47.478690063803974,1.564092288791554,0.6099984371189324,0.001421305257860074,0.1106515791839995,3778941967874.356,1229461.990933328,3073654.9773333194,4.897508790365165e-07,0.001106515791839995,1.301382240198726e-06,1.1809888170017505e-09,1.1809888170017505e-09,4.454681034869874e-06,1.0,1.0,112241.48173262094,2.0636670100474155e-20,1.6971806987561496e-10,1.4431585081134408e-10,1.3045627246372599e-05,5.187394979003313e-11,187659812.6547289,2448.1399650277176,2448.1399650177086,1.0008989193011075e-08,0.9999999999959116,False,7.977973951750052e-08,1.0000000000000001e-07,1.0854133242509374e-06,0.009176506039736333,8.59469262111708e-07,1.2589801659803878e-06,"[4.166666666666667e-09, 5.222712798846205e-09, 6.5464149550156744e-09, 8.205610841308463e-09, 1.0285331703180699e-08, 1.2892160046379322e-08, 1.6159691826959763e-08, 2.0255383039217577e-08, 2.5389131578668973e-08, 3.1824034187401174e-08, 3.988986975875026e-08, 5.0000000000000004e-08]","[0.0, 0.0, 0.0, 0.0, 0.0, 0.0, 4.624328667973663e-21, 9.960301925594394e-09, 7.880186243305227e-05, 0.0017113263392386485, 0.00392121035554741, 0.003465157522215296]","[6.093960442183635e-10, 1.9907611826049884e-09, 6.109044986863035e-09, 1.7235141634268075e-08, 4.0781952240587485e-08, 7.781524924316565e-08, 1.2059359171228414e-07, 1.544270773342262e-07, 1.6811853707466478e-07, 1.4795925724987603e-07, 8.786303670927696e-08, 3.5966216699672245e-08]","[1.0218908529529167e-11, 2.1452259305853548e-10, 2.6137912345507224e-09, 1.4945322867968474e-08, 5.6688406284622587e-08, 1.486889244162096e-07, 2.552269104759814e-07, 2.9516262209384054e-07, 2.512404397660784e-07, 1.5636347559459432e-07, 6.155373275369228e-08, 1.6271798991261516e-08]","[0.0, 0.0, 0.0, 0.0, 0.0, 0.0, -2.2333209476669917e-22, -1.9487045306817632e-10, -6.24570338947611e-07, -5.494771279005238e-06, -5.10046378176046e-06, -1.8259402288572477e-06]","[-7.325969589226212e-14, -9.695162679784083e-14, -1.2052571485537874e-13, -1.3775003104990962e-13, -1.320429797920726e-13, -1.0206632398723843e-13, -6.407851623006629e-14, -3.251397044615723e-14, 3.649453199607974e-12, 5.064139767878825e-11, 7.386107888003463e-11, 4.154405931621578e-11]","[-7.526699607285321e-15, -5.900807651149121e-13, -3.270612795217327e-12, -7.717325930905836e-12, -1.1938027084947568e-11, -1.2723147645217534e-11, -8.854238764221071e-12, -4.1428051795567436e-12, 5.445638514789516e-12, 6.0097005926317e-11, 5.6059777863434904e-11, 2.0083243581557822e-11]","[Infinity, Infinity, Infinity, Infinity, Infinity, Infinity, 20.706064091703457, 51.11242760907287, 126.16971623377422, 311.44632821704334, 768.7948632377069, 1897.7387471132838]",1464.8704542167234,1.6429950782508915
conditioned_5C_min,6261.379217254421,1743.7757403001401,0.9918548721850319,1.7268043395065228e-06,0.9999999893703464,7.439808887322255e-19,0.037965790583240955,47.220782163767275,1.792774326806428,0.6419331163275508,0.0014308552731525813,0.10528118087307671,3421026866058.486,1169790.8985897412,2924477.246474353,4.4336508184117977e-07,0.001052811808730767,1.367765813470513e-06,1.2326360054796083e-09,1.2326360054796083e-09,4.985423099244214e-06,1.0,1.0,100292.39044441376,0.0,1.6301396079165799e-10,1.3422077638498954e-10,1.1890483924230049e-05,5.357859306755342e-11,191731645.94026852,2279.782053455957,2279.7820538189303,0.0,1.0000000001592142,False,7.977973951750052e-08,1.0000000000000001e-07,2.3530649341924268e-07,0.008307917556905794,8.709480420996315e-07,1.265032494753334e-06,"[4.166666666666667e-09, 5.222712798846205e-09, 6.5464149550156744e-09, 8.205610841308463e-09, 1.0285331703180699e-08, 1.2892160046379322e-08, 1.6159691826959763e-08, 2.0255383039217577e-08, 2.5389131578668973e-08, 3.1824034187401174e-08, 3.988986975875026e-08, 5.0000000000000004e-08]","[0.0, 0.0, 0.0, 0.0, 0.0, 0.0, 1.4029094269481115e-23, 1.95490694793165e-09, 4.336665786948742e-05, 0.001355066316109309, 0.0035720869873261184, 0.0033373956406939306]","[6.041710539027032e-10, 1.983832280218389e-09, 6.100424154804896e-09, 1.7225285489722437e-08, 4.077250315514324e-08, 7.780794490492831e-08, 1.2058900585486087e-07, 1.5442472837614494e-07, 1.6832669109585436e-07, 1.512651451286928e-07, 9.295447728551087e-08, 3.889383331984758e-08]","[9.846808398573027e-12, 1.7659293361184892e-10, 2.3915647908714393e-09, 1.4409272307506051e-08, 5.5851754836873936e-08, 1.4779401804700635e-07, 2.54603221835381e-07, 2.9487057439799215e-07, 2.5153233042456887e-07, 1.6028614756544144e-07, 6.5419517166973e-08, 1.7687653638709172e-08]","[0.0, 0.0, 0.0, 0.0, 0.0, 0.0, -7.258301419361192e-25, -4.097344801135585e-11, -3.682169490253036e-07, -4.661012946312026e-06, -4.977537836338299e-06, -1.8839716017407584e-06]","[-7.932150097376626e-14, -1.0551310854515083e-13, -1.3144133257229332e-13, -1.5035186028739864e-13, -1.4417176270475051e-13, -1.1145697041482467e-13, -6.997798938520727e-14, -3.6147067598634716e-14, 2.1839027003318323e-12, 4.3746306384191517e-11, 7.340699254669446e-11, 4.3653037925264123e-11]","[-2.598559686860367e-15, -4.896534967739639e-13, -3.133819213492277e-12, -7.819462297709243e-12, -1.237032599291974e-11, -1.3303951918944373e-11, -9.292297337828948e-12, -4.355814779198997e-12, 2.628104107485583e-12, 5.189278767418224e-11, 5.576537331993767e-11, 2.1123841812385038e-11]","[Infinity, Infinity, Infinity, Infinity, Infinity, Infinity, 19.32834344969353, 47.71155572237525, 117.77474661142578, 290.72356839975953, 717.6413529693842, 1771.468124896486]",1470.62574030014,1.726804339506523
conditioned_5C_min,6331.019704481472,1749.5710881836026,0.992637549050684,1.8148887153776482e-06,0.9999999886116145,7.428992467522713e-19,0.043983968406414456,46.83144758730851,2.059832911106832,0.6731847688904455,0.0014395148474742319,0.10017143115145241,3097010993496.9663,1113015.9016828046,2782539.7542070113,4.013726247572068e-07,0.0010017143115145241,1.4375356161407115e-06,1.286579100220362e-09,1.286579100220362e-09,5.5842879348034714e-06,1.0,1.0,89536.93037277035,0.0,1.5652177843592193e-10,1.2495608778139952e-10,1.0815812581640108e-05,5.514234248931517e-11,196444459.0164042,2124.7064507144373,2124.7064514231092,0.0,1.0000000003335388,False,7.977973951750052e-08,1.0000000000000001e-07,4.3909804289363234e-08,0.0075113599728092,8.820413315479725e-07,1.2703338683500353e-06,"[4.166666666666667e-09, 5.222712798846205e-09, 6.5464149550156744e-09, 8.205610841308463e-09, 1.0285331703180699e-08, 1.2892160046379322e-08, 1.6159691826959763e-08, 2.0255383039217577e-08, 2.5389131578668973e-08, 3.1824034187401174e-08, 3.988986975875026e-08, 5.0000000000000004e-08]","[0.0, 0.0, 0.0, 0.0, 0.0, 0.0, 1.679729453195056e-26, 3.2982234635300874e-10, 2.271642810779405e-05, 0.001053268276295499, 0.0032304036890650535, 0.0032049712495185075]","[5.984765707296291e-10, 1.976240434654731e-09, 6.090958102146489e-09, 1.7214453550920926e-08, 4.0762114900396554e-08, 7.779991341821652e-08, 1.2058396318150676e-07, 1.544221185482166e-07, 1.6844981839335673e-07, 1.5412032260556663e-07, 9.803510333576792e-08, 4.198784850649307e-08]","[9.763453878575905e-12, 1.4514181356042315e-10, 2.1779363669296096e-09, 1.3863613515472278e-08, 5.4980328058531133e-08, 1.4685322255207411e-07, 2.5394509634009836e-07, 2.9456187284685954e-07, 2.5165922480630237e-07, 1.6367189316199205e-07, 6.928036893886236e-08, 1.9185406495474434e-08]","[0.0, 0.0, 0.0, 0.0, 0.0, 0.0, -9.282353278994947e-28, -7.383629597297481e-12, -2.0601616058480376e-07, -3.869654739805545e-06, -4.807982142106441e-06, -1.9324327042963827e-06]","[-8.580136956132995e-14, -1.1477764343195963e-13, -1.4330904139152051e-13, -1.6407849959638462e-13, -1.5739306751536077e-13, -1.2169660435096427e-13, -7.641161103826006e-14, -3.961279202663327e-14, 1.2397083369773521e-12, 3.709553190582377e-11, 7.242534970708066e-11, 4.5735185560101255e-11]","[6.20365099328473e-16, -3.982045370907808e-13, -2.9750446807914983e-12, -7.877236755045877e-12, -1.2761592967322238e-11, -1.3857269087517954e-11, -9.716274743519298e-12, -4.56187532183178e-12, 7.872700630874014e-13, 4.396002260462025e-11, 5.506231299706566e-11, 2.2151017355331134e-11]","[Infinity, Infinity, Infinity, Infinity, Infinity, Infinity, 18.09594402096415, 44.66940574507267, 110.26527260439427, 272.1866282955329, 671.8834624559921, 1658.5163573318162]",1476.4210881836025,1.814888715377648
conditioned_5C_min,6401.142713823214,1755.4066189352338,0.9933535788851142,1.9074662796749867e-06,0.9999999878270375,7.416824693835587e-19,0.05122715845465701,46.31370770789719,2.372519643375119,0.7034857893372478,0.0014472514920911583,0.09530967961906876,2803683650953.559,1058996.4402118751,2647491.100529688,3.633574011635812e-07,0.0009530967961906877,1.5108643799405836e-06,1.342915442590065e-09,1.342915442590065e-09,6.260301466960008e-06,1.0,1.0,79868.35819949725,0.0,1.502387788947912e-10,1.1643225560871502e-10,9.81888897875079e-06,5.6551453234144316e-11,201842912.17261425,1981.873145563981,1981.8731457706458,0.0,1.0000000001042775,False,7.977973951750052e-08,1.0000000000000001e-07,6.981964905500514e-09,0.006782340063558219,8.927572082127664e-07,1.2749392244335672e-06,"[4.166666666666667e-09, 5.222712798846205e-09, 6.5464149550156744e-09, 8.205610841308463e-09, 1.0285331703180699e-08, 1.2892160046379322e-08, 1.6159691826959763e-08, 2.0255383039217577e-08, 2.5389131578668973e-08, 3.1824034187401174e-08, 3.988986975875026e-08, 5.0000000000000004e-08]","[0.0, 0.0, 0.0, 0.0, 0.0, 0.0, 6.131151076690095e-30, 4.7354060300933614e-11, 1.1301592966966318e-05, 0.0008030908844499733, 0.0028994295556939924, 0.0030685179830932264]","[5.922767908655798e-10, 1.967926354942565e-09, 6.080566897598423e-09, 1.7202551539245713e-08, 4.075069596137547e-08, 7.779108368538791e-08, 1.2057841896494516e-07, 1.544192433443551e-07, 1.6851878202621882e-07, 1.5654026150689466e-07, 1.0306744657045775e-07, 4.524795457047919e-08]","[9.870722476080253e-12, 1.1959595098014048e-10, 1.9744780122232357e-09, 1.3311398670389148e-08, 5.4076726746296563e-08, 1.458680599471787e-07, 2.5325320421232056e-07, 2.942368128814959e-07, 2.5167895154766625e-07, 1.665379180240506e-07, 7.310731361341467e-08, 2.0764894105075506e-08]","[0.0, 0.0, 0.0, 0.0, 0.0, 0.0, -3.6088792201200524e-31, -1.129168194683088e-12, -1.0917231476586089e-07, -3.1427480068029215e-06, -4.596532304400536e-06, -1.9707008819273534e-06]","[-9.271352114279409e-14, -1.2479513600611818e-13, -1.5620802577199043e-13, -1.7902867456609236e-13, -1.7180476900886867e-13, -1.3286190105145396e-13, -8.34277789414908e-14, -4.327807104342654e-14, 6.632523014417378e-13, 3.085602039943918e-11, 7.091899665953923e-11, 4.777190698427265e-11]","[2.7204098422894278e-15, -3.169250615796916e-13, -2.7980847946097184e-12, -7.889519266024626e-12, -1.310680307692061e-11, -1.437731850356542e-11, -1.0122159707757813e-11, -4.760123752993553e-12, -3.6203463874585565e-13, 3.6502747522423144e-11, 5.395263854122872e-11, 2.3155664703273838e-11]","[Infinity, Infinity, Infinity, Infinity, Infinity, Infinity, 16.98907251455796, 41.93711842390671, 103.5206864597912, 255.53779135698116, 630.7862892463944, 1557.0693712240102]",1482.2566189352337,1.9074662796749866
conditioned_5C_min,6471.750059914173,1761.2824789274023,0.9940073647044331,2.0047662301652684e-06,0.999999987018586,7.40326886730874e-19,0.05998590645755514,45.67145873279155,2.7396438513253236,0.7325948566878631,0.0014540998131038138,0.0906838898543362,2538138234294.2534,1007598.7761592912,2518996.940398228,3.2894271516453523e-07,0.000906838898543362,1.587933647655658e-06,1.4017466207552272e-09,1.4017466207552272e-09,7.023578421376708e-06,1.0,1.0,71188.7829825062,1.776822789877403e-19,1.4416760566950583e-10,1.0858040441025381e-10,8.897086587440498e-06,5.779594504355618e-11,207979662.9915434,1850.4130702038076,1850.4130700624557,1.4135184756014496e-07,0.9999999999236107,False,7.977973951750052e-08,1.0000000000000001e-07,9.35736675879076e-10,0.006116439639006193,9.031039824799999e-07,1.2788999433924533e-06,"[4.166666666666667e-09, 5.222712798846205e-09, 6.5464149550156744e-09, 8.205610841308463e-09, 1.0285331703180699e-08, 1.2892160046379322e-08, 1.6159691826959763e-08, 2.0255383039217577e-08, 2.5389131578668973e-08, 3.1824034187401174e-08, 3.988986975875026e-08, 5.0000000000000004e-08]","[0.0, 0.0, 0.0, 0.0, 0.0, 0.0, 4.408942947364138e-34, 5.72337689601867e-12, 5.328327441378971e-06, 0.0006002544394407813, 0.002582133807252764, 0.0029287230591478917]","[5.855343100501158e-10, 1.9588260500200123e-09, 6.069163341015827e-09, 1.71894761840158e-08, 4.0738145933963774e-08, 7.778137765276538e-08, 1.2057232408916484e-07, 1.544160814345524e-07, 1.6855505895310388e-07, 1.585516636884928e-07, 1.0801385348727971e-07, 4.867247735557542e-08]","[1.0105226518640622e-11, 9.930386870883691e-11, 1.7825092940237816e-09, 1.2755787830217631e-08, 5.3143932954776095e-08, 1.4484047511103897e-07, 2.5252850442493893e-07, 2.9389578079126736e-07, 2.5163190226742186e-07, 1.6891513715548057e-07, 7.687122096334527e-08, 2.2425283504715492e-08]","[0.0, 0.0, 0.0, 0.0, 0.0, 0.0, -2.757055555188495e-35, -1.4498880997181767e-13, -5.4682015578318807e-08, -2.4955199004952206e-06, -4.348879337079028e-06, -1.9982568337505085e-06]","[-1.0006941706026268e-13, -1.356173796054746e-13, -1.702232035839587e-13, -1.9530934893270773e-13, -1.875133122350046e-13, -1.450363737011026e-13, -9.107923828500147e-14, -4.725299027352847e-14, 3.300968175392657e-13, 2.5158803629557933e-11, 6.890363842162547e-11, 4.9743609373061116e-11]","[4.126059117100368e-15, -2.4633171548851773e-13, -2.6071969094608313e-12, -7.856389373359796e-12, -1.340201481065524e-11, -1.4859102732212817e-11, -1.0506386077199526e-11, -4.949124012679662e-12, -1.0515562375667482e-12, 2.968191406931755e-11, 5.244832887868058e-11, 2.412819222820556e-11]","[Infinity, Infinity, Infinity, Infinity, Infinity, Infinity, 15.99149113650235, 39.47461115882775, 97.44204534208193, 240.532820163712, 593.7469419390886, 1465.6389557547518]",1488.1324789274022,2.0047662301652682
conditioned_5C_min,6542.843836226298,1767.1988380980501,0.9946032266458231,2.1070294560047866e-06,0.9999999861883807,7.388284524222226e-19,0.07062956201684889,44.90957278495219,3.17194345616497,0.7603035586394925,0.0014601529427077625,0.08628260961511067,2297743432714.0703,958695.6623901185,2396739.1559752966,2.977875488797435e-07,0.0008628260961511067,1.6689342225780486e-06,1.4631786416043464e-09,1.4631786416043464e-09,7.885451955118782e-06,1.0,1.0,63407.90646443909,0.0,1.383150148801218e-10,1.0135231144602486e-10,8.04765615558471e-06,5.88697311096328e-11,214915677.7587434,1729.5674768511194,1729.5674770468113,0.0,1.000000000113145,False,1.0000000000000001e-07,1.0000000000000001e-07,1.0448299191406433e-10,0.005509320541368706,9.13090545133134e-07,1.2822649488813082e-06,"[4.166666666666667e-09, 5.222712798846205e-09, 6.5464149550156744e-09, 8.205610841308463e-09, 1.0285331703180699e-08, 1.2892160046379322e-08, 1.6159691826959763e-08, 2.0255383039217577e-08, 2.5389131578668973e-08, 3.1824034187401174e-08, 3.988986975875026e-08, 5.0000000000000004e-08]","[0.0, 0.0, 0.0, 0.0, 0.0, 0.0, 2.508005215527971e-39, 5.75630293575815e-13, 2.37537292092641e-06, 0.00043949769203352224, 0.002281122779817484, 0.002786324696021143]","[5.782103063849094e-10, 1.948870587144557e-09, 6.056652368406269e-09, 1.7175114395881752e-08, 4.07243546739867e-08, 7.77707096343536e-08, 1.2056562462010256e-07, 1.5441260560210833e-07, 1.6857266261768787e-07, 1.6019004500140542e-07, 1.1283741659740202e-07, 5.2258278728270054e-08]","[1.0428214651217002e-11, 8.35804248427709e-11, 1.6030643580270192e-09, 1.2199965925211243e-08, 5.218523911077304e-08, 1.4377278662555603e-07, 2.517722174574586e-07, 2.935392751176816e-07, 2.5154456512161003e-07, 1.7084527745402884e-07, 8.054352438967187e-08, 2.4165024681796175e-08]","[0.0, 0.0, 0.0, 0.0, 0.0, 0.0, -1.6619514446841366e-40, -1.545271011226529e-14, -2.5832373810295963e-08, -1.9362490121931177e-06, -4.071236234887218e-06, -2.014576984385599e-06]","[-1.0787691632260098e-13, -1.472977633069146e-13, -1.8544548082208378e-13, -2.1303634448135873e-13, -2.0463444129908288e-13, -1.583109797810176e-13, -9.942347341717824e-14, -5.1584365284051807e-14, 1.4789332296287265e-13, 2.0094228842640676e-11, 6.640824709296207e-11, 5.163007329120661e-11]","[5.122148848466225e-15, -1.8633373755267305e-13, -2.406846337014418e-12, -7.779083809378069e-12, -1.3644464580223631e-11, -1.529853890521761e-11, -1.0865928074132731e-11, -5.127481170040107e-12, -1.4536391245273674e-12, 2.3609455770962735e-11, 5.057161372545003e-11, 2.5058704429217435e-11]","[Infinity, Infinity, Infinity, Infinity, Infinity, Infinity, 15.090724964017417, 37.25108989904105, 91.95333492656651, 226.98407553257803, 560.3022394696966, 1383.0817673472575]",1494.04883809805,2.1070294560047866
conditioned_5C_min,6600.0,1771.9612131102972,0.995040523414922,2.1924763021582634e-06,0.9999999855108851,7.375241787825705e-19,0.0808137023690827,44.2180648840882,3.5734255348794908,0.7813455160965358,0.0014645089806301294,0.08291589191080541,2121927509680.3599,921287.6878978378,2303219.219744595,2.7500180525457464e-07,0.0008291589191080541,1.73669964444095e-06,1.5142710322449504e-09,1.5142710322449504e-09,8.654453024262091e-06,1.0,1.0,57773.72626534439,0.0,1.3379555578721377e-10,9.599599141221013e-11,7.418178863702597e-06,5.96041714533334e-11,221085485.09994766,1640.0516725195193,1640.051672639867,0.0,1.0000000000733804,False,1.0000000000000001e-07,1.0000000000000001e-07,1.573041501673146e-11,0.005063095653844539,9.208269199370677e-07,1.284559937153026e-06,"[4.166666666666667e-09, 5.222712798846205e-09, 6.5464149550156744e-09, 8.205610841308463e-09, 1.0285331703180699e-08, 1.2892160046379322e-08, 1.6159691826959763e-08, 2.0255383039217577e-08, 2.5389131578668973e-08, 3.1824034187401174e-08, 3.988986975875026e-08, 5.0000000000000004e-08]","[0.0, 0.0, 0.0, 0.0, 0.0, 0.0, 3.514343837514977e-45, 7.964459590438393e-14, 1.1937693500278774e-06, 0.00033730762160206817, 0.0020535326851628564, 0.0026710615776499424]","[5.719055674600173e-10, 1.9402408874936113e-09, 6.045776961928786e-09, 1.7162615921264016e-08, 4.071234717509727e-08, 7.776141968327185e-08, 1.2055979013018385e-07, 1.5440957843087591e-07, 1.6857919556486084e-07, 1.6125999590976112e-07, 1.1658409875669351e-07, 5.5239954948176915e-08]","[1.0734848816197604e-11, 7.383371004735186e-11, 1.4690283379294136e-09, 1.1757263526255883e-08, 5.1401999115184724e-08, 1.4289152231982468e-07, 2.5114541165305134e-07, 2.932433324940443e-07, 2.5145691620723454e-07, 1.7210042143714616e-07, 8.33970424206004e-08, 2.5612431082891044e-08]","[0.0, 0.0, 0.0, 0.0, 0.0, 0.0, -2.4348570725956467e-46, -2.235407342566618e-15, -1.357351446227197e-08, -1.5537107727354058e-06, -3.8319403418338415e-06, -2.019182736878794e-06]","[-1.144504510409925e-13, -1.5729658449222412e-13, -1.985574640561165e-13, -2.2834317514967257e-13, -2.1943260021458089e-13, -1.697890369193319e-13, -1.0663957444811426e-13, -5.532998310553939e-14, 6.750717629891763e-14, 1.653214183488693e-11, 6.409439404288095e-11, 5.306424752552749e-11]","[5.7468197864562544e-15, -1.455852780024264e-13, -2.2427315962979602e-12, -7.686926938364942e-12, -1.3799338779723391e-11, -1.561747463885661e-11, -1.1134131509144876e-11, -5.261704226845657e-12, -1.6492729570916084e-12, 1.9333342096227736e-11, 4.882370045675091e-11, 2.5766196510439078e-11]","[Infinity, Infinity, Infinity, Infinity, Infinity, Infinity, 14.433470765364302, 35.6286724069443, 87.94843467740051, 217.09807740356774, 535.8989185567807, 1322.8429150393827]",1498.811213110297,2.1924763021582634
conditioned_50C_min,20.0,1223.15,0.6600037203721345,5.000558807271936e-08,1.0,7.317370288051301e-19,1.5201110710336712e-07,1520.265008107617,0.00023109716697294826,0.0002310437734114661,5.471135491808934e-07,3.5999999999999996,3999999999999999.5,40000000.0,99999999.99999999,0.0005183999999999999,0.036,4.000000000000001e-08,2.7940363596788685e-13,2.871136596773166e-13,3.2177729600051244e-08,0.9731131958987123,0.9731464406183427,15538697.298245793,4.922041513776631e-09,3.2143841619393204e-14,1.9449204643086503e-14,1.8601860672150372e-07,0.0,250000000.0,307.7314516960405,46.50465168037593,261.2268000156646,0.15112089266166578,True,2.5784320092758645e-08,5.0778263157337946e-08,0.8245566615519667,0.3400000000000001,0.0,0.0,"[4.166666666666667e-09, 5.222712798846205e-09, 6.5464149550156744e-09, 8.205610841308463e-09, 1.0285331703180699e-08, 1.2892160046379322e-08, 1.6159691826959763e-08, 2.0255383039217577e-08, 2.5389131578668973e-08, 3.1824034187401174e-08, 3.988986975875026e-08, 5.0000000000000004e-08]","[0.011779574012765205, 0.019952946190179146, 0.029952205999096735, 0.03984693608123259, 0.04697917532656994, 0.049086286873245184, 0.045452660602528595, 0.03729947984205134, 0.027126301055222766, 0.017483272064625868, 0.009986175424263532, 0.005054986528219093]","[0.0, 0.0, 0.0, 0.0, 0.0, 0.0, 0.0, 0.0, 0.0, 0.0, 0.0, 0.0]","[0.0, 0.0, 0.0, 0.0, 0.0, 0.0, 0.0, 0.0, 0.0, 0.0, 0.0, 0.0]","[-7.618695510433377e-08, -5.0315200199437555e-08, -3.0444561129770915e-08, -1.6314405635664292e-08, -7.741807397743581e-09, -3.2529330964003805e-09, -1.2100798538927783e-09, -3.984689280027567e-10, -1.1612907594881971e-10, -2.994780661939016e-11, -6.8322252264467275e-12, -1.337861509279883e-12]","[5.78086175036732e-15, 6.232399117429321e-15, 5.95473265428432e-15, 5.042125082125576e-15, 3.783635563974112e-15, 2.516224109110147e-15, 1.4829744751423167e-15, 7.745730269606131e-16, 3.585381715516039e-16, 1.4707971032688502e-16, 5.3470527543361114e-17, 1.7227430577625632e-17]","[7.760396310961436e-15, 5.325149473059078e-15, 3.238351907714338e-15, 1.7452619341146093e-15, 8.335689482732129e-16, 3.5283103315648434e-16, 1.3235378366615265e-16, 4.399975746633843e-17, 1.2963090127286852e-17, 3.384629497037359e-18, 7.831736480120084e-19, 1.6060140251851935e-19]","[154614.05429097064, 396559.01419631415, 983827.8131658558, 2442438.723855483, 6068243.875488616, 15089854.423247414, 37561703.433297575, 93606997.23566224, 233587504.5382936, 583791403.7185636, 1461628546.0860162, 3778407924.255171]",950.0000000000001,0.05000558807271936
conditioned_50C_min,40.0,1239.8166666666666,0.6600103806507546,5.0015134258084306e-08,1.0,7.317370288051301e-19,2.721726655793729e-07,932.7153187870757,0.0002538596145409929,0.00025379518619285363,9.794634558180138e-07,3.5995977037254225,3999106058230042.0,39995530.041393586,99988825.10348396,0.0005182841451466134,0.035995977037254226,4.000447045817549e-08,4.773092682475181e-13,4.904997944886264e-13,3.217846812780803e-08,0.9730757904776447,0.9731079882411364,15538340.669732174,8.012257386780307e-09,5.3120931927956225e-14,3.214181664582311e-14,3.330139310095769e-07,6.96788513873242e-19,250000000.0,508.5048230356014,83.25348275239422,425.2513402832072,0.16372211035364256,True,2.5784320092758645e-08,5.0778263157337946e-08,0.8245547508553266,0.33999627962683376,6.428768323878639e-13,3.8898409286173006e-13,"[4.166666666666667e-09, 5.222712798846205e-09, 6.5464149550156744e-09, 8.205610841308463e-09, 1.0285331703180699e-08, 1.2892160046379322e-08, 1.6159691826959763e-08, 2.0255383039217577e-08, 2.5389131578668973e-08, 3.1824034187401174e-08, 3.988986975875026e-08, 5.0000000000000004e-08]","[0.011778050273663118, 0.019951939886175156, 0.02995159710787414, 0.03984660979311987, 0.04697902049042199, 0.049086221814583254, 0.045452636400931515, 0.03729947187267278, 0.027126298732641246, 0.017483271465669737, 0.009986175287619027, 0.0050549865014618625]","[1.156172350073464e-13, 1.2464798234858643e-13, 1.1909465308568641e-13, 1.0084250164251152e-13, 7.567271127948223e-14, 5.032448218220294e-14, 2.9659489502846334e-14, 1.5491460539212263e-14, 7.170763431032079e-15, 2.9415942065377003e-15, 1.0694105508672223e-15, 3.4454861155251263e-16]","[1.5520792621922872e-13, 1.0650298946118156e-13, 6.476703815428677e-14, 3.490523868229218e-14, 1.6671378965464257e-14, 7.056620663129687e-15, 2.647075673323053e-15, 8.799951493267686e-16, 2.5926180254573704e-16, 6.769258994074718e-17, 1.5663472960240168e-17, 3.212028050370387e-18]","[-1.3606425121931933e-07, -9.017726413679057e-08, -5.459093232195732e-08, -2.9269524600087622e-08, -1.3897918562290722e-08, -5.843616815466627e-09, -2.1755182671944737e-09, -7.170271094177447e-10, -2.0918639672562348e-10, -5.4010490490446114e-11, -1.2338936430719589e-11, -2.4274161542528804e-12]","[9.55258868769037e-15, 1.029954478419393e-14, 9.840974713758648e-15, 8.332872476538109e-15, 6.253059255668538e-15, 4.1584685396291685e-15, 2.4508578419524356e-15, 1.2801090068023273e-15, 5.925432276567556e-16, 2.4307339544638286e-16, 8.836883703953572e-17, 2.8471161367585983e-17]","[1.28235798285315e-14, 8.800386482276996e-15, 5.351939866200852e-15, 2.8843951755540748e-15, 1.3776486811287212e-15, 5.831292975604286e-16, 2.1874337227674996e-16, 7.27191859317035e-17, 2.1424334500060222e-17, 5.593839027670853e-18, 1.2943654370886116e-18, 2.6542888339727143e-19]","[86562.4156831489, 221252.4418118286, 548655.1673312811, 1361368.5339119101, 3380291.824265711, 8399972.71632596, 20892785.450864896, 52019611.78700967, 129675252.10647942, 323701401.4668566, 809322208.9026232, 2082455656.6476777]",966.6666666666666,0.05001513425808431
conditioned_50C_min,60.0,1256.4833333333333,0.6600221201221281,5.0031210342667345e-08,1.0,7.317370288051301e-19,4.798468567854335e-07,579.9043223894857,0.00027826526633488143,0.00027818785631695224,1.7264455597138545e-06,3.598910663144032,3997579617682660.0,39987896.25715592,99969740.64288978,0.0005180863184516728,0.035989106631440324,4.0012107406467446e-08,8.038042291520479e-13,8.260719752712663e-13,3.217978968377464e-08,0.9730125790405428,0.9730438184736795,15537702.542913286,1.285592581076256e-08,8.662924415659374e-14,5.2416799730254435e-14,5.869735686743083e-07,2.025859439807544e-18,250000000.0,829.1132533806401,146.7433921685771,682.369861212063,0.17698835662105647,True,2.5784320092758645e-08,5.0778263157337946e-08,0.8245513302941974,0.33998961934650823,1.7052954709427397e-12,1.031806490007915e-12,"[4.166666666666667e-09, 5.222712798846205e-09, 6.5464149550156744e-09, 8.205610841308463e-09, 1.0285331703180699e-08, 1.2892160046379322e-08, 1.6159691826959763e-08, 2.0255383039217577e-08, 2.5389131578668973e-08, 3.1824034187401174e-08, 3.988986975875026e-08, 5.0000000000000004e-08]","[0.011775328988638731, 0.01995013634089242, 0.0299505052892277, 0.03984602440262787, 0.04697874253205075, 0.049086104942246946, 0.04545259289056617, 0.03729945753213059, 0.027126294548913313, 0.017483270385459927, 0.009986175040840298, 0.005054986452913539]","[3.066690087611538e-13, 3.30638878032465e-13, 3.1591414736085934e-13, 2.674999511732737e-13, 2.00733896392853e-13, 1.3349385297478632e-13, 7.867664634189505e-14, 4.1093640675258806e-14, 1.902162798416719e-14, 7.803062115465358e-15, 2.836787291657937e-15, 9.139718389042324e-16]","[4.1167952278985877e-13, 2.8251071910672147e-13, 1.718058354783038e-13, 9.259314219337368e-14, 4.422435258803868e-14, 1.871920661433826e-14, 7.021943118858051e-15, 2.3343788679608384e-15, 6.877484925469414e-16, 1.7956937049416423e-16, 4.15507817020124e-17, 8.520605718315817e-18]","[-2.3929734676652457e-07, -1.5911203314217826e-07, -9.636708168818495e-08, -5.169371082083869e-08, -2.4558904373104333e-08, -1.0332588381997736e-08, -3.849424377254572e-09, -1.269750700425717e-09, -3.7078134300368963e-10, -9.583512733430618e-11, -2.1920871321287893e-11, -4.330128183971608e-12]","[1.5575771315437496e-14, 1.6796067395721998e-14, 1.6049116228977852e-14, 1.3589929168166355e-14, 1.0198089345534718e-14, 6.782053698470208e-15, 3.997114081178356e-15, 2.087736212116844e-15, 9.663819501876027e-16, 3.964297500705295e-16, 1.4412123225590626e-16, 4.643377755678804e-17]","[2.090978652523986e-14, 1.435195995456758e-14, 8.728656110045033e-15, 4.704372378112111e-15, 2.246931111066759e-15, 9.510818434017904e-16, 3.5677025467370246e-16, 1.18605008236844e-16, 3.494310348318017e-17, 9.123556053030132e-18, 2.1111111818003614e-18, 4.3291475294275465e-19]","[49207.93793893409, 125384.20851592984, 310796.01835550624, 770809.9064647764, 1912900.5845838743, 4750610.701551675, 11807633.670929048, 29375417.96167151, 73159815.24087468, 182430710.65656555, 455555570.509758, 1167398801.6394212]",983.3333333333334,0.050031210342667345
conditioned_50C_min,80.0,1273.15,0.6600425043042103,5.005791125376665e-08,1.0,7.317370288051301e-19,8.335148185829026e-07,365.22492534882963,0.00030442038739408384,0.000304327743824414,2.9978688744898087e-06,3.597754257136038,3995011016895211.0,39975047.30151153,99937618.25377883,0.0005177534277896193,0.03597754257136038,4.0024968274133875e-08,1.3350455549653694e-12,1.3721800480412068e-12,3.218211827227488e-08,0.9729072147578219,0.9729375943566246,15536578.287662113,2.0341267523204866e-08,1.3948733418654473e-13,8.440011037772356e-14,1.0192091041009072e-06,4.4676483391863274e-18,250000000.0,1334.5749865291577,254.80227602522677,1079.772710503931,0.1909239110556789,True,2.5784320092758645e-08,5.0778263157337946e-08,0.8245453010261322,0.33997787987235384,3.437880354056233e-12,2.0801019674242073e-12,"[4.166666666666667e-09, 5.222712798846205e-09, 6.5464149550156744e-09, 8.205610841308463e-09, 1.0285331703180699e-08, 1.2892160046379322e-08, 1.6159691826959763e-08, 2.0255383039217577e-08, 2.5389131578668973e-08, 3.1824034187401174e-08, 3.988986975875026e-08, 5.0000000000000004e-08]","[0.0117705430417034, 0.019946954100229574, 0.029948577947593934, 0.03984499052841145, 0.04697825135396329, 0.0490858982904793, 0.045452515902078626, 0.03729943213711658, 0.027126287133286454, 0.01748326846875738, 0.009986174602422872, 0.0050549863663109755]","[6.181844350699037e-13, 6.66560225946905e-13, 6.368964719404164e-13, 5.392985345366008e-13, 4.0469568330354737e-13, 2.691349269441905e-13, 1.5861892796546218e-13, 8.28483649175957e-14, 3.8349266987919247e-14, 1.5731657116875948e-14, 5.7192119367760625e-15, 1.8426473900399934e-15]","[8.298752532946559e-13, 5.695499181980731e-13, 3.4637895767920446e-13, 1.866805897556159e-13, 8.916297480937387e-14, 3.7740843482374066e-14, 1.41573482123321e-14, 4.706479032697718e-15, 1.3866105622105448e-15, 3.620404915547669e-16, 8.377300533801963e-17, 1.7178900777170908e-17]","[-4.146430015136424e-07, -2.7654544885387467e-07, -1.6756896425549456e-07, -8.992957955494619e-08, -4.274544590812179e-08, -1.7994162771386725e-08, -6.7079907487958855e-09, -2.214257159061282e-09, -6.471216498089121e-10, -1.6741891358256693e-10, -3.833644398085345e-11, -7.600215655897135e-12]","[2.507241100140648e-14, 2.704340766429867e-14, 2.5843198309441244e-14, 2.1884116120740577e-14, 1.642242767337793e-14, 1.0921504819772169e-14, 6.436783382449353e-15, 3.362005461166047e-15, 1.5562228116277667e-15, 6.383947063235904e-16, 2.3208711700381203e-16, 7.477511595315256e-17]","[3.3661189379114616e-14, 2.3110275782781804e-14, 1.4056764708758073e-14, 7.576305433098785e-15, 3.618701156132203e-15, 1.5317353922944905e-15, 5.74586822183821e-16, 1.910163406754347e-16, 5.627676912268675e-17, 1.4693724834819927e-17, 3.3999998248328875e-18, 6.972205628005278e-19]","[28387.174023763502, 72129.02683048474, 178723.89484923324, 443068.7958911952, 1099023.5417110773, 2727878.974649093, 6775876.354665152, 16845122.069258388, 41918373.68027564, 104428275.7224742, 260487764.78617352, 665110912.0027044]",1000.0000000000001,0.05005791125376665
conditioned_50C_min,100.0,1289.8166666666666,0.6600773891246536,5.0101668508598817e-08,1.0,7.317370288051301e-19,1.4273367812548243e-06,232.9263941823301,0.0003324644097414995,0.00033235391389369154,5.130762063612193e-06,3.5958352134889724,3990750272397308.5,39953724.59432191,99884311.48580478,0.0005172012353026912,0.03595835213488972,4.0046329003013315e-08,2.187862741608505e-12,2.2491210794376566e-12,3.2186160647035226e-08,0.9727337962861061,0.9727634326185463,15534626.9933583,3.174999849521271e-08,2.2187785784288804e-13,1.3425369244987604e-13,1.7442410221565634e-06,8.837586368184975e-18,250000000.0,2121.66642552277,436.0602555391408,1685.6061699836293,0.2055272451378389,True,2.5784320092758645e-08,5.0778263157337946e-08,0.8245348312120601,0.3399574956857941,6.22762703772745e-12,3.7680148220118954e-12,"[4.166666666666667e-09, 5.222712798846205e-09, 6.5464149550156744e-09, 8.205610841308463e-09, 1.0285331703180699e-08, 1.2892160046379322e-08, 1.6159691826959763e-08, 2.0255383039217577e-08, 2.5389131578668973e-08, 3.1824034187401174e-08, 3.988986975875026e-08, 5.0000000000000004e-08]","[0.011762250181673128, 0.019941423191252496, 0.029945226568308825, 0.03984319193682035, 0.04697739644504512, 0.04908553840722388, 0.04545238174226365, 0.0372993878519734, 0.027126274190853457, 0.017483265120379107, 0.009986173835693992, 0.005054986214306663]","[1.1196326550980333e-12, 1.2074283792328784e-12, 1.1537604381292413e-12, 9.769808569514124e-13, 7.331442367711059e-13, 4.875650233396339e-13, 2.8735459561444926e-13, 1.5008847414091664e-13, 6.947372322047458e-14, 2.849955124334775e-14, 1.0360954276852303e-14, 3.3381497091030447e-15]","[1.5030990408769483e-12, 1.0317554338537093e-12, 6.275142518543659e-13, 3.382066984175916e-13, 1.6153699793201795e-13, 6.837555132826387e-14, 2.5649084656008522e-14, 8.526805846206412e-15, 2.51214594466428e-15, 6.559149882511655e-16, 1.5177300183467738e-16, 3.112331203318146e-17]","[-7.081557440468381e-07, -4.737079525166898e-07, -2.871790441638384e-07, -1.541896732026178e-07, -7.332335285762087e-08, -3.0881859366195064e-08, -1.1518905006586857e-08, -3.8047635588890895e-09, -1.1127729222122377e-09, -2.881330855176444e-10, -6.604248543089035e-11, -1.3135075676957727e-11]","[3.986216573917388e-14, 4.301420059217502e-14, 4.1111993625915686e-14, 3.4816113184970606e-14, 2.6127649046441016e-14, 1.7376014767557738e-14, 1.024090863379203e-14, 5.348952956081348e-15, 2.4759533011778953e-15, 1.0156874196894949e-15, 3.692511697312183e-16, 1.1896739758159377e-16]","[5.352560765619101e-14, 3.6764533627836866e-14, 2.2365758116665918e-14, 1.2055513791157309e-14, 5.758283940888189e-15, 2.4374122419204916e-15, 9.14329792740199e-16, 3.039614614324601e-16, 8.955245140720722e-17, 2.338192986219796e-17, 5.410375366337555e-18, 1.1094780396287724e-18]","[16609.693955818795, 42096.45011300484, 104273.71765756274, 258403.7640735067, 640688.0565904527, 1589461.885217816, 3945894.311679158, 9803339.228486521, 24377187.519018095, 60677742.3320533, 151208328.5560769, 384846371.5496057]",1016.6666666666666,0.05010166850859882
conditioned_50C_min,120.0,1306.4833333333331,0.6601362534480313,5.017244622712004e-08,0.9999999999999999,7.317370288051301e-19,2.4109002079380874e-06,150.39722419021984,0.00036259269907351215,0.0003624612732621304,8.658488946329668e-06,3.5926947217158465,3983782519581760.0,39918830.24128718,99797075.60321796,0.000516298214537796,0.035926947217158466,4.0081334806879047e-08,3.5388859260611085e-12,3.639029756890237e-12,3.21930780782191e-08,0.9724515835628367,0.9724806232651674,15531289.017631572,4.890330167007854e-08,3.4885323995028267e-13,2.1108728475153145e-13,2.9432161688717077e-06,1.6503798356655553e-17,250000000.0,3332.625236287256,735.8040422179268,2596.821194069329,0.2207881144888816,True,2.5784320092758645e-08,5.0778263157337946e-08,0.8245169110434952,0.33992261085822834,1.06651841944132e-11,6.45291191928205e-12,"[4.166666666666667e-09, 5.222712798846205e-09, 6.5464149550156744e-09, 8.205610841308463e-09, 1.0285331703180699e-08, 1.2892160046379322e-08, 1.6159691826959763e-08, 2.0255383039217577e-08, 2.5389131578668973e-08, 3.1824034187401174e-08, 3.988986975875026e-08, 5.0000000000000004e-08]","[0.01174808706679219, 0.019931949032202162, 0.029939482987425547, 0.0398401081433563, 0.04697592997798797, 0.04908492077003655, 0.04545215136416352, 0.03729931175670222, 0.027126251935395012, 0.0174832593577174, 0.009986172514844283, 0.005054985951605149]","[1.916875969881511e-12, 2.067712391076379e-12, 1.976000310647555e-12, 1.6733031206508244e-12, 1.2556972176999263e-12, 8.350853186907887e-13, 4.921727682902898e-13, 2.570675332625436e-13, 1.189927892440325e-13, 4.881329963713765e-14, 1.774597767147667e-14, 5.71749766073492e-15]","[2.5736111940007687e-12, 1.7670461064104466e-12, 1.0748294141876842e-12, 5.793169742407377e-13, 2.767026767497817e-13, 1.1712379616667372e-13, 4.39356805108125e-14, 1.4606035074855615e-14, 4.303194972808424e-15, 1.1235535854951246e-15, 2.599805091614285e-16, 5.331287282575691e-17]","[-1.1924121412275839e-06, -8.000685967544945e-07, -4.853108802875934e-07, -2.6068739130232406e-07, -1.2402130043012714e-07, -5.2258701841817996e-08, -1.950248769140473e-08, -6.4455424070460196e-09, -1.8863689957172944e-09, -4.888133525679687e-10, -1.1213772072775886e-10, -2.2366800828247463e-11]","[6.26214719439917e-14, 6.762248266076162e-14, 6.465034810874883e-14, 5.475607477226652e-14, 4.109343200446576e-14, 2.732941588500644e-14, 1.6107269587177517e-14, 8.413051153588282e-15, 3.894284985147433e-15, 1.5975172906667918e-15, 5.807743930059046e-16, 1.8711714228652915e-16]","[8.410987775168773e-14, 5.781456054176938e-14, 3.518173426934012e-14, 1.8965748958936485e-14, 9.059365806462841e-15, 3.834793286932089e-15, 1.4385308130292698e-15, 4.782292800281608e-16, 1.4089502474148162e-16, 3.6787370796017625e-17, 8.51227961017396e-18, 1.7455698410367775e-18]","[9852.371223507987, 24912.800118710813, 61691.349202151665, 152827.1388360052, 378773.08022950403, 939267.8930030032, 2330582.2356291246, 5786838.314170123, 14380140.8934206, 35766738.50227195, 89052750.93907166, 226003977.5210548]",1033.333333333333,0.050172446227120034
conditioned_50C_min,140.0,1323.15,0.6602342176493647,5.0285466997478313e-08,0.9999999999999998,7.317370288051301e-19,4.018804594385145e-06,98.3112264761601,0.0003950936086420307,0.0003949375713317849,1.4412275849757318e-05,3.5876265467539317,3972550691041217.0,39862517.1861548,99656292.965387,0.0005148425695589417,0.03587626546753932,4.013795698169603e-08,5.6510385179137445e-12,5.813673921045629e-12,3.2204752150744075e-08,0.9719967279551515,0.9720253654847856,15525658.997765264,7.434718227028149e-08,5.4246767146998e-13,3.2825033227240385e-13,4.89821006663898e-06,2.9740374642429243e-17,250000000.0,5173.802361282888,1224.5525166597452,3949.249844623143,0.2366832807189231,True,2.5784320092758645e-08,5.0778263157337946e-08,0.8244866650945566,0.33986374652365203,1.7642248992955467e-11,1.0674327538345548e-11,"[4.166666666666667e-09, 5.222712798846205e-09, 6.5464149550156744e-09, 8.205610841308463e-09, 1.0285331703180699e-08, 1.2892160046379322e-08, 1.6159691826959763e-08, 2.0255383039217577e-08, 2.5389131578668973e-08, 3.1824034187401174e-08, 3.988986975875026e-08, 5.0000000000000004e-08]","[0.011724238823967639, 0.019915947660267073, 0.029929776769819796, 0.03983489439553025, 0.046973449551979365, 0.049083875595999714, 0.04545176131440969, 0.03729918284585408, 0.027126214208015097, 0.017483249581450346, 0.009986170272089869, 0.005054985504269133]","[3.169305408761345e-12, 3.4201620442916115e-12, 3.2690072728225315e-12, 2.768424616096155e-12, 2.0775658577892416e-12, 1.3816736363909174e-12, 8.143181600338402e-13, 4.2532855633430925e-13, 1.9687848894698115e-13, 8.076364545047349e-14, 2.936146553159476e-14, 9.459840506465503e-15]","[4.2558087490345234e-12, 2.923337317245834e-12, 1.7784640995744867e-12, 9.586319534194676e-13, 4.578899928790386e-13, 1.9381966190531549e-13, 7.27062967713979e-14, 2.417062067541883e-14, 7.121095467638056e-15, 1.859301001415477e-15, 4.3022610136490765e-16, 8.822426964649246e-17]","[-1.9798012370136557e-06, -1.33281051275634e-06, -8.09062826433929e-07, -4.348091774558505e-07, -2.0694794649678495e-07, -8.723909166136165e-08, -3.257216055486371e-08, -1.0770721211246442e-08, -3.154072148332328e-09, -8.178702222617096e-10, -1.8777268006397256e-10, -3.754872229389959e-11]","[9.723809576803693e-14, 1.0513274241691068e-13, 1.0056010605421957e-13, 8.518657221074853e-14, 6.39359548197386e-14, 4.252230279730213e-14, 2.5061893167439488e-14, 1.3090242810716707e-14, 6.059304809054208e-15, 2.4856558492370794e-15, 9.036557904671354e-16, 2.9114491646138133e-16]","[1.3066957492431229e-13, 8.992995458620959e-14, 5.4751340114782586e-14, 2.9521094342682997e-14, 1.4102449326390684e-14, 5.96970063164077e-15, 2.2394189441411208e-15, 7.444826712981973e-16, 2.193385640504445e-16, 5.726884884520722e-17, 1.3251521074202267e-17, 2.7174223333233378e-18]","[5921.92721409375, 14942.820055552818, 36993.14292035882, 91614.65870755451, 226981.95535228046, 562636.2524099853, 1395417.4528229993, 3463016.274797594, 8600378.473383276, 21376557.191558804, 53182232.20059311, 134624700.80081522]",1050.0,0.050285466997478316
conditioned_50C_min,160.0,1339.8166666666666,0.6603950399309757,5.046364604058808e-08,0.9999999999999996,7.317370288051301e-19,6.614445625835225e-06,65.07089733828192,0.00043040791226837185,0.00043022274099660914,2.36666388971375e-05,3.579563057633064,3954713482583756.0,39772922.8625896,99432307.156474,0.0005125308673428547,0.03579563057633064,4.0228373597982653e-08,8.908952155488362e-12,9.172217436791273e-12,3.222418994488101e-08,0.9712690272814758,0.9712975315819585,15516293.84183877,1.1157818439980389e-07,8.348049695759566e-13,5.051685265862535e-13,8.041114080495897e-06,5.2303277719065967e-17,250000000.0,7940.414423562521,2010.2785201239744,5930.135903438546,0.25317047862875264,True,2.5784320092758645e-08,5.0778263157337946e-08,0.824436306634849,0.3397657823049049,2.8491602421162115e-11,1.7238739376300774e-11,"[4.166666666666667e-09, 5.222712798846205e-09, 6.5464149550156744e-09, 8.205610841308463e-09, 1.0285331703180699e-08, 1.2892160046379322e-08, 1.6159691826959763e-08, 2.0255383039217577e-08, 2.5389131578668973e-08, 3.1824034187401174e-08, 3.988986975875026e-08, 5.0000000000000004e-08]","[0.011684642799227365, 0.019889291450011948, 0.02991359551329112, 0.039826198211981134, 0.04696931059304943, 0.049082130814166486, 0.045451109871198596, 0.03729896743142986, 0.027126151126572132, 0.0174832332240459, 0.009986166516636268, 0.005054984753294687]","[5.114067324122084e-12, 5.5228168926298255e-12, 5.280209393906923e-12, 4.472156060311125e-12, 3.3562849541840136e-12, 2.23211969233696e-12, 1.3155560233826299e-12, 6.871334125486434e-13, 3.1806458512806533e-13, 1.3047676243521507e-13, 4.743458134093747e-14, 1.528273883569313e-14]","[6.869200247520769e-12, 4.721936408970026e-12, 2.8734909018701385e-12, 1.5490538402731274e-12, 7.399389794068523e-13, 3.132136745381309e-13, 1.174946756542203e-13, 3.9060274101382776e-14, 1.1507866748646946e-14, 3.0046779783196215e-15, 6.95256522848953e-16, 1.425727163129592e-16]","[-3.2409120813706793e-06, -2.1904594006023215e-06, -1.3310510284778948e-06, -7.157634275948823e-07, -3.408202563036331e-07, -1.4373253115696468e-07, -5.368818518302057e-08, -1.7761712510618517e-08, -5.204106747710105e-09, -1.3502861963603812e-09, -3.10226418354418e-10, -6.217790695398673e-11]","[1.492858621128898e-13, 1.617364028866481e-13, 1.5482543649537703e-13, 1.3119816929747612e-13, 9.848233518919525e-14, 6.550173275483875e-14, 3.8606381761997434e-14, 2.0164926591067642e-14, 9.334117018003524e-15, 3.829058867564208e-15, 1.3920483621524386e-15, 4.484980903008707e-16]","[2.0077958458791986e-13, 1.3846603774643727e-13, 8.436900799229606e-14, 4.550526910330544e-14, 2.1741061192115934e-14, 9.203684817709625e-15, 3.45265999477276e-15, 1.1478279660071386e-15, 3.381728311631662e-16, 8.829635568016855e-17, 2.04310318991618e-17, 4.1896892280012574e-18]","[3605.3563027496807, 9079.963520229086, 22473.665451803452, 55641.56630048234, 137812.55581007773, 341482.4077686756, 846575.6425973021, 2099964.595707275, 5212450.943383914, 12947798.230605446, 32189929.438013166, 81298728.13241377]",1066.6666666666665,0.05046364604058808
conditioned_50C_min,180.0,1356.4833333333331,0.6606554552874838,5.074092238797846e-08,0.9999999999999992,7.317370288051301e-19,1.075405922428219e-05,43.63215669037495,0.0004692227971314526,0.0004690027303584515,3.834092359153836e-05,3.5669241944037373,3926835866858874.0,39632491.04893042,99081227.62232603,0.0005089179283449101,0.03566924194403737,4.037091683247047e-08,1.3863817369518809e-11,1.4290550871909114e-11,3.225613205629958e-08,0.9701100093251916,0.9701387646833731,15500928.602577155,1.653005030335742e-07,1.2723247042388041e-12,7.69983397567852e-13,1.3020767825313896e-05,9.03812840324478e-17,250000000.0,12048.214678373068,3255.1919563284746,8793.022722044592,0.270180441104826,True,2.5784320092758645e-08,5.0778263157337946e-08,0.8243535751503184,0.3396049599964955,4.518770180971234e-11,2.7341063842471475e-11,"[4.166666666666667e-09, 5.222712798846205e-09, 6.5464149550156744e-09, 8.205610841308463e-09, 1.0285331703180699e-08, 1.2892160046379322e-08, 1.6159691826959763e-08, 2.0255383039217577e-08, 2.5389131578668973e-08, 3.1824034187401174e-08, 3.988986975875026e-08, 5.0000000000000004e-08]","[0.011619824557599951, 0.019845482261999902, 0.02988697449272156, 0.03981188294342924, 0.04696249418792336, 0.04907925616354335, 0.045450036107494936, 0.03729861219717965, 0.027126047044437177, 0.017483206218321973, 0.009986160312107901, 0.005054983509736548]","[8.099784566379879e-12, 8.757544950362787e-12, 8.376718123814464e-12, 7.0961194462606476e-12, 5.325931657967919e-12, 3.5421543474337346e-12, 2.0876836586225787e-12, 1.0904319443699962e-12, 5.047469254881358e-13, 2.0705793978649922e-13, 7.527554858398623e-14, 2.4252700641710544e-14]","[1.0884791939279167e-11, 7.491257163898772e-12, 4.56087106171606e-12, 2.459159222339236e-12, 1.174760203249171e-12, 4.972873708923234e-13, 1.865478755496755e-13, 6.201683342152555e-14, 1.8271323371910268e-14, 4.7706050919229925e-15, 1.1038771608321891e-15, 2.2636650087298435e-16]","[-5.2284071384924845e-06, -3.551901301740637e-06, -2.1616025060063885e-06, -1.1632846522858223e-06, -5.541888816675879e-07, -2.338117618249361e-07, -8.737086402037806e-08, -2.8917650974084616e-08, -8.476896219602968e-09, -2.200681735291067e-09, -5.05923234119829e-10, -1.0160942066821808e-10]","[2.2664113908786283e-13, 2.4636899884701667e-13, 2.3615197531236376e-13, 2.002200549337337e-13, 1.5032500953226006e-13, 9.99915465880019e-14, 5.893655876306187e-14, 3.078424045560011e-14, 1.424975863738242e-14, 5.845575927711112e-15, 2.125151947535861e-15, 6.846938466344952e-16]","[3.052398458217728e-13, 2.1121753232996552e-13, 1.2886747240083092e-13, 6.95430378518123e-14, 3.3232747098665287e-14, 1.4069705641748475e-14, 5.2782788922076e-15, 1.7547751487154335e-15, 5.169944349835886e-16, 1.3498668563620242e-16, 3.123480938219807e-17, 6.405168099171332e-18]","[2222.4406496679817, 5587.284267238639, 13826.304516984694, 34223.681078573485, 84740.95338508121, 209909.26966407654, 520196.71107858495, 1289821.6466685303, 3199997.539395106, 7944450.093784055, 19738489.2383548, 49749161.805010386]",1083.333333333333,0.050740922387978456
conditioned_50C_min,200.0,1373.15,0.6610712604541789,5.1166624248046495e-08,0.9999999999999986,7.317370288051301e-19,1.7279351411266526e-05,29.666531530048005,0.0005126184234611179,0.0005123557804486931,6.126592767895478e-05,3.5474325559884896,3884036339286120.0,39415917.288761,98539793.22190249,0.0005033711095714811,0.035474325559884896,4.059273791038277e-08,2.1285093003401957e-11,2.1982037733979793e-11,3.230794961187479e-08,0.9682652376334513,0.9682948078330109,15476067.222050665,2.4168371790305546e-07,1.9222288697878466e-12,1.1634244779673477e-12,2.0790258334604853e-05,1.5420128107394438e-16,250000000.0,18071.729121117187,5197.564583651213,12874.164537465975,0.2876074861911112,True,2.5784320092758645e-08,5.0778263157337946e-08,0.8242194479570778,0.33934454459914315,7.063419588729563e-11,4.273892416814785e-11,"[4.166666666666667e-09, 5.222712798846205e-09, 6.5464149550156744e-09, 8.205610841308463e-09, 1.0285331703180699e-08, 1.2892160046379322e-08, 1.6159691826959763e-08, 2.0255383039217577e-08, 2.5389131578668973e-08, 3.1824034187401174e-08, 3.988986975875026e-08, 5.0000000000000004e-08]","[0.011515256414830102, 0.01977444423596509, 0.029843742442601434, 0.03978861725038352, 0.04695141041029001, 0.04907457992830685, 0.04544828869021453, 0.03729803384416017, 0.027125877506512783, 0.017483162204687267, 0.009986150193643219, 0.005054981477548135]","[1.2632607348137135e-11, 1.368492492730312e-11, 1.3099757630061738e-11, 1.1100520544935323e-11, 8.33243184861312e-12, 5.5419852791937726e-12, 3.266414833883816e-12, 1.7061167534819984e-12, 7.897420982357841e-13, 3.239694583407215e-13, 1.1777858753470344e-13, 3.794657757440045e-14]","[1.698958885571462e-11, 1.1715607810498082e-11, 7.1382205097326775e-12, 3.850019979375482e-12, 1.8394151452224765e-12, 7.786814837272929e-13, 2.921134533938275e-13, 9.711233639583421e-14, 2.861121207158204e-14, 7.470338804647042e-15, 1.7285733484761505e-15, 3.54469862856411e-16]","[-8.3046657237388e-06, -5.681846460127567e-06, -3.4657906855537456e-06, -1.8671487883539948e-06, -8.900444396616922e-07, -3.756716162720809e-07, -1.4043613308348842e-07, -4.6499819614222135e-08, -1.363698853870209e-08, -3.54206418452529e-09, -8.147625373632128e-10, -1.6393859201952027e-10]","[3.402448697451562e-13, 3.7188399465512195e-13, 3.572248909851182e-13, 3.0313250176499085e-13, 2.276709019478319e-13, 1.5146095957060622e-13, 8.927849818553961e-14, 4.6633768005344806e-14, 2.158656765589392e-14, 8.855335339865002e-15, 3.219351127148829e-15, 1.037229952800386e-15]","[4.592765055582255e-13, 3.19550273470872e-13, 1.9538183535146131e-13, 1.0552867852446187e-13, 5.044695005435698e-14, 2.1360676527251757e-14, 8.013958440141742e-15, 2.664319000841007e-15, 7.849728708365355e-16, 2.0495633168601846e-16, 4.7425281848525766e-17, 9.725274290310631e-18]","[1386.600833542747, 3480.2848642131594, 8610.947731782353, 21309.82677896795, 52751.75970779205, 130631.58834114442, 323622.47302263585, 802111.3663149014, 1989139.862479822, 4935868.2660433985, 12256516.145134807, 30834603.465096463]",1100.0,0.051166624248046494
conditioned_50C_min,227.57091365712665,1403.0547709978928,0.6621323760392017,5.219507339543223e-08,0.9999999999999969,7.317370288051301e-19,3.9337206286956456e-05,15.467856880120102,0.0006084622769104032,0.0006080922756997592,0.0001369316078773743,3.483087352376632,3744412809964831.5,38700970.58196257,96752426.45490645,0.0004852759001714421,0.03483087352376632,4.134263239242156e-08,4.4225465998219945e-11,4.599107399378962e-11,3.249509550753977e-08,0.9615761976871716,0.9616097681083052,15386937.38825867,4.6116742633340135e-07,3.959557061028307e-12,2.39734582629131e-12,4.633890256267149e-05,3.999090385656057e-16,250000000.0,36274.7246723896,11584.725640667872,24689.99903172173,0.3193608151486688,True,2.5784320092758645e-08,5.0778263157337946e-08,0.8237359774574756,0.33840910252168316,1.5486272841666162e-10,9.371542882034934e-11,"[4.166666666666667e-09, 5.222712798846205e-09, 6.5464149550156744e-09, 8.205610841308463e-09, 1.0285331703180699e-08, 1.2892160046379322e-08, 1.6159691826959763e-08, 2.0255383039217577e-08, 2.5389131578668973e-08, 3.1824034187401174e-08, 3.988986975875026e-08, 5.0000000000000004e-08]","[0.011143184032102892, 0.019518424641512176, 0.029687267017305563, 0.03970424457330704, 0.046911173541768665, 0.049057592052413945, 0.0454419367745509, 0.03729593021324459, 0.027125260434909496, 0.017483001886232336, 0.009986113305856702, 0.0050549740484788774]","[2.745915512475051e-11, 2.996737326512738e-11, 2.8769635650559325e-11, 2.4407640812284742e-11, 1.832993317812388e-11, 1.2193768975286848e-11, 7.187496500428568e-12, 3.754297313247051e-12, 1.7378436226152309e-12, 7.129050462729897e-13, 2.5917604181497645e-13, 8.350288615012368e-14]","[3.704232090269575e-11, 2.5734397456736693e-11, 1.572579162962167e-11, 8.491811064735547e-12, 4.059056833264079e-12, 1.71865720594974e-12, 6.447849806661984e-13, 2.1436380422381746e-13, 6.315661373799706e-14, 1.6490169044853144e-14, 3.815693828546553e-15, 7.824658444272598e-16]","[-1.8199627647537442e-05, -1.2734886889455416e-05, -7.830017034576459e-06, -4.232822011507226e-06, -2.0210497302429252e-06, -8.538679047548414e-07, -3.1943023139073173e-07, -1.05838151999359e-07, -3.106117575488992e-08, -8.074147216455505e-09, -1.8588984323149298e-09, -3.750967063225396e-10]","[6.848394273201962e-13, 7.635007069207645e-13, 7.391288059078423e-13, 6.291758943459328e-13, 4.731476237062249e-13, 3.149283959966409e-13, 1.8567252986091076e-13, 9.699235256005423e-14, 4.489884761050435e-14, 1.841884996209092e-14, 6.696197018113395e-15, 2.1574259194615287e-15]","[9.31988600423665e-13, 6.61452384859472e-13, 4.0759304883745054e-13, 2.2083955562152935e-13, 1.057041140186098e-13, 4.478106138360622e-14, 1.680414023473844e-14, 5.5871677246537785e-15, 1.6461703602854355e-15, 4.298207506382418e-16, 9.945768406362319e-17, 2.039535403136678e-17]","[612.2753854038688, 1532.67357699687, 3791.469020592164, 9380.088382022264, 23211.29106314967, 57453.373969477325, 142259.34901873974, 352386.44580142014, 873285.0504102119, 2165306.306355317, 5372059.673761068, 13476455.440086395]",1129.9047709978927,0.05219507339543223
conditioned_50C_min,251.94040066144248,1427.2919413862637,0.6638612135107305,5.377663631438722e-08,0.9999999999999936,7.317370288051301e-19,7.471088845537116e-05,9.606519001703857,0.0007177115695807003,0.0007171968291187752,0.0002523902413701749,3.380650268588142,3527406246452184.5,37562780.76209047,93906951.90522617,0.0004571518495402031,0.03380650268588142,4.2595355496544335e-08,7.638974464754247e-11,8.051843228846834e-11,3.283468943926317e-08,0.9486818016065278,0.9487236956361212,15227797.446505109,7.47773370648063e-07,7.049168332510248e-12,4.269636768900506e-12,8.498765786552617e-05,8.95654992528431e-16,250000000.0,61654.342653822474,21246.91446638154,40407.428187440935,0.3446134295142674,True,2.5784320092758645e-08,5.0778263157337946e-08,0.822862147400324,0.33673115602305104,2.962052258437511e-10,1.7928974952447073e-10,"[4.166666666666667e-09, 5.222712798846205e-09, 6.5464149550156744e-09, 8.205610841308463e-09, 1.0285331703180699e-08, 1.2892160046379322e-08, 1.6159691826959763e-08, 2.0255383039217577e-08, 2.5389131578668973e-08, 3.1824034187401174e-08, 3.988986975875026e-08, 5.0000000000000004e-08]","[0.010490591223898813, 0.019055901753700717, 0.02940152809500698, 0.03954947067446528, 0.04683720912978147, 0.0490263295242236, 0.045430238414635386, 0.03729205332600907, 0.027124122421210345, 0.017482706002722503, 0.009986045168574188, 0.0050549602888226184]","[5.1566788417335796e-11, 5.7164985950121043e-11, 5.522295175581223e-11, 4.69684845607318e-11, 3.530895252239114e-11, 2.349855139503554e-11, 1.385329788767313e-11, 7.236581054143975e-12, 3.349864712928386e-12, 1.3742097521855105e-12, 4.995950326526519e-13, 1.6096280273984906e-13]","[7.000816438950875e-11, 4.941174127928694e-11, 3.038496343956299e-11, 1.6449493749786603e-11, 7.870907278070144e-12, 3.3340324029649658e-12, 1.2510323985831268e-12, 4.1594376751016147e-13, 1.2255017065229618e-13, 3.1998159663231884e-14, 7.4041524592393e-15, 1.5183364222859893e-15]","[-3.2405535948339554e-05, -2.356356240483378e-05, -1.469694954972308e-05, -7.992156072673207e-06, -3.825815797434759e-06, -1.6183597448067749e-06, -6.058675265090361e-07, -2.0085664489837197e-07, -5.8977939723170854e-08, -1.533939452611289e-08, -3.5337234012476654e-09, -7.144374621540574e-10]","[1.1681004404096923e-12, 1.3505011485509712e-12, 1.3262353030816831e-12, 1.1354724073922152e-12, 8.558785591876037e-13, 5.702112032085265e-13, 3.3630754432728387e-13, 1.7570864048300735e-13, 8.134254303303035e-14, 3.3369978913710095e-14, 1.213182206557958e-14, 3.9087282897001266e-15]","[1.6131493605450144e-12, 1.1873579924445149e-12, 7.422213817715082e-13, 4.044742651736538e-13, 1.9405202929247075e-13, 8.228669902736053e-14, 3.088992078329016e-14, 1.0272093433529074e-14, 3.0266973071969356e-15, 7.903008978881632e-16, 1.828722598261766e-16, 3.750097172307426e-17]","[323.7283666785442, 808.7020725606255, 2000.519087007478, 4948.535828734988, 12242.4109287191, 30293.83898205966, 74983.78181184435, 185665.02166198107, 459902.8475481656, 1139725.950262311, 2825927.225953332, 7075441.247973911]",1154.1419413862636,0.05377663631438722
conditioned_50C_min,273.8136318246275,1447.3157073916668,0.6663813596474568,5.596018339306296e-08,0.9999999999999876,7.317370288051301e-19,0.0001248812800662458,6.773111717343901,0.0008458348612935948,0.0008451200293108262,0.0004053637456827994,3.248738459683758,3257500487477901.0,36097093.99648621,90242734.9912155,0.00042217206317713595,0.03248738459683758,4.432489773707958e-08,1.1507501520520119e-10,1.2410452681915616e-10,3.3341784441263494e-08,0.9271875621511805,0.927242689325002,14996197.965373578,1.0761096279033632e-06,1.1362182603045966e-11,6.882075526842854e-12,0.0001355013649072552,1.7625721944151915e-15,250000000.0,92860.28313114359,33875.341226813805,58984.94190432978,0.36479903016204196,True,2.5784320092758645e-08,5.0778263157337946e-08,0.8215654131183303,0.33427104921102346,5.00564704559478e-10,3.0304782367766926e-10,"[4.166666666666667e-09, 5.222712798846205e-09, 6.5464149550156744e-09, 8.205610841308463e-09, 1.0285331703180699e-08, 1.2892160046379322e-08, 1.6159691826959763e-08, 2.0255383039217577e-08, 2.5389131578668973e-08, 3.1824034187401174e-08, 3.988986975875026e-08, 5.0000000000000004e-08]","[0.00956807312401727, 0.018370712525961033, 0.028970683488892108, 0.039314399581694574, 0.046724524352001744, 0.04897863281115099, 0.04541237631991444, 0.03728613043492006, 0.027122382957773156, 0.01748225350982067, 0.009985940907970264, 0.005054939196907124]","[8.461628390913407e-11, 9.616443851718391e-11, 9.383401501757375e-11, 8.013446348313849e-11, 6.03414620999399e-11, 4.018488173312392e-11, 2.369694004891234e-11, 1.2379981757775539e-11, 5.73103444019945e-12, 2.3510751903824786e-12, 8.547413774400619e-13, 2.753869846740814e-13]","[1.1601672480285282e-10, 8.397988004370599e-11, 5.2170829816386526e-11, 2.8360954470900524e-11, 1.3593217684247731e-11, 5.761855034992043e-12, 2.1626206691610907e-12, 7.191088166675549e-13, 2.1188166691335138e-13, 5.532384065295989e-14, 1.280164693503151e-14, 2.6251842535399808e-15]","[-4.937794769328818e-05, -3.801746706558917e-05, -2.423363996450713e-05, -1.3295421325163911e-05, -6.388064442360912e-06, -2.7066606746991704e-06, -1.014141678110877e-06, -3.363859233094206e-07, -9.881669929874974e-08, -2.5711922068452578e-08, -5.9259519312004205e-09, -1.199811186129189e-09]","[1.7622912922318284e-12, 2.153597022460263e-12, 2.1616352386799547e-12, 1.8670697646745475e-12, 1.4123392083084811e-12, 9.422931042727982e-13, 5.560819660651852e-13, 2.9060101403266134e-13, 1.345435500231235e-13, 5.5197280426637654e-14, 2.0067556142748342e-14, 6.465567632257255e-15]","[2.486860767980106e-12, 1.9349139982550724e-12, 1.2362763121960165e-12, 6.796708674419638e-13, 3.27242895526063e-13, 1.389650606371502e-13, 5.219692609216744e-14, 1.7361569713496772e-14, 5.116113652462607e-15, 1.3359195162793946e-15, 3.0913086063371257e-16, 6.33927770279732e-17]","[193.7721912512341, 483.21768765570795, 1195.4738756259028, 2956.9878697476997, 7314.347682869213, 18095.59405395162, 44779.12435716843, 110843.31373944817, 274471.65459124296, 679927.9129455143, 1685120.1332555208, 4213112.242448151]",1174.1657073916667,0.05596018339306296
conditioned_50C_min,294.0767762361337,1465.1613781380283,0.6698736220659154,5.881471515154829e-08,0.9999999999999771,7.317370288051301e-19,0.0001950751996668433,5.155670707719654,0.0010057434927249068,0.0010047329890592344,0.0006023839195145632,3.0910631723974973,2948972696219778.0,34345146.359972194,85862865.89993048,0.0003821868614300832,0.03091063172397497,4.6585912991325377e-08,1.5896927200255388e-10,1.779565372811675e-10,3.406400937978727e-08,0.8932300218053314,0.8933039180875152,14678248.659028593,1.4354946273033055e-06,1.7497907350505963e-11,1.0586847642302109e-11,0.0001993026038107099,3.2543052991686947e-15,250000000.0,130191.46013102487,49825.650952677475,80365.8091783474,0.3827105933256518,True,2.5784320092758645e-08,5.0778263157337946e-08,0.8197341908992577,0.3308564465094799,7.91752829573573e-10,4.793119245690209e-10,"[4.166666666666667e-09, 5.222712798846205e-09, 6.5464149550156744e-09, 8.205610841308463e-09, 1.0285331703180699e-08, 1.2892160046379322e-08, 1.6159691826959763e-08, 2.0255383039217577e-08, 2.5389131578668973e-08, 3.1824034187401174e-08, 3.988986975875026e-08, 5.0000000000000004e-08]","[0.008356439046883166, 0.01740684861783714, 0.02834843019298115, 0.03897124256721768, 0.04655929538442695, 0.04890856008250647, 0.04538610979986267, 0.03727741579153679, 0.027119822475502722, 0.01748158716485182, 0.009985787305257189, 0.005054908080616157]","[1.2805865059825787e-10, 1.5098244402424337e-10, 1.4956526354496119e-10, 1.285208175167812e-10, 9.701977968014432e-11, 6.467684188348827e-11, 3.8155491063468524e-11, 1.993687144271416e-11, 9.229946961079798e-12, 3.7865569445681434e-12, 1.3766307318730946e-12, 4.435351819929841e-13]","[1.78056721724023e-10, 1.3383439953256985e-10, 8.443745698672084e-11, 4.619285098470738e-11, 2.219687500776773e-11, 9.418544170969988e-12, 3.536589078953209e-12, 1.17617721632199e-12, 3.4657831693667824e-13, 9.049662618716106e-14, 2.0940680015119315e-14, 4.294243847858017e-15]","[-6.782385545617412e-05, -5.6748683785340964e-05, -3.7350642537733875e-05, -2.0758889239888833e-05, -1.002731628255105e-05, -4.258320796198489e-06, -1.5972253484968847e-06, -5.301085755700769e-07, -1.5579179239517026e-07, -4.055254488822692e-08, -9.350109724735873e-09, -1.8954265023500206e-09]","[2.4580271950902487e-12, 3.258898395202678e-12, 3.3780409717665386e-12, 2.955734222783855e-12, 2.247567556395792e-12, 1.5027144421132102e-12, 8.875641882701805e-13, 4.639891630093633e-13, 2.1484938247053426e-13, 8.81481811264619e-14, 3.2047933800455115e-14, 1.0325621803441729e-14]","[3.5746841334103425e-12, 3.0177762245273494e-12, 1.99126281979112e-12, 1.1090164062656247e-12, 5.367597397259972e-13, 2.284192079559959e-13, 8.587023951725266e-14, 2.8571732872688744e-14, 8.420702603610796e-15, 2.198937590421252e-15, 5.088442269617355e-16, 1.0434851557695486e-16]","[123.20796260665044, 306.73572419196074, 758.9810580726115, 1877.3279300673398, 4643.245916701233, 11485.409959289207, 28415.595734549657, 70320.34098193712, 174077.35066499864, 431084.83605740406, 1067986.1091725607, 2666897.4367240793]",1192.0113781380282,0.05881471515154829
conditioned_50C_min,316.4376271716547,1484.4097796861101,0.675470664922311,6.305733533807871e-08,0.9999999999999553,7.317370288051301e-19,0.000311825512136687,4.006694021904294,0.0012493894153553088,0.00124783038927479,0.0008978993179688698,2.8830904291354607,2565497044003856.0,32034338.101505116,80085845.2537628,0.0003324884169028997,0.028830904291354608,4.994640422818116e-08,2.1338113273891793e-10,2.555042435963632e-10,3.5266546763776353e-08,0.8350371659718224,0.8351373336718826,14177741.964619273,1.8566826747836876e-06,2.8246111256283188e-11,1.7014815211311248e-11,0.0002921622243754114,6.376432966126844e-15,250000000.0,180918.9311014566,73040.55609385285,107878.37500760375,0.4037198078121123,True,2.5784320092758645e-08,5.0778263157337946e-08,0.8167208991081933,0.3253841679873309,1.2920246406979273e-09,7.813913250221467e-10,"[4.166666666666667e-09, 5.222712798846205e-09, 6.5464149550156744e-09, 8.205610841308463e-09, 1.0285331703180699e-08, 1.2892160046379322e-08, 1.6159691826959763e-08, 2.0255383039217577e-08, 2.5389131578668973e-08, 3.1824034187401174e-08, 3.988986975875026e-08, 5.0000000000000004e-08]","[0.00658792137678431, 0.01583518104204311, 0.027289070394261483, 0.03837675192234573, 0.04627099509437616, 0.04878592280573286, 0.04534007607141511, 0.03726213152722555, 0.02711532947762688, 0.0174804173846922, 0.009985517533144984, 0.005054853357682542]","[1.932903543204234e-10, 2.428032144539525e-10, 2.4706340782447344e-10, 2.146660443375338e-10, 1.627842988130186e-10, 1.087169347697523e-10, 6.418414610854027e-11, 3.3547340028162416e-11, 1.5532915512628395e-11, 6.372642505791578e-12, 2.316867096192289e-12, 7.464749274584266e-13]","[2.748930133394173e-10, 2.2068153931895363e-10, 1.4315401967103967e-10, 7.921800732193393e-11, 3.824469832049843e-11, 1.625873530506577e-11, 6.109715500145169e-12, 2.0325628683409925e-12, 5.99000403760336e-13, 1.564156253510345e-13, 3.61949032734862e-14, 7.422444366953847e-15]","[-8.762759642121106e-05, -8.477354409432818e-05, -5.9030423455896964e-05, -3.35607219002031e-05, -1.63618252139173e-05, -6.9754239730214365e-06, -2.6209065340188384e-06, -8.706370219914362e-07, -2.560161198091082e-07, -6.667284528095781e-08, -1.5379891188491272e-08, -3.122165470754844e-09]","[3.318673854358956e-12, 5.07720197516812e-12, 5.568976445524889e-12, 4.9847121412991486e-12, 3.825303843824222e-12, 2.5670649079541144e-12, 1.5184825244174335e-12, 7.942925263654205e-13, 3.6788569056345824e-13, 1.5095066685344539e-13, 5.488315185934008e-14, 1.768325684019574e-14]","[5.0665451308219864e-12, 4.936404166624154e-12, 3.446880136700204e-12, 1.9638356574337063e-12, 9.592405167961147e-13, 4.097209352935141e-13, 1.5425815850676357e-13, 5.135760706132813e-14, 1.513989013283221e-14, 3.953941246933562e-15, 9.149966342714097e-16, 1.8764109331336327e-16]","[75.18089786597916, 186.79390146085174, 462.2882370926883, 1143.5019793812446, 2827.9849276850996, 6993.972408619202, 17299.386865922177, 42798.69863791764, 105912.58666776422, 262181.96195212804, 649258.0090954816, 1619021.6069683307]",1211.25977968611,0.06305733533807871
conditioned_50C_min,337.84454704281166,1502.587543520283,0.6830502836314578,6.828205840987701e-08,0.9999999999999153,7.317370288051301e-19,0.0004802846711968476,3.276805137940024,0.0015737992782516653,0.0015713263260138867,0.0012767416918742721,2.6624856402059285,2187910427253942.2,29583173.78006587,73957934.45016468,0.0002835531913721109,0.026624856402059284,5.408479874049665e-08,2.6833156365298247e-10,3.510221058106142e-10,3.698439144097547e-08,0.764308181579014,0.7644292459397258,13519216.634886786,2.202437702065355e-06,4.5245689982196817e-11,2.69659312170616e-11,0.0004059688148963297,1.2089088776131614e-14,250000000.0,236840.91767228502,101492.20372408241,135348.7139482026,0.4285247866862111,True,2.5784320092758645e-08,6.364806837480235e-08,0.8124780700227489,0.3179725494006374,2.0548297553184317e-09,1.2386981099422948e-09,"[4.166666666666667e-09, 5.222712798846205e-09, 6.5464149550156744e-09, 8.205610841308463e-09, 1.0285331703180699e-08, 1.2892160046379322e-08, 1.6159691826959763e-08, 2.0255383039217577e-08, 2.5389131578668973e-08, 3.1824034187401174e-08, 3.988986975875026e-08, 5.0000000000000004e-08]","[0.004549496841071007, 0.013669343374613844, 0.02572307998901681, 0.037472734802773744, 0.045827504449370594, 0.04859636160141119, 0.045268770689638894, 0.03723843150934694, 0.027108358015727047, 0.01747860137431612, 0.009985098517977905, 0.005054768235373304]","[2.7266904018579553e-10, 3.762064242771653e-10, 3.9907650335252037e-10, 3.528512206888871e-10, 2.694944992301464e-10, 1.8050906002774478e-10, 1.0669449700912247e-10, 5.579300047762104e-11, 2.583797435532952e-11, 1.0601295270896139e-11, 3.854376983254388e-12, 1.2418634599483264e-12]","[3.9957157377313893e-10, 3.542971154072455e-10, 2.4012656566309665e-10, 1.3533927276186748e-10, 6.583154772867797e-11, 2.8072172302311634e-11, 1.0562038530291248e-11, 3.515509268365728e-12, 1.036237543951835e-12, 2.7061252236737233e-13, 6.262237510768755e-14, 1.2842065872805869e-14]","[-9.847502323465307e-05, -0.0001193304483541947, -9.072807352070695e-05, -5.343187009819781e-05, -2.6424988390122043e-05, -1.1332592096937e-05, -4.269034562989741e-06, -1.419900782401092e-06, -4.1784024150379187e-07, -1.0887766985873806e-07, -2.512901254923545e-08, -5.1091438360409905e-09]","[3.9824111532109645e-12, 7.615801903366454e-12, 9.121708510893078e-12, 8.457730491190455e-12, 6.583394643743125e-12, 4.443371907018343e-12, 2.6344674626997657e-12, 1.3793381439768442e-12, 6.390985126625323e-13, 2.6227476098521937e-13, 9.536464674336951e-14, 3.0727096606536575e-14]","[6.497637943497068e-12, 7.91577484722921e-12, 6.0358966102516765e-12, 3.5623785535556674e-12, 1.764959702272157e-12, 7.582075549714504e-13, 2.8612488997290147e-13, 9.534976620645752e-14, 2.81191551659464e-14, 7.34473836347058e-15, 1.6997792337007462e-15, 3.4858756576357195e-16]","[46.199500052212755, 114.55033952475165, 283.51841928117216, 701.3180473359037, 1734.2488016570494, 4288.194720654062, 10603.983177389815, 26226.07999861491, 64877.32708119508, 160534.30787960018, 397353.3977275881, 989357.1990899708]",1229.4375435202828,0.06828205840987701
conditioned_50C_min,359.08429423123346,1520.514633300662,0.6932643716073993,7.46790816714558e-08,0.9999999999998417,7.317370288051301e-19,0.000727957617616453,2.771031847569452,0.0020171937420959767,0.0020131328630825585,0.0017685845387274237,2.4344166523071817,1829130999083489.0,27049073.91452424,67622684.7863106,0.00023705537748122015,0.024344166523071815,5.915174785857884e-08,3.290984866170812e-10,4.704687867794368e-10,3.9467182168356405e-08,0.6993877530965895,0.6995118398181168,12668753.443484621,2.3714287388483485e-06,7.378910637682297e-11,4.309031255890981e-11,0.0005446520864276272,2.2523217650426933e-14,250000000.0,294557.13847204176,136163.02160690678,158394.11686513497,0.4622635265715377,True,2.5784320092758645e-08,6.364806837480235e-08,0.8064302197984098,0.3079593116686082,3.2737581719146274e-09,1.9583280768389975e-09,"[4.166666666666667e-09, 5.222712798846205e-09, 6.5464149550156744e-09, 8.205610841308463e-09, 1.0285331703180699e-08, 1.2892160046379322e-08, 1.6159691826959763e-08, 2.0255383039217577e-08, 2.5389131578668973e-08, 3.1824034187401174e-08, 3.988986975875026e-08, 5.0000000000000004e-08]","[0.00247036116395932, 0.010736656005087126, 0.023350106139697735, 0.03603937841013456, 0.04511127332158391, 0.04828788724661503, 0.04515235498744254, 0.03719967812336244, 0.02709694848858403, 0.017475627359088287, 0.009984411905576774, 0.005054628517476411]","[3.5979598317330473e-10, 5.704460564102791e-10, 6.468864470097777e-10, 5.886029410280643e-10, 4.549219551574869e-10, 3.0618958584203907e-10, 1.8133750838232875e-10, 9.490110997118232e-11, 4.3963271062478384e-11, 1.804043719382085e-11, 6.559416218975873e-12, 2.113460464889476e-12]","[5.473096840094594e-10, 5.647318556491359e-10, 4.1123040938668973e-10, 2.389973339364265e-10, 1.1773492537125694e-10, 5.04650650804034e-11, 1.9027114776271196e-11, 6.338435596634261e-12, 1.86896983968962e-12, 4.88147601190568e-13, 1.1296845187533835e-13, 2.316713996493146e-14]","[-8.959905677276294e-05, -0.00015736633575228184, -0.0001383026520479483, -8.629984906101549e-05, -4.36899048649812e-05, -1.8917771141146075e-05, -7.155622800215241e-06, -2.3845021120871756e-06, -7.024251470321276e-07, -1.831657294765103e-07, -4.230191932386334e-08, -8.615958773272464e-09]","[3.941105619182822e-12, 1.090214556463987e-11, 1.5090966052290996e-11, 1.4824863675699815e-11, 1.18109201207848e-11, 8.0467791012461e-12, 4.789051530598408e-12, 2.511270608755622e-12, 1.1642867243688463e-12, 4.779225948573626e-13, 1.7379309012059514e-13, 5.599954354051783e-14]","[7.043645658778055e-12, 1.242073783553874e-11, 1.0946529727946659e-11, 6.845085784920938e-12, 3.471147693309733e-12, 1.5052300204427763e-12, 5.70187907174493e-13, 1.903041366874967e-13, 5.615653335907789e-14, 1.4671796627646802e-14, 3.3958111824986396e-15, 6.964352912688791e-16]","[27.57128537886886, 68.22714625565298, 168.8333939655941, 417.60650571537036, 1032.5331094447401, 2552.5146110679534, 6310.052422842126, 15600.606069835365, 38576.27905702622, 95408.82679873481, 236027.3969872656, 586658.8560238191]",1247.3646333006618,0.07467908167145579
conditioned_50C_min,380.1962251745866,1538.3094294087095,0.7066008823258386,8.249216591968042e-08,0.9999999999997077,7.317370288051301e-19,0.0010894759220018318,2.416110020920478,0.0026322936927002027,0.0026253829138152443,0.0023947330489627,2.2038456376210553,1499054195821406.2,24487173.75134506,61217934.37836265,0.00019427742377845425,0.022038456376210554,6.534032944133104e-08,4.0737697214208334e-10,6.170946207495124e-10,4.300538590032416e-08,0.6600471768075884,0.6601531733452649,11626450.72314608,2.2762004835987478e-06,1.2365187147879358e-10,7.027469994510597e-11,0.0007060022384940872,4.082221992323299e-14,250000000.0,346447.6898494755,176500.5596235218,169947.1302259537,0.5094580359309301,True,2.5784320092758645e-08,6.364806837480235e-08,0.797887679514374,0.29481458014997086,5.277895308147499e-09,3.112555236935498e-09,"[4.166666666666667e-09, 5.222712798846205e-09, 6.5464149550156744e-09, 8.205610841308463e-09, 1.0285331703180699e-08, 1.2892160046379322e-08, 1.6159691826959763e-08, 2.0255383039217577e-08, 2.5389131578668973e-08, 3.1824034187401174e-08, 3.988986975875026e-08, 5.0000000000000004e-08]","[0.0008571153775877812, 0.007093531915640756, 0.019789688641443048, 0.03371879397019435, 0.04391540620924719, 0.04776628762057263, 0.04495445609117761, 0.03713364141700131, 0.02707748195315609, 0.01747054898929464, 0.009983238638947727, 0.005054389325707753]","[4.337910835604212e-10, 8.348451889184734e-10, 1.054612184747539e-09, 1.0072789028666266e-09, 7.945396473941158e-10, 5.392657897229242e-10, 3.204636093882287e-10, 1.6794299584080205e-10, 7.784367293602414e-11, 3.1950566983682616e-11, 1.1618134658577104e-11, 3.7435311300839305e-12]","[6.861984719640545e-10, 8.832966338036428e-10, 7.247943039282459e-10, 4.441579236619744e-10, 2.237039211102653e-10, 9.676142853033183e-11, 3.66174095544812e-11, 1.2216494949604755e-11, 3.604374373025814e-12, 9.416406033594325e-13, 2.179386349238053e-13, 4.46958215885314e-14]","[-5.412812682526402e-05, -0.0001813010029711873, -0.00020451581420178957, -0.00014090953417036564, -7.423848464264382e-05, -3.26722086737324e-05, -1.2442371337395983e-05, -4.158663884347837e-06, -1.226890095495393e-06, -3.202230739215335e-07, -7.400995891950189e-08, -1.5102585589031658e-08]","[2.648775116361314e-12, 1.3952561186118775e-11, 2.477511305234567e-11, 2.6867914430559084e-11, 2.2272248327986625e-11, 1.5418917150910348e-11, 9.236136901755217e-12, 4.855907235971038e-12, 2.253701249677513e-12, 9.255073046794855e-13, 3.366122982950242e-13, 1.0847070076244682e-13]","[5.3471934306104784e-12, 1.799359030081391e-11, 2.0345673427840534e-11, 1.4045296197099856e-11, 7.41080314733669e-12, 3.2654839347836937e-12, 1.2450079371253855e-12, 4.166184625880097e-13, 1.2306942312483264e-13, 3.216763146326685e-14, 7.446539817955417e-15, 1.5272925781309832e-15]","[15.83493514110906, 39.12571800150534, 96.76361076858907, 239.29391413236021, 591.5450243985914, 1461.9852639156127, 3613.0135383490297, 8929.224012732306, 22070.01430085126, 54557.43327720217, 134890.4766966045, 334670.46393556165]",1265.1594294087095,0.08249216591968042
conditioned_50C_min,400.812455853496,1555.6849779056656,0.7230732693554824,9.203389836445083e-08,0.9999999999994766,7.317370288051301e-19,0.0016008031979620131,2.1824818923573455,0.0034937239927798247,0.003481560381741821,0.0031511517791876485,1.9753591147479015,1204334454388152.8,21948434.608310025,54871086.52077504,0.00015608174528870458,0.019753591147479016,7.289813731837692e-08,5.146770923110257e-10,7.879569604248619e-10,4.786748501980913e-08,0.6531024598382681,0.6531791939924164,10445503.869549103,1.9433967940972554e-06,2.1179455232238557e-10,1.1868573387517582e-10,0.0008775339734895861,7.106078529850177e-14,250000000.0,383107.6047384732,219383.49337239654,163724.11136607666,0.5726419696684376,True,3.2319383653919526e-08,6.364806837480235e-08,0.7861935723598302,0.2784803754867748,8.601257487370093e-09,4.982852233336735e-09,"[4.166666666666667e-09, 5.222712798846205e-09, 6.5464149550156744e-09, 8.205610841308463e-09, 1.0285331703180699e-08, 1.2892160046379322e-08, 1.6159691826959763e-08, 2.0255383039217577e-08, 2.5389131578668973e-08, 3.1824034187401174e-08, 3.988986975875026e-08, 5.0000000000000004e-08]","[0.00013081173125630715, 0.003445314941861883, 0.014862210058048369, 0.03005889694843905, 0.04192693916258307, 0.04688009219480825, 0.044615213163381656, 0.03702000303567577, 0.027043921832052977, 0.017461784726753145, 0.009981212241363668, 0.005053975450550651]","[4.711060354229365e-10, 1.133219970182942e-09, 1.6919204531185526e-09, 1.7536950017229603e-09, 1.4330487244712735e-09, 9.869828775879195e-10, 5.900439799320298e-10, 3.0997253561752805e-10, 1.4381772772157592e-10, 5.905284736466807e-11, 2.1476758951251635e-11, 6.920575276455721e-12]","[7.656877851756349e-10, 1.2963204979597103e-09, 1.2898076547932085e-09, 8.663414843870553e-10, 4.537832459377751e-10, 1.9948300700357523e-10, 7.599026568548003e-11, 2.542029667497849e-11, 7.508191006081973e-12, 1.962372346192154e-12, 4.5426331634738643e-13, 9.316905069642654e-14]","[-1.4573138688002703e-05, -0.00015545899180872895, -0.00027138211757295265, -0.0002220332336135451, -0.0001253082796534374, -5.670527649496372e-05, -2.1843188991386787e-05, -7.336216715433376e-06, -2.169129958422146e-06, -5.668210849948496e-07, -1.3110888697185235e-07, -2.6800501012002347e-08]","[8.25120484681247e-13, 1.3832107086002108e-11, 3.797766043310864e-11, 4.888809464992772e-11, 4.340187262407921e-11, 3.088794379676843e-11, 1.8709782675041857e-11, 9.8811490236481e-12, 4.594369279645495e-12, 1.888122142228491e-12, 6.869260307078543e-13, 2.2138339310687263e-13]","[1.9321070327560726e-12, 2.0959885098441817e-11, 3.6659901352327456e-11, 3.004186783025634e-11, 1.6976218485390382e-11, 7.689803922494448e-12, 2.9647191608001695e-12, 9.965723118187018e-13, 2.9492597685720156e-13, 7.714408902684421e-14, 1.7863553635334872e-14, 3.664276072545308e-15]","[8.976222216563242, 22.162210765530194, 54.764883519096, 135.3801701629828, 334.5903341625914, 826.7324505325691, 2042.5228743373661, 5046.198125226576, 12467.635572985717, 30806.519356829875, 76129.18141473144, 188577.64816737108]",1282.5349779056655,0.09203389836445083
conditioned_50C_min,422.17516540107687,1573.6765964383585,0.7438549137095656,1.047431613006618e-07,0.9999999999990595,7.317370288051301e-19,0.002363168139127627,2.0437601020189518,0.004829748757111415,0.004806534403549857,0.004081974629466228,1.7356741742608772,929803962714869.4,19285268.60289863,48213171.50724658,0.00012050259356784706,0.01735674174260877,8.296488023814795e-08,6.719981994782971e-10,9.905654068193285e-10,5.4948516949677256e-08,0.6783526134336533,0.678398614419678,9099426.658919806,1.4236336357623965e-06,3.7990490686965445e-10,2.1795803896347098e-10,0.001052206122504274,1.2522235434007909e-13,250000000.0,398311.63333001203,263051.53062606853,135260.1027039435,0.6604163891144078,True,3.2319383653919526e-08,6.364806837480235e-08,0.7693384742728638,0.2577688799732238,1.4666818501543608e-08,8.407222326844903e-09,"[4.166666666666667e-09, 5.222712798846205e-09, 6.5464149550156744e-09, 8.205610841308463e-09, 1.0285331703180699e-08, 1.2892160046379322e-08, 1.6159691826959763e-08, 2.0255383039217577e-08, 2.5389131578668973e-08, 3.1824034187401174e-08, 3.988986975875026e-08, 5.0000000000000004e-08]","[3.223179281149924e-06, 0.0008729124295553502, 0.008676967489622637, 0.024242946696858298, 0.038449502125752245, 0.04526880721044723, 0.04398849334991266, 0.03680866435219538, 0.026981325266775484, 0.017445413775867318, 0.009977423714453945, 0.005053200382502069]","[4.787021107426904e-10, 1.3811979531051503e-09, 2.642020198395891e-09, 3.1664392411084927e-09, 2.7644215670806766e-09, 1.9578609591986475e-09, 1.1839846244627362e-09, 6.249099146830209e-10, 2.9049013842761377e-10, 1.1936966017719598e-10, 4.342673043592755e-11, 1.3995403725564674e-11]","[7.839602524618974e-10, 1.7070983886155628e-09, 2.3076531573293713e-09, 1.8354082837383995e-09, 1.0364122405684997e-09, 4.701582587560298e-10, 1.8142304811288876e-10, 6.100866838211273e-11, 1.805799245632964e-11, 4.723778457335012e-12, 1.0938736345581256e-12, 2.2438433191577344e-13]","[-6.520154674896268e-07, -7.153346093972886e-05, -0.0002879629463805518, -0.00032565032336960066, -0.0002090411659316303, -9.963063767668112e-05, -3.919605621883696e-05, -1.3279531966126524e-05, -3.941129871815266e-06, -1.0316784333215521e-06, -2.388685171825948e-07, -4.8905594179882327e-08]","[4.530653071884711e-14, 7.813091799030933e-12, 4.9431818756059714e-11, 8.790414822689065e-11, 8.873601888332862e-11, 6.64956917837217e-11, 4.1126218244284515e-11, 2.1903573622408883e-11, 1.021911823764147e-11, 4.2054904337670364e-12, 1.5308724900318425e-12, 4.934831761062016e-13]","[8.606346120549237e-14, 1.4754811975250384e-11, 5.956553526100888e-11, 6.743818714327581e-11, 4.333244086461511e-11, 2.0668199244024752e-11, 8.136116758338508e-12, 2.7580376501161673e-12, 8.190011305759415e-13, 2.1452267823042285e-13, 4.9702806334454436e-14, 1.0197636154975617e-14]","[4.943409231624099, 12.202854693285849, 30.132236104279055, 74.44471863564982, 183.9326811749972, 454.3663301378482, 1122.2683502727637, 2771.8344626969574, 6846.088848715867, 16909.739713857092, 41769.52171067001, 103325.61064314275]",1300.5265964383584,0.1047431613006618
conditioned_50C_min,442.3582125639001,1590.6455675145762,0.7666698526216738,1.2039956292809958e-07,0.9999999999983736,7.317370288051301e-19,0.0033847753735111747,2.0023093047334943,0.0067773672248142135,0.0067317437255230055,0.0050765106864614044,1.5099722588575146,703708710654094.1,16777469.54286127,41943673.857153185,9.12006489007706e-05,0.015099722588575146,9.536599043809867e-08,8.742554461727388e-10,1.199156321398312e-09,6.432308577217865e-08,0.7290351135846426,0.7290587812215235,7773258.916260864,8.500838663091699e-07,6.576251817405078e-10,4.0755035329619497e-10,0.001192759245223587,2.168837933323885e-13,250000000.0,387798.8261117593,298189.8113058967,89609.01480586256,0.7689291231117903,True,3.2319383653919526e-08,6.364806837480235e-08,0.7475431650262652,0.23495647302942385,2.479287014753185e-08,1.4414461098405782e-08,"[4.166666666666667e-09, 5.222712798846205e-09, 6.5464149550156744e-09, 8.205610841308463e-09, 1.0285331703180699e-08, 1.2892160046379322e-08, 1.6159691826959763e-08, 2.0255383039217577e-08, 2.5389131578668973e-08, 3.1824034187401174e-08, 3.988986975875026e-08, 5.0000000000000004e-08]","[3.2297874525784145e-09, 7.967730015156566e-05, 0.003457968013564652, 0.016827552042855725, 0.033205259559096256, 0.04266752571549083, 0.042948256702261725, 0.036453862928615584, 0.02687573085983073, 0.01741773802149969, 0.009971011946336896, 0.005051886709932726]","[4.789328212752511e-10, 1.4745585184652048e-09, 3.6311152151062526e-09, 5.398042495724997e-09, 5.255704282321108e-09, 3.903647798679984e-09, 2.407878352920094e-09, 1.2812247760271818e-09, 5.975446063466423e-10, 2.4587436213801955e-10, 8.949762834896332e-11, 2.88492901781541e-11]","[7.835125133580742e-10, 1.8999365480484767e-09, 3.654854429080195e-09, 3.794712412515883e-09, 2.435462463015764e-09, 1.16701130807344e-09, 4.606237128063501e-10, 1.5633393999696225e-10, 4.6447130381993787e-11, 1.2168547662209554e-11, 2.8195748621809e-12, 5.785186042528563e-13]","[-1.1475182180206746e-09, -1.1468079697986443e-05, -0.00020161831980584227, -0.0003973389402135966, -0.00031745883356848074, -0.00016517376688766178, -6.732792331011024e-05, -2.314316354753304e-05, -6.909935984498472e-06, -1.8135682014426938e-06, -4.204332047153206e-07, -8.619845876599806e-08]","[4.1801283308611763e-17, 1.568550337718478e-12, 4.333006991482066e-11, 1.342070011384018e-10, 1.6855686056414874e-10, 1.3785491958712083e-10, 8.831929394478924e-11, 4.7713232056053947e-11, 2.2389314294971364e-11, 9.235437896703068e-12, 3.365039782923019e-12, 1.085150056392839e-12]","[-6.79063818293053e-14, 3.8486219270111436e-12, 6.879174420847546e-11, 1.3569574532369232e-10, 1.0848509718084664e-10, 5.6473597576386077e-11, 2.3028686608160506e-11, 7.918440228699533e-12, 2.3649808036881503e-12, 6.209117304824233e-13, 1.4399517199402627e-13, 2.9555125255641076e-14]","[2.8145849031916845, 6.9477455903585446, 17.151060562823176, 42.350623963032106, 104.59705652491593, 258.31902074685945, 637.8966495735126, 1575.1460621943108, 3889.4326836200626, 9604.126278594804, 23716.042963562704, 58607.622250497814]",1317.4955675145761,0.12039956292809957
conditioned_50C_min,462.93351284248797,1607.9047974467326,0.7923782662514061,1.4117795634763656e-07,0.9999999999971421,7.317370288051301e-19,0.004840115191133554,2.0443658466965564,0.009894966190830613,0.009798015162064739,0.00617172172404658,1.2877364476953879,511810234173807.4,14308182.752170973,35770456.88042744,6.633060634892544e-05,0.01287736447695388,1.118241238397121e-07,1.1385011798354924e-09,1.4209321440484043e-09,7.768406865711259e-08,0.8012257750171831,0.8012354316876579,6436326.117352776,2.728144163437315e-07,1.0914087124822078e-09,7.908101969983354e-10,0.0012911672134300557,3.8869811732683674e-13,250000000.0,354370.66850893776,322791.80335751397,31578.865151423786,0.9108874747328944,True,3.2319383653919526e-08,6.364806837480235e-08,0.7176772409976787,0.20920690342027007,4.236946060629484e-08,2.61317905749543e-08,"[4.166666666666667e-09, 5.222712798846205e-09, 6.5464149550156744e-09, 8.205610841308463e-09, 1.0285331703180699e-08, 1.2892160046379322e-08, 1.6159691826959763e-08, 2.0255383039217577e-08, 2.5389131578668973e-08, 3.1824034187401174e-08, 3.988986975875026e-08, 5.0000000000000004e-08]","[6.82159122367214e-16, 8.467729900804765e-07, 0.0006411300213788719, 0.008689157664789362, 0.025492458236161804, 0.038356625280684516, 0.04113855394707294, 0.03582426132124899, 0.026686814455732965, 0.017368051886878032, 0.009959482655819817, 0.005049521177512007]","[4.789309345393339e-10, 1.4859122379255573e-09, 4.292264715359682e-09, 8.452555954268132e-09, 9.837228429333236e-09, 7.939428450866357e-09, 5.073367557497543e-09, 2.7391595412354247e-09, 1.285123136718119e-09, 5.300740108535058e-10, 1.9313457442678363e-10, 6.228106327116994e-11]","[7.818239454306874e-10, 1.9290379155978213e-09, 4.86697494578438e-09, 7.469432150499123e-09, 5.9854601352320515e-09, 3.1667087393669275e-09, 1.3028183848003093e-09, 4.4975189349736726e-10, 1.3454970629194162e-10, 3.534936115723851e-11, 8.200124907403308e-12, 1.6832723890550441e-12]","[-4.2761438239366403e-16, -2.150324940463271e-07, -6.595586310256566e-05, -0.00036210880154932315, -0.00043031172941566655, -0.000262246153458234, -0.00011392729878373347, -4.0186292466371824e-05, -1.2126194853420422e-05, -3.1967329680504467e-06, -7.425352163646417e-07, -1.524613397143237e-07]","[-1.8383851854940846e-16, 3.6299832307808223e-14, 1.7604267988486923e-11, 1.5185909828103065e-10, 2.8357017081229546e-10, 2.7156547051138333e-10, 1.8538237498502575e-10, 1.0275001745277855e-10, 4.8717683426808544e-11, 2.01802355265398e-11, 7.365413460101074e-12, 2.3768171789472852e-12]","[-9.90939455863719e-14, 3.2672821239610534e-14, 4.028669790674827e-11, 2.2168161673943513e-10, 2.635261429449179e-10, 1.606366466957682e-10, 6.979607374947309e-11, 2.4622514229099954e-11, 7.43059193798091e-12, 1.9590641804885517e-12, 4.550980357631081e-13, 9.347358568015866e-14]","[1.5952670220039857, 3.937883871160634, 9.720591790025901, 23.995985813136343, 59.24183909831785, 146.2619175720085, 361.0947892757965, 891.4547504283205, 2200.75751530625, 5433.063086739484, 13412.808492208871, 33120.01053495666]",1334.7547974467325,0.14117795634763655
conditioned_50C_min,483.0085244596477,1624.6979237097057,0.8184592146303765,1.6719767931468083e-07,0.9999999999950039,7.329680037537159e-19,0.0064414891408124285,2.216175844467806,0.014275472636270187,0.01407455175778417,0.0069054774457121305,1.0873356660521365,364907052675630.7,12081507.400579296,30203768.501448236,4.7291954026761736e-05,0.010873356660521366,1.3243380539776698e-07,1.4382272322583447e-09,1.6412661822725549e-09,9.573467404866194e-08,0.8762881238222915,0.8762912730383103,5222768.0823966665,0.0,1.60751896538294e-09,1.4785777553522227e-09,0.0012636698449405503,6.790382280335611e-13,243634509.9084369,307873.5832531992,307873.5833581614,0.0,1.0000000003409264,False,4.0510766078435154e-08,6.364806837480235e-08,0.6795331956445622,0.18299517240414187,6.921571536358787e-08,4.797090232611219e-08,"[4.166666666666667e-09, 5.222712798846205e-09, 6.5464149550156744e-09, 8.205610841308463e-09, 1.0285331703180699e-08, 1.2892160046379322e-08, 1.6159691826959763e-08, 2.0255383039217577e-08, 2.5389131578668973e-08, 3.1824034187401174e-08, 3.988986975875026e-08, 5.0000000000000004e-08]","[0.0, 1.8850262435602648e-10, 3.475429274220479e-05, 0.00283416631430596, 0.01633875735939952, 0.032077251198857445, 0.03827331176904623, 0.03479305316846014, 0.02637308003123289, 0.01728506456914732, 0.009940179006096079, 0.005045554506351449]","[4.789242506934146e-10, 1.486050884785675e-09, 4.46325634909138e-09, 1.1110178012260911e-08, 1.6435642324032054e-08, 1.5082221104043605e-08, 1.020312107115036e-08, 5.6419254338609986e-09, 2.673079172768463e-09, 1.1069726906152155e-09, 4.0398380798079805e-10, 1.3036026230500557e-10]","[7.794342751212067e-10, 1.927208250018044e-09, 5.315437897378377e-09, 1.2196025033624027e-08, 1.3641767476523411e-08, 8.49329746733466e-09, 3.747038954069892e-09, 1.331440428186146e-09, 4.0304472769124835e-10, 1.063979367072126e-10, 2.472954616027855e-11, 5.080333297688765e-12]","[0.0, -7.774227338215889e-11, -5.806558394234063e-06, -0.00019182544387006336, -0.0004479922348625112, -0.00035630282358497026, -0.00017222212037829723, -6.342440165022825e-05, -1.947582760501914e-05, -5.171038231543316e-06, -1.2046844840376586e-06, -2.4772023026135925e-07]","[-5.704860513477856e-16, -7.00956343342241e-16, 1.8940627418696887e-12, 9.83541286592576e-11, 3.608899309600995e-10, 4.5096055963942745e-10, 3.424702157683167e-10, 1.9815478988182915e-10, 9.5600052453596e-11, 3.987985020448956e-11, 1.459694420691233e-11, 4.7158705342778186e-12]","[-1.4160315103688198e-13, -1.416013387839884e-13, 6.63578612563238e-12, 2.2430054625771219e-10, 5.241118224215298e-10, 4.1687919549778524e-10, 2.01507207992615e-10, 7.420983395531958e-11, 2.2787764886892905e-11, 6.050383879314313e-12, 1.4095380992279505e-12, 2.898424979805236e-13]","[Infinity, 2.424712015165819, 5.9853514565040715, 14.774715267833484, 36.47107268369034, 90.0280578079891, 222.232264269981, 548.5751897248672, 1354.144253383936, 3342.6681055476406, 8251.271712888889, 20367.955015333613]",1351.5479237097056,0.16719767931468082
conditioned_50C_min,503.5373746653885,1641.8161396621572,0.8430774005789631,1.9999308205292393e-07,0.9999999999912478,7.354862194495515e-19,0.008104018526590921,2.5206719324700835,0.020427572040195296,0.020018639832862766,0.007219325283823274,0.9090314431570714,255042643409946.8,10100349.368411902,25250873.421029758,3.305352658592911e-05,0.009090314431570714,1.5841036202211795e-07,1.7399975589649378e-09,1.8759987287655046e-09,1.191955724079674e-07,0.9275037200704696,0.9275046578042929,4194786.684598181,0.0,2.0875522682434235e-09,2.543256202223949e-09,0.0011422596876709428,1.165760216385856e-12,230977595.47613758,263836.39598034235,263836.3960675583,0.0,1.0000000003305685,False,4.0510766078435154e-08,6.364806837480235e-08,0.6334621965993169,0.15822230388836173,1.0707042753196568e-07,8.806483342397888e-08,"[4.166666666666667e-09, 5.222712798846205e-09, 6.5464149550156744e-09, 8.205610841308463e-09, 1.0285331703180699e-08, 1.2892160046379322e-08, 1.6159691826959763e-08, 2.0255383039217577e-08, 2.5389131578668973e-08, 3.1824034187401174e-08, 3.988986975875026e-08, 5.0000000000000004e-08]","[0.0, 3.2051509978882746e-17, 2.9264369105925705e-07, 0.00047649871238409296, 0.00810638088181389, 0.02422862971592344, 0.03417888340942557, 0.03323716280888816, 0.02588916704484138, 0.01715591224636671, 0.00991002732484878, 0.0050393491001786035]","[4.789039304154828e-10, 1.4860253814202263e-09, 4.474938520299038e-09, 1.2405767474232077e-08, 2.3644135156276612e-08, 2.5941192570652832e-08, 1.9123480851398015e-08, 1.0972514655746875e-08, 5.278848123832282e-09, 2.1997920240704725e-09, 8.048471070514663e-10, 2.599817365702993e-10]","[7.75997389128687e-10, 1.9237667792278778e-09, 5.358303075771828e-09, 1.576949419408282e-08, 2.6836833665448046e-08, 2.135440031919591e-08, 1.051534858405701e-08, 3.912443564017025e-09, 1.2069224007674606e-09, 3.2106815237173174e-10, 7.485744149292706e-11, 1.5397858417567327e-11]","[0.0, -1.976915593764899e-17, -7.312221109621708e-08, -4.823279533914308e-05, -0.00033241323906621256, -0.0004024860671503249, -0.00023001210632515835, -9.061243605570902e-05, -2.8592577643554368e-05, -7.675752078133291e-06, -1.7961999741408624e-06, -3.700226234842408e-07]","[-1.623452713166236e-15, -2.0407411612069243e-15, 2.5642083721850026e-14, 2.915150309426655e-11, 3.1568223016071964e-10, 6.00536608881464e-10, 5.392053545378101e-10, 3.3373798707209296e-10, 1.6545696588000296e-10, 6.97856363274925e-11, 2.565738050066773e-11, 8.304187360488566e-12]","[-1.997025299700742e-13, -2.001505493471352e-13, -6.284743514450583e-14, 1.0712091943030652e-10, 7.399311107903313e-10, 8.960733139684546e-10, 5.121083599228297e-10, 2.01745849651086e-10, 6.366071419657438e-11, 1.7089863564196193e-11, 3.999175267897793e-12, 8.238357303480369e-13]","[Infinity, 1.6212887429272012, 4.002117642123609, 9.879143620718015, 24.386456160968972, 60.19743711246101, 148.59601938129435, 366.80575267233485, 905.4506161558884, 2235.07899574304, 5517.218276093579, 13619.029703445223]",1368.666139662157,0.19999308205292393
conditioned_50C_min,524.1527254503575,1658.9814318593662,0.8653450760942059,2.3922122025240097e-07,0.9999999999848282,7.378515747504315e-19,0.010224737721262643,2.8747470368226136,0.029393534466488184,0.028554224873504962,0.007548556972673572,0.759966025623412,178255666698100.06,8444066.951371241,21110167.37842811,2.3101934404073767e-05,0.007599660256234119,1.8948215465536708e-07,2.0506598521524654e-09,2.132282544723234e-09,1.4896900190033183e-07,0.9617202591795089,0.9617205080195583,3356402.9672060674,0.0,2.4371962354750214e-09,3.856573474002118e-09,0.0010253903720256405,1.9652218726431418e-12,219525046.22349828,225098.86881032362,225098.86881605882,0.0,1.0000000000254785,False,4.0510766078435154e-08,7.977973951750052e-08,0.5800148587657253,0.13583895044477456,1.5372791620289546e-07,1.5301747714908588e-07,"[4.166666666666667e-09, 5.222712798846205e-09, 6.5464149550156744e-09, 8.205610841308463e-09, 1.0285331703180699e-08, 1.2892160046379322e-08, 1.6159691826959763e-08, 2.0255383039217577e-08, 2.5389131578668973e-08, 3.1824034187401174e-08, 3.988986975875026e-08, 5.0000000000000004e-08]","[0.0, 0.0, 1.4076470493927642e-10, 3.169978412340942e-05, 0.0028408974959597145, 0.015961789396245357, 0.028896510503974997, 0.03105771233604209, 0.025188329030217116, 0.01696631993862823, 0.009865522446680937, 0.005030169372138012]","[4.788502538581263e-10, 1.4859579058512828e-09, 4.474970293036818e-09, 1.268261218019685e-08, 2.8845899047577662e-08, 3.882558688154909e-08, 3.207975284393984e-08, 1.937671910392813e-08, 9.525978023438467e-09, 4.005128344339708e-09, 1.4706967103949714e-09, 4.757646147845408e-10]","[7.711341815532399e-10, 1.9188874968518277e-09, 5.3535025779275785e-09, 1.6945448162483605e-08, 4.176150138434183e-08, 4.5430999534894286e-08, 2.6065515432442736e-08, 1.0355736377746685e-08, 3.282428412846592e-09, 8.829267607565588e-10, 2.067844019668906e-10, 4.261242527402561e-11]","[0.0, 0.0, -5.140786404976347e-11, -4.689889922074277e-06, -0.00017026780094328195, -0.00038755134679262844, -0.0002842260844203433, -0.00012375395285016785, -4.0659348897317644e-05, -1.1094831853973558e-05, -2.6135213945543246e-06, -5.398372793006581e-07]","[-4.007756658712047e-15, -5.038236910594203e-15, -6.125149523197687e-15, 3.062929220470573e-12, 1.7510751732889842e-10, 6.262239866236392e-10, 7.215733684759066e-10, 4.936171551254343e-10, 2.548035792591181e-10, 1.0923934973919404e-10, 4.0429353289941957e-11, 1.3120323740127354e-11]","[-2.8136028254430545e-13, -2.8263227487396303e-13, -3.1878803498084505e-13, 1.722895995364277e-11, 6.399721162160261e-10, 1.457410441965206e-09, 1.0689389939617552e-09, 4.6543404295803946e-10, 1.5291929595402014e-10, 4.172751114217684e-11, 9.829375664378407e-12, 2.030294906628713e-12]","[Infinity, Infinity, 2.738194000883102, 6.759174447614545, 16.684878058101237, 41.18625706850198, 101.66734190814033, 250.9633964875811, 619.496615497422, 1529.2092896884985, 3774.800721829665, 9317.936283789879]",1385.8314318593661,0.23922122025240097
conditioned_50C_min,545.2398307566415,1676.5262537496878,0.8856901085603426,2.861438587355932e-07,0.9999999999739133,7.401637310071292e-19,0.012962212195568644,3.276691838301575,0.04247317490755291,0.040742702958586396,0.007899906985986868,0.6353447556181505,124587332867743.02,7059386.173535005,17648465.433837514,1.6146518339659495e-05,0.006353447556181505,2.2664860097868763e-07,2.384115890317043e-09,2.4242843041074157e-09,1.8793134746871903e-07,0.9834307629219763,0.9834308155514944,2660546.027762742,0.0,2.6447102784906535e-09,5.084028415161647e-09,0.0009115952626547266,3.2246013983493613e-12,208727066.915349,190274.60535200677,190274.60538784828,0.0,1.0000000001883673,False,4.0510766078435154e-08,7.977973951750052e-08,0.5174304083885068,0.11539270973471068,2.0734711159692176e-07,2.469480512994251e-07,"[4.166666666666667e-09, 5.222712798846205e-09, 6.5464149550156744e-09, 8.205610841308463e-09, 1.0285331703180699e-08, 1.2892160046379322e-08, 1.6159691826959763e-08, 2.0255383039217577e-08, 2.5389131578668973e-08, 3.1824034187401174e-08, 3.988986975875026e-08, 5.0000000000000004e-08]","[0.0, 0.0, 2.9615625683326773e-16, 4.762810742097015e-07, 0.0005835272708917025, 0.008549819662893325, 0.0224986577531216, 0.028075215955106644, 0.024180586972721938, 0.016688179312037445, 0.009799698922812728, 0.005016547604050794]","[4.787245308906463e-10, 1.485799845187234e-09, 4.474777514645554e-09, 1.2702993339098588e-08, 3.119524203538658e-08, 5.096747086188477e-08, 4.855763180627491e-08, 3.144871314393712e-08, 1.5935259270227634e-08, 6.784563410171907e-09, 2.504155561596727e-09, 8.117802776200891e-10]","[7.641407659228161e-10, 1.9118505447739092e-09, 5.34555567920061e-09, 1.7065235129748192e-08, 5.1777267161395845e-08, 7.935436269401488e-08, 5.5705499124179145e-08, 2.4239821137324608e-08, 7.982728935795405e-09, 2.1812351388384284e-09, 5.141314562284684e-10, 1.0622353200279125e-10]","[0.0, 0.0, -1.567815248318947e-16, -1.0214282327318658e-07, -5.069630567187915e-05, -0.00030091429985979894, -0.00032078447904312885, -0.00016216269113618413, -5.6580416980275047e-05, -1.5819046669945376e-05, -3.7631977061190494e-06, -7.804114245722305e-07]","[-8.612225128767398e-15, -1.0828304414205754e-14, -1.3211193350576007e-14, 5.315659738458172e-14, 5.3283978472438214e-11, 4.9704087383827e-10, 8.324989871112e-10, 6.612060015189549e-10, 3.62465073002976e-10, 1.5921854922344157e-10, 5.950900989011033e-11, 1.9389212958251734e-11]","[-3.948735316302543e-13, -3.981301909474188e-13, -4.500101991347954e-13, -1.423300837492708e-14, 2.8200928687555e-10, 1.6777343220709618e-09, 1.7888684815572652e-09, 9.043477655978615e-10, 3.155413335248804e-10, 8.822085523137878e-11, 2.098680981143444e-11, 4.35220602405127e-12]","[Infinity, Infinity, 1.8889742088604782, 4.6628931817937085, 11.510252338078761, 28.41280612744835, 70.13636638603298, 173.12993363886082, 427.3667156103096, 1054.9421630914924, 2604.0882483740315, 6428.080684237204]",1403.3762537496877,0.28614385873559317
conditioned_50C_min,565.800496696502,1693.6260204217479,0.9032816911544634,3.3888143991071427e-07,0.999999999957018,7.423273220810496e-19,0.01631956345385035,3.6985154911619547,0.06035815824306601,0.05692242547845809,0.008256562762446866,0.5364708083390439,88827446975292.33,5960786.759322709,14901966.898306774,1.1512037127997885e-05,0.005364708083390439,2.6842094250353604e-07,2.7294701755109298e-09,2.745330332086438e-09,2.368553260038631e-07,0.9942228514002305,0.9942228604003897,2110993.2735557104,5.56998083127812e-17,2.728750200570097e-09,5.809868204238438e-09,0.0008067489364609864,4.984278308779306e-12,198969053.8806574,160518.07261535103,160518.07260686907,8.481962140649557e-06,0.9999999999471588,False,5.0778263157337946e-08,7.977973951750052e-08,0.44881343376576005,0.09770940109083712,2.625977425835072e-07,3.591953137791566e-07,"[4.166666666666667e-09, 5.222712798846205e-09, 6.5464149550156744e-09, 8.205610841308463e-09, 1.0285331703180699e-08, 1.2892160046379322e-08, 1.6159691826959763e-08, 2.0255383039217577e-08, 2.5389131578668973e-08, 3.1824034187401174e-08, 3.988986975875026e-08, 5.0000000000000004e-08]","[0.0, 0.0, 3.447304852940287e-27, 9.259706551982252e-10, 6.11260721505545e-05, 0.0035543002263124356, 0.01585336824005933, 0.024384496350281535, 0.022841902346348843, 0.016307930825213215, 0.009708657885735017, 0.0049976182187655305]","[4.784838498228986e-10, 1.4854971900695913e-09, 4.474408235882664e-09, 1.2702886619441347e-08, 3.1743201935452774e-08, 5.919908888619553e-08, 6.575550561380531e-08, 4.645308057673021e-08, 2.448534847396175e-08, 1.0600153009403746e-08, 3.939443446823689e-09, 1.2806447459176264e-09]","[7.546918667915091e-10, 1.902297819239354e-09, 5.334746216870397e-09, 1.7053971079509327e-08, 5.496262302317108e-08, 1.1080855248360451e-07, 9.80243137994997e-08, 4.7847859333435444e-08, 1.6560933025603722e-08, 4.6195737912329674e-09, 1.0980959815508508e-09, 2.2765535864773863e-10]","[0.0, 0.0, -2.579818598475871e-27, -2.8072252589653626e-10, -7.507185534418291e-06, -0.00017683795458984, -0.0003195315770878254, -0.00019910268591339622, -7.555566925876328e-05, -2.1852728817475067e-05, -5.270343740768654e-06, -1.0990492647940262e-06]","[-1.571264277513631e-14, -1.976169735523715e-14, -2.41134011415428e-14, -2.7546917976130242e-14, 7.78736935436106e-12, 2.8922421820553763e-10, 8.211341651446148e-10, 8.038872949458056e-10, 4.792916032965202e-10, 2.1779703505611062e-10, 8.25273027506014e-11, 2.7038762194960354e-11]","[-5.410345916460452e-13, -5.487473293430276e-13, -6.217535684799013e-13, -8.066671873282804e-13, 5.299780765213173e-11, 1.2725982123098285e-09, 2.3007408751490848e-09, 1.4337407127215317e-09, 5.44090650912199e-10, 1.5736655455131023e-10, 3.7952884037842433e-11, 7.914431272528244e-12]","[Infinity, Infinity, 1.3362586249191775, 3.2985263731187113, 8.142342009573229, 20.09919326739738, 49.6144023840934, 122.47196082974024, 302.31884080226763, 746.2651901016674, 1842.1299185162934, 4547.2194730980855]",1420.4760204217478,0.3388814399107143
conditioned_50C_min,585.8275025676794,1710.2798025629872,0.9184044642835624,3.973651396002971e-07,0.9999999999323558,7.443430832784101e-19,0.020412088645471782,4.131247529645033,0.08432739079150073,0.07776930796698427,0.008612454675886524,0.4575137119045459,64604566845887.62,5083485.687828288,12708714.21957072,8.372751863227035e-06,0.004575137119045459,3.147446650299383e-07,3.093643263679781e-09,3.098504703312743e-09,2.9831136360873166e-07,0.9984310356692124,0.9984310368715064,1676101.0842879096,5.78343160710818e-17,2.726636613971973e-09,5.936805901888134e-09,0.0007105200361455803,7.290476644763881e-12,190171455.20208508,135120.62923322406,135120.6292240431,9.18094883672893e-06,0.9999999999320537,False,5.0778263157337946e-08,7.977973951750052e-08,0.37577324495950204,0.08249833761224583,3.172218955124375e-07,4.772814587677845e-07,"[4.166666666666667e-09, 5.222712798846205e-09, 6.5464149550156744e-09, 8.205610841308463e-09, 1.0285331703180699e-08, 1.2892160046379322e-08, 1.6159691826959763e-08, 2.0255383039217577e-08, 2.5389131578668973e-08, 3.1824034187401174e-08, 3.988986975875026e-08, 5.0000000000000004e-08]","[0.0, 0.0, 0.0, 7.398714630149892e-14, 2.5589611696198914e-06, 0.0010600832984963106, 0.00981951556918915, 0.020118510199389084, 0.021135893067647675, 0.015803812612009378, 0.009586012193922765, 0.0049719517103478566]","[4.780848503814942e-10, 1.4849952542714144e-09, 4.473795711663782e-09, 1.270218273795238e-08, 3.180307546717701e-08, 6.323869450282956e-08, 8.108726309195336e-08, 6.347319377974936e-08, 3.517661697778395e-08, 1.5563211425864687e-08, 5.836427983246176e-09, 1.9043537295643354e-09]","[7.422453518471813e-10, 1.8896216968281462e-09, 5.3203595376146945e-09, 1.703524323999362e-08, 5.53797089664662e-08, 1.2999424407891076e-07, 1.4489299380294824e-07, 8.110508128054512e-08, 2.9879874490217075e-08, 8.55751028131539e-09, 2.0563635505380636e-09, 4.2821249055996177e-10]","[0.0, 0.0, 0.0, -3.1089467651049434e-14, -4.356034598696392e-07, -7.310352592388468e-05, -0.0002743211204103631, -0.00022768586853327575, -9.69019000656811e-05, -2.9352530540672656e-05, -7.212644316727177e-06, -1.5155060579220472e-06]","[-2.5246724927230276e-14, -3.1768417973728755e-14, -3.877190386104063e-14, -4.4595351913114056e-14, 3.960987602574471e-13, 1.1632960425939397e-10, 6.860402162069411e-10, 8.946427057860776e-10, 5.982208894167399e-10, 2.847007954057738e-10, 1.0991329754452976e-10, 3.6284778579286456e-11]","[-7.228551143426155e-13, -7.39771781146633e-13, -8.412533390502705e-13, -1.0968965543215162e-12, 2.1814646641204458e-12, 6.093975097049752e-10, 2.291364220761851e-09, 1.902203730740667e-09, 8.096052613881553e-10, 2.45240380387205e-10, 6.026165982744867e-11, 1.2661974557807815e-11]","[Infinity, Infinity, Infinity, 2.3798138691834905, 5.874519845149298, 14.501124057956773, 35.795696497958, 88.36082067363267, 218.1163945528576, 538.4139738858512, 1329.056553044131, 3280.7204460568364]",1437.1298025629872,0.39736513960029707
conditioned_50C_min,606.5394138870926,1727.5041810896923,0.9320873334332276,4.6594187693243264e-07,0.9999999998956242,7.462879399426689e-19,0.025761640809161254,4.594154252882174,0.11835295168463116,0.10582790657131111,0.00898774278379719,0.39017742126313165,46987166686280.03,4335304.680701463,10838261.701753657,6.089536802541892e-06,0.0039017742126313164,3.6906287281776837e-07,3.5098127782042863e-09,3.510839582741049e-09,3.8081505305968675e-07,0.9997075329464202,0.9997075330522618,1312973.3081261178,2.426564176072638e-16,2.664423352380446e-09,5.6028496556742785e-09,0.0006176784982125105,1.0378002685378075e-11,181945582.3967393,112383.87413160205,112383.87409121853,4.0383514715358615e-05,0.9999999996406645,False,5.0778263157337946e-08,7.977973951750052e-08,0.29625659675427246,0.0687235708425435,3.730561778812706e-07,5.971869492855074e-07,"[4.166666666666667e-09, 5.222712798846205e-09, 6.5464149550156744e-09, 8.205610841308463e-09, 1.0285331703180699e-08, 1.2892160046379322e-08, 1.6159691826959763e-08, 2.0255383039217577e-08, 2.5389131578668973e-08, 3.1824034187401174e-08, 3.988986975875026e-08, 5.0000000000000004e-08]","[0.0, 0.0, 0.0, 5.370770019022575e-21, 2.1559795111845288e-08, 0.00018153302791988965, 0.0049186938388428485, 0.015259562788055236, 0.018907676953035676, 0.015107851983686546, 0.009412848658771004, 0.004935382032437194]","[4.774453896043778e-10, 1.484190309014927e-09, 4.4728131643481746e-09, 1.2701052544752646e-08, 3.1804482296508766e-08, 6.461884228153332e-08, 9.315565088356874e-08, 8.225037795529991e-08, 4.8698999138050615e-08, 2.2197747469449873e-08, 8.429777579111278e-09, 2.7647988700280033e-09]","[7.251219611588767e-10, 1.8719873037303855e-09, 5.300254888550964e-09, 1.700899217703563e-08, 5.5366391495692465e-08, 1.3755391252792812e-07, 1.875349409170344e-07, 1.2351419745546344e-07, 4.9350775279782104e-08, 1.464187278911424e-08, 3.570503642311262e-09, 7.479988477055494e-10]","[0.0, 0.0, 0.0, -3.125825909259815e-21, -5.083273421556487e-09, -1.7339045696194344e-05, -0.000190322514793692, -0.00023919578458688837, -0.00012006626509532075, -3.886489355894148e-05, -9.80953938284031e-06, -2.0836387154418253e-06]","[-3.790994649467338e-14, -4.77407805150794e-14, -5.828423987632095e-14, -6.704718493803564e-14, -6.30442915256781e-14, 2.657854810198785e-11, 4.592968618570131e-10, 9.069770938396621e-10, 7.152889670614101e-10, 3.637746124432733e-10, 1.442568178782367e-10, 4.814169974875817e-11]","[-9.566163368961589e-13, -9.923675185322689e-13, -1.134722436116229e-12, -1.4838933834178693e-12, -1.9310680238767407e-12, 1.5526450427811586e-10, 1.7251390791628183e-09, 2.169233818190978e-09, 1.0889622555221809e-09, 3.5250043747710323e-10, 8.897185528234976e-11, 1.8898370774193096e-11]","[Infinity, Infinity, Infinity, 1.7181923033885005, 4.2413211574292475, 10.469608945072068, 25.843993518973154, 63.79528307494971, 157.47701436390022, 388.7274761417878, 959.560718542684, 2368.6361727976773]",1454.3541810896922,0.46594187693243266
conditioned_50C_min,626.5651723505068,1744.1602772522238,0.9435568076622409,5.409440541253827e-07,0.9999999998463063,7.479896941600359e-19,0.032363296306384896,5.0501709975355755,0.1634401803911552,0.14048008926097574,0.009348493688016324,0.3360791168948897,34860855806434.848,3734212.4099432183,9335531.024858046,4.517966912513956e-06,0.0033607911689488967,4.284705379210952e-07,3.958992281583772e-09,3.959149022948148e-09,4.849622963623776e-07,0.9999604103330095,0.9999604103398312,1031007.9850545451,1.8822439557347343e-16,2.562980660812992e-09,5.029344245129088e-09,0.0005344176139419472,1.4133405557080308e-11,174954674.24137437,93498.85958907806,93498.85955606595,3.301211108919233e-05,0.999999999646925,False,5.0778263157337946e-08,7.977973951750052e-08,0.21940894237504935,0.05716504441833871,4.254131974479455e-07,7.038619871567551e-07,"[4.166666666666667e-09, 5.222712798846205e-09, 6.5464149550156744e-09, 8.205610841308463e-09, 1.0285331703180699e-08, 1.2892160046379322e-08, 1.6159691826959763e-08, 2.0255383039217577e-08, 2.5389131578668973e-08, 3.1824034187401174e-08, 3.988986975875026e-08, 5.0000000000000004e-08]","[0.0, 0.0, 0.0, 0.0, 2.4014011740252158e-11, 1.660430203187437e-05, 0.001954313491760212, 0.010571604118844316, 0.016313119128907563, 0.014233490488928016, 0.009188503066896392, 0.004887409796956326]","[4.765508205215272e-10, 1.4830631735559573e-09, 4.471436813198246e-09, 1.2699469126174338e-08, 3.1802896939053115e-08, 6.486811707722586e-08, 1.0020508791822432e-07, 9.973968784767935e-08, 6.389732419468779e-08, 3.0242771321922566e-08, 1.1672592195705037e-08, 3.854200019997331e-09]","[7.035442450849761e-10, 1.849413818953611e-09, 5.274354789367809e-09, 1.6975067451509632e-08, 5.532134481277885e-08, 1.390247370660549e-07, 2.1488688764800503e-07, 1.6687795411012573e-07, 7.336957724657831e-08, 2.273859241238427e-08, 5.648215939973337e-09, 1.1922976159387796e-09]","[0.0, 0.0, 0.0, 0.0, -7.665050433222186e-12, -2.147047302640727e-06, -0.00010237314420040717, -0.00022433846141696524, -0.00014023977843199175, -4.9569838829606205e-05, -1.296353822572773e-05, -2.7933896482370917e-06]","[-5.314429231391602e-14, -6.700041820221147e-14, -8.183430842303027e-14, -9.415520670014564e-14, -9.551311898569144e-14, 3.1040686018956897e-12, 2.3839933320613803e-10, 8.209493417870177e-10, 8.06316329258501e-10, 4.4778229064965353e-10, 1.8398655438862265e-10, 6.228816343454808e-11]","[-1.2277438076917554e-12, -1.297030863878994e-12, -1.4940706718898581e-12, -1.9605175027313677e-12, -2.617061059318516e-12, 1.752051346823384e-11, 9.616264018757898e-10, 2.110443122332834e-09, 1.3195257617061241e-09, 4.664257534101862e-10, 1.2198120643356104e-10, 2.6284504250789595e-11]","[Infinity, Infinity, Infinity, Infinity, 3.1329228619513856, 7.733552032809045, 19.0900993324423, 47.12345824283546, 116.32305264100577, 287.1401405571423, 708.7959249166004, 1749.634104945141]",1471.0102772522237,0.5409440541253827
conditioned_50C_min,647.1532511421141,1761.2864403210788,0.9536845007606087,6.280192534315575e-07,0.9999999997780243,7.494857692193672e-19,0.04116283199961634,5.516493195453938,0.22707448263149715,0.1850535447078398,0.009710541039665429,0.2894815708381986,25864067856466.355,3216461.8982022065,8041154.745505517,3.3519831941980393e-06,0.002894815708381986,4.974409928170751e-07,4.474926646359309e-09,4.4749411458131424e-09,6.25280578528293e-07,0.9999967598557148,0.9999967598559709,799641.0206388263,1.2246360921214377e-16,2.429723066816071e-09,4.338326471300164e-09,0.0004559000235032596,1.8871273923844894e-11,168964993.80268496,77031.14466885732,77031.14464587218,2.298514300491661e-05,0.9999999997016124,False,6.364806837480235e-08,1.0000000000000001e-07,0.1461535336926856,0.04694770558032896,4.768320618014714e-07,8.003107147544917e-07,"[4.166666666666667e-09, 5.222712798846205e-09, 6.5464149550156744e-09, 8.205610841308463e-09, 1.0285331703180699e-08, 1.2892160046379322e-08, 1.6159691826959763e-08, 2.0255383039217577e-08, 2.5389131578668973e-08, 3.1824034187401174e-08, 3.988986975875026e-08, 5.0000000000000004e-08]","[0.0, 0.0, 0.0, 0.0, 5.740493995618261e-16, 5.306337228384462e-07, 0.000532491540982451, 0.006328550894623028, 0.013279719224210904, 0.013099796818922139, 0.008885176818108985, 0.004821439649758041]","[4.752805593855559e-10, 1.4814605357388857e-09, 4.469478764252173e-09, 1.2697216001425375e-08, 3.180061105659087e-08, 6.488983747411203e-08, 1.0346861672711985e-07, 1.1501153749824406e-07, 8.103570030504581e-08, 4.030263105700981e-08, 1.590078959800701e-08, 5.2989022245399625e-09]","[6.753098634830434e-10, 1.8192370505615712e-09, 5.239429084029401e-09, 1.692914304987329e-08, 5.5259977760984884e-08, 1.3911361571673526e-07, 2.2830216281172312e-07, 2.0704919705630137e-07, 1.0210372782755823e-07, 3.3479405846417967e-08, 8.522150970186469e-09, 1.8173577166370563e-09]","[0.0, 0.0, 0.0, 0.0, -2.4763647104467214e-16, -9.273226506129593e-08, -3.769810717140158e-05, -0.00018150229542062722, -0.00015429010293647628, -6.165745106402834e-05, -1.6941805778206877e-05, -3.7242961618711603e-06]","[-7.242793120436195e-14, -9.14569202628787e-14, -1.117773527802651e-13, -1.2863996273139878e-13, -1.3051887393466184e-13, 2.46738578938833e-14, 8.460065123759764e-11, 6.404523679522859e-10, 8.554082053483752e-10, 5.370780398400179e-10, 2.318595867271754e-10, 8.007948559968489e-11]","[-1.5471636212622318e-12, -1.6760542134258675e-12, -1.9504060557247612e-12, -2.5706451073115477e-12, -3.4388788246946416e-12, -2.6500280283287645e-12, 3.5631663077968483e-10, 1.7259878069833554e-09, 1.4677722294564373e-09, 5.865952760916479e-10, 1.611836128737425e-10, 3.5432817042198843e-11]","[Infinity, Infinity, Infinity, Infinity, 2.3181133099666527, 5.72221246281106, 14.125153248712923, 34.86760803744527, 86.06980597892516, 212.46088822774428, 524.4527610827913, 1294.5908274211076]",1488.1364403210787,0.6280192534315575
conditioned_50C_min,660.0,1772.9548825198008,0.9592159606659443,6.879934162881018e-07,0.999999999724724,7.503121886570549e-19,0.04874583958248903,5.8239371261999,0.2838927048922425,0.22111871483534107,0.00994950495145597,0.262063889703854,21196753792195.598,2911820.9967094883,7279552.491773722,2.7470992914685494e-06,0.00262063889703854,5.494843267522573e-07,4.860353219922568e-09,4.860355354256772e-09,7.456081100396544e-07,0.9999995608686719,0.9999995608686921,670593.564189381,9.45506704692325e-17,2.3291096740671073e-09,3.874968427094345e-09,0.00040672851071802985,2.2633372300976815e-11,165718086.89810184,67402.27070184961,67402.27068310602,1.8743594409897923e-05,0.9999999997219144,False,6.364806837480235e-08,1.0000000000000001e-07,0.10286855581997274,0.04087790311247935,5.102147427226371e-07,8.578226968532409e-07,"[4.166666666666667e-09, 5.222712798846205e-09, 6.5464149550156744e-09, 8.205610841308463e-09, 1.0285331703180699e-08, 1.2892160046379322e-08, 1.6159691826959763e-08, 2.0255383039217577e-08, 2.5389131578668973e-08, 3.1824034187401174e-08, 3.988986975875026e-08, 5.0000000000000004e-08]","[0.0, 0.0, 0.0, 0.0, 1.0559494583271335e-20, 2.3393996087918744e-08, 0.00016872042730394578, 0.004036307036829487, 0.011094880106550173, 0.012184529301070224, 0.0086288033229321, 0.00476463952379733]","[4.741704359841255e-10, 1.4800578724268873e-09, 4.467764014468686e-09, 1.2695242363715114e-08, 3.1798608508691665e-08, 6.488890328210124e-08, 1.0427790381859333e-07, 1.2302436041357356e-07, 9.303006503457933e-08, 4.8195633230620644e-08, 1.9374139580399916e-08, 6.507894167482719e-09]","[6.521832632931257e-10, 1.7939412245720154e-09, 5.2098772808010434e-09, 1.6890128805893876e-08, 5.52077468064211e-08, 1.3906477475743588e-07, 2.3172918381556242e-07, 2.28858658612769e-07, 1.2290204408599166e-07, 4.2193052751491624e-08, 1.0962975615107234e-08, 2.358129833902033e-09]","[0.0, 0.0, 0.0, 0.0, -5.545562506884668e-21, -4.97711370983417e-09, -1.4541580768792999e-05, -0.00014092860394029194, -0.0001569310502583154, -6.981790724889499e-05, -2.003001211901545e-05, -4.4805824220292395e-06]","[-8.806644338786363e-14, -1.1135895274433295e-13, -1.3617805361234895e-13, -1.5675750738071554e-13, -1.59061811656148e-13, -1.2452503117508236e-13, 3.189454050743228e-11, 4.86906620300465e-10, 8.519212031857503e-10, 5.954910921970697e-10, 2.6841299383140655e-10, 9.433409071725192e-11]","[-1.7808941843134092e-12, -1.9712568955269643e-12, -2.3140071252047673e-12, -3.061159450725064e-12, -4.101946187769186e-12, -4.169206224439567e-12, 1.35655727005711e-10, 1.3411782683609336e-09, 1.4944853174425403e-09, 6.649628121207244e-10, 1.9077592861056017e-10, 4.2675471320877646e-11]","[Infinity, Infinity, Infinity, Infinity, 1.9041340838124183, 4.700313766529999, 11.602619411641184, 28.640793451268223, 70.6990750924531, 174.5186841197259, 430.79371453501835, 1063.3973611045508]",1499.8048825198007,0.6879934162881018
