condition_id,gate_form,rho0,smoothing_rho_mid,rho0_minus_rho_mid,rho_width_label,smoothing_rho_width,target_density,eligible_target,HR_scored,TS_scored,HR_pct,TS_pct,slow_time_budget_h,fast_time_budget_h,high_time_budget_h,two_step_time_budget_h,slow_reached,slow_time_to_target_h,slow_G_at_target_nm,slow_pore_mean_radius_nm,slow_large_pore_fraction,slow_removable_fine_pore_fraction,slow_f_pore,slow_isolated_pore_fraction,slow_cumulative_redistributed_pore_volume,slow_E_G,fast_reached,fast_time_to_target_h,fast_G_at_target_nm,fast_pore_mean_radius_nm,fast_large_pore_fraction,fast_removable_fine_pore_fraction,fast_f_pore,fast_isolated_pore_fraction,fast_cumulative_redistributed_pore_volume,fast_E_G,high_reached,high_time_to_target_h,high_G_at_target_nm,high_pore_mean_radius_nm,high_large_pore_fraction,high_removable_fine_pore_fraction,high_f_pore,high_isolated_pore_fraction,high_cumulative_redistributed_pore_volume,high_E_G,two_step_reached,two_step_time_to_target_h,two_step_G_at_target_nm,two_step_pore_mean_radius_nm,two_step_large_pore_fraction,two_step_removable_fine_pore_fraction,two_step_f_pore,two_step_isolated_pore_fraction,two_step_cumulative_redistributed_pore_volume,two_step_E_G,HR_crossover_density
logistic_mid0.72_narrow_rho00.65,logistic,0.65,0.72,-0.06999999999999995,narrow,0.0075,0.85,True,True,True,-10.742291324127466,0.0,126.75,9.1875,96.0,96.0,True,108.75991788410114,195.39806318294438,63.59051170052824,0.12689818265347455,0.22565927957612084,0.2992582497362957,0.05854329899081418,0.24424235767196564,0.13780085863515298,True,2.069790689643858,216.38829237175892,52.92235102125356,0.08567037592021827,0.3787936867475706,0.39392191924552034,0.058554714542182314,0.003162792911326939,0.1572579323023316,True,3.329858907388018,191.8438199784766,52.79856977255042,0.08537404480542236,0.3816883645867464,0.359493909621676,0.05854230970331319,6.893257824764349e-07,0.17620287650624808,True,3.329858907388018,191.8438199784766,52.79856977255042,0.08537404480542236,0.3816883645867464,0.359493909621676,0.05854230970331319,6.893257824764349e-07,0.19298494983167042,0.9
logistic_mid0.72_narrow_rho00.65,logistic,0.65,0.72,-0.06999999999999995,narrow,0.0075,0.88,True,True,True,-4.074839518023188,8.999986762506062,126.75,9.1875,96.0,96.0,True,112.61207694052312,290.33981161266604,66.72600287375916,0.15078267190850025,0.20359242004667333,0.3309475538879525,0.24766623638563087,0.24424235767196564,0.04632055790501337,True,2.9647284969236645,302.17069299281303,56.42961418003121,0.10391280379411928,0.330966759622499,0.4069484622682259,0.24767335742950033,0.003162792911326939,0.05447039537669643,True,6.86635431922832,264.8366108701452,56.31161413838933,0.10357149196196143,0.3334447740993964,0.3683545707135098,0.24766468161354507,6.893257824764351e-07,0.05512435078168135,True,19.37780367791798,241.00135094956244,56.308409703132455,0.10356587941064709,0.3335199926143895,0.341716676489568,0.24766381369264237,6.893257824765644e-07,0.06382310171790789,0.9
logistic_mid0.72_narrow_rho00.65,logistic,0.65,0.72,-0.06999999999999995,narrow,0.0075,0.9,True,True,True,4.551227468219996,11.075845294533256,126.75,9.1875,96.0,96.0,True,117.98086361665023,515.4799160854893,69.3637683828329,0.17292425981465853,0.18744020597234554,0.4350063357102866,0.5000000008097322,0.24424235767196564,0.027457872228711676,True,5.733952784331442,492.01925255144914,59.42813942496534,0.12126906981509271,0.2950896726375304,0.4882099281073753,0.5000000019156595,0.003162792911326939,0.03238814080940013,True,17.915329236770923,431.66908864690527,59.31755918800756,0.12089009076199878,0.29716204891667636,0.44536078913713273,0.5000000000314972,6.893257824764351e-07,0.03236461468417287,True,76.10550311550962,383.8580882040524,59.31390091500272,0.1208825766140061,0.2972407186159433,0.4079772405000104,0.5000000000001237,6.893257824765644e-07,0.03275281994972274,0.9
logistic_mid0.72_narrow_rho00.65,logistic,0.65,0.72,-0.06999999999999995,narrow,0.0075,0.92,True,False,False,nan,nan,126.75,9.1875,96.0,96.0,False,nan,nan,nan,nan,nan,nan,nan,nan,nan,False,nan,nan,nan,nan,nan,nan,nan,nan,nan,True,85.86272495108396,900.6480620763185,63.12698067735998,0.14540441729109232,0.2576376916408908,0.6006261482263429,0.7523361978811168,6.893257824764351e-07,0.023586958411513308,False,nan,nan,nan,nan,nan,nan,nan,nan,nan,0.9
logistic_mid0.72_narrow_rho00.70,logistic,0.7,0.72,-0.020000000000000018,narrow,0.0075,0.85,True,True,True,-11.384703837447912,0.0,126.75,9.1875,96.0,96.0,True,108.04869959523651,190.4228587713851,60.98835066389593,0.10981133536579939,0.24753119291984657,0.3040929919482857,0.05853741471907812,0.20120474585646075,0.13830458289002792,True,1.948706833537834,212.101937281309,50.62461409028411,0.07480331760029216,0.4135340497842848,0.40170439202402153,0.0585542339767967,0.002593218063965528,0.1536396122791002,True,2.880415911857653,188.65516639033817,50.50256387452355,0.07454555171017375,0.4165659939871086,0.36774297302190173,0.058541346212376895,1.8993072875766068e-07,0.17623552682431395,True,2.880415911857653,188.65516639033817,50.50256387452355,0.07454555171017375,0.4165659939871086,0.36774297302190173,0.058541346212376895,1.8993072875766068e-07,0.18970834588495758,0.9
logistic_mid0.72_narrow_rho00.70,logistic,0.7,0.72,-0.020000000000000018,narrow,0.0075,0.88,True,True,True,-4.631691074462676,9.05857342578814,126.75,9.1875,96.0,96.0,True,112.24738754565655,283.6538064302155,64.05688799293327,0.131048394743711,0.22280930538379362,0.3365444497926605,0.247664237252621,0.20120474585646075,0.04602541643685737,True,2.836950683609445,296.79177446501745,53.98084696830413,0.09096625590318945,0.3637278350997568,0.4161795809160056,0.24767314643378663,0.002593218063965528,0.05457843322703494,True,6.367707230137298,260.11044044867526,53.861913848684104,0.09066705568725617,0.36643187954001544,0.37701396848302543,0.24766472674409856,1.899307287576611e-07,0.055372186343668056,True,18.62116819308435,236.54814521249108,53.858984461447136,0.09066252804913132,0.3665049301274326,0.349752268366164,0.247663826360647,1.899307287578079e-07,0.0642406791903882,0.9
logistic_mid0.72_narrow_rho00.70,logistic,0.7,0.72,-0.020000000000000018,narrow,0.0075,0.9,True,True,True,4.428598574629684,11.138024586565308,126.75,9.1875,96.0,96.0,True,117.79607737271958,504.84122248444595,66.64003574569355,0.1508634583177765,0.204786847612774,0.4422319486048293,0.500000000543079,0.20120474585646075,0.02740137762144069,True,5.573857024002845,482.4838313013567,56.87953626866305,0.1064268171301972,0.3253429914150765,0.49806289507899904,0.49999999852422095,0.002593218063965528,0.03250492720853961,True,17.24718224540192,423.17868587071456,56.76615903759384,0.10609241469425414,0.3276914463021249,0.4547221885104967,0.49999999998515815,1.899307287576611e-07,0.032472757489340816,True,74.23006001719045,376.0449397933304,56.762720582552404,0.10608626681311766,0.3277712220020244,0.41665041658676427,0.499999999999861,1.899307287578079e-07,0.03284732481838664,0.9
logistic_mid0.72_narrow_rho00.70,logistic,0.7,0.72,-0.020000000000000018,narrow,0.0075,0.92,True,False,False,nan,nan,126.75,9.1875,96.0,96.0,False,nan,nan,nan,nan,nan,nan,nan,nan,nan,False,nan,nan,nan,nan,nan,nan,nan,nan,nan,True,84.42772773367994,880.7413503067211,60.478683026373204,0.12805878952997185,0.2843939775048311,0.6100147143477744,0.7523361987496724,1.899307287576611e-07,0.023668526778408146,False,nan,nan,nan,nan,nan,nan,nan,nan,nan,0.9
logistic_mid0.72_narrow_rho00.75,logistic,0.75,0.72,0.030000000000000027,narrow,0.0075,0.85,True,True,True,-19.397442894572247,0.0,126.75,9.1875,96.0,96.0,True,106.14844011968222,172.76145656729824,48.12502032926019,0.06371264179374687,0.45373714732105563,0.35568267515914054,0.05853729197398091,0.0032181389445221776,0.17222381294502226,True,1.7970139614549738,206.27276144877115,47.946261739411156,0.06338006850639574,0.45842944808355257,0.4098886597625025,0.05855222862415288,3.2803404826807084e-05,0.14594200351279793,True,2.328325305397538,184.5716116447875,47.94485781195159,0.06337689915115272,0.4584648722916943,0.3762308931518167,0.0585408931917381,2.806497200991287e-11,0.17312557783537114,True,2.328325305397538,184.5716116447875,47.94485781195159,0.06337689915115272,0.4584648722916943,0.3762308931518167,0.0585408931917381,2.806497200991287e-11,0.1850341459612607,nan
logistic_mid0.72_narrow_rho00.75,logistic,0.75,0.72,0.030000000000000027,narrow,0.0075,0.88,True,True,True,-15.872089856115476,9.154187443166961,126.75,9.1875,96.0,96.0,True,111.11485456083697,250.52325181616166,51.273583958482526,0.07766955376597524,0.40300602938207913,0.3805769685637182,0.2476652432863747,0.0032181389445221776,0.04632393492073566,True,2.6803916367280363,290.2865274548853,51.10233749410646,0.07728932473808255,0.40717197518310033,0.42744825569093065,0.24767030062169818,3.2803404826807084e-05,0.0546078116389153,True,5.77066186520728,254.7181952351687,51.09851959269026,0.07728255080484281,0.40726923365107814,0.3869948484904455,0.2476643207198072,2.8064972010478923e-11,0.0555710185729007,True,17.790085166945214,231.4008141914894,51.095939701286014,0.07727907549858673,0.40733748886265203,0.3589306505616588,0.24766385757050938,2.806497217769528e-11,0.06449608122094168,nan
logistic_mid0.72_narrow_rho00.75,logistic,0.75,0.72,0.030000000000000027,narrow,0.0075,0.9,True,True,True,-5.372681359943276,11.210539565240508,126.75,9.1875,96.0,96.0,True,117.1036694238057,446.97968254570753,54.02718718685283,0.09109520248186531,0.36271138201299485,0.4906207884973403,0.49999999955842583,0.0032181389445221776,0.02729069518589599,True,5.379654829602815,470.9944766325744,53.86477795856678,0.09067317890012128,0.3663640597872328,0.5103310981973124,0.500000001704127,3.2803404826807084e-05,0.032668793912851525,True,16.461373140285637,413.4952493223697,53.85900821877792,0.09066255965978312,0.36650433945434674,0.4657894726883846,0.5000000000325472,2.806497201048081e-11,0.03262427890982824,True,72.16456280238415,367.1402007966956,53.85588165514714,0.09065774814428611,0.3665823665090352,0.4269211293960282,0.5000000000002616,2.806497217851665e-11,0.03297971893001756,nan
logistic_mid0.72_narrow_rho00.75,logistic,0.75,0.72,0.030000000000000027,narrow,0.0075,0.92,True,False,False,nan,nan,126.75,9.1875,96.0,96.0,False,nan,nan,nan,nan,nan,nan,nan,nan,nan,False,nan,nan,nan,nan,nan,nan,nan,nan,nan,True,82.76902451343257,857.615508493787,57.43010222422572,0.10984135237617967,0.3194726024320465,0.6212515413168973,0.7523361982830566,2.806497201048081e-11,0.02378052712728728,False,nan,nan,nan,nan,nan,nan,nan,nan,nan,nan
logistic_mid0.72_narrow_rho00.80,logistic,0.8,0.72,0.08000000000000007,narrow,0.0075,0.85,True,True,True,-19.048448672307053,0.0,126.75,9.1875,96.0,96.0,True,104.17763034194144,165.50205120958793,45.06221279001744,0.0518345644588593,0.5094997002317176,0.3612748994841989,0.058538445255944385,1.2280875047399486e-06,0.18301904835808744,True,1.5928438106695209,197.02762448586162,45.06532588745284,0.05183788647670002,0.5094089784111643,0.41352187318063355,0.05854918844101103,1.2285033368448866e-08,0.12554838538153193,True,1.585134294444269,178.15682026442536,45.06586514179745,0.05183830122355353,0.5093926260634682,0.3827654623977021,0.0585427419261504,9.264739609030824e-17,0.1593017833156783,True,1.585134294444269,178.15682026442536,45.06586514179745,0.05183830122355353,0.5093926260634682,0.3827654623977021,0.0585427419261504,9.264739609030824e-17,0.17706103807558257,nan
logistic_mid0.72_narrow_rho00.80,logistic,0.8,0.72,0.08000000000000007,narrow,0.0075,0.88,True,True,True,-17.679394903654863,9.373922209355666,126.75,9.1875,96.0,96.0,True,110.38054343682748,240.44446504744025,47.93882381697838,0.06336990706967299,0.458633992258467,0.38857734886823,0.2476650930360055,1.2280875047399848e-06,0.045508006675587485,True,2.483512161567161,282.9535915471576,47.94528789138621,0.06337748241667154,0.45845311141992096,0.43944500517110785,0.2476731551251422,1.2285033368448866e-08,0.054156055544600824,True,5.012162581374156,248.33057300196518,47.943897618469705,0.06337572288326591,0.45849156948388364,0.3983182500975795,0.24766533248992478,9.264805337637528e-17,0.0553924606106948,True,16.95507860886658,225.05225826671378,47.94174224090797,0.06337319881493673,0.45855190118035505,0.36899065414205945,0.24766387058851552,9.284438410862442e-17,0.06383142559751556,nan
logistic_mid0.72_narrow_rho00.80,logistic,0.8,0.72,0.08000000000000007,narrow,0.0075,0.9,True,True,True,-6.247956030202481,11.300517912662253,126.75,9.1875,96.0,96.0,True,116.79569997961165,431.54377996497306,50.494450568075926,0.07453491332703738,0.4167830617841298,0.503073347947444,0.5000000004490845,1.2280875047399848e-06,0.02720646068431983,True,5.145165017755577,458.5064455882583,50.502191140573125,0.07454496532742812,0.4165756426699203,0.5242353617744371,0.4999999978926866,1.2285033368448866e-08,0.03288640736626551,True,15.499533634303207,402.3906766638828,50.49903194748179,0.07454081755379346,0.4166601775233339,0.4789876135399073,0.49999999998036554,9.264805565186903e-17,0.03282912042809212,True,70.04418510642334,356.9184461685979,50.49633411651019,0.07453729229190034,0.41673240318017263,0.43917756215854364,0.49999999999974337,9.284535462156166e-17,0.03314785079967465,nan
logistic_mid0.72_narrow_rho00.80,logistic,0.8,0.72,0.08000000000000007,narrow,0.0075,0.92,True,False,False,nan,nan,126.75,9.1875,96.0,96.0,False,nan,nan,nan,nan,nan,nan,nan,nan,nan,False,nan,nan,nan,nan,nan,nan,nan,nan,nan,True,80.81266069719152,830.5494918118794,53.854955386940105,0.09065632592641654,0.36660550444348244,0.6349005309869599,0.7523361975923494,9.264805583450529e-17,0.023940039518903257,False,nan,nan,nan,nan,nan,nan,nan,nan,nan,nan
logistic_mid0.72_narrow_rho00.85,logistic,0.85,0.72,0.13,narrow,0.0075,0.85,False,False,False,nan,nan,126.75,9.1875,96.0,96.0,True,12.15,150.0,41.776568295348916,0.039886876898749805,0.5724048606059738,0.35191318607778865,0.058536902874367754,6.757703320900015e-15,6.356764177752987e-36,True,0.5099999999999818,150.00000000000034,41.77656829541158,0.03988687689883337,0.5724048606041119,0.3519131860773129,0.058536902874367754,6.99312474682084e-13,0.08717181523940937,True,0.0,150.0,41.77656829534832,0.03988687689874908,0.5724048606059915,0.3519131860777932,0.058536902874367754,0.0,0.06586055591037968,True,0.0,150.0,41.77656829534832,0.03988687689874908,0.5724048606059915,0.3519131860777932,0.058536902874367754,0.0,0.14105096429952166,nan
logistic_mid0.72_narrow_rho00.85,logistic,0.85,0.72,0.13,narrow,0.0075,0.88,True,True,True,-20.57941290372539,10.622496517617392,126.75,9.1875,96.0,96.0,True,108.96853971326486,225.1804225882927,44.283230011975476,0.04888799554847297,0.5239541686258334,0.3907793172426735,0.24766452127796934,1.6494919329091573e-10,0.04150135229698167,True,2.1654864483191663,271.5212315310912,44.28500649017934,0.04888979481277289,0.5239016229037491,0.44982975491669497,0.24766848463627797,1.6494958908097853e-12,0.049955970645063325,True,3.790607787908912,238.55085781512116,44.2846690324696,0.048889406601093005,0.5239114218436504,0.40843201735494644,0.24766476594134332,8.662542817048322e-22,0.05167013730332703,True,17.88411368539881,213.2108012509635,44.283146771763356,0.04888790364415594,0.523956600098608,0.3745186745682374,0.24766385618054282,3.1773579925135174e-19,0.05502368968628899,nan
logistic_mid0.72_narrow_rho00.85,logistic,0.85,0.72,0.13,narrow,0.0075,0.9,True,True,True,-7.261941310806934,11.458317690627695,126.75,9.1875,96.0,96.0,True,116.35068661463266,413.9068394068395,46.54456312890734,0.05764993533761807,0.4828024285507316,0.515986975984013,0.49999999992474997,1.649491932909189e-10,0.026923869769406097,True,4.806239379442678,443.96451116598007,46.54759082961936,0.05765323840930235,0.4827156149086365,0.5407998799815262,0.4999999978998951,1.6494958908097902e-12,0.03308735349713135,True,14.129205925747074,389.4328124607177,46.54586558198465,0.05765135091612633,0.48276506446869194,0.4947544366159214,0.5000000000181295,8.69000815696407e-22,0.03301947543090736,True,70.43893215157159,344.8103636174223,46.543851520324644,0.057649161301349804,0.48282283658746655,0.4536629070086043,0.5000000000003042,3.1891698232947083e-19,0.03316970915266731,nan
logistic_mid0.72_narrow_rho00.85,logistic,0.85,0.72,0.13,narrow,0.0075,0.92,True,False,False,nan,nan,126.75,9.1875,96.0,96.0,False,nan,nan,nan,nan,nan,nan,nan,nan,nan,False,nan,nan,nan,nan,nan,nan,nan,nan,nan,True,78.32947181765708,798.7125407016913,49.56888529715648,0.07038851990398241,0.4315798514543701,0.6516959453532819,0.7523361974738673,8.692299754370277e-22,0.024168799642654008,False,nan,nan,nan,nan,nan,nan,nan,nan,nan,nan
logistic_mid0.72_baseline_rho00.65,logistic,0.65,0.72,-0.06999999999999995,baseline,0.015,0.85,True,True,True,-10.810886426325167,0.0,126.75,9.1875,96.0,96.0,True,108.75266494817964,195.27538239355525,63.48777819277126,0.12631418989420254,0.22657365751978573,0.2995816030425781,0.05854162862907676,0.24225389867008115,0.13791283579747904,True,2.0697765027871187,216.38638220269468,52.921160988874824,0.08566751653846291,0.378821348773434,0.39392936269980655,0.05855466798619962,0.00313248719691329,0.15726060273292208,True,3.3299749472052436,191.84381572786825,52.798566325684895,0.08537403638043918,0.3816884440791625,0.35949393055777823,0.058542309882553364,6.10545883336112e-07,0.17620288975040366,True,3.3299749472052436,191.84381572786825,52.798566325684895,0.08537403638043918,0.3816884440791625,0.35949393055777823,0.058542309882553364,6.10545883336112e-07,0.19298565009379146,0.9
logistic_mid0.72_baseline_rho00.65,logistic,0.65,0.72,-0.06999999999999995,baseline,0.015,0.88,True,True,True,-4.15192295906713,8.999986181100475,126.75,9.1875,96.0,96.0,True,112.60680521858248,290.1216715830092,66.62413593287349,0.15012027195773273,0.20438331428007903,0.3312394275475092,0.2476659277345308,0.24225389867011266,0.04632564473231202,True,2.9647068115464212,302.16729987469347,56.42851133246956,0.10390956731310634,0.3309896789159326,0.406954385621602,0.24767340177584882,0.0031324871969133613,0.0544705108173777,True,6.866473333716002,264.836602174317,56.311610912952155,0.10357148236210216,0.33344484061614005,0.36835458684957756,0.2476646813630334,6.105459190535405e-07,0.05512435155307244,True,19.37822475264909,241.00134457613245,56.308406467685955,0.10356586984322609,0.3335200595175241,0.341716693199043,0.247663815023375,6.105586457570051e-07,0.06382310503471657,0.9
logistic_mid0.72_baseline_rho00.65,logistic,0.65,0.72,-0.06999999999999995,baseline,0.015,0.9,True,True,True,4.478177670606959,11.075845373199575,126.75,9.1875,96.0,96.0,True,117.97679887341904,515.0798616062656,69.26301999373099,0.17219557656436735,0.18814163291218394,0.4353236988124465,0.5000000008414098,0.24225389867011266,0.027458564602622203,True,5.733914628800023,492.01367025802057,59.427128319561845,0.12126551982980013,0.2951083204012799,0.4882152891572935,0.50000000192429,0.003132487196913373,0.03238811876367525,True,17.91545429051966,431.6690741622359,59.31755621367391,0.12089008021923627,0.2971621034298467,0.4453608039834304,0.5000000000314939,6.105459260978615e-07,0.03236461465139287,True,76.10658066923332,383.85807498410446,59.31389792377279,0.1208825660420664,0.2972407735188857,0.4079772544980541,0.500000000000143,6.105617021168914e-07,0.03275282000937722,0.9
logistic_mid0.72_baseline_rho00.65,logistic,0.65,0.72,-0.06999999999999995,baseline,0.015,0.92,True,False,False,nan,nan,126.75,9.1875,96.0,96.0,False,nan,nan,nan,nan,nan,nan,nan,nan,nan,False,nan,nan,nan,nan,nan,nan,nan,nan,nan,True,85.8629137755672,900.6480334293948,63.126978039928225,0.1454044055801359,0.2576377317871609,0.60062616061394,0.7523361978850027,6.105459355341618e-07,0.02358695836073467,False,nan,nan,nan,nan,nan,nan,nan,nan,nan,0.9
logistic_mid0.72_baseline_rho00.70,logistic,0.7,0.72,-0.020000000000000018,baseline,0.015,0.85,True,True,True,-12.346987101078588,0.0,126.75,9.1875,96.0,96.0,True,107.9783766639237,188.76423700678993,59.459092203321305,0.10261289864076022,0.26390326368341394,0.309600476237734,0.05854184555737019,0.17489749899661128,0.1407055254193792,True,1.9484655175814087,212.0709330014677,50.60511639780397,0.07476204372481857,0.4140163704029636,0.4018276792299237,0.05855337043647598,0.0021805619160003586,0.15368093632461133,True,2.880629425698192,188.65516527587778,50.50256290177713,0.07454554976622134,0.4165660189474561,0.3677429793796962,0.05854134642218249,1.6705254048272165e-07,0.17623553125032554,True,2.880629425698192,188.65516527587778,50.50256290177713,0.07454554976622134,0.4165660189474561,0.3677429793796962,0.05854134642218249,1.6705254048272165e-07,0.18970909689876184,0.9
logistic_mid0.72_baseline_rho00.70,logistic,0.7,0.72,-0.020000000000000018,baseline,0.015,0.88,True,True,True,-5.827368336731343,9.058573638786537,126.75,9.1875,96.0,96.0,True,112.1835963781245,280.3957891324111,62.54041105523769,0.122817535220633,0.23688585889981031,0.3413145339857754,0.2476657282495972,0.1748974989966774,0.04613826196567309,True,2.836581215294396,296.7354845658412,53.962316915546445,0.09091908544012312,0.3641460309699143,0.4162824975916656,0.247673738271333,0.002180561916000439,0.05458122315819962,True,6.3679239844118865,260.11043795741534,53.861912925439775,0.09066705344831255,0.3664319012226478,0.37701397357309635,0.247664726466287,1.6705258086894147e-07,0.05537218684040567,True,18.6217023681763,236.5481423928727,53.85898351624385,0.09066252575254709,0.36650495228760666,0.349752272991318,0.2476638250601878,1.670669403368142e-07,0.06424067953468272,0.9
logistic_mid0.72_baseline_rho00.70,logistic,0.7,0.72,-0.020000000000000018,baseline,0.015,0.9,True,True,True,3.2773008533817443,11.13802448669082,126.75,9.1875,96.0,96.0,True,117.7400061122505,498.73250920874364,65.13966171007581,0.14174521677145885,0.21721619971833384,0.44733006510572065,0.5000000008501175,0.17489749899667748,0.02741715782418079,True,5.573179446991079,482.3875444283533,56.86222815978904,0.1063746837289401,0.3256973652235157,0.49815855170392437,0.49999999825650343,0.002180561916000453,0.03250493524653797,True,17.247405685703313,423.17868165236194,56.766158184681984,0.10609241224147473,0.32769146457727655,0.4547221931896187,0.4999999999851895,1.670525890052796e-07,0.032472757527996256,True,74.23129658459897,376.04493646746647,56.76271971421547,0.10608626434536067,0.32777124067482666,0.4166504213652006,0.49999999999983147,1.6707046616818307e-07,0.032847325012823766,0.9
logistic_mid0.72_baseline_rho00.70,logistic,0.7,0.72,-0.020000000000000018,baseline,0.015,0.92,True,False,False,nan,nan,126.75,9.1875,96.0,96.0,False,nan,nan,nan,nan,nan,nan,nan,nan,nan,False,nan,nan,nan,nan,nan,nan,nan,nan,nan,True,84.42802130849829,880.7413417009412,60.47868227601636,0.1280587868071189,0.28439399133860543,0.6100147182219279,0.7523361987414577,1.6705260014081977e-07,0.023668526769775714,False,nan,nan,nan,nan,nan,nan,nan,nan,nan,0.9
logistic_mid0.72_baseline_rho00.75,logistic,0.75,0.72,0.030000000000000027,baseline,0.015,0.85,True,True,True,-18.34282721871375,0.0,126.75,9.1875,96.0,96.0,True,106.33985841420132,174.32105950495352,49.35268707148911,0.06611405392761219,0.4232222768346808,0.34878048522738114,0.05853905106577129,0.02433278139411018,0.165649432339494,True,1.7973135406954195,206.29647025577833,47.95906609561785,0.0634035576889319,0.45809072633855474,0.40981268669654397,0.058553855827523885,0.00025534734381178016,0.14593196477641202,True,2.3284623838489056,184.57161197217965,47.94485796421423,0.06337689943845962,0.4584648683051529,0.3762308923962563,0.058540893423599485,2.5667732277180957e-09,0.17312557792884925,True,2.3284623838489056,184.57161197217965,47.94485796421423,0.06337689943845962,0.4584648683051529,0.3762308923962563,0.058540893423599485,2.5667732277180957e-09,0.18503494098278647,nan
logistic_mid0.72_baseline_rho00.75,logistic,0.75,0.72,0.030000000000000027,baseline,0.015,0.88,True,True,True,-14.235431866187824,9.15418698599779,126.75,9.1875,96.0,96.0,True,111.23806368806703,254.14433250475082,52.4731867901103,0.08044655082376402,0.3755655578534451,0.3751433550593205,0.2476650930132861,0.024332781394507102,0.046208704713072916,True,2.680741372955031,290.32287580024246,51.11484965900998,0.07731638610530349,0.40686388683554225,0.42737639931470883,0.24766844156358547,0.0002553473438118742,0.05460561113387929,True,5.770802418313987,254.71819562770045,51.0985197345403,0.07728255111181004,0.40726923016481686,0.38699484790654326,0.24766432032179403,2.566819382588999e-09,0.055571018854758986,True,17.790561393363536,231.4008157125811,51.095939832316745,0.07727907581908568,0.4073374857574855,0.35893065120355966,0.24766385828202506,2.5832197552534555e-09,0.064496082915561,nan
logistic_mid0.72_baseline_rho00.75,logistic,0.75,0.72,0.030000000000000027,baseline,0.015,0.9,True,True,True,-3.8944618437470666,11.210539577415974,126.75,9.1875,96.0,96.0,True,117.17851968061386,453.4020764815917,55.1769773250525,0.09419274881037216,0.33856835493062487,0.4848606235544418,0.500000000268432,0.02433278139450843,0.027309236524642445,True,5.380209384780402,471.05964734892416,53.87675557856862,0.09070340062229051,0.3660906585693319,0.5102620900098067,0.5000000009242925,0.0002553473438118931,0.03266842922073276,True,16.46152097576123,413.49525002508676,53.85900835585801,0.09066256001325236,0.3665043363554251,0.46578947201115306,0.5000000000325624,2.5668289130217448e-09,0.03262427895622274,True,72.16579019640996,367.1402013702893,53.85588177520104,0.09065774847045924,0.3665823638330623,0.4269211289958166,0.5000000000002589,2.5873442346477003e-09,0.03297971910998559,nan
logistic_mid0.72_baseline_rho00.75,logistic,0.75,0.72,0.030000000000000027,baseline,0.015,0.92,True,False,False,nan,nan,126.75,9.1875,96.0,96.0,False,nan,nan,nan,nan,nan,nan,nan,nan,nan,False,nan,nan,nan,nan,nan,nan,nan,nan,nan,True,82.76924977524334,857.6155099074696,57.43010235022408,0.10984135277642937,0.3194725999119881,0.6212515406780607,0.7523361982904333,2.566842358077769e-09,0.023780527134882438,False,nan,nan,nan,nan,nan,nan,nan,nan,nan,nan
logistic_mid0.72_baseline_rho00.80,logistic,0.8,0.72,0.08000000000000007,baseline,0.015,0.85,True,True,True,-18.985035734117137,0.0,126.75,9.1875,96.0,96.0,True,104.21043606847807,165.5918558073061,45.10739067791408,0.05190597402920473,0.508235197962993,0.36107350187428516,0.058537946560735236,0.0006354794509842114,0.1825668699726988,True,1.592879284653017,197.02952880511089,45.06578154131021,0.051838609562547586,0.5093962230912163,0.413520910531417,0.058549435811546445,6.388248101861076e-06,0.12555197585237746,True,1.5851473751554035,178.15682048558972,45.06586514321391,0.05183830123200639,0.5093926260488484,0.38276546270782796,0.05854274225334763,7.985689676531419e-12,0.1593017842199675,True,1.5851473751554035,178.15682048558972,45.06586514321391,0.05183830123200639,0.5093926260488484,0.38276546270782796,0.05854274225334763,7.985689676531419e-12,0.17706224651131103,nan
logistic_mid0.72_baseline_rho00.80,logistic,0.8,0.72,0.08000000000000007,baseline,0.015,0.88,True,True,True,-17.5959172927193,9.373922198208012,126.75,9.1875,96.0,96.0,True,110.392328996236,240.61635077712356,47.98441195956895,0.06345351178232804,0.45742885639524294,0.3884092595156395,0.24766451113830049,0.0006354794529478243,0.045516175650928414,True,2.4835445488626227,282.95500485262556,47.945746038170775,0.0633783194168103,0.4584409733382371,0.4394425028993751,0.24767306760230373,6.388248101971523e-06,0.05415614119244605,True,5.012179366869366,248.33057321437755,47.94389761366537,0.06337572287507505,0.45849156960862225,0.39831825046082786,0.2476653323344183,8.039360708282595e-12,0.05539246104148513,True,16.95545232095931,225.0522584868978,47.94174222268779,0.06337319879572359,0.45855190169778365,0.36899065459173863,0.24766387056361616,2.7215818968851546e-11,0.0638314260931538,nan
logistic_mid0.72_baseline_rho00.80,logistic,0.8,0.72,0.08000000000000007,baseline,0.015,0.9,True,True,True,-6.182680622532035,11.300517817093052,126.75,9.1875,96.0,96.0,True,116.80059728069892,431.8113685748371,50.53935170980442,0.074629181046699,0.415662834655701,0.5028499309605651,0.4999999999210641,0.0006354794529509476,0.027208782051486143,True,5.145206185594139,458.50888638560394,50.50264283363301,0.07454591202327406,0.41656435287057036,0.5242327310701207,0.4999999979079389,6.388248101994217e-06,0.03288638758814332,True,15.499558274391452,402.390676791727,50.49903194306965,0.07454081754908443,0.4166601776446337,0.47898761367541376,0.4999999999804046,8.050689082033103e-12,0.03282912048901512,True,70.04536599921245,356.9184466665566,50.49633409821451,0.0745372922755435,0.4167324036958244,0.4391775626755687,0.49999999999976064,3.211341971043579e-11,0.033147851025657836,nan
logistic_mid0.72_baseline_rho00.80,logistic,0.8,0.72,0.08000000000000007,baseline,0.015,0.92,True,False,False,nan,nan,126.75,9.1875,96.0,96.0,False,nan,nan,nan,nan,nan,nan,nan,nan,nan,False,nan,nan,nan,nan,nan,nan,nan,nan,nan,True,80.81277131302589,830.549491792663,53.854955382477,0.09065632591995267,0.3666055045557201,0.6349005310368293,0.7523361975957651,8.06733026136726e-12,0.02394003952826216,False,nan,nan,nan,nan,nan,nan,nan,nan,nan,nan
logistic_mid0.72_baseline_rho00.85,logistic,0.85,0.72,0.13,baseline,0.015,0.85,False,False,False,nan,nan,126.75,9.1875,96.0,96.0,True,1.45,150.0,41.77656829538462,0.039886876898797434,0.5724048606049128,0.3519131860775171,0.058536902874367754,4.0135097145442163e-13,1.4061950827591553e-79,True,0.5816666666666443,150.00000000000057,41.77656996391784,0.039886879120534326,0.5724048110404536,0.35191317339511485,0.058536902874367754,1.8443690979299078e-08,0.14427215832313706,True,0.0,150.0,41.77656829534832,0.03988687689874908,0.5724048606059915,0.3519131860777932,0.058536902874367754,0.0,0.06586055591037968,True,0.0,150.0,41.77656829534832,0.03988687689874908,0.5724048606059915,0.3519131860777932,0.058536902874367754,0.0,0.14105096429952163,nan
logistic_mid0.72_baseline_rho00.85,logistic,0.85,0.72,0.13,baseline,0.015,0.88,True,True,True,-20.573951378141768,10.622496279540988,126.75,9.1875,96.0,96.0,True,108.96992198952226,225.19068821524255,44.284332071083035,0.04888966659096538,0.5239228322556251,0.3907839276414924,0.24766454140492597,1.169536950046116e-05,0.04150450969558774,True,2.165489042449028,271.52131091674937,44.2850175440794,0.04888981159778544,0.5239013087087127,0.44982974984996793,0.24766848743973247,1.1699465207453045e-07,0.049956022387968695,True,3.790611883432851,238.55085775840823,44.28466902879207,0.0488894065922407,0.5239114219320228,0.40843201745444624,0.24766476560565512,6.943043969297541e-14,0.051670137524181085,True,17.88452726962015,213.2108017682082,44.28314675942021,0.04888790362142975,0.5239566004211266,0.3745186756667521,0.24766385539820893,2.7252620978434226e-11,0.055023691199485136,nan
logistic_mid0.72_baseline_rho00.85,logistic,0.85,0.72,0.13,baseline,0.015,0.9,True,True,True,-7.2596919050201665,11.458317704959036,126.75,9.1875,96.0,96.0,True,116.35103711189164,413.9155759717266,46.54568276845305,0.05765184244355803,0.4827719240360701,0.5159834323539875,0.49999999988874694,1.1695369509399817e-05,0.02692428187668433,True,4.8062419277742405,443.9645715341636,46.54760205025308,0.05765325751393572,0.4827153091907187,0.5407998166425944,0.4999999978993736,1.1699465210215721e-07,0.03308735410885178,True,14.129218545151174,389.43281251943694,46.54586557912159,0.057651350912614155,0.4827650645493226,0.4947544367135724,0.5000000000181754,8.316081350379942e-14,0.03301947548517875,True,70.44021711663075,344.81036361360236,46.543851508826194,0.05764916128617852,0.4828228369052748,0.453662907316063,0.5000000000003033,3.321497476275742e-11,0.033169709379086164,nan
logistic_mid0.72_baseline_rho00.85,logistic,0.85,0.72,0.13,baseline,0.015,0.92,True,False,False,nan,nan,126.75,9.1875,96.0,96.0,False,nan,nan,nan,nan,nan,nan,nan,nan,nan,False,nan,nan,nan,nan,nan,nan,nan,nan,nan,True,78.32958084616212,798.7125407154812,49.56888529419931,0.07038851990017944,0.43157985153456463,0.6516959453977987,0.7523361974763481,1.0430919506191508e-13,0.024168799653456162,False,nan,nan,nan,nan,nan,nan,nan,nan,nan,nan
logistic_mid0.72_broad_rho00.65,logistic,0.65,0.72,-0.06999999999999995,broad,0.03,0.85,True,True,True,-11.32726789749425,0.0,126.75,9.1875,96.0,96.0,True,108.71377474332655,194.35494184975062,62.66074697306497,0.12177442119421997,0.23418061034201273,0.3023248461804218,0.05854274095096699,0.22592805195368137,0.1389074411240883,True,2.0696524457145173,216.37004678509103,52.910977275012314,0.08564305903662064,0.37905820777017435,0.39399310426871026,0.058554250871148114,0.0028731304460893298,0.15728353877718287,True,3.330572019818043,191.8438207178638,52.798563107702755,0.08537402952594035,0.3816885235656886,0.35949396298815156,0.05854232277622161,5.194418314628964e-07,0.176202946479267,True,3.330572019818043,191.8438207178638,52.798563107702755,0.08537402952594035,0.3816885235656886,0.35949396298815156,0.05854232277622161,5.194418314628964e-07,0.1930352905999999,0.9
logistic_mid0.72_broad_rho00.65,logistic,0.65,0.72,-0.06999999999999995,broad,0.03,0.88,True,True,True,-4.760242969884576,8.999928792578531,126.75,9.1875,96.0,96.0,True,112.57343624252462,288.40923549227523,65.80514906065802,0.14496756134829294,0.21094534628583506,0.3336740596272986,0.24766621866261812,0.22592805226685753,0.04638128281386534,True,2.9645223277655446,302.1382158492941,56.41907394951425,0.10388188367705922,0.3311859420433888,0.40700507038010336,0.24767373511380777,0.002873130446998053,0.05447148980233991,True,6.867483473450812,264.8366032048016,56.31160728727736,0.10357147213408963,0.3334449185848143,0.3683546304277951,0.2476646470633053,5.199052266102384e-07,0.05512439161993437,True,19.420463911957288,241.00149749968568,56.30842367085852,0.10356594408096804,0.333519813030388,0.3417167648197083,0.24766382461176986,6.989555887176568e-07,0.06382329102878455,0.9
logistic_mid0.72_broad_rho00.65,logistic,0.65,0.72,-0.06999999999999995,broad,0.03,0.9,True,True,True,3.887936485265024,11.07578484876183,126.75,9.1875,96.0,96.0,True,117.94731323362599,511.8669319094749,68.4539036577747,0.16652432352913962,0.1939502437076382,0.43792888251244566,0.49999999984309945,0.22592805228001145,0.027467056883576674,True,5.7336116556581125,491.96587070775973,59.4184768312195,0.12123515643251001,0.2952680056378597,0.48826117693873894,0.5000000019667408,0.0028731304481869196,0.03238793063405213,True,17.918461854667928,431.66906112537816,59.31755297419781,0.12089007007939558,0.29716216783997684,0.4453608338489943,0.5000000000290953,5.205155835108182e-07,0.03236462550840052,True,76.35782916837321,383.8583246564611,59.31395919872463,0.12088285227357845,0.2972399493889317,0.4079770489192233,0.5000000000001533,9.652365991345056e-07,0.03275283635954577,0.9
logistic_mid0.72_broad_rho00.65,logistic,0.65,0.72,-0.06999999999999995,broad,0.03,0.92,True,False,False,nan,nan,126.75,9.1875,96.0,96.0,False,nan,nan,nan,nan,nan,nan,nan,nan,nan,False,nan,nan,nan,nan,nan,nan,nan,nan,nan,True,85.90821503011917,900.6480345024988,63.126976008962444,0.14540439929999552,0.2576377711804571,0.6006261826368695,0.7523361976641812,5.240212667657925e-07,0.02358696207615579,False,nan,nan,nan,nan,nan,nan,nan,nan,nan,0.9
logistic_mid0.72_broad_rho00.70,logistic,0.7,0.72,-0.020000000000000018,broad,0.03,0.85,True,True,True,-13.251406570614344,0.0,126.75,9.1875,96.0,96.0,True,107.920965395977,187.2318802760848,58.05895286431075,0.09674315012474,0.2806504942631541,0.3149896332388935,0.058541817351704835,0.14988083278233919,0.14319243870449083,True,1.9482511458823155,212.0427379612747,50.58747101970827,0.07472474483863148,0.41445359247520397,0.40193921032541463,0.05855237986455061,0.0018070577778712218,0.15371803298371514,True,2.8814492761745663,188.65517743501545,50.502564770563446,0.07454555458553166,0.4165659771684655,0.36774298189772536,0.05854136127022022,1.927101256755959e-07,0.17623557250554744,True,2.8814492761745663,188.65517743501545,50.502564770563446,0.07454555458553166,0.4165659771684655,0.36774298189772536,0.05854136127022022,1.927101256755959e-07,0.18976218587390975,0.9
logistic_mid0.72_broad_rho00.70,logistic,0.7,0.72,-0.020000000000000018,broad,0.03,0.88,True,True,True,-6.976502931840871,9.058507433527373,126.75,9.1875,96.0,96.0,True,112.12689620177258,277.3360522649596,61.15885303307907,0.1160971321785442,0.251169312690148,0.34589151995291,0.24766596609586342,0.14988083346399902,0.0462454018443237,True,2.8362552997213353,296.68441008227626,53.94554829271651,0.09087646331386531,0.36452522718120306,0.41637566630362516,0.24767417308499287,0.0018070577789094737,0.054583715574171875,True,6.369181021472894,260.110452942535,53.86191405781575,0.09066705661930301,0.366431877609739,0.3770139957397819,0.24766468944047243,1.9323557943941807e-07,0.05537222976298518,True,18.66637717025215,236.54832822735375,53.85900755075405,0.09066260826085809,0.3665045192603711,0.3497523275562271,0.24766384595163826,3.9604670075552083e-07,0.06424088829724323,0.9
logistic_mid0.72_broad_rho00.70,logistic,0.7,0.72,-0.020000000000000018,broad,0.03,0.9,True,True,True,2.175390222387191,11.137960274941568,126.75,9.1875,96.0,96.0,True,117.68899477917344,493.0255314759487,63.77843917343207,0.13429170766493104,0.2297209756635263,0.4521714293354472,0.500000000847457,0.14988083348714287,0.027429807565653573,True,5.572599423321552,482.3003022703484,56.84656769242258,0.10632758134377923,0.3260187389882978,0.4982451979408294,0.4999999980907367,0.0018070577802927772,0.03250494279115123,True,17.250807742349977,423.178719077392,56.76615942673213,0.10609241747186243,0.32769144456507204,0.4547222108810531,0.49999999999361877,1.9394197264450407e-07,0.032472770994145014,True,74.49891431377732,376.0452414545455,56.76279198170187,0.10608654972073349,0.3277700888334242,0.41665015302558733,0.49999999999990774,7.038379874567717e-07,0.03284734132502125,0.9
logistic_mid0.72_broad_rho00.70,logistic,0.7,0.72,-0.020000000000000018,broad,0.03,0.92,True,False,False,nan,nan,126.75,9.1875,96.0,96.0,False,nan,nan,nan,nan,nan,nan,nan,nan,nan,False,nan,nan,nan,nan,nan,nan,nan,nan,nan,True,84.4774816864103,880.741386337688,60.47868422312895,0.12805879673782558,0.28439396621249463,0.6100147219306281,0.7523361988393293,1.9808776154883749e-07,0.02366853096933894,False,nan,nan,nan,nan,nan,nan,nan,nan,nan,0.9
logistic_mid0.72_broad_rho00.75,logistic,0.75,0.72,0.030000000000000027,broad,0.03,0.85,True,True,True,-16.812960131197784,0.0,126.75,9.1875,96.0,96.0,True,106.5913577117711,176.6333623371807,51.212927262396555,0.07025584479986675,0.38244125616454283,0.33904872263419,0.058538875249771985,0.05553306963638862,0.15731019029996318,True,1.7976700591120758,206.330659125325,47.97922292409899,0.06344055604242654,0.45755808291588934,0.4096886982458102,0.05855498543735577,0.0006057715732196137,0.1459047226353163,True,2.3292313757612493,184.5716247479626,47.94485986728119,0.06337690342595437,0.4584648203017931,0.3762308952541656,0.0585409097121377,3.1689886759434095e-08,0.17312562015215746,True,2.3292313757612493,184.5716247479626,47.94485986728119,0.06337690342595437,0.4584648203017931,0.3762308952541656,0.0585409097121377,3.1689886759434095e-08,0.1850910582214334,nan
logistic_mid0.72_broad_rho00.75,logistic,0.75,0.72,0.030000000000000027,broad,0.03,0.88,True,True,True,-11.963318212815995,9.154120968517335,126.75,9.1875,96.0,96.0,True,111.40496378909056,259.35300504862147,54.2904654137319,0.08523447375440413,0.3396137213088991,0.36746132874365073,0.24766445021297204,0.05553307215938693,0.046067041998374234,True,2.681205581456087,290.3802303370888,51.134556708726706,0.0773590813586011,0.4063794241692175,0.4272631962484573,0.24766616541988026,0.0006057715744224309,0.05460180726393337,True,5.7720344623411926,254.71820190124754,51.0985208726194,0.07728255317907083,0.40726920076500017,0.38699486514740483,0.2476642681092319,3.229216209682733e-08,0.055571061435939303,True,17.837626120677484,231.40098957037512,51.095966297387676,0.0772791498761137,0.4073369329148704,0.3589306799365981,0.24766384891567797,2.647179554765447e-07,0.06449627875984945,nan
logistic_mid0.72_broad_rho00.75,logistic,0.75,0.72,0.030000000000000027,broad,0.03,0.9,True,True,True,-1.8489388622447838,11.210460376514066,126.75,9.1875,96.0,96.0,True,117.28310651319532,462.60949716633394,56.92831459881512,0.09953741540888073,0.3072955448706517,0.4767465545560761,0.5000000005776041,0.05553307221932053,0.027335150566576434,True,5.381039976704138,471.16286393987747,53.895620005463556,0.09075107395733421,0.3656608432763722,0.5101536734061797,0.4999999996116716,0.0006057715760605424,0.03266787263667299,True,16.465060011550506,413.49526591006,53.85900960227127,0.09066256380310994,0.3665043101169573,0.46578948349683424,0.5000000000347266,3.312180048061624e-08,0.03262429270195319,True,72.45164853018284,367.1405429664513,53.855962314018434,0.09065801220485231,0.36658086403665696,0.4269208019647287,0.5000000000000198,6.25692995191786e-07,0.03297973400624904,nan
logistic_mid0.72_broad_rho00.75,logistic,0.75,0.72,0.030000000000000027,broad,0.03,0.92,True,False,False,nan,nan,126.75,9.1875,96.0,96.0,False,nan,nan,nan,nan,nan,nan,nan,nan,nan,False,nan,nan,nan,nan,nan,nan,nan,nan,nan,True,82.8234924765036,857.6155583170987,57.43010446898306,0.10984136152638994,0.3194725653432981,0.6212515438965124,0.7523361986094885,3.814334755993218e-08,0.023780531831162827,False,nan,nan,nan,nan,nan,nan,nan,nan,nan,nan
logistic_mid0.72_broad_rho00.80,logistic,0.8,0.72,0.08000000000000007,broad,0.03,0.85,True,True,True,-18.338960833999927,0.0,126.75,9.1875,96.0,96.0,True,104.4505225364511,166.51114513237974,45.8437605065273,0.05310708070833191,0.4881726891275241,0.35691404027463597,0.05853697245384509,0.01089929694346073,0.17644957994115534,True,1.5931281187321296,197.04755882245163,45.073293714571925,0.05185049102665395,0.5091858030291613,0.4134843650730447,0.058550876263752494,0.000111756493278136,0.12556459203790363,True,1.5854963628688248,178.1568359733796,45.065865458458894,0.051838302173448814,0.5093926190609901,0.3827654827253488,0.05854276482816608,3.3100458438750333e-09,0.15930184576918088,True,1.5854963628688248,178.1568359733796,45.065865458458894,0.051838302173448814,0.5093926190609901,0.3827654827253488,0.05854276482816608,3.3100458438750333e-09,0.1771461132031598,nan
logistic_mid0.72_broad_rho00.80,logistic,0.8,0.72,0.08000000000000007,broad,0.03,0.88,True,True,True,-16.476581186863307,9.373868046380846,126.75,9.1875,96.0,96.0,True,110.5033953134344,242.94768723244687,48.726237641971665,0.06485920942330513,0.4384205364708219,0.3851549190805114,0.247664154226831,0.010899310070718175,0.04546646020468808,True,2.4838156396315103,282.9771601609077,47.95331681197461,0.06339217203996789,0.45824051793634873,0.4393994473915071,0.24767244055059542,0.00011175649469456173,0.05415550290673196,True,5.013023155781661,248.33060252421743,47.94389737873462,0.06337572246407003,0.45849157554465836,0.39831829666855373,0.2476653115244283,4.011524690036239e-09,0.05539251834933899,True,17.005020053061514,225.05241952481478,47.941770544647156,0.0633732618382384,0.45855122398187775,0.36899064934008424,0.24766387011887833,2.756682832084089e-07,0.0638315897355737,nan
logistic_mid0.72_broad_rho00.80,logistic,0.8,0.72,0.08000000000000007,broad,0.03,0.9,True,True,True,-5.194553837896024,11.30043281286299,126.75,9.1875,96.0,96.0,True,116.85717201209876,435.90538253328396,51.26940116080253,0.07621377701016104,0.39808376652169913,0.49910151714503326,0.4999999993898003,0.01089931022673814,0.027217875535662656,True,5.145640674217918,458.548722311262,50.510102252985114,0.07456155115535172,0.4163779706072655,0.5241890943689616,0.4999999980624147,0.00011175649666050742,0.0328859865309335,True,15.502898391313337,402.3907144532597,50.49903182083316,0.07454081798686547,0.4166601829030564,0.47898764403074234,0.4999999999910291,5.0008839097231894e-09,0.03282913729286686,True,70.35153889253148,356.9188221212697,50.496423708890525,0.07453752528867752,0.41673044919631747,0.4391771636027806,0.49999999999989514,7.055717367744347e-07,0.03314786141847154,nan
logistic_mid0.72_broad_rho00.80,logistic,0.8,0.72,0.08000000000000007,broad,0.03,0.92,True,False,False,nan,nan,126.75,9.1875,96.0,96.0,False,nan,nan,nan,nan,nan,nan,nan,nan,nan,False,nan,nan,nan,nan,nan,nan,nan,nan,nan,True,80.87250451772154,830.5495285504926,53.85495631162218,0.09065632998481848,0.36660549076397575,0.6349005415707677,0.7523361981265159,1.1244120949116107e-08,0.02394004485108761,False,nan,nan,nan,nan,nan,nan,nan,nan,nan,nan
logistic_mid0.72_broad_rho00.85,logistic,0.85,0.72,0.13,broad,0.03,0.85,False,False,False,nan,nan,126.75,9.1875,96.0,96.0,True,6.65,150.0,41.77656833459765,0.039886876951011556,0.572404859440074,0.35191318577946173,0.058536902874367754,4.338461786629671e-10,1.467184641007739e-58,True,0.013333333333333452,150.0,41.77656829537232,0.03988687689878105,0.5724048606052778,0.3519131860776106,0.058536902874367754,2.654719915662768e-13,4.4738247562592537e-82,True,0.0,150.0,41.77656829534832,0.03988687689874908,0.5724048606059915,0.3519131860777932,0.058536902874367754,0.0,0.06586055591037968,True,0.0,150.0,41.77656829534832,0.03988687689874908,0.5724048606059915,0.3519131860777932,0.058536902874367754,0.0,0.14105096429952163,nan
logistic_mid0.72_broad_rho00.85,logistic,0.85,0.72,0.13,broad,0.03,0.88,True,True,True,-20.246373642061663,10.622414859976901,126.75,9.1875,96.0,96.0,True,109.02746558411071,225.80880119982183,44.43205991111256,0.04911498259008608,0.5197430135951382,0.39038816228643874,0.24766458128079236,0.001577534605091105,0.04156707815793686,True,2.1655923273894686,271.526894807398,44.28650176662893,0.04889206328004391,0.5238591118113771,0.44982304526210964,0.247668610854343,1.5860631877231732e-05,0.04995741667045682,True,3.791155256342858,238.55085405172025,44.28466866498166,0.04888940557523051,0.5239114300595981,0.40843203510557735,0.24766471977687787,8.879392724617377e-10,0.0516701726290268,True,17.940123164018132,213.2109926823285,44.28318363434795,0.048887962988590536,0.5239555761855079,0.37451865176890875,0.24766384113742404,3.6335612389282494e-07,0.05502386977463438,nan
logistic_mid0.72_broad_rho00.85,logistic,0.85,0.72,0.13,broad,0.03,0.9,True,True,True,-7.034736819276708,11.458209051263214,126.75,9.1875,96.0,96.0,True,116.36992634828889,414.7927099882679,46.695719147806514,0.057908978221563503,0.4787068670007837,0.5152639165228212,0.4999999997192475,0.0015775350752707269,0.026935081537908533,True,4.806391428304222,443.97228548148826,46.54910949765214,0.05765582511528951,0.482674240348373,0.5407910220187759,0.49999999787296157,1.5860634278952915e-05,0.03308727758184019,True,14.132470930608036,389.43283219456805,46.54586540007065,0.0576513507802376,0.48276506986891454,0.4947544620848559,0.5000000000288457,2.090301177714267e-09,0.03301949194978202,True,70.77305082192468,344.81080416745937,46.54395946142814,0.05764936715641333,0.4828200528871027,0.4536623770292979,0.49999999999994,8.871173942380607e-07,0.0331697102576019,nan
logistic_mid0.72_broad_rho00.85,logistic,0.85,0.72,0.13,broad,0.03,0.92,True,False,False,nan,nan,126.75,9.1875,96.0,96.0,False,nan,nan,nan,nan,nan,nan,nan,nan,nan,False,nan,nan,nan,nan,nan,nan,nan,nan,nan,True,78.39614913889594,798.712580155062,49.56888643493809,0.07038852323121876,0.4315798278545545,0.6516959559177259,0.7523361984912974,1.0071921559391779e-08,0.024168805715547262,False,nan,nan,nan,nan,nan,nan,nan,nan,nan,nan
logistic_mid0.76_narrow_rho00.65,logistic,0.65,0.76,-0.10999999999999999,narrow,0.0075,0.85,True,True,True,-10.685658987836185,0.0,126.75,9.1875,96.0,96.0,True,108.79141323000074,195.49805530297255,63.59928720612644,0.12694995751975005,0.2255834200504744,0.299345631721436,0.05854283777217206,0.24437316402363846,0.13778397248350402,True,2.0698174443481947,216.38831082049958,52.92236244977942,0.08567040340064502,0.3787934212268356,0.393921847927055,0.058554715083353484,0.003163083427244806,0.15725790705889578,True,3.3319268235313935,191.84385720630257,52.79860116542978,0.08537412665393421,0.381687673579089,0.35949372485118086,0.058542309750992616,1.2656628528678098e-06,0.17620275811383376,True,3.3319268235313935,191.84385720630257,52.79860116542978,0.08537412665393421,0.381687673579089,0.35949372485118086,0.058542309750992616,1.2656628528678098e-06,0.1929849984592835,0.9
logistic_mid0.76_narrow_rho00.65,logistic,0.65,0.76,-0.10999999999999999,narrow,0.0075,0.88,True,True,True,-4.037460433437973,8.999986706709068,126.75,9.1875,96.0,96.0,True,112.62726249593182,290.44415754910233,66.7347796128832,0.1508415454946897,0.20352597483755072,0.33100310529715193,0.2476643821321449,0.24437316402363846,0.046339713260403106,True,2.9647553225976577,302.1707254913796,56.42962477197342,0.10391283489288076,0.3309665396088895,0.40694840535697774,0.24767335690784123,0.003163083427244806,0.05447039425429668,True,6.868423440207254,264.83668848709607,56.31164394728126,0.10357158557866572,0.3334441891360325,0.36835442772939164,0.24766468151410947,1.2656628528867098e-06,0.0551243456791061,True,19.37988318481566,241.00142172876892,56.308439511262364,0.10356597302111058,0.33351940758965926,0.34171654099953425,0.24766381374373742,1.2656628585138785e-06,0.06382308971000104,0.9
logistic_mid0.76_narrow_rho00.65,logistic,0.65,0.76,-0.10999999999999999,narrow,0.0075,0.9,True,True,True,4.569019099397388,11.075844370909051,126.75,9.1875,96.0,96.0,True,117.98673250152405,515.5760754665322,69.37250710288995,0.1729892651686746,0.1873808191182757,0.43501774122280384,0.49999999912457904,0.24437316402363846,0.027463365978503188,True,5.733979768739582,492.01930610654284,59.42814913763003,0.12126910393104813,0.2950894936043204,0.48820987661432513,0.5000000019155557,0.003163083427244806,0.03238814101873016,True,17.91740079227504,431.66921931143696,59.31758712188791,0.12089019422639058,0.29716156269562227,0.445360654525692,0.5000000000314959,1.265662852886767e-06,0.03236461502336252,True,76.10760073249207,383.8582083833841,59.31392884932321,0.12088268006490765,0.2972402322602044,0.4079771159091392,0.5000000000001243,1.2656628585401946e-06,0.03275282048931061,0.9
logistic_mid0.76_narrow_rho00.65,logistic,0.65,0.76,-0.10999999999999999,narrow,0.0075,0.92,True,False,False,nan,nan,126.75,9.1875,96.0,96.0,False,nan,nan,nan,nan,nan,nan,nan,nan,nan,False,nan,nan,nan,nan,nan,nan,nan,nan,nan,True,85.86480495789056,900.6483264550104,63.12700597792129,0.1454045329897745,0.25763732547590834,0.6006260328176076,0.7523361978817616,1.265662852886767e-06,0.023586958717366508,False,nan,nan,nan,nan,nan,nan,nan,nan,nan,0.9
logistic_mid0.76_narrow_rho00.70,logistic,0.7,0.76,-0.06000000000000005,narrow,0.0075,0.85,True,True,True,-10.76142999241897,0.0,126.75,9.1875,96.0,96.0,True,108.17438597399513,191.50707791613166,61.748541417999,0.11372104453289086,0.24004174076167673,0.301833891017903,0.05854212795317012,0.21379637627154932,0.13726580881921388,True,1.9488500728920746,212.11597803660342,50.63342042736278,0.07482198121255892,0.4133164840501524,0.40164881207108294,0.058554601180421106,0.0027795702421137933,0.153621160612231,True,2.88254695785794,188.65520642437343,50.5025976140256,0.07454562574938595,0.41656517446009245,0.36774276486491164,0.058541346269818835,8.094776052355751e-07,0.17623539214661976,True,2.88254695785794,188.65520642437343,50.5025976140256,0.07454562574938595,0.41656517446009245,0.36774276486491164,0.058541346269818835,8.094776052355751e-07,0.18970840184507134,0.9
logistic_mid0.76_narrow_rho00.70,logistic,0.7,0.76,-0.06000000000000005,narrow,0.0075,0.88,True,True,True,-3.970965986416768,9.058573507063208,126.75,9.1875,96.0,96.0,True,112.31860016593923,285.48076865554145,64.8132754988208,0.13551312412105276,0.21632944224309025,0.3344792850123905,0.24766587426482664,0.21379637627154932,0.046031810633102674,True,2.837150523856371,296.81711287661415,53.98921601706699,0.09098758370092398,0.36353924048538605,0.4161330983563993,0.24767278642372345,0.0027795702421137933,0.054577164245421514,True,6.369839626981395,260.11052630063637,53.86194623643203,0.09066714073977812,0.36643116245006085,0.3770138034997585,0.24766472663056896,8.094776052568864e-07,0.055372179441208494,True,18.62331187664518,236.54822307608424,53.85901684671712,0.09066261309289766,0.3665042130300291,0.3497521114987637,0.2476638263096032,8.094776115667801e-07,0.06424066358190518,0.9
logistic_mid0.76_narrow_rho00.70,logistic,0.7,0.76,-0.06000000000000005,narrow,0.0075,0.9,True,True,True,5.0118632609262574,11.138023558951366,126.75,9.1875,96.0,96.0,True,117.83791924514694,507.9868983038638,67.39042168470492,0.1558040792750519,0.1990335747921587,0.43986691971383873,0.5000000008502262,0.21379637627154932,0.027407728049338536,True,5.574196949590149,482.52728957745364,56.88735460984089,0.10645039272795508,0.32518319468441087,0.4980197245884698,0.4999999986911833,0.0027795702421137933,0.032504923970252377,True,17.249317397227948,423.1788334411805,56.7661895583755,0.10609250898833454,0.32769083327855353,0.4547220310178531,0.49999999998517103,8.094776052569564e-07,0.032472757461644054,True,74.23222415237117,376.04507527600623,56.76275110246692,0.10608636109426088,0.327770608888113,0.41665027048533504,0.49999999999986,8.094776115970369e-07,0.03284732499312824,0.9
logistic_mid0.76_narrow_rho00.70,logistic,0.7,0.76,-0.06000000000000005,narrow,0.0075,0.92,True,False,False,nan,nan,126.75,9.1875,96.0,96.0,False,nan,nan,nan,nan,nan,nan,nan,nan,nan,False,nan,nan,nan,nan,nan,nan,nan,nan,nan,True,84.42987235662054,880.7416537285978,60.47871061911086,0.12805889524606534,0.28439350260533075,0.6100145785464473,0.752336198748275,8.094776052569564e-07,0.0236685270357305,False,nan,nan,nan,nan,nan,nan,nan,nan,nan,0.9
logistic_mid0.76_narrow_rho00.75,logistic,0.75,0.76,-0.010000000000000009,narrow,0.0075,0.85,True,True,True,-12.566341116915707,0.0,126.75,9.1875,96.0,96.0,True,107.04754438591694,183.40062715465393,57.25188292160221,0.08922759877596144,0.2857899789697326,0.31227848319057205,0.05853756640893478,0.14915177892446177,0.1400074998532867,True,1.7986372196474518,206.44737557347048,48.05223880985235,0.06357501750652791,0.45563541435785065,0.4092304145807235,0.05855553129356966,0.0018747754125073373,0.14578078849042062,True,2.3291497589992494,184.5716203462423,47.94486533204937,0.0633769130496624,0.45846467418598275,0.37623084532675627,0.05854089321250521,1.2667019738887048e-07,0.17312554720270706,True,2.3291497589992494,184.5716203462423,47.94486533204937,0.0633769130496624,0.45846467418598275,0.37623084532675627,0.05854089321250521,1.2667019738887048e-07,0.18503418363497637,0.9
logistic_mid0.76_narrow_rho00.75,logistic,0.75,0.76,-0.010000000000000009,narrow,0.0075,0.88,True,True,True,-6.066244443783524,9.15418748010049,126.75,9.1875,96.0,96.0,True,111.7639527183458,273.97538240734366,60.24403526541386,0.10713652545257318,0.25620311817501995,0.3456026701383297,0.247665325309684,0.14915177892446177,0.04561370084050113,True,2.6826971675339757,290.5953988199638,51.205999410541175,0.07751465457508043,0.404631343432287,0.42685818402146475,0.24766749665715823,0.0018747754125073373,0.05458954130090956,True,5.771486668902483,254.7182146092363,51.09852696220801,0.07728256689167895,0.4072690531471171,0.38699480927183677,0.24766432067996758,1.2667019741315507e-07,0.055571016636569256,True,17.790916175149416,231.4008316979421,51.095947069887366,0.07727909158463091,0.40733730837619403,0.35893061317564956,0.24766385758454015,1.2667020458696922e-07,0.0644960770759157,0.9
logistic_mid0.76_narrow_rho00.75,logistic,0.75,0.76,-0.010000000000000009,narrow,0.0075,0.9,True,True,True,3.6175385822000496,11.21053932794441,126.75,9.1875,96.0,96.0,True,117.54912856212172,489.23726806276375,62.766906752118246,0.12399497615900745,0.23469857809567646,0.4536003502768092,0.5000000001372183,0.14915177892446177,0.027332871301560764,True,5.383706830172776,471.5389211320918,53.963976808544935,0.09092452834616725,0.3641111861841104,0.5097625530990451,0.499999997961597,0.0018747754125073373,0.03266595832688078,True,16.462198602139114,413.4952836584318,53.859015281029244,0.09066257760856582,0.3665041790900128,0.46578943431233655,0.5000000000325486,1.2667019741323766e-07,0.032624278739562036,True,72.16539991578456,367.140232264708,53.855888716565154,0.0906577660902597,0.366582206147954,0.4269210937000582,0.5000000000002617,1.2667020462220762e-07,0.03297971879735955,0.9
logistic_mid0.76_narrow_rho00.75,logistic,0.75,0.76,-0.010000000000000009,narrow,0.0075,0.92,True,False,False,nan,nan,126.75,9.1875,96.0,96.0,False,nan,nan,nan,nan,nan,nan,nan,nan,nan,False,nan,nan,nan,nan,nan,nan,nan,nan,nan,True,82.7698522776059,857.6155815520764,57.43010870841423,0.10984137263708177,0.3194724719033498,0.6212515073154169,0.752336198283334,1.266701974132411e-07,0.023780527107078127,False,nan,nan,nan,nan,nan,nan,nan,nan,nan,0.9
logistic_mid0.76_narrow_rho00.80,logistic,0.8,0.76,0.040000000000000036,narrow,0.0075,0.85,True,True,True,-18.988808212092646,0.0,126.75,9.1875,96.0,96.0,True,104.20720604209703,165.58659935870412,45.107238877048765,0.05190572887778055,0.5082394166210358,0.36106564531429575,0.05853768166673535,0.0006333982530507157,0.18258456857112426,True,1.5928789454013506,197.02952113585468,45.06578150591152,0.05183860947654491,0.5093962239547819,0.413520899035362,0.058549433988756006,6.387927746375053e-06,0.1255519497436813,True,1.5851400649435134,178.15682027370488,45.06586514211858,0.051838301224316485,0.5093926260555087,0.38276546240861437,0.05854274193955122,3.948335961299533e-12,0.1593017833513777,True,1.5851400649435134,178.15682027370488,45.06586514211858,0.051838301224316485,0.5093926260555087,0.38276546240861437,0.05854274193955122,3.948335961299533e-12,0.17706108713341007,nan
logistic_mid0.76_narrow_rho00.80,logistic,0.8,0.76,0.040000000000000036,narrow,0.0075,0.88,True,True,True,-17.598618347582068,9.373922223664744,126.75,9.1875,96.0,96.0,True,110.39137694072849,240.6108237132155,47.984259968690594,0.06345323390123464,0.4574328680042341,0.38840359402265306,0.24766458087625906,0.0006333982530522689,0.045514306121364784,True,2.483544208373539,282.9550042814778,47.94574601510922,0.06337831938758717,0.4584409739961234,0.4394425021824359,0.24767306825919572,6.387927746375111e-06,0.05415614008836302,True,5.012168406038901,248.33057300568362,47.94389761863423,0.06337572288360321,0.4584915694795603,0.3983182501017826,0.2476653324873298,3.948364159763217e-12,0.05539246061720169,True,16.95508936517306,225.05225823454984,47.94174224075374,0.06337319881495386,0.45855190118514483,0.3689906541020231,0.2476638705883887,3.956787025147897e-12,0.06383142554139168,nan
logistic_mid0.76_narrow_rho00.80,logistic,0.8,0.76,0.040000000000000036,narrow,0.0075,0.9,True,True,True,-6.18356509253381,11.300517913358467,126.75,9.1875,96.0,96.0,True,116.80031317442038,431.8077713025127,50.53920147605909,0.07462886513606373,0.4156665708718207,0.5028485222012409,0.4999999999578973,0.0006333982530522689,0.027208430857524467,True,5.145205742126123,458.5088859156231,50.50264280733575,0.07454591196773526,0.41656435352313576,0.524232731084842,0.4999999979078173,6.387927746375111e-06,0.03288638753835907,True,15.49953947657459,402.39067666552387,50.4990319476565,0.07454081755425422,0.41666017751920165,0.47898761353956437,0.4999999999803659,3.948364257385742e-12,0.032829120428400596,True,70.04419767560493,356.918446167252,50.49633411636363,0.07453729229196246,0.41673240318471094,0.43917756215818815,0.4999999999997434,3.956828661794897e-12,0.03314785079861087,nan
logistic_mid0.76_narrow_rho00.80,logistic,0.8,0.76,0.040000000000000036,narrow,0.0075,0.92,True,False,False,nan,nan,126.75,9.1875,96.0,96.0,False,nan,nan,nan,nan,nan,nan,nan,nan,nan,False,nan,nan,nan,nan,nan,nan,nan,nan,nan,True,80.81266658397138,830.549491813653,53.85495538710812,0.09065632592694546,0.366605504439885,0.6349005309861103,0.7523361975923539,3.948364265221148e-12,0.023940039518905783,False,nan,nan,nan,nan,nan,nan,nan,nan,nan,nan
logistic_mid0.76_narrow_rho00.85,logistic,0.85,0.76,0.08999999999999997,narrow,0.0075,0.85,False,False,False,nan,nan,126.75,9.1875,96.0,96.0,True,52.25,150.0000000000016,41.776570747940674,0.03988688016450079,0.5724047877507379,0.35191316743581447,0.058536902874367754,2.7109961003703026e-08,0.09596355322691609,True,0.5516666666666437,150.0000000000005,41.77656833368808,0.039886876949800455,0.572404859467093,0.3519131857863762,0.058536902874367754,4.237920258718928e-10,0.11843804350102408,True,0.0,150.0,41.77656829534832,0.03988687689874908,0.5724048606059915,0.3519131860777932,0.058536902874367754,0.0,0.06586055591037968,True,0.0,150.0,41.77656829534832,0.03988687689874908,0.5724048606059915,0.3519131860777932,0.058536902874367754,0.0,0.14105096429952166,nan
logistic_mid0.76_narrow_rho00.85,logistic,0.85,0.76,0.08999999999999997,narrow,0.0075,0.88,True,True,True,-20.579205623948305,10.622496514476607,126.75,9.1875,96.0,96.0,True,108.96859948977928,225.18081203934943,44.283249621054715,0.04888802528093929,0.523953611049553,0.39077967619588866,0.2476645222461528,2.0809285944430674e-07,0.04150150559341218,True,2.165486564148079,271.5212343746037,44.28500668759215,0.04888979511318594,0.5239016172958899,0.44982975651750057,0.24766848475971592,2.081077074661294e-09,0.04995597312719162,True,3.790607848618005,238.5508578134075,44.28466903240808,0.04888940660095746,0.5239114218451786,0.4084320173552777,0.24766476593653225,3.71634845577649e-17,0.051670137305308936,True,17.884119639621726,213.21080125692424,44.283146771485775,0.048887903643712476,0.52395660010617,0.37451867458273314,0.24766385616954417,1.3631301823766527e-14,0.055023689705847284,nan
logistic_mid0.76_narrow_rho00.85,logistic,0.85,0.76,0.08999999999999997,narrow,0.0075,0.9,True,True,True,-7.261880332717231,11.4583176909792,126.75,9.1875,96.0,96.0,True,116.35070065371946,413.90707582102044,46.54458305277824,0.05764996926924068,0.4828018857058666,0.5159869811293658,0.4999999999232767,2.0809285944444954e-07,0.02692388932971866,True,4.806239483409899,443.9645123557921,46.54759102976574,0.05765323874986212,0.48271560945524594,0.5407998789326998,0.49999999789987304,2.081077074661534e-09,0.03308735355292065,True,14.129206005653074,389.43281246062656,46.54586558194111,0.05765135091607655,0.48276506446993184,0.4947544366163803,0.5000000000181299,3.728131551263095e-17,0.03301947543106512,True,70.43894005333814,344.81036361597273,46.5438515200788,0.057649161301052826,0.48282283659440384,0.4536629070107445,0.5000000000003042,1.3681976576201067e-14,0.03316970915360337,nan
logistic_mid0.76_narrow_rho00.85,logistic,0.85,0.76,0.08999999999999997,narrow,0.0075,0.92,True,False,False,nan,nan,126.75,9.1875,96.0,96.0,False,nan,nan,nan,nan,nan,nan,nan,nan,nan,False,nan,nan,nan,nan,nan,nan,nan,nan,nan,True,78.32947194731398,798.712540701229,49.568885297114086,0.07038851990392866,0.431579851455522,0.6516959453535379,0.7523361974738701,3.7291146854367474e-17,0.0241687996426605,False,nan,nan,nan,nan,nan,nan,nan,nan,nan,nan
logistic_mid0.76_baseline_rho00.65,logistic,0.65,0.76,-0.10999999999999999,baseline,0.015,0.85,True,True,True,-10.694309507204231,0.0,126.75,9.1875,96.0,96.0,True,108.7898579359118,195.48265550625607,63.59064183159411,0.12690025553499668,0.22565965315819783,0.2993664894452936,0.058540693417143616,0.24421311484050773,0.1377851851353809,True,2.0698191805824924,216.3881757189969,52.92227827407108,0.08567020113409748,0.3787953777442484,0.39392237441998995,0.058554711820726316,0.00316093985897001,0.1572580959546706,True,3.332167076893068,191.84385294964497,52.79859615494632,0.08537411397675349,0.3816877859935779,0.35949375702151265,0.05854231237400372,1.1665238888290833e-06,0.17620278563365058,True,3.332167076893068,191.84385294964497,52.79859615494632,0.08537411397675349,0.3816877859935779,0.35949375702151265,0.05854231237400372,1.1665238888290833e-06,0.19299505992214608,0.9
logistic_mid0.76_baseline_rho00.65,logistic,0.65,0.76,-0.10999999999999999,baseline,0.015,0.88,True,True,True,-4.044788527473678,8.999978514901734,126.75,9.1875,96.0,96.0,True,112.62642554043362,290.4234703093505,66.72620419956449,0.15078526953310514,0.20359203191835828,0.3310252414310446,0.2476646322021168,0.24421311484681155,0.04633936904751821,True,2.9647570381175834,302.170485517514,56.42954676267178,0.10391260595045172,0.33096816066821005,0.40694882434097035,0.2476733600748301,0.0031609398589846874,0.054470402428245815,True,6.8687080538066,264.83667688577583,56.311639120175414,0.10357157074255406,0.3334442856131982,0.3683544538361383,0.24766467777695747,1.1665312668234127e-06,0.05512435072283255,True,19.384515515579313,241.00143286647628,56.30843482802307,0.10356595969175542,0.33351950464701374,0.34171658404033123,0.2476638311288186,1.1691607935206505e-06,0.06382312031395451,0.9
logistic_mid0.76_baseline_rho00.65,logistic,0.65,0.76,-0.10999999999999999,baseline,0.015,0.9,True,True,True,4.562381022161493,11.075844249834315,126.75,9.1875,96.0,96.0,True,117.98623589402489,515.5398013639922,69.3640133824837,0.17292730484449445,0.1874394997702687,0.43504307938825976,0.4999999993114275,0.24421311484685304,0.02746324623751674,True,5.7339813634849826,492.01891130487235,59.428077615897216,0.12126885280642845,0.295090812559515,0.4882102558968204,0.5000000019161488,0.0031609398589875454,0.032388139519304596,True,17.917775672743414,431.66919812826336,59.31758263280865,0.12089017797904497,0.29716164254545324,0.4453606771240764,0.5000000000314406,1.1665327253690014e-06,0.032364615520348354,True,76.12170097216375,383.8581900690682,59.31392450055017,0.12088266501994802,0.297240311898289,0.4079771383810421,0.5000000000001877,1.1697936225715304e-06,0.032752822474596044,0.9
logistic_mid0.76_baseline_rho00.65,logistic,0.65,0.76,-0.10999999999999999,baseline,0.015,0.92,True,False,False,nan,nan,126.75,9.1875,96.0,96.0,False,nan,nan,nan,nan,nan,nan,nan,nan,nan,False,nan,nan,nan,nan,nan,nan,nan,nan,nan,True,85.86610882482208,900.6482838020113,63.12700194800074,0.1454045149002502,0.2576373851247557,0.6006260516708206,0.7523361979408287,1.1665346797156375e-06,0.023586958745751,False,nan,nan,nan,nan,nan,nan,nan,nan,nan,0.9
logistic_mid0.76_baseline_rho00.70,logistic,0.7,0.76,-0.06000000000000005,baseline,0.015,0.85,True,True,True,-10.890866492707048,0.0,126.75,9.1875,96.0,96.0,True,108.16102658492487,191.2801033088069,61.551948062192615,0.11268882591503954,0.24194150677537812,0.30248109225430164,0.0585404846909358,0.21055204834278263,0.13752012462547641,True,1.9488230364943102,212.11216398728118,50.6310154165016,0.07481688316131895,0.41337588522566165,0.401664015367837,0.058554516672762354,0.0027286769820154527,0.1536262703798198,True,2.8828069482184993,188.65520208206956,50.50259240679296,0.07454561468663753,0.41656530314116264,0.3677427999209239,0.058541349286145246,7.072067567991202e-07,0.17623542228938915,True,2.8828069482184993,188.65520208206956,50.50259240679296,0.07454561468663753,0.41656530314116264,0.3677427999209239,0.058541349286145246,7.072067567991202e-07,0.1897191637671771,0.9
logistic_mid0.76_baseline_rho00.70,logistic,0.7,0.76,-0.06000000000000005,baseline,0.015,0.88,True,True,True,-4.121771335588111,9.058576985643274,126.75,9.1875,96.0,96.0,True,112.30874903888298,285.0606420215116,64.61755882370605,0.13433487013246798,0.2179750211605634,0.3350571999438327,0.24766507665862506,0.2105520483533629,0.046042617374055246,True,2.837108369488792,296.81018985339773,53.98693032327761,0.09098175709875145,0.36359072983195767,0.4161457893018718,0.24767287921868883,0.0027286769820321346,0.05457751081687925,True,6.370146500836321,260.1105139242777,53.86194116345004,0.09066712770567582,0.36643127655060215,0.3770138325578447,0.24766472260632466,7.072150992472018e-07,0.055372185122452504,True,18.62818015216375,236.54820277269465,53.85901176931752,0.09066260019605508,0.3665043280355116,0.34975213326688953,0.24766380556517795,7.101820056578418e-07,0.0642406627736046,0.9
logistic_mid0.76_baseline_rho00.70,logistic,0.7,0.76,-0.06000000000000005,baseline,0.015,0.9,True,True,True,4.868906924470418,11.138021949360343,126.75,9.1875,96.0,96.0,True,117.8301931680828,507.2110600194674,67.19616670981823,0.1545007151484851,0.20049612338055706,0.4404962566991031,0.5000000004449081,0.21055204835341962,0.027409357188639686,True,5.5741178350556,482.51542559649977,56.885219304166235,0.10644395227841641,0.3252268203939604,0.498031513648385,0.4999999986477818,0.002728676982035443,0.032504925080822894,True,17.249721168012563,423.178811940993,56.76618481520456,0.10609249471798401,0.32769093047627346,0.4547220570704292,0.4999999999856261,7.072167838987459e-07,0.03247275815639143,True,74.24720240991925,376.0450629819629,56.76274655341011,0.10608634813505785,0.3277707047577906,0.41665029839151474,0.4999999999998389,7.109120405611479e-07,0.03284732778453427,0.9
logistic_mid0.76_baseline_rho00.70,logistic,0.7,0.76,-0.06000000000000005,baseline,0.015,0.92,True,False,False,nan,nan,126.75,9.1875,96.0,96.0,False,nan,nan,nan,nan,nan,nan,nan,nan,nan,False,nan,nan,nan,nan,nan,nan,nan,nan,nan,True,84.43128768391611,880.7416076245667,60.47870636336966,0.1280588792960659,0.28439357745842375,0.6100146001253497,0.7523361986324771,7.072190901742377e-07,0.023668527086589848,False,nan,nan,nan,nan,nan,nan,nan,nan,nan,0.9
logistic_mid0.76_baseline_rho00.75,logistic,0.75,0.76,-0.010000000000000009,baseline,0.015,0.85,True,True,True,-13.466454591843142,0.0,126.75,9.1875,96.0,96.0,True,106.98520589946587,181.9202198438235,55.81697843294975,0.08381278361743248,0.3047386144246565,0.3181022129050112,0.05853988039649011,0.12801919666423733,0.14316937501640284,True,1.798422194034155,206.41842364247321,48.03378340951901,0.06354096092366357,0.4561203639684743,0.40934688309520284,0.05855565995794371,0.0015541081455353735,0.14581401916868403,True,2.329635360938507,184.57162360408782,47.94486640961652,0.06337691527859332,0.45846464729139863,0.3762308415422931,0.058540896530321,1.4097320466103748e-07,0.1731255525225655,True,2.329635360938507,184.57162360408782,47.94486640961652,0.06337691527859332,0.45846464729139863,0.3762308415422931,0.058540896530321,1.4097320466103748e-07,0.18504556613159617,0.9
logistic_mid0.76_baseline_rho00.75,logistic,0.75,0.76,-0.010000000000000009,baseline,0.015,0.88,True,True,True,-7.295087639268443,9.154181431473274,126.75,9.1875,96.0,96.0,True,111.70106903952743,270.7862845783273,58.81971243995172,0.10089241058481703,0.27251788568929025,0.35047374596148684,0.2476639587330316,0.12801919669659811,0.04573609253062146,True,2.6823355224772976,290.5403813534351,51.18793754841727,0.07747521722748586,0.4050721140736959,0.42696004457977044,0.2476663295207243,0.0015541081455546467,0.05459249218271325,True,5.772022139635731,254.7182172977343,51.09852792674071,0.0772825691205598,0.40726903049274255,0.38699480673757436,0.24766431496157718,1.4098273878704214e-07,0.055571020930492,True,17.796273202929015,231.40084954728536,51.095948219915655,0.0772790948792919,0.40733728378883144,0.3589306245388381,0.24766386542860958,1.4437135944883193e-07,0.06449609936665963,0.9
logistic_mid0.76_baseline_rho00.75,logistic,0.75,0.76,-0.010000000000000009,baseline,0.015,0.9,True,True,True,2.4457648314119216,11.210538437577918,126.75,9.1875,96.0,96.0,True,117.49450248203182,483.26357185949956,61.357712235513844,0.11702676871090775,0.24903206855992988,0.4587750761948365,0.5000000006300773,0.1280191966967185,0.02734624617083243,True,5.383057016694649,471.44408137593484,53.946698517121995,0.090880587137147,0.3645017554682864,0.5098613045491082,0.4999999980828972,0.0015541081455585513,0.03266644575137922,True,16.462838754627924,413.4952886201115,53.859016234815726,0.09066258026822932,0.36650415872562625,0.4657894302776266,0.5000000000327611,1.4098471209562798e-07,0.03262427942275818,True,72.18156720683248,367.14024035178016,53.85588990234694,0.09065776987540904,0.36658218273812593,0.4269210920416434,0.4999999999997989,1.4522534901184404e-07,0.032979721500149606,0.9
logistic_mid0.76_baseline_rho00.75,logistic,0.75,0.76,-0.010000000000000009,baseline,0.015,0.92,True,False,False,nan,nan,126.75,9.1875,96.0,96.0,False,nan,nan,nan,nan,nan,nan,nan,nan,nan,False,nan,nan,nan,nan,nan,nan,nan,nan,nan,True,82.77160633300676,857.6155911022315,57.4301096040345,0.10984137568088197,0.31947245507995314,0.6212515030934216,0.7523361983927513,1.4098749670030084e-07,0.023780527212319793,False,nan,nan,nan,nan,nan,nan,nan,nan,nan,0.9
logistic_mid0.76_baseline_rho00.80,logistic,0.8,0.76,0.040000000000000036,baseline,0.015,0.85,True,True,True,-18.36495724015009,0.0,126.75,9.1875,96.0,96.0,True,104.42472531898022,166.47453687767083,45.84028757713028,0.053101230747328323,0.48826467130457996,0.3568780574080322,0.05853856817431104,0.010852122585720634,0.17665058974640416,True,1.5931244050665623,197.04751439099297,45.073293055943395,0.051850489824874495,0.5091858207885486,0.41348430223986893,0.05855086645146738,0.00011174822660703221,0.12556444307353484,True,1.5853177665871427,178.15682354122328,45.06586526756612,0.0518383015141822,0.5093926229217947,0.3827654661586614,0.05854274662290701,1.5243399910381618e-09,0.1593017958346105,True,1.5853177665871427,178.15682354122328,45.06586526756612,0.0518383015141822,0.5093926229217947,0.3827654661586614,0.05854274662290701,1.5243399910381618e-09,0.17707838760300482,nan
logistic_mid0.76_baseline_rho00.80,logistic,0.8,0.76,0.040000000000000036,baseline,0.015,0.88,True,True,True,-16.503072884839444,9.37392264709172,126.75,9.1875,96.0,96.0,True,110.4941126802142,242.89244002347354,48.722727288616,0.06485231090163839,0.43850751799875726,0.38511539182420124,0.24766438303140892,0.01085212292011654,0.0454536523388682,True,2.48380699560341,282.9771564323123,47.95331622100786,0.06339217104903752,0.4582405339107746,0.4393994465080736,0.24767244534568855,0.00011174822662983361,0.05415549690376807,True,5.012399329516829,248.33057631822322,47.94389765709669,0.06337572296601532,0.45849156845156847,0.3983182547317206,0.24766533024548573,1.5354267537828396e-09,0.055392466766114375,True,16.960447314162746,225.0522601850759,47.94174246797086,0.06337319950521438,0.45855189633161253,0.36899065602477465,0.24766386744449342,5.497633826897626e-09,0.06383142978824971,nan
logistic_mid0.76_baseline_rho00.80,logistic,0.8,0.76,0.040000000000000036,baseline,0.015,0.9,True,True,True,-5.2059137645058176,11.300516689363397,126.75,9.1875,96.0,96.0,True,116.85404848349606,435.85830347459716,51.2659422896759,0.07620598567871786,0.39816393860008187,0.499096924486958,0.4999999995666012,0.010852122920682715,0.027214613849663394,True,5.1456036258297475,458.54871088892276,50.51010165239404,0.0745615498621856,0.41637798547953053,0.524189093086198,0.49999999805882395,0.00011174822663452925,0.03288598417299114,True,15.499883418636886,402.3906789950379,50.499031990675995,0.0745408177132758,0.41666017662943455,0.4789876148957808,0.4999999999809301,1.5377723366581627e-09,0.032829121298113766,True,70.06116821906922,356.91845315876094,50.49633447853173,0.0745372935222138,0.41673239612169827,0.43917756537313113,0.5000000000001669,6.511702922014918e-09,0.03314785373079461,nan
logistic_mid0.76_baseline_rho00.80,logistic,0.8,0.76,0.040000000000000036,baseline,0.015,0.92,True,False,False,nan,nan,126.75,9.1875,96.0,96.0,False,nan,nan,nan,nan,nan,nan,nan,nan,nan,False,nan,nan,nan,nan,nan,nan,nan,nan,nan,True,80.81424782104371,830.5494926296343,53.85495542506513,0.0906563260955361,0.3666055037484045,0.6349005311504818,0.752336197645649,1.5412188946538496e-09,0.023940039650690102,False,nan,nan,nan,nan,nan,nan,nan,nan,nan,nan
logistic_mid0.76_baseline_rho00.85,logistic,0.85,0.76,0.08999999999999997,baseline,0.015,0.85,False,False,False,nan,nan,126.75,9.1875,96.0,96.0,True,4.85,150.0,41.776568298950764,0.03988687690354592,0.5724048604989794,0.3519131860504112,0.058536902874367754,3.981988981190915e-11,7.827313226262835e-65,True,0.6016666666666488,150.0000000000003,41.77659972376731,0.03988691874733578,0.5724039270128304,0.3519129471927096,0.058536902874367754,3.4739687893007966e-07,0.16285872359754827,True,0.0,150.0,41.77656829534832,0.03988687689874908,0.5724048606059915,0.3519131860777932,0.058536902874367754,0.0,0.06586055591037969,True,0.0,150.0,41.77656829534832,0.03988687689874908,0.5724048606059915,0.3519131860777932,0.058536902874367754,0.0,0.1410509642995217,nan
logistic_mid0.76_baseline_rho00.85,logistic,0.85,0.76,0.08999999999999997,baseline,0.015,0.88,True,True,True,-20.511143627609304,10.622493601234861,126.75,9.1875,96.0,96.0,True,108.9826103781582,225.30890270075355,44.306948121056735,0.04892398903341058,0.5232802540008548,0.3907548433521549,0.24766450523564595,0.0002517124407294169,0.041525818722627866,True,2.165512730229586,271.5223353394956,44.28524441607574,0.04889015583757767,0.52389485879077,0.44982892783682543,0.24766851483347563,2.5223511264111474e-06,0.049956422487104274,True,3.7906666772793143,238.55085699769708,44.28466898091332,0.04888940647575937,0.5239114230767594,0.40843201877537566,0.24766476110622365,1.4341636137686984e-11,0.051670140478696176,True,17.890060084461368,213.2108074774258,44.28314711159443,0.04888790408391379,0.5239565900520944,0.3745186857777509,0.24766384158837854,5.6298915992096355e-09,0.05502371006706961,nan
logistic_mid0.76_baseline_rho00.85,logistic,0.85,0.76,0.08999999999999997,baseline,0.015,0.9,True,True,True,-7.2229236131422505,11.458316174923809,126.75,9.1875,96.0,96.0,True,116.35473573019385,414.05862486517157,46.56865844211797,0.05769101731307202,0.48214651042736356,0.5158802577371961,0.4999999996020155,0.0002517124425623864,0.026927286422792556,True,4.806267962445841,443.96576305281013,46.54783244448134,0.0576536498877797,0.48270903200118626,0.5407984816029159,0.4999999978939966,2.5223511321312494e-06,0.03308734752176477,True,14.129387472677225,389.4328133046384,46.545865542516445,0.057651350868571635,0.48276506558250226,0.4947544380082281,0.5000000000187855,1.7184564639475224e-11,0.033019476211052966,True,70.4574224929371,344.81037026729217,46.543852062857994,0.057649162403799525,0.4828228225595776,0.4536629092252838,0.49999999999971917,6.864422353520679e-09,0.033169712486853915,nan
logistic_mid0.76_baseline_rho00.85,logistic,0.85,0.76,0.08999999999999997,baseline,0.015,0.92,True,False,False,nan,nan,126.75,9.1875,96.0,96.0,False,nan,nan,nan,nan,nan,nan,nan,nan,nan,False,nan,nan,nan,nan,nan,nan,nan,nan,nan,True,78.33104081778036,798.7125408904471,49.56888525701043,0.07038851985430254,0.4315798525492721,0.6516959459780731,0.7523361975148428,2.156461261597011e-11,0.02416879979764562,False,nan,nan,nan,nan,nan,nan,nan,nan,nan,nan
logistic_mid0.76_broad_rho00.65,logistic,0.65,0.76,-0.10999999999999999,broad,0.03,0.85,True,True,True,-10.860177831316765,0.0,126.75,9.1875,96.0,96.0,True,108.7751722514486,195.18565420770426,63.333346555276236,0.12544664710628237,0.2279628175539673,0.30019196835993156,0.05854244966213781,0.2392015107533395,0.1380663273526445,True,2.0697894004513078,216.38316335587996,52.919149764717794,0.08566268484512252,0.37886810770566964,0.39394195655317177,0.05855459461059153,0.0030812662962645607,0.15726515309654804,True,3.333056583345724,191.84387827822712,52.79859102431467,0.0853741038391334,0.38168791475316116,0.3594938316726135,0.058542357451679496,1.027413558569405e-06,0.17620295949554562,True,3.333056583345724,191.84387827822712,52.79859102431467,0.0853741038391334,0.38168791475316116,0.3594938316726135,0.058542357451679496,1.027413558569405e-06,0.1931689751588486,0.9
logistic_mid0.76_broad_rho00.65,logistic,0.65,0.76,-0.10999999999999999,broad,0.03,0.88,True,True,True,-4.2329503888114255,8.999674258329064,126.75,9.1875,96.0,96.0,True,112.61554480015157,289.8906317678337,66.47113580138763,0.1491361662019698,0.2055831437749654,0.3317705297413419,0.2476662494669416,0.23920151468835027,0.04635414353930903,True,2.9647244130897126,302.16155839237814,56.426647410439045,0.10390409788149019,0.33102842208077843,0.4069643945088422,0.24767346856989347,0.0030812663087465366,0.05447070512813104,True,6.8711001791690824,264.83669490175186,56.31163253726993,0.10357155238692732,0.33344442733674823,0.3683545757094476,0.24766454854642314,1.0337861160410036e-06,0.05512449328893251,True,19.537074990653107,241.00225504406941,56.30873402720328,0.10356712454993924,0.3335146966966495,0.34171563616541667,0.24766383621923027,3.500156677450388e-06,0.06382334760855017,0.9
logistic_mid0.76_broad_rho00.65,logistic,0.65,0.76,-0.10999999999999999,broad,0.03,0.9,True,True,True,4.381002956682276,11.0751842819061,126.75,9.1875,96.0,96.0,True,117.97712489496668,514.5465337006239,69.1117941134377,0.17111293716430995,0.1892047379088934,0.4358461629685388,0.5000000008620108,0.23920151486101385,0.027465705904865252,True,5.733991276160645,492.00423484569336,59.4254194387085,0.12125952053316738,0.2951398439928843,0.4882243572053056,0.5000000019328302,0.003081266325529554,0.032388086864085126,True,17.92761140816283,431.6691669633439,59.317577885575446,0.12089016630067849,0.2971617475101875,0.44536074533786985,0.500000000004053,1.0424101619492705e-06,0.032364654536218736,True,77.053792724859,383.86101123398464,59.314847291227544,0.1208868523672625,0.29722745600210637,0.4079731341430727,0.5000000000000123,7.262606650428208e-06,0.03275252614026103,0.9
logistic_mid0.76_broad_rho00.65,logistic,0.65,0.76,-0.10999999999999999,broad,0.03,0.92,True,False,False,nan,nan,126.75,9.1875,96.0,96.0,False,nan,nan,nan,nan,nan,nan,nan,nan,nan,False,nan,nan,nan,nan,nan,nan,nan,nan,nan,True,86.03503237465642,900.6483949784285,63.12700920434216,0.1454045674956878,0.2576373406687335,0.6006260594436401,0.7523361982495748,1.092413609828629e-06,0.02358696872003628,False,nan,nan,nan,nan,nan,nan,nan,nan,nan,0.9
logistic_mid0.76_broad_rho00.70,logistic,0.7,0.76,-0.06000000000000005,broad,0.03,0.85,True,True,True,-11.576769955527741,0.0,126.75,9.1875,96.0,96.0,True,108.10597105339144,190.08466670021141,60.46722625443408,0.10726469271962936,0.2529109441375397,0.3062310685379259,0.058539081008790864,0.19228239436327837,0.13905321052547653,True,1.948664477009444,212.09033128482653,50.61724946358407,0.07478772163540959,0.41371613709803107,0.40175108243041313,0.05855399135200074,0.0024373489030321506,0.1536555788787474,True,2.883828223398731,188.65523271716944,50.50258951377015,0.07454561122111884,0.41656538827498535,0.3677428663739353,0.05854140117641693,6.183366496368814e-07,0.17623560110375774,True,2.883828223398731,188.65523271716944,50.50258951377015,0.07454561122111884,0.41656538827498535,0.3677428663739353,0.05854140117641693,6.183366496368814e-07,0.18990514359161895,0.9
logistic_mid0.76_broad_rho00.70,logistic,0.7,0.76,-0.06000000000000005,broad,0.03,0.88,True,True,True,-4.950353671426794,9.058231560585481,126.75,9.1875,96.0,96.0,True,112.26289067777797,282.7722762110004,63.53951259926312,0.1281384145331583,0.2274454770114351,0.33835707064535364,0.2476654891915993,0.19228240136968294,0.046116707509780926,True,2.8368777428273955,296.7705039681888,53.973847215585536,0.09094842751593368,0.363885703795291,0.4162184417116486,0.2476733443788282,0.0024373489172652726,0.05457949266745576,True,6.37275754672737,260.11054026219824,53.861936651637826,0.09066711718064234,0.36643138543143705,0.37701395405960353,0.24766458280812068,6.25563115158863e-07,0.05537234036615835,True,18.78893394641754,236.5491252117584,53.859340566747676,0.09066369397541137,0.36649830363099184,0.34975100993378827,0.24766383792351324,3.419467804181616e-06,0.0642408995410996,0.9
logistic_mid0.76_broad_rho00.70,logistic,0.7,0.76,-0.06000000000000005,broad,0.03,0.9,True,True,True,4.071315466354182,11.137287197214402,126.75,9.1875,96.0,96.0,True,117.7906586324894,502.9230928224025,66.12762732782481,0.147641436810939,0.20889009470449482,0.4440443547593165,0.5000000008514036,0.19228240162243895,0.02742087804455203,True,5.573762803169814,482.44750716045723,56.87299794724985,0.10640711412368117,0.3254767606349983,0.4980990340210872,0.4999999984400968,0.0024373489367504448,0.0325049379771862,True,17.260324338312735,423.17889415255144,56.76618238692856,0.10609249373397013,0.32769100509981786,0.45472215286682827,0.5000000000173024,6.355442988926266e-07,0.03247280633079967,True,75.23946667563305,376.04824535278584,56.76376397835583,0.10609031887614137,0.3277543575815371,0.4166455745136842,0.4999999999997716,7.768499442196194e-06,0.03284696524979039,0.9
logistic_mid0.76_broad_rho00.70,logistic,0.7,0.76,-0.06000000000000005,broad,0.03,0.92,True,False,False,nan,nan,126.75,9.1875,96.0,96.0,False,nan,nan,nan,nan,nan,nan,nan,nan,nan,False,nan,nan,nan,nan,nan,nan,nan,nan,nan,True,84.6151449752173,880.7417632418125,60.47871679617668,0.12805893986587652,0.28439347635814116,0.6100145947846622,0.7523361977500429,6.946784605242896e-07,0.023668537790428722,False,nan,nan,nan,nan,nan,nan,nan,nan,nan,0.9
logistic_mid0.76_broad_rho00.75,logistic,0.75,0.76,-0.010000000000000009,broad,0.03,0.85,True,True,True,-14.00152899953335,0.0,126.75,9.1875,96.0,96.0,True,106.9671260367889,181.05114896917868,54.94926813585297,0.08083863715949768,0.3172603302991836,0.32186384031442955,0.05854015163588535,0.1148886175889984,0.14521570265252617,True,1.798304050155606,206.40107809608656,48.022786870375306,0.06352069164211126,0.4564096486154874,0.4094161959139544,0.05855567590819115,0.001363009815245185,0.1458335194115574,True,2.331019152981329,184.5716664937426,47.94487226303009,0.06337692828824948,0.45846450449380166,0.37623085619685986,0.05854095346644444,2.1815409466941327e-07,0.17312569990242727,True,2.331019152981329,184.5716664937426,47.94487226303009,0.06337692828824948,0.45846450449380166,0.37623085619685986,0.05854095346644444,2.1815409466941327e-07,0.1852421598573507,0.9
logistic_mid0.76_broad_rho00.75,logistic,0.75,0.76,-0.010000000000000009,broad,0.03,0.88,True,True,True,-8.051988249962452,9.153801678774087,126.75,9.1875,96.0,96.0,True,111.6715009717801,268.8590096476104,57.96141644610689,0.09746003318497898,0.28328195716360316,0.3535873229242351,0.24766566071453525,0.11488863774517481,0.04582336168996081,True,2.682148515061157,290.5075055134014,51.17717506445043,0.07745174522644557,0.40533510836552494,0.4270207266213679,0.24766555723886657,0.0013630098317175077,0.05459422031568732,True,5.775090155948798,254.71823336042613,51.098531769437905,0.07728257678915187,0.40726893654247015,0.38699486767728125,0.24766411910508554,2.264376545191242e-07,0.05557117284476422,True,17.966309463738494,231.40183143893574,51.096318781469535,0.07728010904799394,0.4073294776816369,0.3589291868240476,0.24766384724070054,3.428555908868468e-06,0.06449625804728452,0.9
logistic_mid0.76_broad_rho00.75,logistic,0.75,0.76,-0.010000000000000009,broad,0.03,0.9,True,True,True,1.715149518446126,11.209662748744336,126.75,9.1875,96.0,96.0,True,117.46451012444487,479.6136380056954,60.511758186658206,0.11319390082745442,0.25843748947192724,0.46202753373503025,0.4999999992925857,0.11488863826822635,0.027356072980387416,True,5.382799068338196,471.3875470030388,53.93640341947545,0.09085443704827875,0.364734836988398,0.5099202005810533,0.4999999982071343,0.0013630098547620134,0.03266674356830997,True,16.474503013522725,413.4953260437406,53.85902181151582,0.09066259829843776,0.3665040500664943,0.46578946059468435,0.5000000000186376,2.381605544350758e-07,0.03262432827445394,True,73.24226760437958,367.14389451241647,53.85703019369895,0.09066146535516734,0.36656083603046274,0.4269154137365567,0.4999999999997815,8.529159921934815e-06,0.032979270151591675,0.9
logistic_mid0.76_broad_rho00.75,logistic,0.75,0.76,-0.010000000000000009,broad,0.03,0.92,True,False,False,nan,nan,126.75,9.1875,96.0,96.0,False,nan,nan,nan,nan,nan,nan,nan,nan,nan,False,nan,nan,nan,nan,nan,nan,nan,nan,nan,True,82.97400232216322,857.6158479565573,57.430129301170744,0.10984145755921293,0.31947215060801887,0.6212514489033268,0.7523361984933159,3.0978729539962634e-07,0.02378053864759813,False,nan,nan,nan,nan,nan,nan,nan,nan,nan,0.9
logistic_mid0.76_broad_rho00.80,logistic,0.8,0.76,0.040000000000000036,broad,0.03,0.85,True,True,True,-16.97212135667834,0.0,126.75,9.1875,96.0,96.0,True,104.8138293933393,168.4890116234245,47.696477535634685,0.05646560000836269,0.4420660005500954,0.3464445663941937,0.058538339157025346,0.03610429156608891,0.16399277160540487,True,1.593535109588214,197.08517114881997,45.092926300663144,0.05188154223210066,0.5086362512078131,0.4133742310104637,0.058552622866858986,0.0003872568705550596,0.12556461104993363,True,1.586392752590626,178.15687924391685,45.06586837871663,0.05183830811230015,0.5093925432719119,0.38276552250513224,0.058542825352676325,3.8405822884184086e-08,0.15930200048476853,True,1.586392752590626,178.15687924391685,45.06586837871663,0.05183830811230015,0.5093925432719119,0.38276552250513224,0.058542825352676325,3.8405822884184086e-08,0.1773718013323014,nan
logistic_mid0.76_broad_rho00.80,logistic,0.8,0.76,0.040000000000000036,broad,0.03,0.88,True,True,True,-13.982602261144077,9.37357290682403,126.75,9.1875,96.0,96.0,True,110.70800085654916,248.3134866527386,50.584754593351875,0.06878548965098519,0.39552433773855,0.37699938649446374,0.24766458261714078,0.036104414508235226,0.045258900729104434,True,2.4843291274515815,283.0341738521701,47.9731142906199,0.06342844753035083,0.45771693021167614,0.43928566673836766,0.24767130008649205,0.00038725688999688207,0.054152372432789114,True,5.015274154066845,248.3306834173588,47.943899578628084,0.0633757268125712,0.4584915189029628,0.39831840307214933,0.24766524722663255,4.805418832082819e-08,0.05539267111195185,True,17.140811271706852,225.0532257572183,47.94215444419138,0.06337409273654063,0.45854194823676847,0.3689887852398349,0.24766384345169754,3.7907048235251704e-06,0.06383136474805896,nan
logistic_mid0.76_broad_rho00.80,logistic,0.8,0.76,0.040000000000000036,broad,0.03,0.9,True,True,True,-2.920666835871095,11.299513615152447,126.75,9.1875,96.0,96.0,True,116.97539972963908,445.6368998070135,53.0961564513919,0.08063799797695166,0.3589984383568033,0.4900977768944531,0.5000000000286821,0.036104416139718334,0.027224842307069817,True,5.146578624203995,458.65246894808104,50.52960487243029,0.07460248578146667,0.41589126682480404,0.524074919157601,0.49999999846145954,0.00038725691772278215,0.0328848849606072,True,15.512060199533611,402.39080906618113,50.49903573417574,0.07454082895201723,0.41666009784371016,0.4789876945431776,0.5000000000213994,6.20343954261006e-08,0.032829180926905566,True,71.1986915148927,356.9226048096259,50.49761851016976,0.07454059712097176,0.41670426057596616,0.4391706984460581,0.4999999999998159,9.865405045738501e-06,0.033147276883804186,nan
logistic_mid0.76_broad_rho00.80,logistic,0.8,0.76,0.040000000000000036,broad,0.03,0.92,True,False,False,nan,nan,126.75,9.1875,96.0,96.0,False,nan,nan,nan,nan,nan,nan,nan,nan,nan,False,nan,nan,nan,nan,nan,nan,nan,nan,nan,True,81.03856318141546,830.5497557194211,53.85497556229753,0.09065639423344493,0.36660513437644987,0.6349004714752803,0.7523361981567241,1.5108894399959302e-07,0.02394005171032991,False,nan,nan,nan,nan,nan,nan,nan,nan,nan,nan
logistic_mid0.76_broad_rho00.85,logistic,0.85,0.76,0.08999999999999997,broad,0.03,0.85,False,False,False,nan,nan,126.75,9.1875,96.0,96.0,True,59.35,150.00000000000077,41.83102304209219,0.03995953987457005,0.5707899348990206,0.3514996554659032,0.058536902874367754,0.0006015150467819328,0.15436233786307696,True,0.4483333333333221,150.0,41.77661867806537,0.039886943986025096,0.572403363969027,0.3519128031226111,0.058536902874367754,5.569098039238812e-07,0.05123450781432201,True,0.0,150.0,41.77656829534832,0.03988687689874908,0.5724048606059915,0.3519131860777932,0.058536902874367754,0.0,0.06586055591037969,True,0.0,150.0,41.77656829534832,0.03988687689874908,0.5724048606059915,0.3519131860777932,0.058536902874367754,0.0,0.1410509642995217,nan
logistic_mid0.76_broad_rho00.85,logistic,0.85,0.76,0.08999999999999997,broad,0.03,0.88,True,True,True,-19.454301316193927,10.621947406041329,126.75,9.1875,96.0,96.0,True,109.1362736931127,227.3184917934937,44.88526265995106,0.04982285173758744,0.5071746425904478,0.38867486177168237,0.24766444953496894,0.006352894035521222,0.04158631888576532,True,2.165789406189339,271.54171613442753,44.29110058736025,0.048899040540711876,0.5237283861967443,0.44979933327660104,0.247668862377162,6.465634962521838e-05,0.049959029725136925,True,3.792642590217684,238.55084056153112,44.28466857345992,0.04888940412626568,0.5239114266967979,0.408432074688713,0.24766458660345608,1.2206773429011138e-08,0.05167026757251721,True,18.09247842697315,213.21209574041578,44.28366854147403,0.048888737925410874,0.5239420940325811,0.37451632957772607,0.2476638327934343,4.999634145698796e-06,0.0550237776780756,nan
logistic_mid0.76_broad_rho00.85,logistic,0.85,0.76,0.08999999999999997,broad,0.03,0.9,True,True,True,-6.39358063202389,11.457046909073727,126.75,9.1875,96.0,96.0,True,116.41256568098113,417.3146386346824,47.15548977053678,0.05871657006455338,0.46652685113195697,0.5129505526355684,0.4999999994532255,0.0063529000044667844,0.026945450481542697,True,4.80673743674779,443.99598654502995,46.553780662881195,0.05766378371401199,0.4825470082509341,0.5407636293578673,0.4999999978227364,6.46563835481046e-05,0.03308696155541083,True,14.141457266826976,389.43286518995916,46.54586745508078,0.05765135491415489,0.4827650174184873,0.4947545057379346,0.5000000000373953,2.9197243751823593e-08,0.033019534444618505,True,71.69399296228468,344.8153591457957,46.54538241545749,0.05765206691198122,0.4827833158049751,0.4536541939390975,0.5000000000002346,1.2400560076843088e-05,0.03316897001771493,nan
logistic_mid0.76_broad_rho00.85,logistic,0.85,0.76,0.08999999999999997,broad,0.03,0.92,True,False,False,nan,nan,126.75,9.1875,96.0,96.0,False,nan,nan,nan,nan,nan,nan,nan,nan,nan,False,nan,nan,nan,nan,nan,nan,nan,nan,nan,True,78.58130121681988,798.7128265426476,49.56890713435191,0.07038857501660772,0.43157936433783156,0.6516958731880247,0.7523361975377733,1.4305129151067907e-07,0.02416881229490704,False,nan,nan,nan,nan,nan,nan,nan,nan,nan,nan
logistic_mid0.79_narrow_rho00.65,logistic,0.65,0.79,-0.14,narrow,0.0075,0.85,True,True,True,-10.658109247751076,0.0,126.75,9.1875,96.0,96.0,True,108.80952736223635,195.54672719620498,63.60151596766733,0.12696350336326356,0.22556457045780165,0.2993975969789797,0.0585430138675364,0.24439944989020404,0.13775281423292762,True,2.0698467098644504,216.38831101117827,52.92236258351567,0.0856704037501595,0.37879341829804586,0.39392184710602157,0.058554715085931124,0.003163086034500472,0.1572579067108647,True,3.3342622546262493,191.843897057265,52.79863741865775,0.08537422568803447,0.38168690311288034,0.35949351375067157,0.05854231018994295,1.826727006120795e-06,0.176202613550998,True,3.3342622546262493,191.843897057265,52.79863741865775,0.08537422568803447,0.38168690311288034,0.35949351375067157,0.05854231018994295,1.826727006120795e-06,0.1929865008393167,0.9
logistic_mid0.79_narrow_rho00.65,logistic,0.65,0.79,-0.14,narrow,0.0075,0.88,True,True,True,-4.017500451523026,8.999986759735542,126.75,9.1875,96.0,96.0,True,112.6360819268472,290.4998914114712,66.73702866739485,0.15085701763767245,0.2035092777715887,0.33104398285581904,0.24766472704726292,0.244399449890268,0.046350420123824336,True,2.964784617720218,302.17072586060095,56.42962489868387,0.10391283529220008,0.3309665371394726,0.40694840470298854,0.2476733569051752,0.0031630860345005854,0.0544703942365492,True,6.870762691639946,264.83677609443015,56.31167877811744,0.10357169931327105,0.33344353030917945,0.36835426423747636,0.24766468117535445,1.8267270624370264e-06,0.055124339076622654,True,19.38245505796725,241.00150131102097,56.30847432789798,0.10356608676406795,0.33351874911984125,0.34171638550202166,0.24766381477783928,1.826743830692764e-06,0.06382307401154433,0.9
logistic_mid0.79_narrow_rho00.65,logistic,0.65,0.79,-0.14,narrow,0.0075,0.9,True,True,True,4.576998808674347,11.07584335473108,126.75,9.1875,96.0,96.0,True,117.99006352798237,515.6191909560774,69.37475096845549,0.1730063034415417,0.18736582391507253,0.4350329990998193,0.5000000002170178,0.244399449890268,0.027466553464791113,True,5.734009074681147,492.01930672872146,59.42814925623243,0.12126910437221829,0.295089491557864,0.48820987601177157,0.5000000019155548,0.0031630860345005854,0.032388141019847036,True,17.919743642235357,431.66936917902456,59.317620128022085,0.12089032040395008,0.2971610092256533,0.44536049908630215,0.500000000031493,1.826727062620405e-06,0.03236461515207094,True,76.11027167055359,383.8583460384,59.313961838971416,0.12088280619663141,0.2972396790179307,0.4079769720313406,0.5000000000001312,1.8267439091445391e-06,0.0327528207841769,0.9
logistic_mid0.79_narrow_rho00.65,logistic,0.65,0.79,-0.14,narrow,0.0075,0.92,True,False,False,nan,nan,126.75,9.1875,96.0,96.0,False,nan,nan,nan,nan,nan,nan,nan,nan,nan,False,nan,nan,nan,nan,nan,nan,nan,nan,nan,True,85.86715971318498,900.6486348026297,63.12703630718341,0.1454046747053414,0.25763690184325966,0.6006258971551853,0.7523361978828139,1.826727062633931e-06,0.023586958892603118,False,nan,nan,nan,nan,nan,nan,nan,nan,nan,0.9
logistic_mid0.79_narrow_rho00.70,logistic,0.7,0.79,-0.09000000000000008,narrow,0.0075,0.85,True,True,True,-10.700137411301288,0.0,126.75,9.1875,96.0,96.0,True,108.21117231301771,191.61317652779337,61.76045748608561,0.11378577862395382,0.2399296406822671,0.30191679484347284,0.05854057674060254,0.2139604680755569,0.13720665636001156,True,1.9488814642174017,212.11604971442657,50.633465408883154,0.07482207659598852,0.4133153733251397,0.4016485282391367,0.058554602967395245,0.002780521580920746,0.15362106636091472,True,2.8849781382432127,188.65524992224778,50.50263698063117,0.07454571662638496,0.4165642487500835,0.3677425244612165,0.058541346777455254,1.4270284224181933e-06,0.17623522694597407,True,2.8849781382432127,188.65524992224778,50.50263698063117,0.07454571662638496,0.4165642487500835,0.3677425244612165,0.058541346777455254,1.4270284224181933e-06,0.18971001475073376,0.9
logistic_mid0.79_narrow_rho00.70,logistic,0.7,0.79,-0.09000000000000008,narrow,0.0075,0.88,True,True,True,-3.927139902236369,9.058574350496055,126.75,9.1875,96.0,96.0,True,112.33544693342958,285.60128029922515,64.82523018616395,0.13558726650250957,0.2162313192211635,0.3345349800801207,0.24766565418761474,0.21396046807566238,0.04605356329560684,True,2.8371822331296133,296.81724213915396,53.9892587662726,0.09098769269966676,0.3635382777137337,0.41613286093245905,0.24767278441521942,0.0027805215809208745,0.05457715774419836,True,6.372274941759516,260.11062426635544,53.861984424794045,0.09066724555698238,0.36643034589832457,0.3770136131076702,0.24766472625783104,1.4270284859175056e-06,0.05537217072621253,True,18.625991152270082,236.5483099736482,53.859055010457226,0.0906627178514636,0.36650339696844714,0.3497519285293544,0.24766382530359204,1.4270472886321122e-06,0.06424064178125267,0.9
logistic_mid0.79_narrow_rho00.70,logistic,0.7,0.79,-0.09000000000000008,narrow,0.0075,0.9,True,True,True,5.032562005773423,11.138022384795436,126.75,9.1875,96.0,96.0,True,117.84424605266581,508.0978508913669,67.40234023875115,0.1558862112303065,0.1989458374874325,0.43986997603876865,0.5000000007072911,0.21396046807566238,0.027413681518047534,True,5.574229385444728,482.52751149525665,56.887394549598845,0.10645051322316627,0.325182378924803,0.498019504134486,0.4999999986921148,0.0027805215809208745,0.032504923953471716,True,17.25175676104915,423.1790042075733,56.766225923188664,0.1060926256594473,0.32769012917959145,0.4547218477900731,0.4999999999851979,1.4270284861285932e-06,0.03247275717385903,True,74.2350110927598,376.0452319911794,56.76278744973356,0.10608647772735977,0.3277699050900709,0.4166501005427141,0.4999999999998491,1.4270473788245542e-06,0.032847324882429946,0.9
logistic_mid0.79_narrow_rho00.70,logistic,0.7,0.79,-0.09000000000000008,narrow,0.0075,0.92,True,False,False,nan,nan,126.75,9.1875,96.0,96.0,False,nan,nan,nan,nan,nan,nan,nan,nan,nan,False,nan,nan,nan,nan,nan,nan,nan,nan,nan,True,84.4323250415793,880.7420099220467,60.47874397773352,0.12805902669310176,0.28439294966149514,0.6100144180019174,0.752336198746022,1.4270284861444812e-06,0.023668527142794996,False,nan,nan,nan,nan,nan,nan,nan,nan,nan,0.9
logistic_mid0.79_narrow_rho00.75,logistic,0.75,0.79,-0.040000000000000036,narrow,0.0075,0.85,True,True,True,-10.896842528972801,0.0,126.75,9.1875,96.0,96.0,True,107.3119125848967,186.20259021041088,59.58760297849473,0.09950606176142984,0.2589321736754047,0.30411470884496633,0.058539635051600106,0.18196087226055133,0.13559879811664033,True,1.7990260564247753,206.49279325050787,48.08121259987504,0.06362858139933124,0.45487547145471996,0.409047770214572,0.05855502467702493,0.002378070474248105,0.14572889869221395,True,2.3316050514318407,184.57166527230038,47.94490563428089,0.06337698954709499,0.4584636274468028,0.376230589744509,0.05854089376797175,7.598367938216913e-07,0.17312537783920967,True,2.3316050514318407,184.57166527230038,47.94490563428089,0.06337698954709499,0.4584636274468028,0.376230589744509,0.05854089376797175,7.598367938216913e-07,0.1850358936324138,0.9
logistic_mid0.79_narrow_rho00.75,logistic,0.75,0.79,-0.040000000000000036,narrow,0.0075,0.88,True,True,True,-4.055848567608219,9.154187906189069,126.75,9.1875,96.0,96.0,True,111.9266371101712,279.35159895852996,62.574347939847364,0.11896665470981918,0.23296006196129176,0.33849310995370285,0.2476657492611508,0.18196087226076926,0.045528523769940855,True,2.683316668726776,290.68167678348016,51.234355043415974,0.07757668951300341,0.4039408843398649,0.42669843686900283,0.24766926528958125,0.0023780704742482526,0.054584924853231694,True,5.773946317545112,254.71831726845548,51.09856662323982,0.07728265558115863,0.4072680966140375,0.3869946002427139,0.2476643201545442,7.59836866181863e-07,0.05557100600259962,True,17.793633076951227,231.40092387421822,51.09598671434267,0.07727918027535259,0.4073363523173771,0.3589304130584846,0.2476638581367369,7.598582432911599e-07,0.06449605318171464,0.9
logistic_mid0.79_narrow_rho00.75,logistic,0.75,0.79,-0.040000000000000036,narrow,0.0075,0.9,True,True,True,5.457014904476554,11.210538114933287,126.75,9.1875,96.0,96.0,True,117.65757044808124,498.913427510747,65.08382604757465,0.13717653771786925,0.21410173919580433,0.4457219243546253,0.49999999924964017,0.18196087226076926,0.027329550794811135,True,5.384779669530962,471.6876474110507,53.99110338393434,0.09099364999922452,0.3634995439716833,0.5096077049115397,0.49999999799030226,0.0023780704742482526,0.03266519661941531,True,16.46466258314512,413.49546678449263,53.859053456499645,0.09066267675938346,0.36650332653674994,0.46578922920058713,0.5000000000325613,7.59836866428001e-07,0.03262427772554502,True,72.16823124208958,367.1403998770958,53.85592687273489,0.09065786520528826,0.3665813539902089,0.4269209028925229,0.5000000000002611,7.5985834833396e-07,0.032979717930108315,0.9
logistic_mid0.79_narrow_rho00.75,logistic,0.75,0.79,-0.040000000000000036,narrow,0.0075,0.92,True,False,False,nan,nan,126.75,9.1875,96.0,96.0,False,nan,nan,nan,nan,nan,nan,nan,nan,nan,False,nan,nan,nan,nan,nan,nan,nan,nan,nan,True,82.77233067407633,857.6159734139902,57.43014398672568,0.10984148484389847,0.3194717743987287,0.6212513244379385,0.7523361982853023,7.598368664470537e-07,0.023780526910699405,False,nan,nan,nan,nan,nan,nan,nan,nan,nan,0.9
logistic_mid0.79_narrow_rho00.80,logistic,0.8,0.79,0.010000000000000009,narrow,0.0075,0.85,True,True,True,-17.1063248886987,0.0,126.75,9.1875,96.0,96.0,True,104.69876657997871,168.2956611121612,47.664232047843285,0.05640215108427894,0.442813969918415,0.346356815755288,0.058537069038098265,0.03568340364065707,0.1648028650822676,True,1.593512373620524,197.08486367559087,45.09291837356781,0.051881528785192886,0.5086364690695274,0.4133738228513496,0.0585525672162809,0.00038715157196775015,0.12556358943377802,True,1.5854172671168465,178.15682139429035,45.06586576737905,0.0518383022307978,0.5093926086363042,0.38276545904788367,0.05854274266227884,8.551278089797949e-09,0.1593017827584118,True,1.5854172671168465,178.15682139429035,45.06586576737905,0.0518383022307978,0.5093926086363042,0.38276545904788367,0.05854274266227884,8.551278089797949e-09,0.17706373017978067,nan
logistic_mid0.79_narrow_rho00.80,logistic,0.8,0.79,0.010000000000000009,narrow,0.0075,0.88,True,True,True,-14.11626968493629,9.373923001290798,126.75,9.1875,96.0,96.0,True,110.66640479227183,248.02260577694997,50.55241451700089,0.06871132020132605,0.39621310870577137,0.3768984393663289,0.2476650660110852,0.03568340364341377,0.045203062840920946,True,2.4842866250036857,283.0341456880306,47.97310677386455,0.06342843451394246,0.4577171316731874,0.4392856854832077,0.2476713420152478,0.0003871515719679268,0.0541523337888894,True,5.012448550392778,248.33057475273014,47.94389824147651,0.06337572403240552,0.45849155304176115,0.3983182469947883,0.24766533234653187,8.55136211225482e-09,0.05539246077372668,True,16.955635223053807,225.05225788674633,47.94174284882882,0.06337319995144615,0.4585518851783135,0.3689906487388377,0.24766387057333816,8.576461291550974e-09,0.06383142211623187,nan
logistic_mid0.79_narrow_rho00.80,logistic,0.8,0.79,0.010000000000000009,narrow,0.0075,0.9,True,True,True,-2.98716180906102,11.300517928970615,126.75,9.1875,96.0,96.0,True,116.96103422483753,445.34909771976123,53.06432540868869,0.0805543736502088,0.35962091439746574,0.49015351227396037,0.49999999931707856,0.03568340364341383,0.027210660695567997,True,5.146424122225165,458.6523958838438,50.52959729292063,0.07460246977289149,0.4158914553864835,0.5240749439568672,0.499999998433735,0.00038715157196792714,0.03288487547494567,True,15.499820623157301,402.39067960559913,50.49903256221799,0.0745408188542077,0.41666016222317676,0.47898761015376556,0.49999999998038136,8.551362403261469e-09,0.03282912041221459,True,70.04484154709968,356.9184487122617,50.49633471607983,0.07453729357623409,0.41673238829802145,0.4391775589835772,0.49999999999974853,8.576585407809083e-09,0.033147850710287925,nan
logistic_mid0.79_narrow_rho00.80,logistic,0.8,0.79,0.010000000000000009,narrow,0.0075,0.92,True,False,False,nan,nan,126.75,9.1875,96.0,96.0,False,nan,nan,nan,nan,nan,nan,nan,nan,nan,False,nan,nan,nan,nan,nan,nan,nan,nan,nan,True,80.81295032560702,830.5494982701462,53.854955972095944,0.09065632741471882,0.3666054911374474,0.6349005278194605,0.7523361975926073,8.551362426618483e-09,0.0239400395049568,False,nan,nan,nan,nan,nan,nan,nan,nan,nan,nan
logistic_mid0.79_narrow_rho00.85,logistic,0.85,0.79,0.05999999999999994,narrow,0.0075,0.85,False,False,False,nan,nan,126.75,9.1875,96.0,96.0,True,54.95,150.00000000000074,41.776773492692755,0.03988715013161173,0.5723987651729091,0.35191162639251117,0.058536902874367754,2.2681625687526153e-06,0.11667382985026507,True,0.5849999999999784,150.00000000000043,41.776571699077365,0.03988688143098781,0.5724047594968382,0.3519131602062898,0.058536902874367754,3.762344027004868e-08,0.14729949632035336,True,0.0,150.0,41.77656829534832,0.03988687689874908,0.5724048606059915,0.3519131860777932,0.058536902874367754,0.0,0.06586055591037968,True,0.0,150.0,41.77656829534832,0.03988687689874908,0.5724048606059915,0.3519131860777932,0.058536902874367754,0.0,0.1410509642995217,nan
logistic_mid0.79_narrow_rho00.85,logistic,0.85,0.79,0.05999999999999994,narrow,0.0075,0.88,True,True,True,-20.56945948185093,10.622496344964485,126.75,9.1875,96.0,96.0,True,108.97090388506054,225.19913928756242,44.28563510840448,0.04889164252211597,0.5238857838082113,0.39078444277103414,0.24766455284153366,2.5525722897720448e-05,0.04150661448047011,True,2.1654910822729123,271.5213849967946,44.28503061928728,0.04888983144332392,0.5239009370143718,0.44982972033523216,0.2476684897521961,2.555185806963582e-07,0.04995606191706654,True,3.790611117869229,238.55085772112977,44.28466902910628,0.04888940659367532,0.5239114219271706,0.4084320173730494,0.24766476567742388,1.1073554457136982e-13,0.051670137412028375,True,17.88444028192236,213.21080157882133,44.28314676037661,0.048887903625592276,0.5239566004043084,0.3745186753376355,0.24766385556660275,4.061776976911925e-11,0.05502369075375146,nan
logistic_mid0.79_narrow_rho00.85,logistic,0.85,0.79,0.05999999999999994,narrow,0.0075,0.9,True,True,True,-7.257429431422209,11.458317706271856,126.75,9.1875,96.0,96.0,True,116.35130167237484,413.92437212910033,46.54700655370835,0.0576540975419664,0.48273586076287334,0.5159779511195423,0.49999999986263305,2.5525722898145953e-05,0.026924543239845326,True,4.8062438349707595,443.96464133582725,46.5476153260254,0.057653280120505475,0.4827149474804957,0.5407997405447122,0.4999999978989463,2.5551858069707803e-07,0.03308735419244861,True,14.129210308816704,389.4328124557893,46.54586557960824,0.05765135091341819,0.4827650645363987,0.49475443664105123,0.5000000000181449,1.1108679130848599e-13,0.03301947543957234,True,70.43936559019515,344.81036355213513,46.54385151080413,0.05764916129187887,0.4828228368606501,0.45366290710439333,0.5000000000003048,4.076882805596833e-11,0.0331697092035019,nan
logistic_mid0.79_narrow_rho00.85,logistic,0.85,0.79,0.05999999999999994,narrow,0.0075,0.92,True,False,False,nan,nan,126.75,9.1875,96.0,96.0,False,nan,nan,nan,nan,nan,nan,nan,nan,nan,False,nan,nan,nan,nan,nan,nan,nan,nan,nan,True,78.32947893015927,798.7125406770458,49.56888529485377,0.07038851990110685,0.43157985151711736,0.6516959453674656,0.7523361974740236,1.1111609811336683e-13,0.024168799643099283,False,nan,nan,nan,nan,nan,nan,nan,nan,nan,nan
logistic_mid0.79_baseline_rho00.65,logistic,0.65,0.79,-0.14,baseline,0.015,0.85,True,True,True,-10.661070823427659,0.0,126.75,9.1875,96.0,96.0,True,108.80908875728325,195.5414773026128,63.59980183688853,0.1269535061480107,0.22557953904270778,0.29939879322697927,0.05854312878805877,0.2443712733175599,0.13774558254702457,True,2.069851991823033,216.38829268702108,52.92235116514808,0.08567037630935276,0.3787936836741236,0.393921918521027,0.05855471464414265,0.0031627953713820466,0.15725793233664936,True,3.3347299836652318,191.84390266556147,52.79863079354916,0.08537420889383816,0.38168704999655717,0.35949357042875396,0.05854232891374893,1.7091844549159217e-06,0.1762027031224949,True,3.3347299836652318,191.84390266556147,52.79863079354916,0.08537420889383816,0.38168704999655717,0.35949357042875396,0.05854232891374893,1.7091844549159217e-06,0.19305828479153164,0.9
logistic_mid0.79_baseline_rho00.65,logistic,0.65,0.79,-0.14,baseline,0.015,0.88,True,True,True,-4.01905108247131,8.999946164226289,126.75,9.1875,96.0,96.0,True,112.63602309231091,290.495529583736,66.7353196219784,0.15084564353430915,0.20352230494542473,0.3310482205782836,0.24766452338608336,0.24437127364979166,0.04634982233744501,True,2.964793559460892,302.1706933100019,56.42961431651992,0.1039128042322451,0.33096675701895834,0.4069484615356394,0.2476733573345608,0.0031627953721685997,0.054470395345707474,True,6.871555004759738,264.83676634778647,56.31167180838834,0.10357167756554964,0.33344366703143663,0.36835431718799977,0.24766465360838885,1.709579908236616e-06,0.05512437127642491,True,19.41496202291431,241.00159995340792,56.30848275245461,0.10356612834898601,0.333518648250038,0.3417164434206083,0.24766385285711062,1.850747035824869e-06,0.0638231909030192,0.9
logistic_mid0.79_baseline_rho00.65,logistic,0.65,0.79,-0.14,baseline,0.015,0.9,True,True,True,4.575790368552923,11.075820664732104,126.75,9.1875,96.0,96.0,True,117.99003359908322,515.612605369099,69.37305516521688,0.17299378116936523,0.1873774252405508,0.4350384188961326,0.4999999999896704,0.24437127365203432,0.02746655965339609,True,5.734025596221373,492.019253433575,59.428139547226905,0.12126907027408336,0.29508967056823665,0.48820992805483115,0.5000000019153122,0.003162795372324316,0.03238814124726717,True,17.921203904572295,431.66933970248846,59.31761366869575,0.12089029726724017,0.29716112328551914,0.44536053535464326,0.5000000000308628,1.709659346944667e-06,0.032364619257273346,True,76.21267210750707,383.8584177724076,59.313975830685195,0.12088287699863985,0.29723951065232107,0.4079769436311701,0.5000000000001672,1.8852141711556199e-06,0.03275283430062768,0.9
logistic_mid0.79_baseline_rho00.65,logistic,0.65,0.79,-0.14,baseline,0.015,0.92,True,False,False,nan,nan,126.75,9.1875,96.0,96.0,False,nan,nan,nan,nan,nan,nan,nan,nan,nan,False,nan,nan,nan,nan,nan,nan,nan,nan,nan,True,85.87548872676906,900.6485738332983,63.12703051459501,0.14540464920292115,0.25763698753023706,0.6006259255864016,0.7523361984329716,1.7097659893916556e-06,0.023586959483307197,False,nan,nan,nan,nan,nan,nan,nan,nan,nan,0.9
logistic_mid0.79_baseline_rho00.70,logistic,0.7,0.79,-0.09000000000000008,baseline,0.015,0.85,True,True,True,-10.723976294138721,0.0,126.75,9.1875,96.0,96.0,True,108.20775038032743,191.57144080768168,61.730978789718634,0.11362950785278397,0.2402121541724182,0.3020033419012411,0.05853967109503138,0.21348288373632793,0.13722986751881977,True,1.948883006379098,212.11551670623746,50.63312925590203,0.0748213639688814,0.413323675125227,0.4016506531949494,0.05855459134078758,0.002773408252496796,0.15362178067061588,True,2.8854704853361777,188.65525590329102,50.50262981481516,0.07454570138949775,0.41656442399906973,0.36774258815575084,0.058541368310467315,1.2989906781721476e-06,0.17623532527409821,True,2.8854704853361777,188.65525590329102,50.50262981481516,0.07454570138949775,0.41656442399906973,0.36774258815575084,0.058541368310467315,1.2989906781721476e-06,0.18978679721598668,0.9
logistic_mid0.79_baseline_rho00.70,logistic,0.7,0.79,-0.09000000000000008,baseline,0.015,0.88,True,True,True,-3.9507808479688893,9.058530721901215,126.75,9.1875,96.0,96.0,True,112.33359099042373,285.53539690125416,64.79586579456405,0.1354089226621852,0.21647628876683295,0.3346184012036089,0.24766577914424287,0.2134828842779553,0.04605372276119099,True,2.837185551362204,296.81627467620086,53.98893928967754,0.09098687823007537,0.3635454736551737,0.4161346347510655,0.24767279754123778,0.0027734082533906203,0.054577206224934754,True,6.373110366789772,260.11061329800174,53.86197685448686,0.09066722561711694,0.366430512558449,0.37701367295774574,0.24766469655057483,1.2994378402475996e-06,0.05537220606951756,True,18.660184477623908,236.5484134814766,53.859064330865216,0.09066275697530028,0.3665032626184302,0.34975198663256474,0.24766386400276585,1.4587266986286742e-06,0.06424076597602865,0.9
logistic_mid0.79_baseline_rho00.70,logistic,0.7,0.79,-0.09000000000000008,baseline,0.015,0.9,True,True,True,5.010944669013132,11.13799819179865,126.75,9.1875,96.0,96.0,True,117.84298446359139,507.9804754705762,67.37317864240032,0.1556889172232522,0.1991637371739416,0.43996330383200793,0.5000000007824574,0.21348288428095508,0.027413772051122033,True,5.574235739992812,482.5258549153558,56.88709608654883,0.10644961294035271,0.3251884759272949,0.4980211528274371,0.499999998686891,0.0027734082535708165,0.03250492463785084,True,17.253309223180516,423.17898290688,56.76621889289612,0.10609260469861222,0.3276902718723674,0.4547218934374065,0.4999999999886199,1.2995295940571072e-06,0.03247276236395672,True,74.34371310215582,376.0453154426398,56.76280288301199,0.10608654479792885,0.32776968578462745,0.4166500660041012,0.49999999999975986,1.498488336145302e-06,0.03284733985132347,0.9
logistic_mid0.79_baseline_rho00.70,logistic,0.7,0.79,-0.09000000000000008,baseline,0.015,0.92,True,False,False,nan,nan,126.75,9.1875,96.0,96.0,False,nan,nan,nan,nan,nan,nan,nan,nan,nan,False,nan,nan,nan,nan,nan,nan,nan,nan,nan,True,84.44135665991733,880.741949533822,60.47873764920395,0.12805900334930206,0.2843930602727265,0.6100144519904729,0.7523361980267302,1.2996554402465825e-06,0.023668527840593673,False,nan,nan,nan,nan,nan,nan,nan,nan,nan,0.9
logistic_mid0.79_baseline_rho00.75,logistic,0.75,0.79,-0.040000000000000036,baseline,0.015,0.85,True,True,True,-11.319255922996353,0.0,126.75,9.1875,96.0,96.0,True,107.27083542071546,185.48403057169355,58.91857995256203,0.09636663388127817,0.26617647188057414,0.3064811254573289,0.05854054509754241,0.172735115754944,0.13670897157813108,True,1.7989313383846182,206.47944268839234,48.07264575149004,0.06361273114345155,0.4550999894543432,0.40910186162849443,0.058555198461098246,0.002229275192602289,0.1457445232312369,True,2.3321717799863433,184.57167300647208,47.944899427536704,0.06337697890513677,0.45846379501177686,0.376230650473013,0.05854091738399162,6.490610395924408e-07,0.17312547357820407,True,2.3321717799863433,184.57167300647208,47.944899427536704,0.06337697890513677,0.45846379501177686,0.376230650473013,0.05854091738399162,6.490610395924408e-07,0.1851170649295706,0.9
logistic_mid0.79_baseline_rho00.75,logistic,0.75,0.79,-0.040000000000000036,baseline,0.015,0.88,True,True,True,-4.584381995207316,9.154166656444382,126.75,9.1875,96.0,96.0,True,111.8947219714745,277.91553171229873,61.905596703169564,0.11535668840130237,0.23924585192604295,0.3405607434813933,0.24766454175663138,0.17273511691917598,0.04557324214963637,True,2.68315850120784,290.65624131000203,51.225971345379065,0.07755833364321857,0.4041448384048277,0.4267456929573168,0.24766880482348572,0.0022292751936316287,0.054586317492140886,True,5.774876157512736,254.7183009510518,51.098559847324594,0.07728264076736653,0.40726826301334745,0.3869946541213664,0.2476642782216373,6.495720945770385e-07,0.055571040916162696,True,17.829725244564386,231.40096317752895,51.0959983380261,0.07727921697824186,0.4073361347495341,0.35893040059257764,0.24766380575729732,8.315107190659123e-07,0.06449610211725967,0.9
logistic_mid0.79_baseline_rho00.75,logistic,0.75,0.79,-0.040000000000000036,baseline,0.015,0.9,True,True,True,4.954590587272289,11.210508773730307,126.75,9.1875,96.0,96.0,True,117.6316823268816,496.22986687684863,64.41776648946839,0.13315754697783036,0.21969156013626376,0.44796826381742416,0.5000000005213364,0.17273511692383137,0.027336423217341446,True,5.3844962189453085,471.6437086013345,53.98308271627526,0.09097319535774433,0.3636801959779507,0.5096534708385411,0.49999999795617694,0.0022292751938434523,0.032665422929037964,True,16.466363131430214,413.49543911730433,53.85904711723511,0.09066266145546928,0.3665034736191879,0.46578927094083594,0.5000000000338786,6.496795706602978e-07,0.03262428309297452,True,72.28409004891249,367.14049663608426,53.8559456448569,0.09065793096476917,0.3665810256495356,0.42692084890095056,0.49999999999979944,8.7802384258302e-07,0.0329797339064251,0.9
logistic_mid0.79_baseline_rho00.75,logistic,0.75,0.79,-0.040000000000000036,baseline,0.015,0.92,True,False,False,nan,nan,126.75,9.1875,96.0,96.0,False,nan,nan,nan,nan,nan,nan,nan,nan,nan,False,nan,nan,nan,nan,nan,nan,nan,nan,nan,True,82.78225581903732,857.6159110151268,57.430138244265045,0.10984146791368447,0.3194718934610721,0.6212513574085591,0.7523361985133163,6.498315181096316e-07,0.023780527759879738,False,nan,nan,nan,nan,nan,nan,nan,nan,nan,0.9
logistic_mid0.79_baseline_rho00.80,logistic,0.8,0.79,0.010000000000000009,baseline,0.015,0.85,True,True,True,-15.884361199385573,0.0,126.75,9.1875,96.0,96.0,True,104.99753941625565,170.09841912685974,49.33915878667325,0.059908021984175476,0.4060327653662366,0.3376086098624691,0.05853724448835253,0.05770665031452989,0.15547354064821656,True,1.5938259979195593,197.1174664154149,45.11136086590972,0.051910730934423846,0.5081208569448503,0.41326623890300684,0.05855357870322023,0.0006459231963595795,0.12555422745392175,True,1.5862902188599735,178.1568469897724,45.0658691954656,0.05183830839916941,0.5093925161110456,0.382765469000803,0.05854277597589874,5.2607548733966594e-08,0.15930185998201815,True,1.5862902188599735,178.1568469897724,45.0658691954656,0.05183830839916941,0.5093925161110456,0.382765469000803,0.05854277597589874,5.2607548733966594e-08,0.17718697438892347,nan
logistic_mid0.79_baseline_rho00.80,logistic,0.8,0.79,0.010000000000000009,baseline,0.015,0.88,True,True,True,-12.03991011363617,9.373910564706172,126.75,9.1875,96.0,96.0,True,110.83425671194013,252.666568438726,52.22688509933349,0.07280481905940855,0.3627310788412584,0.37003242327038016,0.2476650848401373,0.057706659742514,0.04506261831624149,True,2.4847031416430907,283.0873961659576,47.99170635154356,0.06346257062665252,0.4572259737668903,0.43917848826825573,0.24767036453308544,0.0006459231975779038,0.05414897316199884,True,5.013709742568906,248.33060501340321,47.943901125476586,0.06337572952017032,0.4584914775545265,0.3983182663926853,0.24766531559854993,5.320184149616069e-08,0.05539250454051281,True,16.994323961262086,225.05231619465306,47.941766807234984,0.063373251753011,0.45855130134450517,0.36899054587217983,0.2476638550285216,2.659348346215185e-07,0.06383142890088918,nan
logistic_mid0.79_baseline_rho00.80,logistic,0.8,0.79,0.010000000000000009,baseline,0.015,0.9,True,True,True,-1.113471854873037,11.300486112252264,126.75,9.1875,96.0,96.0,True,117.05986434981195,453.69787794923786,54.711583754292235,0.08516534599215685,0.3295851255464652,0.48260968856628805,0.4999999993039878,0.05770665976064926,0.027220402217631712,True,5.147170272654629,458.74967612635885,50.54791832449341,0.07464098552364196,0.41543502265350013,0.5239677159188094,0.4999999988160424,0.0006459231978327244,0.0328838223265148,True,15.501915444895968,402.3907083930763,50.499035464540405,0.07454082557581528,0.4166600920422939,0.47898760571038623,0.499999999984649,5.3329594786622205e-08,0.03282912663279252,True,70.16917809540746,356.9186022741232,50.49636635095764,0.0745373727944128,0.41673167579584286,0.43917743152401223,0.5000000000002773,3.211673279235043e-07,0.033147865419375616,nan
logistic_mid0.79_baseline_rho00.80,logistic,0.8,0.79,0.010000000000000009,baseline,0.015,0.92,True,False,False,nan,nan,126.75,9.1875,96.0,96.0,False,nan,nan,nan,nan,nan,nan,nan,nan,nan,False,nan,nan,nan,nan,nan,nan,nan,nan,nan,True,80.8241835868932,830.549530122553,53.85495875177427,0.09065633511115889,0.3666054299888908,0.6349005154921845,0.7523361981959332,5.351766412139683e-08,0.023940040397624873,False,nan,nan,nan,nan,nan,nan,nan,nan,nan,nan
logistic_mid0.79_baseline_rho00.85,logistic,0.85,0.79,0.05999999999999994,baseline,0.015,0.85,False,False,False,nan,nan,126.75,9.1875,96.0,96.0,True,0.35,150.0,41.77656829608782,0.039886876899733775,0.5724048605840236,0.35191318607217215,0.058536902874367754,8.174331522419075e-12,1.0955463316243507e-87,True,0.6216666666666534,150.0000000000004,41.77686350562107,0.039887269990693135,0.5723960913421027,0.3519109422161555,0.058536902874367754,3.2631229451030118e-06,0.1823410630854919,True,0.0,150.0,41.77656829534832,0.03988687689874908,0.5724048606059915,0.3519131860777932,0.058536902874367754,0.0,0.06586055591037968,True,0.0,150.0,41.77656829534832,0.03988687689874908,0.5724048606059915,0.3519131860777932,0.058536902874367754,0.0,0.14105096429952166,nan
logistic_mid0.79_baseline_rho00.85,logistic,0.85,0.79,0.05999999999999994,baseline,0.015,0.88,True,True,True,-20.13686722998654,10.622424811659194,126.75,9.1875,96.0,96.0,True,109.04090341354765,226.0164348963607,44.49556450012404,0.049212644233080735,0.5179587920029289,0.3901413075260169,0.24766427232204477,0.002249308327582772,0.04157265833739036,True,2.1656206765281443,271.5290643093898,44.28714572068954,0.04889304017185623,0.5238408046769011,0.4498198362998211,0.24766865112190892,2.2692896719873146e-05,0.049957745190531797,True,3.791040063673398,238.5508517188749,44.28466871982186,0.048889405778197545,0.5239114290251585,0.408432027273203,0.24766473003479536,7.68572817546504e-10,0.0516701606019873,True,17.92781027768988,213.2109668574648,44.283176201214076,0.04888795059906549,0.5239557778217626,0.374518665664429,0.24766386354769482,3.0190988491506535e-07,0.05502383835708081,nan
logistic_mid0.79_baseline_rho00.85,logistic,0.85,0.79,0.05999999999999994,baseline,0.015,0.9,True,True,True,-6.9460344092787905,11.458270526236422,126.75,9.1875,96.0,96.0,True,116.37500653992151,415.13984597757553,46.76019017712211,0.05802042305365751,0.4769738244920405,0.5149312332620556,0.5000000000003783,0.0022493084223399406,0.02693591405642107,True,4.806405811251913,443.9756025258049,46.54976356970365,0.057656939265981554,0.48265642208664045,0.5407871860570562,0.4999999978666706,2.2692897031366104e-05,0.03308723361272343,True,14.13054358060425,389.4328186353164,46.545865377134746,0.05765135071424232,0.4827650703695498,0.4947544462490371,0.5000000000228109,9.234152068080851e-10,0.03301948114907255,True,70.57522685379465,344.8105527581342,46.543890181579165,0.05764923184879168,0.48282181382085315,0.45366273996564493,0.5000000000000071,3.6915012362579193e-07,0.033169726205697206,nan
logistic_mid0.79_baseline_rho00.85,logistic,0.85,0.79,0.05999999999999994,baseline,0.015,0.92,True,False,False,nan,nan,126.75,9.1875,96.0,96.0,False,nan,nan,nan,nan,nan,nan,nan,nan,nan,False,nan,nan,nan,nan,nan,nan,nan,nan,nan,True,78.34105830917547,798.7125415794432,49.568885121473905,0.07038851978979636,0.4315798565743331,0.6516959491660146,0.7523361980437856,1.1624235457403153e-09,0.024168800761924375,False,nan,nan,nan,nan,nan,nan,nan,nan,nan,nan
logistic_mid0.79_broad_rho00.65,logistic,0.65,0.79,-0.14,broad,0.03,0.85,True,True,True,-10.730613456780597,0.0,126.75,9.1875,96.0,96.0,True,108.80155746054594,195.41694966861533,63.5006733523577,0.12638947890992017,0.2264611336868972,0.29970309168189735,0.05854106412769875,0.2424529235392489,0.1378358007205403,True,2.069847725178264,216.38638716658593,52.92116150896601,0.08566751790778868,0.3788213372183798,0.3939293648858921,0.05855467098668722,0.003132498704376165,0.15726061679660247,True,3.3356945027258385,191.84396520723712,52.798624879918215,0.08537419916480524,0.3816872051342913,0.35949370110942264,0.058542428822562775,1.546870575060202e-06,0.176203064204856,True,3.3356945027258385,191.84396520723712,52.798624879918215,0.08537419916480524,0.3816872051342913,0.35949370110942264,0.058542428822562775,1.546870575060202e-06,0.19344585693946037,0.9
logistic_mid0.79_broad_rho00.65,logistic,0.65,0.79,-0.14,broad,0.03,0.88,True,True,True,-4.091597307600595,8.998617197408883,126.75,9.1875,96.0,96.0,True,112.63230577688707,290.2898092911785,66.63703152078779,0.1502059893449069,0.2042848621374468,0.33133382750186596,0.24766530583786225,0.24245294859585262,0.04635261709118383,True,2.964823721440069,302.1672993123753,56.42851179982421,0.10390956867257216,0.3309896693145714,0.40695438218359276,0.24767339909743005,0.0031324987876322013,0.054470510600010257,True,6.876210141584394,264.83681118654175,56.311665194030645,0.103571662090144,0.33344382471176953,0.36835455267824485,0.2476643106544643,1.589417988885898e-06,0.055124707002428656,True,19.789707070195405,241.0051603500403,56.31054391602778,0.10357404079632837,0.33348509591046643,0.3417074080630504,0.24766383534119712,1.811344375737755e-05,0.06382127618902199,0.9
logistic_mid0.79_broad_rho00.65,logistic,0.65,0.79,-0.14,broad,0.03,0.9,True,True,True,4.507198726326036,11.071657939480925,126.75,9.1875,96.0,96.0,True,117.98722701738394,515.2364093853088,69.27583946745521,0.17229007518004125,0.18805375176779593,0.43535071463110797,0.5000000006307399,0.24245294978286766,0.027467507775331603,True,5.734263501000744,492.01368050392614,59.42712856353426,0.12126552054976704,0.29510831557575495,0.4882153066375711,0.500000001913199,0.0031324989064755626,0.03238813336202078,True,17.945310713576767,431.6696198606216,59.31761846547806,0.12089034002452911,0.29716112909113773,0.44536071988784953,0.4999999999719391,1.6505076725550912e-06,0.032364729574207225,True,78.62233837226837,383.87663612099595,59.32045708465823,0.12091216820784517,0.2971488188076969,0.4079474057067215,0.5000000000001936,4.476103270476318e-05,0.032749879051215805,0.9
logistic_mid0.79_broad_rho00.65,logistic,0.65,0.79,-0.14,broad,0.03,0.92,True,False,False,nan,nan,126.75,9.1875,96.0,96.0,False,nan,nan,nan,nan,nan,nan,nan,nan,nan,False,nan,nan,nan,nan,nan,nan,nan,nan,nan,True,86.32343728084311,900.6492997909605,63.12711664949337,0.14540515254912315,0.2576360907338915,0.6006256094335007,0.7523361982125197,2.012403142848988e-06,0.023586960309997913,False,nan,nan,nan,nan,nan,nan,nan,nan,nan,0.9
logistic_mid0.79_broad_rho00.70,logistic,0.7,0.79,-0.09000000000000008,broad,0.03,0.85,True,True,True,-11.03725946366295,0.0,126.75,9.1875,96.0,96.0,True,108.17871113960865,191.02220638437296,61.246044692608166,0.11111490144960437,0.24495253417986596,0.3036253394776361,0.058542046392136345,0.20542661792472258,0.13786554162988243,True,1.9488196318148223,212.10582293622994,50.62700828814585,0.07480839140063505,0.41347488636792656,0.4016893707507789,0.05855437897677407,0.002643876465257583,0.1536348431222966,True,2.88652179043244,188.65532462086975,50.502624524426984,0.07454569535971659,0.4165645792392829,0.36774272622539755,0.05854148332867973,1.1488620404307837e-06,0.17623571237019164,True,2.88652179043244,188.65532462086975,50.502624524426984,0.07454569535971659,0.4165645792392829,0.36774272622539755,0.05854148332867973,1.1488620404307837e-06,0.19020122952369442,0.9
logistic_mid0.79_broad_rho00.70,logistic,0.7,0.79,-0.09000000000000008,broad,0.03,0.88,True,True,True,-4.317560567430146,9.057041060394454,126.75,9.1875,96.0,96.0,True,112.31298746732386,284.5145546665577,64.31329601648336,0.13253778855866266,0.2205788764687238,0.33606815251263517,0.24766551080260793,0.20542665953044864,0.04608148865191056,True,2.837126746629041,296.79864288744045,53.983121927847364,0.09097205121492184,0.3636765496832785,0.41616693344291156,0.2476730191812973,0.0026438765601356864,0.054578087625478895,True,6.378066404028097,260.1106641292905,53.86197108362546,0.0906672140649877,0.3664306647299022,0.3770139242744796,0.24766432361273988,1.1971176584374354e-06,0.05537257147192935,True,19.054930557722273,236.55233447663596,53.86130862469229,0.09067013594344715,0.3664617919647449,0.3497414816784456,0.24766386120887646,1.9918838994885368e-05,0.06423844003231405,0.9
logistic_mid0.79_broad_rho00.70,logistic,0.7,0.79,-0.09000000000000008,broad,0.03,0.9,True,True,True,4.660457846299074,11.13316667502778,126.75,9.1875,96.0,96.0,True,117.82594202316201,506.0814207281175,66.89438191914961,0.15251231553751243,0.20280747269114666,0.441534348744439,0.500000000084336,0.20542666116366257,0.027418870252079928,True,5.574322876643694,482.4957094471321,56.88166154504022,0.10643322457134093,0.3252995377502121,0.4980511936783797,0.4999999986110548,0.0026438766980099904,0.03250494483254695,True,17.279088096280052,423.1791223027194,56.766225048955306,0.10609264543665639,0.32769024207231234,0.4547220361905407,0.5000000000193083,1.2678235125177513e-06,0.032472875893093056,True,76.90926687161345,376.065885282838,56.76993093569874,0.10611427559676408,0.3276548496884924,0.4166154186973213,0.5000000000000353,5.0721118900423135e-05,0.03284382195423638,0.9
logistic_mid0.79_broad_rho00.70,logistic,0.7,0.79,-0.09000000000000008,broad,0.03,0.92,True,False,False,nan,nan,126.75,9.1875,96.0,96.0,False,nan,nan,nan,nan,nan,nan,nan,nan,nan,False,nan,nan,nan,nan,nan,nan,nan,nan,nan,True,84.92877527531728,880.7427799725903,60.47883553808457,0.12805949971423924,0.284391857788946,0.6100140589803803,0.7523361984873631,1.6958104411813917e-06,0.023668525146617995,False,nan,nan,nan,nan,nan,nan,nan,nan,nan,0.9
logistic_mid0.79_broad_rho00.75,logistic,0.75,0.79,-0.040000000000000036,broad,0.03,0.85,True,True,True,-12.324244834779536,0.0,126.75,9.1875,96.0,96.0,True,107.18409248848712,183.79610359190698,57.33374765065453,0.08955957962679698,0.2847770619335989,0.3123956663685248,0.058540127066313306,0.15026810285230896,0.13962332831641996,True,1.7987047742064504,206.44758539535863,48.05225397263639,0.063575044918211,0.45563501420857966,0.4092306038104933,0.058555504470743605,0.0018750380545932632,0.14578155108483073,True,2.333507543084642,184.57175360859802,47.944901115361624,0.06337698720810671,0.45846377782660963,0.3762307529699878,0.05854104355669935,6.268770659478994e-07,0.17312583910633486,True,2.333507543084642,184.57175360859802,47.944901115361624,0.06337698720810671,0.45846377782660963,0.3762307529699878,0.05854104355669935,6.268770659478994e-07,0.18555512655959439,0.9
logistic_mid0.79_broad_rho00.75,logistic,0.75,0.79,-0.040000000000000036,broad,0.03,0.88,True,True,True,-5.8724233539660124,9.152465549059238,126.75,9.1875,96.0,96.0,True,111.82440115464284,274.47714012008896,60.32568786234787,0.10751942275015608,0.2553261810802195,0.34565839837717094,0.24766574004085795,0.1502681996198471,0.04568770628257346,True,2.682817928115671,290.5955997977991,51.20601504554008,0.07751469128751352,0.40463097147628885,0.4268582100706621,0.24766763299424188,0.0018750381642231044,0.05458961272013202,True,5.780352310934779,254.71834726500487,51.098561230627276,0.0772826449027499,0.4072682457547348,0.38699486799754196,0.2476638381593873,6.821998621021927e-07,0.05557142476842305,True,18.246846785292675,231.40533828444222,51.09847152686902,0.07728595732874287,0.40728396790088,0.35891805144818667,0.24766385745318428,2.2142727787313734e-05,0.0644932883174411,0.9
logistic_mid0.79_broad_rho00.75,logistic,0.75,0.79,-0.040000000000000036,broad,0.03,0.9,True,True,True,3.726670751641653,11.204917121169107,126.75,9.1875,96.0,96.0,True,117.5726083571359,489.7920408454385,62.8480012183982,0.12442232027223127,0.23392356492849545,0.4534569505972247,0.499999999802367,0.15026820241723737,0.02735303604338851,True,5.384099229462698,471.5391041153828,53.96399119945544,0.09092456576733894,0.36411086396980336,0.5097625222134673,0.4999999979504541,0.0018750383269719327,0.03266598066892837,True,16.49428754100461,413.49577400135826,53.859061958464416,0.09066272050370112,0.36650324031237824,0.46578943038563325,0.4999999999687665,7.652486513990171e-07,0.03262441603124819,True,75.02658817579515,367.16391522496934,53.863877989653425,0.09068361243649294,0.3664325269179405,0.4268796093907367,0.5000000000001272,5.826866382783439e-05,0.03297547177026881,0.9
logistic_mid0.79_broad_rho00.75,logistic,0.75,0.79,-0.040000000000000036,broad,0.03,0.92,True,False,False,nan,nan,126.75,9.1875,96.0,96.0,False,nan,nan,nan,nan,nan,nan,nan,nan,nan,False,nan,nan,nan,nan,nan,nan,nan,nan,nan,True,83.31835188239451,857.6169535664076,57.4302568776538,0.10984196530584478,0.3194701096078744,0.6212508290391862,0.7523361979029664,1.2836671403366002e-06,0.02378051952605444,False,nan,nan,nan,nan,nan,nan,nan,nan,nan,0.9
logistic_mid0.79_broad_rho00.80,logistic,0.8,0.79,0.010000000000000009,broad,0.03,0.85,True,True,True,-15.137186409216648,0.0,126.75,9.1875,96.0,96.0,True,105.20275455323355,171.21889147887134,50.33536631723725,0.062243188982128494,0.3862077390067752,0.33278496273213326,0.058537297839141196,0.070441946202068,0.15041430316548063,True,1.5940155313103308,197.13661424982246,45.12253361599653,0.051928440127085286,0.5078087965522867,0.4132001737957091,0.05855403900865154,0.000802663812372362,0.1255465058263158,True,1.5880164415362565,178.1569729973618,45.06588072423256,0.05183833085071589,0.5093922138319082,0.38276556115699706,0.05854294942538726,1.890121273388069e-07,0.15930228468105462,True,1.5880164415362565,178.1569729973618,45.06588072423256,0.05183833085071589,0.5093922138319082,0.38276556115699706,0.05854294942538726,1.890121273388069e-07,0.1778384226961823,nan
logistic_mid0.79_broad_rho00.80,logistic,0.8,0.79,0.010000000000000009,broad,0.03,0.88,True,True,True,-10.838099051009692,9.372141857059646,126.75,9.1875,96.0,96.0,True,110.94859348725302,255.43524823137943,53.221965290999236,0.07552919746501127,0.3449318116271829,0.36626855907864,0.24766396831064105,0.07044245687589032,0.0450094507785723,True,2.4850062971378946,283.1195734458888,48.00297438601807,0.06348327650164311,0.45692876944672767,0.43911349349868156,0.24766977977001176,0.0008026639417892443,0.0541468448048694,True,5.019857122797745,248.33085227297798,47.94391426738662,0.06337575554027287,0.4584911438958705,0.39831855815553313,0.24766506970465582,2.5345544185202285e-07,0.0553929854338434,True,17.438029705174596,225.05693252310925,47.944539622575014,0.06337923890501677,0.45848427328070834,0.3689754649018018,0.2476638263104737,2.533722445565032e-05,0.06382757232012409,nan
logistic_mid0.79_broad_rho00.80,logistic,0.8,0.79,0.010000000000000009,broad,0.03,0.9,True,True,True,-0.05334434237596049,11.293862333164816,126.75,9.1875,96.0,96.0,True,117.12404998417087,458.56399003772515,55.69263479300629,0.0882333422904448,0.3137432382620632,0.4784153830424389,0.49999999992986344,0.07044246471238082,0.027233470670873436,True,5.147952935728532,458.80860798258374,50.55901703041575,0.07466434715593208,0.41515889022507135,0.5239028247989894,0.4999999990962565,0.0008026641376360791,0.03288320283635078,True,15.53229718383906,402.39094638542474,50.499061963650206,0.07454089434642856,0.4166595043765139,0.4789876588934287,0.5000000000022025,3.525020749390318e-07,0.03282926439942207,True,73.11215269093186,356.9454668595358,50.50532102807448,0.074560394629338,0.4165355011945692,0.43912764352799266,0.5000000000001067,6.836333869763183e-05,0.03314261594827277,nan
logistic_mid0.79_broad_rho00.80,logistic,0.8,0.79,0.010000000000000009,broad,0.03,0.92,True,False,False,nan,nan,126.75,9.1875,96.0,96.0,False,nan,nan,nan,nan,nan,nan,nan,nan,nan,False,nan,nan,nan,nan,nan,nan,nan,nan,nan,True,81.4198630222165,830.5508562091368,53.85510649781651,0.09065682040874257,0.36660267953608244,0.634899785250084,0.7523361978253341,9.970882688875753e-07,0.023940023090731226,False,nan,nan,nan,nan,nan,nan,nan,nan,nan,nan
logistic_mid0.79_broad_rho00.85,logistic,0.85,0.79,0.05999999999999994,broad,0.03,0.85,False,False,False,nan,nan,126.75,9.1875,96.0,96.0,True,0.75,150.0,41.776568306682954,0.03988687691384174,0.572404860269291,0.35191318599163934,0.058536902874367754,1.25288565762336e-10,3.1237907199198667e-86,True,0.3616666666666653,150.0,41.776588756827344,0.03988690414426885,0.5724042527897562,0.3519130305515782,0.058536902874367754,2.261728449799283e-07,4.27381121132225e-05,True,0.0,150.0,41.77656829534832,0.03988687689874908,0.5724048606059915,0.3519131860777932,0.058536902874367754,0.0,0.06586055591037968,True,0.0,150.0,41.77656829534832,0.03988687689874908,0.5724048606059915,0.3519131860777932,0.058536902874367754,0.0,0.1410509642995217,nan
logistic_mid0.79_broad_rho00.85,logistic,0.85,0.79,0.05999999999999994,broad,0.03,0.88,True,True,True,-17.940392314917027,10.619741968811436,126.75,9.1875,96.0,96.0,True,109.3126901603361,230.26245955744054,45.865159384878886,0.05144383573969302,0.48128106044196023,0.3846543733236994,0.24766444616414274,0.016532505553419098,0.04151244889394454,True,2.1661250871349305,271.5724481560225,44.30125573016872,0.04891445546113292,0.5234398521169136,0.44974462819084937,0.24766929410740382,0.0001724067418084593,0.049960430499830476,True,3.7958904143381456,238.55079427233957,44.284672918085775,0.048889407670765765,0.5239112906976242,0.408432117442988,0.24766425638310252,8.144197709532823e-08,0.0516704695572255,True,18.426081813117726,213.2173154560669,44.286661698576154,0.048893518496917296,0.5238588942385709,0.3744997814643945,0.24766386032271756,3.341848283260244e-05,0.05502055540348825,nan
logistic_mid0.79_broad_rho00.85,logistic,0.85,0.79,0.05999999999999994,broad,0.03,0.9,True,True,True,-5.080692396503717,11.450002151199344,126.75,9.1875,96.0,96.0,True,116.4910481632939,422.5782523240541,48.14723699183023,0.06056487364545189,0.4416389933396946,0.5079717605139892,0.5000000005658655,0.01653254022772421,0.026951272362102395,True,4.807420193760291,444.04815345916063,46.56409568735925,0.05768136889719641,0.4822662038687461,0.540703039401825,0.49999999776373666,0.00017240698191399285,0.03308620194500618,True,14.161739634550242,389.43315440108563,46.5458865674192,0.05765139336341829,0.4827645317653227,0.49475457120622585,0.4999999999620612,2.0182283487679755e-07,0.03301962928050532,True,73.77408347860735,344.84304984467786,46.55452221269734,0.05766942656027523,0.48254758572355755,0.4536001667286212,0.4999999999999766,8.583544034171145e-05,0.0331632569027746,nan
logistic_mid0.79_broad_rho00.85,logistic,0.85,0.79,0.05999999999999994,broad,0.03,0.92,True,False,False,nan,nan,126.75,9.1875,96.0,96.0,False,nan,nan,nan,nan,nan,nan,nan,nan,nan,False,nan,nan,nan,nan,nan,nan,nan,nan,nan,True,79.00693752021816,798.7139964474947,49.56905136482161,0.07038892796513369,0.4315761051033758,0.651695053325218,0.7523361981660315,1.0259579554572913e-06,0.02416876970165458,False,nan,nan,nan,nan,nan,nan,nan,nan,nan,nan
logistic_mid0.82_narrow_rho00.65,logistic,0.65,0.82,-0.16999999999999993,narrow,0.0075,0.85,True,True,True,-10.637136050020546,0.0,126.75,9.1875,96.0,96.0,True,108.82670090133321,195.58379661820243,63.602708723925105,0.12697106326850183,0.22555487261318274,0.2994395569231984,0.05854333764814827,0.2444115880286907,0.1376917917693447,True,2.0698950956886386,216.3883111562761,52.92236271461895,0.085670404128649,0.3787934156422283,0.3939218463014439,0.058554715085978336,0.003163087739012616,0.15725790625681663,True,3.3382377198644404,191.843968924472,52.79869870422308,0.08537440194184798,0.3816856495671805,0.3594931732688133,0.05854233112780651,2.619146800429136e-06,0.17620240113377525,True,3.3382377198644404,191.843968924472,52.79869870422308,0.08537440194184798,0.3816856495671805,0.3594931732688133,0.05854233112780651,2.619146800429136e-06,0.19306570248623517,0.9
logistic_mid0.82_narrow_rho00.65,logistic,0.65,0.82,-0.16999999999999993,narrow,0.0075,0.88,True,True,True,-3.9996523933282755,8.999986679402392,126.75,9.1875,96.0,96.0,True,112.64461226889529,290.54974632247746,66.73824442635099,0.15086564914236003,0.20350051142522269,0.33108470637176146,0.24766429895033953,0.24441158821268463,0.04635924276823981,True,2.9648345591335845,302.17072620507366,56.429625026251195,0.10391283572894967,0.33096653484632854,0.4069484040734228,0.2476733569047668,0.003163087739345384,0.054470394210740465,True,6.874873585449332,264.83692168980036,56.311737955672946,0.10357190083242615,0.3334424538926463,0.3683539994201407,0.2476646686643969,2.6193108248104762e-06,0.055124337984648185,True,19.398802957225808,241.001634015579,56.308538216006994,0.10356630904809395,0.3335176039608508,0.3417160911648318,0.2476638535207213,2.6683274046329384e-06,0.06382301545569197,0.9
logistic_mid0.82_narrow_rho00.65,logistic,0.65,0.82,-0.16999999999999993,narrow,0.0075,0.9,True,True,True,4.584480933434936,11.075839326326392,126.75,9.1875,96.0,96.0,True,117.99331306493615,515.6596245098823,69.37597756975077,0.17301589034975956,0.18735785189370635,0.4350515142185956,0.5000000005806009,0.24441158821270986,0.027469696601176038,True,5.734059503297868,492.01930734280455,59.42814937818209,0.1212691048570313,0.2950894896168856,0.48820987544848116,0.5000000019155392,0.003163087739346478,0.03238814103900815,True,17.92390113959727,431.6696186911116,59.31767689541027,0.12089054526279239,0.2971600944338065,0.4453602387652027,0.5000000000314077,2.619311371248633e-06,0.032364615459469434,True,76.13100309044646,383.8585853043183,59.314023111062276,0.12088305241300289,0.2972387037036851,0.4079767104187348,0.5000000000001015,2.668561179610758e-06,0.032752819475173604,0.9
logistic_mid0.82_narrow_rho00.65,logistic,0.65,0.82,-0.16999999999999993,narrow,0.0075,0.92,True,False,False,nan,nan,126.75,9.1875,96.0,96.0,False,nan,nan,nan,nan,nan,nan,nan,nan,nan,False,nan,nan,nan,nan,nan,nan,nan,nan,nan,True,85.87143397308637,900.6491576354038,63.12708924478663,0.1454049284355675,0.2576361896239183,0.6006256653003503,0.7523361979001195,2.619311411564884e-06,0.023586958886597113,False,nan,nan,nan,nan,nan,nan,nan,nan,nan,0.9
logistic_mid0.82_narrow_rho00.70,logistic,0.7,0.82,-0.12,narrow,0.0075,0.85,True,True,True,-10.663143906130674,0.0,126.75,9.1875,96.0,96.0,True,108.24053007165489,191.67723209383112,61.763546620482344,0.11380335260556447,0.23990166765602522,0.30198649984428755,0.05854019724657819,0.2139936662385454,0.13710834286808393,True,1.948932474089256,212.11605118728443,50.63346637427868,0.07482207869070395,0.4133153498047965,0.40164852213662544,0.05855460300012977,0.002780540875483716,0.15362106415164897,True,2.8891305463862413,188.6553281801686,50.50270327017898,0.07454587854998414,0.41656274527955733,0.367742137652647,0.05854137082495524,2.3047085110284143e-06,0.17623498329343124,True,2.8891305463862413,188.6553281801686,50.50270327017898,0.07454587854998414,0.41656274527955733,0.367742137652647,0.05854137082495524,2.3047085110284143e-06,0.18979478255855894,0.9
logistic_mid0.82_narrow_rho00.70,logistic,0.7,0.82,-0.12,narrow,0.0075,0.88,True,True,True,-3.897545874278437,9.058584651908037,126.75,9.1875,96.0,96.0,True,112.34909316061668,285.6826332052712,64.82836271935321,0.13560741165773862,0.2162063657002589,0.3345978050180232,0.24766396262677115,0.21399366653918733,0.046069021684774406,True,2.8372348979280697,296.81724488929325,53.989259688168474,0.09098769509907415,0.3635382572561832,0.41613285585760695,0.24767278437789647,0.0027805408758610315,0.05457715759304538,True,6.37657041998355,260.1107864561728,53.86204901374583,0.09066743140438699,0.3664290156850478,0.3770133056403652,0.24766471279254765,2.3048934602154354e-06,0.055372167081651026,True,18.643115623337096,236.54843067629662,53.85912464625267,0.09066292200527559,0.3665019787989496,0.3497515647619082,0.2476638347552755,2.3598619255811916e-06,0.06424054347266253,0.9
logistic_mid0.82_narrow_rho00.70,logistic,0.7,0.82,-0.12,narrow,0.0075,0.9,True,True,True,5.0447793705296915,11.138015978511806,126.75,9.1875,96.0,96.0,True,117.8492763108637,508.16323011708005,67.40549216534849,0.15590864806328458,0.19892327166162918,0.43989437628383865,0.500000000125454,0.21399366653922125,0.027418649749614978,True,5.574282588560781,482.52751631551627,56.887395414693415,0.1064505158803843,0.32518236153409386,0.49801949945520435,0.49999999869217693,0.0027805408758622926,0.032504923975432164,True,17.25610269814663,423.1792892964133,56.766288153872466,0.10609283382760379,0.3276889710231997,0.4547215434439537,0.499999999985872,2.3048940892210898e-06,0.032472756940657446,True,74.25682086962037,376.0455124368261,56.76285466268984,0.10608670597815265,0.3277686677846983,0.41664979633997956,0.49999999999991185,2.360130685305546e-06,0.032847323327319156,0.9
logistic_mid0.82_narrow_rho00.70,logistic,0.7,0.82,-0.12,narrow,0.0075,0.92,True,False,False,nan,nan,126.75,9.1875,96.0,96.0,False,nan,nan,nan,nan,nan,nan,nan,nan,nan,False,nan,nan,nan,nan,nan,nan,nan,nan,nan,True,84.43679821510888,880.7426099788389,60.47880192122699,0.12805926238519744,0.2843920267851252,0.6100141457552342,0.7523361987110274,2.3048941365805505e-06,0.023668526994024386,False,nan,nan,nan,nan,nan,nan,nan,nan,nan,0.9
logistic_mid0.82_narrow_rho00.75,logistic,0.75,0.82,-0.06999999999999995,narrow,0.0075,0.85,True,True,True,-10.763397859974164,0.0,126.75,9.1875,96.0,96.0,True,107.38713222607439,186.42787086759895,59.657395218429926,0.09984572152844155,0.2581998762438851,0.3040765236112256,0.05853985966595992,0.18287424380289435,0.13530280383595383,True,1.7990885494394424,206.4938443309575,48.08188518821482,0.06362982625589804,0.4548578508337179,0.40904352927212273,0.058555008491725465,0.0023897513204630353,0.14572768708715653,True,2.3359612702762784,184.57175153511102,47.94497827618408,0.06337713568968427,0.4584617984340362,0.376230147332962,0.05854092012849405,1.7440667008652387e-06,0.17312510507081638,True,2.3359612702762784,184.57175153511102,47.94497827618408,0.06337713568968427,0.4584617984340362,0.376230147332962,0.05854092012849405,1.7440667008652387e-06,0.18512553834288847,0.9
logistic_mid0.82_narrow_rho00.75,logistic,0.75,0.82,-0.06999999999999995,narrow,0.0075,0.88,True,True,True,-3.938487460982432,9.154198535034311,126.75,9.1875,96.0,96.0,True,111.95935798775497,279.6689496803425,62.64430076843441,0.11935725212870078,0.23232206653398071,0.3384453234241585,0.24766499975487613,0.18287424440261585,0.045564882720169106,True,2.683386251494997,290.68367619576406,51.23501327195109,0.07757813131335906,0.4039248785229836,0.42669472954568705,0.2476693037040557,0.002389751320896606,0.05458481693685535,True,5.778453844685138,254.71849600327585,51.098638309153976,0.0772828239756859,0.40726642269591096,0.38699423538191,0.24766430111176935,1.7442774623453065e-06,0.05557099736910017,True,17.81164727602632,231.40105917368254,51.09606409641909,0.07727936549856428,0.40733456198073437,0.35892998391856334,0.24766386651455355,1.8067752330351202e-06,0.06449593652225977,0.9
logistic_mid0.82_narrow_rho00.75,logistic,0.75,0.82,-0.06999999999999995,narrow,0.0075,0.9,True,True,True,5.530321208698311,11.210531258219993,126.75,9.1875,96.0,96.0,True,117.67041737275338,499.30422457360015,65.1536354658491,0.13761145051946627,0.21353262740291792,0.44556277468799027,0.4999999996257888,0.18287424440266506,0.02733975383709774,True,5.384860338791743,471.6910971460797,53.99173310677447,0.09099525659063108,0.36348536770841583,0.5096041129271878,0.49999999799406786,0.002389751320898082,0.03266517898149693,True,16.469224623427476,413.49579196381313,53.859123158007755,0.09066286628547614,0.36650182370882556,0.46578886428346505,0.500000000032869,1.7442781957936218e-06,0.032624276178039036,True,72.19125105034206,367.14071695428555,53.856002180580035,0.0906580730592086,0.36657974473201094,0.42692053560951915,0.4999999999997462,1.8070882445814635e-06,0.03297971457802412,0.9
logistic_mid0.82_narrow_rho00.75,logistic,0.75,0.82,-0.06999999999999995,narrow,0.0075,0.92,True,False,False,nan,nan,126.75,9.1875,96.0,96.0,False,nan,nan,nan,nan,nan,nan,nan,nan,nan,False,nan,nan,nan,nan,nan,nan,nan,nan,nan,True,82.77703337627861,857.6166771449955,57.43020925821554,0.10984170044147763,0.31947053147940696,0.6212509941238785,0.7523361983165586,1.7442782525883652e-06,0.023780526244347705,False,nan,nan,nan,nan,nan,nan,nan,nan,nan,0.9
logistic_mid0.82_narrow_rho00.80,logistic,0.8,0.82,-0.019999999999999907,narrow,0.0075,0.85,True,True,True,-11.311450295237746,0.0,126.75,9.1875,96.0,96.0,True,105.76186395174783,177.21332188395138,56.416653366682326,0.08173295660802472,0.2919357559724227,0.3064032932881884,0.058538372750739774,0.14259541990577881,0.13099865209699152,True,1.594971584049845,197.25871870539422,45.197700696551074,0.052047961009006126,0.5057154222508362,0.4127461320298035,0.05855550019230515,0.001856516208349384,0.12547181214023426,True,1.5889062356435892,178.1568916890036,45.06591284957612,0.05183837895098638,0.5093913055352128,0.38276518695904593,0.05854278115218738,6.288242885389538e-07,0.15930167846103002,True,1.5889062356435892,178.1568916890036,45.06591284957612,0.05183837895098638,0.5093913055352128,0.38276518695904593,0.05854278115218738,6.288242885389538e-07,0.17720467904063433,0.9
logistic_mid0.82_narrow_rho00.80,logistic,0.8,0.82,-0.019999999999999907,narrow,0.0075,0.88,True,True,True,-5.002321112440693,9.373966656323336,126.75,9.1875,96.0,96.0,True,111.3304837192952,269.8370567961631,59.31195394961462,0.09819500154705507,0.26188419333598173,0.34467553456605105,0.24766532581275538,0.14259542205354608,0.044534141627257766,True,2.486359377705093,283.33517285746615,48.078777702372946,0.06362307176675282,0.45493624256823545,0.43867607924795926,0.24766606342786238,0.0018565162088602623,0.05413156611594142,True,5.016097637319395,248.33070184493332,47.943945448373285,0.0633758124175832,0.45849031733990564,0.39831800627642366,0.2476653246034705,6.290690209204687e-07,0.05539246413789121,True,16.973701698538452,225.05226465657555,47.94179649222818,0.06337330237473432,0.45855049303270834,0.36899023574906387,0.2476638455347102,7.024446636244788e-07,0.06383120140449501,0.9
logistic_mid0.82_narrow_rho00.80,logistic,0.8,0.82,-0.019999999999999907,narrow,0.0075,0.9,True,True,True,5.3563584850961306,11.300511869153862,126.75,9.1875,96.0,96.0,True,117.39573089209651,485.1924699444738,61.744555922475286,0.11370930359030322,0.240102294170611,0.4549789362928608,0.5000000005003062,0.14259542205363676,0.02720268848595226,True,5.150301281622744,459.2038219115555,50.633672330254065,0.07482205757105802,0.41330871758861365,0.5234667176622902,0.5000000004841043,0.0018565162088620118,0.03287885990339002,True,15.503525592549057,402.3909002544657,50.49907922286595,0.07454091886733155,0.41665901083219226,0.4789873539136426,0.49999999998122985,6.290698880733216e-07,0.03282911874571762,True,70.06827459656436,356.9186688108147,50.49638796757852,0.07453741016363312,0.41673108762425315,0.4391772808929327,0.5000000000002399,7.0281451128649e-07,0.03314784439715659,0.9
logistic_mid0.82_narrow_rho00.80,logistic,0.8,0.82,-0.019999999999999907,narrow,0.0075,0.92,True,False,False,nan,nan,126.75,9.1875,96.0,96.0,False,nan,nan,nan,nan,nan,nan,nan,nan,nan,False,nan,nan,nan,nan,nan,nan,nan,nan,nan,True,80.81680126394518,830.5499862830352,53.8550005219115,0.09065644203020673,0.3666044875853245,0.6349002881607367,0.7523361976069496,6.290699576976964e-07,0.023940038392907315,False,nan,nan,nan,nan,nan,nan,nan,nan,nan,0.9
logistic_mid0.82_narrow_rho00.85,logistic,0.85,0.82,0.030000000000000027,narrow,0.0075,0.85,False,False,False,nan,nan,126.75,9.1875,96.0,96.0,True,0.35,150.0,41.77656829608782,0.039886876899733775,0.5724048605840236,0.35191318607217215,0.058536902874367754,8.174331522419018e-12,1.095546331624358e-87,True,0.6216666666666534,150.0000000000004,41.77686350562107,0.039887269990693135,0.5723960913421027,0.3519109422161555,0.058536902874367754,3.26312294510309e-06,0.1823410630854919,True,0.0,150.0,41.77656829534832,0.03988687689874908,0.5724048606059915,0.3519131860777932,0.058536902874367754,0.0,0.06586055591037968,True,0.0,150.0,41.77656829534832,0.03988687689874908,0.5724048606059915,0.3519131860777932,0.058536902874367754,0.0,0.14105096429952166,nan
logistic_mid0.82_narrow_rho00.85,logistic,0.85,0.82,0.030000000000000027,narrow,0.0075,0.88,True,True,True,-20.15172168231827,10.622481106101437,126.75,9.1875,96.0,96.0,True,109.03508547363258,225.98848775924205,44.49494860378885,0.04921169406646176,0.5179760426968629,0.39010898097766744,0.2476644623321714,0.002242853234056053,0.04156544623129342,True,2.1656173038668958,271.5290588465644,44.287145628989364,0.04889304002417509,0.5238408072450436,0.4498198308622632,0.2476686503889328,2.2691980905921857e-05,0.04995773991259267,True,3.790788348119874,238.55085275418605,44.28466888069141,0.04888940624459372,0.5239114255019635,0.4084320181581414,0.24766475154591733,3.2256629307085143e-10,0.05167014320978678,True,17.901829844795362,213.21083349192878,44.283157422305635,0.048887919795593045,0.5239562975293869,0.3745186503757383,0.24766381005484686,1.184365162719405e-07,0.05502373658446018,nan
logistic_mid0.82_narrow_rho00.85,logistic,0.85,0.82,0.030000000000000027,narrow,0.0075,0.9,True,True,True,-6.9506371835064416,11.45830474266833,126.75,9.1875,96.0,96.0,True,116.37345041027065,415.1219766137529,46.75956350623427,0.0580193338361938,0.47699060234824403,0.5149222046176639,0.4999999999107994,0.0022428532352520686,0.02693397265436112,True,4.806392330439026,443.97559907717533,46.54976347921123,0.05765693909868278,0.4826564244997276,0.5407871848262543,0.4999999978674111,2.2691980908066016e-05,0.03308723275989028,True,14.129443983082826,389.4328123241437,46.545865484653156,0.05765135082335935,0.48276506728505,0.49475443780129147,0.5000000000189626,3.2361295616621947e-10,0.03301947590025214,True,70.46249765467431,344.8104139200997,46.54386260064904,0.057649180901665514,0.48282253793808144,0.4536628540883786,0.49999999999970357,1.1888664760126363e-07,0.03316971135068258,nan
logistic_mid0.82_narrow_rho00.85,logistic,0.85,0.82,0.030000000000000027,narrow,0.0075,0.92,True,False,False,nan,nan,126.75,9.1875,96.0,96.0,False,nan,nan,nan,nan,nan,nan,nan,nan,nan,False,nan,nan,nan,nan,nan,nan,nan,nan,nan,True,78.32985892061538,798.7125396944069,49.56888520373613,0.07038851981139728,0.4315798540583746,0.6516959459513819,0.7523361974826982,3.2370031660082334e-10,0.024168799665686476,False,nan,nan,nan,nan,nan,nan,nan,nan,nan,nan
logistic_mid0.82_baseline_rho00.65,logistic,0.65,0.82,-0.16999999999999993,baseline,0.015,0.85,True,True,True,-10.639861539471987,0.0,126.75,9.1875,96.0,96.0,True,108.82614587114686,195.5789763616398,63.60218383114992,0.12696788926845634,0.2255593323480865,0.29943580082041626,0.058543263377252686,0.24440478930124696,0.13768183596864106,True,2.0699008704614026,216.38830864683493,52.92236115029971,0.08567040036301608,0.37879345195753605,0.3939218560754184,0.058554715026184374,0.003163048109591974,0.15725790975940152,True,3.338754055014375,191.84403285108516,52.798689431658936,0.08537438002971873,0.3816858578952187,0.359493325923971,0.058542434566740305,2.47167058296221e-06,0.17620279524887678,True,3.338754055014375,191.84403285108516,52.798689431658936,0.08537438002971873,0.3816858578952187,0.359493325923971,0.058542434566740305,2.47167058296221e-06,0.19346578953666196,0.9
logistic_mid0.82_baseline_rho00.65,logistic,0.65,0.82,-0.16999999999999993,baseline,0.015,0.88,True,True,True,-3.9993952224303735,8.999382318190047,126.75,9.1875,96.0,96.0,True,112.6453760513222,290.5504605193453,66.73771747542025,0.1508620346903375,0.20350443313821942,0.33108800005781597,0.24766394499140937,0.24440480463008912,0.04635784336047521,True,2.964865263626041,302.1707217561054,56.42962358035964,0.1039128314828554,0.3309665648717735,0.40694841183233316,0.2476733569628851,0.0031630481472980244,0.05447039435900978,True,6.877563481148637,264.83693719090525,56.31172673932921,0.10357186687610193,0.3334426772486862,0.3683541762002842,0.24766447315062706,2.4906549492840683e-06,0.0551245410798719,True,19.615195244320248,241.00324869331084,56.309341354974315,0.10356937814609125,0.3335044676281327,0.3417128101266524,0.2476638577780016,9.339947931459913e-06,0.0638226256624723,0.9
logistic_mid0.82_baseline_rho00.65,logistic,0.65,0.82,-0.16999999999999993,baseline,0.015,0.9,True,True,True,4.584903437889003,11.07491933845355,126.75,9.1875,96.0,96.0,True,117.99376965372298,515.6619022300935,69.37545288442864,0.1730119142641017,0.18736136370763368,0.4350559224952826,0.5000000003840743,0.2444048047488869,0.02746993521802317,True,5.734146516460179,492.0193019468621,59.42814800441052,0.12126909999323691,0.2950895148039917,0.4882098868893007,0.500000001913123,0.003163048155646941,0.03238814421448142,True,17.9314556325058,431.66956601197677,59.3176675022616,0.12089051653870492,0.29716027405694284,0.4453603170518973,0.5000000000136385,2.494914858172492e-06,0.0323646441853237,True,76.8569684460026,383.86250976749784,59.31511341220948,0.12088786628893389,0.2972230707086384,0.40797230919921884,0.499999999999956,1.1188337396729542e-05,0.03275274060198389,0.9
logistic_mid0.82_baseline_rho00.65,logistic,0.65,0.82,-0.16999999999999993,baseline,0.015,0.92,True,False,False,nan,nan,126.75,9.1875,96.0,96.0,False,nan,nan,nan,nan,nan,nan,nan,nan,nan,False,nan,nan,nan,nan,nan,nan,nan,nan,nan,True,85.9295935840468,900.6491017264539,63.12708241164886,0.14540490590301797,0.2576363093070247,0.6006257133138936,0.7523361984506404,2.5007128310355365e-06,0.02358696321801831,False,nan,nan,nan,nan,nan,nan,nan,nan,nan,0.9
logistic_mid0.82_baseline_rho00.70,logistic,0.7,0.82,-0.12,baseline,0.015,0.85,True,True,True,-10.670824035011826,0.0,126.75,9.1875,96.0,96.0,True,108.23869955516233,191.6638649421978,61.75879319376496,0.11377789023113426,0.2399468737174257,0.30199156021676843,0.05854064240193587,0.21392077308615623,0.13709976742671595,True,1.9489380459929075,212.11597870888244,50.633420663199594,0.07482198178041641,0.413316478664342,0.4016488110861076,0.0585546014232194,0.0027795737030438424,0.15362116127940412,True,2.889675804230407,188.65539693379566,50.502693312608955,0.07454585900086268,0.41656299174876754,0.36774230708119715,0.05854148983775384,2.142522280084249e-06,0.17623541060983744,True,2.889675804230407,188.65539693379566,50.502693312608955,0.07454585900086268,0.41656299174876754,0.36774230708119715,0.05854148983775384,2.142522280084249e-06,0.19022266799369197,0.9
logistic_mid0.82_baseline_rho00.70,logistic,0.7,0.82,-0.12,baseline,0.015,0.88,True,True,True,-3.9009282767647218,9.057905427599657,126.75,9.1875,96.0,96.0,True,112.34954554962928,285.67320645497824,64.8236169075642,0.1355783185792586,0.2162456748971069,0.33461238451148206,0.2476638828155278,0.21392079777864959,0.04606702945472392,True,2.8372666631901224,296.81711334472095,53.989216249302814,0.09098758435460079,0.363539235656537,0.4161330970359813,0.24767278616486332,0.0027795737458991172,0.05457716418169555,True,6.379413525163954,260.1108029506036,53.862037134310796,0.09066740021250953,0.36642927680137605,0.37701349987649946,0.24766450109924718,2.163994052713449e-06,0.05537238825043322,True,18.870808872067176,236.55021241236784,53.85999791531467,0.09066577621074996,0.36648575029839653,0.3497477506081347,0.24766385400602406,9.895618516852247e-06,0.06424004562428541,0.9
logistic_mid0.82_baseline_rho00.70,logistic,0.7,0.82,-0.12,baseline,0.015,0.9,True,True,True,5.042107699586907,11.136980765451062,126.75,9.1875,96.0,96.0,True,117.84955412966497,508.14870753688405,67.40077264875782,0.1558764513857061,0.1989583001482845,0.43991225272295814,0.500000000078636,0.2139207979365929,0.02741888178522049,True,5.574374493978052,482.52730242881546,56.887354808366894,0.10645039347042698,0.3251831912156727,0.498019730908212,0.4999999986981893,0.0027795737555606575,0.03250492792452777,True,17.26416773759822,423.17931548344893,56.766278370247214,0.10609280968724512,0.3276891845212529,0.4547216564142021,0.5000000000113671,2.1689145235745496e-06,0.03247279273038092,True,75.02774550153168,376.04991651468976,56.76404720078527,0.10609122086995072,0.32774893983622244,0.41664464485397484,0.5000000000002259,1.2027991116088516e-05,0.03284721566674584,0.9
logistic_mid0.82_baseline_rho00.70,logistic,0.7,0.82,-0.12,baseline,0.015,0.92,True,False,False,nan,nan,126.75,9.1875,96.0,96.0,False,nan,nan,nan,nan,nan,nan,nan,nan,nan,False,nan,nan,nan,nan,nan,nan,nan,nan,nan,True,84.49993877297894,880.7425585224054,60.47879462223626,0.1280592425502,0.2843921746124099,0.6100142006208414,0.7523361977764481,2.175756634048575e-06,0.023668531868286203,False,nan,nan,nan,nan,nan,nan,nan,nan,nan,0.9
logistic_mid0.82_baseline_rho00.75,logistic,0.75,0.82,-0.06999999999999995,baseline,0.015,0.85,True,True,True,-10.841409544872727,0.0,126.75,9.1875,96.0,96.0,True,107.37556545992837,186.29481311854434,59.55105367201953,0.09933245810530242,0.2593228126068186,0.30442139496466497,0.05854074062758187,0.1814291765241794,0.135451325373729,True,1.7990796109233822,206.49179676958101,48.08057023925789,0.06362739254450389,0.4548923011925389,0.4090518323601782,0.05855503723262219,0.0023669134709476264,0.14573008905142665,True,2.3365447064160185,184.57182312040595,47.944967596348555,0.06337711874394804,0.4584620890765035,0.3762303320555917,0.05854105063925416,1.5675805046482297e-06,0.17312554239785652,True,2.3365447064160185,184.57182312040595,47.944967596348555,0.06337711874394804,0.4584620890765035,0.3762303320555917,0.05854105063925416,1.5675805046482297e-06,0.18557784702850713,0.9
logistic_mid0.82_baseline_rho00.75,logistic,0.75,0.82,-0.06999999999999995,baseline,0.015,0.88,True,True,True,-4.023640058240454,9.153424152088713,126.75,9.1875,96.0,96.0,True,111.95420706466534,279.4362645008502,62.537898415031535,0.11876727401845331,0.2332978495006549,0.33876525933811896,0.24766440684889937,0.18142922510042314,0.045566995922636626,True,2.6833951806832155,290.67977397655716,51.233726450038176,0.0775753128711009,0.4039561712637812,0.42670198240402124,0.24766923452815937,0.0023669135202740795,0.05458503110978904,True,5.781469355694329,254.7184601441441,51.09862555016299,0.07728279438485355,0.4072667283808355,0.3869944108573395,0.24766400596165916,1.5921262339094306e-06,0.05557121517483428,True,18.051903940499496,231.40299909348155,51.09702383288986,0.07728196161667997,0.40731419700418253,0.35892546743133574,0.24766386265191986,1.0425920477945304e-05,0.06449525875784612,0.9
logistic_mid0.82_baseline_rho00.75,logistic,0.75,0.82,-0.06999999999999995,baseline,0.015,0.9,True,True,True,5.451507569600976,11.209312508113356,126.75,9.1875,96.0,96.0,True,117.66654534660553,498.8808989484448,65.04757616890036,0.13695486022524372,0.2144016970614795,0.4459177125924666,0.4999999993681219,0.18142922532946754,0.027340756355146496,True,5.384914524437573,471.6843689789769,53.9905019782976,0.09099211590589491,0.36351308443321995,0.5096111447729101,0.4999999979897858,0.0023669135316234063,0.03266521803284533,True,16.477852177486245,413.495746998058,53.8591125775808,0.09066284377125575,0.36650207879724983,0.46578896649198454,0.5000000000267824,1.5978900938966315e-06,0.03262431240854036,True,73.01296072378074,367.1457165092879,53.85732380107608,0.09066221687574222,0.36655431595887206,0.4269144155286768,0.5000000000001231,1.2920451761259801e-05,0.03297956518778742,0.9
logistic_mid0.82_baseline_rho00.75,logistic,0.75,0.82,-0.06999999999999995,baseline,0.015,0.92,True,False,False,nan,nan,126.75,9.1875,96.0,96.0,False,nan,nan,nan,nan,nan,nan,nan,nan,nan,False,nan,nan,nan,nan,nan,nan,nan,nan,nan,True,82.84624705082292,857.6166173701457,57.43020146333831,0.10984168367949312,0.31947071406894156,0.6212510555469541,0.7523361978027197,1.6061514147092024e-06,0.02378053182171364,False,nan,nan,nan,nan,nan,nan,nan,nan,nan,0.9
logistic_mid0.82_baseline_rho00.80,logistic,0.8,0.82,-0.019999999999999907,baseline,0.015,0.85,True,True,True,-12.271219525484168,0.0,126.75,9.1875,96.0,96.0,True,105.65854184696187,175.66858167521298,54.787348726492475,0.07549811417917936,0.3133199411228041,0.31288583846195894,0.05853804071582019,0.12419217045669684,0.13496897646084566,True,1.594735940385898,197.22525896988282,45.17669317027037,0.05201448934224096,0.5062994015214957,0.41287391349081465,0.058555273543171575,0.0015621131358950619,0.12549489419099574,True,1.589810742296412,178.1570090269815,45.065911634948144,0.051838381425566404,0.5093913607996603,0.38276536816474155,0.05854296245892951,5.886530970127782e-07,0.1593021730348543,True,1.589810742296412,178.1570090269815,45.065911634948144,0.051838381425566404,0.5093913607996603,0.38276536816474155,0.05854296245892951,5.886530970127782e-07,0.177883935324998,0.9
logistic_mid0.82_baseline_rho00.80,logistic,0.8,0.82,-0.019999999999999907,baseline,0.015,0.88,True,True,True,-6.397881157645989,9.373223529417427,126.75,9.1875,96.0,96.0,True,111.25043880606628,266.2412416204819,57.67570336099657,0.09095836022067634,0.2805895607372692,0.35012861531519407,0.247663856168516,0.12419236339589698,0.04466535689557664,True,2.486025242697036,283.27503985200144,48.05759393523885,0.06358391788114992,0.4554918712707441,0.4387982907436082,0.24766710867163688,0.0015621131940122832,0.05413592893117228,True,5.019600547264723,248.33083188048957,47.943943208441,0.06337581008569426,0.45849038675147263,0.39831823954220397,0.2476651932386076,6.172003804157741e-07,0.055392753909494795,True,17.229559790834095,225.0542279158695,47.94288442954408,0.06337562700512442,0.45852401671279025,0.36898447669125284,0.24766382477337667,1.0945312903011486e-05,0.06382993934477674,0.9
logistic_mid0.82_baseline_rho00.80,logistic,0.8,0.82,-0.019999999999999907,baseline,0.015,0.9,True,True,True,4.038171433168072,11.299096121804915,126.75,9.1875,96.0,96.0,True,117.33119575851501,478.41261635107287,60.110619380471285,0.1055871851394179,0.2567330058499486,0.46089377136135545,0.5000000004449403,0.12419236387808032,0.02722034019391715,True,5.149678831812481,459.0934947449119,50.612810783189104,0.07477788702860708,0.41382445982370003,0.5235884530152235,0.5000000001186705,0.0015621132075920587,0.03288007118765054,True,15.513093804749747,402.3909812581294,50.49907831749177,0.07454092218967918,0.4166590567324742,0.47898743612294437,0.5000000000138762,6.240520841216919e-07,0.032829162681967075,True,70.94854645689284,356.92443750029935,50.4978945145563,0.07454113424445262,0.4166971589870883,0.4391697858411499,0.499999999999752,1.3907589930715805e-05,0.0331476220616197,0.9
logistic_mid0.82_baseline_rho00.80,logistic,0.8,0.82,-0.019999999999999907,baseline,0.015,0.92,True,False,False,nan,nan,126.75,9.1875,96.0,96.0,False,nan,nan,nan,nan,nan,nan,nan,nan,nan,False,nan,nan,nan,nan,nan,nan,nan,nan,nan,True,80.89367409514985,830.5500228176916,53.85500164431001,0.09065645209431589,0.36660449346965024,0.6349003046072444,0.7523361980143859,6.342775740349616e-07,0.023940044669407336,False,nan,nan,nan,nan,nan,nan,nan,nan,nan,0.9
logistic_mid0.82_baseline_rho00.85,logistic,0.85,0.82,0.030000000000000027,baseline,0.015,0.85,False,False,False,nan,nan,126.75,9.1875,96.0,96.0,True,0.75,150.0,41.776568306682954,0.03988687691384174,0.572404860269291,0.35191318599163934,0.058536902874367754,1.2528856576233563e-10,3.123790719919876e-86,True,0.3616666666666653,150.0,41.776588756827344,0.03988690414426885,0.5724042527897562,0.3519130305515782,0.058536902874367754,2.2617284497992764e-07,4.273811211322263e-05,True,0.0,150.0,41.77656829534832,0.03988687689874908,0.5724048606059915,0.3519131860777932,0.058536902874367754,0.0,0.06586055591037968,True,0.0,150.0,41.77656829534832,0.03988687689874908,0.5724048606059915,0.3519131860777932,0.058536902874367754,0.0,0.14105096429952166,nan
logistic_mid0.82_baseline_rho00.85,logistic,0.85,0.82,0.030000000000000027,baseline,0.015,0.88,True,True,True,-17.985840799933563,10.621093125881231,126.75,9.1875,96.0,96.0,True,109.29232807764116,230.1737500152914,45.86128913864158,0.051437124307961456,0.4813795738411179,0.38456993739023315,0.2476642417606922,0.016493487534224815,0.04150481743060847,True,2.16609784325304,271.57243425627877,44.30125514789326,0.048914454553980746,0.523439868548557,0.44974461750929706,0.24766929223432296,0.00017240072086924406,0.04996041821616008,True,3.793656355498264,238.5508096930136,44.28466995439824,0.04888940540996893,0.5239113836435062,0.4084320627559641,0.24766449219484776,3.6852992729051975e-08,0.05167030105866699,True,18.193102447612585,213.21410604297492,44.28461864913518,0.04889021883797757,0.5239153917928877,0.3745115041886126,0.24766383059410113,1.4541852539350681e-05,0.05502330895371834,nan
logistic_mid0.82_baseline_rho00.85,logistic,0.85,0.82,0.030000000000000027,baseline,0.015,0.9,True,True,True,-5.102043801694379,11.45635587262596,126.75,9.1875,96.0,96.0,True,116.48319894517739,422.49234033240504,48.1433186918035,0.06055722089344536,0.4417333251266839,0.5079368701907911,0.5000000004368993,0.016493491391062275,0.026944865112162094,True,4.807147235410251,444.04808459496803,46.5640950830136,0.05768136754608387,0.482266219079508,0.5407030033960366,0.49999999776949783,0.0001724007375536073,0.033086182447337346,True,14.13889329132559,389.4328533995662,46.54586827885147,0.05765135668422413,0.4827649951828286,0.4947544753637449,0.5000000000391578,4.515792360341521e-08,0.03301951526016297,True,71.42827618713297,344.8180398291902,46.54582716360359,0.05765273025733768,0.4827705101476194,0.45365249821390985,0.5000000000000977,1.8148064534745308e-05,0.03316940947673983,nan
logistic_mid0.82_baseline_rho00.85,logistic,0.85,0.82,0.030000000000000027,baseline,0.015,0.92,True,False,False,nan,nan,126.75,9.1875,96.0,96.0,False,nan,nan,nan,nan,nan,nan,nan,nan,nan,False,nan,nan,nan,nan,nan,nan,nan,nan,nan,True,78.4147792973186,798.7126293975775,49.56889026059592,0.07038853291956933,0.43157973849918535,0.6516959396875653,0.7523361976482543,5.815342239004959e-08,0.024168806681305055,False,nan,nan,nan,nan,nan,nan,nan,nan,nan,nan
logistic_mid0.82_broad_rho00.65,logistic,0.65,0.82,-0.16999999999999993,broad,0.03,0.85,True,True,True,-10.671341797514858,0.0,126.75,9.1875,96.0,96.0,True,108.82008368435206,195.52270322704325,63.56461287735447,0.12675335037473542,0.22589244261085883,0.2995391518868756,0.05854348982580784,0.24368339181622753,0.13771706838384518,True,2.069896580283997,216.38759918014165,52.92191817518151,0.08566933598321114,0.378803748462842,0.39392462875607165,0.05855469889519949,0.0031517672081514793,0.1572589094293658,True,3.3389246276324034,191.84411680534313,52.79867694206925,0.08537435277206254,0.3816861512990032,0.3594935315615732,0.05854257428609365,2.2307209850703477e-06,0.17620331870073594,True,3.3389246276324034,191.84411680534313,52.79867694206925,0.08537435277206254,0.3816861512990032,0.3594935315615732,0.05854257428609365,2.2307209850703477e-06,0.1940172441464627,0.9
logistic_mid0.82_broad_rho00.65,logistic,0.65,0.82,-0.16999999999999993,broad,0.03,0.88,True,True,True,-4.027396156669546,8.99370049486867,126.75,9.1875,96.0,96.0,True,112.64479648295074,290.47103870203193,66.70045991342766,0.1506187659556417,0.20379264926544718,0.33119485590633013,0.24766387697462144,0.24368352765518472,0.04635414629506604,True,2.96494269821729,302.1694581509557,56.42921310274686,0.10391162685821752,0.3309750951429537,0.4069506161120869,0.2476733725812044,0.0031517676875098986,0.05447043722916025,True,6.885192299419522,264.83720135695984,56.311732405549236,0.10357190589204748,0.33344266534273687,0.36835464360583875,0.2476639523763968,2.4761460171835625e-06,0.05512525081937571,True,20.376469859808825,241.0185366679226,56.32075359381526,0.1036130877562459,0.3333183671523232,0.3416576111090218,0.247663828627232,9.847474537939099e-05,0.06380470559775524,0.9
logistic_mid0.82_broad_rho00.65,logistic,0.65,0.82,-0.16999999999999993,broad,0.03,0.9,True,True,True,4.56096948771604,11.05013648666749,126.75,9.1875,96.0,96.0,True,117.99420753299556,515.530430491013,69.3385943765222,0.17274429358026072,0.187617063522772,0.4351813103370232,0.5000000000371474,0.24368353524960434,0.02747015171815789,True,5.734759513551244,492.01724485642677,59.42777129347548,0.12126777705160274,0.2950964613723259,0.48821192907693367,0.5000000018877099,0.00315176847383757,0.032388170584565106,True,17.986061577940095,431.67031622368125,59.317740363749,0.12089088359374046,0.2971593809261023,0.4453604068222932,0.4999999999878301,2.880518779802726e-06,0.03236486966085762,True,82.54757485540327,383.9701571085353,59.35558714451806,0.12107117284639918,0.2966580832724192,0.4077832511685295,0.49999999999984984,0.00027462273114294873,0.03273113053646588,0.9
logistic_mid0.82_broad_rho00.65,logistic,0.65,0.82,-0.16999999999999993,broad,0.03,0.92,True,False,False,nan,nan,126.75,9.1875,96.0,96.0,False,nan,nan,nan,nan,nan,nan,nan,nan,nan,False,nan,nan,nan,nan,nan,nan,nan,nan,nan,True,87.07424037924746,900.6533818501051,63.127721159329205,0.14540851168420157,0.2576292959093506,0.6006227665373722,0.7523361980840395,5.410943726297612e-06,0.023586783114443705,False,nan,nan,nan,nan,nan,nan,nan,nan,nan,0.9
logistic_mid0.82_broad_rho00.70,logistic,0.7,0.82,-0.12,broad,0.03,0.85,True,True,True,-10.804125697190754,0.0,126.75,9.1875,96.0,96.0,True,108.2212817289484,191.42985110728685,61.5666325507441,0.11276790076485183,0.24180216942311808,0.30260786942515805,0.05854207776425803,0.2107507395019882,0.13734829100709484,True,1.9489101475692348,212.11217284286323,50.63101629151162,0.07481688517450433,0.41337586437662993,0.4016640201200955,0.058554520931926556,0.0027286934062237746,0.1536262964819984,True,2.8898752780285553,188.65548771256482,50.50268027050043,0.07454583568417507,0.4165633287383808,0.367742532878419,0.05854165078345884,1.8889060435337593e-06,0.17623597650862613,True,2.8898752780285553,188.65548771256482,50.50268027050043,0.07454583568417507,0.4165633287383808,0.367742532878419,0.05854165078345884,1.8889060435337593e-06,0.19081221615098531,0.9
logistic_mid0.82_broad_rho00.70,logistic,0.7,0.82,-0.12,broad,0.03,0.88,True,True,True,-4.046832164942383,9.051533599163587,126.75,9.1875,96.0,96.0,True,112.34182838725636,285.26595510876007,64.6323202652379,0.13442555547380208,0.2178527234234803,0.33517974546954266,0.24766503514320592,0.21075095743554204,0.046071353736018235,True,2.837312927353939,296.81018953573147,53.986931182716454,0.09098175930740367,0.3635907108412588,0.41614578328814433,0.24767287495705562,0.0027286939524716887,0.05457751065081691,True,6.38750983411664,260.111142232679,53.86204482790697,0.09066744054653243,0.36642921499825043,0.37701403861711863,0.24766400080699866,2.1673480513834983e-06,0.05537318264196535,True,19.673012507047748,236.56709479831989,53.87241412366973,0.09070653431979846,0.3662561504045733,0.3496838848396267,0.2476638439164669,0.00011097400688326158,0.06421905242076843,0.9
logistic_mid0.82_broad_rho00.70,logistic,0.7,0.82,-0.12,broad,0.03,0.9,True,True,True,4.90610957488881,11.108401217730455,126.75,9.1875,96.0,96.0,True,117.84435444113002,507.4096407291048,67.21089260451387,0.15460122878691215,0.2003866864191623,0.44053945375597425,0.5000000007012185,0.21075096760166798,0.02742060642758788,True,5.574968897212005,482.5155677613853,56.88521998807486,0.10644395547737381,0.32522680999266573,0.49803159617446807,0.49999999872970874,0.002728694864506268,0.032504971447082705,True,17.322606834520048,423.18010824905167,56.76635983094942,0.10609316070422496,0.32768800431611417,0.4547217138564003,0.5000000000308237,2.6354217666483637e-06,0.032473037077837594,True,81.08922319498535,376.17156395112096,56.80856455046461,0.10626488208214613,0.32703389558939094,0.41642309843065195,0.49999999999990624,0.00031456451459216253,0.032821678477143304,0.9
logistic_mid0.82_broad_rho00.70,logistic,0.7,0.82,-0.12,broad,0.03,0.92,True,False,False,nan,nan,126.75,9.1875,96.0,96.0,False,nan,nan,nan,nan,nan,nan,nan,nan,nan,False,nan,nan,nan,nan,nan,nan,nan,nan,nan,True,85.7456233933798,880.7474767138215,60.47951256943537,0.12806276755466148,0.28438296406367364,0.6100106644832097,0.7523361980641948,5.6281143715804345e-06,0.023668305192502934,False,nan,nan,nan,nan,nan,nan,nan,nan,nan,0.9
logistic_mid0.82_broad_rho00.75,logistic,0.75,0.82,-0.06999999999999995,broad,0.03,0.85,True,True,True,-11.404063065429796,0.0,126.75,9.1875,96.0,96.0,True,107.3148397556043,185.33818786108824,58.67906850116452,0.0952839124956073,0.26885698877943354,0.30749940729726727,0.05854006107123595,0.169364728649103,0.13691845409744857,True,1.7989508646570378,206.4742716890915,48.06931556612499,0.06360657242711214,0.4551873062925484,0.4091229249904401,0.05855525290490458,0.002171429766946012,0.14575069045529385,True,2.336863927900035,184.5719213998085,47.94495687336556,0.0633771045859053,0.45846239755674334,0.3762305568516776,0.05854122715054384,1.3548648712032306e-06,0.1731261070783865,True,2.336863927900035,184.5719213998085,47.94495687336556,0.0633771045859053,0.45846239755674334,0.3762305568516776,0.05854122715054384,1.3548648712032306e-06,0.1862009431444471,0.9
logistic_mid0.82_broad_rho00.75,logistic,0.75,0.82,-0.06999999999999995,broad,0.03,0.88,True,True,True,-4.713708008801376,9.146521053672137,126.75,9.1875,96.0,96.0,True,111.915007244779,277.5628642728824,61.666602315485356,0.11411161261151838,0.24156618239564817,0.3414744558118453,0.24766544914374813,0.16936517401050627,0.04561696764993557,True,2.6832735850580995,290.64636723557174,51.222712511762275,0.07755120235540564,0.4042241625311348,0.42676407853116294,0.24766863777272197,0.0021714303975569763,0.054586866990362616,True,5.790225987448878,254.71972143487088,51.098643740699394,0.07728287166687885,0.40726646345302575,0.3869955758491616,0.24766456332389372,1.6741954663083933e-06,0.05557244509232435,True,18.899526860254255,231.4217284859754,51.11065819588342,0.07731910905036515,0.4070267660145426,0.35885085970031916,0.24766385193230017,0.00012643971268756852,0.06447056013008602,0.9
logistic_mid0.82_broad_rho00.75,logistic,0.75,0.82,-0.06999999999999995,broad,0.03,0.9,True,True,True,4.798265607690758,11.176024512618826,126.75,9.1875,96.0,96.0,True,117.63564077380529,495.3972815396998,64.18001348394401,0.1317708096633721,0.22175046392729375,0.44887027702596016,0.5000000007364528,0.16936518958487926,0.027349827576611332,True,5.385251847430247,471.62680415814543,53.97996496486181,0.09096524963000265,0.36375046723661425,0.5096713697436693,0.49999999796541567,0.002171431472877602,0.032665562865003175,True,16.540781713618824,413.49670370167473,53.859208048116656,0.09066318105273675,0.36650041405745853,0.46578899090637543,0.49999999996864414,2.224050640546745e-06,0.03262458297341447,True,79.49538372117954,367.28421073710473,53.90682507807436,0.0908230672279736,0.36563102904110656,0.4266512256862181,0.4999999999998335,0.0003651948796071556,0.03294888059712151,0.9
logistic_mid0.82_broad_rho00.75,logistic,0.75,0.82,-0.06999999999999995,broad,0.03,0.92,True,False,False,nan,nan,126.75,9.1875,96.0,96.0,False,nan,nan,nan,nan,nan,nan,nan,nan,nan,False,nan,nan,nan,nan,nan,nan,nan,nan,nan,True,84.21620036801782,857.6224016902538,57.43102541105742,0.109845079840216,0.31945812904966087,0.6212466968245002,0.7523361977080372,5.849357788141358e-06,0.023780238292246878,False,nan,nan,nan,nan,nan,nan,nan,nan,nan,0.9
logistic_mid0.82_broad_rho00.80,logistic,0.8,0.82,-0.019999999999999907,broad,0.03,0.85,True,True,True,-13.174927683403117,0.0,126.75,9.1875,96.0,96.0,True,105.56514672506826,174.23882210397835,53.28197399212581,0.07044316192416407,0.3353845872295553,0.31929017502258494,0.05853857510467381,0.10658736785829263,0.13916798269583286,True,1.5945165884647319,197.1946609125909,45.15767190916708,0.05198422856471695,0.5068288844923826,0.4129892426095716,0.05855497178492777,0.0012954593276787653,0.12551482164847433,True,1.5907227194306957,178.15717181297163,45.065919337371064,0.05183839996220872,0.509391177582578,0.3827655454120446,0.058543199986156196,6.543273120802891e-07,0.15930278132615827,True,1.5907227194306957,178.15717181297163,45.065919337371064,0.05183839996220872,0.509391177582578,0.3827655454120446,0.058543199986156196,6.543273120802891e-07,0.17879777369941147,0.9
logistic_mid0.82_broad_rho00.80,logistic,0.8,0.82,-0.019999999999999907,broad,0.03,0.88,True,True,True,-7.75083754345289,9.364925666062422,126.75,9.1875,96.0,96.0,True,111.18281384720925,262.8476236603554,56.167538791000304,0.08508192546171621,0.2999325359273471,0.3554614604845314,0.24766522969386603,0.10658914485691223,0.04479146383367219,True,2.4857934694436894,283.220515957096,48.03841191093527,0.06354852188089238,0.4559957958137753,0.43890898575408654,0.24766803329809514,0.0012954600710925245,0.054139837423900265,True,5.029430304880839,248.331149162594,47.943978191532885,0.06337588138084645,0.4584895274981017,0.39831863105311766,0.24766446424933922,1.0263705822447043e-06,0.05539362030257849,True,18.131104362833838,225.07512163783846,47.95811494979732,0.06340856052899557,0.4581564108859689,0.36889594395883946,0.24766381826957465,0.00014686113802650817,0.06380082798119222,0.9
logistic_mid0.82_broad_rho00.80,logistic,0.8,0.82,-0.019999999999999907,broad,0.03,0.9,True,True,True,2.760242594400532,11.259821427860775,126.75,9.1875,96.0,96.0,True,117.27575538093056,472.02258948536735,58.60946786464048,0.09898285055136671,0.27387673046722755,0.46663327691233203,0.5000000000573951,0.10658917945333449,0.027237091410436298,True,5.149811002163101,458.99362091519987,50.59391959468674,0.0747379558578465,0.4142923391419609,0.5236988579780975,0.4999999998819816,0.0012954613631694465,0.032881216084651804,True,15.581553822726308,402.39198294323006,50.49920645714367,0.07454126238823729,0.41665629032621826,0.4789872461393744,0.5000000000207854,1.6822584456053966e-06,0.03282944918249259,True,77.90739600106424,357.0833642237944,50.55370143818807,0.07468529994559736,0.41547961974317865,0.4388528931024157,0.4999999999999528,0.0004311926820504335,0.03311023983961087,0.9
logistic_mid0.82_broad_rho00.80,logistic,0.8,0.82,-0.019999999999999907,broad,0.03,0.92,True,False,False,nan,nan,126.75,9.1875,96.0,96.0,False,nan,nan,nan,nan,nan,nan,nan,nan,nan,False,nan,nan,nan,nan,nan,nan,nan,nan,nan,True,82.41615308724423,830.5570824232796,53.85598084450603,0.09065966579468458,0.3665863439363938,0.6348947280492232,0.7523361976356538,6.190348872465497e-06,0.023939653642398407,False,nan,nan,nan,nan,nan,nan,nan,nan,nan,0.9
logistic_mid0.82_broad_rho00.85,logistic,0.85,0.82,0.030000000000000027,broad,0.03,0.85,False,False,False,nan,nan,126.75,9.1875,96.0,96.0,True,61.25,150.00000000000108,42.17079163044102,0.04041995910529322,0.5608338291561524,0.34893642952499093,0.058536902874367754,0.004336377851316682,0.16710423779270575,True,0.15499999999999933,150.0,41.77656846312282,0.03988687712214937,0.572404855622181,0.35191318480255085,0.058536902874367754,1.8545114642264828e-09,7.826505159817475e-35,True,0.0,150.0,41.77656829534832,0.03988687689874908,0.5724048606059915,0.3519131860777932,0.058536902874367754,0.0,0.06586055591037966,True,0.0,150.0,41.77656829534832,0.03988687689874908,0.5724048606059915,0.3519131860777932,0.058536902874367754,0.0,0.1410509642995217,nan
logistic_mid0.82_broad_rho00.85,logistic,0.85,0.82,0.030000000000000027,broad,0.03,0.88,True,True,True,-15.130869038850646,10.609061446068216,126.75,9.1875,96.0,96.0,True,109.59891326802938,235.9371436192675,47.901084056372305,0.055258050943205086,0.43277356942852796,0.37625020535090953,0.24766387848586674,0.03704591423584524,0.041280572659998155,True,2.1667336373476314,271.6364838343038,44.32322525953269,0.04894784378595605,0.5228162942878082,0.4496234750685737,0.24767003350963188,0.00040546055081121414,0.049960855494180625,True,3.8034676773638694,238.551236526154,44.28471034741183,0.04888946932690116,0.5239102556441373,0.40843238522322334,0.2476642412645139,4.690281915633149e-07,0.05167094777220906,True,19.203917855389278,213.2431892627388,44.30359399312215,0.048920618507655514,0.523388904690295,0.37440132750779326,0.2476638166303921,0.00019317689766162652,0.05499658166481659,nan
logistic_mid0.82_broad_rho00.85,logistic,0.85,0.82,0.030000000000000027,broad,0.03,0.9,True,True,True,-2.561159875392818,11.407433139769719,126.75,9.1875,96.0,96.0,True,116.63367555329621,433.06918294392773,50.199882738760905,0.06490929861711622,0.39576113483018943,0.49805440230734555,0.5000000004734074,0.0370460729149878,0.026949952283751008,True,4.808868587369072,444.1607770901791,46.58641045487007,0.05771946113610045,0.48165945615657724,0.5405718949125604,0.4999999977806046,0.0004054621374543438,0.03308449056836891,True,14.212368045010631,389.43405587083794,46.54601444112006,0.05765164102756962,0.48276125164356093,0.49475419664179954,0.4999999999632231,1.266302754766982e-06,0.03301980777398529,True,78.98531222404678,345.00962632387865,46.61162934936761,0.057778528946954726,0.48108080994650293,0.453257571789583,0.50000000000016,0.0005394444252625769,0.0331239491236873,nan
logistic_mid0.82_broad_rho00.85,logistic,0.85,0.82,0.030000000000000027,broad,0.03,0.92,True,False,False,nan,nan,126.75,9.1875,96.0,96.0,False,nan,nan,nan,nan,nan,nan,nan,nan,nan,False,nan,nan,nan,nan,nan,nan,nan,nan,nan,True,80.12093749711156,798.7210196576681,49.57005416711228,0.07039137032604445,0.4315534126940171,0.6516888192176227,0.7523361975655122,7.030964327614093e-06,0.024168274604553234,False,nan,nan,nan,nan,nan,nan,nan,nan,nan,nan
logistic_mid0.86_narrow_rho00.65,logistic,0.65,0.86,-0.20999999999999996,narrow,0.0075,0.85,True,True,True,-10.624812345890694,0.0,126.75,9.1875,96.0,96.0,True,108.84560536719232,195.60558500435485,63.60352388002016,0.12697639614455178,0.22554843151725817,0.29946470781943846,0.05853779544526219,0.24441881393364204,0.13755471665205482,True,2.069986571649647,216.38831134914926,52.92236305062146,0.08567040515692878,0.378793409138822,0.39392184407176273,0.05855471508597922,0.003163091223037459,0.15725790442708715,True,3.3459800237945636,191.8446795190049,52.79886436047503,0.08537492953756178,0.3816824823245681,0.3594929670844811,0.058543179500049544,4.331262603972068e-06,0.17620433404965968,True,3.3459800237945636,191.8446795190049,52.79886436047503,0.08537492953756178,0.3816824823245681,0.3594929670844811,0.058543179500049544,4.331262603972068e-06,0.19643412356478623,0.9
logistic_mid0.86_narrow_rho00.65,logistic,0.65,0.86,-0.20999999999999996,narrow,0.0075,0.88,True,True,True,-3.969575121443009,8.977588222012875,126.75,9.1875,96.0,96.0,True,112.66133815680165,290.6338004406004,66.73923451246479,0.15087304897422454,0.20349372228522755,0.33115745761267357,0.24766579113009968,0.24441958785720352,0.04636425974256368,True,2.965089918398527,302.1707274773948,56.42962557292014,0.10391283773104443,0.3309665256170245,0.4069484013489418,0.2476733569015787,0.003163093029917194,0.05447039395173816,True,6.896883253646052,264.8386257911981,56.31198043108558,0.10357282958915275,0.33343846823372486,0.36835429619625254,0.24766448623488724,5.237937839574024e-06,0.05512589009315339,True,20.809177953980257,241.06250451482677,56.34761279753175,0.10371354758978493,0.33287101773683947,0.34153416605672016,0.24766385512621036,0.00033158258500270727,0.06377399017541945,0.9
logistic_mid0.86_narrow_rho00.65,logistic,0.65,0.86,-0.20999999999999996,narrow,0.0075,0.9,True,True,True,4.598547148212595,11.041871111225442,126.75,9.1875,96.0,96.0,True,118.00009431581904,515.7356597416976,69.37698008793082,0.17302403882823245,0.18735158219973777,0.43509389355508793,0.49999999956599295,0.24441958883369538,0.027475685690532287,True,5.734414372451906,492.0193122683304,59.42814984758221,0.12126910683321844,0.29508948266893303,0.4882098788278955,0.5000000019122672,0.0031630930733167945,0.03238814529996796,True,17.954467731381126,431.6708238475094,59.31791894632879,0.12089161011602352,0.29715658086944985,0.4453593518840389,0.49999999997134675,5.259667952454121e-06,0.03236470001942912,True,78.46011541512051,384.0062878535024,59.35384283331804,0.12105477139504614,0.2966545233309022,0.4078150297851281,0.49999999999988504,0.0003408602556866571,0.032751026851629596,0.9
logistic_mid0.86_narrow_rho00.65,logistic,0.65,0.86,-0.20999999999999996,narrow,0.0075,0.92,True,False,False,nan,nan,126.75,9.1875,96.0,96.0,False,nan,nan,nan,nan,nan,nan,nan,nan,nan,False,nan,nan,nan,nan,nan,nan,nan,nan,nan,True,85.9228424899212,900.6513189177056,63.127323158567705,0.14540614388295284,0.2576333352119121,0.6006247039900285,0.7523361976680177,5.2613894376714285e-06,0.023586958176490855,False,nan,nan,nan,nan,nan,nan,nan,nan,nan,0.9
logistic_mid0.86_narrow_rho00.70,logistic,0.7,0.86,-0.16000000000000003,narrow,0.0075,0.85,True,True,True,-10.641522639527125,0.0,126.75,9.1875,96.0,96.0,True,108.26966314733114,191.71468935704314,61.765212164510444,0.11381332266079268,0.23988724645785056,0.3020277977969635,0.05854195633947021,0.21400824974867869,0.13691115325235115,True,1.9490290824661305,212.116051428272,50.6334667554963,0.07482207967965947,0.4133153415543509,0.40164851950704383,0.05855460300073752,0.0027805451314990948,0.1536210621335108,True,2.897246143256578,188.65601156999944,50.50288247692113,0.07454636440557368,0.4165589172699306,0.36774176354206006,0.05854222076453111,4.217842134460345e-06,0.17623662189919562,True,2.897246143256578,188.65601156999944,50.50288247692113,0.07454636440557368,0.4165589172699306,0.36774176354206006,0.05854222076453111,4.217842134460345e-06,0.19296336529271813,0.9
logistic_mid0.86_narrow_rho00.70,logistic,0.7,0.86,-0.16000000000000003,narrow,0.0075,0.88,True,True,True,-3.8545694947840032,9.033217338692705,126.75,9.1875,96.0,96.0,True,112.37227688877364,285.80085383122616,64.83025370182335,0.13562016868622875,0.21619192716463675,0.33470020998361,0.24766603764683867,0.2140094887168844,0.04607861889047514,True,2.83750547722573,296.8172463588368,53.98926030149704,0.09098769700763076,0.36353824547249386,0.4161328526180893,0.2476727843728582,0.002780547183731865,0.05457715728729576,True,6.3997649466656235,260.1126529114819,53.862316077608064,0.09066829687703211,0.36642397682609484,0.37701355109899587,0.24766455663223974,5.242388309423055e-06,0.05537384073072732,True,20.12577581506954,236.61611164854835,53.90152086020479,0.09079962218560678,0.36570663558795546,0.3495423003546237,0.24766385431871393,0.0003731946718368145,0.0641839251308025,0.9
logistic_mid0.86_narrow_rho00.70,logistic,0.7,0.86,-0.16000000000000003,narrow,0.0075,0.9,True,True,True,5.064304408115543,11.099097204841613,126.75,9.1875,96.0,96.0,True,117.85832759297007,508.26776142811025,67.40740449720312,0.15592279210779772,0.19891004236043303,0.4399502300643556,0.49999999916632826,0.21400949001988234,0.027426998804634596,True,5.574660425525993,482.52753478107627,56.88739598227999,0.10645051804342467,0.32518235210621904,0.49801950641418946,0.49999999870147144,0.002780547233788611,0.0325049292053544,True,17.28842835485678,423.18050148075906,56.76655430131915,0.10609382452762864,0.32768445330458185,0.4547204340149916,0.5000000000218683,5.267405118900649e-06,0.03247283975438703,True,76.71860377372138,376.2112862694734,56.80623222907751,0.10624683376060062,0.32703521328041485,0.4164618514425855,0.5000000000000249,0.00038385871442614167,0.03284491663120096,0.9
logistic_mid0.86_narrow_rho00.70,logistic,0.7,0.86,-0.16000000000000003,narrow,0.0075,0.92,True,False,False,nan,nan,126.75,9.1875,96.0,96.0,False,nan,nan,nan,nan,nan,nan,nan,nan,nan,False,nan,nan,nan,nan,nan,nan,nan,nan,nan,True,84.4917990364936,880.7450974841826,60.47905845766129,0.12806040123084939,0.28438830285279687,0.610013013970754,0.7523361987770456,5.269427360677628e-06,0.023668525956933084,False,nan,nan,nan,nan,nan,nan,nan,nan,nan,0.9
logistic_mid0.86_narrow_rho00.75,logistic,0.75,0.86,-0.10999999999999999,narrow,0.0075,0.85,True,True,True,-10.720337857483186,0.0,126.75,9.1875,96.0,96.0,True,107.44250282531003,186.50039205628147,59.66326841806712,0.09987598787168107,0.25814095042541746,0.3041467789405265,0.05853885434758677,0.1829329553929984,0.13494144877955494,True,1.7991913585478745,206.49386419024557,48.081898139158504,0.06362985035363958,0.45485751244416595,0.409043447262664,0.058555008187611834,0.002389973737968437,0.14572766240513502,True,2.34450235002346,184.57247435446678,47.945174016018115,0.06337757600713176,0.4584571278081258,0.37622967116941314,0.05854185124723414,3.9076762334261155e-06,0.17312667889079889,True,2.34450235002346,184.57247435446678,47.945174016018115,0.06337757600713176,0.4584571278081258,0.37622967116941314,0.05854185124723414,3.9076762334261155e-06,0.1884748058206734,0.9
logistic_mid0.86_narrow_rho00.75,logistic,0.75,0.86,-0.10999999999999999,narrow,0.0075,0.88,True,True,True,-3.865920859382743,9.125585204637911,126.75,9.1875,96.0,96.0,True,111.9966009766285,279.86437968935667,62.6506064438344,0.11939432401310146,0.23226685835764652,0.3386051448278642,0.24766431204998227,0.18293532176181906,0.04558639898754921,True,2.683674515236526,290.68371512174963,51.235026216522506,0.07757815992815785,0.40392456545765626,0.42669465668514994,0.24766930442851323,0.002389976098048691,0.05458481457273732,True,5.803013955815057,254.72121555947004,51.0989402245787,0.07728363855253564,0.4072599200726635,0.38699485272823503,0.2476650143278702,5.07779461157606e-06,0.05557307537109732,True,19.375523616623646,231.4764139993012,51.1425563952793,0.077403560872137,0.4063410718603769,0.35868629574654914,0.24766385249713846,0.00042500807022622327,0.06442962133245002,0.9
logistic_mid0.86_narrow_rho00.75,logistic,0.75,0.86,-0.10999999999999999,narrow,0.0075,0.9,True,True,True,5.56238836737267,11.165464004406434,126.75,9.1875,96.0,96.0,True,117.68421451341251,499.4738604178626,65.15999137813209,0.13765288297166364,0.21348268358466901,0.44563709079112507,0.5000000006798632,0.1829353236346849,0.027353067907726736,True,5.3852646512931095,471.6911845079122,53.99174549132153,0.09099528859387945,0.3634850909755511,0.5096040541282016,0.4999999979975927,0.002389976156569712,0.03266518448495251,True,16.50356805338079,413.4973106679172,53.85942174434988,0.09066377509138661,0.3664958798958099,0.46578755318695203,0.499999999967265,5.106972503244855e-06,0.032624368655550566,True,74.80271058879111,367.32841728610225,53.90391138281073,0.09080425203533124,0.3656392605350872,0.4266985466680905,0.499999999999754,0.0004374256679154216,0.03297632151101897,0.9
logistic_mid0.86_narrow_rho00.75,logistic,0.75,0.86,-0.10999999999999999,narrow,0.0075,0.92,True,False,False,nan,nan,126.75,9.1875,96.0,96.0,False,nan,nan,nan,nan,nan,nan,nan,nan,nan,False,nan,nan,nan,nan,nan,nan,nan,nan,nan,True,82.83625095783295,857.6195995191517,57.43049704947669,0.10984274666931515,0.31946549374610833,0.621249622886209,0.7523361984585466,5.109397675988278e-06,0.023780523563729356,False,nan,nan,nan,nan,nan,nan,nan,nan,nan,0.9
logistic_mid0.86_narrow_rho00.80,logistic,0.8,0.86,-0.05999999999999994,narrow,0.0075,0.85,True,True,True,-10.711233001427285,0.0,126.75,9.1875,96.0,96.0,True,106.00318016252838,178.18770563136547,57.19082252182564,0.08500157295485894,0.2825928678118621,0.30381811557883714,0.0585373974131002,0.15105731597973998,0.12828374202418671,True,1.5951945460167845,197.2738059614384,45.20718361777144,0.052063088046575105,0.5054520844535485,0.4126884639012901,0.05855557380864774,0.001989376117774474,0.1254613784378691,True,1.5979586199319336,178.1578823889942,45.06613007800518,0.051838772801195795,0.5093855252546524,0.3827649206804573,0.05854403899742238,3.114748136535363e-06,0.1593039299360091,True,1.5979586199319336,178.1578823889942,45.06613007800518,0.051838772801195795,0.5093855252546524,0.3827649206804573,0.05854403899742238,3.114748136535363e-06,0.18217854601535807,0.9
logistic_mid0.86_narrow_rho00.80,logistic,0.8,0.86,-0.05999999999999994,narrow,0.0075,0.88,True,True,True,-4.182509655430641,9.340295299723893,126.75,9.1875,96.0,96.0,True,111.45933830947394,271.98642325573275,60.09199703923894,0.10198856954598474,0.2537004628550942,0.3426600951897792,0.2476648055062165,0.1510640841811142,0.044567478601951344,True,2.4868389339691697,283.3622816698642,48.0883398504627,0.06364076722929417,0.4546857398125833,0.4386209287895201,0.2476655581483175,0.00198937889083059,0.05412959210844758,True,5.04207874058637,248.33186902149342,47.94427798036205,0.06337648121007244,0.4584819553349988,0.3983172591377811,0.247663905005117,4.474920266807908e-06,0.05539393538542732,True,18.638518217210123,225.13693913156237,47.993915434361085,0.06348360191235457,0.4572773955082637,0.36870058544223766,0.24766381437741466,0.0004952656244335737,0.06375282848493627,0.9
logistic_mid0.86_narrow_rho00.80,logistic,0.8,0.86,-0.05999999999999994,narrow,0.0075,0.9,True,True,True,6.022657089608073,11.247174629439224,126.75,9.1875,96.0,96.0,True,117.4565059680824,488.685459872386,62.52536240599364,0.11796220348850547,0.23280208225943702,0.4524735958393192,0.4999999993460665,0.15106408725669893,0.027226694712357547,True,5.151068546314176,459.2536103774979,50.64308878151409,0.07484202085740611,0.4130762450203646,0.5234118163772841,0.500000000667787,0.0019893789602600212,0.03287832232128505,True,15.540150618839434,402.392502633974,50.4994212313285,0.07454172602299626,0.4166510119714656,0.47898567069495623,0.5000000000080195,4.509417764310605e-06,0.032829203926072845,True,72.85792488891904,357.1347151669601,50.550661729153795,0.0746678654584158,0.41548853582312073,0.4389087539933305,0.4999999999997913,0.0005099346899632212,0.03314293041951905,0.9
logistic_mid0.86_narrow_rho00.80,logistic,0.8,0.86,-0.05999999999999994,narrow,0.0075,0.92,True,False,False,nan,nan,126.75,9.1875,96.0,96.0,False,nan,nan,nan,nan,nan,nan,nan,nan,nan,False,nan,nan,nan,nan,nan,nan,nan,nan,nan,True,80.88101441479269,830.5534868486425,53.855333909288376,0.09065737960278684,0.36659741250190636,0.6348985751012822,0.7523361979467016,4.512390832546863e-06,0.023940031635306235,False,nan,nan,nan,nan,nan,nan,nan,nan,nan,0.9
logistic_mid0.86_narrow_rho00.85,logistic,0.85,0.86,-0.010000000000000009,narrow,0.0075,0.85,False,False,False,nan,nan,126.75,9.1875,96.0,96.0,True,61.75,150.00000000000054,42.99866621289695,0.04159486599513572,0.5374269059041854,0.34281322313567764,0.058536902874367754,0.013306135920627508,0.15928615047473269,True,0.6483333333333261,150.00000000000009,41.794397163407346,0.0399106332822272,0.5718755316377305,0.35177771003521463,0.058536902874367754,0.00019702989488976688,0.20896758867242746,True,0.0,150.0,41.77656829534832,0.03988687689874908,0.5724048606059915,0.3519131860777932,0.058536902874367754,0.0,0.06586055591037966,True,0.0,150.0,41.77656829534832,0.03988687689874908,0.5724048606059915,0.3519131860777932,0.058536902874367754,0.0,0.1410509642995217,0.9
logistic_mid0.86_narrow_rho00.85,logistic,0.85,0.86,-0.010000000000000009,narrow,0.0075,0.88,True,True,True,-7.828040915768914,10.567193621606378,126.75,9.1875,96.0,96.0,True,110.18494553471227,252.12334328603922,54.50424082947733,0.07335235007126446,0.31597762837880605,0.3512776275961537,0.24766465729522302,0.09776564744121714,0.04063277654699056,True,2.1683129846875806,271.8596617566749,44.40224878217855,0.049068405213564585,0.5205808263422288,0.4491802451092,0.24767179119872115,0.0012430036061909229,0.04995517080872387,True,3.8096683487081524,238.55194522037553,44.28483571755069,0.04888967300424594,0.5239067566437505,0.40843200976404637,0.24766480097740146,1.768823667041092e-06,0.051670992081583995,True,19.81243752812777,213.34369928083007,44.352800373843635,0.04899695288353222,0.5220055520131265,0.3741458626628275,0.2476638442475001,0.0006925409874321452,0.054965994470065636,0.9
logistic_mid0.86_narrow_rho00.85,logistic,0.85,0.86,-0.010000000000000009,narrow,0.0075,0.9,True,True,True,4.111245001645451,11.38291177961853,126.75,9.1875,96.0,96.0,True,116.97466591669662,463.62494676771365,56.83441449515139,0.08545374514451497,0.2887589940789656,0.4697720733552414,0.49999999997794226,0.09776565749704906,0.026911124577880724,True,4.810967061027733,444.56418931734464,46.66666260070073,0.05785701378030618,0.47948552452172194,0.5401001777728845,0.49999999842035714,0.0012430036906059558,0.03307795645820296,True,14.159797449304662,389.43368308794913,46.54603955882385,0.057651662934168964,0.48276040781424634,0.4947535933167201,0.49999999996128625,1.8104741139616834e-06,0.03301954406291155,True,73.59240762128148,345.1047905019287,46.61706018859732,0.05777812313040986,0.480863030215651,0.4532807139104961,0.5000000000002718,0.0007103703383492402,0.03316297568251575,0.9
logistic_mid0.86_narrow_rho00.85,logistic,0.85,0.86,-0.010000000000000009,narrow,0.0075,0.92,True,False,False,nan,nan,126.75,9.1875,96.0,96.0,False,nan,nan,nan,nan,nan,nan,nan,nan,nan,False,nan,nan,nan,nan,nan,nan,nan,nan,nan,True,78.390955734776,798.714363243765,49.56905973467747,0.07038888654014815,0.4315754864034177,0.6516950120601451,0.7523361980075306,1.8142047514496312e-06,0.024168795048252603,False,nan,nan,nan,nan,nan,nan,nan,nan,nan,0.9
logistic_mid0.86_baseline_rho00.65,logistic,0.65,0.86,-0.20999999999999996,baseline,0.015,0.85,True,True,True,-10.626672444189168,0.0,126.75,9.1875,96.0,96.0,True,108.8426371849914,195.60229585978593,63.60331618993753,0.12697506205926418,0.225550107758304,0.29946120935109155,0.05853912642178584,0.2444168752293173,0.1375769194939746,True,2.0699721563700244,216.38831113411916,52.92236286027559,0.08567040464399824,0.37879341323552407,0.3939218452994958,0.058554715081824464,0.003163087641527603,0.15725790513917798,True,3.344757688287873,191.84451955523116,52.79882332247667,0.08537479889131533,0.3816832662751685,0.3594930393376564,0.05854298751770013,3.9124349586600885e-06,0.1762039331818492,True,3.344757688287873,191.84451955523116,52.79882332247667,0.08537479889131533,0.3816832662751685,0.3594930393376564,0.05854298751770013,3.9124349586600885e-06,0.1956687578769905,0.9
logistic_mid0.86_baseline_rho00.65,logistic,0.65,0.86,-0.20999999999999996,baseline,0.015,0.88,True,True,True,-3.9714273970416776,8.97169630385856,126.75,9.1875,96.0,96.0,True,112.66152824798547,290.62862229843796,66.73901061209672,0.15087141991201658,0.2034953037594655,0.33115367500314824,0.2476658110410708,0.2444176143026842,0.04635888502485226,True,2.965146262055054,302.1707270280429,56.42962547131259,0.10391283745719547,0.33096652782512515,0.40694840178432523,0.24767335690546932,0.003163089995612861,0.05447039382430842,True,6.90207165900439,264.83956134754374,56.311982068860196,0.1035728624373529,0.3334385345577048,0.36835517027233666,0.24766493294967348,5.1108890345504286e-06,0.05512675918833363,True,21.484921631061948,241.07896021097093,56.36649843287307,0.10378738490100821,0.33256916309226636,0.3414343068902858,0.24766381685211336,0.0004652019559478835,0.06373084085320752,0.9
logistic_mid0.86_baseline_rho00.65,logistic,0.65,0.86,-0.20999999999999996,baseline,0.015,0.9,True,True,True,4.600932113024413,10.998936265725831,126.75,9.1875,96.0,96.0,True,118.00190079492928,515.7485762893385,69.37675714719201,0.17302226538492463,0.1873530095162001,0.4351030448804933,0.49999999935490114,0.2444176317147163,0.027475324479935646,True,5.7351058957989425,492.01933442037614,59.42814938413504,0.12126910496157613,0.29508949062908874,0.48820993091613757,0.5000000018791262,0.003163091335616967,0.03238818357577659,True,18.014639467215098,431.6717779064028,59.31802364056242,0.12089211706066369,0.29715522845652154,0.44535934705113445,0.5000000000012526,5.796015035768124e-06,0.03236494565067495,True,84.91353679185447,384.192474177352,59.41963081757988,0.12135398049536877,0.29574136430621023,0.4075179820197653,0.49999999999998807,0.0007611295125996245,0.03272214980022064,0.9
logistic_mid0.86_baseline_rho00.65,logistic,0.65,0.86,-0.20999999999999996,baseline,0.015,0.92,True,False,False,nan,nan,126.75,9.1875,96.0,96.0,False,nan,nan,nan,nan,nan,nan,nan,nan,nan,False,nan,nan,nan,nan,nan,nan,nan,nan,nan,True,86.67318263332874,900.6541190830837,63.127670922833346,0.14540809316000533,0.25762949145759645,0.6006232798074712,0.7523361977452376,6.9228489009856185e-06,0.023586926869489856,False,nan,nan,nan,nan,nan,nan,nan,nan,nan,0.9
logistic_mid0.86_baseline_rho00.70,logistic,0.7,0.86,-0.16000000000000003,baseline,0.015,0.85,True,True,True,-10.645254473324322,0.0,126.75,9.1875,96.0,96.0,True,108.26505141297508,191.7082186245429,61.7645417779101,0.11380951061666306,0.23989332968772742,0.30202251573941213,0.05854136567391387,0.21400031717729906,0.13694236905458645,True,1.949013819377072,212.11604634340242,50.63346348846577,0.07482207270802813,0.4133154219444639,0.401648540219969,0.058554602891133845,0.0027804769517598845,0.15362106939585157,True,2.8959662863134583,188.65589014413285,50.50283818928183,0.07454624554149664,0.4165598662555041,0.367741920185462,0.05854207712595478,3.7495603655566978e-06,0.17623644693908921,True,2.8959662863134583,188.65589014413285,50.50283818928183,0.07454624554149664,0.4165598662555041,0.367741920185462,0.05854207712595478,3.7495603655566978e-06,0.1924114203267974,0.9
logistic_mid0.86_baseline_rho00.70,logistic,0.7,0.86,-0.16000000000000003,baseline,0.015,0.88,True,True,True,-3.8578669538327914,9.026642826735488,126.75,9.1875,96.0,96.0,True,112.37218483107343,285.7917707743153,64.8295687339455,0.13561577165357008,0.21619739854052125,0.3346949040002634,0.247666030382748,0.21400148260464738,0.04607150820927705,True,2.837565574459672,296.81723705579117,53.989257279886274,0.09098768932974208,0.36353831365156475,0.4161328692684343,0.24767278449694313,0.002780479631632189,0.054577157588345415,True,6.405281798708053,260.11363846814584,53.86231792558885,0.0906683294864354,0.36642404961655906,0.37701450758995275,0.24766502570997023,5.107828422388986e-06,0.05537478999228414,True,20.839835158641286,236.63410938000027,53.9221255806702,0.09086882994764806,0.3653333151101914,0.3494263673234939,0.24766380757401263,0.0005258801699086862,0.06413339438993815,0.9
logistic_mid0.86_baseline_rho00.70,logistic,0.7,0.86,-0.16000000000000003,baseline,0.015,0.9,True,True,True,5.066504427561732,11.049585964234243,126.75,9.1875,96.0,96.0,True,117.86029887389539,508.2796688953219,67.40672160316728,0.1559179475906755,0.19891495096513634,0.43996158949443775,0.4999999991332867,0.2140015056152057,0.02742651509868462,True,5.575407210710909,482.5276569663443,56.887393082732466,0.10645051043517227,0.3251824148089514,0.49801960934113904,0.49999999878530615,0.0027804811830069746,0.032504976135584535,True,17.35286227970741,423.18158280259036,56.766670405687066,0.10609430992073862,0.32768271478629735,0.45472040329335217,0.49999999996799566,5.8995490967863644e-06,0.03247310873209987,True,83.59432862037072,376.421770026011,56.87857568686637,0.10653039910237996,0.3258803184339394,0.41611403425444426,0.49999999999991834,0.0008671825390420387,0.03281077936452336,0.9
logistic_mid0.86_baseline_rho00.70,logistic,0.7,0.86,-0.16000000000000003,baseline,0.015,0.92,True,False,False,nan,nan,126.75,9.1875,96.0,96.0,False,nan,nan,nan,nan,nan,nan,nan,nan,nan,False,nan,nan,nan,nan,nan,nan,nan,nan,nan,True,85.30752582405682,880.7483128612441,60.47944748952344,0.12806229691073126,0.28438327676364744,0.6100113096122607,0.7523361977282503,7.229498198015634e-06,0.02366848211661922,False,nan,nan,nan,nan,nan,nan,nan,nan,nan,0.9
logistic_mid0.86_baseline_rho00.75,logistic,0.75,0.86,-0.10999999999999999,baseline,0.015,0.85,True,True,True,-10.731480226063143,0.0,126.75,9.1875,96.0,96.0,True,107.43340633970361,186.48149462160274,59.654843073671245,0.09983481534294378,0.25822906658907185,0.3041623434073186,0.05854030360959824,0.18282274530554782,0.13501105844620767,True,1.7991740894128994,206.49371934218703,48.08180504260205,0.06362967800959173,0.45485995113648653,0.4090440352078815,0.05855501024109982,0.0023883574922155355,0.14572783285561294,True,2.343155765334162,184.5723457853597,47.945125711700285,0.06337746846661794,0.45845828313033316,0.3762298580174538,0.058541694118629306,3.3781426425050796e-06,0.1731265258842865,True,2.343155765334162,184.5723457853597,47.945125711700285,0.06337746846661794,0.45845828313033316,0.3762298580174538,0.058541694118629306,3.3781426425050796e-06,0.18789134004636895,0.9
logistic_mid0.86_baseline_rho00.75,logistic,0.75,0.86,-0.10999999999999999,baseline,0.015,0.88,True,True,True,-3.877976137315978,9.118035920015386,126.75,9.1875,96.0,96.0,True,111.99528953144238,279.8316349537997,62.64212957982732,0.11934678053256574,0.23234389000720584,0.33861645057540124,0.24766448669645297,0.18282492590532254,0.04557622939997678,True,2.6837371099180323,290.68343898196923,51.23493520469762,0.07757796060659178,0.4039267786881432,0.42669516949879877,0.24766929955154435,0.0023883605807748214,0.0545848295441048,True,5.808883077724859,254.7220910885292,51.09894151636233,0.07728366438425535,0.4072600017560226,0.38699578653355404,0.24766532082196613,4.934166357838771e-06,0.055574035087288795,True,20.13139385738426,231.4964393268628,51.16519312692662,0.07746685073908756,0.4058734155942969,0.3585510089487948,0.2476638282323704,0.0006013215534061463,0.06437076072416702,0.9
logistic_mid0.86_baseline_rho00.75,logistic,0.75,0.86,-0.10999999999999999,baseline,0.015,0.9,True,True,True,5.558693204429179,11.107773158448078,126.75,9.1875,96.0,96.0,True,117.6860011868635,499.45399944556436,65.1515342772452,0.13759997961847764,0.21355139120131378,0.4456743085885749,0.5000000007578074,0.18282495859369172,0.02735231616023819,True,5.386069387151003,471.690883919134,53.99165847404011,0.09099506796393177,0.3634870545062162,0.5096046542032837,0.49999999803223283,0.0023883624040736805,0.03266523973510004,True,16.57286862751705,413.4984453207382,53.85955173677219,0.09066422719464846,0.3664935929150559,0.46578745132699956,0.5000000000272101,5.862146688039633e-06,0.03262465950768831,True,82.15669661315334,367.56797600080114,53.984270500009806,0.0910668297139763,0.36415016388817084,0.426285973696746,0.49999999999988165,0.0010005092791417179,0.0329352813502856,0.9
logistic_mid0.86_baseline_rho00.75,logistic,0.75,0.86,-0.10999999999999999,baseline,0.015,0.92,True,False,False,nan,nan,126.75,9.1875,96.0,96.0,False,nan,nan,nan,nan,nan,nan,nan,nan,nan,False,nan,nan,nan,nan,nan,nan,nan,nan,nan,True,83.73199916510397,857.6233339107862,57.43093953496405,0.10984455614603827,0.3194586896144652,0.6212475334546953,0.7523361982189345,7.4682960376736225e-06,0.023780460828359603,False,nan,nan,nan,nan,nan,nan,nan,nan,nan,0.9
logistic_mid0.86_baseline_rho00.80,logistic,0.8,0.86,-0.05999999999999994,baseline,0.015,0.85,True,True,True,-10.845572884898203,0.0,126.75,9.1875,96.0,96.0,True,105.9659792593643,177.9680538839174,56.9873157007778,0.08412315513396751,0.2850026751327644,0.30454130279733105,0.05853870285551585,0.14884146528942677,0.12885732937753847,True,1.5951475888127566,197.26970887973258,45.204593381247804,0.05205895505842064,0.5055239977334827,0.4127042511027305,0.05855555665405684,0.0019530875805929978,0.1254643130254212,True,1.5965492234921994,178.1577078711609,45.06607714069022,0.05183867807665718,0.509386936882709,0.38276508232014617,0.05854382881269133,2.514926079853925e-06,0.1593036597428292,True,1.5965492234921994,178.1577078711609,45.06607714069022,0.05183867807665718,0.509386936882709,0.38276508232014617,0.05854382881269133,2.514926079853925e-06,0.18130744925533465,0.9
logistic_mid0.86_baseline_rho00.80,logistic,0.8,0.86,-0.05999999999999994,baseline,0.015,0.88,True,True,True,-4.363409877005686,9.331643883004375,126.75,9.1875,96.0,96.0,True,111.44505612173027,271.5078755376785,59.88704611506386,0.10097030853758136,0.2558095300257112,0.34327065011552377,0.24766439116996458,0.1488476159060611,0.04456145185873344,True,2.4868626558319424,283.35487699573787,48.08572816229389,0.06363593271419793,0.4547541404621261,0.4386359908897524,0.24766569133861738,0.0019530912107291027,0.054130133761064354,True,5.048388127398101,248.33312745006785,47.944281979063284,0.06337651721680672,0.458481999835371,0.3983185007508271,0.247664698917531,4.326667695245916e-06,0.05539506812403439,True,19.44091894275651,225.15956435290013,48.0189960269586,0.06353947029593472,0.45668378683524025,0.36854212399537256,0.24766380447402897,0.0007012181465699312,0.06368550504243306,0.9
logistic_mid0.86_baseline_rho00.80,logistic,0.8,0.86,-0.05999999999999994,baseline,0.015,0.9,True,True,True,5.866979212717777,11.179385724809931,126.75,9.1875,96.0,96.0,True,117.45025087787728,487.86293928047957,62.32014447949982,0.11682111488460763,0.23468449857356577,0.45318900974449433,0.49999999996149463,0.14884766961706786,0.027226941410060122,True,5.151853389050679,459.2401220463399,50.64051681697442,0.07483656690520771,0.41313972305836755,0.5234269031938856,0.50000000074955,0.0019530933885011084,0.03287852599970458,True,15.615013638562715,402.39389866138094,50.49956939865339,0.0745421364927839,0.416647928449276,0.4789855314606606,0.49999999999962313,5.430580365644547e-06,0.032829527276538886,True,80.74892716353382,357.4087325969244,50.640950006029065,0.07490269357691887,0.41353245287991514,0.4384137963165473,0.49999999999982925,0.0011751569612583684,0.033092940580367845,0.9
logistic_mid0.86_baseline_rho00.80,logistic,0.8,0.86,-0.05999999999999994,baseline,0.015,0.92,True,False,False,nan,nan,126.75,9.1875,96.0,96.0,False,nan,nan,nan,nan,nan,nan,nan,nan,nan,False,nan,nan,nan,nan,nan,nan,nan,nan,nan,True,81.87426104850479,830.5578902301976,53.8558469695993,0.09065905496285884,0.3665878772500338,0.6348959558126275,0.7523361976919007,7.4191957315715295e-06,0.023939940247652173,False,nan,nan,nan,nan,nan,nan,nan,nan,nan,0.9
logistic_mid0.86_baseline_rho00.85,logistic,0.85,0.86,-0.010000000000000009,baseline,0.015,0.85,False,False,False,nan,nan,126.75,9.1875,96.0,96.0,True,0.1,150.0,41.776568302755074,0.039886876908611556,0.5724048603859706,0.3519131860214949,0.058536902874367754,8.187130052845728e-11,1.0323434076896315e-90,True,0.6516666666666602,150.00000000000017,41.79202661109357,0.03990747271525175,0.5719458791788188,0.3517957185279166,0.058536902874367754,0.0001708374880136148,0.2124252185851706,True,0.0,150.0,41.77656829534832,0.03988687689874908,0.5724048606059915,0.3519131860777932,0.058536902874367754,0.0,0.06586055591037968,True,0.0,150.0,41.77656829534832,0.03988687689874908,0.5724048606059915,0.3519131860777932,0.058536902874367754,0.0,0.14105096429952166,0.9
logistic_mid0.86_baseline_rho00.85,logistic,0.85,0.86,-0.010000000000000009,baseline,0.015,0.88,True,True,True,-9.340515938608629,10.557218772125287,126.75,9.1875,96.0,96.0,True,110.09482514241512,248.58480347866316,52.92960903557405,0.06806717275396026,0.3390895363496759,0.3569389151122292,0.24766417273736557,0.08406779505317422,0.040762467852698187,True,2.1680566889211894,271.80390666854663,44.38231605582367,0.04903792587329846,0.5211435967565108,0.44929253446379064,0.24767144352510098,0.001031856835327361,0.04995711301120029,True,3.817988203202016,238.55290931767138,44.284897835103884,0.048889783817630865,0.5239050924445894,0.4084325548162526,0.24766527103114033,2.30110506795329e-06,0.051671684576738514,True,20.687301976012222,213.36835679373516,44.380948302994156,0.049043899915830726,0.5212408961042939,0.37396018058572456,0.2476638374022783,0.0009347525105047191,0.054897802970676264,0.9
logistic_mid0.86_baseline_rho00.85,logistic,0.85,0.86,-0.010000000000000009,baseline,0.015,0.9,True,True,True,2.7080933762156727,11.30184577467197,126.75,9.1875,96.0,96.0,True,116.91323965165164,456.8341767713748,55.25159671528091,0.07946316783213404,0.3096374475714805,0.4760829889971658,0.49999999940052386,0.08406798882698768,0.02693089566822349,True,4.811284891059973,444.4626806899398,46.64642208959302,0.0578222388809221,0.4800326131156619,0.5402191642647769,0.49999999827782693,0.0010318595014963663,0.03307966376685089,True,14.242520067684442,389.435264343315,46.546269960946866,0.057652109744783464,0.4827545168207098,0.4947528998405676,0.5000000000352308,3.639938842374666e-06,0.033019856983392645,True,82.12311677012808,345.42189137504744,46.72041079709406,0.05797808943538935,0.4782345679053872,0.45268012837174976,0.49999999999996503,0.0015107467527789875,0.033102505787537866,0.9
logistic_mid0.86_baseline_rho00.85,logistic,0.85,0.86,-0.010000000000000009,baseline,0.015,0.92,True,False,False,nan,nan,126.75,9.1875,96.0,96.0,False,nan,nan,nan,nan,nan,nan,nan,nan,nan,False,nan,nan,nan,nan,nan,nan,nan,nan,nan,True,79.50360157884788,798.7202227159297,49.569727001087976,0.07039047380794446,0.431560142784814,0.651691336939874,0.7523361984851655,6.16830116987884e-06,0.02416865783437849,False,nan,nan,nan,nan,nan,nan,nan,nan,nan,0.9
logistic_mid0.86_broad_rho00.65,logistic,0.65,0.86,-0.20999999999999996,broad,0.03,0.85,True,True,True,-10.639090248637922,0.0,126.75,9.1875,96.0,96.0,True,108.8360103227505,195.58017207809098,63.592960357808494,0.12691561198478948,0.22564154910231757,0.2994808130314026,0.058541266761714277,0.24422190819891193,0.13761759429734605,True,2.0699499931435676,216.38812309392043,52.922245390016805,0.08567012231984893,0.378796143289536,0.39392258059814755,0.058554710821914796,0.003160097602315106,0.15725817052701985,True,3.343034792767567,191.844395131134,52.79877037728705,0.08537463812081168,0.3816843110754284,0.3594932455915393,0.05854286464511767,3.3081607224684274e-06,0.1762038138703462,True,3.343034792767567,191.844395131134,52.79877037728705,0.08537463812081168,0.3816843110754284,0.3594932455915393,0.05854286464511767,3.3081607224684274e-06,0.19518765786681946,0.9
logistic_mid0.86_broad_rho00.65,logistic,0.65,0.86,-0.20999999999999996,broad,0.03,0.88,True,True,True,-3.9842323956860946,8.965260248044537,126.75,9.1875,96.0,96.0,True,112.6593035213198,290.59251107605223,66.72871870180464,0.15080386695685258,0.20357458308377552,0.3311699992604645,0.24766567761788005,0.2442226749489323,0.046353323447026494,True,2.965175212428584,302.170392041782,56.42951670058004,0.10391251826911671,0.33096878826966813,0.4069489857501708,0.24767336105136817,0.0031601006791755018,0.05447040502339698,True,6.9050624812806705,264.84011160786116,56.31198364204693,0.10357289631999109,0.33343861793474056,0.36835571614209456,0.24766514239502416,4.8906914146704274e-06,0.055127315752724275,True,21.98316299730956,241.0965063610048,56.389981232259494,0.10387918202725911,0.33219378340352096,0.3413067443365847,0.2476638154996601,0.0006328502453998867,0.06367241228189656,0.9
logistic_mid0.86_broad_rho00.65,logistic,0.65,0.86,-0.20999999999999996,broad,0.03,0.9,True,True,True,4.595542901826698,10.868885685317215,126.75,9.1875,96.0,96.0,True,118.00346850260206,515.7189098093285,69.36657689344123,0.1729480225611735,0.18742336825644632,0.43514153526380117,0.49999999918266425,0.24422274091417837,0.0274735938243143,True,5.736253367731308,492.01882605620784,59.428049570771016,0.12126875455782253,0.2950913328176536,0.48821055730188173,0.5000000017936103,0.0031601081049674423,0.03238825689443587,True,18.11492704636145,431.6740812345098,59.318550115554366,0.12089457337797976,0.29714811911114364,0.4453573962042021,0.5000000000069278,8.7137525150422e-06,0.03236506214528703,True,95.62848204595758,384.75591881198756,59.67246755368779,0.12252894856566975,0.2923113260449209,0.40627532182151155,0.5000000000000806,0.002276891680162824,0.03253695060099536,0.9
logistic_mid0.86_broad_rho00.65,logistic,0.65,0.86,-0.20999999999999996,broad,0.03,0.92,True,False,False,nan,nan,126.75,9.1875,96.0,96.0,False,nan,nan,nan,nan,nan,nan,nan,nan,nan,False,nan,nan,nan,nan,nan,nan,nan,nan,nan,True,89.9493936077554,900.692977095187,63.13449216645185,0.1454463497164122,0.2575538608306637,0.6005887139408421,0.7523361980691078,3.7761769550341975e-05,0.023583955217080444,False,nan,nan,nan,nan,nan,nan,nan,nan,nan,0.9
logistic_mid0.86_broad_rho00.70,logistic,0.7,0.86,-0.16000000000000003,broad,0.03,0.85,True,True,True,-10.68963992732208,0.0,126.75,9.1875,96.0,96.0,True,108.25238608920175,191.63041408658165,61.71157688775976,0.11352903554576038,0.240401367987613,0.30217483974436565,0.05853786376542642,0.21313437900285462,0.1370497175783269,True,1.9489840628116681,212.11501534367352,50.63281194932464,0.07482069147364115,0.41333151269347157,0.40165266167918506,0.05855458141784958,0.002766690551856587,0.1536224617267747,True,2.894168038553682,188.65578806295514,50.50278112707938,0.074546098841787,0.4165611214869517,0.36774220033370875,0.0585419851066227,3.079832085012573e-06,0.17623648680374307,True,2.894168038553682,188.65578806295514,50.50278112707938,0.074546098841787,0.4165611214869517,0.36774220033370875,0.0585419851066227,3.079832085012573e-06,0.19206361679889306,0.9
logistic_mid0.86_broad_rho00.70,logistic,0.7,0.86,-0.16000000000000003,broad,0.03,0.88,True,True,True,-3.9057536104257395,9.0194014839461,126.75,9.1875,96.0,96.0,True,112.36689298975132,285.6582536091529,64.77682827418488,0.1352958132665615,0.21663780081630457,0.33483076655572863,0.24766581109459393,0.2131355791934765,0.04606598675108385,True,2.8375868154422035,296.8153611629715,53.988638159461026,0.09098611098840759,0.36355225918648304,0.4161363062819053,0.2476728087273033,0.0027666940598545155,0.054577251330239045,True,6.408481081103559,260.1142046862207,53.86231978006274,0.09066836336262905,0.3664241424437485,0.3770150948016902,0.24766522912764682,4.876728404493352e-06,0.05537539080691931,True,21.36640369787712,236.65346024879713,53.94772838468152,0.09095482172507516,0.36486948797668967,0.349278678353615,0.24766384540635983,0.0007171516183950335,0.06406552071411879,0.9
logistic_mid0.86_broad_rho00.70,logistic,0.7,0.86,-0.16000000000000003,broad,0.03,0.9,True,True,True,5.029831146838024,10.899317726450803,126.75,9.1875,96.0,96.0,True,117.86028495921285,508.08029357898187,67.3543644952313,0.15556411249387894,0.19930654941290107,0.44013675448031325,0.4999999991342747,0.21313566610755494,0.027424671835674545,True,5.5766309378557395,482.52471272160017,56.886815251061094,0.10644877023520083,0.32519422869852616,0.49802296994931977,0.49999999894702296,0.0027667026743004607,0.032505068951909175,True,17.460400644812996,423.1841865616075,56.76725310032233,0.10609665605620036,0.32767364671117394,0.454718066891972,0.49999999998645783,9.30349095687495e-06,0.03247320994522111,True,95.01986700861043,377.05999750016156,57.15701606499829,0.1076486843664783,0.32154321723256535,0.414659190784907,0.5000000000000406,0.002614649786162046,0.03259378286599257,0.9
logistic_mid0.86_broad_rho00.70,logistic,0.7,0.86,-0.16000000000000003,broad,0.03,0.92,True,False,False,nan,nan,126.75,9.1875,96.0,96.0,False,nan,nan,nan,nan,nan,nan,nan,nan,nan,False,nan,nan,nan,nan,nan,nan,nan,nan,nan,True,88.87482148498194,880.7932884225148,60.48711407413249,0.12809972447036905,0.2842842109053969,0.6099701042482646,0.7523361979350807,4.366333389314595e-05,0.023664872984217846,False,nan,nan,nan,nan,nan,nan,nan,nan,nan,0.9
logistic_mid0.86_broad_rho00.75,logistic,0.75,0.86,-0.10999999999999999,broad,0.03,0.85,True,True,True,-10.917630885192073,0.0,126.75,9.1875,96.0,96.0,True,107.40009997202318,186.16367926995042,59.38531755515892,0.09854292207131395,0.2610927448944699,0.3050676180756438,0.058536933293606944,0.17913845082087956,0.13551944008248257,True,1.7991110828480341,206.48834261493644,48.07834766580033,0.06362327957570739,0.45495053868576363,0.4090658785708556,0.058555081986397285,0.00232831014802286,0.14573418102828212,True,2.341295855953122,184.5722375186716,47.94506441983331,0.06337733780764282,0.4584597816572592,0.3762301757354693,0.058541593449325656,2.643608581295072e-06,0.17312658991365182,True,2.341295855953122,184.5722375186716,47.94506441983331,0.06337733780764282,0.4584597816572592,0.3762301757354693,0.058541593449325656,2.643608581295072e-06,0.18752362966388844,0.9
logistic_mid0.86_broad_rho00.75,logistic,0.75,0.86,-0.10999999999999999,broad,0.03,0.88,True,True,True,-4.101027561369472,9.109755413381173,126.75,9.1875,96.0,96.0,True,111.97766468105186,279.22220465769556,62.37256113327504,0.11786199891839894,0.23483107216146062,0.339410242118511,0.2476657654895141,0.17914070966808515,0.04558075415627502,True,2.68370598841846,290.6731842281711,51.23155192161993,0.07757055125361362,0.404009062147521,0.426714243563295,0.24766912219956932,0.0023283141977177737,0.05458539530214645,True,5.812328915347251,254.7225589947835,51.098943770847825,0.0772836945940876,0.40726008795601953,0.38699633320607646,0.24766538132368707,4.706126963934778e-06,0.055574629244351116,True,20.68893951637232,231.51795688765316,51.193317048048,0.07754548375607016,0.4052925972298519,0.35837875822491727,0.24766380683768996,0.0008220002204290569,0.0642918528039065,0.9
logistic_mid0.86_broad_rho00.75,logistic,0.75,0.86,-0.10999999999999999,broad,0.03,0.9,True,True,True,5.359170217026485,10.932262894189218,126.75,9.1875,96.0,96.0,True,117.67760805027497,498.38268108525864,64.88290528897731,0.135947458879818,0.2157655413937262,0.446577463362424,0.5000000002194358,0.17914083460108476,0.027351886341944433,True,5.387299091615007,471.67350487371937,53.988422544879406,0.09098681666084119,0.3635599262530495,0.5096233205974484,0.49999999809334833,0.002328324351507532,0.03266543544001746,True,16.688739379945346,413.50118009489137,53.86020360375113,0.09066641489180807,0.36648176945687017,0.4657845348940613,0.49999999999124717,9.908610470364622e-06,0.03262472364261929,True,94.39134897914454,368.296144016343,54.294057743538005,0.09210756501968695,0.35855650443799425,0.4245600690551333,0.49999999999994965,0.0030439161597944917,0.032677183584122575,0.9
logistic_mid0.86_broad_rho00.75,logistic,0.75,0.86,-0.10999999999999999,broad,0.03,0.92,True,False,False,nan,nan,126.75,9.1875,96.0,96.0,False,nan,nan,nan,nan,nan,nan,nan,nan,nan,False,nan,nan,nan,nan,nan,nan,nan,nan,nan,True,87.6576861057278,857.6762459440238,57.43970877456229,0.10988057094035152,0.3193243225014351,0.6211972650173441,0.7523361977948629,5.154157098240133e-05,0.02377595569024847,False,nan,nan,nan,nan,nan,nan,nan,nan,nan,0.9
logistic_mid0.86_broad_rho00.80,logistic,0.8,0.86,-0.05999999999999994,broad,0.03,0.85,True,True,True,-11.543458036240004,0.0,126.75,9.1875,96.0,96.0,True,105.85485895494863,176.83350915457603,55.84181898657084,0.07944025544617757,0.299212322184594,0.3088798912013789,0.05853761882572044,0.13614391860547972,0.1316365843449204,True,1.594955543268487,197.24621107784515,45.18976386663479,0.05203530892656294,0.5059359574712942,0.41279460522910705,0.058555432946501305,0.0017452982023985412,0.12548100292416534,True,1.5948295968191422,178.15757374935393,45.06601865059698,0.051838576937266595,0.509388517003876,0.3827653482489574,0.05854369051908653,1.819952086193841e-06,0.1593036029221446,True,1.5948295968191422,178.15757374935393,45.06601865059698,0.051838576937266595,0.509388517003876,0.3827653482489574,0.05854369051908653,1.819952086193841e-06,0.18074794962450846,0.9
logistic_mid0.86_broad_rho00.80,logistic,0.8,0.86,-0.05999999999999994,broad,0.03,0.88,True,True,True,-5.341688572987121,9.322063114308182,126.75,9.1875,96.0,96.0,True,111.37907522684223,268.9461885468231,58.73529837932022,0.09554029388729787,0.26823510747428475,0.3469414196245129,0.24766538727546222,0.13615073037951947,0.04462422605150053,True,2.4866429212518115,283.31245636791317,48.070774849936285,0.063608271943987,0.4551460401476686,0.43872224475725013,0.24766643468695032,0.0017453029680820633,0.05413322964414068,True,5.052344738401003,248.33388053342594,47.94429500129521,0.06337656927102378,0.4584818248101965,0.3983192049829257,0.24766509267774303,4.224090609794676e-06,0.05539577781865061,True,20.033280582510386,225.1840394558893,48.050219037052656,0.06360901640452407,0.45594517237066984,0.3683400613368487,0.2476638182974345,0.0009594833341657418,0.06359521317199468,0.9
logistic_mid0.86_broad_rho00.80,logistic,0.8,0.86,-0.05999999999999994,broad,0.03,0.9,True,True,True,4.9651392851013725,10.972441428861657,126.75,9.1875,96.0,96.0,True,117.40691757507375,483.15164126512843,61.168296391268534,0.11073164335412151,0.24575406328939098,0.4572576190437243,0.4999999993316183,0.13615095171359748,0.027234507186989332,True,5.152807024010212,459.1624893180615,50.62579203334237,0.07480536476327172,0.4135034277295706,0.5235129717587544,0.5000000007473733,0.0017453151486874017,0.03287948708394591,True,15.740604743803315,402.3970077415713,50.50031535481749,0.07454412504251864,0.4166320047097815,0.47898187786736046,0.4999999999873853,1.0433167798562732e-05,0.03282954372275809,True,93.89548094770068,358.2442317556355,50.98950364742729,0.07583856102246649,0.4061791895023158,0.436342487512575,0.49999999999993233,0.0036013054365496905,0.03278216508915756,0.9
logistic_mid0.86_broad_rho00.80,logistic,0.8,0.86,-0.05999999999999994,broad,0.03,0.92,True,False,False,nan,nan,126.75,9.1875,96.0,96.0,False,nan,nan,nan,nan,nan,nan,nan,nan,nan,False,nan,nan,nan,nan,nan,nan,nan,nan,nan,True,86.23947538562402,830.6210309639004,53.866082287670565,0.09069274336154606,0.36639897416381334,0.6348332121057998,0.7523361987816828,6.222210509989573e-05,0.023934161545786946,False,nan,nan,nan,nan,nan,nan,nan,nan,nan,0.9
logistic_mid0.86_broad_rho00.85,logistic,0.85,0.86,-0.010000000000000009,broad,0.03,0.85,False,False,False,nan,nan,126.75,9.1875,96.0,96.0,True,62.15,150.00000000000134,42.72560312571656,0.041198761098134466,0.5450156406677852,0.34481375545199944,0.058536902874367754,0.010367885879815367,0.16695851133326206,True,0.0066666666666666905,150.0,41.7765682958225,0.03988687689938049,0.5724048605919054,0.35191318607418887,0.058536902874367754,5.24149040438666e-12,2.1746891544309263e-87,True,0.0,150.0,41.77656829534832,0.03988687689874908,0.5724048606059915,0.3519131860777932,0.058536902874367754,0.0,0.06586055591037969,True,0.0,150.0,41.77656829534832,0.03988687689874908,0.5724048606059915,0.3519131860777932,0.058536902874367754,0.0,0.14105096429952166,0.9
logistic_mid0.86_broad_rho00.85,logistic,0.85,0.86,-0.010000000000000009,broad,0.03,0.88,True,True,True,-10.305379696128087,10.544938988735984,126.75,9.1875,96.0,96.0,True,110.04023279223145,246.3801237491714,51.969141209104215,0.06517430142270463,0.35449278981893745,0.3605386664929904,0.24766442270658526,0.07547641416684552,0.04084326919166386,True,2.167911182375707,271.77053099731376,44.370427516894736,0.049019769309003466,0.5214796049318954,0.44935941051474676,0.24767121013250598,0.0009058847947089977,0.049958162797573404,True,3.8241076092300017,238.55349651002078,44.28497837068684,0.048889919164801454,0.5239028972711094,0.4084326061695492,0.24766538301620838,3.0126676863171608e-06,0.051672108926402234,True,21.334567067050287,213.39817584754266,44.41696635693196,0.04910381653428432,0.5202620220696939,0.37371994150726445,0.2476638360062238,0.0012489532999455293,0.05480768393403216,0.9
logistic_mid0.86_broad_rho00.85,logistic,0.85,0.86,-0.010000000000000009,broad,0.03,0.9,True,True,False,1.8186064195612954,nan,126.75,9.1875,96.0,96.0,True,116.88119304886305,452.6339927326287,54.28692710895345,0.07618089351069739,0.3236114022976517,0.4801179807401849,0.5000000003800092,0.07547717175748789,0.02694233406675383,True,4.812523126030813,444.4023618836765,46.6343506213156,0.057801527141994706,0.48035929020904317,0.5402903218281153,0.4999999983378944,0.0009058997445817905,0.03308076747686426,True,14.380843051498127,389.43925160879354,46.54719457064864,0.05765391846879162,0.4827310291517463,0.4947479818401607,0.5000000000208953,1.0563710449031055e-05,0.0330197828431833,False,nan,nan,nan,nan,nan,nan,nan,nan,nan,0.9
logistic_mid0.86_broad_rho00.85,logistic,0.85,0.86,-0.010000000000000009,broad,0.03,0.92,True,False,False,nan,nan,126.75,9.1875,96.0,96.0,False,nan,nan,nan,nan,nan,nan,nan,nan,nan,False,nan,nan,nan,nan,nan,nan,nan,nan,nan,True,84.40455839585708,798.7967507600526,49.58198961301005,0.07042051472087726,0.4312840410510146,0.6516112176119927,0.7523361984903096,7.682004702419507e-05,0.024161069124244785,False,nan,nan,nan,nan,nan,nan,nan,nan,nan,0.9
