candidate_id,rho_target,initial_topology,heating_rate_C_min,peak_T_C,response_class,n_cases,HR_pct_median,PR_difference_median,fine_difference_median
mech_009_PR_attrition_moderate,0.85,GBseg_rich,0.2,1300.0,unattainable,72,,,
mech_009_PR_attrition_moderate,0.85,GBseg_rich,0.2,1350.0,unattainable,72,,,
mech_009_PR_attrition_moderate,0.85,GBseg_rich,0.2,1400.0,unattainable,72,,,
mech_009_PR_attrition_moderate,0.85,GBseg_rich,0.2,1450.0,unattainable,72,,,
mech_009_PR_attrition_moderate,0.85,GBseg_rich,0.2,1500.0,unattainable,72,,,
mech_009_PR_attrition_moderate,0.85,GBseg_rich,1.0,1300.0,neutral,14,0.0,0.0,0.0
mech_009_PR_attrition_moderate,0.85,GBseg_rich,1.0,1300.0,unattainable,58,,,
mech_009_PR_attrition_moderate,0.85,GBseg_rich,1.0,1350.0,neutral,32,0.0,0.0,0.0
mech_009_PR_attrition_moderate,0.85,GBseg_rich,1.0,1350.0,unattainable,40,,,
mech_009_PR_attrition_moderate,0.85,GBseg_rich,1.0,1400.0,neutral,44,0.0,0.0,0.0
mech_009_PR_attrition_moderate,0.85,GBseg_rich,1.0,1400.0,unattainable,28,,,
mech_009_PR_attrition_moderate,0.85,GBseg_rich,1.0,1450.0,neutral,56,0.0,0.0,0.0
mech_009_PR_attrition_moderate,0.85,GBseg_rich,1.0,1450.0,unattainable,16,,,
mech_009_PR_attrition_moderate,0.85,GBseg_rich,1.0,1500.0,neutral,68,0.0,0.0,0.0
mech_009_PR_attrition_moderate,0.85,GBseg_rich,1.0,1500.0,unattainable,4,,,
mech_009_PR_attrition_moderate,0.85,GBseg_rich,5.0,1300.0,beneficial,3,1.1903940436941467,840739.5418722357,0.00122964218245
mech_009_PR_attrition_moderate,0.85,GBseg_rich,5.0,1300.0,neutral,11,0.0297197497711507,394435.83184016147,0.0028223474207014
mech_009_PR_attrition_moderate,0.85,GBseg_rich,5.0,1300.0,unattainable,58,,,
mech_009_PR_attrition_moderate,0.85,GBseg_rich,5.0,1350.0,beneficial,14,3.075218138830489,1331087.8945975685,0.0037602920305949
mech_009_PR_attrition_moderate,0.85,GBseg_rich,5.0,1350.0,neutral,18,0.1261715860578619,415429.6042556706,0.002538072907372
mech_009_PR_attrition_moderate,0.85,GBseg_rich,5.0,1350.0,unattainable,40,,,
mech_009_PR_attrition_moderate,0.85,GBseg_rich,5.0,1400.0,beneficial,20,3.1993691586463844,1626294.4009156981,0.0055672837181441
mech_009_PR_attrition_moderate,0.85,GBseg_rich,5.0,1400.0,neutral,21,0.0970847093006718,416885.0841045833,0.0036545690985231
mech_009_PR_attrition_moderate,0.85,GBseg_rich,5.0,1400.0,unattainable,31,,,
mech_009_PR_attrition_moderate,0.85,GBseg_rich,5.0,1450.0,beneficial,6,1.3507370629499178,2157554.051618964,0.011440970264316602
mech_009_PR_attrition_moderate,0.85,GBseg_rich,5.0,1450.0,harmful,30,-2.6714133309594956,742183.1149095178,0.00478417610315875
mech_009_PR_attrition_moderate,0.85,GBseg_rich,5.0,1450.0,neutral,17,-0.8836702031994562,1354460.983598914,0.0011244245626656
mech_009_PR_attrition_moderate,0.85,GBseg_rich,5.0,1450.0,unattainable,19,,,
mech_009_PR_attrition_moderate,0.85,GBseg_rich,5.0,1500.0,harmful,54,-8.4893229341797,994097.9035359337,0.0044623840942484
mech_009_PR_attrition_moderate,0.85,GBseg_rich,5.0,1500.0,unattainable,18,,,
mech_009_PR_attrition_moderate,0.85,GBseg_rich,20.0,1300.0,beneficial,3,1.36866113748118,1037369.1805888232,0.0010784108681005
mech_009_PR_attrition_moderate,0.85,GBseg_rich,20.0,1300.0,neutral,11,0.0382217117162649,481290.7910878153,0.0031032199932454
mech_009_PR_attrition_moderate,0.85,GBseg_rich,20.0,1300.0,unattainable,58,,,
mech_009_PR_attrition_moderate,0.85,GBseg_rich,20.0,1350.0,beneficial,14,4.193699004164923,1699708.816985958,0.0049025428506883
mech_009_PR_attrition_moderate,0.85,GBseg_rich,20.0,1350.0,neutral,18,0.1596334160820123,504805.41429972736,0.0031821515185724
mech_009_PR_attrition_moderate,0.85,GBseg_rich,20.0,1350.0,unattainable,40,,,
mech_009_PR_attrition_moderate,0.85,GBseg_rich,20.0,1400.0,beneficial,22,5.548677606834138,2114262.0544080343,0.0065490981447777
mech_009_PR_attrition_moderate,0.85,GBseg_rich,20.0,1400.0,neutral,19,0.0387538387988212,490621.9815649217,0.0049575496709466
mech_009_PR_attrition_moderate,0.85,GBseg_rich,20.0,1400.0,unattainable,31,,,
mech_009_PR_attrition_moderate,0.85,GBseg_rich,20.0,1450.0,beneficial,8,4.7949030900306715,3320155.29212796,0.0105598834491084
mech_009_PR_attrition_moderate,0.85,GBseg_rich,20.0,1450.0,harmful,24,-3.3232037068952023,721996.2192370883,0.005290769352159649
mech_009_PR_attrition_moderate,0.85,GBseg_rich,20.0,1450.0,neutral,20,-0.4324300814478968,1755712.8770447248,0.0030129265687837
mech_009_PR_attrition_moderate,0.85,GBseg_rich,20.0,1450.0,unattainable,20,,,
mech_009_PR_attrition_moderate,0.85,GBseg_rich,20.0,1500.0,harmful,54,-9.2880924397111,1289679.2729071234,0.0054363309816885
mech_009_PR_attrition_moderate,0.85,GBseg_rich,20.0,1500.0,unattainable,18,,,
mech_009_PR_attrition_moderate,0.85,GBseg_rich,50.0,1300.0,beneficial,3,1.4973387773293865,1082303.0826669403,0.00072178131643
mech_009_PR_attrition_moderate,0.85,GBseg_rich,50.0,1300.0,neutral,11,0.0385009518430067,499196.3936080014,0.0032147789216461
mech_009_PR_attrition_moderate,0.85,GBseg_rich,50.0,1300.0,unattainable,58,,,
mech_009_PR_attrition_moderate,0.85,GBseg_rich,50.0,1350.0,beneficial,14,4.202786297935074,1777543.1774021925,0.0046705183836938
mech_009_PR_attrition_moderate,0.85,GBseg_rich,50.0,1350.0,neutral,18,0.1707443132017785,523236.4655364325,0.0034438924666442
mech_009_PR_attrition_moderate,0.85,GBseg_rich,50.0,1350.0,unattainable,40,,,
mech_009_PR_attrition_moderate,0.85,GBseg_rich,50.0,1400.0,beneficial,22,6.477388078046415,2257512.6357785687,0.0070217079833014
mech_009_PR_attrition_moderate,0.85,GBseg_rich,50.0,1400.0,neutral,19,0.0826844386026322,509085.3082623266,0.0048595786319639
mech_009_PR_attrition_moderate,0.85,GBseg_rich,50.0,1400.0,unattainable,31,,,
mech_009_PR_attrition_moderate,0.85,GBseg_rich,50.0,1450.0,beneficial,17,1.3869168940649297,2676242.624628683,0.0111041784162046
mech_009_PR_attrition_moderate,0.85,GBseg_rich,50.0,1450.0,harmful,24,-3.1314842614628264,752288.2440306268,0.00519849918050545
mech_009_PR_attrition_moderate,0.85,GBseg_rich,50.0,1450.0,neutral,11,-0.6455885542895079,1790623.4840181412,0.0030496569068265
mech_009_PR_attrition_moderate,0.85,GBseg_rich,50.0,1450.0,unattainable,20,,,
mech_009_PR_attrition_moderate,0.85,GBseg_rich,50.0,1500.0,harmful,54,-9.574457255381047,1359272.9582239692,0.0055746062437823495
mech_009_PR_attrition_moderate,0.85,GBseg_rich,50.0,1500.0,unattainable,18,,,
mech_009_PR_attrition_moderate,0.85,GBseg_rich,100.0,1300.0,beneficial,3,1.5394426997352058,1097407.6121744176,0.0007288037217158
mech_009_PR_attrition_moderate,0.85,GBseg_rich,100.0,1300.0,neutral,11,0.0399009900697562,505304.0309918799,0.0035189298066632
mech_009_PR_attrition_moderate,0.85,GBseg_rich,100.0,1300.0,unattainable,58,,,
mech_009_PR_attrition_moderate,0.85,GBseg_rich,100.0,1350.0,beneficial,14,4.42497713229683,1805596.050824645,0.0045963779122779
mech_009_PR_attrition_moderate,0.85,GBseg_rich,100.0,1350.0,neutral,18,0.1654318655204005,529408.4523888697,0.0032497923474064
mech_009_PR_attrition_moderate,0.85,GBseg_rich,100.0,1350.0,unattainable,40,,,
mech_009_PR_attrition_moderate,0.85,GBseg_rich,100.0,1400.0,beneficial,22,6.512671110204748,2308644.6549641504,0.0071263960405078
mech_009_PR_attrition_moderate,0.85,GBseg_rich,100.0,1400.0,neutral,19,0.0525842862121398,515299.2537944593,0.004823859562532
mech_009_PR_attrition_moderate,0.85,GBseg_rich,100.0,1400.0,unattainable,31,,,
mech_009_PR_attrition_moderate,0.85,GBseg_rich,100.0,1450.0,beneficial,14,3.3558797876979347,3343052.568102418,0.0114225680010704
mech_009_PR_attrition_moderate,0.85,GBseg_rich,100.0,1450.0,harmful,27,-3.122426263032322,976128.1299602792,0.0056877607570414
mech_009_PR_attrition_moderate,0.85,GBseg_rich,100.0,1450.0,neutral,11,-0.8738757909348178,1823816.7508912536,0.0028314952885432
mech_009_PR_attrition_moderate,0.85,GBseg_rich,100.0,1450.0,unattainable,20,,,
mech_009_PR_attrition_moderate,0.85,GBseg_rich,100.0,1500.0,harmful,54,-9.897285985224483,1383570.3088114257,0.005803414636270401
mech_009_PR_attrition_moderate,0.85,GBseg_rich,100.0,1500.0,unattainable,18,,,
mech_009_PR_attrition_moderate,0.85,TJ_rich,0.2,1300.0,unattainable,72,,,
mech_009_PR_attrition_moderate,0.85,TJ_rich,0.2,1350.0,unattainable,72,,,
mech_009_PR_attrition_moderate,0.85,TJ_rich,0.2,1400.0,unattainable,72,,,
mech_009_PR_attrition_moderate,0.85,TJ_rich,0.2,1450.0,unattainable,72,,,
mech_009_PR_attrition_moderate,0.85,TJ_rich,0.2,1500.0,unattainable,72,,,
mech_009_PR_attrition_moderate,0.85,TJ_rich,1.0,1300.0,neutral,1,0.0,0.0,0.0
mech_009_PR_attrition_moderate,0.85,TJ_rich,1.0,1300.0,unattainable,71,,,
mech_009_PR_attrition_moderate,0.85,TJ_rich,1.0,1350.0,neutral,13,0.0,0.0,0.0
mech_009_PR_attrition_moderate,0.85,TJ_rich,1.0,1350.0,unattainable,59,,,
mech_009_PR_attrition_moderate,0.85,TJ_rich,1.0,1400.0,neutral,29,0.0,0.0,0.0
mech_009_PR_attrition_moderate,0.85,TJ_rich,1.0,1400.0,unattainable,43,,,
mech_009_PR_attrition_moderate,0.85,TJ_rich,1.0,1450.0,neutral,40,0.0,0.0,0.0
mech_009_PR_attrition_moderate,0.85,TJ_rich,1.0,1450.0,unattainable,32,,,
mech_009_PR_attrition_moderate,0.85,TJ_rich,1.0,1500.0,neutral,52,0.0,0.0,0.0
mech_009_PR_attrition_moderate,0.85,TJ_rich,1.0,1500.0,unattainable,20,,,
mech_009_PR_attrition_moderate,0.85,TJ_rich,5.0,1300.0,unattainable,72,,,
mech_009_PR_attrition_moderate,0.85,TJ_rich,5.0,1350.0,beneficial,1,3.032582821476331,792775.9564904438,0.0125316109800378
mech_009_PR_attrition_moderate,0.85,TJ_rich,5.0,1350.0,neutral,12,-0.0619264609617983,129344.12901242805,0.00185803125533385
mech_009_PR_attrition_moderate,0.85,TJ_rich,5.0,1350.0,unattainable,59,,,
mech_009_PR_attrition_moderate,0.85,TJ_rich,5.0,1400.0,beneficial,4,2.309064802524799,852994.6048063781,0.01229666441052645
mech_009_PR_attrition_moderate,0.85,TJ_rich,5.0,1400.0,harmful,11,-1.379133029387407,139744.6291271674,0.0022915407710772
mech_009_PR_attrition_moderate,0.85,TJ_rich,5.0,1400.0,neutral,13,-0.6070295627739698,265048.5999024043,0.0028734283101077
mech_009_PR_attrition_moderate,0.85,TJ_rich,5.0,1400.0,unattainable,44,,,
mech_009_PR_attrition_moderate,0.85,TJ_rich,5.0,1450.0,beneficial,4,1.6059859340367877,870949.0416374821,0.00916887055955415
mech_009_PR_attrition_moderate,0.85,TJ_rich,5.0,1450.0,harmful,28,-2.7336459528934376,142697.612578539,0.00206882794226285
mech_009_PR_attrition_moderate,0.85,TJ_rich,5.0,1450.0,neutral,4,0.17506863903780398,643734.4358853614,0.00952533021715705
mech_009_PR_attrition_moderate,0.85,TJ_rich,5.0,1450.0,unattainable,36,,,
mech_009_PR_attrition_moderate,0.85,TJ_rich,5.0,1500.0,harmful,39,-6.385422932519012,145544.73617142986,0.002765346086049
mech_009_PR_attrition_moderate,0.85,TJ_rich,5.0,1500.0,neutral,4,0.37855180919587345,871903.2973144143,0.00902487727155725
mech_009_PR_attrition_moderate,0.85,TJ_rich,5.0,1500.0,unattainable,29,,,
mech_009_PR_attrition_moderate,0.85,TJ_rich,20.0,1300.0,unattainable,72,,,
mech_009_PR_attrition_moderate,0.85,TJ_rich,20.0,1350.0,beneficial,1,3.5110274699578587,987214.0552646442,0.0149179885778115
mech_009_PR_attrition_moderate,0.85,TJ_rich,20.0,1350.0,neutral,11,-0.161341590914527,166497.15183556936,0.0025055596633232
mech_009_PR_attrition_moderate,0.85,TJ_rich,20.0,1350.0,unattainable,60,,,
mech_009_PR_attrition_moderate,0.85,TJ_rich,20.0,1400.0,beneficial,4,2.43909881508234,1063391.8242217884,0.015172950453366151
mech_009_PR_attrition_moderate,0.85,TJ_rich,20.0,1400.0,harmful,12,-1.837473501597392,167062.4041162179,0.0025547864926201503
mech_009_PR_attrition_moderate,0.85,TJ_rich,20.0,1400.0,neutral,11,-0.7390973643079832,317698.2763214163,0.002986450234578
mech_009_PR_attrition_moderate,0.85,TJ_rich,20.0,1400.0,unattainable,45,,,
mech_009_PR_attrition_moderate,0.85,TJ_rich,20.0,1450.0,beneficial,4,1.586946508372169,1077697.500755945,0.011401087080975949
mech_009_PR_attrition_moderate,0.85,TJ_rich,20.0,1450.0,harmful,28,-3.3280077698982833,170513.93528189883,0.00253748196250515
mech_009_PR_attrition_moderate,0.85,TJ_rich,20.0,1450.0,neutral,4,-0.08285249738169026,797795.049914386,0.0118384564773529
mech_009_PR_attrition_moderate,0.85,TJ_rich,20.0,1450.0,unattainable,36,,,
mech_009_PR_attrition_moderate,0.85,TJ_rich,20.0,1500.0,harmful,38,-7.260711430619983,177733.43064345198,0.0036208877188371
mech_009_PR_attrition_moderate,0.85,TJ_rich,20.0,1500.0,neutral,4,0.0048153465632286285,1079328.0670668532,0.011293415601408001
mech_009_PR_attrition_moderate,0.85,TJ_rich,20.0,1500.0,unattainable,30,,,
mech_009_PR_attrition_moderate,0.85,TJ_rich,50.0,1300.0,unattainable,72,,,
mech_009_PR_attrition_moderate,0.85,TJ_rich,50.0,1350.0,beneficial,2,2.4944888066924715,791178.0201513872,0.012836183252329651
mech_009_PR_attrition_moderate,0.85,TJ_rich,50.0,1350.0,neutral,10,-0.02506979748894805,159429.50387240422,0.002236389138375
mech_009_PR_attrition_moderate,0.85,TJ_rich,50.0,1350.0,unattainable,60,,,
mech_009_PR_attrition_moderate,0.85,TJ_rich,50.0,1400.0,beneficial,4,2.6922361430101898,1107491.3889012146,0.015842365821560248
mech_009_PR_attrition_moderate,0.85,TJ_rich,50.0,1400.0,harmful,13,-1.746540605630904,172570.80412439635,0.0024713568068997
mech_009_PR_attrition_moderate,0.85,TJ_rich,50.0,1400.0,neutral,10,-0.4971863953091158,237698.33925545157,0.00280063073446665
mech_009_PR_attrition_moderate,0.85,TJ_rich,50.0,1400.0,unattainable,45,,,
mech_009_PR_attrition_moderate,0.85,TJ_rich,50.0,1450.0,beneficial,2,2.2172207603270264,1119365.029985929,0.0104355367785491
mech_009_PR_attrition_moderate,0.85,TJ_rich,50.0,1450.0,harmful,28,-3.405538039617617,176119.34977862285,0.0024403449043297
mech_009_PR_attrition_moderate,0.85,TJ_rich,50.0,1450.0,neutral,6,0.2630456788051824,1115168.2492343232,0.0130877134996549
mech_009_PR_attrition_moderate,0.85,TJ_rich,50.0,1450.0,unattainable,36,,,
mech_009_PR_attrition_moderate,0.85,TJ_rich,50.0,1500.0,beneficial,2,1.1602446122829897,1121105.4094256852,0.0104996700284536
mech_009_PR_attrition_moderate,0.85,TJ_rich,50.0,1500.0,harmful,40,-7.8729456223965055,187556.67719447575,0.0036636258964162
mech_009_PR_attrition_moderate,0.85,TJ_rich,50.0,1500.0,unattainable,30,,,
mech_009_PR_attrition_moderate,0.85,TJ_rich,100.0,1300.0,unattainable,72,,,
mech_009_PR_attrition_moderate,0.85,TJ_rich,100.0,1350.0,beneficial,3,1.2044565195210617,560018.1635956777,0.0100432323146708
mech_009_PR_attrition_moderate,0.85,TJ_rich,100.0,1350.0,neutral,9,-0.0399359935643362,148383.19124837118,0.0023983509136864
mech_009_PR_attrition_moderate,0.85,TJ_rich,100.0,1350.0,unattainable,60,,,
mech_009_PR_attrition_moderate,0.85,TJ_rich,100.0,1400.0,beneficial,4,2.541674664725719,1122397.1533091832,0.01607721587223385
mech_009_PR_attrition_moderate,0.85,TJ_rich,100.0,1400.0,harmful,15,-1.4176494105733084,181149.9857242462,0.0029629695338274
mech_009_PR_attrition_moderate,0.85,TJ_rich,100.0,1400.0,neutral,8,-0.5152840538406641,138486.8428555898,0.0022291036596769
mech_009_PR_attrition_moderate,0.85,TJ_rich,100.0,1400.0,unattainable,45,,,
mech_009_PR_attrition_moderate,0.85,TJ_rich,100.0,1450.0,beneficial,4,1.500439459664661,1136236.309604146,0.012019004735394249
mech_009_PR_attrition_moderate,0.85,TJ_rich,100.0,1450.0,harmful,28,-3.510258020744394,177990.67403025692,0.0023385094884169
mech_009_PR_attrition_moderate,0.85,TJ_rich,100.0,1450.0,neutral,4,-0.3374825251456598,841711.4259250988,0.0123375216192107
mech_009_PR_attrition_moderate,0.85,TJ_rich,100.0,1450.0,unattainable,36,,,
mech_009_PR_attrition_moderate,0.85,TJ_rich,100.0,1500.0,harmful,40,-7.570515511955527,189536.33278279775,0.004018886231107801
mech_009_PR_attrition_moderate,0.85,TJ_rich,100.0,1500.0,neutral,2,0.868927743933407,1135604.2260578966,0.0103822691688337
mech_009_PR_attrition_moderate,0.85,TJ_rich,100.0,1500.0,unattainable,30,,,
mech_009_PR_attrition_moderate,0.85,baseline,0.2,1300.0,unattainable,72,,,
mech_009_PR_attrition_moderate,0.85,baseline,0.2,1350.0,unattainable,72,,,
mech_009_PR_attrition_moderate,0.85,baseline,0.2,1400.0,unattainable,72,,,
mech_009_PR_attrition_moderate,0.85,baseline,0.2,1450.0,unattainable,72,,,
mech_009_PR_attrition_moderate,0.85,baseline,0.2,1500.0,unattainable,72,,,
mech_009_PR_attrition_moderate,0.85,baseline,1.0,1300.0,neutral,4,0.0,0.0,0.0
mech_009_PR_attrition_moderate,0.85,baseline,1.0,1300.0,unattainable,68,,,
mech_009_PR_attrition_moderate,0.85,baseline,1.0,1350.0,neutral,21,0.0,0.0,0.0
mech_009_PR_attrition_moderate,0.85,baseline,1.0,1350.0,unattainable,51,,,
mech_009_PR_attrition_moderate,0.85,baseline,1.0,1400.0,neutral,35,0.0,0.0,0.0
mech_009_PR_attrition_moderate,0.85,baseline,1.0,1400.0,unattainable,37,,,
mech_009_PR_attrition_moderate,0.85,baseline,1.0,1450.0,neutral,45,0.0,0.0,0.0
mech_009_PR_attrition_moderate,0.85,baseline,1.0,1450.0,unattainable,27,,,
mech_009_PR_attrition_moderate,0.85,baseline,1.0,1500.0,neutral,58,0.0,0.0,0.0
mech_009_PR_attrition_moderate,0.85,baseline,1.0,1500.0,unattainable,14,,,
mech_009_PR_attrition_moderate,0.85,baseline,5.0,1300.0,beneficial,1,1.0599015443835706,603542.9298058104,0.0057182423735129
mech_009_PR_attrition_moderate,0.85,baseline,5.0,1300.0,neutral,3,0.0212801173006455,194384.9084282838,0.0028486748368366
mech_009_PR_attrition_moderate,0.85,baseline,5.0,1300.0,unattainable,68,,,
mech_009_PR_attrition_moderate,0.85,baseline,5.0,1350.0,beneficial,7,2.009062432027258,1026424.3395744304,0.0067007094907643
mech_009_PR_attrition_moderate,0.85,baseline,5.0,1350.0,neutral,14,0.020538029738246352,216024.3623768791,0.00211677263989005
mech_009_PR_attrition_moderate,0.85,baseline,5.0,1350.0,unattainable,51,,,
mech_009_PR_attrition_moderate,0.85,baseline,5.0,1400.0,beneficial,9,1.9974646053818357,1534956.4803904656,0.0100437885049467
mech_009_PR_attrition_moderate,0.85,baseline,5.0,1400.0,harmful,2,-1.487744338149806,350281.9536068893,0.003982012894726
mech_009_PR_attrition_moderate,0.85,baseline,5.0,1400.0,neutral,24,-0.1749408449092083,289558.51550375385,0.002351392727318
mech_009_PR_attrition_moderate,0.85,baseline,5.0,1400.0,unattainable,37,,,
mech_009_PR_attrition_moderate,0.85,baseline,5.0,1450.0,beneficial,3,1.1314604757671252,1570066.0130110127,0.015817472320833
mech_009_PR_attrition_moderate,0.85,baseline,5.0,1450.0,harmful,33,-2.2821568348400074,355962.53290089476,0.0031822375334899
mech_009_PR_attrition_moderate,0.85,baseline,5.0,1450.0,neutral,6,-0.0046625214474752,1716203.173675119,0.0068175247696784
mech_009_PR_attrition_moderate,0.85,baseline,5.0,1450.0,unattainable,30,,,
mech_009_PR_attrition_moderate,0.85,baseline,5.0,1500.0,harmful,53,-6.667888992585229,361846.72666083416,0.0027666093120483
mech_009_PR_attrition_moderate,0.85,baseline,5.0,1500.0,unattainable,19,,,
mech_009_PR_attrition_moderate,0.85,baseline,20.0,1300.0,beneficial,1,1.316687814622021,742269.8294209954,0.0070692629982719
mech_009_PR_attrition_moderate,0.85,baseline,20.0,1300.0,neutral,3,0.0245602961514219,232926.4140044625,0.0033291978955133
mech_009_PR_attrition_moderate,0.85,baseline,20.0,1300.0,unattainable,68,,,
mech_009_PR_attrition_moderate,0.85,baseline,20.0,1350.0,beneficial,8,2.096951574616835,1257961.094508633,0.0087810233020485
mech_009_PR_attrition_moderate,0.85,baseline,20.0,1350.0,neutral,13,0.0278623887134791,249783.81816815952,0.002413537361905
mech_009_PR_attrition_moderate,0.85,baseline,20.0,1350.0,unattainable,51,,,
mech_009_PR_attrition_moderate,0.85,baseline,20.0,1400.0,beneficial,7,4.2901309504493845,2057741.6988760713,0.0134748753514407
mech_009_PR_attrition_moderate,0.85,baseline,20.0,1400.0,harmful,2,-1.5406351382965562,423963.8710613469,0.0054726286677748
mech_009_PR_attrition_moderate,0.85,baseline,20.0,1400.0,neutral,26,-0.2121960217298261,428662.64471308206,0.0028728387486172
mech_009_PR_attrition_moderate,0.85,baseline,20.0,1400.0,unattainable,37,,,
mech_009_PR_attrition_moderate,0.85,baseline,20.0,1450.0,beneficial,3,1.842724250103085,2132722.041738133,0.0211472336580978
mech_009_PR_attrition_moderate,0.85,baseline,20.0,1450.0,harmful,35,-2.643538558418885,429428.2183238816,0.0037094666680428
mech_009_PR_attrition_moderate,0.85,baseline,20.0,1450.0,neutral,4,0.15817922824456848,2346305.1389692225,0.010641489622532349
mech_009_PR_attrition_moderate,0.85,baseline,20.0,1450.0,unattainable,30,,,
mech_009_PR_attrition_moderate,0.85,baseline,20.0,1500.0,harmful,48,-8.176182729355048,641670.8313486646,0.0035719784086106
mech_009_PR_attrition_moderate,0.85,baseline,20.0,1500.0,unattainable,24,,,
mech_009_PR_attrition_moderate,0.85,baseline,50.0,1300.0,beneficial,1,1.2569365129318746,769863.8942486749,0.0068377669789589
mech_009_PR_attrition_moderate,0.85,baseline,50.0,1300.0,neutral,3,0.0300037424292572,240767.6868244611,0.00380255899494
mech_009_PR_attrition_moderate,0.85,baseline,50.0,1300.0,unattainable,68,,,
mech_009_PR_attrition_moderate,0.85,baseline,50.0,1350.0,beneficial,9,2.3192499374262496,1285144.572873226,0.009103168121199
mech_009_PR_attrition_moderate,0.85,baseline,50.0,1350.0,neutral,12,0.0098922848630504,250101.6455414093,0.00237570573652675
mech_009_PR_attrition_moderate,0.85,baseline,50.0,1350.0,unattainable,51,,,
mech_009_PR_attrition_moderate,0.85,baseline,50.0,1400.0,beneficial,9,2.659798423523861,2183938.436993396,0.0126720279826188
mech_009_PR_attrition_moderate,0.85,baseline,50.0,1400.0,harmful,6,-1.0602334440843528,439058.66949090885,0.003762423278994
mech_009_PR_attrition_moderate,0.85,baseline,50.0,1400.0,neutral,20,-0.1375121486448697,362995.4391415931,0.0025850409720585
mech_009_PR_attrition_moderate,0.85,baseline,50.0,1400.0,unattainable,37,,,
mech_009_PR_attrition_moderate,0.85,baseline,50.0,1450.0,beneficial,3,2.109923438546768,2273836.348002183,0.02261087885357
mech_009_PR_attrition_moderate,0.85,baseline,50.0,1450.0,harmful,33,-2.749004944333191,444415.947926397,0.0035739605495825
mech_009_PR_attrition_moderate,0.85,baseline,50.0,1450.0,neutral,6,-0.7339624815539321,2428948.7235531607,0.0081499331380852
mech_009_PR_attrition_moderate,0.85,baseline,50.0,1450.0,unattainable,30,,,
mech_009_PR_attrition_moderate,0.85,baseline,50.0,1500.0,harmful,48,-8.094450932655425,666593.5917599734,0.003434655585803
mech_009_PR_attrition_moderate,0.85,baseline,50.0,1500.0,unattainable,24,,,
mech_009_PR_attrition_moderate,0.85,baseline,100.0,1300.0,beneficial,1,1.2852128573827086,779769.4633179463,0.0069779581317098
mech_009_PR_attrition_moderate,0.85,baseline,100.0,1300.0,neutral,3,0.0200922632647312,243273.3228510769,0.0030375726229432
mech_009_PR_attrition_moderate,0.85,baseline,100.0,1300.0,unattainable,68,,,
mech_009_PR_attrition_moderate,0.85,baseline,100.0,1350.0,beneficial,8,2.3877018101770737,1333294.121027925,0.0095303586026975
mech_009_PR_attrition_moderate,0.85,baseline,100.0,1350.0,neutral,13,0.0281740018448964,260866.28184995055,0.0027345557460489
mech_009_PR_attrition_moderate,0.85,baseline,100.0,1350.0,unattainable,51,,,
mech_009_PR_attrition_moderate,0.85,baseline,100.0,1400.0,beneficial,9,2.804958290975972,2228021.7748722187,0.0127288479880703
mech_009_PR_attrition_moderate,0.85,baseline,100.0,1400.0,harmful,6,-1.114139633188855,444110.8675635315,0.0034381166120844
mech_009_PR_attrition_moderate,0.85,baseline,100.0,1400.0,neutral,20,-0.09768690825376175,366973.31316958123,0.00233309786692365
mech_009_PR_attrition_moderate,0.85,baseline,100.0,1400.0,unattainable,37,,,
mech_009_PR_attrition_moderate,0.85,baseline,100.0,1450.0,beneficial,3,2.0777478907521014,2323956.331305211,0.0230191431401913
mech_009_PR_attrition_moderate,0.85,baseline,100.0,1450.0,harmful,33,-2.886983524567119,449433.6548154588,0.0033062739964861
mech_009_PR_attrition_moderate,0.85,baseline,100.0,1450.0,neutral,6,-0.0718773426232306,2477717.1612546197,0.0089634908991532
mech_009_PR_attrition_moderate,0.85,baseline,100.0,1450.0,unattainable,30,,,
mech_009_PR_attrition_moderate,0.85,baseline,100.0,1500.0,harmful,48,-8.19542821082033,674936.5302699526,0.0038688809210959
mech_009_PR_attrition_moderate,0.85,baseline,100.0,1500.0,unattainable,24,,,
mech_009_PR_attrition_moderate,0.85,mixed_GBseg_TJ,0.2,1300.0,unattainable,72,,,
mech_009_PR_attrition_moderate,0.85,mixed_GBseg_TJ,0.2,1350.0,unattainable,72,,,
mech_009_PR_attrition_moderate,0.85,mixed_GBseg_TJ,0.2,1400.0,unattainable,72,,,
mech_009_PR_attrition_moderate,0.85,mixed_GBseg_TJ,0.2,1450.0,unattainable,72,,,
mech_009_PR_attrition_moderate,0.85,mixed_GBseg_TJ,0.2,1500.0,unattainable,72,,,
mech_009_PR_attrition_moderate,0.85,mixed_GBseg_TJ,1.0,1300.0,neutral,4,0.0,0.0,0.0
mech_009_PR_attrition_moderate,0.85,mixed_GBseg_TJ,1.0,1300.0,unattainable,68,,,
mech_009_PR_attrition_moderate,0.85,mixed_GBseg_TJ,1.0,1350.0,neutral,20,0.0,0.0,0.0
mech_009_PR_attrition_moderate,0.85,mixed_GBseg_TJ,1.0,1350.0,unattainable,52,,,
mech_009_PR_attrition_moderate,0.85,mixed_GBseg_TJ,1.0,1400.0,neutral,35,0.0,0.0,0.0
mech_009_PR_attrition_moderate,0.85,mixed_GBseg_TJ,1.0,1400.0,unattainable,37,,,
mech_009_PR_attrition_moderate,0.85,mixed_GBseg_TJ,1.0,1450.0,neutral,43,0.0,0.0,0.0
mech_009_PR_attrition_moderate,0.85,mixed_GBseg_TJ,1.0,1450.0,unattainable,29,,,
mech_009_PR_attrition_moderate,0.85,mixed_GBseg_TJ,1.0,1500.0,neutral,57,0.0,0.0,0.0
mech_009_PR_attrition_moderate,0.85,mixed_GBseg_TJ,1.0,1500.0,unattainable,15,,,
mech_009_PR_attrition_moderate,0.85,mixed_GBseg_TJ,5.0,1300.0,neutral,4,0.005394082714910028,174909.40484340367,0.00237874356061145
mech_009_PR_attrition_moderate,0.85,mixed_GBseg_TJ,5.0,1300.0,unattainable,68,,,
mech_009_PR_attrition_moderate,0.85,mixed_GBseg_TJ,5.0,1350.0,beneficial,4,2.016306841088738,887619.2198220859,0.0086653048621451
mech_009_PR_attrition_moderate,0.85,mixed_GBseg_TJ,5.0,1350.0,neutral,16,-0.00611538051082375,191486.570658384,0.002274973901781
mech_009_PR_attrition_moderate,0.85,mixed_GBseg_TJ,5.0,1350.0,unattainable,52,,,
mech_009_PR_attrition_moderate,0.85,mixed_GBseg_TJ,5.0,1400.0,beneficial,5,2.13435698338208,1263239.5733499115,0.0106373576370109
mech_009_PR_attrition_moderate,0.85,mixed_GBseg_TJ,5.0,1400.0,harmful,10,-1.3432975891811991,223366.75514964032,0.0028144960451171
mech_009_PR_attrition_moderate,0.85,mixed_GBseg_TJ,5.0,1400.0,neutral,19,-0.3710271902976733,166617.8664460202,0.0023186776072127
mech_009_PR_attrition_moderate,0.85,mixed_GBseg_TJ,5.0,1400.0,unattainable,38,,,
mech_009_PR_attrition_moderate,0.85,mixed_GBseg_TJ,5.0,1450.0,harmful,35,-2.9210908436464775,223630.4845173328,0.0023924522074673
mech_009_PR_attrition_moderate,0.85,mixed_GBseg_TJ,5.0,1450.0,neutral,6,0.2833800888641651,1274806.487995671,0.0110477885078171
mech_009_PR_attrition_moderate,0.85,mixed_GBseg_TJ,5.0,1450.0,unattainable,31,,,
mech_009_PR_attrition_moderate,0.85,mixed_GBseg_TJ,5.0,1500.0,harmful,48,-6.598385478203436,326968.7609541393,0.0030255887432172
mech_009_PR_attrition_moderate,0.85,mixed_GBseg_TJ,5.0,1500.0,unattainable,24,,,
mech_009_PR_attrition_moderate,0.85,mixed_GBseg_TJ,20.0,1300.0,neutral,4,0.01176808656093505,209442.21288064047,0.00304098182596545
mech_009_PR_attrition_moderate,0.85,mixed_GBseg_TJ,20.0,1300.0,unattainable,68,,,
mech_009_PR_attrition_moderate,0.85,mixed_GBseg_TJ,20.0,1350.0,beneficial,4,2.5383765182897915,1109488.271181005,0.010594651310330699
mech_009_PR_attrition_moderate,0.85,mixed_GBseg_TJ,20.0,1350.0,neutral,16,-0.0591168455929979,229136.3600954205,0.0026052099654932503
mech_009_PR_attrition_moderate,0.85,mixed_GBseg_TJ,20.0,1350.0,unattainable,52,,,
mech_009_PR_attrition_moderate,0.85,mixed_GBseg_TJ,20.0,1400.0,beneficial,5,2.5203949718381913,1601219.887316618,0.0132032905424559
mech_009_PR_attrition_moderate,0.85,mixed_GBseg_TJ,20.0,1400.0,harmful,10,-1.6687739531602237,267455.90315243095,0.003208542158493
mech_009_PR_attrition_moderate,0.85,mixed_GBseg_TJ,20.0,1400.0,neutral,19,-0.5075963842438989,198801.756719831,0.0027294880357667
mech_009_PR_attrition_moderate,0.85,mixed_GBseg_TJ,20.0,1400.0,unattainable,38,,,
mech_009_PR_attrition_moderate,0.85,mixed_GBseg_TJ,20.0,1450.0,harmful,30,-3.5240531631029937,267787.08740013454,0.0031433772958472
mech_009_PR_attrition_moderate,0.85,mixed_GBseg_TJ,20.0,1450.0,neutral,6,-0.227559413282875,1619943.5216718167,0.0132968171668656
mech_009_PR_attrition_moderate,0.85,mixed_GBseg_TJ,20.0,1450.0,unattainable,36,,,
mech_009_PR_attrition_moderate,0.85,mixed_GBseg_TJ,20.0,1500.0,harmful,48,-8.049558967854221,393004.0201004215,0.0043376019412253
mech_009_PR_attrition_moderate,0.85,mixed_GBseg_TJ,20.0,1500.0,unattainable,24,,,
mech_009_PR_attrition_moderate,0.85,mixed_GBseg_TJ,50.0,1300.0,neutral,4,0.00456466320023435,216315.44964570145,0.0028216501842831003
mech_009_PR_attrition_moderate,0.85,mixed_GBseg_TJ,50.0,1300.0,unattainable,68,,,
mech_009_PR_attrition_moderate,0.85,mixed_GBseg_TJ,50.0,1350.0,beneficial,4,2.4839769881576004,1157364.796738895,0.01068425331136095
mech_009_PR_attrition_moderate,0.85,mixed_GBseg_TJ,50.0,1350.0,neutral,15,-0.035627473561192,204968.18487160583,0.0024683354663921
mech_009_PR_attrition_moderate,0.85,mixed_GBseg_TJ,50.0,1350.0,unattainable,53,,,
mech_009_PR_attrition_moderate,0.85,mixed_GBseg_TJ,50.0,1400.0,beneficial,5,2.490968488597564,1675288.5644245266,0.0136309432161381
mech_009_PR_attrition_moderate,0.85,mixed_GBseg_TJ,50.0,1400.0,harmful,11,-1.6616467588592088,276362.67931792,0.0032349266842611
mech_009_PR_attrition_moderate,0.85,mixed_GBseg_TJ,50.0,1400.0,neutral,17,-0.3831262023694163,205277.12663735673,0.0027674887897291
mech_009_PR_attrition_moderate,0.85,mixed_GBseg_TJ,50.0,1400.0,unattainable,39,,,
mech_009_PR_attrition_moderate,0.85,mixed_GBseg_TJ,50.0,1450.0,harmful,30,-3.7479909543596386,276708.65642300056,0.0030882683433534
mech_009_PR_attrition_moderate,0.85,mixed_GBseg_TJ,50.0,1450.0,neutral,6,-0.5690269358385378,1696121.869100881,0.0137692660876299
mech_009_PR_attrition_moderate,0.85,mixed_GBseg_TJ,50.0,1450.0,unattainable,36,,,
mech_009_PR_attrition_moderate,0.85,mixed_GBseg_TJ,50.0,1500.0,harmful,48,-8.325958997771323,406413.89237626723,0.0040443686521557
mech_009_PR_attrition_moderate,0.85,mixed_GBseg_TJ,50.0,1500.0,unattainable,24,,,
mech_009_PR_attrition_moderate,0.85,mixed_GBseg_TJ,100.0,1300.0,neutral,4,0.005703032554110249,218659.57073437015,0.0029366335570769
mech_009_PR_attrition_moderate,0.85,mixed_GBseg_TJ,100.0,1300.0,unattainable,68,,,
mech_009_PR_attrition_moderate,0.85,mixed_GBseg_TJ,100.0,1350.0,beneficial,4,2.6210225419957864,1173637.9875445047,0.0110145716851018
mech_009_PR_attrition_moderate,0.85,mixed_GBseg_TJ,100.0,1350.0,neutral,16,-0.009236857912994,239273.5655159403,0.0027249491168648
mech_009_PR_attrition_moderate,0.85,mixed_GBseg_TJ,100.0,1350.0,unattainable,52,,,
mech_009_PR_attrition_moderate,0.85,mixed_GBseg_TJ,100.0,1400.0,beneficial,5,2.265874884221972,1700516.1487806304,0.0134815356998026
mech_009_PR_attrition_moderate,0.85,mixed_GBseg_TJ,100.0,1400.0,harmful,15,-1.4882482299037232,279335.5905830551,0.0028718064318833
mech_009_PR_attrition_moderate,0.85,mixed_GBseg_TJ,100.0,1400.0,neutral,13,-0.5097758927240733,207437.4763217692,0.0023417301048181
mech_009_PR_attrition_moderate,0.85,mixed_GBseg_TJ,100.0,1400.0,unattainable,39,,,
mech_009_PR_attrition_moderate,0.85,mixed_GBseg_TJ,100.0,1450.0,harmful,30,-3.703039641178679,279689.89553805813,0.0033115805274512
mech_009_PR_attrition_moderate,0.85,mixed_GBseg_TJ,100.0,1450.0,neutral,6,-0.8025396433322535,1722149.5536658172,0.0146696103650817
mech_009_PR_attrition_moderate,0.85,mixed_GBseg_TJ,100.0,1450.0,unattainable,36,,,
mech_009_PR_attrition_moderate,0.85,mixed_GBseg_TJ,100.0,1500.0,harmful,48,-8.50961307372503,410899.3887107265,0.0039858127356262
mech_009_PR_attrition_moderate,0.85,mixed_GBseg_TJ,100.0,1500.0,unattainable,24,,,
mech_009_PR_attrition_moderate,0.88,GBseg_rich,0.2,1300.0,unattainable,72,,,
mech_009_PR_attrition_moderate,0.88,GBseg_rich,0.2,1350.0,unattainable,72,,,
mech_009_PR_attrition_moderate,0.88,GBseg_rich,0.2,1400.0,unattainable,72,,,
mech_009_PR_attrition_moderate,0.88,GBseg_rich,0.2,1450.0,unattainable,72,,,
mech_009_PR_attrition_moderate,0.88,GBseg_rich,0.2,1500.0,unattainable,72,,,
mech_009_PR_attrition_moderate,0.88,GBseg_rich,1.0,1300.0,neutral,4,0.0,0.0,0.0
mech_009_PR_attrition_moderate,0.88,GBseg_rich,1.0,1300.0,unattainable,68,,,
mech_009_PR_attrition_moderate,0.88,GBseg_rich,1.0,1350.0,neutral,20,0.0,0.0,0.0
mech_009_PR_attrition_moderate,0.88,GBseg_rich,1.0,1350.0,unattainable,52,,,
mech_009_PR_attrition_moderate,0.88,GBseg_rich,1.0,1400.0,neutral,35,0.0,0.0,0.0
mech_009_PR_attrition_moderate,0.88,GBseg_rich,1.0,1400.0,unattainable,37,,,
mech_009_PR_attrition_moderate,0.88,GBseg_rich,1.0,1450.0,neutral,45,0.0,0.0,0.0
mech_009_PR_attrition_moderate,0.88,GBseg_rich,1.0,1450.0,unattainable,27,,,
mech_009_PR_attrition_moderate,0.88,GBseg_rich,1.0,1500.0,neutral,58,0.0,0.0,0.0
mech_009_PR_attrition_moderate,0.88,GBseg_rich,1.0,1500.0,unattainable,14,,,
mech_009_PR_attrition_moderate,0.88,GBseg_rich,5.0,1300.0,neutral,4,0.0282666570401754,341626.95613483817,0.00179501667442065
mech_009_PR_attrition_moderate,0.88,GBseg_rich,5.0,1300.0,unattainable,68,,,
mech_009_PR_attrition_moderate,0.88,GBseg_rich,5.0,1350.0,beneficial,8,3.1844669570208977,1305347.2370616323,0.0006767929849105501
mech_009_PR_attrition_moderate,0.88,GBseg_rich,5.0,1350.0,neutral,12,0.2409936592577794,407448.6104409604,0.00164242363909045
mech_009_PR_attrition_moderate,0.88,GBseg_rich,5.0,1350.0,unattainable,52,,,
mech_009_PR_attrition_moderate,0.88,GBseg_rich,5.0,1400.0,beneficial,23,2.1306220043522144,1345868.9601619388,0.000303322114285
mech_009_PR_attrition_moderate,0.88,GBseg_rich,5.0,1400.0,neutral,12,0.17785127517945915,357456.9774213715,0.00061411819278715
mech_009_PR_attrition_moderate,0.88,GBseg_rich,5.0,1400.0,unattainable,37,,,
mech_009_PR_attrition_moderate,0.88,GBseg_rich,5.0,1450.0,beneficial,7,2.0742809444394847,2020356.053361628,0.0060956541823212
mech_009_PR_attrition_moderate,0.88,GBseg_rich,5.0,1450.0,harmful,12,-2.1493051411363737,729110.5522740101,0.0016330588665741498
mech_009_PR_attrition_moderate,0.88,GBseg_rich,5.0,1450.0,neutral,22,-0.11027774866993136,1211281.7262284225,0.0006271999131711
mech_009_PR_attrition_moderate,0.88,GBseg_rich,5.0,1450.0,unattainable,31,,,
mech_009_PR_attrition_moderate,0.88,GBseg_rich,5.0,1500.0,harmful,54,-5.811838392484013,994141.3323315212,0.0008129391127270999
mech_009_PR_attrition_moderate,0.88,GBseg_rich,5.0,1500.0,unattainable,18,,,
mech_009_PR_attrition_moderate,0.88,GBseg_rich,20.0,1300.0,neutral,4,0.0366525215012019,414376.51897448313,0.00237559663588185
mech_009_PR_attrition_moderate,0.88,GBseg_rich,20.0,1300.0,unattainable,68,,,
mech_009_PR_attrition_moderate,0.88,GBseg_rich,20.0,1350.0,beneficial,11,3.940269606016757,1648664.1782511957,0.0016782008140037
mech_009_PR_attrition_moderate,0.88,GBseg_rich,20.0,1350.0,neutral,9,0.2561914268332879,487885.2811610505,0.0010378212157552
mech_009_PR_attrition_moderate,0.88,GBseg_rich,20.0,1350.0,unattainable,52,,,
mech_009_PR_attrition_moderate,0.88,GBseg_rich,20.0,1400.0,beneficial,23,3.387400783243557,1740011.833527652,0.0004554211871659
mech_009_PR_attrition_moderate,0.88,GBseg_rich,20.0,1400.0,neutral,12,0.28500778325826714,433471.8108237854,0.00059508878916015
mech_009_PR_attrition_moderate,0.88,GBseg_rich,20.0,1400.0,unattainable,37,,,
mech_009_PR_attrition_moderate,0.88,GBseg_rich,20.0,1450.0,beneficial,18,1.9401767169009174,2375044.1427577436,0.0051844954710188
mech_009_PR_attrition_moderate,0.88,GBseg_rich,20.0,1450.0,harmful,14,-1.7280244578568795,721956.4484298329,0.0011213942969317
mech_009_PR_attrition_moderate,0.88,GBseg_rich,20.0,1450.0,neutral,9,-0.3573867837166632,352813.5690842967,0.0010903443839504
mech_009_PR_attrition_moderate,0.88,GBseg_rich,20.0,1450.0,unattainable,31,,,
mech_009_PR_attrition_moderate,0.88,GBseg_rich,20.0,1500.0,beneficial,3,1.0937074636908646,3003416.647498473,0.0132893505309163
mech_009_PR_attrition_moderate,0.88,GBseg_rich,20.0,1500.0,harmful,51,-6.570935812893927,961953.4424751904,0.0004228656917811
mech_009_PR_attrition_moderate,0.88,GBseg_rich,20.0,1500.0,unattainable,18,,,
mech_009_PR_attrition_moderate,0.88,GBseg_rich,50.0,1300.0,neutral,4,0.0370624924316885,429307.5210670579,0.00254803821731075
mech_009_PR_attrition_moderate,0.88,GBseg_rich,50.0,1300.0,unattainable,68,,,
mech_009_PR_attrition_moderate,0.88,GBseg_rich,50.0,1350.0,beneficial,12,4.033186737282679,1682999.83241992,0.00031404825524124994
mech_009_PR_attrition_moderate,0.88,GBseg_rich,50.0,1350.0,neutral,8,0.17022185628318678,447386.6956031737,0.00219476486102055
mech_009_PR_attrition_moderate,0.88,GBseg_rich,50.0,1350.0,unattainable,52,,,
mech_009_PR_attrition_moderate,0.88,GBseg_rich,50.0,1400.0,beneficial,23,3.6655850258064895,1830257.0225014105,-2.461217535160154e-05
mech_009_PR_attrition_moderate,0.88,GBseg_rich,50.0,1400.0,neutral,12,0.2777380866836159,449107.62509844755,0.0009328044995984999
mech_009_PR_attrition_moderate,0.88,GBseg_rich,50.0,1400.0,unattainable,37,,,
mech_009_PR_attrition_moderate,0.88,GBseg_rich,50.0,1450.0,beneficial,18,2.6595854025429757,2542100.243288556,0.0045900161525025
mech_009_PR_attrition_moderate,0.88,GBseg_rich,50.0,1450.0,harmful,12,-2.107896584756086,961791.8140762064,0.0025312276508142
mech_009_PR_attrition_moderate,0.88,GBseg_rich,50.0,1450.0,neutral,11,-0.3557138852903019,389549.5489199677,-5.565864501821949e-05
mech_009_PR_attrition_moderate,0.88,GBseg_rich,50.0,1450.0,unattainable,31,,,
mech_009_PR_attrition_moderate,0.88,GBseg_rich,50.0,1500.0,beneficial,3,2.2003749854160435,3319015.250580422,0.014099447951414
mech_009_PR_attrition_moderate,0.88,GBseg_rich,50.0,1500.0,harmful,48,-6.479544616919348,993420.9774449856,0.0001690417108482
mech_009_PR_attrition_moderate,0.88,GBseg_rich,50.0,1500.0,neutral,3,-0.731193455117891,3689293.1471222136,0.0049781110557143
mech_009_PR_attrition_moderate,0.88,GBseg_rich,50.0,1500.0,unattainable,18,,,
mech_009_PR_attrition_moderate,0.88,GBseg_rich,100.0,1300.0,neutral,4,0.0383333971539667,434339.35606939154,0.00239587069167185
mech_009_PR_attrition_moderate,0.88,GBseg_rich,100.0,1300.0,unattainable,68,,,
mech_009_PR_attrition_moderate,0.88,GBseg_rich,100.0,1350.0,beneficial,12,4.182478091296121,1708642.0974951664,0.00033968678435994994
mech_009_PR_attrition_moderate,0.88,GBseg_rich,100.0,1350.0,neutral,8,0.16243111310966543,452587.1231710386,0.00180010976417875
mech_009_PR_attrition_moderate,0.88,GBseg_rich,100.0,1350.0,unattainable,52,,,
mech_009_PR_attrition_moderate,0.88,GBseg_rich,100.0,1400.0,beneficial,23,3.527101769541942,1861372.311533539,-0.000147135223184
mech_009_PR_attrition_moderate,0.88,GBseg_rich,100.0,1400.0,neutral,12,0.2931684820283056,454355.9114488902,0.00090731942366045
mech_009_PR_attrition_moderate,0.88,GBseg_rich,100.0,1400.0,unattainable,37,,,
mech_009_PR_attrition_moderate,0.88,GBseg_rich,100.0,1450.0,beneficial,18,2.924646572488069,2602323.9486055854,0.0044128083979227
mech_009_PR_attrition_moderate,0.88,GBseg_rich,100.0,1450.0,harmful,14,-1.6744015175607878,762517.330542855,0.0011638457907483
mech_009_PR_attrition_moderate,0.88,GBseg_rich,100.0,1450.0,neutral,9,-0.4096255987642161,369038.767523665,0.00077949395806
mech_009_PR_attrition_moderate,0.88,GBseg_rich,100.0,1450.0,unattainable,31,,,
mech_009_PR_attrition_moderate,0.88,GBseg_rich,100.0,1500.0,beneficial,3,3.142187064777008,3445335.3981437697,0.0147338908137443
mech_009_PR_attrition_moderate,0.88,GBseg_rich,100.0,1500.0,harmful,48,-6.8789812748805,1007044.6225383659,0.00019974161697976887
mech_009_PR_attrition_moderate,0.88,GBseg_rich,100.0,1500.0,neutral,3,-0.5137327819834423,3819037.6705388073,0.0047543480359687
mech_009_PR_attrition_moderate,0.88,GBseg_rich,100.0,1500.0,unattainable,18,,,
mech_009_PR_attrition_moderate,0.88,TJ_rich,0.2,1300.0,unattainable,72,,,
mech_009_PR_attrition_moderate,0.88,TJ_rich,0.2,1350.0,unattainable,72,,,
mech_009_PR_attrition_moderate,0.88,TJ_rich,0.2,1400.0,unattainable,72,,,
mech_009_PR_attrition_moderate,0.88,TJ_rich,0.2,1450.0,unattainable,72,,,
mech_009_PR_attrition_moderate,0.88,TJ_rich,0.2,1500.0,unattainable,72,,,
mech_009_PR_attrition_moderate,0.88,TJ_rich,1.0,1300.0,unattainable,72,,,
mech_009_PR_attrition_moderate,0.88,TJ_rich,1.0,1350.0,neutral,4,0.0,0.0,0.0
mech_009_PR_attrition_moderate,0.88,TJ_rich,1.0,1350.0,unattainable,68,,,
mech_009_PR_attrition_moderate,0.88,TJ_rich,1.0,1400.0,neutral,21,0.0,0.0,0.0
mech_009_PR_attrition_moderate,0.88,TJ_rich,1.0,1400.0,unattainable,51,,,
mech_009_PR_attrition_moderate,0.88,TJ_rich,1.0,1450.0,neutral,35,0.0,0.0,0.0
mech_009_PR_attrition_moderate,0.88,TJ_rich,1.0,1450.0,unattainable,37,,,
mech_009_PR_attrition_moderate,0.88,TJ_rich,1.0,1500.0,neutral,42,0.0,0.0,0.0
mech_009_PR_attrition_moderate,0.88,TJ_rich,1.0,1500.0,unattainable,30,,,
mech_009_PR_attrition_moderate,0.88,TJ_rich,5.0,1300.0,unattainable,72,,,
mech_009_PR_attrition_moderate,0.88,TJ_rich,5.0,1350.0,neutral,4,-0.13154234338016693,116774.57962904358,0.00247605331403185
mech_009_PR_attrition_moderate,0.88,TJ_rich,5.0,1350.0,unattainable,68,,,
mech_009_PR_attrition_moderate,0.88,TJ_rich,5.0,1400.0,beneficial,3,2.6196159059208655,862535.1405737066,0.0084497045028534
mech_009_PR_attrition_moderate,0.88,TJ_rich,5.0,1400.0,harmful,4,-1.1992946522553676,142536.21857867367,0.00174382224320615
mech_009_PR_attrition_moderate,0.88,TJ_rich,5.0,1400.0,neutral,11,-0.3454806182090958,265040.5200960424,0.0022900039113234
mech_009_PR_attrition_moderate,0.88,TJ_rich,5.0,1400.0,unattainable,54,,,
mech_009_PR_attrition_moderate,0.88,TJ_rich,5.0,1450.0,beneficial,5,3.526697173000612,868391.8015276949,0.0088224729383806
mech_009_PR_attrition_moderate,0.88,TJ_rich,5.0,1450.0,harmful,21,-1.9314338946668552,119643.2080723921,0.0012444349038267
mech_009_PR_attrition_moderate,0.88,TJ_rich,5.0,1450.0,neutral,6,0.1291381213924977,442834.9736670987,0.0045132842753626
mech_009_PR_attrition_moderate,0.88,TJ_rich,5.0,1450.0,unattainable,40,,,
mech_009_PR_attrition_moderate,0.88,TJ_rich,5.0,1500.0,beneficial,8,3.6591027658110677,860406.820541227,0.0084446932303753
mech_009_PR_attrition_moderate,0.88,TJ_rich,5.0,1500.0,harmful,24,-4.011874307885434,129842.49554195825,0.0019048984596336002
mech_009_PR_attrition_moderate,0.88,TJ_rich,5.0,1500.0,neutral,4,-0.1543868150764349,354415.0778283801,0.0038351174241032498
mech_009_PR_attrition_moderate,0.88,TJ_rich,5.0,1500.0,unattainable,36,,,
mech_009_PR_attrition_moderate,0.88,TJ_rich,20.0,1300.0,unattainable,72,,,
mech_009_PR_attrition_moderate,0.88,TJ_rich,20.0,1350.0,neutral,4,-0.2358393888873021,139443.3679347908,0.0024205497032333
mech_009_PR_attrition_moderate,0.88,TJ_rich,20.0,1350.0,unattainable,68,,,
mech_009_PR_attrition_moderate,0.88,TJ_rich,20.0,1400.0,beneficial,3,2.9871519368281363,1069811.8129357134,0.0111649679004102
mech_009_PR_attrition_moderate,0.88,TJ_rich,20.0,1400.0,harmful,4,-1.5301682151350895,170318.27319986693,0.0020029986475192498
mech_009_PR_attrition_moderate,0.88,TJ_rich,20.0,1400.0,neutral,11,-0.3115273391439453,317688.92814965645,0.0022301255238932
mech_009_PR_attrition_moderate,0.88,TJ_rich,20.0,1400.0,unattainable,54,,,
mech_009_PR_attrition_moderate,0.88,TJ_rich,20.0,1450.0,beneficial,5,3.860524569817197,1076617.6343005134,0.0107699903500712
mech_009_PR_attrition_moderate,0.88,TJ_rich,20.0,1450.0,harmful,20,-2.5107377806861813,142582.1831591242,0.0015916932677649
mech_009_PR_attrition_moderate,0.88,TJ_rich,20.0,1450.0,neutral,6,0.443153509814215,536360.0167914728,0.0058976739003824
mech_009_PR_attrition_moderate,0.88,TJ_rich,20.0,1450.0,unattainable,41,,,
mech_009_PR_attrition_moderate,0.88,TJ_rich,20.0,1500.0,beneficial,8,3.676549119352873,1074077.1470616162,0.00970429534465625
mech_009_PR_attrition_moderate,0.88,TJ_rich,20.0,1500.0,harmful,26,-4.511978513240504,167377.0187029537,0.0020595874716337
mech_009_PR_attrition_moderate,0.88,TJ_rich,20.0,1500.0,neutral,2,-0.2705250750777068,536894.136496233,0.0061395308166149
mech_009_PR_attrition_moderate,0.88,TJ_rich,20.0,1500.0,unattainable,36,,,
mech_009_PR_attrition_moderate,0.88,TJ_rich,50.0,1300.0,unattainable,72,,,
mech_009_PR_attrition_moderate,0.88,TJ_rich,50.0,1350.0,neutral,4,-0.16236847194089876,144026.20149544138,0.0024880517792535
mech_009_PR_attrition_moderate,0.88,TJ_rich,50.0,1350.0,unattainable,68,,,
mech_009_PR_attrition_moderate,0.88,TJ_rich,50.0,1400.0,beneficial,3,3.125084595813391,1112007.438739865,0.0110261839538483
mech_009_PR_attrition_moderate,0.88,TJ_rich,50.0,1400.0,harmful,4,-1.594283347441361,175913.99556151032,0.0019490934032164002
mech_009_PR_attrition_moderate,0.88,TJ_rich,50.0,1400.0,neutral,11,-0.3719608836292883,328346.05864644505,0.002654501719817
mech_009_PR_attrition_moderate,0.88,TJ_rich,50.0,1400.0,unattainable,54,,,
mech_009_PR_attrition_moderate,0.88,TJ_rich,50.0,1450.0,beneficial,5,4.2708828829254575,1119347.832157099,0.0117141443276721
mech_009_PR_attrition_moderate,0.88,TJ_rich,50.0,1450.0,harmful,20,-2.400001634919361,147201.0491464215,0.0017435366344071002
mech_009_PR_attrition_moderate,0.88,TJ_rich,50.0,1450.0,neutral,6,0.3082634685180823,555540.1505930079,0.0059689787305361
mech_009_PR_attrition_moderate,0.88,TJ_rich,50.0,1450.0,unattainable,41,,,
mech_009_PR_attrition_moderate,0.88,TJ_rich,50.0,1500.0,beneficial,8,4.065157853074801,1119316.0156055454,0.0105428115350672
mech_009_PR_attrition_moderate,0.88,TJ_rich,50.0,1500.0,harmful,26,-4.8409565542511475,172897.82139312493,0.002303883094679
mech_009_PR_attrition_moderate,0.88,TJ_rich,50.0,1500.0,neutral,2,-0.943619365435526,556120.1789467024,0.0057602739077953
mech_009_PR_attrition_moderate,0.88,TJ_rich,50.0,1500.0,unattainable,36,,,
mech_009_PR_attrition_moderate,0.88,TJ_rich,100.0,1300.0,unattainable,72,,,
mech_009_PR_attrition_moderate,0.88,TJ_rich,100.0,1350.0,neutral,4,-0.14957590842238355,145559.360146195,0.0026983664279045
mech_009_PR_attrition_moderate,0.88,TJ_rich,100.0,1350.0,unattainable,68,,,
mech_009_PR_attrition_moderate,0.88,TJ_rich,100.0,1400.0,beneficial,3,2.9927972382530976,1126244.8686495344,0.0118331710597137
mech_009_PR_attrition_moderate,0.88,TJ_rich,100.0,1400.0,harmful,4,-1.5251286810598912,177786.4956056371,0.00248700787263585
mech_009_PR_attrition_moderate,0.88,TJ_rich,100.0,1400.0,neutral,11,-0.4519021104659123,331899.5035394436,0.002454220862853
mech_009_PR_attrition_moderate,0.88,TJ_rich,100.0,1400.0,unattainable,54,,,
mech_009_PR_attrition_moderate,0.88,TJ_rich,100.0,1450.0,beneficial,5,3.888934767909672,1133764.052950607,0.0114096304700216
mech_009_PR_attrition_moderate,0.88,TJ_rich,100.0,1450.0,harmful,20,-2.488847469981799,148742.3512704513,0.0016544175903370501
mech_009_PR_attrition_moderate,0.88,TJ_rich,100.0,1450.0,neutral,6,0.28847343708600737,561970.3201378592,0.0060273359853284
mech_009_PR_attrition_moderate,0.88,TJ_rich,100.0,1450.0,unattainable,41,,,
mech_009_PR_attrition_moderate,0.88,TJ_rich,100.0,1500.0,beneficial,6,4.8317250957803966,1135600.1718325492,0.0128116277299652
mech_009_PR_attrition_moderate,0.88,TJ_rich,100.0,1500.0,harmful,26,-5.163006076405832,174741.64848541294,0.0022720499415318
mech_009_PR_attrition_moderate,0.88,TJ_rich,100.0,1500.0,neutral,4,0.06266879135302234,557659.6547698767,0.0053047262743212
mech_009_PR_attrition_moderate,0.88,TJ_rich,100.0,1500.0,unattainable,36,,,
mech_009_PR_attrition_moderate,0.88,baseline,0.2,1300.0,unattainable,72,,,
mech_009_PR_attrition_moderate,0.88,baseline,0.2,1350.0,unattainable,72,,,
mech_009_PR_attrition_moderate,0.88,baseline,0.2,1400.0,unattainable,72,,,
mech_009_PR_attrition_moderate,0.88,baseline,0.2,1450.0,unattainable,72,,,
mech_009_PR_attrition_moderate,0.88,baseline,0.2,1500.0,unattainable,72,,,
mech_009_PR_attrition_moderate,0.88,baseline,1.0,1300.0,unattainable,72,,,
mech_009_PR_attrition_moderate,0.88,baseline,1.0,1350.0,neutral,9,0.0,0.0,0.0
mech_009_PR_attrition_moderate,0.88,baseline,1.0,1350.0,unattainable,63,,,
mech_009_PR_attrition_moderate,0.88,baseline,1.0,1400.0,neutral,24,0.0,0.0,0.0
mech_009_PR_attrition_moderate,0.88,baseline,1.0,1400.0,unattainable,48,,,
mech_009_PR_attrition_moderate,0.88,baseline,1.0,1450.0,neutral,36,0.0,0.0,0.0
mech_009_PR_attrition_moderate,0.88,baseline,1.0,1450.0,unattainable,36,,,
mech_009_PR_attrition_moderate,0.88,baseline,1.0,1500.0,neutral,47,0.0,0.0,0.0
mech_009_PR_attrition_moderate,0.88,baseline,1.0,1500.0,unattainable,25,,,
mech_009_PR_attrition_moderate,0.88,baseline,5.0,1300.0,unattainable,72,,,
mech_009_PR_attrition_moderate,0.88,baseline,5.0,1350.0,beneficial,1,2.854557823985898,967164.1702247036,0.0059372478058308
mech_009_PR_attrition_moderate,0.88,baseline,5.0,1350.0,neutral,8,0.09015253539703971,278143.095521891,0.00144127274457595
mech_009_PR_attrition_moderate,0.88,baseline,5.0,1350.0,unattainable,63,,,
mech_009_PR_attrition_moderate,0.88,baseline,5.0,1400.0,beneficial,6,1.5369978365167642,1301125.328196418,0.0067555243076038
mech_009_PR_attrition_moderate,0.88,baseline,5.0,1400.0,neutral,17,-0.1110820993316812,350238.00260442856,0.0016912799280156
mech_009_PR_attrition_moderate,0.88,baseline,5.0,1400.0,unattainable,49,,,
mech_009_PR_attrition_moderate,0.88,baseline,5.0,1450.0,beneficial,6,2.412068210249989,1716172.9232230785,0.0079473116290266
mech_009_PR_attrition_moderate,0.88,baseline,5.0,1450.0,harmful,18,-1.6683212216771128,223919.83614969117,0.0012839074212289
mech_009_PR_attrition_moderate,0.88,baseline,5.0,1450.0,neutral,12,-0.6252969700652615,866077.1304446533,0.0024076202127038503
mech_009_PR_attrition_moderate,0.88,baseline,5.0,1450.0,unattainable,36,,,
mech_009_PR_attrition_moderate,0.88,baseline,5.0,1500.0,beneficial,2,1.3133664682454391,1829322.960676082,0.0060753406490208
mech_009_PR_attrition_moderate,0.88,baseline,5.0,1500.0,harmful,35,-4.4055853797125755,356151.32798266585,0.0014255053624369
mech_009_PR_attrition_moderate,0.88,baseline,5.0,1500.0,neutral,5,0.7311979322439325,1572934.5475209816,0.0128549367751826
mech_009_PR_attrition_moderate,0.88,baseline,5.0,1500.0,unattainable,30,,,
mech_009_PR_attrition_moderate,0.88,baseline,20.0,1300.0,unattainable,72,,,
mech_009_PR_attrition_moderate,0.88,baseline,20.0,1350.0,beneficial,2,2.4238978706572984,1021972.5169273785,0.00609044840332485
mech_009_PR_attrition_moderate,0.88,baseline,20.0,1350.0,neutral,7,0.0546591163826992,249732.15712943237,0.0013734472865766
mech_009_PR_attrition_moderate,0.88,baseline,20.0,1350.0,unattainable,63,,,
mech_009_PR_attrition_moderate,0.88,baseline,20.0,1400.0,beneficial,5,1.934880225623065,2056602.452882431,0.0086304118754872
mech_009_PR_attrition_moderate,0.88,baseline,20.0,1400.0,neutral,18,-0.10585383602310425,423907.1700429293,0.0022648550938365
mech_009_PR_attrition_moderate,0.88,baseline,20.0,1400.0,unattainable,49,,,
mech_009_PR_attrition_moderate,0.88,baseline,20.0,1450.0,beneficial,6,2.248940446283114,2290005.9062647023,0.0096778420906271
mech_009_PR_attrition_moderate,0.88,baseline,20.0,1450.0,harmful,22,-1.878479455016964,424903.6019486931,0.0017651694499267
mech_009_PR_attrition_moderate,0.88,baseline,20.0,1450.0,neutral,8,-0.7329314888924114,1087780.7218948063,0.0032208252953164996
mech_009_PR_attrition_moderate,0.88,baseline,20.0,1450.0,unattainable,36,,,
mech_009_PR_attrition_moderate,0.88,baseline,20.0,1500.0,harmful,35,-5.428564630140802,429695.10123651166,0.0018179577075108
mech_009_PR_attrition_moderate,0.88,baseline,20.0,1500.0,neutral,7,0.6862232212798697,2297997.9709428824,0.010566022583641
mech_009_PR_attrition_moderate,0.88,baseline,20.0,1500.0,unattainable,30,,,
mech_009_PR_attrition_moderate,0.88,baseline,50.0,1300.0,unattainable,72,,,
mech_009_PR_attrition_moderate,0.88,baseline,50.0,1350.0,beneficial,2,2.4732712588729413,1066290.6449296204,0.0061753369583887
mech_009_PR_attrition_moderate,0.88,baseline,50.0,1350.0,neutral,7,0.0487888291972329,258032.3049825271,0.0013541018682435
mech_009_PR_attrition_moderate,0.88,baseline,50.0,1350.0,unattainable,63,,,
mech_009_PR_attrition_moderate,0.88,baseline,50.0,1400.0,beneficial,6,2.2538986975504622,1794282.4945872233,0.0092133572881291
mech_009_PR_attrition_moderate,0.88,baseline,50.0,1400.0,neutral,17,-0.1181108048308962,438999.29643944855,0.0018412235843504
mech_009_PR_attrition_moderate,0.88,baseline,50.0,1400.0,unattainable,49,,,
mech_009_PR_attrition_moderate,0.88,baseline,50.0,1450.0,beneficial,6,1.8350786804353152,2428899.0962072597,0.010025267557727
mech_009_PR_attrition_moderate,0.88,baseline,50.0,1450.0,harmful,20,-1.8107288938634745,358350.235000702,0.0016849990314606001
mech_009_PR_attrition_moderate,0.88,baseline,50.0,1450.0,neutral,10,-0.7173393452331329,1389414.6701065958,0.0038031624787437
mech_009_PR_attrition_moderate,0.88,baseline,50.0,1450.0,unattainable,36,,,
mech_009_PR_attrition_moderate,0.88,baseline,50.0,1500.0,beneficial,2,1.105996290372853,2546876.4787613656,0.0076418724912538
mech_009_PR_attrition_moderate,0.88,baseline,50.0,1500.0,harmful,35,-5.075078186655284,444701.53544752114,0.0018952723587554
mech_009_PR_attrition_moderate,0.88,baseline,50.0,1500.0,neutral,5,0.1846076770309569,2287502.8968567904,0.0169775232315032
mech_009_PR_attrition_moderate,0.88,baseline,50.0,1500.0,unattainable,30,,,
mech_009_PR_attrition_moderate,0.88,baseline,100.0,1300.0,unattainable,72,,,
mech_009_PR_attrition_moderate,0.88,baseline,100.0,1350.0,beneficial,2,2.6764920747758163,1081426.8705331348,0.00653685421457135
mech_009_PR_attrition_moderate,0.88,baseline,100.0,1350.0,neutral,7,0.0801991889855199,260812.84194937965,0.0017454087458676
mech_009_PR_attrition_moderate,0.88,baseline,100.0,1350.0,unattainable,63,,,
mech_009_PR_attrition_moderate,0.88,baseline,100.0,1400.0,beneficial,6,2.2264218414807218,1826574.8858518198,0.0090299867758634
mech_009_PR_attrition_moderate,0.88,baseline,100.0,1400.0,neutral,17,-0.1550833188260347,444051.20298066735,0.0020357762487501
mech_009_PR_attrition_moderate,0.88,baseline,100.0,1400.0,unattainable,49,,,
mech_009_PR_attrition_moderate,0.88,baseline,100.0,1450.0,beneficial,6,1.5992207735032904,2477665.396187066,0.0103082081254577
mech_009_PR_attrition_moderate,0.88,baseline,100.0,1450.0,harmful,22,-1.76866977529459,445120.4716665767,0.0015673677403769
mech_009_PR_attrition_moderate,0.88,baseline,100.0,1450.0,neutral,8,-0.48369544838698386,1153241.208463752,0.00442643644910495
mech_009_PR_attrition_moderate,0.88,baseline,100.0,1450.0,unattainable,36,,,
mech_009_PR_attrition_moderate,0.88,baseline,100.0,1500.0,harmful,35,-5.1550238851087675,449726.6764496886,0.0021853498620442
mech_009_PR_attrition_moderate,0.88,baseline,100.0,1500.0,neutral,7,0.6214963457363277,2489823.0498135127,0.0105290720224539
mech_009_PR_attrition_moderate,0.88,baseline,100.0,1500.0,unattainable,30,,,
mech_009_PR_attrition_moderate,0.88,mixed_GBseg_TJ,0.2,1300.0,unattainable,72,,,
mech_009_PR_attrition_moderate,0.88,mixed_GBseg_TJ,0.2,1350.0,unattainable,72,,,
mech_009_PR_attrition_moderate,0.88,mixed_GBseg_TJ,0.2,1400.0,unattainable,72,,,
mech_009_PR_attrition_moderate,0.88,mixed_GBseg_TJ,0.2,1450.0,unattainable,72,,,
mech_009_PR_attrition_moderate,0.88,mixed_GBseg_TJ,0.2,1500.0,unattainable,72,,,
mech_009_PR_attrition_moderate,0.88,mixed_GBseg_TJ,1.0,1300.0,unattainable,72,,,
mech_009_PR_attrition_moderate,0.88,mixed_GBseg_TJ,1.0,1350.0,neutral,10,0.0,0.0,0.0
mech_009_PR_attrition_moderate,0.88,mixed_GBseg_TJ,1.0,1350.0,unattainable,62,,,
mech_009_PR_attrition_moderate,0.88,mixed_GBseg_TJ,1.0,1400.0,neutral,24,0.0,0.0,0.0
mech_009_PR_attrition_moderate,0.88,mixed_GBseg_TJ,1.0,1400.0,unattainable,48,,,
mech_009_PR_attrition_moderate,0.88,mixed_GBseg_TJ,1.0,1450.0,neutral,36,0.0,0.0,0.0
mech_009_PR_attrition_moderate,0.88,mixed_GBseg_TJ,1.0,1450.0,unattainable,36,,,
mech_009_PR_attrition_moderate,0.88,mixed_GBseg_TJ,1.0,1500.0,neutral,47,0.0,0.0,0.0
mech_009_PR_attrition_moderate,0.88,mixed_GBseg_TJ,1.0,1500.0,unattainable,25,,,
mech_009_PR_attrition_moderate,0.88,mixed_GBseg_TJ,5.0,1300.0,unattainable,72,,,
mech_009_PR_attrition_moderate,0.88,mixed_GBseg_TJ,5.0,1350.0,beneficial,2,2.5756082138993976,880604.1700493231,0.008243322921055351
mech_009_PR_attrition_moderate,0.88,mixed_GBseg_TJ,5.0,1350.0,neutral,8,-0.0288078670305564,183513.70762615142,0.0017266480147584001
mech_009_PR_attrition_moderate,0.88,mixed_GBseg_TJ,5.0,1350.0,unattainable,62,,,
mech_009_PR_attrition_moderate,0.88,mixed_GBseg_TJ,5.0,1400.0,beneficial,3,2.052913490345475,1263052.7475332397,0.0093770844551837
mech_009_PR_attrition_moderate,0.88,mixed_GBseg_TJ,5.0,1400.0,harmful,5,-1.1967048712519808,217411.77002285907,0.0015095113648606
mech_009_PR_attrition_moderate,0.88,mixed_GBseg_TJ,5.0,1400.0,neutral,15,-0.2479537814403494,421945.63899541786,0.0022586267274583
mech_009_PR_attrition_moderate,0.88,mixed_GBseg_TJ,5.0,1400.0,unattainable,49,,,
mech_009_PR_attrition_moderate,0.88,mixed_GBseg_TJ,5.0,1450.0,beneficial,6,2.0614211643283578,1274780.1446518472,0.0097241618925258
mech_009_PR_attrition_moderate,0.88,mixed_GBseg_TJ,5.0,1450.0,harmful,26,-1.6892870438898429,217727.87899968855,0.0017900980248528
mech_009_PR_attrition_moderate,0.88,mixed_GBseg_TJ,5.0,1450.0,neutral,4,-0.5006793096582633,694315.6922477167,0.0039303559508992
mech_009_PR_attrition_moderate,0.88,mixed_GBseg_TJ,5.0,1450.0,unattainable,36,,,
mech_009_PR_attrition_moderate,0.88,mixed_GBseg_TJ,5.0,1500.0,beneficial,2,1.425464502871915,1276396.2194510547,0.0093675967183926
mech_009_PR_attrition_moderate,0.88,mixed_GBseg_TJ,5.0,1500.0,harmful,35,-4.519513545954137,223739.36698912943,0.0021792706872753
mech_009_PR_attrition_moderate,0.88,mixed_GBseg_TJ,5.0,1500.0,neutral,5,-0.1250818697973262,1218297.235728783,0.0124756241635472
mech_009_PR_attrition_moderate,0.88,mixed_GBseg_TJ,5.0,1500.0,unattainable,30,,,
mech_009_PR_attrition_moderate,0.88,mixed_GBseg_TJ,20.0,1300.0,unattainable,72,,,
mech_009_PR_attrition_moderate,0.88,mixed_GBseg_TJ,20.0,1350.0,beneficial,2,3.1327881183110833,1102857.7318548374,0.00983638295545895
mech_009_PR_attrition_moderate,0.88,mixed_GBseg_TJ,20.0,1350.0,neutral,8,-0.035985728901797395,219667.3913941552,0.0020885275204646503
mech_009_PR_attrition_moderate,0.88,mixed_GBseg_TJ,20.0,1350.0,unattainable,62,,,
mech_009_PR_attrition_moderate,0.88,mixed_GBseg_TJ,20.0,1400.0,beneficial,3,2.2829721281645683,1600966.3511856608,0.0113358785931522
mech_009_PR_attrition_moderate,0.88,mixed_GBseg_TJ,20.0,1400.0,harmful,6,-1.3426754132705185,260739.93215745536,0.0022750677450021004
mech_009_PR_attrition_moderate,0.88,mixed_GBseg_TJ,20.0,1400.0,neutral,14,-0.3297047800762326,509913.02201114304,0.0029463322026779997
mech_009_PR_attrition_moderate,0.88,mixed_GBseg_TJ,20.0,1400.0,unattainable,49,,,
mech_009_PR_attrition_moderate,0.88,mixed_GBseg_TJ,20.0,1450.0,beneficial,6,2.1852977336832287,1619910.4974564174,0.0111920657425856
mech_009_PR_attrition_moderate,0.88,mixed_GBseg_TJ,20.0,1450.0,harmful,26,-2.26093485740074,261134.95784297076,0.0022873866324512
mech_009_PR_attrition_moderate,0.88,mixed_GBseg_TJ,20.0,1450.0,neutral,4,-0.6017987503181788,848341.0816869058,0.0050978738189400505
mech_009_PR_attrition_moderate,0.88,mixed_GBseg_TJ,20.0,1450.0,unattainable,36,,,
mech_009_PR_attrition_moderate,0.88,mixed_GBseg_TJ,20.0,1500.0,beneficial,2,1.0725976906327996,1623215.887002218,0.0116778883325981
mech_009_PR_attrition_moderate,0.88,mixed_GBseg_TJ,20.0,1500.0,harmful,35,-5.901109201971003,267931.09346157743,0.002619131173745
mech_009_PR_attrition_moderate,0.88,mixed_GBseg_TJ,20.0,1500.0,neutral,5,-0.5139450502723373,1572303.648098063,0.0161242873779437
mech_009_PR_attrition_moderate,0.88,mixed_GBseg_TJ,20.0,1500.0,unattainable,30,,,
mech_009_PR_attrition_moderate,0.88,mixed_GBseg_TJ,50.0,1300.0,unattainable,72,,,
mech_009_PR_attrition_moderate,0.88,mixed_GBseg_TJ,50.0,1350.0,beneficial,2,3.541105328149518,1150927.5074115847,0.0107123590350762
mech_009_PR_attrition_moderate,0.88,mixed_GBseg_TJ,50.0,1350.0,neutral,8,-0.058609011555671456,226949.10754644603,0.0018994041833687
mech_009_PR_attrition_moderate,0.88,mixed_GBseg_TJ,50.0,1350.0,unattainable,62,,,
mech_009_PR_attrition_moderate,0.88,mixed_GBseg_TJ,50.0,1400.0,beneficial,3,2.240703190904932,1675021.9922578896,0.0115856902701722
mech_009_PR_attrition_moderate,0.88,mixed_GBseg_TJ,50.0,1400.0,harmful,6,-1.3525373558316867,269516.54641855194,0.0027047633746625
mech_009_PR_attrition_moderate,0.88,mixed_GBseg_TJ,50.0,1400.0,neutral,14,-0.1944791335874816,527713.8097509299,0.00298122372725345
mech_009_PR_attrition_moderate,0.88,mixed_GBseg_TJ,50.0,1400.0,unattainable,49,,,
mech_009_PR_attrition_moderate,0.88,mixed_GBseg_TJ,50.0,1450.0,beneficial,6,1.7960945256792065,1696087.359921449,0.0114716331683905
mech_009_PR_attrition_moderate,0.88,mixed_GBseg_TJ,50.0,1450.0,harmful,28,-2.316476759493742,273316.73326432134,0.00231776086548725
mech_009_PR_attrition_moderate,0.88,mixed_GBseg_TJ,50.0,1450.0,neutral,2,-0.5896134110859877,875775.3203617907,0.0041646990576275
mech_009_PR_attrition_moderate,0.88,mixed_GBseg_TJ,50.0,1450.0,unattainable,36,,,
mech_009_PR_attrition_moderate,0.88,mixed_GBseg_TJ,50.0,1500.0,harmful,34,-6.092763753114994,276861.06993768865,0.002265782245497
mech_009_PR_attrition_moderate,0.88,mixed_GBseg_TJ,50.0,1500.0,neutral,7,0.039643425353748,1700091.0348547718,0.0116786586310515
mech_009_PR_attrition_moderate,0.88,mixed_GBseg_TJ,50.0,1500.0,unattainable,31,,,
mech_009_PR_attrition_moderate,0.88,mixed_GBseg_TJ,100.0,1300.0,unattainable,72,,,
mech_009_PR_attrition_moderate,0.88,mixed_GBseg_TJ,100.0,1350.0,beneficial,2,3.405682726010018,1166960.7362927329,0.0105491286803518
mech_009_PR_attrition_moderate,0.88,mixed_GBseg_TJ,100.0,1350.0,neutral,8,-0.0036878925532036005,229399.69702145294,0.0021596240549562997
mech_009_PR_attrition_moderate,0.88,mixed_GBseg_TJ,100.0,1350.0,unattainable,62,,,
mech_009_PR_attrition_moderate,0.88,mixed_GBseg_TJ,100.0,1400.0,beneficial,3,2.262624197413799,1700250.0765896598,0.0113076728570046
mech_009_PR_attrition_moderate,0.88,mixed_GBseg_TJ,100.0,1400.0,harmful,6,-1.4927672747565093,272442.3387920311,0.0021313486620135
mech_009_PR_attrition_moderate,0.88,mixed_GBseg_TJ,100.0,1400.0,neutral,14,-0.3259670039472466,533670.9047394749,0.002597942060264
mech_009_PR_attrition_moderate,0.88,mixed_GBseg_TJ,100.0,1400.0,unattainable,49,,,
mech_009_PR_attrition_moderate,0.88,mixed_GBseg_TJ,100.0,1450.0,beneficial,6,1.772118490705464,1722112.800554701,0.0124679396128906
mech_009_PR_attrition_moderate,0.88,mixed_GBseg_TJ,100.0,1450.0,harmful,28,-2.1882519243161527,276275.9668254418,0.00249984425757195
mech_009_PR_attrition_moderate,0.88,mixed_GBseg_TJ,100.0,1450.0,neutral,2,-0.8548836312065425,886298.5195087977,0.0039387749981574
mech_009_PR_attrition_moderate,0.88,mixed_GBseg_TJ,100.0,1450.0,unattainable,36,,,
mech_009_PR_attrition_moderate,0.88,mixed_GBseg_TJ,100.0,1500.0,harmful,33,-6.061318102632366,279844.77223444975,0.0027782276913577
mech_009_PR_attrition_moderate,0.88,mixed_GBseg_TJ,100.0,1500.0,neutral,7,0.1149414098067631,1726411.2696824437,0.0120900852645868
mech_009_PR_attrition_moderate,0.88,mixed_GBseg_TJ,100.0,1500.0,unattainable,32,,,
mech_009_PR_attrition_moderate,0.9,GBseg_rich,0.2,1300.0,unattainable,72,,,
mech_009_PR_attrition_moderate,0.9,GBseg_rich,0.2,1350.0,unattainable,72,,,
mech_009_PR_attrition_moderate,0.9,GBseg_rich,0.2,1400.0,unattainable,72,,,
mech_009_PR_attrition_moderate,0.9,GBseg_rich,0.2,1450.0,unattainable,72,,,
mech_009_PR_attrition_moderate,0.9,GBseg_rich,0.2,1500.0,unattainable,72,,,
mech_009_PR_attrition_moderate,0.9,GBseg_rich,1.0,1300.0,unattainable,72,,,
mech_009_PR_attrition_moderate,0.9,GBseg_rich,1.0,1350.0,neutral,12,0.0,0.0,0.0
mech_009_PR_attrition_moderate,0.9,GBseg_rich,1.0,1350.0,unattainable,60,,,
mech_009_PR_attrition_moderate,0.9,GBseg_rich,1.0,1400.0,neutral,27,0.0,0.0,0.0
mech_009_PR_attrition_moderate,0.9,GBseg_rich,1.0,1400.0,unattainable,45,,,
mech_009_PR_attrition_moderate,0.9,GBseg_rich,1.0,1450.0,neutral,39,0.0,0.0,0.0
mech_009_PR_attrition_moderate,0.9,GBseg_rich,1.0,1450.0,unattainable,33,,,
mech_009_PR_attrition_moderate,0.9,GBseg_rich,1.0,1500.0,neutral,51,0.0,0.0,0.0
mech_009_PR_attrition_moderate,0.9,GBseg_rich,1.0,1500.0,unattainable,21,,,
mech_009_PR_attrition_moderate,0.9,GBseg_rich,5.0,1300.0,unattainable,72,,,
mech_009_PR_attrition_moderate,0.9,GBseg_rich,5.0,1350.0,beneficial,3,3.2132871103451364,1106948.576494431,2.2494918280505097e-05
mech_009_PR_attrition_moderate,0.9,GBseg_rich,5.0,1350.0,neutral,9,0.3071576398257556,415068.05839909066,-0.0009260849632092
mech_009_PR_attrition_moderate,0.9,GBseg_rich,5.0,1350.0,unattainable,60,,,
mech_009_PR_attrition_moderate,0.9,GBseg_rich,5.0,1400.0,beneficial,17,2.24831150055026,1281394.836998131,0.0007137582842222
mech_009_PR_attrition_moderate,0.9,GBseg_rich,5.0,1400.0,neutral,10,0.395899185921444,357427.1731168437,-2.147291544424279e-05
mech_009_PR_attrition_moderate,0.9,GBseg_rich,5.0,1400.0,unattainable,45,,,
mech_009_PR_attrition_moderate,0.9,GBseg_rich,5.0,1450.0,beneficial,14,2.065657409774406,1733692.985673345,0.0032262844633513
mech_009_PR_attrition_moderate,0.9,GBseg_rich,5.0,1450.0,harmful,2,-1.680343594360014,402260.5075169265,0.0006149723611879
mech_009_PR_attrition_moderate,0.9,GBseg_rich,5.0,1450.0,neutral,20,-0.3871823358639416,580777.6274345256,-0.00070907109519075
mech_009_PR_attrition_moderate,0.9,GBseg_rich,5.0,1450.0,unattainable,36,,,
mech_009_PR_attrition_moderate,0.9,GBseg_rich,5.0,1500.0,harmful,40,-4.628337077123977,755731.362920363,-0.0002068531363262
mech_009_PR_attrition_moderate,0.9,GBseg_rich,5.0,1500.0,neutral,7,-0.43077448095145,2301463.533708472,0.0063029754252755
mech_009_PR_attrition_moderate,0.9,GBseg_rich,5.0,1500.0,unattainable,25,,,
mech_009_PR_attrition_moderate,0.9,GBseg_rich,20.0,1300.0,unattainable,72,,,
mech_009_PR_attrition_moderate,0.9,GBseg_rich,20.0,1350.0,beneficial,5,1.395326484908705,945646.862190044,-0.0012877526785247
mech_009_PR_attrition_moderate,0.9,GBseg_rich,20.0,1350.0,neutral,7,0.3649928243589646,487541.6851921443,-0.0006471748564163
mech_009_PR_attrition_moderate,0.9,GBseg_rich,20.0,1350.0,unattainable,60,,,
mech_009_PR_attrition_moderate,0.9,GBseg_rich,20.0,1400.0,beneficial,17,3.0232609220794635,1674387.320248199,0.0003778271893784
mech_009_PR_attrition_moderate,0.9,GBseg_rich,20.0,1400.0,neutral,10,0.536203802491081,433433.52444067603,-0.00046651668230724997
mech_009_PR_attrition_moderate,0.9,GBseg_rich,20.0,1400.0,unattainable,45,,,
mech_009_PR_attrition_moderate,0.9,GBseg_rich,20.0,1450.0,beneficial,14,3.264589789906521,2374989.4693577364,0.0025720833551202
mech_009_PR_attrition_moderate,0.9,GBseg_rich,20.0,1450.0,harmful,2,-1.5627384203871075,491405.1085599725,0.0010478181211999
mech_009_PR_attrition_moderate,0.9,GBseg_rich,20.0,1450.0,neutral,20,-0.24962054661548805,721932.7410877107,-0.00121145174917745
mech_009_PR_attrition_moderate,0.9,GBseg_rich,20.0,1450.0,unattainable,36,,,
mech_009_PR_attrition_moderate,0.9,GBseg_rich,20.0,1500.0,beneficial,3,2.0729776868225684,3003390.4553775215,0.0099478842375581
mech_009_PR_attrition_moderate,0.9,GBseg_rich,20.0,1500.0,harmful,42,-4.533306115303634,944492.085987458,-0.0010045204414017
mech_009_PR_attrition_moderate,0.9,GBseg_rich,20.0,1500.0,neutral,2,-0.0046355692852387,3359320.181977145,0.0052752397142133
mech_009_PR_attrition_moderate,0.9,GBseg_rich,20.0,1500.0,unattainable,25,,,
mech_009_PR_attrition_moderate,0.9,GBseg_rich,50.0,1300.0,unattainable,72,,,
mech_009_PR_attrition_moderate,0.9,GBseg_rich,50.0,1350.0,beneficial,6,1.3417519339764632,1245239.8768633148,-0.0020348813298926
mech_009_PR_attrition_moderate,0.9,GBseg_rich,50.0,1350.0,neutral,6,0.20223964594121566,447201.68426289485,-0.0003429860928648
mech_009_PR_attrition_moderate,0.9,GBseg_rich,50.0,1350.0,unattainable,60,,,
mech_009_PR_attrition_moderate,0.9,GBseg_rich,50.0,1400.0,beneficial,17,3.611779649206482,1766187.268380093,0.0006779849096724
mech_009_PR_attrition_moderate,0.9,GBseg_rich,50.0,1400.0,neutral,10,0.5554202624462372,449067.51582703344,-0.0003418215212901
mech_009_PR_attrition_moderate,0.9,GBseg_rich,50.0,1400.0,unattainable,45,,,
mech_009_PR_attrition_moderate,0.9,GBseg_rich,50.0,1450.0,beneficial,14,4.159845483616535,2542035.3501143088,0.0016693177244351
mech_009_PR_attrition_moderate,0.9,GBseg_rich,50.0,1450.0,harmful,2,-1.3315402941593086,509927.7322083346,0.0015036192980485
mech_009_PR_attrition_moderate,0.9,GBseg_rich,50.0,1450.0,neutral,20,-0.2426195434977109,752219.2282734846,-0.0009114440008494
mech_009_PR_attrition_moderate,0.9,GBseg_rich,50.0,1450.0,unattainable,36,,,
mech_009_PR_attrition_moderate,0.9,GBseg_rich,50.0,1500.0,beneficial,3,3.1686881043722908,3318981.270244641,0.009847991069085
mech_009_PR_attrition_moderate,0.9,GBseg_rich,50.0,1500.0,harmful,38,-4.775026580192572,985176.471851276,-0.0013465880954232
mech_009_PR_attrition_moderate,0.9,GBseg_rich,50.0,1500.0,neutral,5,0.012721297032629,2388461.060331263,0.0035955122179875
mech_009_PR_attrition_moderate,0.9,GBseg_rich,50.0,1500.0,unattainable,26,,,
mech_009_PR_attrition_moderate,0.9,GBseg_rich,100.0,1300.0,unattainable,72,,,
mech_009_PR_attrition_moderate,0.9,GBseg_rich,100.0,1350.0,beneficial,6,1.337462028161858,1264317.1516538677,-0.00198845570380685
mech_009_PR_attrition_moderate,0.9,GBseg_rich,100.0,1350.0,neutral,6,0.1977569713909595,452397.3323118404,-0.00060152028660835
mech_009_PR_attrition_moderate,0.9,GBseg_rich,100.0,1350.0,unattainable,60,,,
mech_009_PR_attrition_moderate,0.9,GBseg_rich,100.0,1400.0,beneficial,17,3.6817397362263,1798088.1022302583,0.0001932853723539
mech_009_PR_attrition_moderate,0.9,GBseg_rich,100.0,1400.0,neutral,10,0.511059900723862,454315.07652705477,-0.000114299086755
mech_009_PR_attrition_moderate,0.9,GBseg_rich,100.0,1400.0,unattainable,45,,,
mech_009_PR_attrition_moderate,0.9,GBseg_rich,100.0,1450.0,beneficial,14,3.921650917561201,2602252.4804783077,0.001574255060748
mech_009_PR_attrition_moderate,0.9,GBseg_rich,100.0,1450.0,harmful,4,-1.4241482141569657,765143.4543007074,-0.001168766909295
mech_009_PR_attrition_moderate,0.9,GBseg_rich,100.0,1450.0,neutral,18,-0.0234481867529373,548989.7665524521,-0.0005524327010972
mech_009_PR_attrition_moderate,0.9,GBseg_rich,100.0,1450.0,unattainable,36,,,
mech_009_PR_attrition_moderate,0.9,GBseg_rich,100.0,1500.0,beneficial,3,4.101175311660372,3445296.52848187,0.0100716468797011
mech_009_PR_attrition_moderate,0.9,GBseg_rich,100.0,1500.0,harmful,38,-4.629407103381572,998985.9491651538,-0.0005971219516028
mech_009_PR_attrition_moderate,0.9,GBseg_rich,100.0,1500.0,neutral,5,0.2044049761935944,2452845.662263084,0.0035599136509373
mech_009_PR_attrition_moderate,0.9,GBseg_rich,100.0,1500.0,unattainable,26,,,
mech_009_PR_attrition_moderate,0.9,TJ_rich,0.2,1300.0,unattainable,72,,,
mech_009_PR_attrition_moderate,0.9,TJ_rich,0.2,1350.0,unattainable,72,,,
mech_009_PR_attrition_moderate,0.9,TJ_rich,0.2,1400.0,unattainable,72,,,
mech_009_PR_attrition_moderate,0.9,TJ_rich,0.2,1450.0,unattainable,72,,,
mech_009_PR_attrition_moderate,0.9,TJ_rich,0.2,1500.0,unattainable,72,,,
mech_009_PR_attrition_moderate,0.9,TJ_rich,1.0,1300.0,unattainable,72,,,
mech_009_PR_attrition_moderate,0.9,TJ_rich,1.0,1350.0,unattainable,72,,,
mech_009_PR_attrition_moderate,0.9,TJ_rich,1.0,1400.0,neutral,11,0.0,0.0,0.0
mech_009_PR_attrition_moderate,0.9,TJ_rich,1.0,1400.0,unattainable,61,,,
mech_009_PR_attrition_moderate,0.9,TJ_rich,1.0,1450.0,neutral,26,0.0,0.0,0.0
mech_009_PR_attrition_moderate,0.9,TJ_rich,1.0,1450.0,unattainable,46,,,
mech_009_PR_attrition_moderate,0.9,TJ_rich,1.0,1500.0,neutral,36,0.0,0.0,0.0
mech_009_PR_attrition_moderate,0.9,TJ_rich,1.0,1500.0,unattainable,36,,,
mech_009_PR_attrition_moderate,0.9,TJ_rich,5.0,1300.0,unattainable,72,,,
mech_009_PR_attrition_moderate,0.9,TJ_rich,5.0,1350.0,unattainable,72,,,
mech_009_PR_attrition_moderate,0.9,TJ_rich,5.0,1400.0,beneficial,2,2.2907248849325423,644639.6566828705,0.00869385770816465
mech_009_PR_attrition_moderate,0.9,TJ_rich,5.0,1400.0,harmful,1,-1.6568288262409825,139750.12608496056,0.0010605599520588
mech_009_PR_attrition_moderate,0.9,TJ_rich,5.0,1400.0,neutral,8,-0.29489610460646765,125931.98015605417,0.00183815538484825
mech_009_PR_attrition_moderate,0.9,TJ_rich,5.0,1400.0,unattainable,61,,,
mech_009_PR_attrition_moderate,0.9,TJ_rich,5.0,1450.0,beneficial,6,4.981030956330808,850359.6049536503,0.00688982852572575
mech_009_PR_attrition_moderate,0.9,TJ_rich,5.0,1450.0,harmful,11,-1.678891901803136,106620.72241444916,0.0008846161126163
mech_009_PR_attrition_moderate,0.9,TJ_rich,5.0,1450.0,neutral,7,-0.0498893367558383,268338.45270012657,0.0033071916021193
mech_009_PR_attrition_moderate,0.9,TJ_rich,5.0,1450.0,unattainable,48,,,
mech_009_PR_attrition_moderate,0.9,TJ_rich,5.0,1500.0,beneficial,12,4.688678641080839,649925.3425631856,0.006233980623704749
mech_009_PR_attrition_moderate,0.9,TJ_rich,5.0,1500.0,harmful,18,-2.6632608034116116,119589.9035860895,0.0012614853328239
mech_009_PR_attrition_moderate,0.9,TJ_rich,5.0,1500.0,neutral,6,0.7462927988013155,265626.3958669262,0.0020104875490832
mech_009_PR_attrition_moderate,0.9,TJ_rich,5.0,1500.0,unattainable,36,,,
mech_009_PR_attrition_moderate,0.9,TJ_rich,20.0,1300.0,unattainable,72,,,
mech_009_PR_attrition_moderate,0.9,TJ_rich,20.0,1350.0,unattainable,72,,,
mech_009_PR_attrition_moderate,0.9,TJ_rich,20.0,1400.0,beneficial,2,2.684559441116672,799735.4854073594,0.0106409059197678
mech_009_PR_attrition_moderate,0.9,TJ_rich,20.0,1400.0,harmful,2,-1.4495815913473318,170319.86139553203,0.0017350240193706999
mech_009_PR_attrition_moderate,0.9,TJ_rich,20.0,1400.0,neutral,7,-0.4156807227076573,127031.00399665815,0.0014102694634482
mech_009_PR_attrition_moderate,0.9,TJ_rich,20.0,1400.0,unattainable,61,,,
mech_009_PR_attrition_moderate,0.9,TJ_rich,20.0,1450.0,beneficial,8,2.7748724669811438,806645.2290270352,0.0076425554915048
mech_009_PR_attrition_moderate,0.9,TJ_rich,20.0,1450.0,harmful,13,-2.1174874607858563,142637.8437516179,0.0010324943056623
mech_009_PR_attrition_moderate,0.9,TJ_rich,20.0,1450.0,neutral,3,0.0462663221549853,318216.37291637115,0.0016661462240724
mech_009_PR_attrition_moderate,0.9,TJ_rich,20.0,1450.0,unattainable,48,,,
mech_009_PR_attrition_moderate,0.9,TJ_rich,20.0,1500.0,beneficial,12,5.264270675077863,807970.35631442,0.00750788936699035
mech_009_PR_attrition_moderate,0.9,TJ_rich,20.0,1500.0,harmful,16,-3.8705644811776097,134880.86863831757,0.0012813584707906
mech_009_PR_attrition_moderate,0.9,TJ_rich,20.0,1500.0,neutral,8,-0.32778759177642774,319265.630160238,0.0028115689307410497
mech_009_PR_attrition_moderate,0.9,TJ_rich,20.0,1500.0,unattainable,36,,,
mech_009_PR_attrition_moderate,0.9,TJ_rich,50.0,1300.0,unattainable,72,,,
mech_009_PR_attrition_moderate,0.9,TJ_rich,50.0,1350.0,unattainable,72,,,
mech_009_PR_attrition_moderate,0.9,TJ_rich,50.0,1400.0,beneficial,3,1.5593785545179646,562994.3180864763,0.0081335600072793
mech_009_PR_attrition_moderate,0.9,TJ_rich,50.0,1400.0,harmful,1,-1.8948577642442064,172578.38132875593,0.001752391362006
mech_009_PR_attrition_moderate,0.9,TJ_rich,50.0,1400.0,neutral,7,-0.3491983506461517,131151.20590862996,0.0018523935237796
mech_009_PR_attrition_moderate,0.9,TJ_rich,50.0,1400.0,unattainable,61,,,
mech_009_PR_attrition_moderate,0.9,TJ_rich,50.0,1450.0,beneficial,8,3.052318394409957,840261.5190659434,0.0077584331768378
mech_009_PR_attrition_moderate,0.9,TJ_rich,50.0,1450.0,harmful,11,-2.14855474989923,131256.22271900883,0.0013333051874495
mech_009_PR_attrition_moderate,0.9,TJ_rich,50.0,1450.0,neutral,5,-0.9086365402885702,330698.3784838188,0.003893199262196
mech_009_PR_attrition_moderate,0.9,TJ_rich,50.0,1450.0,unattainable,48,,,
mech_009_PR_attrition_moderate,0.9,TJ_rich,50.0,1500.0,beneficial,12,5.559825801974553,841816.2324799898,0.0080867876131549
mech_009_PR_attrition_moderate,0.9,TJ_rich,50.0,1500.0,harmful,20,-3.330076503669881,147256.07982952427,0.0015839565751754
mech_009_PR_attrition_moderate,0.9,TJ_rich,50.0,1500.0,neutral,4,0.32527975782124663,330040.5445539539,0.00279167734247565
mech_009_PR_attrition_moderate,0.9,TJ_rich,50.0,1500.0,unattainable,36,,,
mech_009_PR_attrition_moderate,0.9,TJ_rich,100.0,1300.0,unattainable,72,,,
mech_009_PR_attrition_moderate,0.9,TJ_rich,100.0,1350.0,unattainable,72,,,
mech_009_PR_attrition_moderate,0.9,TJ_rich,100.0,1400.0,beneficial,3,1.4424058136768825,569671.3664871923,0.0072325417035419
mech_009_PR_attrition_moderate,0.9,TJ_rich,100.0,1400.0,harmful,2,-1.4661221116830938,177788.56202103334,0.0019850416967879
mech_009_PR_attrition_moderate,0.9,TJ_rich,100.0,1400.0,neutral,6,-0.475032843906924,130457.64127258597,0.00190819548388205
mech_009_PR_attrition_moderate,0.9,TJ_rich,100.0,1400.0,unattainable,61,,,
mech_009_PR_attrition_moderate,0.9,TJ_rich,100.0,1450.0,beneficial,8,3.3433630699489734,851647.1251720665,0.0078403387162669
mech_009_PR_attrition_moderate,0.9,TJ_rich,100.0,1450.0,harmful,13,-2.4663910443947192,148800.8451628751,0.0011675740128828
mech_009_PR_attrition_moderate,0.9,TJ_rich,100.0,1450.0,neutral,3,0.2619885511141843,332458.5083233454,0.0019752886121318
mech_009_PR_attrition_moderate,0.9,TJ_rich,100.0,1450.0,unattainable,48,,,
mech_009_PR_attrition_moderate,0.9,TJ_rich,100.0,1500.0,beneficial,12,5.3020571065751145,853299.0304223225,0.00777997853334445
mech_009_PR_attrition_moderate,0.9,TJ_rich,100.0,1500.0,harmful,20,-3.5019540857841047,148798.2930202579,0.00146410360547595
mech_009_PR_attrition_moderate,0.9,TJ_rich,100.0,1500.0,neutral,4,0.6467659428384303,333642.75373016106,0.00313362592544285
mech_009_PR_attrition_moderate,0.9,TJ_rich,100.0,1500.0,unattainable,36,,,
mech_009_PR_attrition_moderate,0.9,baseline,0.2,1300.0,unattainable,72,,,
mech_009_PR_attrition_moderate,0.9,baseline,0.2,1350.0,unattainable,72,,,
mech_009_PR_attrition_moderate,0.9,baseline,0.2,1400.0,unattainable,72,,,
mech_009_PR_attrition_moderate,0.9,baseline,0.2,1450.0,unattainable,72,,,
mech_009_PR_attrition_moderate,0.9,baseline,0.2,1500.0,unattainable,72,,,
mech_009_PR_attrition_moderate,0.9,baseline,1.0,1300.0,unattainable,72,,,
mech_009_PR_attrition_moderate,0.9,baseline,1.0,1350.0,neutral,3,0.0,0.0,0.0
mech_009_PR_attrition_moderate,0.9,baseline,1.0,1350.0,unattainable,69,,,
mech_009_PR_attrition_moderate,0.9,baseline,1.0,1400.0,neutral,17,0.0,0.0,0.0
mech_009_PR_attrition_moderate,0.9,baseline,1.0,1400.0,unattainable,55,,,
mech_009_PR_attrition_moderate,0.9,baseline,1.0,1450.0,neutral,32,0.0,0.0,0.0
mech_009_PR_attrition_moderate,0.9,baseline,1.0,1450.0,unattainable,40,,,
mech_009_PR_attrition_moderate,0.9,baseline,1.0,1500.0,neutral,40,0.0,0.0,0.0
mech_009_PR_attrition_moderate,0.9,baseline,1.0,1500.0,unattainable,32,,,
mech_009_PR_attrition_moderate,0.9,baseline,5.0,1300.0,unattainable,72,,,
mech_009_PR_attrition_moderate,0.9,baseline,5.0,1350.0,neutral,3,0.0932356608135537,195377.17907087115,0.0012233065520102
mech_009_PR_attrition_moderate,0.9,baseline,5.0,1350.0,unattainable,69,,,
mech_009_PR_attrition_moderate,0.9,baseline,5.0,1400.0,beneficial,4,2.009467191909122,1280940.9732568408,0.0066047481715281
mech_009_PR_attrition_moderate,0.9,baseline,5.0,1400.0,neutral,13,0.0087520232042207,350214.1131190245,0.0010135749216988
mech_009_PR_attrition_moderate,0.9,baseline,5.0,1400.0,unattainable,55,,,
mech_009_PR_attrition_moderate,0.9,baseline,5.0,1450.0,beneficial,5,3.0584174236927293,1716165.1639973645,0.0076798613786679
mech_009_PR_attrition_moderate,0.9,baseline,5.0,1450.0,harmful,12,-1.366478867956077,216614.87933587428,0.00076374273471755
mech_009_PR_attrition_moderate,0.9,baseline,5.0,1450.0,neutral,13,0.1011606911107807,691498.7870608325,0.0025073309176499
mech_009_PR_attrition_moderate,0.9,baseline,5.0,1450.0,unattainable,42,,,
mech_009_PR_attrition_moderate,0.9,baseline,5.0,1500.0,beneficial,6,3.529651735010952,1718939.5835100885,0.0080348496721502
mech_009_PR_attrition_moderate,0.9,baseline,5.0,1500.0,harmful,22,-2.993575750368309,223995.0068035225,0.0007579872737855
mech_009_PR_attrition_moderate,0.9,baseline,5.0,1500.0,neutral,8,-0.3721995386902466,1056931.5697436936,0.0026621134686874498
mech_009_PR_attrition_moderate,0.9,baseline,5.0,1500.0,unattainable,36,,,
mech_009_PR_attrition_moderate,0.9,baseline,20.0,1300.0,unattainable,72,,,
mech_009_PR_attrition_moderate,0.9,baseline,20.0,1350.0,neutral,3,0.1427230276377717,234157.8047231275,0.0017342604299159
mech_009_PR_attrition_moderate,0.9,baseline,20.0,1350.0,unattainable,69,,,
mech_009_PR_attrition_moderate,0.9,baseline,20.0,1400.0,beneficial,4,2.588530211974257,1683223.1833626488,0.00778705241676445
mech_009_PR_attrition_moderate,0.9,baseline,20.0,1400.0,neutral,13,-0.032884630902639,423876.2121041665,0.0013485914636474
mech_009_PR_attrition_moderate,0.9,baseline,20.0,1400.0,unattainable,55,,,
mech_009_PR_attrition_moderate,0.9,baseline,20.0,1450.0,beneficial,7,4.039992429928494,2132565.2923565614,0.0098525571732266
mech_009_PR_attrition_moderate,0.9,baseline,20.0,1450.0,harmful,12,-1.506234967426427,259177.21700161166,0.0010175691244959499
mech_009_PR_attrition_moderate,0.9,baseline,20.0,1450.0,neutral,11,-0.2547957245402205,850419.6225003182,0.0018649830231296
mech_009_PR_attrition_moderate,0.9,baseline,20.0,1450.0,unattainable,42,,,
mech_009_PR_attrition_moderate,0.9,baseline,20.0,1500.0,beneficial,6,3.6070267050890017,2297995.418249375,0.0093785523674463
mech_009_PR_attrition_moderate,0.9,baseline,20.0,1500.0,harmful,24,-3.3397203711205683,346558.0925038842,0.00136631111064205
mech_009_PR_attrition_moderate,0.9,baseline,20.0,1500.0,neutral,6,-0.444153086092184,1327690.795212112,0.0024244076327646
mech_009_PR_attrition_moderate,0.9,baseline,20.0,1500.0,unattainable,36,,,
mech_009_PR_attrition_moderate,0.9,baseline,50.0,1300.0,unattainable,72,,,
mech_009_PR_attrition_moderate,0.9,baseline,50.0,1350.0,neutral,3,0.1376191314075101,241996.44523215655,0.0016867451219302
mech_009_PR_attrition_moderate,0.9,baseline,50.0,1350.0,unattainable,69,,,
mech_009_PR_attrition_moderate,0.9,baseline,50.0,1400.0,beneficial,5,2.461136880239843,1422071.077373416,0.0069218256618866
mech_009_PR_attrition_moderate,0.9,baseline,50.0,1400.0,neutral,12,-0.054648024507550144,357691.36503396847,0.00095450643063345
mech_009_PR_attrition_moderate,0.9,baseline,50.0,1400.0,unattainable,55,,,
mech_009_PR_attrition_moderate,0.9,baseline,50.0,1450.0,beneficial,7,4.254796704597315,2273661.849983131,0.0100667210304755
mech_009_PR_attrition_moderate,0.9,baseline,50.0,1450.0,harmful,12,-1.6181776358344133,259809.17896852005,0.0008597218515482
mech_009_PR_attrition_moderate,0.9,baseline,50.0,1450.0,neutral,11,-0.0860614196512095,882660.5302775439,0.0016979838163052
mech_009_PR_attrition_moderate,0.9,baseline,50.0,1450.0,unattainable,42,,,
mech_009_PR_attrition_moderate,0.9,baseline,50.0,1500.0,beneficial,6,3.729191860774443,2439727.8684320417,0.0098293360014028
mech_009_PR_attrition_moderate,0.9,baseline,50.0,1500.0,harmful,24,-3.224399093459616,358570.90566544037,0.00082745743243085
mech_009_PR_attrition_moderate,0.9,baseline,50.0,1500.0,neutral,6,-0.7309437750463308,1420479.222523866,0.0036566768652913
mech_009_PR_attrition_moderate,0.9,baseline,50.0,1500.0,unattainable,36,,,
mech_009_PR_attrition_moderate,0.9,baseline,100.0,1300.0,unattainable,72,,,
mech_009_PR_attrition_moderate,0.9,baseline,100.0,1350.0,neutral,3,0.1659216676335487,244626.4545874427,0.0015832698823569
mech_009_PR_attrition_moderate,0.9,baseline,100.0,1350.0,unattainable,69,,,
mech_009_PR_attrition_moderate,0.9,baseline,100.0,1400.0,beneficial,4,2.9394956525480063,1810149.7021235698,0.0081848045602231
mech_009_PR_attrition_moderate,0.9,baseline,100.0,1400.0,neutral,13,-0.0736128246609245,444018.6343104717,0.0007170667564337
mech_009_PR_attrition_moderate,0.9,baseline,100.0,1400.0,unattainable,55,,,
mech_009_PR_attrition_moderate,0.9,baseline,100.0,1450.0,beneficial,5,3.483800847299508,2477652.814717849,0.0092945766461771
mech_009_PR_attrition_moderate,0.9,baseline,100.0,1450.0,harmful,13,-1.5903067643372244,261663.65548319535,0.0009626115360078
mech_009_PR_attrition_moderate,0.9,baseline,100.0,1450.0,neutral,12,-0.2939224865613628,895053.196086794,0.0031567264895703
mech_009_PR_attrition_moderate,0.9,baseline,100.0,1450.0,unattainable,42,,,
mech_009_PR_attrition_moderate,0.9,baseline,100.0,1500.0,beneficial,6,3.691954651739706,2489820.6094149626,0.0099230546215575
mech_009_PR_attrition_moderate,0.9,baseline,100.0,1500.0,harmful,22,-3.39715039479844,279724.45936653914,0.0010531412166347
mech_009_PR_attrition_moderate,0.9,baseline,100.0,1500.0,neutral,8,-0.5659952346455521,1428161.8611902741,0.0031246269154477
mech_009_PR_attrition_moderate,0.9,baseline,100.0,1500.0,unattainable,36,,,
mech_009_PR_attrition_moderate,0.9,mixed_GBseg_TJ,0.2,1300.0,unattainable,72,,,
mech_009_PR_attrition_moderate,0.9,mixed_GBseg_TJ,0.2,1350.0,unattainable,72,,,
mech_009_PR_attrition_moderate,0.9,mixed_GBseg_TJ,0.2,1400.0,unattainable,72,,,
mech_009_PR_attrition_moderate,0.9,mixed_GBseg_TJ,0.2,1450.0,unattainable,72,,,
mech_009_PR_attrition_moderate,0.9,mixed_GBseg_TJ,0.2,1500.0,unattainable,72,,,
mech_009_PR_attrition_moderate,0.9,mixed_GBseg_TJ,1.0,1300.0,unattainable,72,,,
mech_009_PR_attrition_moderate,0.9,mixed_GBseg_TJ,1.0,1350.0,neutral,3,0.0,0.0,0.0
mech_009_PR_attrition_moderate,0.9,mixed_GBseg_TJ,1.0,1350.0,unattainable,69,,,
mech_009_PR_attrition_moderate,0.9,mixed_GBseg_TJ,1.0,1400.0,neutral,18,0.0,0.0,0.0
mech_009_PR_attrition_moderate,0.9,mixed_GBseg_TJ,1.0,1400.0,unattainable,54,,,
mech_009_PR_attrition_moderate,0.9,mixed_GBseg_TJ,1.0,1450.0,neutral,35,0.0,0.0,0.0
mech_009_PR_attrition_moderate,0.9,mixed_GBseg_TJ,1.0,1450.0,unattainable,37,,,
mech_009_PR_attrition_moderate,0.9,mixed_GBseg_TJ,1.0,1500.0,neutral,41,0.0,0.0,0.0
mech_009_PR_attrition_moderate,0.9,mixed_GBseg_TJ,1.0,1500.0,unattainable,31,,,
mech_009_PR_attrition_moderate,0.9,mixed_GBseg_TJ,5.0,1300.0,unattainable,72,,,
mech_009_PR_attrition_moderate,0.9,mixed_GBseg_TJ,5.0,1350.0,neutral,3,-0.0445380602905975,136010.78039920755,0.0015840548665504
mech_009_PR_attrition_moderate,0.9,mixed_GBseg_TJ,5.0,1350.0,unattainable,69,,,
mech_009_PR_attrition_moderate,0.9,mixed_GBseg_TJ,5.0,1400.0,beneficial,3,2.7747470555045113,1262994.9901074958,0.0086150739989481
mech_009_PR_attrition_moderate,0.9,mixed_GBseg_TJ,5.0,1400.0,harmful,2,-1.1715314818529134,224013.67213949034,0.0009554065773784999
mech_009_PR_attrition_moderate,0.9,mixed_GBseg_TJ,5.0,1400.0,neutral,13,-0.1831954166609055,223365.60413109625,0.0017611617242988
mech_009_PR_attrition_moderate,0.9,mixed_GBseg_TJ,5.0,1400.0,unattainable,54,,,
mech_009_PR_attrition_moderate,0.9,mixed_GBseg_TJ,5.0,1450.0,beneficial,5,3.217750188670071,1274766.3834514436,0.0072700181498126
mech_009_PR_attrition_moderate,0.9,mixed_GBseg_TJ,5.0,1450.0,harmful,15,-1.4753391628499908,150929.6321804383,0.0013669431488238
mech_009_PR_attrition_moderate,0.9,mixed_GBseg_TJ,5.0,1450.0,neutral,12,-0.37948307259337666,426077.835473563,0.0032218750677312996
mech_009_PR_attrition_moderate,0.9,mixed_GBseg_TJ,5.0,1450.0,unattainable,40,,,
mech_009_PR_attrition_moderate,0.9,mixed_GBseg_TJ,5.0,1500.0,beneficial,6,3.778090755823068,1276393.7494746228,0.0085458356510972
mech_009_PR_attrition_moderate,0.9,mixed_GBseg_TJ,5.0,1500.0,harmful,26,-3.0517864511928012,217846.7814641611,0.0013777284798184
mech_009_PR_attrition_moderate,0.9,mixed_GBseg_TJ,5.0,1500.0,neutral,4,0.11171557233793841,694879.508219939,0.0033640354654025503
mech_009_PR_attrition_moderate,0.9,mixed_GBseg_TJ,5.0,1500.0,unattainable,36,,,
mech_009_PR_attrition_moderate,0.9,mixed_GBseg_TJ,20.0,1300.0,unattainable,72,,,
mech_009_PR_attrition_moderate,0.9,mixed_GBseg_TJ,20.0,1350.0,neutral,3,-0.0127171286327128,162430.9397382177,0.0017887407814869
mech_009_PR_attrition_moderate,0.9,mixed_GBseg_TJ,20.0,1350.0,unattainable,69,,,
mech_009_PR_attrition_moderate,0.9,mixed_GBseg_TJ,20.0,1400.0,beneficial,3,3.10205127756943,1600890.4215150643,0.0102466530418275
mech_009_PR_attrition_moderate,0.9,mixed_GBseg_TJ,20.0,1400.0,harmful,2,-1.3934587632570428,268290.4045670918,0.00120224808836145
mech_009_PR_attrition_moderate,0.9,mixed_GBseg_TJ,20.0,1400.0,neutral,13,-0.1113432344626589,267454.3686691701,0.0020449008248286
mech_009_PR_attrition_moderate,0.9,mixed_GBseg_TJ,20.0,1400.0,unattainable,54,,,
mech_009_PR_attrition_moderate,0.9,mixed_GBseg_TJ,20.0,1450.0,beneficial,5,3.6374534967897834,1619895.9598548545,0.0091796146874751
mech_009_PR_attrition_moderate,0.9,mixed_GBseg_TJ,20.0,1450.0,harmful,19,-1.6053506613853383,261136.06867673487,0.0020375835479485
mech_009_PR_attrition_moderate,0.9,mixed_GBseg_TJ,20.0,1450.0,neutral,7,0.1504210918347354,852229.3547427095,0.0045774231555007
mech_009_PR_attrition_moderate,0.9,mixed_GBseg_TJ,20.0,1450.0,unattainable,41,,,
mech_009_PR_attrition_moderate,0.9,mixed_GBseg_TJ,20.0,1500.0,beneficial,6,3.982037958453758,1623212.5348890251,0.0099220149542128
mech_009_PR_attrition_moderate,0.9,mixed_GBseg_TJ,20.0,1500.0,harmful,26,-3.6137653504402594,261291.6067593987,0.001728718199472
mech_009_PR_attrition_moderate,0.9,mixed_GBseg_TJ,20.0,1500.0,neutral,4,-0.236038456733117,849221.1959798329,0.00402882809694675
mech_009_PR_attrition_moderate,0.9,mixed_GBseg_TJ,20.0,1500.0,unattainable,36,,,
mech_009_PR_attrition_moderate,0.9,mixed_GBseg_TJ,50.0,1300.0,unattainable,72,,,
mech_009_PR_attrition_moderate,0.9,mixed_GBseg_TJ,50.0,1350.0,neutral,3,-0.04219304633226,167742.31589612097,0.0020667605042418
mech_009_PR_attrition_moderate,0.9,mixed_GBseg_TJ,50.0,1350.0,unattainable,69,,,
mech_009_PR_attrition_moderate,0.9,mixed_GBseg_TJ,50.0,1400.0,beneficial,4,2.940413537169375,1646999.8646662151,0.009175668752020999
mech_009_PR_attrition_moderate,0.9,mixed_GBseg_TJ,50.0,1400.0,harmful,2,-1.2353720068004823,277242.3407341093,0.0017504369428721
mech_009_PR_attrition_moderate,0.9,mixed_GBseg_TJ,50.0,1400.0,neutral,12,-0.1800743186654807,240818.1912245808,0.00196695133101855
mech_009_PR_attrition_moderate,0.9,mixed_GBseg_TJ,50.0,1400.0,unattainable,54,,,
mech_009_PR_attrition_moderate,0.9,mixed_GBseg_TJ,50.0,1450.0,beneficial,5,3.361226296444628,1696072.2917207712,0.0093253012354733
mech_009_PR_attrition_moderate,0.9,mixed_GBseg_TJ,50.0,1450.0,harmful,18,-1.7961836956437431,237677.43211304356,0.00200809102005
mech_009_PR_attrition_moderate,0.9,mixed_GBseg_TJ,50.0,1450.0,neutral,7,0.303192453885881,884842.8968986783,0.0049558375097257
mech_009_PR_attrition_moderate,0.9,mixed_GBseg_TJ,50.0,1450.0,unattainable,42,,,
mech_009_PR_attrition_moderate,0.9,mixed_GBseg_TJ,50.0,1500.0,beneficial,6,3.9400621042712425,1700087.982466222,0.0106641135871765
mech_009_PR_attrition_moderate,0.9,mixed_GBseg_TJ,50.0,1500.0,harmful,26,-3.846233529354983,270088.10791939945,0.0016625322024315
mech_009_PR_attrition_moderate,0.9,mixed_GBseg_TJ,50.0,1500.0,neutral,4,0.3005839405720158,881285.8701334627,0.0047533663595471995
mech_009_PR_attrition_moderate,0.9,mixed_GBseg_TJ,50.0,1500.0,unattainable,36,,,
mech_009_PR_attrition_moderate,0.9,mixed_GBseg_TJ,100.0,1300.0,unattainable,72,,,
mech_009_PR_attrition_moderate,0.9,mixed_GBseg_TJ,100.0,1350.0,neutral,3,-0.0209873958657869,169522.97238256905,0.002321812558097
mech_009_PR_attrition_moderate,0.9,mixed_GBseg_TJ,100.0,1350.0,unattainable,69,,,
mech_009_PR_attrition_moderate,0.9,mixed_GBseg_TJ,100.0,1400.0,beneficial,3,3.032474669184404,1700163.107154138,0.0100398702435698
mech_009_PR_attrition_moderate,0.9,mixed_GBseg_TJ,100.0,1400.0,harmful,3,-1.3630850228980744,279333.7858506296,0.0014985439108027
mech_009_PR_attrition_moderate,0.9,mixed_GBseg_TJ,100.0,1400.0,neutral,12,-0.1295273177249666,369640.0802623495,0.00156965774004355
mech_009_PR_attrition_moderate,0.9,mixed_GBseg_TJ,100.0,1400.0,unattainable,54,,,
mech_009_PR_attrition_moderate,0.9,mixed_GBseg_TJ,100.0,1450.0,beneficial,5,4.089478585007153,1722096.3856032758,0.0102331140814367
mech_009_PR_attrition_moderate,0.9,mixed_GBseg_TJ,100.0,1450.0,harmful,17,-1.8216652183503783,199417.3997604333,0.002079105131496
mech_009_PR_attrition_moderate,0.9,mixed_GBseg_TJ,100.0,1450.0,neutral,8,0.5941894211803056,891057.1984851712,0.0055318186783921
mech_009_PR_attrition_moderate,0.9,mixed_GBseg_TJ,100.0,1450.0,unattainable,42,,,
mech_009_PR_attrition_moderate,0.9,mixed_GBseg_TJ,100.0,1500.0,beneficial,6,3.465411306845455,1726407.7645186062,0.0100646696172473
mech_009_PR_attrition_moderate,0.9,mixed_GBseg_TJ,100.0,1500.0,harmful,26,-3.844966294932707,273028.43518752477,0.0019395765238233
mech_009_PR_attrition_moderate,0.9,mixed_GBseg_TJ,100.0,1500.0,neutral,4,-0.19112894058448932,892069.5385523175,0.004419718628903099
mech_009_PR_attrition_moderate,0.9,mixed_GBseg_TJ,100.0,1500.0,unattainable,36,,,
mech_009_PR_attrition_moderate,0.92,GBseg_rich,0.2,1300.0,unattainable,72,,,
mech_009_PR_attrition_moderate,0.92,GBseg_rich,0.2,1350.0,unattainable,72,,,
mech_009_PR_attrition_moderate,0.92,GBseg_rich,0.2,1400.0,unattainable,72,,,
mech_009_PR_attrition_moderate,0.92,GBseg_rich,0.2,1450.0,unattainable,72,,,
mech_009_PR_attrition_moderate,0.92,GBseg_rich,0.2,1500.0,unattainable,72,,,
mech_009_PR_attrition_moderate,0.92,GBseg_rich,1.0,1300.0,unattainable,72,,,
mech_009_PR_attrition_moderate,0.92,GBseg_rich,1.0,1350.0,neutral,3,0.0,0.0,0.0
mech_009_PR_attrition_moderate,0.92,GBseg_rich,1.0,1350.0,unattainable,69,,,
mech_009_PR_attrition_moderate,0.92,GBseg_rich,1.0,1400.0,neutral,21,0.0,0.0,0.0
mech_009_PR_attrition_moderate,0.92,GBseg_rich,1.0,1400.0,unattainable,51,,,
mech_009_PR_attrition_moderate,0.92,GBseg_rich,1.0,1450.0,neutral,35,0.0,0.0,0.0
mech_009_PR_attrition_moderate,0.92,GBseg_rich,1.0,1450.0,unattainable,37,,,
mech_009_PR_attrition_moderate,0.92,GBseg_rich,1.0,1500.0,neutral,41,0.0,0.0,0.0
mech_009_PR_attrition_moderate,0.92,GBseg_rich,1.0,1500.0,unattainable,31,,,
mech_009_PR_attrition_moderate,0.92,GBseg_rich,5.0,1300.0,unattainable,72,,,
mech_009_PR_attrition_moderate,0.92,GBseg_rich,5.0,1350.0,beneficial,1,1.0867402468518843,706749.8861703549,-0.0021035678020968
mech_009_PR_attrition_moderate,0.92,GBseg_rich,5.0,1350.0,neutral,2,0.2695933895191102,336063.69829974265,-0.0003490360907027
mech_009_PR_attrition_moderate,0.92,GBseg_rich,5.0,1350.0,unattainable,69,,,
mech_009_PR_attrition_moderate,0.92,GBseg_rich,5.0,1400.0,beneficial,13,2.5513579016526866,1345646.6320937304,-0.0005577357788486
mech_009_PR_attrition_moderate,0.92,GBseg_rich,5.0,1400.0,neutral,8,0.4095346916015644,357399.06817919086,-0.0009041471327467
mech_009_PR_attrition_moderate,0.92,GBseg_rich,5.0,1400.0,unattainable,51,,,
mech_009_PR_attrition_moderate,0.92,GBseg_rich,5.0,1450.0,beneficial,13,2.065657409774418,1733679.967186789,0.0026736827043462
mech_009_PR_attrition_moderate,0.92,GBseg_rich,5.0,1450.0,neutral,22,0.1827119465965218,432472.17868552945,-0.0009026503650125
mech_009_PR_attrition_moderate,0.92,GBseg_rich,5.0,1450.0,unattainable,37,,,
mech_009_PR_attrition_moderate,0.92,GBseg_rich,5.0,1500.0,beneficial,6,2.52287974004543,2301461.538091707,0.0078074779895767
mech_009_PR_attrition_moderate,0.92,GBseg_rich,5.0,1500.0,harmful,28,-2.002138397138653,742742.3714783319,-0.0009735094874304001
mech_009_PR_attrition_moderate,0.92,GBseg_rich,5.0,1500.0,neutral,2,-0.2646320010642843,1585207.847667862,0.0027892820665958
mech_009_PR_attrition_moderate,0.92,GBseg_rich,5.0,1500.0,unattainable,36,,,
mech_009_PR_attrition_moderate,0.92,GBseg_rich,20.0,1300.0,unattainable,72,,,
mech_009_PR_attrition_moderate,0.92,GBseg_rich,20.0,1350.0,beneficial,1,1.4227148541067445,887673.2497211804,-0.002814307132001
mech_009_PR_attrition_moderate,0.92,GBseg_rich,20.0,1350.0,neutral,2,0.32265461874440765,408332.67454672046,-0.0007526067737353499
mech_009_PR_attrition_moderate,0.92,GBseg_rich,20.0,1350.0,unattainable,69,,,
mech_009_PR_attrition_moderate,0.92,GBseg_rich,20.0,1400.0,beneficial,15,3.263378593515915,1674099.2880331727,-0.0013471877366351
mech_009_PR_attrition_moderate,0.92,GBseg_rich,20.0,1400.0,neutral,6,0.3656553942092113,364442.72304943914,-0.0012909296182431
mech_009_PR_attrition_moderate,0.92,GBseg_rich,20.0,1400.0,unattainable,51,,,
mech_009_PR_attrition_moderate,0.92,GBseg_rich,20.0,1450.0,beneficial,13,4.222366128620317,2374971.2341952957,0.0018704743849338
mech_009_PR_attrition_moderate,0.92,GBseg_rich,20.0,1450.0,neutral,22,0.2349329284270685,523919.4116332967,-0.0012469386562803
mech_009_PR_attrition_moderate,0.92,GBseg_rich,20.0,1450.0,unattainable,37,,,
mech_009_PR_attrition_moderate,0.92,GBseg_rich,20.0,1500.0,beneficial,6,1.965850829050842,3359316.6104283077,0.0065296003806911
mech_009_PR_attrition_moderate,0.92,GBseg_rich,20.0,1500.0,harmful,26,-2.4735870162765026,921198.9201909334,-0.001257863389966
mech_009_PR_attrition_moderate,0.92,GBseg_rich,20.0,1500.0,neutral,4,-0.521885585613257,1916018.4257548703,0.00018910030313864997
mech_009_PR_attrition_moderate,0.92,GBseg_rich,20.0,1500.0,unattainable,36,,,
mech_009_PR_attrition_moderate,0.92,GBseg_rich,50.0,1300.0,unattainable,72,,,
mech_009_PR_attrition_moderate,0.92,GBseg_rich,50.0,1350.0,beneficial,1,1.4754505068207435,926877.1351171072,-0.0030986698116198
mech_009_PR_attrition_moderate,0.92,GBseg_rich,50.0,1350.0,neutral,2,0.32618571553502346,423235.67895366746,-0.0006523351124537
mech_009_PR_attrition_moderate,0.92,GBseg_rich,50.0,1350.0,unattainable,69,,,
mech_009_PR_attrition_moderate,0.92,GBseg_rich,50.0,1400.0,beneficial,16,3.1211495777243683,1720932.4768776486,-0.0010861070927163
mech_009_PR_attrition_moderate,0.92,GBseg_rich,50.0,1400.0,neutral,5,0.4174350333422675,364614.8080160913,-0.0011231387045252
mech_009_PR_attrition_moderate,0.92,GBseg_rich,50.0,1400.0,unattainable,51,,,
mech_009_PR_attrition_moderate,0.92,GBseg_rich,50.0,1450.0,beneficial,13,4.159845483616582,2542012.2925052266,0.0007027762366955
mech_009_PR_attrition_moderate,0.92,GBseg_rich,50.0,1450.0,neutral,22,0.4453588300873281,542693.4651042687,-0.0010371295551725
mech_009_PR_attrition_moderate,0.92,GBseg_rich,50.0,1450.0,unattainable,37,,,
mech_009_PR_attrition_moderate,0.92,GBseg_rich,50.0,1500.0,beneficial,4,3.653971766647876,3504124.0292413044,0.0078716962449405
mech_009_PR_attrition_moderate,0.92,GBseg_rich,50.0,1500.0,harmful,24,-2.7807017208538367,974182.8126963399,-0.00176008767080815
mech_009_PR_attrition_moderate,0.92,GBseg_rich,50.0,1500.0,neutral,8,-0.45348249295106197,2052687.9608756392,9.152647035105e-05
mech_009_PR_attrition_moderate,0.92,GBseg_rich,50.0,1500.0,unattainable,36,,,
mech_009_PR_attrition_moderate,0.92,GBseg_rich,100.0,1300.0,unattainable,72,,,
mech_009_PR_attrition_moderate,0.92,GBseg_rich,100.0,1350.0,beneficial,1,1.569696772755678,940408.7918354468,-0.002794853615091
mech_009_PR_attrition_moderate,0.92,GBseg_rich,100.0,1350.0,neutral,2,0.35107803872130966,428251.62234874873,-0.0006456277378937
mech_009_PR_attrition_moderate,0.92,GBseg_rich,100.0,1350.0,unattainable,69,,,
mech_009_PR_attrition_moderate,0.92,GBseg_rich,100.0,1400.0,beneficial,15,3.307115249469342,1797768.2243017503,-0.0017260161471072
mech_009_PR_attrition_moderate,0.92,GBseg_rich,100.0,1400.0,neutral,6,0.4351590853499797,381095.0351373751,-0.00090063363358035
mech_009_PR_attrition_moderate,0.92,GBseg_rich,100.0,1400.0,unattainable,51,,,
mech_009_PR_attrition_moderate,0.92,GBseg_rich,100.0,1450.0,beneficial,13,4.872921700555661,2602226.9249279397,0.0008749758486738
mech_009_PR_attrition_moderate,0.92,GBseg_rich,100.0,1450.0,neutral,22,0.3365112196171457,548988.2952601616,-0.0014591739655166
mech_009_PR_attrition_moderate,0.92,GBseg_rich,100.0,1450.0,unattainable,37,,,
mech_009_PR_attrition_moderate,0.92,GBseg_rich,100.0,1500.0,beneficial,6,2.442361230375037,3819021.226185948,0.0055965522075347
mech_009_PR_attrition_moderate,0.92,GBseg_rich,100.0,1500.0,harmful,28,-2.2303529385488545,988247.9382452489,-0.00163941261542275
mech_009_PR_attrition_moderate,0.92,GBseg_rich,100.0,1500.0,neutral,2,0.204404976193604,2452835.6595266983,0.0005040505160409
mech_009_PR_attrition_moderate,0.92,GBseg_rich,100.0,1500.0,unattainable,36,,,
mech_009_PR_attrition_moderate,0.92,TJ_rich,0.2,1300.0,unattainable,72,,,
mech_009_PR_attrition_moderate,0.92,TJ_rich,0.2,1350.0,unattainable,72,,,
mech_009_PR_attrition_moderate,0.92,TJ_rich,0.2,1400.0,unattainable,72,,,
mech_009_PR_attrition_moderate,0.92,TJ_rich,0.2,1450.0,unattainable,72,,,
mech_009_PR_attrition_moderate,0.92,TJ_rich,0.2,1500.0,unattainable,72,,,
mech_009_PR_attrition_moderate,0.92,TJ_rich,1.0,1300.0,unattainable,72,,,
mech_009_PR_attrition_moderate,0.92,TJ_rich,1.0,1350.0,unattainable,72,,,
mech_009_PR_attrition_moderate,0.92,TJ_rich,1.0,1400.0,neutral,4,0.0,0.0,0.0
mech_009_PR_attrition_moderate,0.92,TJ_rich,1.0,1400.0,unattainable,68,,,
mech_009_PR_attrition_moderate,0.92,TJ_rich,1.0,1450.0,neutral,17,0.0,0.0,0.0
mech_009_PR_attrition_moderate,0.92,TJ_rich,1.0,1450.0,unattainable,55,,,
mech_009_PR_attrition_moderate,0.92,TJ_rich,1.0,1500.0,neutral,30,0.0,0.0,0.0
mech_009_PR_attrition_moderate,0.92,TJ_rich,1.0,1500.0,unattainable,42,,,
mech_009_PR_attrition_moderate,0.92,TJ_rich,5.0,1300.0,unattainable,72,,,
mech_009_PR_attrition_moderate,0.92,TJ_rich,5.0,1350.0,unattainable,72,,,
mech_009_PR_attrition_moderate,0.92,TJ_rich,5.0,1400.0,neutral,4,-0.410580739428294,117094.06634323642,0.0016959562087301501
mech_009_PR_attrition_moderate,0.92,TJ_rich,5.0,1400.0,unattainable,68,,,
mech_009_PR_attrition_moderate,0.92,TJ_rich,5.0,1450.0,beneficial,5,2.02343538150934,448017.2677762389,0.0048303022130905
mech_009_PR_attrition_moderate,0.92,TJ_rich,5.0,1450.0,harmful,4,-1.098224060313801,117213.3451294267,0.00035905682451085755
mech_009_PR_attrition_moderate,0.92,TJ_rich,5.0,1450.0,neutral,8,-0.5192892526740771,135867.66055247185,0.00087224310477385
mech_009_PR_attrition_moderate,0.92,TJ_rich,5.0,1450.0,unattainable,55,,,
mech_009_PR_attrition_moderate,0.92,TJ_rich,5.0,1500.0,beneficial,10,4.117017399132154,649923.3403083605,0.004817327872401
mech_009_PR_attrition_moderate,0.92,TJ_rich,5.0,1500.0,harmful,8,-2.3455704845918666,98942.63760970377,0.0002195521076776
mech_009_PR_attrition_moderate,0.92,TJ_rich,5.0,1500.0,neutral,12,-0.3748620748592912,148852.4223656181,0.00158351787414805
mech_009_PR_attrition_moderate,0.92,TJ_rich,5.0,1500.0,unattainable,42,,,
mech_009_PR_attrition_moderate,0.92,TJ_rich,20.0,1300.0,unattainable,72,,,
mech_009_PR_attrition_moderate,0.92,TJ_rich,20.0,1350.0,unattainable,72,,,
mech_009_PR_attrition_moderate,0.92,TJ_rich,20.0,1400.0,neutral,4,-0.5733381940535417,139848.7067551604,0.00174427309826435
mech_009_PR_attrition_moderate,0.92,TJ_rich,20.0,1400.0,unattainable,68,,,
mech_009_PR_attrition_moderate,0.92,TJ_rich,20.0,1450.0,beneficial,5,2.806250119570128,545331.0513669853,0.0068836674656175
mech_009_PR_attrition_moderate,0.92,TJ_rich,20.0,1450.0,harmful,6,-1.2438670584874947,125150.56608412229,0.00070536597855645
mech_009_PR_attrition_moderate,0.92,TJ_rich,20.0,1450.0,neutral,6,-0.16543903242710972,249878.28665210446,0.00115713627714925
mech_009_PR_attrition_moderate,0.92,TJ_rich,20.0,1450.0,unattainable,55,,,
mech_009_PR_attrition_moderate,0.92,TJ_rich,20.0,1500.0,beneficial,14,3.4025200587758224,541421.8746561615,0.0049208439623272
mech_009_PR_attrition_moderate,0.92,TJ_rich,20.0,1500.0,harmful,12,-2.434960742819917,125198.73060123305,0.00083728474883025
mech_009_PR_attrition_moderate,0.92,TJ_rich,20.0,1500.0,neutral,4,-0.3200925277251518,177734.25186095163,0.0015976364763748
mech_009_PR_attrition_moderate,0.92,TJ_rich,20.0,1500.0,unattainable,42,,,
mech_009_PR_attrition_moderate,0.92,TJ_rich,50.0,1300.0,unattainable,72,,,
mech_009_PR_attrition_moderate,0.92,TJ_rich,50.0,1350.0,unattainable,72,,,
mech_009_PR_attrition_moderate,0.92,TJ_rich,50.0,1400.0,neutral,4,-0.5765505882369089,144432.274364819,0.00188316902302075
mech_009_PR_attrition_moderate,0.92,TJ_rich,50.0,1400.0,unattainable,68,,,
mech_009_PR_attrition_moderate,0.92,TJ_rich,50.0,1450.0,beneficial,5,2.6891394740376695,565422.8626594562,0.0068977440944413
mech_009_PR_attrition_moderate,0.92,TJ_rich,50.0,1450.0,harmful,5,-1.2350471192053851,127157.5919377039,0.0007249342132801
mech_009_PR_attrition_moderate,0.92,TJ_rich,50.0,1450.0,neutral,7,-0.5765638078149231,187466.47628805297,0.0011992132604544
mech_009_PR_attrition_moderate,0.92,TJ_rich,50.0,1450.0,unattainable,55,,,
mech_009_PR_attrition_moderate,0.92,TJ_rich,50.0,1500.0,beneficial,12,3.1965397742120816,566105.1640037753,0.00585861243144725
mech_009_PR_attrition_moderate,0.92,TJ_rich,50.0,1500.0,harmful,12,-2.751989010768606,129257.8543528762,0.00058709886878945
mech_009_PR_attrition_moderate,0.92,TJ_rich,50.0,1500.0,neutral,6,0.3429619782392803,258341.21972769737,0.0018585634662621
mech_009_PR_attrition_moderate,0.92,TJ_rich,50.0,1500.0,unattainable,42,,,
mech_009_PR_attrition_moderate,0.92,TJ_rich,100.0,1300.0,unattainable,72,,,
mech_009_PR_attrition_moderate,0.92,TJ_rich,100.0,1350.0,unattainable,72,,,
mech_009_PR_attrition_moderate,0.92,TJ_rich,100.0,1400.0,harmful,1,-1.100478050868296,174428.61584126993,0.001843199917781
mech_009_PR_attrition_moderate,0.92,TJ_rich,100.0,1400.0,neutral,3,-0.4206248537205497,117492.3661541488,0.0017116198376875
mech_009_PR_attrition_moderate,0.92,TJ_rich,100.0,1400.0,unattainable,68,,,
mech_009_PR_attrition_moderate,0.92,TJ_rich,100.0,1450.0,beneficial,5,2.683716125331427,572169.3601663557,0.0069424749792097
mech_009_PR_attrition_moderate,0.92,TJ_rich,100.0,1450.0,harmful,4,-1.560133151448797,123043.6307573449,0.00048223566905809996
mech_009_PR_attrition_moderate,0.92,TJ_rich,100.0,1450.0,neutral,8,-0.6119665306301243,185396.83877301269,0.0012871919738312002
mech_009_PR_attrition_moderate,0.92,TJ_rich,100.0,1450.0,unattainable,55,,,
mech_009_PR_attrition_moderate,0.92,TJ_rich,100.0,1500.0,beneficial,10,4.717654901413357,853296.2496344477,0.0064532920532516
mech_009_PR_attrition_moderate,0.92,TJ_rich,100.0,1500.0,harmful,14,-2.086227657240282,132687.34418280557,0.0010768941969539
mech_009_PR_attrition_moderate,0.92,TJ_rich,100.0,1500.0,neutral,6,0.5460834835499176,334587.7061160321,0.0018913392992554
mech_009_PR_attrition_moderate,0.92,TJ_rich,100.0,1500.0,unattainable,42,,,
mech_009_PR_attrition_moderate,0.92,baseline,0.2,1300.0,unattainable,72,,,
mech_009_PR_attrition_moderate,0.92,baseline,0.2,1350.0,unattainable,72,,,
mech_009_PR_attrition_moderate,0.92,baseline,0.2,1400.0,unattainable,72,,,
mech_009_PR_attrition_moderate,0.92,baseline,0.2,1450.0,unattainable,72,,,
mech_009_PR_attrition_moderate,0.92,baseline,0.2,1500.0,unattainable,72,,,
mech_009_PR_attrition_moderate,0.92,baseline,1.0,1300.0,unattainable,72,,,
mech_009_PR_attrition_moderate,0.92,baseline,1.0,1350.0,unattainable,72,,,
mech_009_PR_attrition_moderate,0.92,baseline,1.0,1400.0,neutral,7,0.0,0.0,0.0
mech_009_PR_attrition_moderate,0.92,baseline,1.0,1400.0,unattainable,65,,,
mech_009_PR_attrition_moderate,0.92,baseline,1.0,1450.0,neutral,22,0.0,0.0,0.0
mech_009_PR_attrition_moderate,0.92,baseline,1.0,1450.0,unattainable,50,,,
mech_009_PR_attrition_moderate,0.92,baseline,1.0,1500.0,neutral,35,0.0,0.0,0.0
mech_009_PR_attrition_moderate,0.92,baseline,1.0,1500.0,unattainable,37,,,
mech_009_PR_attrition_moderate,0.92,baseline,5.0,1300.0,unattainable,72,,,
mech_009_PR_attrition_moderate,0.92,baseline,5.0,1350.0,unattainable,72,,,
mech_009_PR_attrition_moderate,0.92,baseline,5.0,1400.0,beneficial,2,1.5509882575892826,853827.5699364443,0.0035147743872864998
mech_009_PR_attrition_moderate,0.92,baseline,5.0,1400.0,neutral,5,-0.1370111372376844,195910.60876265191,0.0003257131295984
mech_009_PR_attrition_moderate,0.92,baseline,5.0,1400.0,unattainable,65,,,
mech_009_PR_attrition_moderate,0.92,baseline,5.0,1450.0,beneficial,4,2.881191985157288,1643060.484383203,0.0060680804308194496
mech_009_PR_attrition_moderate,0.92,baseline,5.0,1450.0,harmful,2,-1.0199233993757653,351010.1020163427,0.001252277435522
mech_009_PR_attrition_moderate,0.92,baseline,5.0,1450.0,neutral,16,-0.32946556881070965,289941.7532987392,0.00100510323080945
mech_009_PR_attrition_moderate,0.92,baseline,5.0,1450.0,unattainable,50,,,
mech_009_PR_attrition_moderate,0.92,baseline,5.0,1500.0,beneficial,11,2.230211642689887,1098355.8884991044,0.0050765509469005
mech_009_PR_attrition_moderate,0.92,baseline,5.0,1500.0,harmful,12,-1.7870238990684681,202800.50185923796,0.00041274860945125
mech_009_PR_attrition_moderate,0.92,baseline,5.0,1500.0,neutral,12,-0.5694618206134532,522745.87993119814,0.0010494736360237501
mech_009_PR_attrition_moderate,0.92,baseline,5.0,1500.0,unattainable,37,,,
mech_009_PR_attrition_moderate,0.92,baseline,20.0,1300.0,unattainable,72,,,
mech_009_PR_attrition_moderate,0.92,baseline,20.0,1350.0,unattainable,72,,,
mech_009_PR_attrition_moderate,0.92,baseline,20.0,1400.0,beneficial,2,1.9802433326778126,1076159.4814999865,0.0042589598508033
mech_009_PR_attrition_moderate,0.92,baseline,20.0,1400.0,neutral,5,-0.0490676622355744,234804.51508126885,0.0004544444954443
mech_009_PR_attrition_moderate,0.92,baseline,20.0,1400.0,unattainable,65,,,
mech_009_PR_attrition_moderate,0.92,baseline,20.0,1450.0,beneficial,5,2.9076815691788327,2132551.423135031,0.0059658710665736
mech_009_PR_attrition_moderate,0.92,baseline,20.0,1450.0,harmful,5,-1.2129798132660177,235081.587116298,0.0003981653701319
mech_009_PR_attrition_moderate,0.92,baseline,20.0,1450.0,neutral,12,-0.2623120374004417,432360.5858026241,0.0015109978129353501
mech_009_PR_attrition_moderate,0.92,baseline,20.0,1450.0,unattainable,50,,,
mech_009_PR_attrition_moderate,0.92,baseline,20.0,1500.0,beneficial,9,4.768017196131011,2142298.164634419,0.0060887963356096
mech_009_PR_attrition_moderate,0.92,baseline,20.0,1500.0,harmful,14,-2.2104846563400806,235194.7262366768,0.0011151035231125
mech_009_PR_attrition_moderate,0.92,baseline,20.0,1500.0,neutral,12,-0.40480231410192147,849476.85678279,0.001274681271749
mech_009_PR_attrition_moderate,0.92,baseline,20.0,1500.0,unattainable,37,,,
mech_009_PR_attrition_moderate,0.92,baseline,50.0,1300.0,unattainable,72,,,
mech_009_PR_attrition_moderate,0.92,baseline,50.0,1350.0,unattainable,72,,,
mech_009_PR_attrition_moderate,0.92,baseline,50.0,1400.0,beneficial,2,1.8331302628064399,1124594.0091490764,0.0039927060982046
mech_009_PR_attrition_moderate,0.92,baseline,50.0,1400.0,neutral,5,-0.0400461116361605,242671.80983999197,0.0003093108054894
mech_009_PR_attrition_moderate,0.92,baseline,50.0,1400.0,unattainable,65,,,
mech_009_PR_attrition_moderate,0.92,baseline,50.0,1450.0,beneficial,4,3.291798034111495,2351264.905577501,0.007478059482264101
mech_009_PR_attrition_moderate,0.92,baseline,50.0,1450.0,harmful,6,-1.3943503568420612,242961.47835057313,0.0004891640035795
mech_009_PR_attrition_moderate,0.92,baseline,50.0,1450.0,neutral,12,-0.1319667150978325,665894.31492019,0.00120344504419635
mech_009_PR_attrition_moderate,0.92,baseline,50.0,1450.0,unattainable,50,,,
mech_009_PR_attrition_moderate,0.92,baseline,50.0,1500.0,beneficial,11,2.231538380486555,1433317.4696842085,0.0060134720428796
mech_009_PR_attrition_moderate,0.92,baseline,50.0,1500.0,harmful,20,-1.7693486222052621,267879.27904701035,0.0005055122362076
mech_009_PR_attrition_moderate,0.92,baseline,50.0,1500.0,neutral,4,-0.11022180784485795,884111.8879433367,0.00135566306716865
mech_009_PR_attrition_moderate,0.92,baseline,50.0,1500.0,unattainable,37,,,
mech_009_PR_attrition_moderate,0.92,baseline,100.0,1300.0,unattainable,72,,,
mech_009_PR_attrition_moderate,0.92,baseline,100.0,1350.0,unattainable,72,,,
mech_009_PR_attrition_moderate,0.92,baseline,100.0,1400.0,beneficial,2,2.0252426426183043,1141079.3268730165,0.00426922821420035
mech_009_PR_attrition_moderate,0.92,baseline,100.0,1400.0,neutral,5,-0.083021068379861,245299.1855032764,0.0001828251156921
mech_009_PR_attrition_moderate,0.92,baseline,100.0,1400.0,unattainable,65,,,
mech_009_PR_attrition_moderate,0.92,baseline,100.0,1450.0,beneficial,3,3.437949062674538,2477648.7030182397,0.0087532687541924
mech_009_PR_attrition_moderate,0.92,baseline,100.0,1450.0,harmful,7,-1.2275856611816414,245595.5333041273,0.000941831727669
mech_009_PR_attrition_moderate,0.92,baseline,100.0,1450.0,neutral,12,-0.09320899342131045,893257.3211201672,0.0011756137049543
mech_009_PR_attrition_moderate,0.92,baseline,100.0,1450.0,unattainable,50,,,
mech_009_PR_attrition_moderate,0.92,baseline,100.0,1500.0,beneficial,11,2.4990938943330443,1453464.401012599,0.0063310167983007
mech_009_PR_attrition_moderate,0.92,baseline,100.0,1500.0,harmful,18,-1.774962326779605,261778.09246069856,0.000529466719664
mech_009_PR_attrition_moderate,0.92,baseline,100.0,1500.0,neutral,6,-0.2144389821120382,894336.0316673146,0.0014242921837794
mech_009_PR_attrition_moderate,0.92,baseline,100.0,1500.0,unattainable,37,,,
mech_009_PR_attrition_moderate,0.92,mixed_GBseg_TJ,0.2,1300.0,unattainable,72,,,
mech_009_PR_attrition_moderate,0.92,mixed_GBseg_TJ,0.2,1350.0,unattainable,72,,,
mech_009_PR_attrition_moderate,0.92,mixed_GBseg_TJ,0.2,1400.0,unattainable,72,,,
mech_009_PR_attrition_moderate,0.92,mixed_GBseg_TJ,0.2,1450.0,unattainable,72,,,
mech_009_PR_attrition_moderate,0.92,mixed_GBseg_TJ,0.2,1500.0,unattainable,72,,,
mech_009_PR_attrition_moderate,0.92,mixed_GBseg_TJ,1.0,1300.0,unattainable,72,,,
mech_009_PR_attrition_moderate,0.92,mixed_GBseg_TJ,1.0,1350.0,unattainable,72,,,
mech_009_PR_attrition_moderate,0.92,mixed_GBseg_TJ,1.0,1400.0,neutral,11,0.0,0.0,0.0
mech_009_PR_attrition_moderate,0.92,mixed_GBseg_TJ,1.0,1400.0,unattainable,61,,,
mech_009_PR_attrition_moderate,0.92,mixed_GBseg_TJ,1.0,1450.0,neutral,23,0.0,0.0,0.0
mech_009_PR_attrition_moderate,0.92,mixed_GBseg_TJ,1.0,1450.0,unattainable,49,,,
mech_009_PR_attrition_moderate,0.92,mixed_GBseg_TJ,1.0,1500.0,neutral,36,0.0,0.0,0.0
mech_009_PR_attrition_moderate,0.92,mixed_GBseg_TJ,1.0,1500.0,unattainable,36,,,
mech_009_PR_attrition_moderate,0.92,mixed_GBseg_TJ,5.0,1300.0,unattainable,72,,,
mech_009_PR_attrition_moderate,0.92,mixed_GBseg_TJ,5.0,1350.0,unattainable,72,,,
mech_009_PR_attrition_moderate,0.92,mixed_GBseg_TJ,5.0,1400.0,beneficial,1,3.0884834016989333,1201513.705531187,0.008870965501866
mech_009_PR_attrition_moderate,0.92,mixed_GBseg_TJ,5.0,1400.0,neutral,10,-0.0643577991711293,220391.36894667102,0.00151226160779645
mech_009_PR_attrition_moderate,0.92,mixed_GBseg_TJ,5.0,1400.0,unattainable,61,,,
mech_009_PR_attrition_moderate,0.92,mixed_GBseg_TJ,5.0,1450.0,beneficial,6,2.2945360990802506,955205.3618843192,0.0049007522012945
mech_009_PR_attrition_moderate,0.92,mixed_GBseg_TJ,5.0,1450.0,harmful,7,-1.613148386756424,136400.865504623,0.0008848198355854
mech_009_PR_attrition_moderate,0.92,mixed_GBseg_TJ,5.0,1450.0,neutral,10,0.024255681617333047,323172.64408536465,0.0015384847898196
mech_009_PR_attrition_moderate,0.92,mixed_GBseg_TJ,5.0,1450.0,unattainable,49,,,
mech_009_PR_attrition_moderate,0.92,mixed_GBseg_TJ,5.0,1500.0,beneficial,12,3.684341592933906,957279.4202088444,0.0052968457852888996
mech_009_PR_attrition_moderate,0.92,mixed_GBseg_TJ,5.0,1500.0,harmful,18,-2.4579344954425446,160284.4463711618,0.00101494905273
mech_009_PR_attrition_moderate,0.92,mixed_GBseg_TJ,5.0,1500.0,neutral,6,0.1274260506290499,424527.5558639065,0.0019650731682015
mech_009_PR_attrition_moderate,0.92,mixed_GBseg_TJ,5.0,1500.0,unattainable,36,,,
mech_009_PR_attrition_moderate,0.92,mixed_GBseg_TJ,20.0,1300.0,unattainable,72,,,
mech_009_PR_attrition_moderate,0.92,mixed_GBseg_TJ,20.0,1350.0,unattainable,72,,,
mech_009_PR_attrition_moderate,0.92,mixed_GBseg_TJ,20.0,1400.0,beneficial,2,2.3345439382086752,1195592.5744385791,0.00719261669936285
mech_009_PR_attrition_moderate,0.92,mixed_GBseg_TJ,20.0,1400.0,neutral,9,-0.1287409527218247,260745.23298981192,0.0012605807743907
mech_009_PR_attrition_moderate,0.92,mixed_GBseg_TJ,20.0,1400.0,unattainable,61,,,
mech_009_PR_attrition_moderate,0.92,mixed_GBseg_TJ,20.0,1450.0,beneficial,7,1.2732847746230436,856407.7705518865,0.0055053683094321
mech_009_PR_attrition_moderate,0.92,mixed_GBseg_TJ,20.0,1450.0,harmful,11,-1.5207410924479283,180154.6160687735,0.0013575498506163
mech_009_PR_attrition_moderate,0.92,mixed_GBseg_TJ,20.0,1450.0,neutral,5,0.032227698713813,512648.54824812914,0.0021012914178219
mech_009_PR_attrition_moderate,0.92,mixed_GBseg_TJ,20.0,1450.0,unattainable,49,,,
mech_009_PR_attrition_moderate,0.92,mixed_GBseg_TJ,20.0,1500.0,beneficial,10,6.418483390180267,1572294.1112780035,0.0063452270399889
mech_009_PR_attrition_moderate,0.92,mixed_GBseg_TJ,20.0,1500.0,harmful,18,-2.576288397498739,191192.7901027259,0.0011362283459101
mech_009_PR_attrition_moderate,0.92,mixed_GBseg_TJ,20.0,1500.0,neutral,8,-0.11741195551206104,515253.44579269906,0.0028788694409869
mech_009_PR_attrition_moderate,0.92,mixed_GBseg_TJ,20.0,1500.0,unattainable,36,,,
mech_009_PR_attrition_moderate,0.92,mixed_GBseg_TJ,50.0,1300.0,unattainable,72,,,
mech_009_PR_attrition_moderate,0.92,mixed_GBseg_TJ,50.0,1350.0,unattainable,72,,,
mech_009_PR_attrition_moderate,0.92,mixed_GBseg_TJ,50.0,1400.0,beneficial,3,1.1916191683498092,885344.4766086286,0.0053614414657115
mech_009_PR_attrition_moderate,0.92,mixed_GBseg_TJ,50.0,1400.0,neutral,8,-0.23431765975095903,227696.16290470154,0.00110462703577545
mech_009_PR_attrition_moderate,0.92,mixed_GBseg_TJ,50.0,1400.0,unattainable,61,,,
mech_009_PR_attrition_moderate,0.92,mixed_GBseg_TJ,50.0,1450.0,beneficial,7,1.5205370378183485,890635.445216121,0.0059946065107322
mech_009_PR_attrition_moderate,0.92,mixed_GBseg_TJ,50.0,1450.0,harmful,10,-1.6403713317130924,178892.41142248176,0.001560712720813
mech_009_PR_attrition_moderate,0.92,mixed_GBseg_TJ,50.0,1450.0,neutral,6,-0.029730955300765805,528864.937846267,0.0019483202812470499
mech_009_PR_attrition_moderate,0.92,mixed_GBseg_TJ,50.0,1450.0,unattainable,49,,,
mech_009_PR_attrition_moderate,0.92,mixed_GBseg_TJ,50.0,1500.0,beneficial,10,6.6161919577602,1652909.635672438,0.0066938731277203
mech_009_PR_attrition_moderate,0.92,mixed_GBseg_TJ,50.0,1500.0,harmful,18,-2.856762306798734,197408.37908333735,0.0010007845034016
mech_009_PR_attrition_moderate,0.92,mixed_GBseg_TJ,50.0,1500.0,neutral,8,-0.10290466368051629,533668.9419570405,0.00303160244744055
mech_009_PR_attrition_moderate,0.92,mixed_GBseg_TJ,50.0,1500.0,unattainable,36,,,
mech_009_PR_attrition_moderate,0.92,mixed_GBseg_TJ,100.0,1300.0,unattainable,72,,,
mech_009_PR_attrition_moderate,0.92,mixed_GBseg_TJ,100.0,1350.0,unattainable,72,,,
mech_009_PR_attrition_moderate,0.92,mixed_GBseg_TJ,100.0,1400.0,beneficial,1,3.881619615057676,1645038.6242458534,0.011407870173703
mech_009_PR_attrition_moderate,0.92,mixed_GBseg_TJ,100.0,1400.0,neutral,10,-0.1955868395525987,275893.81742243184,0.00181299463501615
mech_009_PR_attrition_moderate,0.92,mixed_GBseg_TJ,100.0,1400.0,unattainable,61,,,
mech_009_PR_attrition_moderate,0.92,mixed_GBseg_TJ,100.0,1450.0,beneficial,5,3.3859121164163977,1675322.7558979308,0.0062040653204832
mech_009_PR_attrition_moderate,0.92,mixed_GBseg_TJ,100.0,1450.0,harmful,10,-1.6330906238416532,197796.79762799563,0.0016772270966675502
mech_009_PR_attrition_moderate,0.92,mixed_GBseg_TJ,100.0,1450.0,neutral,8,0.1985931339497223,539355.2462252737,0.00261332696194565
mech_009_PR_attrition_moderate,0.92,mixed_GBseg_TJ,100.0,1450.0,unattainable,49,,,
mech_009_PR_attrition_moderate,0.92,mixed_GBseg_TJ,100.0,1500.0,beneficial,12,4.377937907717158,1292120.8960906067,0.00669482879154955
mech_009_PR_attrition_moderate,0.92,mixed_GBseg_TJ,100.0,1500.0,harmful,18,-2.5316076165842567,199482.7870800854,0.0013186223862948
mech_009_PR_attrition_moderate,0.92,mixed_GBseg_TJ,100.0,1500.0,neutral,6,0.0995828012217371,537226.7891090999,0.0027095752899518
mech_009_PR_attrition_moderate,0.92,mixed_GBseg_TJ,100.0,1500.0,unattainable,36,,,
mech_009_q0_PR_attrition_moderate,0.85,GBseg_rich,0.2,1300.0,unattainable,72,,,
mech_009_q0_PR_attrition_moderate,0.85,GBseg_rich,0.2,1350.0,unattainable,72,,,
mech_009_q0_PR_attrition_moderate,0.85,GBseg_rich,0.2,1400.0,unattainable,72,,,
mech_009_q0_PR_attrition_moderate,0.85,GBseg_rich,0.2,1450.0,unattainable,72,,,
mech_009_q0_PR_attrition_moderate,0.85,GBseg_rich,0.2,1500.0,unattainable,72,,,
mech_009_q0_PR_attrition_moderate,0.85,GBseg_rich,1.0,1300.0,neutral,14,0.0,0.0,0.0
mech_009_q0_PR_attrition_moderate,0.85,GBseg_rich,1.0,1300.0,unattainable,58,,,
mech_009_q0_PR_attrition_moderate,0.85,GBseg_rich,1.0,1350.0,neutral,32,0.0,0.0,0.0
mech_009_q0_PR_attrition_moderate,0.85,GBseg_rich,1.0,1350.0,unattainable,40,,,
mech_009_q0_PR_attrition_moderate,0.85,GBseg_rich,1.0,1400.0,neutral,44,0.0,0.0,0.0
mech_009_q0_PR_attrition_moderate,0.85,GBseg_rich,1.0,1400.0,unattainable,28,,,
mech_009_q0_PR_attrition_moderate,0.85,GBseg_rich,1.0,1450.0,neutral,56,0.0,0.0,0.0
mech_009_q0_PR_attrition_moderate,0.85,GBseg_rich,1.0,1450.0,unattainable,16,,,
mech_009_q0_PR_attrition_moderate,0.85,GBseg_rich,1.0,1500.0,neutral,68,0.0,0.0,0.0
mech_009_q0_PR_attrition_moderate,0.85,GBseg_rich,1.0,1500.0,unattainable,4,,,
mech_009_q0_PR_attrition_moderate,0.85,GBseg_rich,5.0,1300.0,beneficial,3,1.1903940436941467,840739.5418722357,0.00122964218245
mech_009_q0_PR_attrition_moderate,0.85,GBseg_rich,5.0,1300.0,neutral,11,0.1645199018620378,394513.2158954266,0.0029114457109235
mech_009_q0_PR_attrition_moderate,0.85,GBseg_rich,5.0,1300.0,unattainable,58,,,
mech_009_q0_PR_attrition_moderate,0.85,GBseg_rich,5.0,1350.0,beneficial,16,3.012904297925993,1324047.20484161,0.0038643416553032
mech_009_q0_PR_attrition_moderate,0.85,GBseg_rich,5.0,1350.0,neutral,16,0.21691941933255054,407777.0547448034,0.0023593632534301
mech_009_q0_PR_attrition_moderate,0.85,GBseg_rich,5.0,1350.0,unattainable,40,,,
mech_009_q0_PR_attrition_moderate,0.85,GBseg_rich,5.0,1400.0,beneficial,20,3.1993691586463844,1626294.4009156981,0.0055672837181441
mech_009_q0_PR_attrition_moderate,0.85,GBseg_rich,5.0,1400.0,neutral,21,-0.0836348356493148,416894.42608887714,0.0037598803785041
mech_009_q0_PR_attrition_moderate,0.85,GBseg_rich,5.0,1400.0,unattainable,31,,,
mech_009_q0_PR_attrition_moderate,0.85,GBseg_rich,5.0,1450.0,beneficial,6,1.3507370629499178,2157554.051618964,0.011440970264316602
mech_009_q0_PR_attrition_moderate,0.85,GBseg_rich,5.0,1450.0,harmful,39,-2.215654105897906,728728.9712332175,0.0044165499268019
mech_009_q0_PR_attrition_moderate,0.85,GBseg_rich,5.0,1450.0,neutral,8,-0.8380426459912309,1857846.8327142731,0.0032001135148623
mech_009_q0_PR_attrition_moderate,0.85,GBseg_rich,5.0,1450.0,unattainable,19,,,
mech_009_q0_PR_attrition_moderate,0.85,GBseg_rich,5.0,1500.0,harmful,54,-7.423473951557712,993975.7733875572,0.0045804824361198
mech_009_q0_PR_attrition_moderate,0.85,GBseg_rich,5.0,1500.0,unattainable,18,,,
mech_009_q0_PR_attrition_moderate,0.85,GBseg_rich,20.0,1300.0,beneficial,3,1.36866113748118,1037369.1805888232,0.0010784108681005
mech_009_q0_PR_attrition_moderate,0.85,GBseg_rich,20.0,1300.0,neutral,11,0.2174522173032257,481381.59891081054,0.0032165784013054
mech_009_q0_PR_attrition_moderate,0.85,GBseg_rich,20.0,1300.0,unattainable,58,,,
mech_009_q0_PR_attrition_moderate,0.85,GBseg_rich,20.0,1350.0,beneficial,20,3.717327401710409,1621794.3826493137,0.0048970787735962504
mech_009_q0_PR_attrition_moderate,0.85,GBseg_rich,20.0,1350.0,neutral,12,0.16713094902624603,432095.9021060546,0.0030302772196277
mech_009_q0_PR_attrition_moderate,0.85,GBseg_rich,20.0,1350.0,unattainable,40,,,
mech_009_q0_PR_attrition_moderate,0.85,GBseg_rich,20.0,1400.0,beneficial,20,5.782762629664283,2210155.6900999607,0.00713580964425245
mech_009_q0_PR_attrition_moderate,0.85,GBseg_rich,20.0,1400.0,neutral,21,0.0831553294150887,506722.5502325156,0.0049552311830873
mech_009_q0_PR_attrition_moderate,0.85,GBseg_rich,20.0,1400.0,unattainable,31,,,
mech_009_q0_PR_attrition_moderate,0.85,GBseg_rich,20.0,1450.0,beneficial,8,4.7949030900306715,3320155.29212796,0.0105598834491084
mech_009_q0_PR_attrition_moderate,0.85,GBseg_rich,20.0,1450.0,harmful,35,-2.7541059603612466,919596.6356712972,0.0050376151545309
mech_009_q0_PR_attrition_moderate,0.85,GBseg_rich,20.0,1450.0,neutral,9,0.6336379227483493,2375267.8414500686,0.0071696488273035
mech_009_q0_PR_attrition_moderate,0.85,GBseg_rich,20.0,1450.0,unattainable,20,,,
mech_009_q0_PR_attrition_moderate,0.85,GBseg_rich,20.0,1500.0,harmful,54,-8.861991474116273,1289538.1300217547,0.00555326866930135
mech_009_q0_PR_attrition_moderate,0.85,GBseg_rich,20.0,1500.0,unattainable,18,,,
mech_009_q0_PR_attrition_moderate,0.85,GBseg_rich,50.0,1300.0,beneficial,3,1.4973387773293865,1082303.0826669403,0.00072178131643
mech_009_q0_PR_attrition_moderate,0.85,GBseg_rich,50.0,1300.0,neutral,11,0.217369871551735,499295.7107714453,0.0033333820996406
mech_009_q0_PR_attrition_moderate,0.85,GBseg_rich,50.0,1300.0,unattainable,58,,,
mech_009_q0_PR_attrition_moderate,0.85,GBseg_rich,50.0,1350.0,beneficial,20,3.956871423062245,1702967.1545246295,0.00466728111987565
mech_009_q0_PR_attrition_moderate,0.85,GBseg_rich,50.0,1350.0,neutral,12,0.2177646187076669,447682.93631705176,0.0031921286280279003
mech_009_q0_PR_attrition_moderate,0.85,GBseg_rich,50.0,1350.0,unattainable,40,,,
mech_009_q0_PR_attrition_moderate,0.85,GBseg_rich,50.0,1400.0,beneficial,20,7.056432776952745,2356880.959979866,0.00718583022834085
mech_009_q0_PR_attrition_moderate,0.85,GBseg_rich,50.0,1400.0,neutral,21,0.011762608578814,525253.3172239572,0.0049722376355425
mech_009_q0_PR_attrition_moderate,0.85,GBseg_rich,50.0,1400.0,unattainable,31,,,
mech_009_q0_PR_attrition_moderate,0.85,GBseg_rich,50.0,1450.0,beneficial,17,1.3869168940649297,2676242.6048868946,0.0111041784162046
mech_009_q0_PR_attrition_moderate,0.85,GBseg_rich,50.0,1450.0,harmful,35,-2.8986078063832834,961407.0058091824,0.0050897787650076
mech_009_q0_PR_attrition_moderate,0.85,GBseg_rich,50.0,1450.0,unattainable,20,,,
mech_009_q0_PR_attrition_moderate,0.85,GBseg_rich,50.0,1500.0,harmful,54,-8.839659860292596,1359129.602680372,0.0056662507503826
mech_009_q0_PR_attrition_moderate,0.85,GBseg_rich,50.0,1500.0,unattainable,18,,,
mech_009_q0_PR_attrition_moderate,0.85,GBseg_rich,100.0,1300.0,beneficial,3,1.5394426997352058,1097407.6121744176,0.0007288037217158
mech_009_q0_PR_attrition_moderate,0.85,GBseg_rich,100.0,1300.0,neutral,11,0.2280609714031956,505401.2209394726,0.0036386111659732
mech_009_q0_PR_attrition_moderate,0.85,GBseg_rich,100.0,1300.0,unattainable,58,,,
mech_009_q0_PR_attrition_moderate,0.85,GBseg_rich,100.0,1350.0,beneficial,20,3.97355292639943,1730861.7048326286,0.0045931784368168
mech_009_q0_PR_attrition_moderate,0.85,GBseg_rich,100.0,1350.0,neutral,12,0.1958247104109453,452891.55651461915,0.0029601937141955
mech_009_q0_PR_attrition_moderate,0.85,GBseg_rich,100.0,1350.0,unattainable,40,,,
mech_009_q0_PR_attrition_moderate,0.85,GBseg_rich,100.0,1400.0,beneficial,20,7.250399062206744,2409029.584532063,0.00737738899041395
mech_009_q0_PR_attrition_moderate,0.85,GBseg_rich,100.0,1400.0,neutral,21,-0.0269497224006619,531468.2163229511,0.0049373426749807
mech_009_q0_PR_attrition_moderate,0.85,GBseg_rich,100.0,1400.0,unattainable,31,,,
mech_009_q0_PR_attrition_moderate,0.85,GBseg_rich,100.0,1450.0,beneficial,14,3.3558797876979347,3343052.568102418,0.0114225680010704
mech_009_q0_PR_attrition_moderate,0.85,GBseg_rich,100.0,1450.0,harmful,35,-2.9380528864703392,975662.1652372112,0.005680135765682
mech_009_q0_PR_attrition_moderate,0.85,GBseg_rich,100.0,1450.0,neutral,3,0.9540649110208604,2735094.403376015,0.0005621055980316
mech_009_q0_PR_attrition_moderate,0.85,GBseg_rich,100.0,1450.0,unattainable,20,,,
mech_009_q0_PR_attrition_moderate,0.85,GBseg_rich,100.0,1500.0,harmful,54,-9.129801285668108,1383426.4519996394,0.005890880267429351
mech_009_q0_PR_attrition_moderate,0.85,GBseg_rich,100.0,1500.0,unattainable,18,,,
mech_009_q0_PR_attrition_moderate,0.85,TJ_rich,0.2,1300.0,unattainable,72,,,
mech_009_q0_PR_attrition_moderate,0.85,TJ_rich,0.2,1350.0,unattainable,72,,,
mech_009_q0_PR_attrition_moderate,0.85,TJ_rich,0.2,1400.0,unattainable,72,,,
mech_009_q0_PR_attrition_moderate,0.85,TJ_rich,0.2,1450.0,unattainable,72,,,
mech_009_q0_PR_attrition_moderate,0.85,TJ_rich,0.2,1500.0,unattainable,72,,,
mech_009_q0_PR_attrition_moderate,0.85,TJ_rich,1.0,1300.0,neutral,1,0.0,0.0,0.0
mech_009_q0_PR_attrition_moderate,0.85,TJ_rich,1.0,1300.0,unattainable,71,,,
mech_009_q0_PR_attrition_moderate,0.85,TJ_rich,1.0,1350.0,neutral,14,0.0,0.0,0.0
mech_009_q0_PR_attrition_moderate,0.85,TJ_rich,1.0,1350.0,unattainable,58,,,
mech_009_q0_PR_attrition_moderate,0.85,TJ_rich,1.0,1400.0,neutral,29,0.0,0.0,0.0
mech_009_q0_PR_attrition_moderate,0.85,TJ_rich,1.0,1400.0,unattainable,43,,,
mech_009_q0_PR_attrition_moderate,0.85,TJ_rich,1.0,1450.0,neutral,40,0.0,0.0,0.0
mech_009_q0_PR_attrition_moderate,0.85,TJ_rich,1.0,1450.0,unattainable,32,,,
mech_009_q0_PR_attrition_moderate,0.85,TJ_rich,1.0,1500.0,neutral,52,0.0,0.0,0.0
mech_009_q0_PR_attrition_moderate,0.85,TJ_rich,1.0,1500.0,unattainable,20,,,
mech_009_q0_PR_attrition_moderate,0.85,TJ_rich,5.0,1300.0,unattainable,72,,,
mech_009_q0_PR_attrition_moderate,0.85,TJ_rich,5.0,1350.0,beneficial,1,3.032582821476331,792775.9564904438,0.0125316109800378
mech_009_q0_PR_attrition_moderate,0.85,TJ_rich,5.0,1350.0,neutral,12,-0.10809327011110084,129357.23997405812,0.0018907909124036499
mech_009_q0_PR_attrition_moderate,0.85,TJ_rich,5.0,1350.0,unattainable,59,,,
mech_009_q0_PR_attrition_moderate,0.85,TJ_rich,5.0,1400.0,beneficial,4,2.5988453744246556,852994.6048063781,0.01229666441052645
mech_009_q0_PR_attrition_moderate,0.85,TJ_rich,5.0,1400.0,harmful,15,-1.138331932122418,139715.83108242397,0.0023183057652817
mech_009_q0_PR_attrition_moderate,0.85,TJ_rich,5.0,1400.0,neutral,9,-0.7283167437539777,265052.23720307276,0.0028893561498632
mech_009_q0_PR_attrition_moderate,0.85,TJ_rich,5.0,1400.0,unattainable,44,,,
mech_009_q0_PR_attrition_moderate,0.85,TJ_rich,5.0,1450.0,beneficial,4,1.7552773184779222,870949.0801423816,0.009172997034803149
mech_009_q0_PR_attrition_moderate,0.85,TJ_rich,5.0,1450.0,harmful,28,-2.5172505989161946,142667.66348654954,0.0020852267488848
mech_009_q0_PR_attrition_moderate,0.85,TJ_rich,5.0,1450.0,neutral,4,0.21217864242175694,643734.5511449843,0.0095277496268535
mech_009_q0_PR_attrition_moderate,0.85,TJ_rich,5.0,1450.0,unattainable,36,,,
mech_009_q0_PR_attrition_moderate,0.85,TJ_rich,5.0,1500.0,harmful,39,-5.193962863919761,145521.12464269513,0.0027709700023014
mech_009_q0_PR_attrition_moderate,0.85,TJ_rich,5.0,1500.0,neutral,4,0.3664245406193769,871903.2881883376,0.0090065678760924
mech_009_q0_PR_attrition_moderate,0.85,TJ_rich,5.0,1500.0,unattainable,29,,,
mech_009_q0_PR_attrition_moderate,0.85,TJ_rich,20.0,1300.0,unattainable,72,,,
mech_009_q0_PR_attrition_moderate,0.85,TJ_rich,20.0,1350.0,beneficial,1,3.5110274699578587,987214.0552646442,0.0149179885778115
mech_009_q0_PR_attrition_moderate,0.85,TJ_rich,20.0,1350.0,neutral,12,-0.16684203498754768,154430.11530262334,0.00250785318494355
mech_009_q0_PR_attrition_moderate,0.85,TJ_rich,20.0,1350.0,unattainable,59,,,
mech_009_q0_PR_attrition_moderate,0.85,TJ_rich,20.0,1400.0,beneficial,4,2.605854355556362,1063391.478849439,0.015172950453366151
mech_009_q0_PR_attrition_moderate,0.85,TJ_rich,20.0,1400.0,harmful,17,-1.3779515843804495,142528.5753159292,0.0022907429981751
mech_009_q0_PR_attrition_moderate,0.85,TJ_rich,20.0,1400.0,neutral,6,-0.7503829051788593,530421.6811201063,0.0060858584249302
mech_009_q0_PR_attrition_moderate,0.85,TJ_rich,20.0,1400.0,unattainable,45,,,
mech_009_q0_PR_attrition_moderate,0.85,TJ_rich,20.0,1450.0,beneficial,4,1.764875630289246,1077697.5432935925,0.01140620411227655
mech_009_q0_PR_attrition_moderate,0.85,TJ_rich,20.0,1450.0,harmful,28,-2.883272429820403,170480.9755221042,0.00255647857839195
mech_009_q0_PR_attrition_moderate,0.85,TJ_rich,20.0,1450.0,neutral,4,-0.04319916416930669,797795.1853092832,0.01184143390230465
mech_009_q0_PR_attrition_moderate,0.85,TJ_rich,20.0,1450.0,unattainable,36,,,
mech_009_q0_PR_attrition_moderate,0.85,TJ_rich,20.0,1500.0,harmful,38,-6.094657117699091,177711.65333861878,0.0036246796118667
mech_009_q0_PR_attrition_moderate,0.85,TJ_rich,20.0,1500.0,neutral,4,-0.006286301122089888,1079328.0586365226,0.011275159542528501
mech_009_q0_PR_attrition_moderate,0.85,TJ_rich,20.0,1500.0,unattainable,30,,,
mech_009_q0_PR_attrition_moderate,0.85,TJ_rich,50.0,1300.0,unattainable,72,,,
mech_009_q0_PR_attrition_moderate,0.85,TJ_rich,50.0,1350.0,beneficial,2,2.4944888066924715,791178.0201513872,0.012836183252329651
mech_009_q0_PR_attrition_moderate,0.85,TJ_rich,50.0,1350.0,neutral,11,-0.1179381719066063,146932.02898158447,0.002196610989191
mech_009_q0_PR_attrition_moderate,0.85,TJ_rich,50.0,1350.0,unattainable,59,,,
mech_009_q0_PR_attrition_moderate,0.85,TJ_rich,50.0,1400.0,beneficial,4,2.741583325838339,1107491.0435288649,0.015842365821560248
mech_009_q0_PR_attrition_moderate,0.85,TJ_rich,50.0,1400.0,harmful,14,-1.5456048358449261,172537.35299308551,0.00244333998602625
mech_009_q0_PR_attrition_moderate,0.85,TJ_rich,50.0,1400.0,neutral,9,-0.9611712423102928,328360.00622104894,0.0037076126682173
mech_009_q0_PR_attrition_moderate,0.85,TJ_rich,50.0,1400.0,unattainable,45,,,
mech_009_q0_PR_attrition_moderate,0.85,TJ_rich,50.0,1450.0,beneficial,2,2.4727750549755525,1119365.0678432705,0.0104433197865451
mech_009_q0_PR_attrition_moderate,0.85,TJ_rich,50.0,1450.0,harmful,28,-3.033259923547761,176085.9227075426,0.00246543862180545
mech_009_q0_PR_attrition_moderate,0.85,TJ_rich,50.0,1450.0,neutral,6,0.2630456788051824,1115168.2492343232,0.0130904724402683
mech_009_q0_PR_attrition_moderate,0.85,TJ_rich,50.0,1450.0,unattainable,36,,,
mech_009_q0_PR_attrition_moderate,0.85,TJ_rich,50.0,1500.0,beneficial,2,1.146798455798362,1121105.3982938845,0.0104749055034967
mech_009_q0_PR_attrition_moderate,0.85,TJ_rich,50.0,1500.0,harmful,40,-6.438249364839628,187538.27923700763,0.0036667113269809
mech_009_q0_PR_attrition_moderate,0.85,TJ_rich,50.0,1500.0,unattainable,30,,,
mech_009_q0_PR_attrition_moderate,0.85,TJ_rich,100.0,1300.0,unattainable,72,,,
mech_009_q0_PR_attrition_moderate,0.85,TJ_rich,100.0,1350.0,beneficial,3,1.2044565195210617,560018.1635956777,0.0100432323146708
mech_009_q0_PR_attrition_moderate,0.85,TJ_rich,100.0,1350.0,neutral,10,-0.16236745346718853,148429.18832551193,0.0024180640968296
mech_009_q0_PR_attrition_moderate,0.85,TJ_rich,100.0,1350.0,unattainable,59,,,
mech_009_q0_PR_attrition_moderate,0.85,TJ_rich,100.0,1400.0,beneficial,4,2.7216508707571405,1122396.8079368337,0.01607721587223385
mech_009_q0_PR_attrition_moderate,0.85,TJ_rich,100.0,1400.0,harmful,19,-1.3481970187551406,174378.8953848134,0.0027992561899752
mech_009_q0_PR_attrition_moderate,0.85,TJ_rich,100.0,1400.0,neutral,4,-0.41047009157960296,441326.5203465988,0.00413653850158915
mech_009_q0_PR_attrition_moderate,0.85,TJ_rich,100.0,1400.0,unattainable,45,,,
mech_009_q0_PR_attrition_moderate,0.85,TJ_rich,100.0,1450.0,beneficial,4,1.6850382764132013,1136236.3522176608,0.01202439911501985
mech_009_q0_PR_attrition_moderate,0.85,TJ_rich,100.0,1450.0,harmful,28,-3.115030393589833,177957.1109776511,0.0023493724589094
mech_009_q0_PR_attrition_moderate,0.85,TJ_rich,100.0,1450.0,neutral,4,-0.29335289646515506,841711.5828885888,0.01234064369818945
mech_009_q0_PR_attrition_moderate,0.85,TJ_rich,100.0,1450.0,unattainable,36,,,
mech_009_q0_PR_attrition_moderate,0.85,TJ_rich,100.0,1500.0,harmful,40,-6.704851895334195,189517.8907865376,0.00402041144741435
mech_009_q0_PR_attrition_moderate,0.85,TJ_rich,100.0,1500.0,neutral,2,0.8548642692145502,1135604.215068001,0.0103575080850467
mech_009_q0_PR_attrition_moderate,0.85,TJ_rich,100.0,1500.0,unattainable,30,,,
mech_009_q0_PR_attrition_moderate,0.85,baseline,0.2,1300.0,unattainable,72,,,
mech_009_q0_PR_attrition_moderate,0.85,baseline,0.2,1350.0,unattainable,72,,,
mech_009_q0_PR_attrition_moderate,0.85,baseline,0.2,1400.0,unattainable,72,,,
mech_009_q0_PR_attrition_moderate,0.85,baseline,0.2,1450.0,unattainable,72,,,
mech_009_q0_PR_attrition_moderate,0.85,baseline,0.2,1500.0,unattainable,72,,,
mech_009_q0_PR_attrition_moderate,0.85,baseline,1.0,1300.0,neutral,4,0.0,0.0,0.0
mech_009_q0_PR_attrition_moderate,0.85,baseline,1.0,1300.0,unattainable,68,,,
mech_009_q0_PR_attrition_moderate,0.85,baseline,1.0,1350.0,neutral,21,0.0,0.0,0.0
mech_009_q0_PR_attrition_moderate,0.85,baseline,1.0,1350.0,unattainable,51,,,
mech_009_q0_PR_attrition_moderate,0.85,baseline,1.0,1400.0,neutral,35,0.0,0.0,0.0
mech_009_q0_PR_attrition_moderate,0.85,baseline,1.0,1400.0,unattainable,37,,,
mech_009_q0_PR_attrition_moderate,0.85,baseline,1.0,1450.0,neutral,45,0.0,0.0,0.0
mech_009_q0_PR_attrition_moderate,0.85,baseline,1.0,1450.0,unattainable,27,,,
mech_009_q0_PR_attrition_moderate,0.85,baseline,1.0,1500.0,neutral,58,0.0,0.0,0.0
mech_009_q0_PR_attrition_moderate,0.85,baseline,1.0,1500.0,unattainable,14,,,
mech_009_q0_PR_attrition_moderate,0.85,baseline,5.0,1300.0,beneficial,1,1.0599015443835706,603542.9298058104,0.0057182423735129
mech_009_q0_PR_attrition_moderate,0.85,baseline,5.0,1300.0,neutral,3,0.0886749418101865,194411.7395147083,0.0028603602791731
mech_009_q0_PR_attrition_moderate,0.85,baseline,5.0,1300.0,unattainable,68,,,
mech_009_q0_PR_attrition_moderate,0.85,baseline,5.0,1350.0,beneficial,7,2.009062432027258,1026424.3395744304,0.0067007094907643
mech_009_q0_PR_attrition_moderate,0.85,baseline,5.0,1350.0,neutral,14,-4.6144428764950327e-05,216040.5040569101,0.00212036335776325
mech_009_q0_PR_attrition_moderate,0.85,baseline,5.0,1350.0,unattainable,51,,,
mech_009_q0_PR_attrition_moderate,0.85,baseline,5.0,1400.0,beneficial,9,1.9974646053818357,1534956.4803904656,0.0100437885049467
mech_009_q0_PR_attrition_moderate,0.85,baseline,5.0,1400.0,harmful,2,-1.5179358266215708,350227.09733731614,0.0039780911918888
mech_009_q0_PR_attrition_moderate,0.85,baseline,5.0,1400.0,neutral,24,-0.5195107962221687,289542.7109354955,0.00237069930284655
mech_009_q0_PR_attrition_moderate,0.85,baseline,5.0,1400.0,unattainable,37,,,
mech_009_q0_PR_attrition_moderate,0.85,baseline,5.0,1450.0,beneficial,3,1.1314604757671252,1570066.0130110127,0.015817472320833
mech_009_q0_PR_attrition_moderate,0.85,baseline,5.0,1450.0,harmful,35,-2.323606039305312,355864.09580582293,0.0031825049967984
mech_009_q0_PR_attrition_moderate,0.85,baseline,5.0,1450.0,neutral,4,0.16688772634676585,1771467.5754752,0.008516799559761399
mech_009_q0_PR_attrition_moderate,0.85,baseline,5.0,1450.0,unattainable,30,,,
mech_009_q0_PR_attrition_moderate,0.85,baseline,5.0,1500.0,harmful,53,-5.39574360066107,361773.41178291605,0.0029697724229283
mech_009_q0_PR_attrition_moderate,0.85,baseline,5.0,1500.0,unattainable,19,,,
mech_009_q0_PR_attrition_moderate,0.85,baseline,20.0,1300.0,beneficial,1,1.316687814622021,742269.8294209954,0.0070692629982719
mech_009_q0_PR_attrition_moderate,0.85,baseline,20.0,1300.0,neutral,3,0.1000978625529295,232960.1761161439,0.0033425881993611
mech_009_q0_PR_attrition_moderate,0.85,baseline,20.0,1300.0,unattainable,68,,,
mech_009_q0_PR_attrition_moderate,0.85,baseline,20.0,1350.0,beneficial,8,2.096951574616835,1257961.094508633,0.0087810233020485
mech_009_q0_PR_attrition_moderate,0.85,baseline,20.0,1350.0,neutral,13,0.0460307132456334,249807.32126231707,0.0024179712978713
mech_009_q0_PR_attrition_moderate,0.85,baseline,20.0,1350.0,unattainable,51,,,
mech_009_q0_PR_attrition_moderate,0.85,baseline,20.0,1400.0,beneficial,7,4.2901309504493845,2057741.6988760713,0.0134748753514407
mech_009_q0_PR_attrition_moderate,0.85,baseline,20.0,1400.0,harmful,4,-1.321696165595382,329369.0079201301,0.0045934491979378
mech_009_q0_PR_attrition_moderate,0.85,baseline,20.0,1400.0,neutral,24,-0.499134487271643,431624.7305479789,0.00283802604690565
mech_009_q0_PR_attrition_moderate,0.85,baseline,20.0,1400.0,unattainable,37,,,
mech_009_q0_PR_attrition_moderate,0.85,baseline,20.0,1450.0,beneficial,3,1.842724250103085,2132722.041738133,0.0211472336580978
mech_009_q0_PR_attrition_moderate,0.85,baseline,20.0,1450.0,harmful,35,-2.852433197142513,429319.8433684411,0.0037104984678024
mech_009_q0_PR_attrition_moderate,0.85,baseline,20.0,1450.0,neutral,4,0.13171555906698704,2346305.5860962924,0.01064500908392375
mech_009_q0_PR_attrition_moderate,0.85,baseline,20.0,1450.0,unattainable,30,,,
mech_009_q0_PR_attrition_moderate,0.85,baseline,20.0,1500.0,harmful,48,-6.736301227316451,641630.4513183937,0.0037166346868965
mech_009_q0_PR_attrition_moderate,0.85,baseline,20.0,1500.0,unattainable,24,,,
mech_009_q0_PR_attrition_moderate,0.85,baseline,50.0,1300.0,beneficial,1,1.2569365129318746,769863.8942486749,0.0068377669789589
mech_009_q0_PR_attrition_moderate,0.85,baseline,50.0,1300.0,neutral,3,0.1299816143087067,240797.7985614552,0.0038166270418756
mech_009_q0_PR_attrition_moderate,0.85,baseline,50.0,1300.0,unattainable,68,,,
mech_009_q0_PR_attrition_moderate,0.85,baseline,50.0,1350.0,beneficial,9,2.3192499374262496,1285144.572873226,0.009103168121199
mech_009_q0_PR_attrition_moderate,0.85,baseline,50.0,1350.0,neutral,12,-0.0807564108029114,250124.15484937697,0.00241538836931185
mech_009_q0_PR_attrition_moderate,0.85,baseline,50.0,1350.0,unattainable,51,,,
mech_009_q0_PR_attrition_moderate,0.85,baseline,50.0,1400.0,beneficial,9,2.659798423523861,2183938.436993396,0.0126720279826188
mech_009_q0_PR_attrition_moderate,0.85,baseline,50.0,1400.0,harmful,4,-1.3538478369614513,340851.14381566405,0.00476033181314605
mech_009_q0_PR_attrition_moderate,0.85,baseline,50.0,1400.0,neutral,22,-0.6431064458024738,443577.7021587734,0.0028146303365302
mech_009_q0_PR_attrition_moderate,0.85,baseline,50.0,1400.0,unattainable,37,,,
mech_009_q0_PR_attrition_moderate,0.85,baseline,50.0,1450.0,beneficial,3,2.109923438546768,2273836.348002183,0.02261087885357
mech_009_q0_PR_attrition_moderate,0.85,baseline,50.0,1450.0,harmful,35,-2.8815419937380464,444306.20835066825,0.0035742428955741
mech_009_q0_PR_attrition_moderate,0.85,baseline,50.0,1450.0,neutral,4,-0.06333092860293438,2483512.281026326,0.010997890923963399
mech_009_q0_PR_attrition_moderate,0.85,baseline,50.0,1450.0,unattainable,30,,,
mech_009_q0_PR_attrition_moderate,0.85,baseline,50.0,1500.0,harmful,48,-6.828225326063615,666552.7940353191,0.0034438571304608
mech_009_q0_PR_attrition_moderate,0.85,baseline,50.0,1500.0,unattainable,24,,,
mech_009_q0_PR_attrition_moderate,0.85,baseline,100.0,1300.0,beneficial,1,1.2852128573827086,779769.4633179463,0.0069779581317098
mech_009_q0_PR_attrition_moderate,0.85,baseline,100.0,1300.0,neutral,3,0.0722043021275253,243314.73803605983,0.0030510608800961
mech_009_q0_PR_attrition_moderate,0.85,baseline,100.0,1300.0,unattainable,68,,,
mech_009_q0_PR_attrition_moderate,0.85,baseline,100.0,1350.0,beneficial,8,2.3877018101770737,1333294.121027925,0.0095303586026975
mech_009_q0_PR_attrition_moderate,0.85,baseline,100.0,1350.0,neutral,13,0.0241124041124661,260888.2095280123,0.0027778567252989
mech_009_q0_PR_attrition_moderate,0.85,baseline,100.0,1350.0,unattainable,51,,,
mech_009_q0_PR_attrition_moderate,0.85,baseline,100.0,1400.0,beneficial,9,2.804958290975972,2228021.7748722187,0.0127288479880703
mech_009_q0_PR_attrition_moderate,0.85,baseline,100.0,1400.0,harmful,6,-1.309880624700412,444059.4122346421,0.0034324910599114
mech_009_q0_PR_attrition_moderate,0.85,baseline,100.0,1400.0,neutral,20,-0.3040260150514782,366967.8533058176,0.00234739042694685
mech_009_q0_PR_attrition_moderate,0.85,baseline,100.0,1400.0,unattainable,37,,,
mech_009_q0_PR_attrition_moderate,0.85,baseline,100.0,1450.0,beneficial,3,2.0777478907521014,2323956.331305211,0.0230191431401913
mech_009_q0_PR_attrition_moderate,0.85,baseline,100.0,1450.0,harmful,35,-2.9636387423419572,449323.58462194906,0.0033064548201236
mech_009_q0_PR_attrition_moderate,0.85,baseline,100.0,1450.0,neutral,4,0.3495937146018551,2531480.223819782,0.0115984144864405
mech_009_q0_PR_attrition_moderate,0.85,baseline,100.0,1450.0,unattainable,30,,,
mech_009_q0_PR_attrition_moderate,0.85,baseline,100.0,1500.0,harmful,48,-7.271169727632877,674895.7919625833,0.0038779067743227
mech_009_q0_PR_attrition_moderate,0.85,baseline,100.0,1500.0,unattainable,24,,,
mech_009_q0_PR_attrition_moderate,0.85,mixed_GBseg_TJ,0.2,1300.0,unattainable,72,,,
mech_009_q0_PR_attrition_moderate,0.85,mixed_GBseg_TJ,0.2,1350.0,unattainable,72,,,
mech_009_q0_PR_attrition_moderate,0.85,mixed_GBseg_TJ,0.2,1400.0,unattainable,72,,,
mech_009_q0_PR_attrition_moderate,0.85,mixed_GBseg_TJ,0.2,1450.0,unattainable,72,,,
mech_009_q0_PR_attrition_moderate,0.85,mixed_GBseg_TJ,0.2,1500.0,unattainable,72,,,
mech_009_q0_PR_attrition_moderate,0.85,mixed_GBseg_TJ,1.0,1300.0,neutral,4,0.0,0.0,0.0
mech_009_q0_PR_attrition_moderate,0.85,mixed_GBseg_TJ,1.0,1300.0,unattainable,68,,,
mech_009_q0_PR_attrition_moderate,0.85,mixed_GBseg_TJ,1.0,1350.0,neutral,20,0.0,0.0,0.0
mech_009_q0_PR_attrition_moderate,0.85,mixed_GBseg_TJ,1.0,1350.0,unattainable,52,,,
mech_009_q0_PR_attrition_moderate,0.85,mixed_GBseg_TJ,1.0,1400.0,neutral,35,0.0,0.0,0.0
mech_009_q0_PR_attrition_moderate,0.85,mixed_GBseg_TJ,1.0,1400.0,unattainable,37,,,
mech_009_q0_PR_attrition_moderate,0.85,mixed_GBseg_TJ,1.0,1450.0,neutral,43,0.0,0.0,0.0
mech_009_q0_PR_attrition_moderate,0.85,mixed_GBseg_TJ,1.0,1450.0,unattainable,29,,,
mech_009_q0_PR_attrition_moderate,0.85,mixed_GBseg_TJ,1.0,1500.0,neutral,57,0.0,0.0,0.0
mech_009_q0_PR_attrition_moderate,0.85,mixed_GBseg_TJ,1.0,1500.0,unattainable,15,,,
mech_009_q0_PR_attrition_moderate,0.85,mixed_GBseg_TJ,5.0,1300.0,neutral,4,0.0198856148060079,175010.94350932527,0.0024012567955282
mech_009_q0_PR_attrition_moderate,0.85,mixed_GBseg_TJ,5.0,1300.0,unattainable,68,,,
mech_009_q0_PR_attrition_moderate,0.85,mixed_GBseg_TJ,5.0,1350.0,beneficial,4,2.016306841088738,887619.2198220859,0.0086653048621451
mech_009_q0_PR_attrition_moderate,0.85,mixed_GBseg_TJ,5.0,1350.0,neutral,16,-0.0895126999807982,191516.15331482215,0.0022947181830921997
mech_009_q0_PR_attrition_moderate,0.85,mixed_GBseg_TJ,5.0,1350.0,unattainable,52,,,
mech_009_q0_PR_attrition_moderate,0.85,mixed_GBseg_TJ,5.0,1400.0,beneficial,5,2.13435698338208,1263239.5733499115,0.0106373576370109
mech_009_q0_PR_attrition_moderate,0.85,mixed_GBseg_TJ,5.0,1400.0,harmful,10,-1.2871978148202818,230600.4420601917,0.0032522959954527
mech_009_q0_PR_attrition_moderate,0.85,mixed_GBseg_TJ,5.0,1400.0,neutral,19,-0.5459357119762958,166617.8757216207,0.0023355471442255
mech_009_q0_PR_attrition_moderate,0.85,mixed_GBseg_TJ,5.0,1400.0,unattainable,38,,,
mech_009_q0_PR_attrition_moderate,0.85,mixed_GBseg_TJ,5.0,1450.0,harmful,35,-2.7532658836191457,223590.8446495388,0.0023957592600971
mech_009_q0_PR_attrition_moderate,0.85,mixed_GBseg_TJ,5.0,1450.0,neutral,6,0.3151479913210991,1274806.487995671,0.0110477885078171
mech_009_q0_PR_attrition_moderate,0.85,mixed_GBseg_TJ,5.0,1450.0,unattainable,31,,,
mech_009_q0_PR_attrition_moderate,0.85,mixed_GBseg_TJ,5.0,1500.0,harmful,49,-5.175524100211995,230936.31661499137,0.0030545078084359
mech_009_q0_PR_attrition_moderate,0.85,mixed_GBseg_TJ,5.0,1500.0,unattainable,23,,,
mech_009_q0_PR_attrition_moderate,0.85,mixed_GBseg_TJ,20.0,1300.0,neutral,4,0.0615975510239546,209552.00758209388,0.0030681057082660498
mech_009_q0_PR_attrition_moderate,0.85,mixed_GBseg_TJ,20.0,1300.0,unattainable,68,,,
mech_009_q0_PR_attrition_moderate,0.85,mixed_GBseg_TJ,20.0,1350.0,beneficial,4,2.5383765182897915,1109488.271181005,0.010594651310330699
mech_009_q0_PR_attrition_moderate,0.85,mixed_GBseg_TJ,20.0,1350.0,neutral,16,-0.1367083347375901,229169.86547634544,0.0026119441752021
mech_009_q0_PR_attrition_moderate,0.85,mixed_GBseg_TJ,20.0,1350.0,unattainable,52,,,
mech_009_q0_PR_attrition_moderate,0.85,mixed_GBseg_TJ,20.0,1400.0,beneficial,5,2.5203949718381913,1601219.887316618,0.0132032905424559
mech_009_q0_PR_attrition_moderate,0.85,mixed_GBseg_TJ,20.0,1400.0,harmful,16,-1.383395731767411,271626.3450141406,0.00319405368965
mech_009_q0_PR_attrition_moderate,0.85,mixed_GBseg_TJ,20.0,1400.0,neutral,13,-0.5075963842438989,198802.41881592703,0.0027487596617566
mech_009_q0_PR_attrition_moderate,0.85,mixed_GBseg_TJ,20.0,1400.0,unattainable,38,,,
mech_009_q0_PR_attrition_moderate,0.85,mixed_GBseg_TJ,20.0,1450.0,harmful,30,-3.0931849706546592,267743.28690941824,0.0031449233951506
mech_009_q0_PR_attrition_moderate,0.85,mixed_GBseg_TJ,20.0,1450.0,neutral,6,-0.227559413282875,1619943.5216718167,0.0132968171668656
mech_009_q0_PR_attrition_moderate,0.85,mixed_GBseg_TJ,20.0,1450.0,unattainable,36,,,
mech_009_q0_PR_attrition_moderate,0.85,mixed_GBseg_TJ,20.0,1500.0,harmful,48,-6.873769890522788,392988.76243928226,0.0043451991284715
mech_009_q0_PR_attrition_moderate,0.85,mixed_GBseg_TJ,20.0,1500.0,unattainable,24,,,
mech_009_q0_PR_attrition_moderate,0.85,mixed_GBseg_TJ,50.0,1300.0,neutral,4,0.0141037699447951,216452.07180874533,0.00284918364989815
mech_009_q0_PR_attrition_moderate,0.85,mixed_GBseg_TJ,50.0,1300.0,unattainable,68,,,
mech_009_q0_PR_attrition_moderate,0.85,mixed_GBseg_TJ,50.0,1350.0,beneficial,4,2.4839769881576004,1157364.796738895,0.01068425331136095
mech_009_q0_PR_attrition_moderate,0.85,mixed_GBseg_TJ,50.0,1350.0,neutral,15,-0.1446165971848424,204976.72272005145,0.002478097209181
mech_009_q0_PR_attrition_moderate,0.85,mixed_GBseg_TJ,50.0,1350.0,unattainable,53,,,
mech_009_q0_PR_attrition_moderate,0.85,mixed_GBseg_TJ,50.0,1400.0,beneficial,5,2.490968488597564,1675288.5644245266,0.0136309432161381
mech_009_q0_PR_attrition_moderate,0.85,mixed_GBseg_TJ,50.0,1400.0,harmful,13,-1.4018984681148057,284951.1111390724,0.00325425578129
mech_009_q0_PR_attrition_moderate,0.85,mixed_GBseg_TJ,50.0,1400.0,neutral,15,-0.7184454016238565,197219.55662468396,0.0027298988049485
mech_009_q0_PR_attrition_moderate,0.85,mixed_GBseg_TJ,50.0,1400.0,unattainable,39,,,
mech_009_q0_PR_attrition_moderate,0.85,mixed_GBseg_TJ,50.0,1450.0,harmful,30,-3.1990987033840503,276664.22513025213,0.0030899853059747
mech_009_q0_PR_attrition_moderate,0.85,mixed_GBseg_TJ,50.0,1450.0,neutral,6,-0.5690269358385378,1696121.869100881,0.0137692660876299
mech_009_q0_PR_attrition_moderate,0.85,mixed_GBseg_TJ,50.0,1450.0,unattainable,36,,,
mech_009_q0_PR_attrition_moderate,0.85,mixed_GBseg_TJ,50.0,1500.0,harmful,48,-7.235839297100567,406398.4903886259,0.0040500801605701
mech_009_q0_PR_attrition_moderate,0.85,mixed_GBseg_TJ,50.0,1500.0,unattainable,24,,,
mech_009_q0_PR_attrition_moderate,0.85,mixed_GBseg_TJ,100.0,1300.0,neutral,4,0.02181212718539225,218794.21521509648,0.0029652193205682497
mech_009_q0_PR_attrition_moderate,0.85,mixed_GBseg_TJ,100.0,1300.0,unattainable,68,,,
mech_009_q0_PR_attrition_moderate,0.85,mixed_GBseg_TJ,100.0,1350.0,beneficial,4,2.6210225419957864,1173637.9875445047,0.0110145716851018
mech_009_q0_PR_attrition_moderate,0.85,mixed_GBseg_TJ,100.0,1350.0,neutral,16,-0.12508698892023176,239309.16923495644,0.0027347628877752
mech_009_q0_PR_attrition_moderate,0.85,mixed_GBseg_TJ,100.0,1350.0,unattainable,52,,,
mech_009_q0_PR_attrition_moderate,0.85,mixed_GBseg_TJ,100.0,1400.0,beneficial,5,2.265874884221972,1700516.1487806304,0.0134815356998026
mech_009_q0_PR_attrition_moderate,0.85,mixed_GBseg_TJ,100.0,1400.0,harmful,17,-1.5428959791229195,279308.1216482578,0.0028008830560755
mech_009_q0_PR_attrition_moderate,0.85,mixed_GBseg_TJ,100.0,1400.0,neutral,11,-0.6149019082600423,207438.18721947967,0.0016683440158044
mech_009_q0_PR_attrition_moderate,0.85,mixed_GBseg_TJ,100.0,1400.0,unattainable,39,,,
mech_009_q0_PR_attrition_moderate,0.85,mixed_GBseg_TJ,100.0,1450.0,harmful,30,-3.30306539316479,279645.2435686192,0.0033371947402728
mech_009_q0_PR_attrition_moderate,0.85,mixed_GBseg_TJ,100.0,1450.0,neutral,6,-0.8307097607013497,1722149.5536658172,0.0146696103650817
mech_009_q0_PR_attrition_moderate,0.85,mixed_GBseg_TJ,100.0,1450.0,unattainable,36,,,
mech_009_q0_PR_attrition_moderate,0.85,mixed_GBseg_TJ,100.0,1500.0,harmful,48,-7.08439071377055,410883.9464258454,0.003991332792594
mech_009_q0_PR_attrition_moderate,0.85,mixed_GBseg_TJ,100.0,1500.0,unattainable,24,,,
mech_009_q0_PR_attrition_moderate,0.88,GBseg_rich,0.2,1300.0,unattainable,72,,,
mech_009_q0_PR_attrition_moderate,0.88,GBseg_rich,0.2,1350.0,unattainable,72,,,
mech_009_q0_PR_attrition_moderate,0.88,GBseg_rich,0.2,1400.0,unattainable,72,,,
mech_009_q0_PR_attrition_moderate,0.88,GBseg_rich,0.2,1450.0,unattainable,72,,,
mech_009_q0_PR_attrition_moderate,0.88,GBseg_rich,0.2,1500.0,unattainable,72,,,
mech_009_q0_PR_attrition_moderate,0.88,GBseg_rich,1.0,1300.0,neutral,4,0.0,0.0,0.0
mech_009_q0_PR_attrition_moderate,0.88,GBseg_rich,1.0,1300.0,unattainable,68,,,
mech_009_q0_PR_attrition_moderate,0.88,GBseg_rich,1.0,1350.0,neutral,20,0.0,0.0,0.0
mech_009_q0_PR_attrition_moderate,0.88,GBseg_rich,1.0,1350.0,unattainable,52,,,
mech_009_q0_PR_attrition_moderate,0.88,GBseg_rich,1.0,1400.0,neutral,35,0.0,0.0,0.0
mech_009_q0_PR_attrition_moderate,0.88,GBseg_rich,1.0,1400.0,unattainable,37,,,
mech_009_q0_PR_attrition_moderate,0.88,GBseg_rich,1.0,1450.0,neutral,45,0.0,0.0,0.0
mech_009_q0_PR_attrition_moderate,0.88,GBseg_rich,1.0,1450.0,unattainable,27,,,
mech_009_q0_PR_attrition_moderate,0.88,GBseg_rich,1.0,1500.0,neutral,58,0.0,0.0,0.0
mech_009_q0_PR_attrition_moderate,0.88,GBseg_rich,1.0,1500.0,unattainable,14,,,
mech_009_q0_PR_attrition_moderate,0.88,GBseg_rich,5.0,1300.0,neutral,4,0.20029630492654255,341731.2017618762,0.00202030244267595
mech_009_q0_PR_attrition_moderate,0.88,GBseg_rich,5.0,1300.0,unattainable,68,,,
mech_009_q0_PR_attrition_moderate,0.88,GBseg_rich,5.0,1350.0,beneficial,12,2.9410107413410183,1256027.9196603233,0.0011735774092316
mech_009_q0_PR_attrition_moderate,0.88,GBseg_rich,5.0,1350.0,neutral,8,0.35289408137868983,356261.6749850061,0.00165124891074615
mech_009_q0_PR_attrition_moderate,0.88,GBseg_rich,5.0,1350.0,unattainable,52,,,
mech_009_q0_PR_attrition_moderate,0.88,GBseg_rich,5.0,1400.0,beneficial,21,3.071447277617886,1544667.7681625527,0.0030680295815668
mech_009_q0_PR_attrition_moderate,0.88,GBseg_rich,5.0,1400.0,neutral,14,0.130909564370033,401636.30656174937,0.0003521308839371
mech_009_q0_PR_attrition_moderate,0.88,GBseg_rich,5.0,1400.0,unattainable,37,,,
mech_009_q0_PR_attrition_moderate,0.88,GBseg_rich,5.0,1450.0,beneficial,7,2.1880456825972256,2020363.6313715328,0.0065768667333385
mech_009_q0_PR_attrition_moderate,0.88,GBseg_rich,5.0,1450.0,harmful,19,-1.5531767749076475,417371.7679470286,0.0008914464693762
mech_009_q0_PR_attrition_moderate,0.88,GBseg_rich,5.0,1450.0,neutral,15,0.0053680863169992,1292299.7420669738,0.00038606965415
mech_009_q0_PR_attrition_moderate,0.88,GBseg_rich,5.0,1450.0,unattainable,31,,,
mech_009_q0_PR_attrition_moderate,0.88,GBseg_rich,5.0,1500.0,harmful,54,-5.076388410469705,994018.406630402,0.0008682697603951499
mech_009_q0_PR_attrition_moderate,0.88,GBseg_rich,5.0,1500.0,unattainable,18,,,
mech_009_q0_PR_attrition_moderate,0.88,GBseg_rich,20.0,1300.0,beneficial,1,1.1443298942997246,819458.4488567911,0.0029814560522739
mech_009_q0_PR_attrition_moderate,0.88,GBseg_rich,20.0,1300.0,neutral,3,0.1713342767290163,349675.6990966437,0.0027670842244569
mech_009_q0_PR_attrition_moderate,0.88,GBseg_rich,20.0,1300.0,unattainable,68,,,
mech_009_q0_PR_attrition_moderate,0.88,GBseg_rich,20.0,1350.0,beneficial,12,3.8906828983714665,1608435.0232557368,0.0010597207371624
mech_009_q0_PR_attrition_moderate,0.88,GBseg_rich,20.0,1350.0,neutral,8,0.4320599576493199,431875.5121468239,0.0018454301175162002
mech_009_q0_PR_attrition_moderate,0.88,GBseg_rich,20.0,1350.0,unattainable,52,,,
mech_009_q0_PR_attrition_moderate,0.88,GBseg_rich,20.0,1400.0,beneficial,23,4.774218362692041,1740045.8714285835,0.0007042503456166
mech_009_q0_PR_attrition_moderate,0.88,GBseg_rich,20.0,1400.0,neutral,12,0.1975216397371516,433491.32847816485,0.0006153739218741499
mech_009_q0_PR_attrition_moderate,0.88,GBseg_rich,20.0,1400.0,unattainable,37,,,
mech_009_q0_PR_attrition_moderate,0.88,GBseg_rich,20.0,1450.0,beneficial,9,3.8541119460155,2375058.8637518003,0.0076103453632371
mech_009_q0_PR_attrition_moderate,0.88,GBseg_rich,20.0,1450.0,harmful,21,-1.626293397858082,523910.490960844,0.001162937347105
mech_009_q0_PR_attrition_moderate,0.88,GBseg_rich,20.0,1450.0,neutral,11,0.3274562499199259,1695255.6393683923,0.0001490246568931
mech_009_q0_PR_attrition_moderate,0.88,GBseg_rich,20.0,1450.0,unattainable,31,,,
mech_009_q0_PR_attrition_moderate,0.88,GBseg_rich,20.0,1500.0,beneficial,3,1.0937074636908646,3003417.918244564,0.0134756092795286
mech_009_q0_PR_attrition_moderate,0.88,GBseg_rich,20.0,1500.0,harmful,51,-5.995152925540187,961668.765654297,0.0006868192140412
mech_009_q0_PR_attrition_moderate,0.88,GBseg_rich,20.0,1500.0,unattainable,18,,,
mech_009_q0_PR_attrition_moderate,0.88,GBseg_rich,50.0,1300.0,beneficial,1,1.1539903241889289,853547.2702870459,0.002815332361955
mech_009_q0_PR_attrition_moderate,0.88,GBseg_rich,50.0,1300.0,neutral,3,0.1784360183380072,361735.6992863479,0.0025461200289767
mech_009_q0_PR_attrition_moderate,0.88,GBseg_rich,50.0,1300.0,unattainable,68,,,
mech_009_q0_PR_attrition_moderate,0.88,GBseg_rich,50.0,1350.0,beneficial,12,4.033186737282679,1682999.83241992,0.0004706617069711815
mech_009_q0_PR_attrition_moderate,0.88,GBseg_rich,50.0,1350.0,neutral,8,0.44696308600388845,447452.9463226994,0.00220694409496445
mech_009_q0_PR_attrition_moderate,0.88,GBseg_rich,50.0,1350.0,unattainable,52,,,
mech_009_q0_PR_attrition_moderate,0.88,GBseg_rich,50.0,1400.0,beneficial,21,5.07275415746268,2249608.0726732616,0.0003477433504824
mech_009_q0_PR_attrition_moderate,0.88,GBseg_rich,50.0,1400.0,neutral,14,0.3511988619414289,509010.2158122061,0.0007051971382124
mech_009_q0_PR_attrition_moderate,0.88,GBseg_rich,50.0,1400.0,unattainable,37,,,
mech_009_q0_PR_attrition_moderate,0.88,GBseg_rich,50.0,1450.0,beneficial,14,3.8367612831060036,2542117.8571384735,0.0068394344079902
mech_009_q0_PR_attrition_moderate,0.88,GBseg_rich,50.0,1450.0,harmful,21,-1.809417970016988,542685.1123858031,0.0011161338653667
mech_009_q0_PR_attrition_moderate,0.88,GBseg_rich,50.0,1450.0,neutral,6,-0.3640245662687219,1790489.325887118,-7.996528645308476e-05
mech_009_q0_PR_attrition_moderate,0.88,GBseg_rich,50.0,1450.0,unattainable,31,,,
mech_009_q0_PR_attrition_moderate,0.88,GBseg_rich,50.0,1500.0,beneficial,3,2.2003749854160435,3319017.035550694,0.014342806079874
mech_009_q0_PR_attrition_moderate,0.88,GBseg_rich,50.0,1500.0,harmful,51,-6.050886684501452,1001376.511892462,0.0005236341019459
mech_009_q0_PR_attrition_moderate,0.88,GBseg_rich,50.0,1500.0,unattainable,18,,,
mech_009_q0_PR_attrition_moderate,0.88,GBseg_rich,100.0,1300.0,beneficial,1,1.1923940683698129,865496.6403426843,0.0030129442296375
mech_009_q0_PR_attrition_moderate,0.88,GBseg_rich,100.0,1300.0,neutral,3,0.1753105106106155,365722.0389342538,0.0028070941258699
mech_009_q0_PR_attrition_moderate,0.88,GBseg_rich,100.0,1300.0,unattainable,68,,,
mech_009_q0_PR_attrition_moderate,0.88,GBseg_rich,100.0,1350.0,beneficial,12,4.182478091296121,1708642.0974951664,0.0004971772393024
mech_009_q0_PR_attrition_moderate,0.88,GBseg_rich,100.0,1350.0,neutral,8,0.4151688738785929,452657.795085925,0.0018112939628136498
mech_009_q0_PR_attrition_moderate,0.88,GBseg_rich,100.0,1350.0,unattainable,52,,,
mech_009_q0_PR_attrition_moderate,0.88,GBseg_rich,100.0,1400.0,beneficial,23,5.161922116186756,1861415.1120312093,9.98163777713862e-05
mech_009_q0_PR_attrition_moderate,0.88,GBseg_rich,100.0,1400.0,neutral,12,0.23158234011742818,454377.9257681342,0.0009309914964174
mech_009_q0_PR_attrition_moderate,0.88,GBseg_rich,100.0,1400.0,unattainable,37,,,
mech_009_q0_PR_attrition_moderate,0.88,GBseg_rich,100.0,1450.0,beneficial,12,5.257367394493007,2515941.414168048,0.0065035591099027
mech_009_q0_PR_attrition_moderate,0.88,GBseg_rich,100.0,1450.0,harmful,21,-1.746158144921811,548980.2565019346,0.0012006571183883
mech_009_q0_PR_attrition_moderate,0.88,GBseg_rich,100.0,1450.0,neutral,8,-0.06415974197902943,2279336.7879100875,-0.00035114215381105
mech_009_q0_PR_attrition_moderate,0.88,GBseg_rich,100.0,1450.0,unattainable,31,,,
mech_009_q0_PR_attrition_moderate,0.88,GBseg_rich,100.0,1500.0,beneficial,3,3.142187064776992,3445337.3836902436,0.0149930192511266
mech_009_q0_PR_attrition_moderate,0.88,GBseg_rich,100.0,1500.0,harmful,51,-6.221681141026145,1014812.608567968,0.0008996263550857
mech_009_q0_PR_attrition_moderate,0.88,GBseg_rich,100.0,1500.0,unattainable,18,,,
mech_009_q0_PR_attrition_moderate,0.88,TJ_rich,0.2,1300.0,unattainable,72,,,
mech_009_q0_PR_attrition_moderate,0.88,TJ_rich,0.2,1350.0,unattainable,72,,,
mech_009_q0_PR_attrition_moderate,0.88,TJ_rich,0.2,1400.0,unattainable,72,,,
mech_009_q0_PR_attrition_moderate,0.88,TJ_rich,0.2,1450.0,unattainable,72,,,
mech_009_q0_PR_attrition_moderate,0.88,TJ_rich,0.2,1500.0,unattainable,72,,,
mech_009_q0_PR_attrition_moderate,0.88,TJ_rich,1.0,1300.0,unattainable,72,,,
mech_009_q0_PR_attrition_moderate,0.88,TJ_rich,1.0,1350.0,neutral,4,0.0,0.0,0.0
mech_009_q0_PR_attrition_moderate,0.88,TJ_rich,1.0,1350.0,unattainable,68,,,
mech_009_q0_PR_attrition_moderate,0.88,TJ_rich,1.0,1400.0,neutral,21,0.0,0.0,0.0
mech_009_q0_PR_attrition_moderate,0.88,TJ_rich,1.0,1400.0,unattainable,51,,,
mech_009_q0_PR_attrition_moderate,0.88,TJ_rich,1.0,1450.0,neutral,35,0.0,0.0,0.0
mech_009_q0_PR_attrition_moderate,0.88,TJ_rich,1.0,1450.0,unattainable,37,,,
mech_009_q0_PR_attrition_moderate,0.88,TJ_rich,1.0,1500.0,neutral,42,0.0,0.0,0.0
mech_009_q0_PR_attrition_moderate,0.88,TJ_rich,1.0,1500.0,unattainable,30,,,
mech_009_q0_PR_attrition_moderate,0.88,TJ_rich,5.0,1300.0,unattainable,72,,,
mech_009_q0_PR_attrition_moderate,0.88,TJ_rich,5.0,1350.0,neutral,4,0.005489237635412203,116783.59096607935,0.00254448287887335
mech_009_q0_PR_attrition_moderate,0.88,TJ_rich,5.0,1350.0,unattainable,68,,,
mech_009_q0_PR_attrition_moderate,0.88,TJ_rich,5.0,1400.0,beneficial,4,4.257277089477631,852800.5300786097,0.007595559288266201
mech_009_q0_PR_attrition_moderate,0.88,TJ_rich,5.0,1400.0,harmful,1,-1.3479752691827498,139714.0817558029,0.0016470660545376
mech_009_q0_PR_attrition_moderate,0.88,TJ_rich,5.0,1400.0,neutral,13,-0.3769486597855604,145294.94476078692,0.0020713712264983
mech_009_q0_PR_attrition_moderate,0.88,TJ_rich,5.0,1400.0,unattainable,54,,,
mech_009_q0_PR_attrition_moderate,0.88,TJ_rich,5.0,1450.0,beneficial,6,4.452108984485206,859385.5770307702,0.0098231235010979
mech_009_q0_PR_attrition_moderate,0.88,TJ_rich,5.0,1450.0,harmful,18,-1.6939084008270564,119552.04514114528,0.0012003613259737
mech_009_q0_PR_attrition_moderate,0.88,TJ_rich,5.0,1450.0,neutral,8,-0.2986513934268572,354596.86967194366,0.00410357039427605
mech_009_q0_PR_attrition_moderate,0.88,TJ_rich,5.0,1450.0,unattainable,40,,,
mech_009_q0_PR_attrition_moderate,0.88,TJ_rich,5.0,1500.0,beneficial,8,3.2477622782674342,860406.630136746,0.0081612856190084
mech_009_q0_PR_attrition_moderate,0.88,TJ_rich,5.0,1500.0,harmful,24,-3.451247803767739,129823.58053511963,0.0019246058954298499
mech_009_q0_PR_attrition_moderate,0.88,TJ_rich,5.0,1500.0,neutral,4,0.31193016785229943,354415.2116523674,0.00422016001861235
mech_009_q0_PR_attrition_moderate,0.88,TJ_rich,5.0,1500.0,unattainable,36,,,
mech_009_q0_PR_attrition_moderate,0.88,TJ_rich,20.0,1300.0,unattainable,72,,,
mech_009_q0_PR_attrition_moderate,0.88,TJ_rich,20.0,1350.0,neutral,4,-0.16056577558772656,139467.269827705,0.00249907371699295
mech_009_q0_PR_attrition_moderate,0.88,TJ_rich,20.0,1350.0,unattainable,68,,,
mech_009_q0_PR_attrition_moderate,0.88,TJ_rich,20.0,1400.0,beneficial,4,4.84773294632975,1063179.5164730155,0.00987112794602335
mech_009_q0_PR_attrition_moderate,0.88,TJ_rich,20.0,1400.0,harmful,3,-1.2652759297804088,112611.30377593702,0.001834868998181
mech_009_q0_PR_attrition_moderate,0.88,TJ_rich,20.0,1400.0,neutral,11,-0.4646780320413453,181337.401950043,0.0022559090219367
mech_009_q0_PR_attrition_moderate,0.88,TJ_rich,20.0,1400.0,unattainable,54,,,
mech_009_q0_PR_attrition_moderate,0.88,TJ_rich,20.0,1450.0,beneficial,6,4.703598960649709,1072297.0587069485,0.0116267228678867
mech_009_q0_PR_attrition_moderate,0.88,TJ_rich,20.0,1450.0,harmful,17,-2.2095654150006796,142526.66930927476,0.0015462860695826
mech_009_q0_PR_attrition_moderate,0.88,TJ_rich,20.0,1450.0,neutral,8,0.0594694151314077,428106.1535963599,0.0046390333016915995
mech_009_q0_PR_attrition_moderate,0.88,TJ_rich,20.0,1450.0,unattainable,41,,,
mech_009_q0_PR_attrition_moderate,0.88,TJ_rich,20.0,1500.0,beneficial,6,4.527858271150011,1078161.9391214915,0.01153499651781
mech_009_q0_PR_attrition_moderate,0.88,TJ_rich,20.0,1500.0,harmful,24,-4.049827831538904,155014.2316548843,0.0021016117634861
mech_009_q0_PR_attrition_moderate,0.88,TJ_rich,20.0,1500.0,neutral,6,-0.3049940229534019,528035.4229338625,0.0036770916367584
mech_009_q0_PR_attrition_moderate,0.88,TJ_rich,20.0,1500.0,unattainable,36,,,
mech_009_q0_PR_attrition_moderate,0.88,TJ_rich,50.0,1300.0,unattainable,72,,,
mech_009_q0_PR_attrition_moderate,0.88,TJ_rich,50.0,1350.0,neutral,4,-0.0176558971813305,144043.05805878757,0.00312922358081595
mech_009_q0_PR_attrition_moderate,0.88,TJ_rich,50.0,1350.0,unattainable,68,,,
mech_009_q0_PR_attrition_moderate,0.88,TJ_rich,50.0,1400.0,beneficial,4,5.00082683611275,1107266.233155061,0.009739055789642851
mech_009_q0_PR_attrition_moderate,0.88,TJ_rich,50.0,1400.0,harmful,4,-1.2010346701509769,123708.34857398464,0.0017422709058585
mech_009_q0_PR_attrition_moderate,0.88,TJ_rich,50.0,1400.0,neutral,10,-0.526816331717634,257803.88436065265,0.0023296521765882
mech_009_q0_PR_attrition_moderate,0.88,TJ_rich,50.0,1400.0,unattainable,54,,,
mech_009_q0_PR_attrition_moderate,0.88,TJ_rich,50.0,1450.0,beneficial,6,4.7602218669274805,1117232.5257840445,0.0124827152951598
mech_009_q0_PR_attrition_moderate,0.88,TJ_rich,50.0,1450.0,harmful,17,-2.1587989325117776,147143.3910099604,0.0017757624375917
mech_009_q0_PR_attrition_moderate,0.88,TJ_rich,50.0,1450.0,neutral,8,-0.0846977791462359,443119.75168913975,0.0045119148888966
mech_009_q0_PR_attrition_moderate,0.88,TJ_rich,50.0,1450.0,unattainable,41,,,
mech_009_q0_PR_attrition_moderate,0.88,TJ_rich,50.0,1500.0,beneficial,6,5.175977388766864,1121101.406855617,0.012668177689075
mech_009_q0_PR_attrition_moderate,0.88,TJ_rich,50.0,1500.0,harmful,24,-4.362101036975027,160086.30133208557,0.0020010068422236
mech_009_q0_PR_attrition_moderate,0.88,TJ_rich,50.0,1500.0,neutral,6,0.0219379621073986,546550.2948745749,0.0040615000071896
mech_009_q0_PR_attrition_moderate,0.88,TJ_rich,50.0,1500.0,unattainable,36,,,
mech_009_q0_PR_attrition_moderate,0.88,TJ_rich,100.0,1300.0,unattainable,72,,,
mech_009_q0_PR_attrition_moderate,0.88,TJ_rich,100.0,1350.0,neutral,4,-0.08125490250876215,145572.90580585226,0.00278568884929455
mech_009_q0_PR_attrition_moderate,0.88,TJ_rich,100.0,1350.0,unattainable,68,,,
mech_009_q0_PR_attrition_moderate,0.88,TJ_rich,100.0,1400.0,beneficial,5,4.534545442328608,1118103.5279002187,0.008813571846199
mech_009_q0_PR_attrition_moderate,0.88,TJ_rich,100.0,1400.0,harmful,2,-1.1811707273720424,145934.03112892644,0.0027297863556536503
mech_009_q0_PR_attrition_moderate,0.88,TJ_rich,100.0,1400.0,neutral,11,-0.769091791251474,181119.59036326688,0.001993472269542
mech_009_q0_PR_attrition_moderate,0.88,TJ_rich,100.0,1400.0,unattainable,54,,,
mech_009_q0_PR_attrition_moderate,0.88,TJ_rich,100.0,1450.0,beneficial,6,4.905106520051065,1132454.0154435034,0.0122148002996873
mech_009_q0_PR_attrition_moderate,0.88,TJ_rich,100.0,1450.0,harmful,17,-2.194328942528526,148684.0205130991,0.0015698825145555
mech_009_q0_PR_attrition_moderate,0.88,TJ_rich,100.0,1450.0,neutral,8,-0.0999634034707773,448148.297311882,0.00448378138832505
mech_009_q0_PR_attrition_moderate,0.88,TJ_rich,100.0,1450.0,unattainable,41,,,
mech_009_q0_PR_attrition_moderate,0.88,TJ_rich,100.0,1500.0,beneficial,6,5.086908825831221,1135600.2754769162,0.0127538307453173
mech_009_q0_PR_attrition_moderate,0.88,TJ_rich,100.0,1500.0,harmful,24,-4.426353680169841,161779.6112276576,0.00200387682898785
mech_009_q0_PR_attrition_moderate,0.88,TJ_rich,100.0,1500.0,neutral,6,0.3458666732868505,552751.9141010663,0.0043502578573929
mech_009_q0_PR_attrition_moderate,0.88,TJ_rich,100.0,1500.0,unattainable,36,,,
mech_009_q0_PR_attrition_moderate,0.88,baseline,0.2,1300.0,unattainable,72,,,
mech_009_q0_PR_attrition_moderate,0.88,baseline,0.2,1350.0,unattainable,72,,,
mech_009_q0_PR_attrition_moderate,0.88,baseline,0.2,1400.0,unattainable,72,,,
mech_009_q0_PR_attrition_moderate,0.88,baseline,0.2,1450.0,unattainable,72,,,
mech_009_q0_PR_attrition_moderate,0.88,baseline,0.2,1500.0,unattainable,72,,,
mech_009_q0_PR_attrition_moderate,0.88,baseline,1.0,1300.0,unattainable,72,,,
mech_009_q0_PR_attrition_moderate,0.88,baseline,1.0,1350.0,neutral,9,0.0,0.0,0.0
mech_009_q0_PR_attrition_moderate,0.88,baseline,1.0,1350.0,unattainable,63,,,
mech_009_q0_PR_attrition_moderate,0.88,baseline,1.0,1400.0,neutral,24,0.0,0.0,0.0
mech_009_q0_PR_attrition_moderate,0.88,baseline,1.0,1400.0,unattainable,48,,,
mech_009_q0_PR_attrition_moderate,0.88,baseline,1.0,1450.0,neutral,36,0.0,0.0,0.0
mech_009_q0_PR_attrition_moderate,0.88,baseline,1.0,1450.0,unattainable,36,,,
mech_009_q0_PR_attrition_moderate,0.88,baseline,1.0,1500.0,neutral,47,0.0,0.0,0.0
mech_009_q0_PR_attrition_moderate,0.88,baseline,1.0,1500.0,unattainable,25,,,
mech_009_q0_PR_attrition_moderate,0.88,baseline,5.0,1300.0,unattainable,72,,,
mech_009_q0_PR_attrition_moderate,0.88,baseline,5.0,1350.0,beneficial,2,2.2360585038662633,815987.956456114,0.00509553013749455
mech_009_q0_PR_attrition_moderate,0.88,baseline,5.0,1350.0,neutral,7,0.0857427692815505,208688.65530628408,0.0013110105072625
mech_009_q0_PR_attrition_moderate,0.88,baseline,5.0,1350.0,unattainable,63,,,
mech_009_q0_PR_attrition_moderate,0.88,baseline,5.0,1400.0,beneficial,6,2.6272768755046014,1301121.906619222,0.00681961615932705
mech_009_q0_PR_attrition_moderate,0.88,baseline,5.0,1400.0,neutral,17,-0.4513223036234915,350197.1843554702,0.0019478680262982
mech_009_q0_PR_attrition_moderate,0.88,baseline,5.0,1400.0,unattainable,49,,,
mech_009_q0_PR_attrition_moderate,0.88,baseline,5.0,1450.0,beneficial,6,2.5535973613210974,1716177.1648336358,0.0091851913639874
mech_009_q0_PR_attrition_moderate,0.88,baseline,5.0,1450.0,harmful,24,-1.642399328170146,353358.5638283656,0.00150457045787485
mech_009_q0_PR_attrition_moderate,0.88,baseline,5.0,1450.0,neutral,6,0.0112670507923623,1036821.873727229,0.0047586383825932
mech_009_q0_PR_attrition_moderate,0.88,baseline,5.0,1450.0,unattainable,36,,,
mech_009_q0_PR_attrition_moderate,0.88,baseline,5.0,1500.0,beneficial,2,1.2596039000529176,1829322.991683057,0.0060335569935529
mech_009_q0_PR_attrition_moderate,0.88,baseline,5.0,1500.0,harmful,35,-3.2627068755956827,356042.488696576,0.0014835469943032
mech_009_q0_PR_attrition_moderate,0.88,baseline,5.0,1500.0,neutral,5,-0.2614900884336352,1572933.9643531754,0.0120101752611829
mech_009_q0_PR_attrition_moderate,0.88,baseline,5.0,1500.0,unattainable,30,,,
mech_009_q0_PR_attrition_moderate,0.88,baseline,20.0,1300.0,unattainable,72,,,
mech_009_q0_PR_attrition_moderate,0.88,baseline,20.0,1350.0,beneficial,3,2.1699588198851756,832922.8520115041,0.0054862382695875
mech_009_q0_PR_attrition_moderate,0.88,baseline,20.0,1350.0,neutral,6,0.1768107875719111,242012.17295325542,0.0013276182529691001
mech_009_q0_PR_attrition_moderate,0.88,baseline,20.0,1350.0,unattainable,63,,,
mech_009_q0_PR_attrition_moderate,0.88,baseline,20.0,1400.0,beneficial,7,2.740355619114032,1363814.1566510843,0.0086955212382065
mech_009_q0_PR_attrition_moderate,0.88,baseline,20.0,1400.0,neutral,16,-0.38498339154680655,345723.09283124097,0.00210051395794965
mech_009_q0_PR_attrition_moderate,0.88,baseline,20.0,1400.0,unattainable,49,,,
mech_009_q0_PR_attrition_moderate,0.88,baseline,20.0,1450.0,beneficial,6,2.823236211511507,2290011.310985446,0.0109909099552988
mech_009_q0_PR_attrition_moderate,0.88,baseline,20.0,1450.0,harmful,24,-2.0130392391497947,346264.2357431366,0.0016724890614878
mech_009_q0_PR_attrition_moderate,0.88,baseline,20.0,1450.0,neutral,6,-0.5640069845480638,1356525.2538642008,0.0048977219252814
mech_009_q0_PR_attrition_moderate,0.88,baseline,20.0,1450.0,unattainable,36,,,
mech_009_q0_PR_attrition_moderate,0.88,baseline,20.0,1500.0,harmful,35,-4.457568614281733,429575.76818996953,0.0019524044473702
mech_009_q0_PR_attrition_moderate,0.88,baseline,20.0,1500.0,neutral,7,0.6051685969683445,2297998.063619717,0.0105379930374187
mech_009_q0_PR_attrition_moderate,0.88,baseline,20.0,1500.0,unattainable,30,,,
mech_009_q0_PR_attrition_moderate,0.88,baseline,50.0,1300.0,unattainable,72,,,
mech_009_q0_PR_attrition_moderate,0.88,baseline,50.0,1350.0,beneficial,2,2.817603427939516,1066289.1261765878,0.00617596163320195
mech_009_q0_PR_attrition_moderate,0.88,baseline,50.0,1350.0,neutral,7,0.2180910024933583,258072.9024574361,0.0014711693752377
mech_009_q0_PR_attrition_moderate,0.88,baseline,50.0,1350.0,unattainable,63,,,
mech_009_q0_PR_attrition_moderate,0.88,baseline,50.0,1400.0,beneficial,7,3.053720016804798,1422106.161185169,0.0092804563840495
mech_009_q0_PR_attrition_moderate,0.88,baseline,50.0,1400.0,neutral,16,-0.49406235476129534,357691.4143288033,0.00184213573196165
mech_009_q0_PR_attrition_moderate,0.88,baseline,50.0,1400.0,unattainable,49,,,
mech_009_q0_PR_attrition_moderate,0.88,baseline,50.0,1450.0,beneficial,6,2.834886082660716,2428904.9815297564,0.0113699005810219
mech_009_q0_PR_attrition_moderate,0.88,baseline,50.0,1450.0,harmful,24,-1.9745412114758332,442087.4867313297,0.0019730191877123998
mech_009_q0_PR_attrition_moderate,0.88,baseline,50.0,1450.0,neutral,6,-0.4914486688233689,1389420.47817923,0.0052290546476658
mech_009_q0_PR_attrition_moderate,0.88,baseline,50.0,1450.0,unattainable,36,,,
mech_009_q0_PR_attrition_moderate,0.88,baseline,50.0,1500.0,harmful,35,-4.047112805424476,444581.01173887186,0.0019277059724328
mech_009_q0_PR_attrition_moderate,0.88,baseline,50.0,1500.0,neutral,7,0.0417911485020915,2439730.3482614164,0.0103289392074025
mech_009_q0_PR_attrition_moderate,0.88,baseline,50.0,1500.0,unattainable,30,,,
mech_009_q0_PR_attrition_moderate,0.88,baseline,100.0,1300.0,unattainable,72,,,
mech_009_q0_PR_attrition_moderate,0.88,baseline,100.0,1350.0,beneficial,3,2.415237609647499,876061.1480045049,0.0060094377610928
mech_009_q0_PR_attrition_moderate,0.88,baseline,100.0,1350.0,neutral,6,0.09858806245180195,252779.85563161975,0.00135407171115855
mech_009_q0_PR_attrition_moderate,0.88,baseline,100.0,1350.0,unattainable,63,,,
mech_009_q0_PR_attrition_moderate,0.88,baseline,100.0,1400.0,beneficial,8,2.8561085313502432,1434208.3409969024,0.00852228963177635
mech_009_q0_PR_attrition_moderate,0.88,baseline,100.0,1400.0,neutral,15,-0.5497652695977403,279375.41559385683,0.0015650674690092
mech_009_q0_PR_attrition_moderate,0.88,baseline,100.0,1400.0,unattainable,49,,,
mech_009_q0_PR_attrition_moderate,0.88,baseline,100.0,1450.0,beneficial,6,2.0119527991649018,2477669.3343047528,0.0106862254007132
mech_009_q0_PR_attrition_moderate,0.88,baseline,100.0,1450.0,harmful,24,-2.10233834169519,447134.1807554272,0.0017977591216651
mech_009_q0_PR_attrition_moderate,0.88,baseline,100.0,1450.0,neutral,6,-0.3613874701858096,1411433.7702429052,0.0054521132585912
mech_009_q0_PR_attrition_moderate,0.88,baseline,100.0,1450.0,unattainable,36,,,
mech_009_q0_PR_attrition_moderate,0.88,baseline,100.0,1500.0,harmful,35,-4.392334708119722,449605.83202245185,0.0024411529720794
mech_009_q0_PR_attrition_moderate,0.88,baseline,100.0,1500.0,neutral,7,0.5443292285988331,2489823.173206318,0.0105103877266938
mech_009_q0_PR_attrition_moderate,0.88,baseline,100.0,1500.0,unattainable,30,,,
mech_009_q0_PR_attrition_moderate,0.88,mixed_GBseg_TJ,0.2,1300.0,unattainable,72,,,
mech_009_q0_PR_attrition_moderate,0.88,mixed_GBseg_TJ,0.2,1350.0,unattainable,72,,,
mech_009_q0_PR_attrition_moderate,0.88,mixed_GBseg_TJ,0.2,1400.0,unattainable,72,,,
mech_009_q0_PR_attrition_moderate,0.88,mixed_GBseg_TJ,0.2,1450.0,unattainable,72,,,
mech_009_q0_PR_attrition_moderate,0.88,mixed_GBseg_TJ,0.2,1500.0,unattainable,72,,,
mech_009_q0_PR_attrition_moderate,0.88,mixed_GBseg_TJ,1.0,1300.0,unattainable,72,,,
mech_009_q0_PR_attrition_moderate,0.88,mixed_GBseg_TJ,1.0,1350.0,neutral,10,0.0,0.0,0.0
mech_009_q0_PR_attrition_moderate,0.88,mixed_GBseg_TJ,1.0,1350.0,unattainable,62,,,
mech_009_q0_PR_attrition_moderate,0.88,mixed_GBseg_TJ,1.0,1400.0,neutral,24,0.0,0.0,0.0
mech_009_q0_PR_attrition_moderate,0.88,mixed_GBseg_TJ,1.0,1400.0,unattainable,48,,,
mech_009_q0_PR_attrition_moderate,0.88,mixed_GBseg_TJ,1.0,1450.0,neutral,36,0.0,0.0,0.0
mech_009_q0_PR_attrition_moderate,0.88,mixed_GBseg_TJ,1.0,1450.0,unattainable,36,,,
mech_009_q0_PR_attrition_moderate,0.88,mixed_GBseg_TJ,1.0,1500.0,neutral,47,0.0,0.0,0.0
mech_009_q0_PR_attrition_moderate,0.88,mixed_GBseg_TJ,1.0,1500.0,unattainable,25,,,
mech_009_q0_PR_attrition_moderate,0.88,mixed_GBseg_TJ,5.0,1300.0,unattainable,72,,,
mech_009_q0_PR_attrition_moderate,0.88,mixed_GBseg_TJ,5.0,1350.0,beneficial,2,2.5756082138993976,880604.1700493231,0.008243322921055351
mech_009_q0_PR_attrition_moderate,0.88,mixed_GBseg_TJ,5.0,1350.0,neutral,8,-0.040307494659281795,183569.2055674098,0.0017350331314025
mech_009_q0_PR_attrition_moderate,0.88,mixed_GBseg_TJ,5.0,1350.0,unattainable,62,,,
mech_009_q0_PR_attrition_moderate,0.88,mixed_GBseg_TJ,5.0,1400.0,beneficial,3,3.4389787291033924,1263048.0680029094,0.0093880780373435
mech_009_q0_PR_attrition_moderate,0.88,mixed_GBseg_TJ,5.0,1400.0,harmful,2,-1.1528185852186363,217372.74083782185,0.0024129257869199
mech_009_q0_PR_attrition_moderate,0.88,mixed_GBseg_TJ,5.0,1400.0,neutral,18,-0.44779450249612274,226967.83970971283,0.0019084462941058502
mech_009_q0_PR_attrition_moderate,0.88,mixed_GBseg_TJ,5.0,1400.0,unattainable,49,,,
mech_009_q0_PR_attrition_moderate,0.88,mixed_GBseg_TJ,5.0,1450.0,beneficial,6,2.2992040673300767,1274779.030938683,0.0092199819487568
mech_009_q0_PR_attrition_moderate,0.88,mixed_GBseg_TJ,5.0,1450.0,harmful,26,-1.6404964025466553,217666.36194803612,0.0018088949309409
mech_009_q0_PR_attrition_moderate,0.88,mixed_GBseg_TJ,5.0,1450.0,neutral,4,-0.4867076480748858,694316.2738474805,0.00388996891966355
mech_009_q0_PR_attrition_moderate,0.88,mixed_GBseg_TJ,5.0,1450.0,unattainable,36,,,
mech_009_q0_PR_attrition_moderate,0.88,mixed_GBseg_TJ,5.0,1500.0,beneficial,2,1.3908464294720138,1276396.2087405694,0.0093262902708251
mech_009_q0_PR_attrition_moderate,0.88,mixed_GBseg_TJ,5.0,1500.0,harmful,35,-4.065236710281518,223698.441626565,0.00212390467773
mech_009_q0_PR_attrition_moderate,0.88,mixed_GBseg_TJ,5.0,1500.0,neutral,5,-0.1647522919244026,1218297.2265181402,0.012440917387421
mech_009_q0_PR_attrition_moderate,0.88,mixed_GBseg_TJ,5.0,1500.0,unattainable,30,,,
mech_009_q0_PR_attrition_moderate,0.88,mixed_GBseg_TJ,20.0,1300.0,unattainable,72,,,
mech_009_q0_PR_attrition_moderate,0.88,mixed_GBseg_TJ,20.0,1350.0,beneficial,2,3.1327881183110833,1102857.7318548374,0.00983638295545895
mech_009_q0_PR_attrition_moderate,0.88,mixed_GBseg_TJ,20.0,1350.0,neutral,8,-0.01857899833747895,219725.19040183467,0.0021018657016303
mech_009_q0_PR_attrition_moderate,0.88,mixed_GBseg_TJ,20.0,1350.0,unattainable,62,,,
mech_009_q0_PR_attrition_moderate,0.88,mixed_GBseg_TJ,20.0,1400.0,beneficial,3,3.8077041946863455,1600961.287995492,0.0113474459999609
mech_009_q0_PR_attrition_moderate,0.88,mixed_GBseg_TJ,20.0,1400.0,harmful,5,-1.2170147809390823,260697.005793103,0.0020753634054904
mech_009_q0_PR_attrition_moderate,0.88,mixed_GBseg_TJ,20.0,1400.0,neutral,15,-0.5000165519437862,508378.4301679869,0.0025567617108746
mech_009_q0_PR_attrition_moderate,0.88,mixed_GBseg_TJ,20.0,1400.0,unattainable,49,,,
mech_009_q0_PR_attrition_moderate,0.88,mixed_GBseg_TJ,20.0,1450.0,beneficial,6,1.9651446538098551,1619909.6591258124,0.0106731937487982
mech_009_q0_PR_attrition_moderate,0.88,mixed_GBseg_TJ,20.0,1450.0,harmful,26,-2.155427863614229,261067.12633581384,0.0022967645922826
mech_009_q0_PR_attrition_moderate,0.88,mixed_GBseg_TJ,20.0,1450.0,neutral,4,-0.5619785690524106,848341.7643471952,0.0050606182437779
mech_009_q0_PR_attrition_moderate,0.88,mixed_GBseg_TJ,20.0,1450.0,unattainable,36,,,
mech_009_q0_PR_attrition_moderate,0.88,mixed_GBseg_TJ,20.0,1500.0,beneficial,2,1.0271022228006628,1623215.8756228732,0.0116265903056535
mech_009_q0_PR_attrition_moderate,0.88,mixed_GBseg_TJ,20.0,1500.0,harmful,35,-4.848036222561146,267886.83383526444,0.0026309347417983
mech_009_q0_PR_attrition_moderate,0.88,mixed_GBseg_TJ,20.0,1500.0,neutral,5,-0.5679913475069169,1572303.639805426,0.0160791417828909
mech_009_q0_PR_attrition_moderate,0.88,mixed_GBseg_TJ,20.0,1500.0,unattainable,30,,,
mech_009_q0_PR_attrition_moderate,0.88,mixed_GBseg_TJ,50.0,1300.0,unattainable,72,,,
mech_009_q0_PR_attrition_moderate,0.88,mixed_GBseg_TJ,50.0,1350.0,beneficial,2,3.541105328149518,1150927.5074115847,0.0107123590350762
mech_009_q0_PR_attrition_moderate,0.88,mixed_GBseg_TJ,50.0,1350.0,neutral,8,-0.0526392927902605,227015.83795608644,0.0019509236351943
mech_009_q0_PR_attrition_moderate,0.88,mixed_GBseg_TJ,50.0,1350.0,unattainable,62,,,
mech_009_q0_PR_attrition_moderate,0.88,mixed_GBseg_TJ,50.0,1400.0,beneficial,5,3.112375014336115,1619264.3025211145,0.0095368904846208
mech_009_q0_PR_attrition_moderate,0.88,mixed_GBseg_TJ,50.0,1400.0,harmful,3,-1.0833946965760857,269471.39585626463,0.0037608976811866
mech_009_q0_PR_attrition_moderate,0.88,mixed_GBseg_TJ,50.0,1400.0,neutral,15,-0.5424021947704396,205276.5354887129,0.0024937637680089
mech_009_q0_PR_attrition_moderate,0.88,mixed_GBseg_TJ,50.0,1400.0,unattainable,49,,,
mech_009_q0_PR_attrition_moderate,0.88,mixed_GBseg_TJ,50.0,1450.0,beneficial,6,1.6740849765757408,1696086.7557552117,0.0109507133881381
mech_009_q0_PR_attrition_moderate,0.88,mixed_GBseg_TJ,50.0,1450.0,harmful,28,-2.1279224794428604,273259.2508387724,0.0023692229501969
mech_009_q0_PR_attrition_moderate,0.88,mixed_GBseg_TJ,50.0,1450.0,neutral,2,-0.5752077432776537,875775.8552020848,0.0040771943132648
mech_009_q0_PR_attrition_moderate,0.88,mixed_GBseg_TJ,50.0,1450.0,unattainable,36,,,
mech_009_q0_PR_attrition_moderate,0.88,mixed_GBseg_TJ,50.0,1500.0,harmful,34,-5.028049373904642,276816.4226231214,0.0021880675057405
mech_009_q0_PR_attrition_moderate,0.88,mixed_GBseg_TJ,50.0,1500.0,neutral,7,0.001407895298217,1700091.0261467102,0.0116281903050166
mech_009_q0_PR_attrition_moderate,0.88,mixed_GBseg_TJ,50.0,1500.0,unattainable,31,,,
mech_009_q0_PR_attrition_moderate,0.88,mixed_GBseg_TJ,100.0,1300.0,unattainable,72,,,
mech_009_q0_PR_attrition_moderate,0.88,mixed_GBseg_TJ,100.0,1350.0,beneficial,2,3.405682726010018,1166960.7362927329,0.0105491286803518
mech_009_q0_PR_attrition_moderate,0.88,mixed_GBseg_TJ,100.0,1350.0,neutral,8,0.0311741115428822,229461.64799433606,0.00226917433145715
mech_009_q0_PR_attrition_moderate,0.88,mixed_GBseg_TJ,100.0,1350.0,unattainable,62,,,
mech_009_q0_PR_attrition_moderate,0.88,mixed_GBseg_TJ,100.0,1400.0,beneficial,3,3.650441434711744,1700245.42249177,0.0113187560824129
mech_009_q0_PR_attrition_moderate,0.88,mixed_GBseg_TJ,100.0,1400.0,harmful,7,-1.1565453872080411,272398.773863466,0.0021629277742973
mech_009_q0_PR_attrition_moderate,0.88,mixed_GBseg_TJ,100.0,1400.0,neutral,13,-0.5784493677911238,535507.9915383237,0.0033388528703897
mech_009_q0_PR_attrition_moderate,0.88,mixed_GBseg_TJ,100.0,1400.0,unattainable,49,,,
mech_009_q0_PR_attrition_moderate,0.88,mixed_GBseg_TJ,100.0,1450.0,beneficial,6,1.8626764227357395,1722111.955039346,0.0119397051848633
mech_009_q0_PR_attrition_moderate,0.88,mixed_GBseg_TJ,100.0,1450.0,harmful,26,-2.210793416925011,272790.9290427728,0.0025110927740819
mech_009_q0_PR_attrition_moderate,0.88,mixed_GBseg_TJ,100.0,1450.0,neutral,4,-0.924412222121435,891061.5593118622,0.0050148992397493
mech_009_q0_PR_attrition_moderate,0.88,mixed_GBseg_TJ,100.0,1450.0,unattainable,36,,,
mech_009_q0_PR_attrition_moderate,0.88,mixed_GBseg_TJ,100.0,1500.0,harmful,33,-5.172712751688054,279800.0179702583,0.0027669600399084
mech_009_q0_PR_attrition_moderate,0.88,mixed_GBseg_TJ,100.0,1500.0,neutral,7,0.0751193429097565,1726411.260360952,0.0120385031360445
mech_009_q0_PR_attrition_moderate,0.88,mixed_GBseg_TJ,100.0,1500.0,unattainable,32,,,
mech_009_q0_PR_attrition_moderate,0.9,GBseg_rich,0.2,1300.0,unattainable,72,,,
mech_009_q0_PR_attrition_moderate,0.9,GBseg_rich,0.2,1350.0,unattainable,72,,,
mech_009_q0_PR_attrition_moderate,0.9,GBseg_rich,0.2,1400.0,unattainable,72,,,
mech_009_q0_PR_attrition_moderate,0.9,GBseg_rich,0.2,1450.0,unattainable,72,,,
mech_009_q0_PR_attrition_moderate,0.9,GBseg_rich,0.2,1500.0,unattainable,72,,,
mech_009_q0_PR_attrition_moderate,0.9,GBseg_rich,1.0,1300.0,unattainable,72,,,
mech_009_q0_PR_attrition_moderate,0.9,GBseg_rich,1.0,1350.0,neutral,12,0.0,0.0,0.0
mech_009_q0_PR_attrition_moderate,0.9,GBseg_rich,1.0,1350.0,unattainable,60,,,
mech_009_q0_PR_attrition_moderate,0.9,GBseg_rich,1.0,1400.0,neutral,27,0.0,0.0,0.0
mech_009_q0_PR_attrition_moderate,0.9,GBseg_rich,1.0,1400.0,unattainable,45,,,
mech_009_q0_PR_attrition_moderate,0.9,GBseg_rich,1.0,1450.0,neutral,39,0.0,0.0,0.0
mech_009_q0_PR_attrition_moderate,0.9,GBseg_rich,1.0,1450.0,unattainable,33,,,
mech_009_q0_PR_attrition_moderate,0.9,GBseg_rich,1.0,1500.0,neutral,51,0.0,0.0,0.0
mech_009_q0_PR_attrition_moderate,0.9,GBseg_rich,1.0,1500.0,unattainable,21,,,
mech_009_q0_PR_attrition_moderate,0.9,GBseg_rich,5.0,1300.0,unattainable,72,,,
mech_009_q0_PR_attrition_moderate,0.9,GBseg_rich,5.0,1350.0,beneficial,5,2.347772921754805,1106948.576494431,-0.0006039801600643
mech_009_q0_PR_attrition_moderate,0.9,GBseg_rich,5.0,1350.0,neutral,7,0.4996209595965906,399559.6649437852,-0.0004069425052012
mech_009_q0_PR_attrition_moderate,0.9,GBseg_rich,5.0,1350.0,unattainable,60,,,
mech_009_q0_PR_attrition_moderate,0.9,GBseg_rich,5.0,1400.0,beneficial,16,2.675962132503592,1313653.2750626688,0.0008887617874226
mech_009_q0_PR_attrition_moderate,0.9,GBseg_rich,5.0,1400.0,neutral,11,0.3313694115792138,401600.3708993107,2.5663604122927453e-06
mech_009_q0_PR_attrition_moderate,0.9,GBseg_rich,5.0,1400.0,unattainable,45,,,
mech_009_q0_PR_attrition_moderate,0.9,GBseg_rich,5.0,1450.0,beneficial,8,1.7819671068432494,1801102.9058354804,0.00511861220551775
mech_009_q0_PR_attrition_moderate,0.9,GBseg_rich,5.0,1450.0,harmful,8,-1.5027755222958348,764829.1382889509,-0.0019643797727555
mech_009_q0_PR_attrition_moderate,0.9,GBseg_rich,5.0,1450.0,neutral,20,-0.5828330615426135,580563.412010293,-0.000287621998319
mech_009_q0_PR_attrition_moderate,0.9,GBseg_rich,5.0,1450.0,unattainable,36,,,
mech_009_q0_PR_attrition_moderate,0.9,GBseg_rich,5.0,1500.0,harmful,42,-3.7425562327911983,755370.648699693,-0.0001779894910387
mech_009_q0_PR_attrition_moderate,0.9,GBseg_rich,5.0,1500.0,neutral,5,0.68319087926754,2027925.3890286095,0.0097701486278994
mech_009_q0_PR_attrition_moderate,0.9,GBseg_rich,5.0,1500.0,unattainable,25,,,
mech_009_q0_PR_attrition_moderate,0.9,GBseg_rich,20.0,1300.0,unattainable,72,,,
mech_009_q0_PR_attrition_moderate,0.9,GBseg_rich,20.0,1350.0,beneficial,6,3.002491062270557,1189789.7192332724,-0.0016862038628621
mech_009_q0_PR_attrition_moderate,0.9,GBseg_rich,20.0,1350.0,neutral,6,0.5246425837794547,431737.9150471681,-0.00037012388545
mech_009_q0_PR_attrition_moderate,0.9,GBseg_rich,20.0,1350.0,unattainable,60,,,
mech_009_q0_PR_attrition_moderate,0.9,GBseg_rich,20.0,1400.0,beneficial,17,4.25969022779538,1674510.3808946072,0.0006183402697018
mech_009_q0_PR_attrition_moderate,0.9,GBseg_rich,20.0,1400.0,neutral,10,0.4407862822216432,433465.571763854,-0.00044432902188104996
mech_009_q0_PR_attrition_moderate,0.9,GBseg_rich,20.0,1400.0,unattainable,45,,,
mech_009_q0_PR_attrition_moderate,0.9,GBseg_rich,20.0,1450.0,beneficial,10,2.875223405819023,2375014.280410473,0.0032477556478235
mech_009_q0_PR_attrition_moderate,0.9,GBseg_rich,20.0,1450.0,harmful,10,-1.8056117113834496,960934.7681695644,-0.003234047093559
mech_009_q0_PR_attrition_moderate,0.9,GBseg_rich,20.0,1450.0,neutral,16,-0.6616195178674781,515645.191981187,-0.00019491261502093223
mech_009_q0_PR_attrition_moderate,0.9,GBseg_rich,20.0,1450.0,unattainable,36,,,
mech_009_q0_PR_attrition_moderate,0.9,GBseg_rich,20.0,1500.0,beneficial,3,2.0729776868225733,3003391.917487016,0.0102295253335341
mech_009_q0_PR_attrition_moderate,0.9,GBseg_rich,20.0,1500.0,harmful,44,-4.735169229359903,952869.6655966671,-0.0006747093640970001
mech_009_q0_PR_attrition_moderate,0.9,GBseg_rich,20.0,1500.0,unattainable,25,,,
mech_009_q0_PR_attrition_moderate,0.9,GBseg_rich,50.0,1300.0,unattainable,72,,,
mech_009_q0_PR_attrition_moderate,0.9,GBseg_rich,50.0,1350.0,beneficial,7,2.923414970183409,986174.2920919944,-0.0011244660224449
mech_009_q0_PR_attrition_moderate,0.9,GBseg_rich,50.0,1350.0,neutral,5,0.5505125405462769,388511.4149126967,-0.0004240419717221
mech_009_q0_PR_attrition_moderate,0.9,GBseg_rich,50.0,1350.0,unattainable,60,,,
mech_009_q0_PR_attrition_moderate,0.9,GBseg_rich,50.0,1400.0,beneficial,16,4.411589330876596,1798247.3390453905,0.00094493244093
mech_009_q0_PR_attrition_moderate,0.9,GBseg_rich,50.0,1400.0,neutral,11,0.5782456672248683,508961.2699130357,-0.0002735722056103
mech_009_q0_PR_attrition_moderate,0.9,GBseg_rich,50.0,1400.0,unattainable,45,,,
mech_009_q0_PR_attrition_moderate,0.9,GBseg_rich,50.0,1450.0,beneficial,8,4.299188034054084,2802079.066374007,0.00400475118666335
mech_009_q0_PR_attrition_moderate,0.9,GBseg_rich,50.0,1450.0,harmful,12,-1.3548383964180617,992151.5546640127,-0.00243172486243745
mech_009_q0_PR_attrition_moderate,0.9,GBseg_rich,50.0,1450.0,neutral,16,-0.23323748315618004,751993.372092416,-0.0005880648679681001
mech_009_q0_PR_attrition_moderate,0.9,GBseg_rich,50.0,1450.0,unattainable,36,,,
mech_009_q0_PR_attrition_moderate,0.9,GBseg_rich,50.0,1500.0,beneficial,3,3.168688104372307,3318983.434811573,0.0102317947398129
mech_009_q0_PR_attrition_moderate,0.9,GBseg_rich,50.0,1500.0,harmful,41,-4.874611567831925,984748.3170218156,-0.0004488843369274
mech_009_q0_PR_attrition_moderate,0.9,GBseg_rich,50.0,1500.0,neutral,2,-0.7311934551179265,3689282.9316329663,0.0040834494565129
mech_009_q0_PR_attrition_moderate,0.9,GBseg_rich,50.0,1500.0,unattainable,26,,,
mech_009_q0_PR_attrition_moderate,0.9,GBseg_rich,100.0,1300.0,unattainable,72,,,
mech_009_q0_PR_attrition_moderate,0.9,GBseg_rich,100.0,1350.0,beneficial,6,3.1496950006693516,1265330.5123533367,-0.0017409977342883
mech_009_q0_PR_attrition_moderate,0.9,GBseg_rich,100.0,1350.0,neutral,6,0.4888638428325269,452511.0659596466,-0.00056488594193175
mech_009_q0_PR_attrition_moderate,0.9,GBseg_rich,100.0,1350.0,unattainable,60,,,
mech_009_q0_PR_attrition_moderate,0.9,GBseg_rich,100.0,1400.0,beneficial,16,4.554196468941741,1829754.3379531344,0.0004593197642841
mech_009_q0_PR_attrition_moderate,0.9,GBseg_rich,100.0,1400.0,neutral,11,0.4673635133742649,515172.2547705616,-8.738109833426877e-05
mech_009_q0_PR_attrition_moderate,0.9,GBseg_rich,100.0,1400.0,unattainable,45,,,
mech_009_q0_PR_attrition_moderate,0.9,GBseg_rich,100.0,1450.0,beneficial,10,4.30994106843791,2602280.811882571,0.0028353092957417
mech_009_q0_PR_attrition_moderate,0.9,GBseg_rich,100.0,1450.0,harmful,10,-1.6937202485244467,1013942.3720386504,-0.0032110289229035
mech_009_q0_PR_attrition_moderate,0.9,GBseg_rich,100.0,1450.0,neutral,16,-0.5154591571749453,762266.7267613956,-0.00052819214857605
mech_009_q0_PR_attrition_moderate,0.9,GBseg_rich,100.0,1450.0,unattainable,36,,,
mech_009_q0_PR_attrition_moderate,0.9,GBseg_rich,100.0,1500.0,beneficial,3,4.101175311660367,3445299.021816306,0.010498659920902
mech_009_q0_PR_attrition_moderate,0.9,GBseg_rich,100.0,1500.0,harmful,38,-4.734954756552098,998556.6764791334,-0.00050968138746935
mech_009_q0_PR_attrition_moderate,0.9,GBseg_rich,100.0,1500.0,neutral,5,-0.9455474915047952,2452848.923384961,0.0034380008244964
mech_009_q0_PR_attrition_moderate,0.9,GBseg_rich,100.0,1500.0,unattainable,26,,,
mech_009_q0_PR_attrition_moderate,0.9,TJ_rich,0.2,1300.0,unattainable,72,,,
mech_009_q0_PR_attrition_moderate,0.9,TJ_rich,0.2,1350.0,unattainable,72,,,
mech_009_q0_PR_attrition_moderate,0.9,TJ_rich,0.2,1400.0,unattainable,72,,,
mech_009_q0_PR_attrition_moderate,0.9,TJ_rich,0.2,1450.0,unattainable,72,,,
mech_009_q0_PR_attrition_moderate,0.9,TJ_rich,0.2,1500.0,unattainable,72,,,
mech_009_q0_PR_attrition_moderate,0.9,TJ_rich,1.0,1300.0,unattainable,72,,,
mech_009_q0_PR_attrition_moderate,0.9,TJ_rich,1.0,1350.0,unattainable,72,,,
mech_009_q0_PR_attrition_moderate,0.9,TJ_rich,1.0,1400.0,neutral,12,0.0,0.0,0.0
mech_009_q0_PR_attrition_moderate,0.9,TJ_rich,1.0,1400.0,unattainable,60,,,
mech_009_q0_PR_attrition_moderate,0.9,TJ_rich,1.0,1450.0,neutral,27,0.0,0.0,0.0
mech_009_q0_PR_attrition_moderate,0.9,TJ_rich,1.0,1450.0,unattainable,45,,,
mech_009_q0_PR_attrition_moderate,0.9,TJ_rich,1.0,1500.0,neutral,36,0.0,0.0,0.0
mech_009_q0_PR_attrition_moderate,0.9,TJ_rich,1.0,1500.0,unattainable,36,,,
mech_009_q0_PR_attrition_moderate,0.9,TJ_rich,5.0,1300.0,unattainable,72,,,
mech_009_q0_PR_attrition_moderate,0.9,TJ_rich,5.0,1350.0,unattainable,72,,,
mech_009_q0_PR_attrition_moderate,0.9,TJ_rich,5.0,1400.0,beneficial,3,1.7981768482750846,446325.6683129726,0.0058358455284477
mech_009_q0_PR_attrition_moderate,0.9,TJ_rich,5.0,1400.0,harmful,1,-1.019324795814163,139711.58043683146,0.0011216343117257
mech_009_q0_PR_attrition_moderate,0.9,TJ_rich,5.0,1400.0,neutral,7,-0.2022664441356642,106534.79862079411,0.0013184547302379
mech_009_q0_PR_attrition_moderate,0.9,TJ_rich,5.0,1400.0,unattainable,61,,,
mech_009_q0_PR_attrition_moderate,0.9,TJ_rich,5.0,1450.0,beneficial,9,3.325399772404019,448024.6225688363,0.0067736198983332
mech_009_q0_PR_attrition_moderate,0.9,TJ_rich,5.0,1450.0,harmful,9,-1.912619792911422,103309.21374284886,0.0006628437648002
mech_009_q0_PR_attrition_moderate,0.9,TJ_rich,5.0,1450.0,neutral,6,-0.053821881504289154,208765.29628599552,0.001556699964458
mech_009_q0_PR_attrition_moderate,0.9,TJ_rich,5.0,1450.0,unattainable,48,,,
mech_009_q0_PR_attrition_moderate,0.9,TJ_rich,5.0,1500.0,beneficial,12,5.126679378104633,649925.3817937716,0.0058969827639056005
mech_009_q0_PR_attrition_moderate,0.9,TJ_rich,5.0,1500.0,harmful,20,-1.9503303542439268,119636.02662395829,0.00116279446585575
mech_009_q0_PR_attrition_moderate,0.9,TJ_rich,5.0,1500.0,neutral,4,0.2364109699695993,266081.3005790935,0.0018938025459943
mech_009_q0_PR_attrition_moderate,0.9,TJ_rich,5.0,1500.0,unattainable,36,,,
mech_009_q0_PR_attrition_moderate,0.9,TJ_rich,20.0,1300.0,unattainable,72,,,
mech_009_q0_PR_attrition_moderate,0.9,TJ_rich,20.0,1350.0,unattainable,72,,,
mech_009_q0_PR_attrition_moderate,0.9,TJ_rich,20.0,1400.0,beneficial,3,2.781462845180261,543047.9434009509,0.0068236782086576
mech_009_q0_PR_attrition_moderate,0.9,TJ_rich,20.0,1400.0,harmful,3,-1.0357885464913748,127027.19470780731,0.0007541119548862
mech_009_q0_PR_attrition_moderate,0.9,TJ_rich,20.0,1400.0,neutral,5,0.1175402292149631,173531.56101646705,0.0019625978327037
mech_009_q0_PR_attrition_moderate,0.9,TJ_rich,20.0,1400.0,unattainable,61,,,
mech_009_q0_PR_attrition_moderate,0.9,TJ_rich,20.0,1450.0,beneficial,10,3.518036252785376,545337.9815118072,0.007098084520897
mech_009_q0_PR_attrition_moderate,0.9,TJ_rich,20.0,1450.0,harmful,10,-2.1596492771672766,125147.31120266058,0.0008817194251316001
mech_009_q0_PR_attrition_moderate,0.9,TJ_rich,20.0,1450.0,neutral,4,0.4885660380604365,252290.86656974087,0.0037348601246858498
mech_009_q0_PR_attrition_moderate,0.9,TJ_rich,20.0,1450.0,unattainable,48,,,
mech_009_q0_PR_attrition_moderate,0.9,TJ_rich,20.0,1500.0,beneficial,12,5.306510856861621,807970.2045916547,0.00735736658786585
mech_009_q0_PR_attrition_moderate,0.9,TJ_rich,20.0,1500.0,harmful,18,-2.9817060881083255,142575.94804023448,0.0016368631726774
mech_009_q0_PR_attrition_moderate,0.9,TJ_rich,20.0,1500.0,neutral,6,0.1953086065463938,320093.12331968354,0.0031533131046258
mech_009_q0_PR_attrition_moderate,0.9,TJ_rich,20.0,1500.0,unattainable,36,,,
mech_009_q0_PR_attrition_moderate,0.9,TJ_rich,50.0,1300.0,unattainable,72,,,
mech_009_q0_PR_attrition_moderate,0.9,TJ_rich,50.0,1350.0,unattainable,72,,,
mech_009_q0_PR_attrition_moderate,0.9,TJ_rich,50.0,1400.0,beneficial,3,2.1037313140030154,562999.810811834,0.007151923234592
mech_009_q0_PR_attrition_moderate,0.9,TJ_rich,50.0,1400.0,harmful,1,-1.0055352678043104,172531.89558123169,0.0018251339751003
mech_009_q0_PR_attrition_moderate,0.9,TJ_rich,50.0,1400.0,neutral,7,-0.4331311293989914,131146.70963618482,0.0016698807559802
mech_009_q0_PR_attrition_moderate,0.9,TJ_rich,50.0,1400.0,unattainable,61,,,
mech_009_q0_PR_attrition_moderate,0.9,TJ_rich,50.0,1450.0,beneficial,10,3.057247316582015,565431.4505269798,0.007828708070726
mech_009_q0_PR_attrition_moderate,0.9,TJ_rich,50.0,1450.0,harmful,9,-2.0355788670282258,127156.38780872517,0.001400443970583
mech_009_q0_PR_attrition_moderate,0.9,TJ_rich,50.0,1450.0,neutral,5,-0.4840344402449414,187443.8265619243,0.0017992623172464
mech_009_q0_PR_attrition_moderate,0.9,TJ_rich,50.0,1450.0,unattainable,48,,,
mech_009_q0_PR_attrition_moderate,0.9,TJ_rich,50.0,1500.0,beneficial,12,5.5264290929140305,841816.071427833,0.0079096610787676
mech_009_q0_PR_attrition_moderate,0.9,TJ_rich,50.0,1500.0,harmful,20,-2.5714335211911212,147254.281522463,0.0016213082470335999
mech_009_q0_PR_attrition_moderate,0.9,TJ_rich,50.0,1500.0,neutral,4,0.2750652833523527,330040.51028876175,0.0025148455683455
mech_009_q0_PR_attrition_moderate,0.9,TJ_rich,50.0,1500.0,unattainable,36,,,
mech_009_q0_PR_attrition_moderate,0.9,TJ_rich,100.0,1300.0,unattainable,72,,,
mech_009_q0_PR_attrition_moderate,0.9,TJ_rich,100.0,1350.0,unattainable,72,,,
mech_009_q0_PR_attrition_moderate,0.9,TJ_rich,100.0,1400.0,beneficial,4,1.9336200796497827,564878.2357161024,0.0060631103248454995
mech_009_q0_PR_attrition_moderate,0.9,TJ_rich,100.0,1400.0,neutral,7,-0.4906175620117723,132521.98945143746,0.0017833141945318
mech_009_q0_PR_attrition_moderate,0.9,TJ_rich,100.0,1400.0,unattainable,61,,,
mech_009_q0_PR_attrition_moderate,0.9,TJ_rich,100.0,1450.0,beneficial,10,3.076991938657182,572178.0387467478,0.008039100067336
mech_009_q0_PR_attrition_moderate,0.9,TJ_rich,100.0,1450.0,harmful,10,-1.8516694948939456,130557.684210291,0.0009381578893894
mech_009_q0_PR_attrition_moderate,0.9,TJ_rich,100.0,1450.0,neutral,4,-0.03814911468240875,263672.1538443304,0.00352095213131335
mech_009_q0_PR_attrition_moderate,0.9,TJ_rich,100.0,1450.0,unattainable,48,,,
mech_009_q0_PR_attrition_moderate,0.9,TJ_rich,100.0,1500.0,beneficial,12,5.756387651052801,853298.8717599101,0.00762172659380415
mech_009_q0_PR_attrition_moderate,0.9,TJ_rich,100.0,1500.0,harmful,20,-2.9553337052872743,148796.4521105786,0.0013605155945491001
mech_009_q0_PR_attrition_moderate,0.9,TJ_rich,100.0,1500.0,neutral,4,0.09730424426018244,333642.63145735057,0.002412543303605
mech_009_q0_PR_attrition_moderate,0.9,TJ_rich,100.0,1500.0,unattainable,36,,,
mech_009_q0_PR_attrition_moderate,0.9,baseline,0.2,1300.0,unattainable,72,,,
mech_009_q0_PR_attrition_moderate,0.9,baseline,0.2,1350.0,unattainable,72,,,
mech_009_q0_PR_attrition_moderate,0.9,baseline,0.2,1400.0,unattainable,72,,,
mech_009_q0_PR_attrition_moderate,0.9,baseline,0.2,1450.0,unattainable,72,,,
mech_009_q0_PR_attrition_moderate,0.9,baseline,0.2,1500.0,unattainable,72,,,
mech_009_q0_PR_attrition_moderate,0.9,baseline,1.0,1300.0,unattainable,72,,,
mech_009_q0_PR_attrition_moderate,0.9,baseline,1.0,1350.0,neutral,3,0.0,0.0,0.0
mech_009_q0_PR_attrition_moderate,0.9,baseline,1.0,1350.0,unattainable,69,,,
mech_009_q0_PR_attrition_moderate,0.9,baseline,1.0,1400.0,neutral,17,0.0,0.0,0.0
mech_009_q0_PR_attrition_moderate,0.9,baseline,1.0,1400.0,unattainable,55,,,
mech_009_q0_PR_attrition_moderate,0.9,baseline,1.0,1450.0,neutral,32,0.0,0.0,0.0
mech_009_q0_PR_attrition_moderate,0.9,baseline,1.0,1450.0,unattainable,40,,,
mech_009_q0_PR_attrition_moderate,0.9,baseline,1.0,1500.0,neutral,40,0.0,0.0,0.0
mech_009_q0_PR_attrition_moderate,0.9,baseline,1.0,1500.0,unattainable,32,,,
mech_009_q0_PR_attrition_moderate,0.9,baseline,5.0,1300.0,unattainable,72,,,
mech_009_q0_PR_attrition_moderate,0.9,baseline,5.0,1350.0,neutral,3,0.0926568930791584,195405.68933942297,0.0008350338977387
mech_009_q0_PR_attrition_moderate,0.9,baseline,5.0,1350.0,unattainable,69,,,
mech_009_q0_PR_attrition_moderate,0.9,baseline,5.0,1400.0,beneficial,4,3.4008691716431265,1301023.1031639648,0.0064502847131609
mech_009_q0_PR_attrition_moderate,0.9,baseline,5.0,1400.0,neutral,13,0.2375000540677702,350183.6533322332,0.0009190609564316
mech_009_q0_PR_attrition_moderate,0.9,baseline,5.0,1400.0,unattainable,55,,,
mech_009_q0_PR_attrition_moderate,0.9,baseline,5.0,1450.0,beneficial,10,3.0780336676154416,1333687.992093694,0.0059570359362578
mech_009_q0_PR_attrition_moderate,0.9,baseline,5.0,1450.0,harmful,13,-1.1829774713984154,209300.07123067108,0.0010351899961442
mech_009_q0_PR_attrition_moderate,0.9,baseline,5.0,1450.0,neutral,7,-0.575529069691546,355862.447363129,0.001257175857232
mech_009_q0_PR_attrition_moderate,0.9,baseline,5.0,1450.0,unattainable,42,,,
mech_009_q0_PR_attrition_moderate,0.9,baseline,5.0,1500.0,beneficial,6,4.424916316518182,1718939.6645957022,0.0083006829710964
mech_009_q0_PR_attrition_moderate,0.9,baseline,5.0,1500.0,harmful,24,-2.0662154641246655,287520.4769152242,0.001067768032403
mech_009_q0_PR_attrition_moderate,0.9,baseline,5.0,1500.0,neutral,6,0.205463862416572,1037989.6360543936,0.0024217227589844
mech_009_q0_PR_attrition_moderate,0.9,baseline,5.0,1500.0,unattainable,36,,,
mech_009_q0_PR_attrition_moderate,0.9,baseline,20.0,1300.0,unattainable,72,,,
mech_009_q0_PR_attrition_moderate,0.9,baseline,20.0,1350.0,neutral,3,0.2161798345069012,234192.06080574665,0.0014281133024627
mech_009_q0_PR_attrition_moderate,0.9,baseline,20.0,1350.0,unattainable,69,,,
mech_009_q0_PR_attrition_moderate,0.9,baseline,20.0,1400.0,beneficial,6,2.414626088774952,1354706.350024513,0.0056421226288907
mech_009_q0_PR_attrition_moderate,0.9,baseline,20.0,1400.0,neutral,11,-0.1673925741269367,267577.94818806177,0.001426893920211
mech_009_q0_PR_attrition_moderate,0.9,baseline,20.0,1400.0,unattainable,55,,,
mech_009_q0_PR_attrition_moderate,0.9,baseline,20.0,1450.0,beneficial,6,5.124337621910088,2211287.0196672995,0.0095455154941603
mech_009_q0_PR_attrition_moderate,0.9,baseline,20.0,1450.0,harmful,12,-1.3755922290545637,242802.98175141495,0.0013016917520838
mech_009_q0_PR_attrition_moderate,0.9,baseline,20.0,1450.0,neutral,12,-0.6548708948778699,846816.2038569418,0.0025047246206796
mech_009_q0_PR_attrition_moderate,0.9,baseline,20.0,1450.0,unattainable,42,,,
mech_009_q0_PR_attrition_moderate,0.9,baseline,20.0,1500.0,beneficial,6,4.4835206785032575,2297995.5464237216,0.0096272601475332
mech_009_q0_PR_attrition_moderate,0.9,baseline,20.0,1500.0,harmful,24,-2.77692168492422,346459.42266398395,0.00100384530320205
mech_009_q0_PR_attrition_moderate,0.9,baseline,20.0,1500.0,neutral,6,-0.5696323052059973,1327690.982590009,0.0022942081661526
mech_009_q0_PR_attrition_moderate,0.9,baseline,20.0,1500.0,unattainable,36,,,
mech_009_q0_PR_attrition_moderate,0.9,baseline,50.0,1300.0,unattainable,72,,,
mech_009_q0_PR_attrition_moderate,0.9,baseline,50.0,1350.0,neutral,3,0.2023645286470194,242034.34571669475,0.001384379952646
mech_009_q0_PR_attrition_moderate,0.9,baseline,50.0,1350.0,unattainable,69,,,
mech_009_q0_PR_attrition_moderate,0.9,baseline,50.0,1400.0,beneficial,6,2.5564850216701593,1414031.4515088648,0.0060853656369844
mech_009_q0_PR_attrition_moderate,0.9,baseline,50.0,1400.0,neutral,11,-0.2307016623885142,276420.8223600536,0.0009569827526276
mech_009_q0_PR_attrition_moderate,0.9,baseline,50.0,1400.0,unattainable,55,,,
mech_009_q0_PR_attrition_moderate,0.9,baseline,50.0,1450.0,beneficial,5,5.10780050101635,2428892.492130854,0.0097748004226663
mech_009_q0_PR_attrition_moderate,0.9,baseline,50.0,1450.0,harmful,11,-1.487562650143066,242945.30003693776,0.0012723021612451
mech_009_q0_PR_attrition_moderate,0.9,baseline,50.0,1450.0,neutral,14,-0.29499960310945994,881539.8525829766,0.0019550197405036997
mech_009_q0_PR_attrition_moderate,0.9,baseline,50.0,1450.0,unattainable,42,,,
mech_009_q0_PR_attrition_moderate,0.9,baseline,50.0,1500.0,beneficial,6,4.598548992203948,2439728.010101076,0.0100670782251505
mech_009_q0_PR_attrition_moderate,0.9,baseline,50.0,1500.0,harmful,26,-2.504003796266465,440186.9674622024,0.0012131754134587
mech_009_q0_PR_attrition_moderate,0.9,baseline,50.0,1500.0,neutral,4,-0.664587184938891,1412918.644394203,0.0048092578242087
mech_009_q0_PR_attrition_moderate,0.9,baseline,50.0,1500.0,unattainable,36,,,
mech_009_q0_PR_attrition_moderate,0.9,baseline,100.0,1300.0,unattainable,72,,,
mech_009_q0_PR_attrition_moderate,0.9,baseline,100.0,1350.0,neutral,3,0.1308808892724996,244660.8827505385,0.001157971797084
mech_009_q0_PR_attrition_moderate,0.9,baseline,100.0,1350.0,unattainable,69,,,
mech_009_q0_PR_attrition_moderate,0.9,baseline,100.0,1400.0,beneficial,6,2.4508737762210884,1434171.8002346922,0.005842719015848151
mech_009_q0_PR_attrition_moderate,0.9,baseline,100.0,1400.0,neutral,11,-0.2447688427911851,279374.1398718252,0.0006881621842334
mech_009_q0_PR_attrition_moderate,0.9,baseline,100.0,1400.0,unattainable,55,,,
mech_009_q0_PR_attrition_moderate,0.9,baseline,100.0,1450.0,beneficial,6,5.337751298539608,2400722.4713586676,0.0099808856317937
mech_009_q0_PR_attrition_moderate,0.9,baseline,100.0,1450.0,harmful,15,-1.677896082247267,261652.94852320023,0.0012266714802337
mech_009_q0_PR_attrition_moderate,0.9,baseline,100.0,1450.0,neutral,9,-0.6677288255377628,893507.4210913987,0.0040561086978826
mech_009_q0_PR_attrition_moderate,0.9,baseline,100.0,1450.0,unattainable,42,,,
mech_009_q0_PR_attrition_moderate,0.9,baseline,100.0,1500.0,beneficial,6,4.558146686032896,2489820.7637229236,0.0101606308325325
mech_009_q0_PR_attrition_moderate,0.9,baseline,100.0,1500.0,harmful,24,-2.8486881554588948,362492.5298721759,0.00100846994427475
mech_009_q0_PR_attrition_moderate,0.9,baseline,100.0,1500.0,neutral,6,-0.5998371244049187,1441566.3432076124,0.0038058762530211
mech_009_q0_PR_attrition_moderate,0.9,baseline,100.0,1500.0,unattainable,36,,,
mech_009_q0_PR_attrition_moderate,0.9,mixed_GBseg_TJ,0.2,1300.0,unattainable,72,,,
mech_009_q0_PR_attrition_moderate,0.9,mixed_GBseg_TJ,0.2,1350.0,unattainable,72,,,
mech_009_q0_PR_attrition_moderate,0.9,mixed_GBseg_TJ,0.2,1400.0,unattainable,72,,,
mech_009_q0_PR_attrition_moderate,0.9,mixed_GBseg_TJ,0.2,1450.0,unattainable,72,,,
mech_009_q0_PR_attrition_moderate,0.9,mixed_GBseg_TJ,0.2,1500.0,unattainable,72,,,
mech_009_q0_PR_attrition_moderate,0.9,mixed_GBseg_TJ,1.0,1300.0,unattainable,72,,,
mech_009_q0_PR_attrition_moderate,0.9,mixed_GBseg_TJ,1.0,1350.0,neutral,3,0.0,0.0,0.0
mech_009_q0_PR_attrition_moderate,0.9,mixed_GBseg_TJ,1.0,1350.0,unattainable,69,,,
mech_009_q0_PR_attrition_moderate,0.9,mixed_GBseg_TJ,1.0,1400.0,neutral,18,0.0,0.0,0.0
mech_009_q0_PR_attrition_moderate,0.9,mixed_GBseg_TJ,1.0,1400.0,unattainable,54,,,
mech_009_q0_PR_attrition_moderate,0.9,mixed_GBseg_TJ,1.0,1450.0,neutral,35,0.0,0.0,0.0
mech_009_q0_PR_attrition_moderate,0.9,mixed_GBseg_TJ,1.0,1450.0,unattainable,37,,,
mech_009_q0_PR_attrition_moderate,0.9,mixed_GBseg_TJ,1.0,1500.0,neutral,41,0.0,0.0,0.0
mech_009_q0_PR_attrition_moderate,0.9,mixed_GBseg_TJ,1.0,1500.0,unattainable,31,,,
mech_009_q0_PR_attrition_moderate,0.9,mixed_GBseg_TJ,5.0,1300.0,unattainable,72,,,
mech_009_q0_PR_attrition_moderate,0.9,mixed_GBseg_TJ,5.0,1350.0,neutral,3,-0.2065596847356878,136012.73908189268,0.001257805293289
mech_009_q0_PR_attrition_moderate,0.9,mixed_GBseg_TJ,5.0,1350.0,unattainable,69,,,
mech_009_q0_PR_attrition_moderate,0.9,mixed_GBseg_TJ,5.0,1400.0,beneficial,5,3.8483020192018302,1201597.8084210306,0.0056937398853131
mech_009_q0_PR_attrition_moderate,0.9,mixed_GBseg_TJ,5.0,1400.0,neutral,13,-0.0236573894942238,217368.08753377807,0.0016132601572241
mech_009_q0_PR_attrition_moderate,0.9,mixed_GBseg_TJ,5.0,1400.0,unattainable,54,,,
mech_009_q0_PR_attrition_moderate,0.9,mixed_GBseg_TJ,5.0,1450.0,beneficial,7,3.5913255219289955,1216552.0774485436,0.0081498515178759
mech_009_q0_PR_attrition_moderate,0.9,mixed_GBseg_TJ,5.0,1450.0,harmful,13,-1.5916249792398025,160240.03484974458,0.0013351612858418
mech_009_q0_PR_attrition_moderate,0.9,mixed_GBseg_TJ,5.0,1450.0,neutral,12,-0.5660590891766645,323152.0708001184,0.0018342002687311
mech_009_q0_PR_attrition_moderate,0.9,mixed_GBseg_TJ,5.0,1450.0,unattainable,40,,,
mech_009_q0_PR_attrition_moderate,0.9,mixed_GBseg_TJ,5.0,1500.0,beneficial,6,3.3338363194509877,1276393.4828549805,0.0076445704329869
mech_009_q0_PR_attrition_moderate,0.9,mixed_GBseg_TJ,5.0,1500.0,harmful,26,-2.862365245900958,217783.63191801243,0.0015912482898122
mech_009_q0_PR_attrition_moderate,0.9,mixed_GBseg_TJ,5.0,1500.0,neutral,4,0.07494734003731535,694879.5087433336,0.00331239238940125
mech_009_q0_PR_attrition_moderate,0.9,mixed_GBseg_TJ,5.0,1500.0,unattainable,36,,,
mech_009_q0_PR_attrition_moderate,0.9,mixed_GBseg_TJ,20.0,1300.0,unattainable,72,,,
mech_009_q0_PR_attrition_moderate,0.9,mixed_GBseg_TJ,20.0,1350.0,neutral,3,-0.0836903948772009,162432.8115668896,0.0014974937972639
mech_009_q0_PR_attrition_moderate,0.9,mixed_GBseg_TJ,20.0,1350.0,unattainable,69,,,
mech_009_q0_PR_attrition_moderate,0.9,mixed_GBseg_TJ,20.0,1400.0,beneficial,6,2.901857438165793,1197151.7095992498,0.00692036666280295
mech_009_q0_PR_attrition_moderate,0.9,mixed_GBseg_TJ,20.0,1400.0,harmful,1,-1.0650370423180573,275822.6134790695,0.0001692973491677
mech_009_q0_PR_attrition_moderate,0.9,mixed_GBseg_TJ,20.0,1400.0,neutral,11,-0.1758179939546267,198801.01438153657,0.0020926551523913
mech_009_q0_PR_attrition_moderate,0.9,mixed_GBseg_TJ,20.0,1400.0,unattainable,54,,,
mech_009_q0_PR_attrition_moderate,0.9,mixed_GBseg_TJ,20.0,1450.0,beneficial,5,4.602763797073205,1619897.826587466,0.009872028760828
mech_009_q0_PR_attrition_moderate,0.9,mixed_GBseg_TJ,20.0,1450.0,harmful,15,-1.7382567636733892,180148.7288989508,0.0018929844522411
mech_009_q0_PR_attrition_moderate,0.9,mixed_GBseg_TJ,20.0,1450.0,neutral,11,-0.3716904895476074,516987.2002385703,0.0049119104792943
mech_009_q0_PR_attrition_moderate,0.9,mixed_GBseg_TJ,20.0,1450.0,unattainable,41,,,
mech_009_q0_PR_attrition_moderate,0.9,mixed_GBseg_TJ,20.0,1500.0,beneficial,6,3.937880505600438,1623212.5521970529,0.0098584144866849
mech_009_q0_PR_attrition_moderate,0.9,mixed_GBseg_TJ,20.0,1500.0,harmful,26,-3.251005335692347,261223.4171039646,0.001752527047493
mech_009_q0_PR_attrition_moderate,0.9,mixed_GBseg_TJ,20.0,1500.0,neutral,4,-0.28340710779836353,849221.1988192361,0.0039688193169974
mech_009_q0_PR_attrition_moderate,0.9,mixed_GBseg_TJ,20.0,1500.0,unattainable,36,,,
mech_009_q0_PR_attrition_moderate,0.9,mixed_GBseg_TJ,50.0,1300.0,unattainable,72,,,
mech_009_q0_PR_attrition_moderate,0.9,mixed_GBseg_TJ,50.0,1350.0,neutral,3,-0.1919743780120625,167747.45318667294,0.0012930000714528
mech_009_q0_PR_attrition_moderate,0.9,mixed_GBseg_TJ,50.0,1350.0,unattainable,69,,,
mech_009_q0_PR_attrition_moderate,0.9,mixed_GBseg_TJ,50.0,1400.0,beneficial,5,4.428625618731332,1619017.5440800372,0.007951228578455
mech_009_q0_PR_attrition_moderate,0.9,mixed_GBseg_TJ,50.0,1400.0,neutral,13,-0.2923046653471961,269464.9207968393,0.0020465216903357
mech_009_q0_PR_attrition_moderate,0.9,mixed_GBseg_TJ,50.0,1400.0,unattainable,54,,,
mech_009_q0_PR_attrition_moderate,0.9,mixed_GBseg_TJ,50.0,1450.0,beneficial,5,4.396189900108159,1696074.4886475306,0.0100036503146292
mech_009_q0_PR_attrition_moderate,0.9,mixed_GBseg_TJ,50.0,1450.0,harmful,15,-1.7892720188926106,186030.04524055216,0.0018022868168757
mech_009_q0_PR_attrition_moderate,0.9,mixed_GBseg_TJ,50.0,1450.0,neutral,11,-0.5349737444158598,535673.5132201044,0.0052392471711027
mech_009_q0_PR_attrition_moderate,0.9,mixed_GBseg_TJ,50.0,1450.0,unattainable,41,,,
mech_009_q0_PR_attrition_moderate,0.9,mixed_GBseg_TJ,50.0,1500.0,beneficial,6,3.282385182399094,1700087.6974994438,0.0097136260566793
mech_009_q0_PR_attrition_moderate,0.9,mixed_GBseg_TJ,50.0,1500.0,harmful,26,-3.532356040359653,270019.3715478754,0.0017724010545791
mech_009_q0_PR_attrition_moderate,0.9,mixed_GBseg_TJ,50.0,1500.0,neutral,4,-0.18922965527001323,702039.4263621896,0.0031267028435881
mech_009_q0_PR_attrition_moderate,0.9,mixed_GBseg_TJ,50.0,1500.0,unattainable,36,,,
mech_009_q0_PR_attrition_moderate,0.9,mixed_GBseg_TJ,100.0,1300.0,unattainable,72,,,
mech_009_q0_PR_attrition_moderate,0.9,mixed_GBseg_TJ,100.0,1350.0,neutral,3,-0.1123535805669172,169526.37396306093,0.00157389129043
mech_009_q0_PR_attrition_moderate,0.9,mixed_GBseg_TJ,100.0,1350.0,unattainable,69,,,
mech_009_q0_PR_attrition_moderate,0.9,mixed_GBseg_TJ,100.0,1400.0,beneficial,5,4.105100373922229,1645168.140334962,0.0073859389764522
mech_009_q0_PR_attrition_moderate,0.9,mixed_GBseg_TJ,100.0,1400.0,harmful,1,-1.0522768503170976,287995.3720966018,0.0002569225741667
mech_009_q0_PR_attrition_moderate,0.9,mixed_GBseg_TJ,100.0,1400.0,neutral,12,-0.4334309849232821,239914.6933928266,0.0016148999074587999
mech_009_q0_PR_attrition_moderate,0.9,mixed_GBseg_TJ,100.0,1400.0,unattainable,54,,,
mech_009_q0_PR_attrition_moderate,0.9,mixed_GBseg_TJ,100.0,1450.0,beneficial,5,4.294524400353994,1722096.7255962004,0.0098625725373125
mech_009_q0_PR_attrition_moderate,0.9,mixed_GBseg_TJ,100.0,1450.0,harmful,20,-1.5285815882809728,203503.8118071269,0.00214437190171205
mech_009_q0_PR_attrition_moderate,0.9,mixed_GBseg_TJ,100.0,1450.0,neutral,6,0.0798506235432072,895818.2240277277,0.0047093389135513
mech_009_q0_PR_attrition_moderate,0.9,mixed_GBseg_TJ,100.0,1450.0,unattainable,41,,,
mech_009_q0_PR_attrition_moderate,0.9,mixed_GBseg_TJ,100.0,1500.0,beneficial,6,3.4188197291299955,1726407.7867505976,0.0100049085781405
mech_009_q0_PR_attrition_moderate,0.9,mixed_GBseg_TJ,100.0,1500.0,harmful,24,-3.6362401042099544,240313.10531328403,0.0021203977335855
mech_009_q0_PR_attrition_moderate,0.9,mixed_GBseg_TJ,100.0,1500.0,neutral,6,-0.3850021793724638,887234.0597625467,0.0033203196836103
mech_009_q0_PR_attrition_moderate,0.9,mixed_GBseg_TJ,100.0,1500.0,unattainable,36,,,
mech_009_q0_PR_attrition_moderate,0.92,GBseg_rich,0.2,1300.0,unattainable,72,,,
mech_009_q0_PR_attrition_moderate,0.92,GBseg_rich,0.2,1350.0,unattainable,72,,,
mech_009_q0_PR_attrition_moderate,0.92,GBseg_rich,0.2,1400.0,unattainable,72,,,
mech_009_q0_PR_attrition_moderate,0.92,GBseg_rich,0.2,1450.0,unattainable,72,,,
mech_009_q0_PR_attrition_moderate,0.92,GBseg_rich,0.2,1500.0,unattainable,72,,,
mech_009_q0_PR_attrition_moderate,0.92,GBseg_rich,1.0,1300.0,unattainable,72,,,
mech_009_q0_PR_attrition_moderate,0.92,GBseg_rich,1.0,1350.0,neutral,3,0.0,0.0,0.0
mech_009_q0_PR_attrition_moderate,0.92,GBseg_rich,1.0,1350.0,unattainable,69,,,
mech_009_q0_PR_attrition_moderate,0.92,GBseg_rich,1.0,1400.0,neutral,21,0.0,0.0,0.0
mech_009_q0_PR_attrition_moderate,0.92,GBseg_rich,1.0,1400.0,unattainable,51,,,
mech_009_q0_PR_attrition_moderate,0.92,GBseg_rich,1.0,1450.0,neutral,35,0.0,0.0,0.0
mech_009_q0_PR_attrition_moderate,0.92,GBseg_rich,1.0,1450.0,unattainable,37,,,
mech_009_q0_PR_attrition_moderate,0.92,GBseg_rich,1.0,1500.0,neutral,41,0.0,0.0,0.0
mech_009_q0_PR_attrition_moderate,0.92,GBseg_rich,1.0,1500.0,unattainable,31,,,
mech_009_q0_PR_attrition_moderate,0.92,GBseg_rich,5.0,1300.0,unattainable,72,,,
mech_009_q0_PR_attrition_moderate,0.92,GBseg_rich,5.0,1350.0,beneficial,2,1.35985777248412,555173.1699031724,-0.00088537279221225
mech_009_q0_PR_attrition_moderate,0.92,GBseg_rich,5.0,1350.0,neutral,1,0.4475464466818132,273023.4817491229,-0.0002994521639951
mech_009_q0_PR_attrition_moderate,0.92,GBseg_rich,5.0,1350.0,unattainable,69,,,
mech_009_q0_PR_attrition_moderate,0.92,GBseg_rich,5.0,1400.0,beneficial,9,2.7151480746803456,1543607.895948768,0.0015858822517937
mech_009_q0_PR_attrition_moderate,0.92,GBseg_rich,5.0,1400.0,neutral,12,0.3899877119221779,409204.83867440495,-0.0009602839549338
mech_009_q0_PR_attrition_moderate,0.92,GBseg_rich,5.0,1400.0,unattainable,51,,,
mech_009_q0_PR_attrition_moderate,0.92,GBseg_rich,5.0,1450.0,beneficial,7,3.1564808738585888,2020267.7995525063,0.0078821050492203
mech_009_q0_PR_attrition_moderate,0.92,GBseg_rich,5.0,1450.0,harmful,4,-1.1021828040229555,878323.4778814763,-0.0011732480548997
mech_009_q0_PR_attrition_moderate,0.92,GBseg_rich,5.0,1450.0,neutral,24,-0.2575442403240109,741778.0241935839,-0.00078104009282875
mech_009_q0_PR_attrition_moderate,0.92,GBseg_rich,5.0,1450.0,unattainable,37,,,
mech_009_q0_PR_attrition_moderate,0.92,GBseg_rich,5.0,1500.0,beneficial,6,2.640124379244721,2301461.9105215063,0.007723237544974
mech_009_q0_PR_attrition_moderate,0.92,GBseg_rich,5.0,1500.0,harmful,30,-2.5316929240634485,755370.1076950987,-0.0009828624210266
mech_009_q0_PR_attrition_moderate,0.92,GBseg_rich,5.0,1500.0,unattainable,36,,,
mech_009_q0_PR_attrition_moderate,0.92,GBseg_rich,20.0,1300.0,unattainable,72,,,
mech_009_q0_PR_attrition_moderate,0.92,GBseg_rich,20.0,1350.0,beneficial,2,1.7465570088315976,690490.9880470303,-0.0012694063153018999
mech_009_q0_PR_attrition_moderate,0.92,GBseg_rich,20.0,1350.0,neutral,1,0.4157639266665333,329458.39175916533,-0.0008414098953028
mech_009_q0_PR_attrition_moderate,0.92,GBseg_rich,20.0,1350.0,unattainable,69,,,
mech_009_q0_PR_attrition_moderate,0.92,GBseg_rich,20.0,1400.0,beneficial,12,3.5132706076113243,1889982.035137251,-0.0004450203608389
mech_009_q0_PR_attrition_moderate,0.92,GBseg_rich,20.0,1400.0,neutral,9,0.5354920919956007,506645.3569307036,-0.0014979505548713
mech_009_q0_PR_attrition_moderate,0.92,GBseg_rich,20.0,1400.0,unattainable,51,,,
mech_009_q0_PR_attrition_moderate,0.92,GBseg_rich,20.0,1450.0,beneficial,7,3.836854857246527,2956770.488240532,0.0071448290313422
mech_009_q0_PR_attrition_moderate,0.92,GBseg_rich,20.0,1450.0,harmful,6,-1.0602199932721643,960934.5134159906,-0.0021380925378779
mech_009_q0_PR_attrition_moderate,0.92,GBseg_rich,20.0,1450.0,neutral,22,-0.3965630813687566,523908.598163567,-0.0011141734218707
mech_009_q0_PR_attrition_moderate,0.92,GBseg_rich,20.0,1450.0,unattainable,37,,,
mech_009_q0_PR_attrition_moderate,0.92,GBseg_rich,20.0,1500.0,beneficial,6,2.0798825332779107,3359317.7032153774,0.0067673047421897
mech_009_q0_PR_attrition_moderate,0.92,GBseg_rich,20.0,1500.0,harmful,30,-2.9466112454043127,944070.3075160356,-0.0014277280609747
mech_009_q0_PR_attrition_moderate,0.92,GBseg_rich,20.0,1500.0,unattainable,36,,,
mech_009_q0_PR_attrition_moderate,0.92,GBseg_rich,50.0,1300.0,unattainable,72,,,
mech_009_q0_PR_attrition_moderate,0.92,GBseg_rich,50.0,1350.0,beneficial,2,1.7501928061900607,719441.8532088664,-0.0015284366189696498
mech_009_q0_PR_attrition_moderate,0.92,GBseg_rich,50.0,1350.0,neutral,1,0.5748250362595292,340990.7986434026,-0.0003689581063753
mech_009_q0_PR_attrition_moderate,0.92,GBseg_rich,50.0,1350.0,unattainable,69,,,
mech_009_q0_PR_attrition_moderate,0.92,GBseg_rich,50.0,1400.0,beneficial,10,4.106618116370484,2349913.297410213,-0.0008197897854659886
mech_009_q0_PR_attrition_moderate,0.92,GBseg_rich,50.0,1400.0,neutral,11,0.5164386212562699,508926.8428724961,-0.0010842708874368
mech_009_q0_PR_attrition_moderate,0.92,GBseg_rich,50.0,1400.0,unattainable,51,,,
mech_009_q0_PR_attrition_moderate,0.92,GBseg_rich,50.0,1450.0,beneficial,9,2.905530331279808,3235749.615201587,0.0042922480480032
mech_009_q0_PR_attrition_moderate,0.92,GBseg_rich,50.0,1450.0,harmful,6,-1.3494053117205675,1000542.9365962108,-0.0023945259508927
mech_009_q0_PR_attrition_moderate,0.92,GBseg_rich,50.0,1450.0,neutral,20,-0.29828482559472863,751984.4601336725,-0.0010827111316126501
mech_009_q0_PR_attrition_moderate,0.92,GBseg_rich,50.0,1450.0,unattainable,37,,,
mech_009_q0_PR_attrition_moderate,0.92,GBseg_rich,50.0,1500.0,beneficial,6,1.5417280692149518,3689279.2075015143,0.0055246498974789
mech_009_q0_PR_attrition_moderate,0.92,GBseg_rich,50.0,1500.0,harmful,30,-2.9852577932493185,984747.6085165318,-0.0015685051695323
mech_009_q0_PR_attrition_moderate,0.92,GBseg_rich,50.0,1500.0,unattainable,36,,,
mech_009_q0_PR_attrition_moderate,0.92,GBseg_rich,100.0,1300.0,unattainable,72,,,
mech_009_q0_PR_attrition_moderate,0.92,GBseg_rich,100.0,1350.0,beneficial,2,1.9954575482363612,729294.6198684217,-0.00113160880969945
mech_009_q0_PR_attrition_moderate,0.92,GBseg_rich,100.0,1350.0,neutral,1,0.4684293069574958,344843.1498490507,-0.0007764459090233
mech_009_q0_PR_attrition_moderate,0.92,GBseg_rich,100.0,1350.0,unattainable,69,,,
mech_009_q0_PR_attrition_moderate,0.92,GBseg_rich,100.0,1400.0,beneficial,13,3.0357266117118247,1798076.990887157,-0.0004542604901686
mech_009_q0_PR_attrition_moderate,0.92,GBseg_rich,100.0,1400.0,neutral,8,0.6106542528145127,462456.0575154689,-0.0012392637116678
mech_009_q0_PR_attrition_moderate,0.92,GBseg_rich,100.0,1400.0,unattainable,51,,,
mech_009_q0_PR_attrition_moderate,0.92,GBseg_rich,100.0,1450.0,beneficial,9,3.353040479122253,3341035.0600147126,0.0037992964656311
mech_009_q0_PR_attrition_moderate,0.92,GBseg_rich,100.0,1450.0,harmful,4,-1.436594527204981,1198159.0212565032,-0.00203651790727785
mech_009_q0_PR_attrition_moderate,0.92,GBseg_rich,100.0,1450.0,neutral,22,-0.4620077907880359,975536.9201388778,-0.0013145716917819
mech_009_q0_PR_attrition_moderate,0.92,GBseg_rich,100.0,1450.0,unattainable,37,,,
mech_009_q0_PR_attrition_moderate,0.92,GBseg_rich,100.0,1500.0,beneficial,4,2.7839800771695664,3632154.747637966,0.0071724361265776
mech_009_q0_PR_attrition_moderate,0.92,GBseg_rich,100.0,1500.0,harmful,28,-2.955444106669892,987700.9608258706,-0.0015770984996946501
mech_009_q0_PR_attrition_moderate,0.92,GBseg_rich,100.0,1500.0,neutral,4,0.021224217753555208,3291596.9009207124,0.00233193875242085
mech_009_q0_PR_attrition_moderate,0.92,GBseg_rich,100.0,1500.0,unattainable,36,,,
mech_009_q0_PR_attrition_moderate,0.92,TJ_rich,0.2,1300.0,unattainable,72,,,
mech_009_q0_PR_attrition_moderate,0.92,TJ_rich,0.2,1350.0,unattainable,72,,,
mech_009_q0_PR_attrition_moderate,0.92,TJ_rich,0.2,1400.0,unattainable,72,,,
mech_009_q0_PR_attrition_moderate,0.92,TJ_rich,0.2,1450.0,unattainable,72,,,
mech_009_q0_PR_attrition_moderate,0.92,TJ_rich,0.2,1500.0,unattainable,72,,,
mech_009_q0_PR_attrition_moderate,0.92,TJ_rich,1.0,1300.0,unattainable,72,,,
mech_009_q0_PR_attrition_moderate,0.92,TJ_rich,1.0,1350.0,unattainable,72,,,
mech_009_q0_PR_attrition_moderate,0.92,TJ_rich,1.0,1400.0,neutral,4,0.0,0.0,0.0
mech_009_q0_PR_attrition_moderate,0.92,TJ_rich,1.0,1400.0,unattainable,68,,,
mech_009_q0_PR_attrition_moderate,0.92,TJ_rich,1.0,1450.0,neutral,17,0.0,0.0,0.0
mech_009_q0_PR_attrition_moderate,0.92,TJ_rich,1.0,1450.0,unattainable,55,,,
mech_009_q0_PR_attrition_moderate,0.92,TJ_rich,1.0,1500.0,neutral,30,0.0,0.0,0.0
mech_009_q0_PR_attrition_moderate,0.92,TJ_rich,1.0,1500.0,unattainable,42,,,
mech_009_q0_PR_attrition_moderate,0.92,TJ_rich,5.0,1300.0,unattainable,72,,,
mech_009_q0_PR_attrition_moderate,0.92,TJ_rich,5.0,1350.0,unattainable,72,,,
mech_009_q0_PR_attrition_moderate,0.92,TJ_rich,5.0,1400.0,neutral,4,-0.036656207553144846,117064.40203642799,0.0012574587483043
mech_009_q0_PR_attrition_moderate,0.92,TJ_rich,5.0,1400.0,unattainable,68,,,
mech_009_q0_PR_attrition_moderate,0.92,TJ_rich,5.0,1450.0,beneficial,8,4.2890850249285615,439938.0419424459,0.0030977064861519
mech_009_q0_PR_attrition_moderate,0.92,TJ_rich,5.0,1450.0,neutral,9,0.0255374080084792,119552.089566264,0.0010268816811762
mech_009_q0_PR_attrition_moderate,0.92,TJ_rich,5.0,1450.0,unattainable,55,,,
mech_009_q0_PR_attrition_moderate,0.92,TJ_rich,5.0,1500.0,beneficial,15,5.674218027431679,443201.914782966,0.0032405055565498
mech_009_q0_PR_attrition_moderate,0.92,TJ_rich,5.0,1500.0,harmful,11,-1.5309695406489134,103343.56281276952,0.0007005709785786
mech_009_q0_PR_attrition_moderate,0.92,TJ_rich,5.0,1500.0,neutral,4,0.136592449898797,145521.34080244094,0.0008278230564855
mech_009_q0_PR_attrition_moderate,0.92,TJ_rich,5.0,1500.0,unattainable,42,,,
mech_009_q0_PR_attrition_moderate,0.92,TJ_rich,20.0,1300.0,unattainable,72,,,
mech_009_q0_PR_attrition_moderate,0.92,TJ_rich,20.0,1350.0,unattainable,72,,,
mech_009_q0_PR_attrition_moderate,0.92,TJ_rich,20.0,1400.0,beneficial,1,1.7861336204230729,322281.487099744,0.0034149047986356
mech_009_q0_PR_attrition_moderate,0.92,TJ_rich,20.0,1400.0,neutral,3,0.0053811047885504,112611.34374650275,0.001604597690684
mech_009_q0_PR_attrition_moderate,0.92,TJ_rich,20.0,1400.0,unattainable,68,,,
mech_009_q0_PR_attrition_moderate,0.92,TJ_rich,20.0,1450.0,beneficial,8,5.394305414653519,531953.6776174544,0.00349878687892265
mech_009_q0_PR_attrition_moderate,0.92,TJ_rich,20.0,1450.0,harmful,1,-1.433527472949397,104333.02688748628,0.0009386129494782
mech_009_q0_PR_attrition_moderate,0.92,TJ_rich,20.0,1450.0,neutral,8,0.14882604085768764,142580.71940818295,0.00112230000079385
mech_009_q0_PR_attrition_moderate,0.92,TJ_rich,20.0,1450.0,unattainable,55,,,
mech_009_q0_PR_attrition_moderate,0.92,TJ_rich,20.0,1500.0,beneficial,15,6.443721097499989,536892.203241467,0.003847477571225
mech_009_q0_PR_attrition_moderate,0.92,TJ_rich,20.0,1500.0,harmful,9,-1.9620852357508716,123210.81578721714,0.0007851862997223
mech_009_q0_PR_attrition_moderate,0.92,TJ_rich,20.0,1500.0,neutral,6,-0.7106343404510653,170577.60277513473,0.0008477602880194
mech_009_q0_PR_attrition_moderate,0.92,TJ_rich,20.0,1500.0,unattainable,42,,,
mech_009_q0_PR_attrition_moderate,0.92,TJ_rich,50.0,1300.0,unattainable,72,,,
mech_009_q0_PR_attrition_moderate,0.92,TJ_rich,50.0,1350.0,unattainable,72,,,
mech_009_q0_PR_attrition_moderate,0.92,TJ_rich,50.0,1400.0,beneficial,1,1.8100728122051617,333377.4903980063,0.0035067314872274
mech_009_q0_PR_attrition_moderate,0.92,TJ_rich,50.0,1400.0,neutral,3,-0.1638777163184329,116267.76321332024,0.0014444679476375
mech_009_q0_PR_attrition_moderate,0.92,TJ_rich,50.0,1400.0,unattainable,68,,,
mech_009_q0_PR_attrition_moderate,0.92,TJ_rich,50.0,1450.0,beneficial,9,4.772844208650889,546032.3098448673,0.003366328433874
mech_009_q0_PR_attrition_moderate,0.92,TJ_rich,50.0,1450.0,harmful,2,-1.2802612203346961,112042.24424583817,0.0011447543432626
mech_009_q0_PR_attrition_moderate,0.92,TJ_rich,50.0,1450.0,neutral,6,0.04237746618927695,147199.52849016135,0.0008887673940416
mech_009_q0_PR_attrition_moderate,0.92,TJ_rich,50.0,1450.0,unattainable,55,,,
mech_009_q0_PR_attrition_moderate,0.92,TJ_rich,50.0,1500.0,beneficial,15,6.748656462627494,556118.4171374517,0.0040340980859642
mech_009_q0_PR_attrition_moderate,0.92,TJ_rich,50.0,1500.0,harmful,11,-1.6217603965828151,127203.57402081494,0.0010972065980929
mech_009_q0_PR_attrition_moderate,0.92,TJ_rich,50.0,1500.0,neutral,4,0.2026749950464577,179515.34295827022,0.00095765076247765
mech_009_q0_PR_attrition_moderate,0.92,TJ_rich,50.0,1500.0,unattainable,42,,,
mech_009_q0_PR_attrition_moderate,0.92,TJ_rich,100.0,1300.0,unattainable,72,,,
mech_009_q0_PR_attrition_moderate,0.92,TJ_rich,100.0,1350.0,unattainable,72,,,
mech_009_q0_PR_attrition_moderate,0.92,TJ_rich,100.0,1400.0,beneficial,1,1.192175306285124,337087.466710104,0.0029256825489979
mech_009_q0_PR_attrition_moderate,0.92,TJ_rich,100.0,1400.0,neutral,3,-0.412685506698209,117489.10653212247,0.001156139198278
mech_009_q0_PR_attrition_moderate,0.92,TJ_rich,100.0,1400.0,unattainable,68,,,
mech_009_q0_PR_attrition_moderate,0.92,TJ_rich,100.0,1450.0,beneficial,9,4.758319490906218,552220.5969184907,0.0037660417134581
mech_009_q0_PR_attrition_moderate,0.92,TJ_rich,100.0,1450.0,harmful,1,-1.4357278887129004,108843.04503749116,0.001056491030609
mech_009_q0_PR_attrition_moderate,0.92,TJ_rich,100.0,1450.0,neutral,7,-0.1398344697656482,148684.13146786808,0.0009768830785637
mech_009_q0_PR_attrition_moderate,0.92,TJ_rich,100.0,1450.0,unattainable,55,,,
mech_009_q0_PR_attrition_moderate,0.92,TJ_rich,100.0,1500.0,beneficial,16,5.568664903380254,562565.4420295908,0.0037399192731793
mech_009_q0_PR_attrition_moderate,0.92,TJ_rich,100.0,1500.0,harmful,9,-1.8848970653180976,128535.92489009074,0.000880971835345
mech_009_q0_PR_attrition_moderate,0.92,TJ_rich,100.0,1500.0,neutral,5,-0.831180832129416,174703.3751524619,0.0010789049682321
mech_009_q0_PR_attrition_moderate,0.92,TJ_rich,100.0,1500.0,unattainable,42,,,
mech_009_q0_PR_attrition_moderate,0.92,baseline,0.2,1300.0,unattainable,72,,,
mech_009_q0_PR_attrition_moderate,0.92,baseline,0.2,1350.0,unattainable,72,,,
mech_009_q0_PR_attrition_moderate,0.92,baseline,0.2,1400.0,unattainable,72,,,
mech_009_q0_PR_attrition_moderate,0.92,baseline,0.2,1450.0,unattainable,72,,,
mech_009_q0_PR_attrition_moderate,0.92,baseline,0.2,1500.0,unattainable,72,,,
mech_009_q0_PR_attrition_moderate,0.92,baseline,1.0,1300.0,unattainable,72,,,
mech_009_q0_PR_attrition_moderate,0.92,baseline,1.0,1350.0,unattainable,72,,,
mech_009_q0_PR_attrition_moderate,0.92,baseline,1.0,1400.0,neutral,9,0.0,0.0,0.0
mech_009_q0_PR_attrition_moderate,0.92,baseline,1.0,1400.0,unattainable,63,,,
mech_009_q0_PR_attrition_moderate,0.92,baseline,1.0,1450.0,neutral,22,0.0,0.0,0.0
mech_009_q0_PR_attrition_moderate,0.92,baseline,1.0,1450.0,unattainable,50,,,
mech_009_q0_PR_attrition_moderate,0.92,baseline,1.0,1500.0,neutral,35,0.0,0.0,0.0
mech_009_q0_PR_attrition_moderate,0.92,baseline,1.0,1500.0,unattainable,37,,,
mech_009_q0_PR_attrition_moderate,0.92,baseline,5.0,1300.0,unattainable,72,,,
mech_009_q0_PR_attrition_moderate,0.92,baseline,5.0,1350.0,unattainable,72,,,
mech_009_q0_PR_attrition_moderate,0.92,baseline,5.0,1400.0,beneficial,2,5.280925245455995,1280898.63359217,0.007540010378271849
mech_009_q0_PR_attrition_moderate,0.92,baseline,5.0,1400.0,neutral,7,0.1501555912229404,209118.79035978852,0.0006213222830933
mech_009_q0_PR_attrition_moderate,0.92,baseline,5.0,1400.0,unattainable,63,,,
mech_009_q0_PR_attrition_moderate,0.92,baseline,5.0,1450.0,beneficial,10,2.659189429806641,1055812.4390153717,0.00310368326163395
mech_009_q0_PR_attrition_moderate,0.92,baseline,5.0,1450.0,harmful,2,-1.153604019848039,196113.8182387887,0.000283770379541
mech_009_q0_PR_attrition_moderate,0.92,baseline,5.0,1450.0,neutral,10,-0.479241455460129,216606.97306527186,0.00047443988741335
mech_009_q0_PR_attrition_moderate,0.92,baseline,5.0,1450.0,unattainable,50,,,
mech_009_q0_PR_attrition_moderate,0.92,baseline,5.0,1500.0,beneficial,15,2.93524244427029,1075873.558621758,0.0030079422512078
mech_009_q0_PR_attrition_moderate,0.92,baseline,5.0,1500.0,harmful,10,-1.617302404767586,193207.51722676703,0.0002165768121652
mech_009_q0_PR_attrition_moderate,0.92,baseline,5.0,1500.0,neutral,10,-0.0903967288039626,356042.51443236915,0.0010197259347388
mech_009_q0_PR_attrition_moderate,0.92,baseline,5.0,1500.0,unattainable,37,,,
mech_009_q0_PR_attrition_moderate,0.92,baseline,20.0,1300.0,unattainable,72,,,
mech_009_q0_PR_attrition_moderate,0.92,baseline,20.0,1350.0,unattainable,72,,,
mech_009_q0_PR_attrition_moderate,0.92,baseline,20.0,1400.0,beneficial,3,3.71006247251497,1310116.149252312,0.0055141387560332
mech_009_q0_PR_attrition_moderate,0.92,baseline,20.0,1400.0,neutral,5,-0.1150373736399193,234810.78514345537,0.000679756741011
mech_009_q0_PR_attrition_moderate,0.92,baseline,20.0,1400.0,unattainable,64,,,
mech_009_q0_PR_attrition_moderate,0.92,baseline,20.0,1450.0,beneficial,10,3.09007975212609,1340820.087933479,0.0035064591843741496
mech_009_q0_PR_attrition_moderate,0.92,baseline,20.0,1450.0,harmful,4,-1.275220202525943,303452.0295721161,0.0004372436128654421
mech_009_q0_PR_attrition_moderate,0.92,baseline,20.0,1450.0,neutral,8,-0.2752688310844014,242802.90551758217,0.0006295391083544
mech_009_q0_PR_attrition_moderate,0.92,baseline,20.0,1450.0,unattainable,50,,,
mech_009_q0_PR_attrition_moderate,0.92,baseline,20.0,1500.0,beneficial,15,3.67741288143008,1358614.2676466694,0.0038151369755099
mech_009_q0_PR_attrition_moderate,0.92,baseline,20.0,1500.0,harmful,8,-1.8390529891198364,232936.70528071478,0.0009064200948395501
mech_009_q0_PR_attrition_moderate,0.92,baseline,20.0,1500.0,neutral,12,-0.749872325955071,348735.89805542753,0.0009131593026266999
mech_009_q0_PR_attrition_moderate,0.92,baseline,20.0,1500.0,unattainable,37,,,
mech_009_q0_PR_attrition_moderate,0.92,baseline,50.0,1300.0,unattainable,72,,,
mech_009_q0_PR_attrition_moderate,0.92,baseline,50.0,1350.0,unattainable,72,,,
mech_009_q0_PR_attrition_moderate,0.92,baseline,50.0,1400.0,beneficial,3,4.0214158418061885,1372638.864561441,0.005859487342247
mech_009_q0_PR_attrition_moderate,0.92,baseline,50.0,1400.0,neutral,5,-0.0943623411689722,242678.87620387925,0.0003573741285124
mech_009_q0_PR_attrition_moderate,0.92,baseline,50.0,1400.0,unattainable,64,,,
mech_009_q0_PR_attrition_moderate,0.92,baseline,50.0,1450.0,beneficial,8,3.461349778022735,1424623.5995208565,0.00458717356282415
mech_009_q0_PR_attrition_moderate,0.92,baseline,50.0,1450.0,harmful,2,-1.0840423366132432,439868.0699828851,0.000930850166163
mech_009_q0_PR_attrition_moderate,0.92,baseline,50.0,1450.0,neutral,12,-0.1856822970384001,250907.67670389113,0.0008025920148482
mech_009_q0_PR_attrition_moderate,0.92,baseline,50.0,1450.0,unattainable,50,,,
mech_009_q0_PR_attrition_moderate,0.92,baseline,50.0,1500.0,beneficial,13,5.363877496405447,1433317.5168830974,0.0055792430697145
mech_009_q0_PR_attrition_moderate,0.92,baseline,50.0,1500.0,harmful,14,-1.4886802186052122,243060.78732511745,0.0007584053812374
mech_009_q0_PR_attrition_moderate,0.92,baseline,50.0,1500.0,neutral,8,0.16095968684940698,666552.4027270337,0.0015077325895989
mech_009_q0_PR_attrition_moderate,0.92,baseline,50.0,1500.0,unattainable,37,,,
mech_009_q0_PR_attrition_moderate,0.92,baseline,100.0,1300.0,unattainable,72,,,
mech_009_q0_PR_attrition_moderate,0.92,baseline,100.0,1350.0,unattainable,72,,,
mech_009_q0_PR_attrition_moderate,0.92,baseline,100.0,1400.0,beneficial,3,3.819716981778145,1394002.001479516,0.0056591672928215
mech_009_q0_PR_attrition_moderate,0.92,baseline,100.0,1400.0,neutral,5,-0.2356700606980613,245307.50456113345,0.0002194734980737
mech_009_q0_PR_attrition_moderate,0.92,baseline,100.0,1400.0,unattainable,64,,,
mech_009_q0_PR_attrition_moderate,0.92,baseline,100.0,1450.0,beneficial,10,2.8921362343193184,1425168.5769012086,0.0037215402044298
mech_009_q0_PR_attrition_moderate,0.92,baseline,100.0,1450.0,harmful,2,-1.430456885301941,190174.81511891403,0.0001045753105155
mech_009_q0_PR_attrition_moderate,0.92,baseline,100.0,1450.0,neutral,10,-0.48037517556999515,270629.99831997906,0.00074890009939755
mech_009_q0_PR_attrition_moderate,0.92,baseline,100.0,1450.0,unattainable,50,,,
mech_009_q0_PR_attrition_moderate,0.92,baseline,100.0,1500.0,beneficial,13,5.418203467426445,1453464.4477025631,0.0058615594521139
mech_009_q0_PR_attrition_moderate,0.92,baseline,100.0,1500.0,harmful,10,-1.3716881610018044,245696.55648088225,0.0007807871176129
mech_009_q0_PR_attrition_moderate,0.92,baseline,100.0,1500.0,neutral,12,-0.2405646822458794,452530.3549949296,0.0010460389857296
mech_009_q0_PR_attrition_moderate,0.92,baseline,100.0,1500.0,unattainable,37,,,
mech_009_q0_PR_attrition_moderate,0.92,mixed_GBseg_TJ,0.2,1300.0,unattainable,72,,,
mech_009_q0_PR_attrition_moderate,0.92,mixed_GBseg_TJ,0.2,1350.0,unattainable,72,,,
mech_009_q0_PR_attrition_moderate,0.92,mixed_GBseg_TJ,0.2,1400.0,unattainable,72,,,
mech_009_q0_PR_attrition_moderate,0.92,mixed_GBseg_TJ,0.2,1450.0,unattainable,72,,,
mech_009_q0_PR_attrition_moderate,0.92,mixed_GBseg_TJ,0.2,1500.0,unattainable,72,,,
mech_009_q0_PR_attrition_moderate,0.92,mixed_GBseg_TJ,1.0,1300.0,unattainable,72,,,
mech_009_q0_PR_attrition_moderate,0.92,mixed_GBseg_TJ,1.0,1350.0,unattainable,72,,,
mech_009_q0_PR_attrition_moderate,0.92,mixed_GBseg_TJ,1.0,1400.0,neutral,11,0.0,0.0,0.0
mech_009_q0_PR_attrition_moderate,0.92,mixed_GBseg_TJ,1.0,1400.0,unattainable,61,,,
mech_009_q0_PR_attrition_moderate,0.92,mixed_GBseg_TJ,1.0,1450.0,neutral,23,0.0,0.0,0.0
mech_009_q0_PR_attrition_moderate,0.92,mixed_GBseg_TJ,1.0,1450.0,unattainable,49,,,
mech_009_q0_PR_attrition_moderate,0.92,mixed_GBseg_TJ,1.0,1500.0,neutral,36,0.0,0.0,0.0
mech_009_q0_PR_attrition_moderate,0.92,mixed_GBseg_TJ,1.0,1500.0,unattainable,36,,,
mech_009_q0_PR_attrition_moderate,0.92,mixed_GBseg_TJ,5.0,1300.0,unattainable,72,,,
mech_009_q0_PR_attrition_moderate,0.92,mixed_GBseg_TJ,5.0,1350.0,unattainable,72,,,
mech_009_q0_PR_attrition_moderate,0.92,mixed_GBseg_TJ,5.0,1400.0,beneficial,4,2.120695470432681,691741.9799206362,0.0037948970622402
mech_009_q0_PR_attrition_moderate,0.92,mixed_GBseg_TJ,5.0,1400.0,neutral,7,-0.0418955013874132,150811.11613224892,0.0010961137566876
mech_009_q0_PR_attrition_moderate,0.92,mixed_GBseg_TJ,5.0,1400.0,unattainable,61,,,
mech_009_q0_PR_attrition_moderate,0.92,mixed_GBseg_TJ,5.0,1450.0,beneficial,8,2.524405745406271,694774.3618009702,0.0048839598006268
mech_009_q0_PR_attrition_moderate,0.92,mixed_GBseg_TJ,5.0,1450.0,harmful,5,-1.2539873380209663,136393.27958950537,0.0005928950825734
mech_009_q0_PR_attrition_moderate,0.92,mixed_GBseg_TJ,5.0,1450.0,neutral,10,-0.2340121524661384,217665.91169233207,0.00137935142196485
mech_009_q0_PR_attrition_moderate,0.92,mixed_GBseg_TJ,5.0,1450.0,unattainable,49,,,
mech_009_q0_PR_attrition_moderate,0.92,mixed_GBseg_TJ,5.0,1500.0,beneficial,12,4.601594352254436,957279.4687613159,0.00498319889380705
mech_009_q0_PR_attrition_moderate,0.92,mixed_GBseg_TJ,5.0,1500.0,harmful,12,-2.3818247578143827,145229.5629372261,0.0007742663088388
mech_009_q0_PR_attrition_moderate,0.92,mixed_GBseg_TJ,5.0,1500.0,neutral,12,-0.7785874032332254,326954.9017644896,0.00141722004073905
mech_009_q0_PR_attrition_moderate,0.92,mixed_GBseg_TJ,5.0,1500.0,unattainable,36,,,
mech_009_q0_PR_attrition_moderate,0.92,mixed_GBseg_TJ,20.0,1300.0,unattainable,72,,,
mech_009_q0_PR_attrition_moderate,0.92,mixed_GBseg_TJ,20.0,1350.0,unattainable,72,,,
mech_009_q0_PR_attrition_moderate,0.92,mixed_GBseg_TJ,20.0,1400.0,beneficial,3,3.2886168532653466,851528.899374225,0.0064202426058141
mech_009_q0_PR_attrition_moderate,0.92,mixed_GBseg_TJ,20.0,1400.0,neutral,8,0.1222746505435072,220348.3657359318,0.0012696180264539498
mech_009_q0_PR_attrition_moderate,0.92,mixed_GBseg_TJ,20.0,1400.0,unattainable,61,,,
mech_009_q0_PR_attrition_moderate,0.92,mixed_GBseg_TJ,20.0,1450.0,beneficial,8,2.992285676577309,856411.7355444871,0.0063125387735773
mech_009_q0_PR_attrition_moderate,0.92,mixed_GBseg_TJ,20.0,1450.0,harmful,4,-1.313745136755558,152736.5852204262,0.001421699975445
mech_009_q0_PR_attrition_moderate,0.92,mixed_GBseg_TJ,20.0,1450.0,neutral,11,-0.4573780279210331,261065.80386788564,0.0014692244168263
mech_009_q0_PR_attrition_moderate,0.92,mixed_GBseg_TJ,20.0,1450.0,unattainable,49,,,
mech_009_q0_PR_attrition_moderate,0.92,mixed_GBseg_TJ,20.0,1500.0,beneficial,12,5.608717862419524,1214909.3943232894,0.0062766915756302995
mech_009_q0_PR_attrition_moderate,0.92,mixed_GBseg_TJ,20.0,1500.0,harmful,16,-2.368976471122915,185704.9890737531,0.0011540411671287
mech_009_q0_PR_attrition_moderate,0.92,mixed_GBseg_TJ,20.0,1500.0,neutral,8,-0.6090471464715438,511390.01171343215,0.00156394913564655
mech_009_q0_PR_attrition_moderate,0.92,mixed_GBseg_TJ,20.0,1500.0,unattainable,36,,,
mech_009_q0_PR_attrition_moderate,0.92,mixed_GBseg_TJ,50.0,1300.0,unattainable,72,,,
mech_009_q0_PR_attrition_moderate,0.92,mixed_GBseg_TJ,50.0,1350.0,unattainable,72,,,
mech_009_q0_PR_attrition_moderate,0.92,mixed_GBseg_TJ,50.0,1400.0,beneficial,4,2.6032769210888143,883161.2927878364,0.00482828035362925
mech_009_q0_PR_attrition_moderate,0.92,mixed_GBseg_TJ,50.0,1400.0,neutral,7,-0.0468936320091702,185881.39760791697,0.0011402651833597
mech_009_q0_PR_attrition_moderate,0.92,mixed_GBseg_TJ,50.0,1400.0,unattainable,61,,,
mech_009_q0_PR_attrition_moderate,0.92,mixed_GBseg_TJ,50.0,1450.0,beneficial,8,3.067157315422004,890638.534821536,0.0057859376575507
mech_009_q0_PR_attrition_moderate,0.92,mixed_GBseg_TJ,50.0,1450.0,harmful,5,-1.2105512907635738,168228.2641402063,0.0013542190854088
mech_009_q0_PR_attrition_moderate,0.92,mixed_GBseg_TJ,50.0,1450.0,neutral,10,-0.5766317440019444,273258.3453155599,0.00167333653613955
mech_009_q0_PR_attrition_moderate,0.92,mixed_GBseg_TJ,50.0,1450.0,unattainable,49,,,
mech_009_q0_PR_attrition_moderate,0.92,mixed_GBseg_TJ,50.0,1500.0,beneficial,12,5.482221797384024,1272403.4359608858,0.006322973826374
mech_009_q0_PR_attrition_moderate,0.92,mixed_GBseg_TJ,50.0,1500.0,harmful,16,-2.9075952102250886,191755.401130097,0.0009000618695783001
mech_009_q0_PR_attrition_moderate,0.92,mixed_GBseg_TJ,50.0,1500.0,neutral,8,-0.41037072834309507,529279.5954008646,0.00167600700678675
mech_009_q0_PR_attrition_moderate,0.92,mixed_GBseg_TJ,50.0,1500.0,unattainable,36,,,
mech_009_q0_PR_attrition_moderate,0.92,mixed_GBseg_TJ,100.0,1300.0,unattainable,72,,,
mech_009_q0_PR_attrition_moderate,0.92,mixed_GBseg_TJ,100.0,1350.0,unattainable,72,,,
mech_009_q0_PR_attrition_moderate,0.92,mixed_GBseg_TJ,100.0,1400.0,beneficial,3,3.3924147491570724,896803.6321506624,0.006703588213987
mech_009_q0_PR_attrition_moderate,0.92,mixed_GBseg_TJ,100.0,1400.0,neutral,8,0.01684066474627341,230116.86346463766,0.00118461855692685
mech_009_q0_PR_attrition_moderate,0.92,mixed_GBseg_TJ,100.0,1400.0,unattainable,61,,,
mech_009_q0_PR_attrition_moderate,0.92,mixed_GBseg_TJ,100.0,1450.0,beneficial,8,2.638727227548194,902186.3882282276,0.0059597379343254
mech_009_q0_PR_attrition_moderate,0.92,mixed_GBseg_TJ,100.0,1450.0,harmful,6,-1.2196779366380481,170009.811616473,0.0013373773772669
mech_009_q0_PR_attrition_moderate,0.92,mixed_GBseg_TJ,100.0,1450.0,neutral,9,-0.2096560773276028,272789.57845273375,0.0021285706974521
mech_009_q0_PR_attrition_moderate,0.92,mixed_GBseg_TJ,100.0,1450.0,unattainable,49,,,
mech_009_q0_PR_attrition_moderate,0.92,mixed_GBseg_TJ,100.0,1500.0,beneficial,12,5.297532724618719,1292120.9603672554,0.00667321571126665
mech_009_q0_PR_attrition_moderate,0.92,mixed_GBseg_TJ,100.0,1500.0,harmful,16,-2.6837242539329935,193774.88526667497,0.00119548175917335
mech_009_q0_PR_attrition_moderate,0.92,mixed_GBseg_TJ,100.0,1500.0,neutral,8,-0.3291108452803388,535270.6298383976,0.0018962137728644
mech_009_q0_PR_attrition_moderate,0.92,mixed_GBseg_TJ,100.0,1500.0,unattainable,36,,,
mech_019_PR_attrition_moderate,0.85,GBseg_rich,0.2,1300.0,unattainable,72,,,
mech_019_PR_attrition_moderate,0.85,GBseg_rich,0.2,1350.0,unattainable,72,,,
mech_019_PR_attrition_moderate,0.85,GBseg_rich,0.2,1400.0,unattainable,72,,,
mech_019_PR_attrition_moderate,0.85,GBseg_rich,0.2,1450.0,unattainable,72,,,
mech_019_PR_attrition_moderate,0.85,GBseg_rich,0.2,1500.0,unattainable,72,,,
mech_019_PR_attrition_moderate,0.85,GBseg_rich,1.0,1300.0,neutral,14,0.0,0.0,0.0
mech_019_PR_attrition_moderate,0.85,GBseg_rich,1.0,1300.0,unattainable,58,,,
mech_019_PR_attrition_moderate,0.85,GBseg_rich,1.0,1350.0,neutral,31,0.0,0.0,0.0
mech_019_PR_attrition_moderate,0.85,GBseg_rich,1.0,1350.0,unattainable,41,,,
mech_019_PR_attrition_moderate,0.85,GBseg_rich,1.0,1400.0,neutral,44,0.0,0.0,0.0
mech_019_PR_attrition_moderate,0.85,GBseg_rich,1.0,1400.0,unattainable,28,,,
mech_019_PR_attrition_moderate,0.85,GBseg_rich,1.0,1450.0,neutral,56,0.0,0.0,0.0
mech_019_PR_attrition_moderate,0.85,GBseg_rich,1.0,1450.0,unattainable,16,,,
mech_019_PR_attrition_moderate,0.85,GBseg_rich,1.0,1500.0,neutral,68,0.0,0.0,0.0
mech_019_PR_attrition_moderate,0.85,GBseg_rich,1.0,1500.0,unattainable,4,,,
mech_019_PR_attrition_moderate,0.85,GBseg_rich,5.0,1300.0,neutral,14,0.00740636725732155,418723.35777312086,0.0024788628006123
mech_019_PR_attrition_moderate,0.85,GBseg_rich,5.0,1300.0,unattainable,58,,,
mech_019_PR_attrition_moderate,0.85,GBseg_rich,5.0,1350.0,neutral,31,0.2400985080600675,743995.5564330004,0.0026923276991985
mech_019_PR_attrition_moderate,0.85,GBseg_rich,5.0,1350.0,unattainable,41,,,
mech_019_PR_attrition_moderate,0.85,GBseg_rich,5.0,1400.0,harmful,11,-1.256154185992186,1200326.6636335482,0.0107312600301568
mech_019_PR_attrition_moderate,0.85,GBseg_rich,5.0,1400.0,neutral,30,-0.6624952848237295,752953.5685465721,0.0024993274587558
mech_019_PR_attrition_moderate,0.85,GBseg_rich,5.0,1400.0,unattainable,31,,,
mech_019_PR_attrition_moderate,0.85,GBseg_rich,5.0,1450.0,harmful,50,-2.449200403544724,1213389.1535711205,0.0043016402328879
mech_019_PR_attrition_moderate,0.85,GBseg_rich,5.0,1450.0,neutral,3,-0.8005048531937272,313519.3447437163,0.001119547192829
mech_019_PR_attrition_moderate,0.85,GBseg_rich,5.0,1450.0,unattainable,19,,,
mech_019_PR_attrition_moderate,0.85,GBseg_rich,5.0,1500.0,harmful,54,-4.958240861687706,995369.7200341185,0.0042909171035668495
mech_019_PR_attrition_moderate,0.85,GBseg_rich,5.0,1500.0,unattainable,18,,,
mech_019_PR_attrition_moderate,0.85,GBseg_rich,20.0,1300.0,neutral,14,0.0087479969809745,507680.22895492543,0.0029727898919794
mech_019_PR_attrition_moderate,0.85,GBseg_rich,20.0,1300.0,unattainable,58,,,
mech_019_PR_attrition_moderate,0.85,GBseg_rich,20.0,1350.0,beneficial,7,1.162124597716767,1704564.0012508128,0.0044593388952161
mech_019_PR_attrition_moderate,0.85,GBseg_rich,20.0,1350.0,neutral,24,0.080519053673951,710743.99600372,0.0031783894015716
mech_019_PR_attrition_moderate,0.85,GBseg_rich,20.0,1350.0,unattainable,41,,,
mech_019_PR_attrition_moderate,0.85,GBseg_rich,20.0,1400.0,harmful,25,-1.4462714551891982,2116833.8807472493,0.0059492997064442
mech_019_PR_attrition_moderate,0.85,GBseg_rich,20.0,1400.0,neutral,16,-0.1771135376653821,490635.1367641472,0.00288415856734875
mech_019_PR_attrition_moderate,0.85,GBseg_rich,20.0,1400.0,unattainable,31,,,
mech_019_PR_attrition_moderate,0.85,GBseg_rich,20.0,1450.0,harmful,50,-3.209504507709795,1615137.4072363998,0.0056585106955573
mech_019_PR_attrition_moderate,0.85,GBseg_rich,20.0,1450.0,neutral,2,-0.963062294862138,376722.3792506741,0.0011980523650755
mech_019_PR_attrition_moderate,0.85,GBseg_rich,20.0,1450.0,unattainable,20,,,
mech_019_PR_attrition_moderate,0.85,GBseg_rich,20.0,1500.0,harmful,54,-6.90947214327836,1291088.4643886224,0.005522996526194901
mech_019_PR_attrition_moderate,0.85,GBseg_rich,20.0,1500.0,unattainable,18,,,
mech_019_PR_attrition_moderate,0.85,GBseg_rich,50.0,1300.0,neutral,14,0.009080378646856,525963.1518001624,0.00305539071611175
mech_019_PR_attrition_moderate,0.85,GBseg_rich,50.0,1300.0,unattainable,58,,,
mech_019_PR_attrition_moderate,0.85,GBseg_rich,50.0,1350.0,beneficial,9,1.1298193973446669,1787799.970640841,0.0042078016585098
mech_019_PR_attrition_moderate,0.85,GBseg_rich,50.0,1350.0,neutral,22,0.06836443726235455,540305.662972358,0.0031795576520812496
mech_019_PR_attrition_moderate,0.85,GBseg_rich,50.0,1350.0,unattainable,41,,,
mech_019_PR_attrition_moderate,0.85,GBseg_rich,50.0,1400.0,harmful,25,-1.629060032455704,2261690.1147571825,0.0062105861215262
mech_019_PR_attrition_moderate,0.85,GBseg_rich,50.0,1400.0,neutral,16,-0.1854150009967548,509099.9423888554,0.00327951582303595
mech_019_PR_attrition_moderate,0.85,GBseg_rich,50.0,1400.0,unattainable,31,,,
mech_019_PR_attrition_moderate,0.85,GBseg_rich,50.0,1450.0,harmful,50,-3.7619002838432687,1713199.3832381947,0.0054110033783498
mech_019_PR_attrition_moderate,0.85,GBseg_rich,50.0,1450.0,neutral,2,-0.9676821106640578,389554.0815924718,0.0014864129754935
mech_019_PR_attrition_moderate,0.85,GBseg_rich,50.0,1450.0,unattainable,20,,,
mech_019_PR_attrition_moderate,0.85,GBseg_rich,50.0,1500.0,harmful,54,-7.957202423861762,1360664.7657408968,0.00564866478069515
mech_019_PR_attrition_moderate,0.85,GBseg_rich,50.0,1500.0,unattainable,18,,,
mech_019_PR_attrition_moderate,0.85,GBseg_rich,100.0,1300.0,neutral,14,0.0094701678744517,532149.7590332209,0.0033549147313911
mech_019_PR_attrition_moderate,0.85,GBseg_rich,100.0,1300.0,unattainable,58,,,
mech_019_PR_attrition_moderate,0.85,GBseg_rich,100.0,1350.0,beneficial,9,1.2196809572343543,1819221.6726191784,0.0041269646716006
mech_019_PR_attrition_moderate,0.85,GBseg_rich,100.0,1350.0,neutral,22,0.0654979253596531,546554.224360794,0.0029478536457831503
mech_019_PR_attrition_moderate,0.85,GBseg_rich,100.0,1350.0,unattainable,41,,,
mech_019_PR_attrition_moderate,0.85,GBseg_rich,100.0,1400.0,harmful,25,-1.59092027981202,2313763.176784532,0.0063716273399927
mech_019_PR_attrition_moderate,0.85,GBseg_rich,100.0,1400.0,neutral,16,-0.2038008226991545,515314.4443126796,0.0032843315324746
mech_019_PR_attrition_moderate,0.85,GBseg_rich,100.0,1400.0,unattainable,31,,,
mech_019_PR_attrition_moderate,0.85,GBseg_rich,100.0,1450.0,harmful,50,-3.922379074361512,1747704.6747588688,0.0056922946876107
mech_019_PR_attrition_moderate,0.85,GBseg_rich,100.0,1450.0,neutral,2,-0.9639149079263796,393845.92346331966,0.001637261381704
mech_019_PR_attrition_moderate,0.85,GBseg_rich,100.0,1450.0,unattainable,20,,,
mech_019_PR_attrition_moderate,0.85,GBseg_rich,100.0,1500.0,harmful,54,-8.49850864378853,1384954.9409086402,0.0058709339551044504
mech_019_PR_attrition_moderate,0.85,GBseg_rich,100.0,1500.0,unattainable,18,,,
mech_019_PR_attrition_moderate,0.85,TJ_rich,0.2,1300.0,unattainable,72,,,
mech_019_PR_attrition_moderate,0.85,TJ_rich,0.2,1350.0,unattainable,72,,,
mech_019_PR_attrition_moderate,0.85,TJ_rich,0.2,1400.0,unattainable,72,,,
mech_019_PR_attrition_moderate,0.85,TJ_rich,0.2,1450.0,unattainable,72,,,
mech_019_PR_attrition_moderate,0.85,TJ_rich,0.2,1500.0,unattainable,72,,,
mech_019_PR_attrition_moderate,0.85,TJ_rich,1.0,1300.0,neutral,1,0.0,0.0,0.0
mech_019_PR_attrition_moderate,0.85,TJ_rich,1.0,1300.0,unattainable,71,,,
mech_019_PR_attrition_moderate,0.85,TJ_rich,1.0,1350.0,neutral,13,0.0,0.0,0.0
mech_019_PR_attrition_moderate,0.85,TJ_rich,1.0,1350.0,unattainable,59,,,
mech_019_PR_attrition_moderate,0.85,TJ_rich,1.0,1400.0,neutral,28,0.0,0.0,0.0
mech_019_PR_attrition_moderate,0.85,TJ_rich,1.0,1400.0,unattainable,44,,,
mech_019_PR_attrition_moderate,0.85,TJ_rich,1.0,1450.0,neutral,40,0.0,0.0,0.0
mech_019_PR_attrition_moderate,0.85,TJ_rich,1.0,1450.0,unattainable,32,,,
mech_019_PR_attrition_moderate,0.85,TJ_rich,1.0,1500.0,neutral,52,0.0,0.0,0.0
mech_019_PR_attrition_moderate,0.85,TJ_rich,1.0,1500.0,unattainable,20,,,
mech_019_PR_attrition_moderate,0.85,TJ_rich,5.0,1300.0,unattainable,72,,,
mech_019_PR_attrition_moderate,0.85,TJ_rich,5.0,1350.0,beneficial,1,1.0791585688181988,780540.2100375611,0.010841399811784
mech_019_PR_attrition_moderate,0.85,TJ_rich,5.0,1350.0,neutral,12,-0.4712639104952039,129373.58755079302,0.0018514110426923
mech_019_PR_attrition_moderate,0.85,TJ_rich,5.0,1350.0,unattainable,59,,,
mech_019_PR_attrition_moderate,0.85,TJ_rich,5.0,1400.0,beneficial,2,1.9915223239830522,860886.532790435,0.00821319146747625
mech_019_PR_attrition_moderate,0.85,TJ_rich,5.0,1400.0,harmful,18,-1.2107709634481665,139722.4738928965,0.00223057105756
mech_019_PR_attrition_moderate,0.85,TJ_rich,5.0,1400.0,neutral,7,-0.5334609681754593,436137.35428037343,0.0039357018672274
mech_019_PR_attrition_moderate,0.85,TJ_rich,5.0,1400.0,unattainable,45,,,
mech_019_PR_attrition_moderate,0.85,TJ_rich,5.0,1450.0,beneficial,2,1.644456283566044,873184.6506959177,0.0066733429157497
mech_019_PR_attrition_moderate,0.85,TJ_rich,5.0,1450.0,harmful,28,-2.0043424364915854,142684.0658139633,0.00201059564932495
mech_019_PR_attrition_moderate,0.85,TJ_rich,5.0,1450.0,neutral,6,0.1991807503541434,847825.953673752,0.008592041512833
mech_019_PR_attrition_moderate,0.85,TJ_rich,5.0,1450.0,unattainable,36,,,
mech_019_PR_attrition_moderate,0.85,TJ_rich,5.0,1500.0,beneficial,2,1.7338199413609998,875691.747971674,0.0074408847877523
mech_019_PR_attrition_moderate,0.85,TJ_rich,5.0,1500.0,harmful,35,-3.4311859900264934,145549.6486235534,0.0023504742144439
mech_019_PR_attrition_moderate,0.85,TJ_rich,5.0,1500.0,neutral,5,-0.7861639815474164,850863.2169259463,0.0134803047818725
mech_019_PR_attrition_moderate,0.85,TJ_rich,5.0,1500.0,unattainable,30,,,
mech_019_PR_attrition_moderate,0.85,TJ_rich,20.0,1300.0,unattainable,72,,,
mech_019_PR_attrition_moderate,0.85,TJ_rich,20.0,1350.0,beneficial,1,1.3067613009458412,975258.5733610352,0.0137069654324852
mech_019_PR_attrition_moderate,0.85,TJ_rich,20.0,1350.0,harmful,2,-1.1928813912002088,243444.54089666536,0.0040360844469426
mech_019_PR_attrition_moderate,0.85,TJ_rich,20.0,1350.0,neutral,9,-0.6765775350261499,142240.7388846826,0.0024453409860427
mech_019_PR_attrition_moderate,0.85,TJ_rich,20.0,1350.0,unattainable,60,,,
mech_019_PR_attrition_moderate,0.85,TJ_rich,20.0,1400.0,beneficial,2,1.7083590063056433,1064790.7477838574,0.009611793027757151
mech_019_PR_attrition_moderate,0.85,TJ_rich,20.0,1400.0,harmful,21,-1.5651273895234317,167041.58511997273,0.0027283146899924
mech_019_PR_attrition_moderate,0.85,TJ_rich,20.0,1400.0,neutral,4,-0.22212910779021722,787025.7589098052,0.0094968145571569
mech_019_PR_attrition_moderate,0.85,TJ_rich,20.0,1400.0,unattainable,45,,,
mech_019_PR_attrition_moderate,0.85,TJ_rich,20.0,1450.0,beneficial,2,1.352801628202008,1076258.0718049863,0.0083138058587712
mech_019_PR_attrition_moderate,0.85,TJ_rich,20.0,1450.0,harmful,30,-2.6756891309024184,173739.0545377938,0.0028995763815909
mech_019_PR_attrition_moderate,0.85,TJ_rich,20.0,1450.0,neutral,4,-0.28336116685723534,1070958.9379465412,0.013441570662115602
mech_019_PR_attrition_moderate,0.85,TJ_rich,20.0,1450.0,unattainable,36,,,
mech_019_PR_attrition_moderate,0.85,TJ_rich,20.0,1500.0,harmful,40,-4.6135855229010225,181630.13284600255,0.00348645088943815
mech_019_PR_attrition_moderate,0.85,TJ_rich,20.0,1500.0,neutral,2,0.3040158296527635,1079461.577722976,0.0080054938349129
mech_019_PR_attrition_moderate,0.85,TJ_rich,20.0,1500.0,unattainable,30,,,
mech_019_PR_attrition_moderate,0.85,TJ_rich,50.0,1300.0,unattainable,72,,,
mech_019_PR_attrition_moderate,0.85,TJ_rich,50.0,1350.0,beneficial,1,1.5173384776765035,1018193.2570813582,0.0148908481170003
mech_019_PR_attrition_moderate,0.85,TJ_rich,50.0,1350.0,harmful,3,-1.1250564458503955,178813.08176670867,0.0031555880719963
mech_019_PR_attrition_moderate,0.85,TJ_rich,50.0,1350.0,neutral,8,-0.5902662756694856,138894.79974025677,0.0022382409315566502
mech_019_PR_attrition_moderate,0.85,TJ_rich,50.0,1350.0,unattainable,60,,,
mech_019_PR_attrition_moderate,0.85,TJ_rich,50.0,1400.0,beneficial,2,1.3769770210049475,1107936.9925193272,0.0095346418510344
mech_019_PR_attrition_moderate,0.85,TJ_rich,50.0,1400.0,harmful,19,-1.7910095215913242,172550.92801852245,0.0023553366091385
mech_019_PR_attrition_moderate,0.85,TJ_rich,50.0,1400.0,neutral,5,-0.5821838218642537,544890.2639652512,0.0048436810811267
mech_019_PR_attrition_moderate,0.85,TJ_rich,50.0,1400.0,unattainable,46,,,
mech_019_PR_attrition_moderate,0.85,TJ_rich,50.0,1450.0,harmful,30,-2.9052486480883757,179433.3837591052,0.0025671898764069
mech_019_PR_attrition_moderate,0.85,TJ_rich,50.0,1450.0,neutral,6,0.0305103102377221,1119049.843860767,0.0117672522939952
mech_019_PR_attrition_moderate,0.85,TJ_rich,50.0,1450.0,unattainable,36,,,
mech_019_PR_attrition_moderate,0.85,TJ_rich,50.0,1500.0,harmful,40,-4.996447861996281,187561.96049027605,0.0035489479717138
mech_019_PR_attrition_moderate,0.85,TJ_rich,50.0,1500.0,neutral,2,0.3689770946761218,1122431.2226255718,0.0090608082377893
mech_019_PR_attrition_moderate,0.85,TJ_rich,50.0,1500.0,unattainable,30,,,
mech_019_PR_attrition_moderate,0.85,TJ_rich,100.0,1300.0,unattainable,72,,,
mech_019_PR_attrition_moderate,0.85,TJ_rich,100.0,1350.0,beneficial,1,1.2500506312067232,1030843.6085429438,0.0142555689412728
mech_019_PR_attrition_moderate,0.85,TJ_rich,100.0,1350.0,harmful,2,-1.1643374025046458,254561.58898275084,0.0049298184330957995
mech_019_PR_attrition_moderate,0.85,TJ_rich,100.0,1350.0,neutral,9,-0.6336090661004755,148383.85319719938,0.0024007611701764
mech_019_PR_attrition_moderate,0.85,TJ_rich,100.0,1350.0,unattainable,60,,,
mech_019_PR_attrition_moderate,0.85,TJ_rich,100.0,1400.0,beneficial,2,1.6649726119335897,1122707.1552420086,0.0102657147855717
mech_019_PR_attrition_moderate,0.85,TJ_rich,100.0,1400.0,harmful,22,-1.7249518794376788,174395.0524146318,0.00283575314312425
mech_019_PR_attrition_moderate,0.85,TJ_rich,100.0,1400.0,neutral,3,0.3635173666583622,1109387.5568382533,0.016314315611682
mech_019_PR_attrition_moderate,0.85,TJ_rich,100.0,1400.0,unattainable,45,,,
mech_019_PR_attrition_moderate,0.85,TJ_rich,100.0,1450.0,harmful,30,-2.987087533712301,181334.537673058,0.0024518233734823
mech_019_PR_attrition_moderate,0.85,TJ_rich,100.0,1450.0,neutral,6,-0.3239663205648211,1133529.1446977856,0.0114930273582418
mech_019_PR_attrition_moderate,0.85,TJ_rich,100.0,1450.0,unattainable,36,,,
mech_019_PR_attrition_moderate,0.85,TJ_rich,100.0,1500.0,harmful,40,-5.1794770314248275,189541.8545182488,0.0036580778779202
mech_019_PR_attrition_moderate,0.85,TJ_rich,100.0,1500.0,neutral,2,0.1763186170768202,1136948.9960991056,0.0092094749811289
mech_019_PR_attrition_moderate,0.85,TJ_rich,100.0,1500.0,unattainable,30,,,
mech_019_PR_attrition_moderate,0.85,baseline,0.2,1300.0,unattainable,72,,,
mech_019_PR_attrition_moderate,0.85,baseline,0.2,1350.0,unattainable,72,,,
mech_019_PR_attrition_moderate,0.85,baseline,0.2,1400.0,unattainable,72,,,
mech_019_PR_attrition_moderate,0.85,baseline,0.2,1450.0,unattainable,72,,,
mech_019_PR_attrition_moderate,0.85,baseline,0.2,1500.0,unattainable,72,,,
mech_019_PR_attrition_moderate,0.85,baseline,1.0,1300.0,neutral,4,0.0,0.0,0.0
mech_019_PR_attrition_moderate,0.85,baseline,1.0,1300.0,unattainable,68,,,
mech_019_PR_attrition_moderate,0.85,baseline,1.0,1350.0,neutral,21,0.0,0.0,0.0
mech_019_PR_attrition_moderate,0.85,baseline,1.0,1350.0,unattainable,51,,,
mech_019_PR_attrition_moderate,0.85,baseline,1.0,1400.0,neutral,35,0.0,0.0,0.0
mech_019_PR_attrition_moderate,0.85,baseline,1.0,1400.0,unattainable,37,,,
mech_019_PR_attrition_moderate,0.85,baseline,1.0,1450.0,neutral,46,0.0,0.0,0.0
mech_019_PR_attrition_moderate,0.85,baseline,1.0,1450.0,unattainable,26,,,
mech_019_PR_attrition_moderate,0.85,baseline,1.0,1500.0,neutral,58,0.0,0.0,0.0
mech_019_PR_attrition_moderate,0.85,baseline,1.0,1500.0,unattainable,14,,,
mech_019_PR_attrition_moderate,0.85,baseline,5.0,1300.0,neutral,4,0.01594887475118345,267786.109853848,0.00346571003103255
mech_019_PR_attrition_moderate,0.85,baseline,5.0,1300.0,unattainable,68,,,
mech_019_PR_attrition_moderate,0.85,baseline,5.0,1350.0,neutral,21,-0.07347255539694,353643.75628053286,0.0024851722688636
mech_019_PR_attrition_moderate,0.85,baseline,5.0,1350.0,unattainable,51,,,
mech_019_PR_attrition_moderate,0.85,baseline,5.0,1400.0,harmful,16,-1.2103293394103098,520848.55775560427,0.00353285533725695
mech_019_PR_attrition_moderate,0.85,baseline,5.0,1400.0,neutral,19,-0.59537521379418,223742.3575029592,0.0022113980548806
mech_019_PR_attrition_moderate,0.85,baseline,5.0,1400.0,unattainable,37,,,
mech_019_PR_attrition_moderate,0.85,baseline,5.0,1450.0,harmful,35,-2.0695702542351273,355921.789432998,0.0026024404802536
mech_019_PR_attrition_moderate,0.85,baseline,5.0,1450.0,neutral,7,-0.6073945708921346,1714535.2573414068,0.0083774555367297
mech_019_PR_attrition_moderate,0.85,baseline,5.0,1450.0,unattainable,30,,,
mech_019_PR_attrition_moderate,0.85,baseline,5.0,1500.0,harmful,53,-3.604582433429509,361850.5734315393,0.002686440351402
mech_019_PR_attrition_moderate,0.85,baseline,5.0,1500.0,unattainable,19,,,
mech_019_PR_attrition_moderate,0.85,baseline,20.0,1300.0,neutral,4,0.0170320341745895,322711.93982368545,0.0040537786809753
mech_019_PR_attrition_moderate,0.85,baseline,20.0,1300.0,unattainable,68,,,
mech_019_PR_attrition_moderate,0.85,baseline,20.0,1350.0,beneficial,1,1.1495009778809482,1871091.790803681,0.0081351185306731
mech_019_PR_attrition_moderate,0.85,baseline,20.0,1350.0,neutral,20,-0.168838684248565,424009.1883195854,0.0032836528946463004
mech_019_PR_attrition_moderate,0.85,baseline,20.0,1350.0,unattainable,51,,,
mech_019_PR_attrition_moderate,0.85,baseline,20.0,1400.0,harmful,20,-1.729137547917723,845215.6073143049,0.0040862505410099
mech_019_PR_attrition_moderate,0.85,baseline,20.0,1400.0,neutral,15,-0.4064289423687098,250324.20107461172,0.0027765968332325
mech_019_PR_attrition_moderate,0.85,baseline,20.0,1400.0,unattainable,37,,,
mech_019_PR_attrition_moderate,0.85,baseline,20.0,1450.0,harmful,42,-2.663418783024613,641390.6106738478,0.0037095528058762
mech_019_PR_attrition_moderate,0.85,baseline,20.0,1450.0,unattainable,30,,,
mech_019_PR_attrition_moderate,0.85,baseline,20.0,1500.0,harmful,48,-5.449878680875401,642222.1820788351,0.0036270550198974
mech_019_PR_attrition_moderate,0.85,baseline,20.0,1500.0,unattainable,24,,,
mech_019_PR_attrition_moderate,0.85,baseline,50.0,1300.0,neutral,4,0.0207858088734643,334049.2472532911,0.00453289662911945
mech_019_PR_attrition_moderate,0.85,baseline,50.0,1300.0,unattainable,68,,,
mech_019_PR_attrition_moderate,0.85,baseline,50.0,1350.0,beneficial,2,1.145803380757397,1846780.0247882623,0.01065377661510975
mech_019_PR_attrition_moderate,0.85,baseline,50.0,1350.0,neutral,19,-0.1797235474270159,436392.9750991214,0.0028445487561519
mech_019_PR_attrition_moderate,0.85,baseline,50.0,1350.0,unattainable,51,,,
mech_019_PR_attrition_moderate,0.85,baseline,50.0,1400.0,harmful,22,-1.8369475952046483,877484.3521682087,0.0037535329998265
mech_019_PR_attrition_moderate,0.85,baseline,50.0,1400.0,neutral,13,-0.1201748599605087,276420.6118197363,0.0027993078154299
mech_019_PR_attrition_moderate,0.85,baseline,50.0,1400.0,unattainable,37,,,
mech_019_PR_attrition_moderate,0.85,baseline,50.0,1450.0,harmful,42,-2.846747090215717,666246.9886870738,0.003603640841913
mech_019_PR_attrition_moderate,0.85,baseline,50.0,1450.0,unattainable,30,,,
mech_019_PR_attrition_moderate,0.85,baseline,50.0,1500.0,harmful,48,-6.1409757967678456,667145.3358024273,0.0034515630714415
mech_019_PR_attrition_moderate,0.85,baseline,50.0,1500.0,unattainable,24,,,
mech_019_PR_attrition_moderate,0.85,baseline,100.0,1300.0,neutral,4,0.0207500527454009,337785.37771126255,0.0042305099934522
mech_019_PR_attrition_moderate,0.85,baseline,100.0,1300.0,unattainable,68,,,
mech_019_PR_attrition_moderate,0.85,baseline,100.0,1350.0,beneficial,1,1.0919754507234805,2000114.666788309,0.0083889605449052
mech_019_PR_attrition_moderate,0.85,baseline,100.0,1350.0,neutral,20,-0.13370408209439244,443933.7928284047,0.0035124391995359
mech_019_PR_attrition_moderate,0.85,baseline,100.0,1350.0,unattainable,51,,,
mech_019_PR_attrition_moderate,0.85,baseline,100.0,1400.0,harmful,22,-1.8663799122004343,889092.5625445176,0.003429215714096
mech_019_PR_attrition_moderate,0.85,baseline,100.0,1400.0,neutral,13,-0.2797064067140617,279378.60256982176,0.0024651019362032
mech_019_PR_attrition_moderate,0.85,baseline,100.0,1400.0,unattainable,37,,,
mech_019_PR_attrition_moderate,0.85,baseline,100.0,1450.0,harmful,42,-2.9921073236898077,674544.0618697198,0.0039181058509435
mech_019_PR_attrition_moderate,0.85,baseline,100.0,1450.0,unattainable,30,,,
mech_019_PR_attrition_moderate,0.85,baseline,100.0,1500.0,harmful,48,-6.197216453281099,675260.8955681156,0.0038836845977865
mech_019_PR_attrition_moderate,0.85,baseline,100.0,1500.0,unattainable,24,,,
mech_019_PR_attrition_moderate,0.85,mixed_GBseg_TJ,0.2,1300.0,unattainable,72,,,
mech_019_PR_attrition_moderate,0.85,mixed_GBseg_TJ,0.2,1350.0,unattainable,72,,,
mech_019_PR_attrition_moderate,0.85,mixed_GBseg_TJ,0.2,1400.0,unattainable,72,,,
mech_019_PR_attrition_moderate,0.85,mixed_GBseg_TJ,0.2,1450.0,unattainable,72,,,
mech_019_PR_attrition_moderate,0.85,mixed_GBseg_TJ,0.2,1500.0,unattainable,72,,,
mech_019_PR_attrition_moderate,0.85,mixed_GBseg_TJ,1.0,1300.0,neutral,4,0.0,0.0,0.0
mech_019_PR_attrition_moderate,0.85,mixed_GBseg_TJ,1.0,1300.0,unattainable,68,,,
mech_019_PR_attrition_moderate,0.85,mixed_GBseg_TJ,1.0,1350.0,neutral,20,0.0,0.0,0.0
mech_019_PR_attrition_moderate,0.85,mixed_GBseg_TJ,1.0,1350.0,unattainable,52,,,
mech_019_PR_attrition_moderate,0.85,mixed_GBseg_TJ,1.0,1400.0,neutral,34,0.0,0.0,0.0
mech_019_PR_attrition_moderate,0.85,mixed_GBseg_TJ,1.0,1400.0,unattainable,38,,,
mech_019_PR_attrition_moderate,0.85,mixed_GBseg_TJ,1.0,1450.0,neutral,43,0.0,0.0,0.0
mech_019_PR_attrition_moderate,0.85,mixed_GBseg_TJ,1.0,1450.0,unattainable,29,,,
mech_019_PR_attrition_moderate,0.85,mixed_GBseg_TJ,1.0,1500.0,neutral,57,0.0,0.0,0.0
mech_019_PR_attrition_moderate,0.85,mixed_GBseg_TJ,1.0,1500.0,unattainable,15,,,
mech_019_PR_attrition_moderate,0.85,mixed_GBseg_TJ,5.0,1300.0,neutral,4,-0.0054513672652519,174944.53431014216,0.00237795053165045
mech_019_PR_attrition_moderate,0.85,mixed_GBseg_TJ,5.0,1300.0,unattainable,68,,,
mech_019_PR_attrition_moderate,0.85,mixed_GBseg_TJ,5.0,1350.0,beneficial,1,1.3405840438548036,1167913.754023463,0.008534234304079
mech_019_PR_attrition_moderate,0.85,mixed_GBseg_TJ,5.0,1350.0,neutral,19,-0.3192689557355052,216669.07067399196,0.0024269161141904
mech_019_PR_attrition_moderate,0.85,mixed_GBseg_TJ,5.0,1350.0,unattainable,52,,,
mech_019_PR_attrition_moderate,0.85,mixed_GBseg_TJ,5.0,1400.0,harmful,16,-1.3308421312006635,326976.7326301545,0.00340877797744755
mech_019_PR_attrition_moderate,0.85,mixed_GBseg_TJ,5.0,1400.0,neutral,18,-0.6028514183559721,166617.95073512595,0.0022378201986924
mech_019_PR_attrition_moderate,0.85,mixed_GBseg_TJ,5.0,1400.0,unattainable,38,,,
mech_019_PR_attrition_moderate,0.85,mixed_GBseg_TJ,5.0,1450.0,harmful,35,-1.9995623204194608,223611.4529039415,0.0023572344646793
mech_019_PR_attrition_moderate,0.85,mixed_GBseg_TJ,5.0,1450.0,neutral,6,-0.479030271371782,1273754.1252799423,0.00877083916933
mech_019_PR_attrition_moderate,0.85,mixed_GBseg_TJ,5.0,1450.0,unattainable,31,,,
mech_019_PR_attrition_moderate,0.85,mixed_GBseg_TJ,5.0,1500.0,harmful,46,-3.6482939560906904,230968.0234849525,0.0032310500668786503
mech_019_PR_attrition_moderate,0.85,mixed_GBseg_TJ,5.0,1500.0,neutral,2,-0.462210059435119,1312650.1600967995,0.0068785189258161
mech_019_PR_attrition_moderate,0.85,mixed_GBseg_TJ,5.0,1500.0,unattainable,24,,,
mech_019_PR_attrition_moderate,0.85,mixed_GBseg_TJ,20.0,1300.0,neutral,4,-0.01598589838579435,209486.88622617436,0.00304078425954645
mech_019_PR_attrition_moderate,0.85,mixed_GBseg_TJ,20.0,1300.0,unattainable,68,,,
mech_019_PR_attrition_moderate,0.85,mixed_GBseg_TJ,20.0,1350.0,beneficial,2,1.2403334951148508,1423901.1513790884,0.0119694966462383
mech_019_PR_attrition_moderate,0.85,mixed_GBseg_TJ,20.0,1350.0,neutral,18,-0.5599088337140401,259870.578891385,0.002651077935821
mech_019_PR_attrition_moderate,0.85,mixed_GBseg_TJ,20.0,1350.0,unattainable,52,,,
mech_019_PR_attrition_moderate,0.85,mixed_GBseg_TJ,20.0,1400.0,harmful,25,-1.588159043139487,275822.21433811897,0.0031579540532994
mech_019_PR_attrition_moderate,0.85,mixed_GBseg_TJ,20.0,1400.0,neutral,9,0.0176026639731894,1530062.356731419,0.0079946397097248
mech_019_PR_attrition_moderate,0.85,mixed_GBseg_TJ,20.0,1400.0,unattainable,38,,,
mech_019_PR_attrition_moderate,0.85,mixed_GBseg_TJ,20.0,1450.0,harmful,34,-2.5420429816291144,276129.92848013627,0.0031588207519663
mech_019_PR_attrition_moderate,0.85,mixed_GBseg_TJ,20.0,1450.0,neutral,2,-0.6167844391981759,1644849.3636120732,0.0079828992410444
mech_019_PR_attrition_moderate,0.85,mixed_GBseg_TJ,20.0,1450.0,unattainable,36,,,
mech_019_PR_attrition_moderate,0.85,mixed_GBseg_TJ,20.0,1500.0,harmful,48,-5.002664055663414,393136.5536574205,0.0042600812168389
mech_019_PR_attrition_moderate,0.85,mixed_GBseg_TJ,20.0,1500.0,unattainable,24,,,
mech_019_PR_attrition_moderate,0.85,mixed_GBseg_TJ,50.0,1300.0,neutral,4,-0.012457720266263149,216362.65827419754,0.00282055457154845
mech_019_PR_attrition_moderate,0.85,mixed_GBseg_TJ,50.0,1300.0,unattainable,68,,,
mech_019_PR_attrition_moderate,0.85,mixed_GBseg_TJ,50.0,1350.0,beneficial,2,1.2878241318362473,1490072.737602451,0.0125685053911435
mech_019_PR_attrition_moderate,0.85,mixed_GBseg_TJ,50.0,1350.0,harmful,1,-1.077713961481317,529316.1887829137,0.0072376561744732
mech_019_PR_attrition_moderate,0.85,mixed_GBseg_TJ,50.0,1350.0,neutral,16,-0.5067854624429036,236781.13842126823,0.0024681496264393
mech_019_PR_attrition_moderate,0.85,mixed_GBseg_TJ,50.0,1350.0,unattainable,53,,,
mech_019_PR_attrition_moderate,0.85,mixed_GBseg_TJ,50.0,1400.0,harmful,24,-1.7442629666747258,280649.9482314178,0.0032307863659589
mech_019_PR_attrition_moderate,0.85,mixed_GBseg_TJ,50.0,1400.0,neutral,9,-0.2284399732539708,1606215.2550088714,0.0077586436473602
mech_019_PR_attrition_moderate,0.85,mixed_GBseg_TJ,50.0,1400.0,unattainable,39,,,
mech_019_PR_attrition_moderate,0.85,mixed_GBseg_TJ,50.0,1450.0,harmful,36,-2.853939299457418,406207.69640308246,0.0038292349248292504
mech_019_PR_attrition_moderate,0.85,mixed_GBseg_TJ,50.0,1450.0,unattainable,36,,,
mech_019_PR_attrition_moderate,0.85,mixed_GBseg_TJ,50.0,1500.0,harmful,48,-5.383529535316956,406547.86488363286,0.0040261292872557
mech_019_PR_attrition_moderate,0.85,mixed_GBseg_TJ,50.0,1500.0,unattainable,24,,,
mech_019_PR_attrition_moderate,0.85,mixed_GBseg_TJ,100.0,1300.0,neutral,4,-0.01136230564679215,218707.55517659662,0.0029355303415416
mech_019_PR_attrition_moderate,0.85,mixed_GBseg_TJ,100.0,1300.0,unattainable,68,,,
mech_019_PR_attrition_moderate,0.85,mixed_GBseg_TJ,100.0,1350.0,beneficial,1,1.3690327533945374,1560883.7599644884,0.0106053393994629
mech_019_PR_attrition_moderate,0.85,mixed_GBseg_TJ,100.0,1350.0,harmful,1,-1.058824287940259,535553.6798022261,0.0075350314864875
mech_019_PR_attrition_moderate,0.85,mixed_GBseg_TJ,100.0,1350.0,neutral,18,-0.4829362417981005,271527.8619978789,0.0027772524145035
mech_019_PR_attrition_moderate,0.85,mixed_GBseg_TJ,100.0,1350.0,unattainable,52,,,
mech_019_PR_attrition_moderate,0.85,mixed_GBseg_TJ,100.0,1400.0,harmful,24,-1.839422219040045,283658.86639592395,0.00281963591916
mech_019_PR_attrition_moderate,0.85,mixed_GBseg_TJ,100.0,1400.0,neutral,9,-0.4631036532482017,1632274.8723587366,0.0076860131034207
mech_019_PR_attrition_moderate,0.85,mixed_GBseg_TJ,100.0,1400.0,unattainable,39,,,
mech_019_PR_attrition_moderate,0.85,mixed_GBseg_TJ,100.0,1450.0,harmful,36,-2.980142917063668,410686.3861184678,0.0037872442197201496
mech_019_PR_attrition_moderate,0.85,mixed_GBseg_TJ,100.0,1450.0,unattainable,36,,,
mech_019_PR_attrition_moderate,0.85,mixed_GBseg_TJ,100.0,1500.0,harmful,48,-5.563175369926485,411034.27800566994,0.0039659265989236
mech_019_PR_attrition_moderate,0.85,mixed_GBseg_TJ,100.0,1500.0,unattainable,24,,,
mech_019_PR_attrition_moderate,0.88,GBseg_rich,0.2,1300.0,unattainable,72,,,
mech_019_PR_attrition_moderate,0.88,GBseg_rich,0.2,1350.0,unattainable,72,,,
mech_019_PR_attrition_moderate,0.88,GBseg_rich,0.2,1400.0,unattainable,72,,,
mech_019_PR_attrition_moderate,0.88,GBseg_rich,0.2,1450.0,unattainable,72,,,
mech_019_PR_attrition_moderate,0.88,GBseg_rich,0.2,1500.0,unattainable,72,,,
mech_019_PR_attrition_moderate,0.88,GBseg_rich,1.0,1300.0,neutral,4,0.0,0.0,0.0
mech_019_PR_attrition_moderate,0.88,GBseg_rich,1.0,1300.0,unattainable,68,,,
mech_019_PR_attrition_moderate,0.88,GBseg_rich,1.0,1350.0,neutral,19,0.0,0.0,0.0
mech_019_PR_attrition_moderate,0.88,GBseg_rich,1.0,1350.0,unattainable,53,,,
mech_019_PR_attrition_moderate,0.88,GBseg_rich,1.0,1400.0,neutral,35,0.0,0.0,0.0
mech_019_PR_attrition_moderate,0.88,GBseg_rich,1.0,1400.0,unattainable,37,,,
mech_019_PR_attrition_moderate,0.88,GBseg_rich,1.0,1450.0,neutral,45,0.0,0.0,0.0
mech_019_PR_attrition_moderate,0.88,GBseg_rich,1.0,1450.0,unattainable,27,,,
mech_019_PR_attrition_moderate,0.88,GBseg_rich,1.0,1500.0,neutral,58,0.0,0.0,0.0
mech_019_PR_attrition_moderate,0.88,GBseg_rich,1.0,1500.0,unattainable,14,,,
mech_019_PR_attrition_moderate,0.88,GBseg_rich,5.0,1300.0,neutral,4,0.0060025226149779,341620.1014303287,0.0017927770483709
mech_019_PR_attrition_moderate,0.88,GBseg_rich,5.0,1300.0,unattainable,68,,,
mech_019_PR_attrition_moderate,0.88,GBseg_rich,5.0,1350.0,beneficial,3,1.165277738082428,1210806.0479381315,-0.0011467257578662
mech_019_PR_attrition_moderate,0.88,GBseg_rich,5.0,1350.0,neutral,16,0.3311295166446083,571382.084773142,0.0007016567106824
mech_019_PR_attrition_moderate,0.88,GBseg_rich,5.0,1350.0,unattainable,53,,,
mech_019_PR_attrition_moderate,0.88,GBseg_rich,5.0,1400.0,harmful,4,-1.307305294103191,1763585.9557342199,-0.0022619234840138
mech_019_PR_attrition_moderate,0.88,GBseg_rich,5.0,1400.0,neutral,31,-0.3762985649684139,752682.8574137173,0.0008872982703173
mech_019_PR_attrition_moderate,0.88,GBseg_rich,5.0,1400.0,unattainable,37,,,
mech_019_PR_attrition_moderate,0.88,GBseg_rich,5.0,1450.0,harmful,39,-2.052787133532287,1212931.6942494148,0.0012177971398198
mech_019_PR_attrition_moderate,0.88,GBseg_rich,5.0,1450.0,neutral,2,-0.6524559779534145,313517.2665110063,-0.0001281715355861
mech_019_PR_attrition_moderate,0.88,GBseg_rich,5.0,1450.0,unattainable,31,,,
mech_019_PR_attrition_moderate,0.88,GBseg_rich,5.0,1500.0,harmful,54,-3.9112965989050545,995463.8999297775,0.0008156392478531501
mech_019_PR_attrition_moderate,0.88,GBseg_rich,5.0,1500.0,unattainable,18,,,
mech_019_PR_attrition_moderate,0.88,GBseg_rich,20.0,1300.0,neutral,4,0.007565355113146,414369.1247839356,0.00237290551566205
mech_019_PR_attrition_moderate,0.88,GBseg_rich,20.0,1300.0,unattainable,68,,,
mech_019_PR_attrition_moderate,0.88,GBseg_rich,20.0,1350.0,beneficial,5,1.5554965267621983,1647706.7377996023,-0.0019746419049611
mech_019_PR_attrition_moderate,0.88,GBseg_rich,20.0,1350.0,neutral,14,0.1845092017655423,513017.86457333865,0.0018342886716102
mech_019_PR_attrition_moderate,0.88,GBseg_rich,20.0,1350.0,unattainable,53,,,
mech_019_PR_attrition_moderate,0.88,GBseg_rich,20.0,1400.0,harmful,9,-1.559030345540153,2297581.060809752,-0.0028384194264473
mech_019_PR_attrition_moderate,0.88,GBseg_rich,20.0,1400.0,neutral,26,-0.4886392540239141,915289.2462435664,0.0005830430544577
mech_019_PR_attrition_moderate,0.88,GBseg_rich,20.0,1400.0,unattainable,37,,,
mech_019_PR_attrition_moderate,0.88,GBseg_rich,20.0,1450.0,harmful,39,-3.116760210578314,1614434.56218202,0.0010685337282732
mech_019_PR_attrition_moderate,0.88,GBseg_rich,20.0,1450.0,neutral,2,-0.8062555462664687,376719.83591433975,-0.0003370180925954
mech_019_PR_attrition_moderate,0.88,GBseg_rich,20.0,1450.0,unattainable,31,,,
mech_019_PR_attrition_moderate,0.88,GBseg_rich,20.0,1500.0,harmful,54,-5.782361962715697,1291162.9031069793,0.00051545382892595
mech_019_PR_attrition_moderate,0.88,GBseg_rich,20.0,1500.0,unattainable,18,,,
mech_019_PR_attrition_moderate,0.88,GBseg_rich,50.0,1300.0,neutral,4,0.0077263850538772,429299.28043732507,0.00254520689219705
mech_019_PR_attrition_moderate,0.88,GBseg_rich,50.0,1300.0,unattainable,68,,,
mech_019_PR_attrition_moderate,0.88,GBseg_rich,50.0,1350.0,beneficial,6,1.4393394329185933,1730164.5429393845,-0.00346084709118315
mech_019_PR_attrition_moderate,0.88,GBseg_rich,50.0,1350.0,neutral,13,0.1823912270071129,522947.9091588051,0.0033606343790827
mech_019_PR_attrition_moderate,0.88,GBseg_rich,50.0,1350.0,unattainable,53,,,
mech_019_PR_attrition_moderate,0.88,GBseg_rich,50.0,1400.0,harmful,13,-1.530510839444449,2601177.212676421,-0.002983022487839
mech_019_PR_attrition_moderate,0.88,GBseg_rich,50.0,1400.0,neutral,22,-0.4268233683342983,542005.2117152048,0.000697919776874
mech_019_PR_attrition_moderate,0.88,GBseg_rich,50.0,1400.0,unattainable,37,,,
mech_019_PR_attrition_moderate,0.88,GBseg_rich,50.0,1450.0,harmful,39,-3.5685896303374487,1712417.7204833676,0.0010255201017854
mech_019_PR_attrition_moderate,0.88,GBseg_rich,50.0,1450.0,neutral,2,-0.7670380456561107,389551.40993440984,-8.34264499220555e-05
mech_019_PR_attrition_moderate,0.88,GBseg_rich,50.0,1450.0,unattainable,31,,,
mech_019_PR_attrition_moderate,0.88,GBseg_rich,50.0,1500.0,harmful,54,-6.686945985571818,1360734.6449801223,0.00036016841068665
mech_019_PR_attrition_moderate,0.88,GBseg_rich,50.0,1500.0,unattainable,18,,,
mech_019_PR_attrition_moderate,0.88,GBseg_rich,100.0,1300.0,neutral,4,0.00790847761792135,434331.4925588113,0.00239302547497975
mech_019_PR_attrition_moderate,0.88,GBseg_rich,100.0,1300.0,unattainable,68,,,
mech_019_PR_attrition_moderate,0.88,GBseg_rich,100.0,1350.0,beneficial,6,1.3827545819655014,1758679.0676389772,-0.00378024175698925
mech_019_PR_attrition_moderate,0.88,GBseg_rich,100.0,1350.0,neutral,13,0.1769383816949778,529113.3186705977,0.0028951905376462
mech_019_PR_attrition_moderate,0.88,GBseg_rich,100.0,1350.0,unattainable,53,,,
mech_019_PR_attrition_moderate,0.88,GBseg_rich,100.0,1400.0,harmful,15,-1.4601858608258018,2299864.7185175563,-0.0015795708724771
mech_019_PR_attrition_moderate,0.88,GBseg_rich,100.0,1400.0,neutral,20,-0.27674455272336224,539841.9287493308,0.0008867525363822
mech_019_PR_attrition_moderate,0.88,GBseg_rich,100.0,1400.0,unattainable,37,,,
mech_019_PR_attrition_moderate,0.88,GBseg_rich,100.0,1450.0,harmful,39,-4.030441116328588,1746910.2913622996,0.0007542961745846
mech_019_PR_attrition_moderate,0.88,GBseg_rich,100.0,1450.0,neutral,2,-0.7404892340211476,393843.2024265344,6.043530377808359e-05
mech_019_PR_attrition_moderate,0.88,GBseg_rich,100.0,1450.0,unattainable,31,,,
mech_019_PR_attrition_moderate,0.88,GBseg_rich,100.0,1500.0,harmful,54,-7.568817402721058,1385023.820050979,0.00039299569309830004
mech_019_PR_attrition_moderate,0.88,GBseg_rich,100.0,1500.0,unattainable,18,,,
mech_019_PR_attrition_moderate,0.88,TJ_rich,0.2,1300.0,unattainable,72,,,
mech_019_PR_attrition_moderate,0.88,TJ_rich,0.2,1350.0,unattainable,72,,,
mech_019_PR_attrition_moderate,0.88,TJ_rich,0.2,1400.0,unattainable,72,,,
mech_019_PR_attrition_moderate,0.88,TJ_rich,0.2,1450.0,unattainable,72,,,
mech_019_PR_attrition_moderate,0.88,TJ_rich,0.2,1500.0,unattainable,72,,,
mech_019_PR_attrition_moderate,0.88,TJ_rich,1.0,1300.0,unattainable,72,,,
mech_019_PR_attrition_moderate,0.88,TJ_rich,1.0,1350.0,neutral,4,0.0,0.0,0.0
mech_019_PR_attrition_moderate,0.88,TJ_rich,1.0,1350.0,unattainable,68,,,
mech_019_PR_attrition_moderate,0.88,TJ_rich,1.0,1400.0,neutral,19,0.0,0.0,0.0
mech_019_PR_attrition_moderate,0.88,TJ_rich,1.0,1400.0,unattainable,53,,,
mech_019_PR_attrition_moderate,0.88,TJ_rich,1.0,1450.0,neutral,34,0.0,0.0,0.0
mech_019_PR_attrition_moderate,0.88,TJ_rich,1.0,1450.0,unattainable,38,,,
mech_019_PR_attrition_moderate,0.88,TJ_rich,1.0,1500.0,neutral,41,0.0,0.0,0.0
mech_019_PR_attrition_moderate,0.88,TJ_rich,1.0,1500.0,unattainable,31,,,
mech_019_PR_attrition_moderate,0.88,TJ_rich,5.0,1300.0,unattainable,72,,,
mech_019_PR_attrition_moderate,0.88,TJ_rich,5.0,1350.0,neutral,4,-0.37173378130864165,116826.4465238459,0.0024681285054887004
mech_019_PR_attrition_moderate,0.88,TJ_rich,5.0,1350.0,unattainable,68,,,
mech_019_PR_attrition_moderate,0.88,TJ_rich,5.0,1400.0,beneficial,2,3.371510271995587,844902.4813131149,0.00904059735248835
mech_019_PR_attrition_moderate,0.88,TJ_rich,5.0,1400.0,harmful,4,-1.2126783339967062,98831.8509721522,0.0013734383620548
mech_019_PR_attrition_moderate,0.88,TJ_rich,5.0,1400.0,neutral,11,-0.5797568664949404,265056.9344542201,0.0020074645377505
mech_019_PR_attrition_moderate,0.88,TJ_rich,5.0,1400.0,unattainable,55,,,
mech_019_PR_attrition_moderate,0.88,TJ_rich,5.0,1450.0,beneficial,6,3.23926866090407,857280.0158725579,0.0076362408182247
mech_019_PR_attrition_moderate,0.88,TJ_rich,5.0,1450.0,harmful,20,-1.715047365499577,119596.52916060781,0.00136197007067205
mech_019_PR_attrition_moderate,0.88,TJ_rich,5.0,1450.0,neutral,5,0.1462927268126954,443405.63505576394,0.0041226672807313
mech_019_PR_attrition_moderate,0.88,TJ_rich,5.0,1450.0,unattainable,41,,,
mech_019_PR_attrition_moderate,0.88,TJ_rich,5.0,1500.0,beneficial,6,3.592890864374355,869983.033359316,0.007796275971367
mech_019_PR_attrition_moderate,0.88,TJ_rich,5.0,1500.0,harmful,26,-2.5263399646025273,140004.30388646817,0.0017377551296905
mech_019_PR_attrition_moderate,0.88,TJ_rich,5.0,1500.0,neutral,4,0.14960676173515658,441093.5300288498,0.00359754651317685
mech_019_PR_attrition_moderate,0.88,TJ_rich,5.0,1500.0,unattainable,36,,,
mech_019_PR_attrition_moderate,0.88,TJ_rich,20.0,1300.0,unattainable,72,,,
mech_019_PR_attrition_moderate,0.88,TJ_rich,20.0,1350.0,neutral,4,-0.4939440478158195,139513.60291655932,0.002406998941859
mech_019_PR_attrition_moderate,0.88,TJ_rich,20.0,1350.0,unattainable,68,,,
mech_019_PR_attrition_moderate,0.88,TJ_rich,20.0,1400.0,beneficial,2,3.4607030688424585,1054268.0440098085,0.01082475661155655
mech_019_PR_attrition_moderate,0.88,TJ_rich,20.0,1400.0,harmful,8,-1.3005069324701748,134783.29543689918,0.00144833539487575
mech_019_PR_attrition_moderate,0.88,TJ_rich,20.0,1400.0,neutral,7,-0.2939029754466256,319287.19145744847,0.0029796658488733
mech_019_PR_attrition_moderate,0.88,TJ_rich,20.0,1400.0,unattainable,55,,,
mech_019_PR_attrition_moderate,0.88,TJ_rich,20.0,1450.0,beneficial,6,3.1763684873973697,1070224.5221423768,0.0089972129297283
mech_019_PR_attrition_moderate,0.88,TJ_rich,20.0,1450.0,harmful,22,-2.071620930797289,154951.00675809238,0.001644675871876
mech_019_PR_attrition_moderate,0.88,TJ_rich,20.0,1450.0,neutral,3,-0.1614942004968866,536994.7631304339,0.005215611503368
mech_019_PR_attrition_moderate,0.88,TJ_rich,20.0,1450.0,unattainable,41,,,
mech_019_PR_attrition_moderate,0.88,TJ_rich,20.0,1500.0,beneficial,6,3.6164728552776646,1079434.7170755644,0.009778569608522
mech_019_PR_attrition_moderate,0.88,TJ_rich,20.0,1500.0,harmful,28,-3.467279228925319,170615.00778519124,0.0022029606758583
mech_019_PR_attrition_moderate,0.88,TJ_rich,20.0,1500.0,neutral,2,0.0001248666010303,528784.4105155477,0.0035114141754027
mech_019_PR_attrition_moderate,0.88,TJ_rich,20.0,1500.0,unattainable,36,,,
mech_019_PR_attrition_moderate,0.88,TJ_rich,50.0,1300.0,unattainable,72,,,
mech_019_PR_attrition_moderate,0.88,TJ_rich,50.0,1350.0,neutral,4,-0.6223307254405239,144100.77828477332,0.00247447223087605
mech_019_PR_attrition_moderate,0.88,TJ_rich,50.0,1350.0,unattainable,68,,,
mech_019_PR_attrition_moderate,0.88,TJ_rich,50.0,1400.0,beneficial,2,3.606183865709901,1099349.657180427,0.0115820316302778
mech_019_PR_attrition_moderate,0.88,TJ_rich,50.0,1400.0,harmful,9,-1.4128169909670043,147150.88193219446,0.0018112774211658
mech_019_PR_attrition_moderate,0.88,TJ_rich,50.0,1400.0,neutral,6,-0.0815632413217136,436576.5407342817,0.0026525287932483
mech_019_PR_attrition_moderate,0.88,TJ_rich,50.0,1400.0,unattainable,55,,,
mech_019_PR_attrition_moderate,0.88,TJ_rich,50.0,1450.0,beneficial,6,3.470852269295433,1115191.3473001989,0.0103038909356527
mech_019_PR_attrition_moderate,0.88,TJ_rich,50.0,1450.0,harmful,21,-2.243795945821994,172783.37823929562,0.0017258297093256
mech_019_PR_attrition_moderate,0.88,TJ_rich,50.0,1450.0,neutral,3,-0.6506007501941848,556193.673676114,0.004964450232693
mech_019_PR_attrition_moderate,0.88,TJ_rich,50.0,1450.0,unattainable,42,,,
mech_019_PR_attrition_moderate,0.88,TJ_rich,50.0,1500.0,beneficial,6,3.2415822160369747,1122398.897578101,0.0100393969521442
mech_019_PR_attrition_moderate,0.88,TJ_rich,50.0,1500.0,harmful,28,-3.7441679452396257,176225.6237685629,0.00218845676173675
mech_019_PR_attrition_moderate,0.88,TJ_rich,50.0,1500.0,neutral,2,-0.1514637579138698,547310.7212108121,0.0037471400425169
mech_019_PR_attrition_moderate,0.88,TJ_rich,50.0,1500.0,unattainable,36,,,
mech_019_PR_attrition_moderate,0.88,TJ_rich,100.0,1300.0,unattainable,72,,,
mech_019_PR_attrition_moderate,0.88,TJ_rich,100.0,1350.0,neutral,4,-0.6099512815478948,145635.7399885267,0.00268466540896625
mech_019_PR_attrition_moderate,0.88,TJ_rich,100.0,1350.0,unattainable,68,,,
mech_019_PR_attrition_moderate,0.88,TJ_rich,100.0,1400.0,beneficial,2,3.7741604311505585,1114637.823610784,0.011914913454355549
mech_019_PR_attrition_moderate,0.88,TJ_rich,100.0,1400.0,harmful,9,-1.2740269882090949,148689.83722610012,0.0019580092522203
mech_019_PR_attrition_moderate,0.88,TJ_rich,100.0,1400.0,neutral,6,-0.1570044058062957,442341.3096431719,0.0030608003274295
mech_019_PR_attrition_moderate,0.88,TJ_rich,100.0,1400.0,unattainable,55,,,
mech_019_PR_attrition_moderate,0.88,TJ_rich,100.0,1450.0,beneficial,5,3.641391296184392,1133396.1375111255,0.0099189866128442
mech_019_PR_attrition_moderate,0.88,TJ_rich,100.0,1450.0,harmful,21,-2.4908255585616117,174624.42324385588,0.0017081835545482
mech_019_PR_attrition_moderate,0.88,TJ_rich,100.0,1450.0,neutral,4,-0.5787049775409598,557691.9319579852,0.00418087738992915
mech_019_PR_attrition_moderate,0.88,TJ_rich,100.0,1450.0,unattainable,42,,,
mech_019_PR_attrition_moderate,0.88,TJ_rich,100.0,1500.0,beneficial,6,3.362245038709685,1136917.2808341174,0.0104841562239694
mech_019_PR_attrition_moderate,0.88,TJ_rich,100.0,1500.0,harmful,28,-3.802845179496046,178099.20936572488,0.0020346143357489
mech_019_PR_attrition_moderate,0.88,TJ_rich,100.0,1500.0,neutral,2,-0.2106969195983217,553517.9815822649,0.0038590699451444
mech_019_PR_attrition_moderate,0.88,TJ_rich,100.0,1500.0,unattainable,36,,,
mech_019_PR_attrition_moderate,0.88,baseline,0.2,1300.0,unattainable,72,,,
mech_019_PR_attrition_moderate,0.88,baseline,0.2,1350.0,unattainable,72,,,
mech_019_PR_attrition_moderate,0.88,baseline,0.2,1400.0,unattainable,72,,,
mech_019_PR_attrition_moderate,0.88,baseline,0.2,1450.0,unattainable,72,,,
mech_019_PR_attrition_moderate,0.88,baseline,0.2,1500.0,unattainable,72,,,
mech_019_PR_attrition_moderate,0.88,baseline,1.0,1300.0,unattainable,72,,,
mech_019_PR_attrition_moderate,0.88,baseline,1.0,1350.0,neutral,8,0.0,0.0,0.0
mech_019_PR_attrition_moderate,0.88,baseline,1.0,1350.0,unattainable,64,,,
mech_019_PR_attrition_moderate,0.88,baseline,1.0,1400.0,neutral,24,0.0,0.0,0.0
mech_019_PR_attrition_moderate,0.88,baseline,1.0,1400.0,unattainable,48,,,
mech_019_PR_attrition_moderate,0.88,baseline,1.0,1450.0,neutral,36,0.0,0.0,0.0
mech_019_PR_attrition_moderate,0.88,baseline,1.0,1450.0,unattainable,36,,,
mech_019_PR_attrition_moderate,0.88,baseline,1.0,1500.0,neutral,47,0.0,0.0,0.0
mech_019_PR_attrition_moderate,0.88,baseline,1.0,1500.0,unattainable,25,,,
mech_019_PR_attrition_moderate,0.88,baseline,5.0,1300.0,unattainable,72,,,
mech_019_PR_attrition_moderate,0.88,baseline,5.0,1350.0,neutral,8,-0.0191208176688908,278279.7556178119,0.00150460247371855
mech_019_PR_attrition_moderate,0.88,baseline,5.0,1350.0,unattainable,64,,,
mech_019_PR_attrition_moderate,0.88,baseline,5.0,1400.0,beneficial,3,2.511555959709422,1667710.01251549,0.0080526666262244
mech_019_PR_attrition_moderate,0.88,baseline,5.0,1400.0,harmful,4,-1.3641444535921803,515246.72664571134,0.0030531063359808003
mech_019_PR_attrition_moderate,0.88,baseline,5.0,1400.0,neutral,16,-0.5415743904120895,289543.5150770226,0.0014546168252408
mech_019_PR_attrition_moderate,0.88,baseline,5.0,1400.0,unattainable,49,,,
mech_019_PR_attrition_moderate,0.88,baseline,5.0,1450.0,beneficial,6,1.3813099331781298,1714299.773046272,0.0074546125950723
mech_019_PR_attrition_moderate,0.88,baseline,5.0,1450.0,harmful,22,-1.7003855543127009,350950.41576557554,0.0017818647624354
mech_019_PR_attrition_moderate,0.88,baseline,5.0,1450.0,neutral,8,-0.853869164976567,886485.8806735855,0.001377837276989
mech_019_PR_attrition_moderate,0.88,baseline,5.0,1450.0,unattainable,36,,,
mech_019_PR_attrition_moderate,0.88,baseline,5.0,1500.0,beneficial,2,2.2445908515790824,1833791.174391033,0.0060165005529974
mech_019_PR_attrition_moderate,0.88,baseline,5.0,1500.0,harmful,33,-3.007436662974937,351217.2283383738,0.0013976986765363
mech_019_PR_attrition_moderate,0.88,baseline,5.0,1500.0,neutral,7,-0.5622379200125914,1575342.3943547672,0.0069129606369377
mech_019_PR_attrition_moderate,0.88,baseline,5.0,1500.0,unattainable,30,,,
mech_019_PR_attrition_moderate,0.88,baseline,20.0,1300.0,unattainable,72,,,
mech_019_PR_attrition_moderate,0.88,baseline,20.0,1350.0,neutral,8,-0.041321883223550106,335323.97603522113,0.001758722141014
mech_019_PR_attrition_moderate,0.88,baseline,20.0,1350.0,unattainable,64,,,
mech_019_PR_attrition_moderate,0.88,baseline,20.0,1400.0,beneficial,3,2.458370689186734,2205026.0768510634,0.0090739331860707
mech_019_PR_attrition_moderate,0.88,baseline,20.0,1400.0,harmful,11,-1.3022220936963147,842676.9446904568,0.0030281317302937
mech_019_PR_attrition_moderate,0.88,baseline,20.0,1400.0,neutral,9,-0.6172364623466806,250319.2523747428,0.0012206542189446
mech_019_PR_attrition_moderate,0.88,baseline,20.0,1400.0,unattainable,49,,,
mech_019_PR_attrition_moderate,0.88,baseline,20.0,1450.0,beneficial,2,2.5500732059411138,2399697.12970429,0.0070053468375982
mech_019_PR_attrition_moderate,0.88,baseline,20.0,1450.0,harmful,30,-2.326364083882816,429380.2421059608,0.0017604505269246
mech_019_PR_attrition_moderate,0.88,baseline,20.0,1450.0,neutral,4,0.34361048623325874,2204091.073627565,0.01075733945494805
mech_019_PR_attrition_moderate,0.88,baseline,20.0,1450.0,unattainable,36,,,
mech_019_PR_attrition_moderate,0.88,baseline,20.0,1500.0,beneficial,2,1.3533015686549024,2413586.749211501,0.0066374429953891
mech_019_PR_attrition_moderate,0.88,baseline,20.0,1500.0,harmful,40,-3.898036176023906,435533.50010613794,0.0019720687157345
mech_019_PR_attrition_moderate,0.88,baseline,20.0,1500.0,unattainable,30,,,
mech_019_PR_attrition_moderate,0.88,baseline,50.0,1300.0,unattainable,72,,,
mech_019_PR_attrition_moderate,0.88,baseline,50.0,1350.0,neutral,8,-0.0504398751005715,346956.05600425694,0.00173335776135135
mech_019_PR_attrition_moderate,0.88,baseline,50.0,1350.0,unattainable,64,,,
mech_019_PR_attrition_moderate,0.88,baseline,50.0,1400.0,beneficial,3,2.0138548189536487,2332780.021059848,0.00862968099017
mech_019_PR_attrition_moderate,0.88,baseline,50.0,1400.0,harmful,12,-1.4065817785519166,663333.8677543899,0.0028305997930587502
mech_019_PR_attrition_moderate,0.88,baseline,50.0,1400.0,neutral,8,-0.6311271538478593,248326.8498172389,0.0014126969539628499
mech_019_PR_attrition_moderate,0.88,baseline,50.0,1400.0,unattainable,49,,,
mech_019_PR_attrition_moderate,0.88,baseline,50.0,1450.0,beneficial,2,1.8484466265631567,2534884.073982236,0.0066497377667845
mech_019_PR_attrition_moderate,0.88,baseline,50.0,1450.0,harmful,28,-2.3863169213202045,447297.5275599023,0.00185301723960605
mech_019_PR_attrition_moderate,0.88,baseline,50.0,1450.0,neutral,6,-0.737379189529107,2263580.6518717953,0.008555227809484
mech_019_PR_attrition_moderate,0.88,baseline,50.0,1450.0,unattainable,36,,,
mech_019_PR_attrition_moderate,0.88,baseline,50.0,1500.0,harmful,40,-4.241704248637119,450522.5544754132,0.00197435182991775
mech_019_PR_attrition_moderate,0.88,baseline,50.0,1500.0,neutral,2,0.2985303425940735,2551011.9140835023,0.0062254851565861
mech_019_PR_attrition_moderate,0.88,baseline,50.0,1500.0,unattainable,30,,,
mech_019_PR_attrition_moderate,0.88,baseline,100.0,1300.0,unattainable,72,,,
mech_019_PR_attrition_moderate,0.88,baseline,100.0,1350.0,neutral,8,-0.08068656951152345,350880.5994760358,0.00212794605504725
mech_019_PR_attrition_moderate,0.88,baseline,100.0,1350.0,unattainable,64,,,
mech_019_PR_attrition_moderate,0.88,baseline,100.0,1400.0,beneficial,3,1.76938677914143,2377450.177438087,0.0084964114032663
mech_019_PR_attrition_moderate,0.88,baseline,100.0,1400.0,harmful,10,-1.6291879824190152,451581.62324690376,0.0029046972337736
mech_019_PR_attrition_moderate,0.88,baseline,100.0,1400.0,neutral,10,-0.6926538404201629,270394.38874595775,0.0013121896489859
mech_019_PR_attrition_moderate,0.88,baseline,100.0,1400.0,unattainable,49,,,
mech_019_PR_attrition_moderate,0.88,baseline,100.0,1450.0,beneficial,2,1.4325217870031093,2582048.4262372297,0.0063772658662706
mech_019_PR_attrition_moderate,0.88,baseline,100.0,1450.0,harmful,28,-2.591473476511681,452311.4471882699,0.0016478179781229002
mech_019_PR_attrition_moderate,0.88,baseline,100.0,1450.0,neutral,6,-0.90759434316575,2313498.91979138,0.0087330120821991
mech_019_PR_attrition_moderate,0.88,baseline,100.0,1450.0,unattainable,36,,,
mech_019_PR_attrition_moderate,0.88,baseline,100.0,1500.0,harmful,40,-4.523781407413058,455538.1775853277,0.0023735578585837
mech_019_PR_attrition_moderate,0.88,baseline,100.0,1500.0,neutral,2,-0.4111304368352581,2599098.40437416,0.0058255933422292
mech_019_PR_attrition_moderate,0.88,baseline,100.0,1500.0,unattainable,30,,,
mech_019_PR_attrition_moderate,0.88,mixed_GBseg_TJ,0.2,1300.0,unattainable,72,,,
mech_019_PR_attrition_moderate,0.88,mixed_GBseg_TJ,0.2,1350.0,unattainable,72,,,
mech_019_PR_attrition_moderate,0.88,mixed_GBseg_TJ,0.2,1400.0,unattainable,72,,,
mech_019_PR_attrition_moderate,0.88,mixed_GBseg_TJ,0.2,1450.0,unattainable,72,,,
mech_019_PR_attrition_moderate,0.88,mixed_GBseg_TJ,0.2,1500.0,unattainable,72,,,
mech_019_PR_attrition_moderate,0.88,mixed_GBseg_TJ,1.0,1300.0,unattainable,72,,,
mech_019_PR_attrition_moderate,0.88,mixed_GBseg_TJ,1.0,1350.0,neutral,9,0.0,0.0,0.0
mech_019_PR_attrition_moderate,0.88,mixed_GBseg_TJ,1.0,1350.0,unattainable,63,,,
mech_019_PR_attrition_moderate,0.88,mixed_GBseg_TJ,1.0,1400.0,neutral,24,0.0,0.0,0.0
mech_019_PR_attrition_moderate,0.88,mixed_GBseg_TJ,1.0,1400.0,unattainable,48,,,
mech_019_PR_attrition_moderate,0.88,mixed_GBseg_TJ,1.0,1450.0,neutral,36,0.0,0.0,0.0
mech_019_PR_attrition_moderate,0.88,mixed_GBseg_TJ,1.0,1450.0,unattainable,36,,,
mech_019_PR_attrition_moderate,0.88,mixed_GBseg_TJ,1.0,1500.0,neutral,47,0.0,0.0,0.0
mech_019_PR_attrition_moderate,0.88,mixed_GBseg_TJ,1.0,1500.0,unattainable,25,,,
mech_019_PR_attrition_moderate,0.88,mixed_GBseg_TJ,5.0,1300.0,unattainable,72,,,
mech_019_PR_attrition_moderate,0.88,mixed_GBseg_TJ,5.0,1350.0,neutral,9,-0.2931287254122046,216588.21775013703,0.0020837294541418
mech_019_PR_attrition_moderate,0.88,mixed_GBseg_TJ,5.0,1350.0,unattainable,63,,,
mech_019_PR_attrition_moderate,0.88,mixed_GBseg_TJ,5.0,1400.0,beneficial,3,1.9275300088165737,1253277.001678591,0.007369503377536
mech_019_PR_attrition_moderate,0.88,mixed_GBseg_TJ,5.0,1400.0,harmful,6,-1.2369974191710569,217390.2973637858,0.0023316124941717
mech_019_PR_attrition_moderate,0.88,mixed_GBseg_TJ,5.0,1400.0,neutral,14,-0.7327194023175568,226970.69903050188,0.0018624439926386
mech_019_PR_attrition_moderate,0.88,mixed_GBseg_TJ,5.0,1400.0,unattainable,49,,,
mech_019_PR_attrition_moderate,0.88,mixed_GBseg_TJ,5.0,1450.0,beneficial,4,1.9395717659614478,1291054.7770138672,0.0067423839789977
mech_019_PR_attrition_moderate,0.88,mixed_GBseg_TJ,5.0,1450.0,harmful,26,-1.5698756289390468,217700.0875921236,0.0017492019302535
mech_019_PR_attrition_moderate,0.88,mixed_GBseg_TJ,5.0,1450.0,neutral,6,-0.2832933918449299,696741.4469056104,0.0046503482210454
mech_019_PR_attrition_moderate,0.88,mixed_GBseg_TJ,5.0,1450.0,unattainable,36,,,
mech_019_PR_attrition_moderate,0.88,mixed_GBseg_TJ,5.0,1500.0,beneficial,2,2.4308483911122405,1312628.40747259,0.0064303200213122
mech_019_PR_attrition_moderate,0.88,mixed_GBseg_TJ,5.0,1500.0,harmful,33,-3.065425229963915,217849.1895807494,0.002049052482479
mech_019_PR_attrition_moderate,0.88,mixed_GBseg_TJ,5.0,1500.0,neutral,7,-0.0783871894839594,1218824.54960451,0.0074114676399554
mech_019_PR_attrition_moderate,0.88,mixed_GBseg_TJ,5.0,1500.0,unattainable,30,,,
mech_019_PR_attrition_moderate,0.88,mixed_GBseg_TJ,20.0,1300.0,unattainable,72,,,
mech_019_PR_attrition_moderate,0.88,mixed_GBseg_TJ,20.0,1350.0,neutral,9,-0.3336148670146585,259791.21395180636,0.0021238568478051
mech_019_PR_attrition_moderate,0.88,mixed_GBseg_TJ,20.0,1350.0,unattainable,63,,,
mech_019_PR_attrition_moderate,0.88,mixed_GBseg_TJ,20.0,1400.0,beneficial,3,1.967648705809216,1589282.8404386768,0.0089087060648993
mech_019_PR_attrition_moderate,0.88,mixed_GBseg_TJ,20.0,1400.0,harmful,11,-1.5661616815482138,275822.17088443745,0.0029573065778067
mech_019_PR_attrition_moderate,0.88,mixed_GBseg_TJ,20.0,1400.0,neutral,9,-0.7633141150528674,191011.72550868255,0.0015679823281135
mech_019_PR_attrition_moderate,0.88,mixed_GBseg_TJ,20.0,1400.0,unattainable,49,,,
mech_019_PR_attrition_moderate,0.88,mixed_GBseg_TJ,20.0,1450.0,beneficial,2,2.3260839639420947,1644765.9851938058,0.0073627103551192
mech_019_PR_attrition_moderate,0.88,mixed_GBseg_TJ,20.0,1450.0,harmful,30,-2.028229949110086,267768.11288348224,0.0023094569915025
mech_019_PR_attrition_moderate,0.88,mixed_GBseg_TJ,20.0,1450.0,neutral,4,0.3616679271233974,1590879.2944176244,0.01111811991995325
mech_019_PR_attrition_moderate,0.88,mixed_GBseg_TJ,20.0,1450.0,unattainable,36,,,
mech_019_PR_attrition_moderate,0.88,mixed_GBseg_TJ,20.0,1500.0,beneficial,2,1.4026819646043378,1650621.340886403,0.0072450273191572
mech_019_PR_attrition_moderate,0.88,mixed_GBseg_TJ,20.0,1500.0,harmful,38,-3.871398965221985,272111.8479888804,0.002517328488192
mech_019_PR_attrition_moderate,0.88,mixed_GBseg_TJ,20.0,1500.0,neutral,2,-0.8275795725196934,1624820.3883102478,0.0084596692018721
mech_019_PR_attrition_moderate,0.88,mixed_GBseg_TJ,20.0,1500.0,unattainable,30,,,
mech_019_PR_attrition_moderate,0.88,mixed_GBseg_TJ,50.0,1300.0,unattainable,72,,,
mech_019_PR_attrition_moderate,0.88,mixed_GBseg_TJ,50.0,1350.0,neutral,9,-0.3922096249750426,268502.4935276349,0.001908921576967
mech_019_PR_attrition_moderate,0.88,mixed_GBseg_TJ,50.0,1350.0,unattainable,63,,,
mech_019_PR_attrition_moderate,0.88,mixed_GBseg_TJ,50.0,1400.0,beneficial,3,1.7272048140648062,1663342.3379994044,0.0090586949256303
mech_019_PR_attrition_moderate,0.88,mixed_GBseg_TJ,50.0,1400.0,harmful,13,-1.3399788665510688,284952.75977079367,0.0032641897123167
mech_019_PR_attrition_moderate,0.88,mixed_GBseg_TJ,50.0,1400.0,neutral,7,-0.7839867409144586,197217.16820920983,0.0023345345936294
mech_019_PR_attrition_moderate,0.88,mixed_GBseg_TJ,50.0,1400.0,unattainable,49,,,
mech_019_PR_attrition_moderate,0.88,mixed_GBseg_TJ,50.0,1450.0,beneficial,2,1.5060890670977516,1717803.768156629,0.0068549475136406
mech_019_PR_attrition_moderate,0.88,mixed_GBseg_TJ,50.0,1450.0,harmful,30,-2.347310636874213,276689.6950259127,0.0023743356749062
mech_019_PR_attrition_moderate,0.88,mixed_GBseg_TJ,50.0,1450.0,neutral,4,-0.16649204282806931,1668683.3253116417,0.0112809422498157
mech_019_PR_attrition_moderate,0.88,mixed_GBseg_TJ,50.0,1450.0,unattainable,36,,,
mech_019_PR_attrition_moderate,0.88,mixed_GBseg_TJ,50.0,1500.0,harmful,39,-4.089834624136994,285434.0721434435,0.0027498576216183
mech_019_PR_attrition_moderate,0.88,mixed_GBseg_TJ,50.0,1500.0,neutral,2,0.2363472359391554,1724137.7888949458,0.0066722544759088
mech_019_PR_attrition_moderate,0.88,mixed_GBseg_TJ,50.0,1500.0,unattainable,31,,,
mech_019_PR_attrition_moderate,0.88,mixed_GBseg_TJ,100.0,1300.0,unattainable,72,,,
mech_019_PR_attrition_moderate,0.88,mixed_GBseg_TJ,100.0,1350.0,neutral,9,-0.357386277134779,271444.61877740436,0.0022291073144234
mech_019_PR_attrition_moderate,0.88,mixed_GBseg_TJ,100.0,1350.0,unattainable,63,,,
mech_019_PR_attrition_moderate,0.88,mixed_GBseg_TJ,100.0,1400.0,beneficial,3,1.4875950219359422,1688572.0002696733,0.0087565476391793
mech_019_PR_attrition_moderate,0.88,mixed_GBseg_TJ,100.0,1400.0,harmful,16,-1.5449535277573436,283659.62608362257,0.00251967481224565
mech_019_PR_attrition_moderate,0.88,mixed_GBseg_TJ,100.0,1400.0,neutral,4,-0.5791649899538606,203363.2304661325,0.0010685841098071
mech_019_PR_attrition_moderate,0.88,mixed_GBseg_TJ,100.0,1400.0,unattainable,49,,,
mech_019_PR_attrition_moderate,0.88,mixed_GBseg_TJ,100.0,1450.0,beneficial,2,1.2519504603065343,1742681.7261875465,0.0067519639536121
mech_019_PR_attrition_moderate,0.88,mixed_GBseg_TJ,100.0,1450.0,harmful,30,-2.294914958378325,279671.7159544468,0.0024431641522429
mech_019_PR_attrition_moderate,0.88,mixed_GBseg_TJ,100.0,1450.0,neutral,4,-0.19640126683942535,1695437.8379227845,0.011682123249055251
mech_019_PR_attrition_moderate,0.88,mixed_GBseg_TJ,100.0,1450.0,unattainable,36,,,
mech_019_PR_attrition_moderate,0.88,mixed_GBseg_TJ,100.0,1500.0,harmful,38,-4.035907619355038,411037.6686854202,0.00263904898017565
mech_019_PR_attrition_moderate,0.88,mixed_GBseg_TJ,100.0,1500.0,neutral,2,0.606567709921839,1749196.4208958088,0.00746004117821
mech_019_PR_attrition_moderate,0.88,mixed_GBseg_TJ,100.0,1500.0,unattainable,32,,,
mech_019_PR_attrition_moderate,0.9,GBseg_rich,0.2,1300.0,unattainable,72,,,
mech_019_PR_attrition_moderate,0.9,GBseg_rich,0.2,1350.0,unattainable,72,,,
mech_019_PR_attrition_moderate,0.9,GBseg_rich,0.2,1400.0,unattainable,72,,,
mech_019_PR_attrition_moderate,0.9,GBseg_rich,0.2,1450.0,unattainable,72,,,
mech_019_PR_attrition_moderate,0.9,GBseg_rich,0.2,1500.0,unattainable,72,,,
mech_019_PR_attrition_moderate,0.9,GBseg_rich,1.0,1300.0,unattainable,72,,,
mech_019_PR_attrition_moderate,0.9,GBseg_rich,1.0,1350.0,neutral,12,0.0,0.0,0.0
mech_019_PR_attrition_moderate,0.9,GBseg_rich,1.0,1350.0,unattainable,60,,,
mech_019_PR_attrition_moderate,0.9,GBseg_rich,1.0,1400.0,neutral,27,0.0,0.0,0.0
mech_019_PR_attrition_moderate,0.9,GBseg_rich,1.0,1400.0,unattainable,45,,,
mech_019_PR_attrition_moderate,0.9,GBseg_rich,1.0,1450.0,neutral,39,0.0,0.0,0.0
mech_019_PR_attrition_moderate,0.9,GBseg_rich,1.0,1450.0,unattainable,33,,,
mech_019_PR_attrition_moderate,0.9,GBseg_rich,1.0,1500.0,neutral,51,0.0,0.0,0.0
mech_019_PR_attrition_moderate,0.9,GBseg_rich,1.0,1500.0,unattainable,21,,,
mech_019_PR_attrition_moderate,0.9,GBseg_rich,5.0,1300.0,unattainable,72,,,
mech_019_PR_attrition_moderate,0.9,GBseg_rich,5.0,1350.0,beneficial,2,1.4107014629265513,1182414.274615447,-0.00033922793736354995
mech_019_PR_attrition_moderate,0.9,GBseg_rich,5.0,1350.0,neutral,10,0.2113333039570772,422793.67615042813,-0.0006933854953557
mech_019_PR_attrition_moderate,0.9,GBseg_rich,5.0,1350.0,unattainable,60,,,
mech_019_PR_attrition_moderate,0.9,GBseg_rich,5.0,1400.0,beneficial,1,1.1375065043039545,2403985.862891228,0.0040779265395048
mech_019_PR_attrition_moderate,0.9,GBseg_rich,5.0,1400.0,harmful,4,-1.1532264490975233,1619396.3593260166,-0.00064250642416975
mech_019_PR_attrition_moderate,0.9,GBseg_rich,5.0,1400.0,neutral,22,-0.0987648537638831,725797.251735169,-0.0002215857820006
mech_019_PR_attrition_moderate,0.9,GBseg_rich,5.0,1400.0,unattainable,45,,,
mech_019_PR_attrition_moderate,0.9,GBseg_rich,5.0,1450.0,harmful,24,-2.1538082255049957,993806.9417544567,-0.00089671650802815
mech_019_PR_attrition_moderate,0.9,GBseg_rich,5.0,1450.0,neutral,12,-0.6592049432319979,1224028.9866415998,0.00173067229409895
mech_019_PR_attrition_moderate,0.9,GBseg_rich,5.0,1450.0,unattainable,36,,,
mech_019_PR_attrition_moderate,0.9,GBseg_rich,5.0,1500.0,harmful,45,-3.326279889600817,775404.6591801635,-0.0001105118114327
mech_019_PR_attrition_moderate,0.9,GBseg_rich,5.0,1500.0,neutral,2,-0.5221302812567178,2550869.23444008,0.0039718382760174
mech_019_PR_attrition_moderate,0.9,GBseg_rich,5.0,1500.0,unattainable,25,,,
mech_019_PR_attrition_moderate,0.9,GBseg_rich,20.0,1300.0,unattainable,72,,,
mech_019_PR_attrition_moderate,0.9,GBseg_rich,20.0,1350.0,beneficial,4,1.393032731620512,1486967.6091994653,-0.0018586845406982
mech_019_PR_attrition_moderate,0.9,GBseg_rich,20.0,1350.0,neutral,8,0.23502715307150412,495924.2278571602,-0.000876187843026
mech_019_PR_attrition_moderate,0.9,GBseg_rich,20.0,1350.0,unattainable,60,,,
mech_019_PR_attrition_moderate,0.9,GBseg_rich,20.0,1400.0,harmful,7,-1.540755045107905,2101773.3005578825,-0.0010295695755118
mech_019_PR_attrition_moderate,0.9,GBseg_rich,20.0,1400.0,neutral,20,-0.0478546954110447,719078.7931879925,-0.00046393827347545
mech_019_PR_attrition_moderate,0.9,GBseg_rich,20.0,1400.0,unattainable,45,,,
mech_019_PR_attrition_moderate,0.9,GBseg_rich,20.0,1450.0,harmful,34,-2.817672444830093,1614172.2170486012,-0.0004868823283053
mech_019_PR_attrition_moderate,0.9,GBseg_rich,20.0,1450.0,neutral,2,-0.6744052964438856,376718.68344766914,-0.001002868623304
mech_019_PR_attrition_moderate,0.9,GBseg_rich,20.0,1450.0,unattainable,36,,,
mech_019_PR_attrition_moderate,0.9,GBseg_rich,20.0,1500.0,harmful,47,-4.97941258050024,961921.1122747416,-0.0008238953531448
mech_019_PR_attrition_moderate,0.9,GBseg_rich,20.0,1500.0,unattainable,25,,,
mech_019_PR_attrition_moderate,0.9,GBseg_rich,50.0,1300.0,unattainable,72,,,
mech_019_PR_attrition_moderate,0.9,GBseg_rich,50.0,1350.0,beneficial,4,1.5506788772153475,1562751.3669115487,-0.00232397375467705
mech_019_PR_attrition_moderate,0.9,GBseg_rich,50.0,1350.0,neutral,8,0.2439172050437674,514315.00553148706,-0.00073841849730865
mech_019_PR_attrition_moderate,0.9,GBseg_rich,50.0,1350.0,unattainable,60,,,
mech_019_PR_attrition_moderate,0.9,GBseg_rich,50.0,1400.0,harmful,8,-1.719373797736282,2244362.9373713024,-0.0041579860540978
mech_019_PR_attrition_moderate,0.9,GBseg_rich,50.0,1400.0,neutral,19,-0.1011332572441384,541985.6275123208,-0.0004201891117148
mech_019_PR_attrition_moderate,0.9,GBseg_rich,50.0,1400.0,unattainable,45,,,
mech_019_PR_attrition_moderate,0.9,GBseg_rich,50.0,1450.0,harmful,34,-3.518720384407508,1712123.14068989,-0.0006744100526061
mech_019_PR_attrition_moderate,0.9,GBseg_rich,50.0,1450.0,neutral,2,-0.5691784760866271,389550.1768751837,-0.0007525091938153
mech_019_PR_attrition_moderate,0.9,GBseg_rich,50.0,1450.0,unattainable,36,,,
mech_019_PR_attrition_moderate,0.9,GBseg_rich,50.0,1500.0,harmful,47,-5.68412625785789,1001629.0434727628,-0.0009815987570948
mech_019_PR_attrition_moderate,0.9,GBseg_rich,50.0,1500.0,unattainable,25,,,
mech_019_PR_attrition_moderate,0.9,GBseg_rich,100.0,1300.0,unattainable,72,,,
mech_019_PR_attrition_moderate,0.9,GBseg_rich,100.0,1350.0,beneficial,4,1.6145802405722667,1589117.057984333,-0.00214679685602255
mech_019_PR_attrition_moderate,0.9,GBseg_rich,100.0,1350.0,neutral,8,0.2382583623165218,520454.2585476447,-0.0009562620443007
mech_019_PR_attrition_moderate,0.9,GBseg_rich,100.0,1350.0,unattainable,60,,,
mech_019_PR_attrition_moderate,0.9,GBseg_rich,100.0,1400.0,harmful,10,-1.335918108525191,2077521.3419341191,-0.0028426070345318
mech_019_PR_attrition_moderate,0.9,GBseg_rich,100.0,1400.0,neutral,17,0.0701971859715981,531361.728970006,-0.0001123356681955
mech_019_PR_attrition_moderate,0.9,GBseg_rich,100.0,1400.0,unattainable,45,,,
mech_019_PR_attrition_moderate,0.9,GBseg_rich,100.0,1450.0,harmful,34,-3.559507005736105,1746614.5872113763,-0.0013548618257477
mech_019_PR_attrition_moderate,0.9,GBseg_rich,100.0,1450.0,neutral,2,-0.5074310305389297,393841.9347883756,-0.0006050543811901
mech_019_PR_attrition_moderate,0.9,GBseg_rich,100.0,1450.0,unattainable,36,,,
mech_019_PR_attrition_moderate,0.9,GBseg_rich,100.0,1500.0,harmful,46,-6.668516157576212,1385000.6539090592,-0.0011353693635892
mech_019_PR_attrition_moderate,0.9,GBseg_rich,100.0,1500.0,unattainable,26,,,
mech_019_PR_attrition_moderate,0.9,TJ_rich,0.2,1300.0,unattainable,72,,,
mech_019_PR_attrition_moderate,0.9,TJ_rich,0.2,1350.0,unattainable,72,,,
mech_019_PR_attrition_moderate,0.9,TJ_rich,0.2,1400.0,unattainable,72,,,
mech_019_PR_attrition_moderate,0.9,TJ_rich,0.2,1450.0,unattainable,72,,,
mech_019_PR_attrition_moderate,0.9,TJ_rich,0.2,1500.0,unattainable,72,,,
mech_019_PR_attrition_moderate,0.9,TJ_rich,1.0,1300.0,unattainable,72,,,
mech_019_PR_attrition_moderate,0.9,TJ_rich,1.0,1350.0,unattainable,72,,,
mech_019_PR_attrition_moderate,0.9,TJ_rich,1.0,1400.0,neutral,11,0.0,0.0,0.0
mech_019_PR_attrition_moderate,0.9,TJ_rich,1.0,1400.0,unattainable,61,,,
mech_019_PR_attrition_moderate,0.9,TJ_rich,1.0,1450.0,neutral,26,0.0,0.0,0.0
mech_019_PR_attrition_moderate,0.9,TJ_rich,1.0,1450.0,unattainable,46,,,
mech_019_PR_attrition_moderate,0.9,TJ_rich,1.0,1500.0,neutral,36,0.0,0.0,0.0
mech_019_PR_attrition_moderate,0.9,TJ_rich,1.0,1500.0,unattainable,36,,,
mech_019_PR_attrition_moderate,0.9,TJ_rich,5.0,1300.0,unattainable,72,,,
mech_019_PR_attrition_moderate,0.9,TJ_rich,5.0,1350.0,unattainable,72,,,
mech_019_PR_attrition_moderate,0.9,TJ_rich,5.0,1400.0,beneficial,3,2.2022574888327857,446438.1726123629,0.0055625661248413
mech_019_PR_attrition_moderate,0.9,TJ_rich,5.0,1400.0,harmful,2,-1.207280039129,113585.3035705055,0.00094182154198135
mech_019_PR_attrition_moderate,0.9,TJ_rich,5.0,1400.0,neutral,6,-0.5513346683645773,125924.77972675383,0.0018122519509723998
mech_019_PR_attrition_moderate,0.9,TJ_rich,5.0,1400.0,unattainable,61,,,
mech_019_PR_attrition_moderate,0.9,TJ_rich,5.0,1450.0,beneficial,7,6.079043027367613,847336.2940609795,0.0053903635760948
mech_019_PR_attrition_moderate,0.9,TJ_rich,5.0,1450.0,harmful,9,-1.9465877094413384,103309.49423168604,0.0005395355494924
mech_019_PR_attrition_moderate,0.9,TJ_rich,5.0,1450.0,neutral,8,-0.1165960011641407,267463.18068170326,0.00269615745990835
mech_019_PR_attrition_moderate,0.9,TJ_rich,5.0,1450.0,unattainable,48,,,
mech_019_PR_attrition_moderate,0.9,TJ_rich,5.0,1500.0,beneficial,10,5.774856888442371,850747.0511456805,0.0053057053244946
mech_019_PR_attrition_moderate,0.9,TJ_rich,5.0,1500.0,harmful,18,-2.061798920454917,119589.391522767,0.0010393495351324
mech_019_PR_attrition_moderate,0.9,TJ_rich,5.0,1500.0,neutral,8,0.3426328094951052,267757.2106099318,0.0032679156996863502
mech_019_PR_attrition_moderate,0.9,TJ_rich,5.0,1500.0,unattainable,36,,,
mech_019_PR_attrition_moderate,0.9,TJ_rich,20.0,1300.0,unattainable,72,,,
mech_019_PR_attrition_moderate,0.9,TJ_rich,20.0,1350.0,unattainable,72,,,
mech_019_PR_attrition_moderate,0.9,TJ_rich,20.0,1400.0,beneficial,3,2.1956713597111697,543257.22209358,0.006144080165807
mech_019_PR_attrition_moderate,0.9,TJ_rich,20.0,1400.0,harmful,4,-1.5266204326073216,119828.07267917387,0.001368194490034
mech_019_PR_attrition_moderate,0.9,TJ_rich,20.0,1400.0,neutral,4,-0.4975012637405014,246418.10179551705,0.00228321333659405
mech_019_PR_attrition_moderate,0.9,TJ_rich,20.0,1400.0,unattainable,61,,,
mech_019_PR_attrition_moderate,0.9,TJ_rich,20.0,1450.0,beneficial,8,4.765737851783694,805126.5773825389,0.0071063086342193
mech_019_PR_attrition_moderate,0.9,TJ_rich,20.0,1450.0,harmful,10,-2.2760102255333576,125149.32770199416,0.0009727981528029
mech_019_PR_attrition_moderate,0.9,TJ_rich,20.0,1450.0,neutral,6,-0.4385019808971868,319137.0581434265,0.0018888521008292001
mech_019_PR_attrition_moderate,0.9,TJ_rich,20.0,1450.0,unattainable,48,,,
mech_019_PR_attrition_moderate,0.9,TJ_rich,20.0,1500.0,beneficial,10,6.798768420887544,1068896.6870927117,0.0065542067239751
mech_019_PR_attrition_moderate,0.9,TJ_rich,20.0,1500.0,harmful,20,-3.094932148972557,142634.31086714065,0.0011479544502854
mech_019_PR_attrition_moderate,0.9,TJ_rich,20.0,1500.0,neutral,6,-0.4666960461805173,320297.6783863943,0.0027724623732769
mech_019_PR_attrition_moderate,0.9,TJ_rich,20.0,1500.0,unattainable,36,,,
mech_019_PR_attrition_moderate,0.9,TJ_rich,50.0,1300.0,unattainable,72,,,
mech_019_PR_attrition_moderate,0.9,TJ_rich,50.0,1350.0,unattainable,72,,,
mech_019_PR_attrition_moderate,0.9,TJ_rich,50.0,1400.0,beneficial,3,2.4171347311085474,563271.8423993441,0.0065084120050826
mech_019_PR_attrition_moderate,0.9,TJ_rich,50.0,1400.0,harmful,4,-1.5555226296506885,121672.88113127631,0.0013649729789649
mech_019_PR_attrition_moderate,0.9,TJ_rich,50.0,1400.0,neutral,4,-0.7203309940949413,254679.71299564812,0.0024868839587913
mech_019_PR_attrition_moderate,0.9,TJ_rich,50.0,1400.0,unattainable,61,,,
mech_019_PR_attrition_moderate,0.9,TJ_rich,50.0,1450.0,beneficial,6,6.449882435178827,1111200.05723091,0.00776557074599815
mech_019_PR_attrition_moderate,0.9,TJ_rich,50.0,1450.0,harmful,11,-2.042498262110618,131255.17101015462,0.0012193612668508
mech_019_PR_attrition_moderate,0.9,TJ_rich,50.0,1450.0,neutral,7,0.3249474524974408,334354.30440748564,0.0043313649310895
mech_019_PR_attrition_moderate,0.9,TJ_rich,50.0,1450.0,unattainable,48,,,
mech_019_PR_attrition_moderate,0.9,TJ_rich,50.0,1500.0,beneficial,10,6.0364142381747135,1116384.764412971,0.0069167731436294
mech_019_PR_attrition_moderate,0.9,TJ_rich,50.0,1500.0,harmful,20,-3.0992716040371215,147256.0651439667,0.0010365922527652
mech_019_PR_attrition_moderate,0.9,TJ_rich,50.0,1500.0,neutral,6,-0.5662830612521401,331164.12202179944,0.0027855803502816
mech_019_PR_attrition_moderate,0.9,TJ_rich,50.0,1500.0,unattainable,36,,,
mech_019_PR_attrition_moderate,0.9,TJ_rich,100.0,1300.0,unattainable,72,,,
mech_019_PR_attrition_moderate,0.9,TJ_rich,100.0,1350.0,unattainable,72,,,
mech_019_PR_attrition_moderate,0.9,TJ_rich,100.0,1400.0,beneficial,3,1.8530377770023376,570029.241178412,0.0071505605083322
mech_019_PR_attrition_moderate,0.9,TJ_rich,100.0,1400.0,harmful,5,-1.408375304600635,128396.3510638023,0.0016473107835033
mech_019_PR_attrition_moderate,0.9,TJ_rich,100.0,1400.0,neutral,3,-0.2972611926550334,333722.50764617056,0.0026123311403464
mech_019_PR_attrition_moderate,0.9,TJ_rich,100.0,1400.0,unattainable,61,,,
mech_019_PR_attrition_moderate,0.9,TJ_rich,100.0,1450.0,beneficial,6,6.167286007745443,1127234.6046505654,0.00813376108862465
mech_019_PR_attrition_moderate,0.9,TJ_rich,100.0,1450.0,harmful,13,-2.1720083276450297,148684.7547819388,0.0008639238801101
mech_019_PR_attrition_moderate,0.9,TJ_rich,100.0,1450.0,neutral,5,0.6382012027382424,334453.6479160495,0.0028462632504462
mech_019_PR_attrition_moderate,0.9,TJ_rich,100.0,1450.0,unattainable,48,,,
mech_019_PR_attrition_moderate,0.9,TJ_rich,100.0,1500.0,beneficial,10,6.461955090780977,1132585.324586918,0.0069284727541708
mech_019_PR_attrition_moderate,0.9,TJ_rich,100.0,1500.0,harmful,22,-3.3416929203063557,148859.18606709523,0.0010219757625965
mech_019_PR_attrition_moderate,0.9,TJ_rich,100.0,1500.0,neutral,4,-0.16259262724090368,453493.60370266833,0.0042806570731437
mech_019_PR_attrition_moderate,0.9,TJ_rich,100.0,1500.0,unattainable,36,,,
mech_019_PR_attrition_moderate,0.9,baseline,0.2,1300.0,unattainable,72,,,
mech_019_PR_attrition_moderate,0.9,baseline,0.2,1350.0,unattainable,72,,,
mech_019_PR_attrition_moderate,0.9,baseline,0.2,1400.0,unattainable,72,,,
mech_019_PR_attrition_moderate,0.9,baseline,0.2,1450.0,unattainable,72,,,
mech_019_PR_attrition_moderate,0.9,baseline,0.2,1500.0,unattainable,72,,,
mech_019_PR_attrition_moderate,0.9,baseline,1.0,1300.0,unattainable,72,,,
mech_019_PR_attrition_moderate,0.9,baseline,1.0,1350.0,neutral,3,0.0,0.0,0.0
mech_019_PR_attrition_moderate,0.9,baseline,1.0,1350.0,unattainable,69,,,
mech_019_PR_attrition_moderate,0.9,baseline,1.0,1400.0,neutral,17,0.0,0.0,0.0
mech_019_PR_attrition_moderate,0.9,baseline,1.0,1400.0,unattainable,55,,,
mech_019_PR_attrition_moderate,0.9,baseline,1.0,1450.0,neutral,31,0.0,0.0,0.0
mech_019_PR_attrition_moderate,0.9,baseline,1.0,1450.0,unattainable,41,,,
mech_019_PR_attrition_moderate,0.9,baseline,1.0,1500.0,neutral,40,0.0,0.0,0.0
mech_019_PR_attrition_moderate,0.9,baseline,1.0,1500.0,unattainable,32,,,
mech_019_PR_attrition_moderate,0.9,baseline,5.0,1300.0,unattainable,72,,,
mech_019_PR_attrition_moderate,0.9,baseline,5.0,1350.0,neutral,3,-0.0418975824029933,195381.97728664003,0.0012023462478827
mech_019_PR_attrition_moderate,0.9,baseline,5.0,1350.0,unattainable,69,,,
mech_019_PR_attrition_moderate,0.9,baseline,5.0,1400.0,beneficial,3,4.238626562817045,1511663.4235002426,0.007585597561497
mech_019_PR_attrition_moderate,0.9,baseline,5.0,1400.0,harmful,1,-1.503516192932581,350226.43703050463,0.0006236953710196
mech_019_PR_attrition_moderate,0.9,baseline,5.0,1400.0,neutral,13,-0.143493138068751,355340.9394277685,0.0010987532124734
mech_019_PR_attrition_moderate,0.9,baseline,5.0,1400.0,unattainable,55,,,
mech_019_PR_attrition_moderate,0.9,baseline,5.0,1450.0,beneficial,5,3.770675493681929,1566300.2815983428,0.0083530903692464
mech_019_PR_attrition_moderate,0.9,baseline,5.0,1450.0,harmful,15,-1.212989854864576,209304.56759990723,0.0009783978135588
mech_019_PR_attrition_moderate,0.9,baseline,5.0,1450.0,neutral,9,-0.5842928047581768,695659.7044159931,0.0013439389699398
mech_019_PR_attrition_moderate,0.9,baseline,5.0,1450.0,unattainable,43,,,
mech_019_PR_attrition_moderate,0.9,baseline,5.0,1500.0,beneficial,6,4.9990777927656795,1722604.397440683,0.0082089171650088
mech_019_PR_attrition_moderate,0.9,baseline,5.0,1500.0,harmful,24,-2.151310578594345,287606.1349977231,0.0006215618383868999
mech_019_PR_attrition_moderate,0.9,baseline,5.0,1500.0,neutral,6,-0.4305139888665616,1079503.830819717,0.0022062953459349
mech_019_PR_attrition_moderate,0.9,baseline,5.0,1500.0,unattainable,36,,,
mech_019_PR_attrition_moderate,0.9,baseline,20.0,1300.0,unattainable,72,,,
mech_019_PR_attrition_moderate,0.9,baseline,20.0,1350.0,neutral,3,-0.0428565507133052,234166.718082466,0.0017072618460775
mech_019_PR_attrition_moderate,0.9,baseline,20.0,1350.0,unattainable,69,,,
mech_019_PR_attrition_moderate,0.9,baseline,20.0,1400.0,beneficial,3,4.272466142753568,2024075.5220102295,0.0092367253604593
mech_019_PR_attrition_moderate,0.9,baseline,20.0,1400.0,harmful,3,-1.114446141867858,423926.2509740596,0.0016075909258941
mech_019_PR_attrition_moderate,0.9,baseline,20.0,1400.0,neutral,11,-0.3405476877740844,428643.35123315855,0.0010710018584655
mech_019_PR_attrition_moderate,0.9,baseline,20.0,1400.0,unattainable,55,,,
mech_019_PR_attrition_moderate,0.9,baseline,20.0,1450.0,beneficial,5,2.68352725882769,2123344.7756655663,0.0087988924110335
mech_019_PR_attrition_moderate,0.9,baseline,20.0,1450.0,harmful,17,-1.6735215251966795,267798.6981076532,0.0010090090936229
mech_019_PR_attrition_moderate,0.9,baseline,20.0,1450.0,neutral,7,-0.7966925986117986,850971.8041781917,0.0019156236944504
mech_019_PR_attrition_moderate,0.9,baseline,20.0,1450.0,unattainable,43,,,
mech_019_PR_attrition_moderate,0.9,baseline,20.0,1500.0,beneficial,6,4.623476934235984,2300819.444662745,0.0092318003238483
mech_019_PR_attrition_moderate,0.9,baseline,20.0,1500.0,harmful,26,-2.9105436275482823,425196.9486437783,0.0009516749249734
mech_019_PR_attrition_moderate,0.9,baseline,20.0,1500.0,neutral,4,-0.5669675069454471,1114440.2897687273,0.0016827385097088498
mech_019_PR_attrition_moderate,0.9,baseline,20.0,1500.0,unattainable,36,,,
mech_019_PR_attrition_moderate,0.9,baseline,50.0,1300.0,unattainable,72,,,
mech_019_PR_attrition_moderate,0.9,baseline,50.0,1350.0,neutral,3,-0.052500103709917,242005.62385637336,0.0016591423305179
mech_019_PR_attrition_moderate,0.9,baseline,50.0,1350.0,unattainable,69,,,
mech_019_PR_attrition_moderate,0.9,baseline,50.0,1400.0,beneficial,2,4.525936907530039,2240485.941367776,0.01049111789468935
mech_019_PR_attrition_moderate,0.9,baseline,50.0,1400.0,harmful,4,-1.1030709539656791,441309.4349820789,0.00165144793580715
mech_019_PR_attrition_moderate,0.9,baseline,50.0,1400.0,neutral,11,-0.3848354194976827,449571.6971065907,0.001005857404648
mech_019_PR_attrition_moderate,0.9,baseline,50.0,1400.0,unattainable,55,,,
mech_019_PR_attrition_moderate,0.9,baseline,50.0,1450.0,beneficial,4,3.5615886016599143,2343074.5957917627,0.010650959846925049
mech_019_PR_attrition_moderate,0.9,baseline,50.0,1450.0,harmful,21,-1.7521677595475385,439975.4537133478,0.0011633486272524
mech_019_PR_attrition_moderate,0.9,baseline,50.0,1450.0,neutral,4,-0.46800969740596426,666617.1288846685,0.00104695777156785
mech_019_PR_attrition_moderate,0.9,baseline,50.0,1450.0,unattainable,43,,,
mech_019_PR_attrition_moderate,0.9,baseline,50.0,1500.0,beneficial,6,3.5896081487362346,2442223.1041696854,0.0088268875119559
mech_019_PR_attrition_moderate,0.9,baseline,50.0,1500.0,harmful,28,-3.1326160449816127,442531.1662996122,0.0009250361428515
mech_019_PR_attrition_moderate,0.9,baseline,50.0,1500.0,neutral,2,0.2868882914636234,1436472.945426565,0.0026222144963422
mech_019_PR_attrition_moderate,0.9,baseline,50.0,1500.0,unattainable,36,,,
mech_019_PR_attrition_moderate,0.9,baseline,100.0,1300.0,unattainable,72,,,
mech_019_PR_attrition_moderate,0.9,baseline,100.0,1350.0,neutral,3,-0.0386494023188786,244637.1265285865,0.0014976590957364
mech_019_PR_attrition_moderate,0.9,baseline,100.0,1350.0,unattainable,69,,,
mech_019_PR_attrition_moderate,0.9,baseline,100.0,1400.0,beneficial,3,3.793028306202529,2192797.2856945205,0.0096228983027475
mech_019_PR_attrition_moderate,0.9,baseline,100.0,1400.0,harmful,5,-1.291012282486376,448596.0105536743,0.001072448611284
mech_019_PR_attrition_moderate,0.9,baseline,100.0,1400.0,neutral,9,-0.4094453808652816,279374.74448205734,0.0005954128527934
mech_019_PR_attrition_moderate,0.9,baseline,100.0,1400.0,unattainable,55,,,
mech_019_PR_attrition_moderate,0.9,baseline,100.0,1450.0,beneficial,5,1.8119176733029387,2313249.176929223,0.0088064865204827
mech_019_PR_attrition_moderate,0.9,baseline,100.0,1450.0,harmful,20,-2.130307992292514,447220.3388045373,0.0016412976002206999
mech_019_PR_attrition_moderate,0.9,baseline,100.0,1450.0,neutral,4,-0.5863359494068068,367424.6726516695,0.0010301970728645
mech_019_PR_attrition_moderate,0.9,baseline,100.0,1450.0,unattainable,43,,,
mech_019_PR_attrition_moderate,0.9,baseline,100.0,1500.0,beneficial,4,5.02158061448643,2545678.1568295895,0.00828145607009895
mech_019_PR_attrition_moderate,0.9,baseline,100.0,1500.0,harmful,28,-3.2700891272485944,447585.63537708117,0.00092714827013385
mech_019_PR_attrition_moderate,0.9,baseline,100.0,1500.0,neutral,4,0.264510773205917,1897892.1917108563,0.0071850153645882
mech_019_PR_attrition_moderate,0.9,baseline,100.0,1500.0,unattainable,36,,,
mech_019_PR_attrition_moderate,0.9,mixed_GBseg_TJ,0.2,1300.0,unattainable,72,,,
mech_019_PR_attrition_moderate,0.9,mixed_GBseg_TJ,0.2,1350.0,unattainable,72,,,
mech_019_PR_attrition_moderate,0.9,mixed_GBseg_TJ,0.2,1400.0,unattainable,72,,,
mech_019_PR_attrition_moderate,0.9,mixed_GBseg_TJ,0.2,1450.0,unattainable,72,,,
mech_019_PR_attrition_moderate,0.9,mixed_GBseg_TJ,0.2,1500.0,unattainable,72,,,
mech_019_PR_attrition_moderate,0.9,mixed_GBseg_TJ,1.0,1300.0,unattainable,72,,,
mech_019_PR_attrition_moderate,0.9,mixed_GBseg_TJ,1.0,1350.0,neutral,3,0.0,0.0,0.0
mech_019_PR_attrition_moderate,0.9,mixed_GBseg_TJ,1.0,1350.0,unattainable,69,,,
mech_019_PR_attrition_moderate,0.9,mixed_GBseg_TJ,1.0,1400.0,neutral,17,0.0,0.0,0.0
mech_019_PR_attrition_moderate,0.9,mixed_GBseg_TJ,1.0,1400.0,unattainable,55,,,
mech_019_PR_attrition_moderate,0.9,mixed_GBseg_TJ,1.0,1450.0,neutral,34,0.0,0.0,0.0
mech_019_PR_attrition_moderate,0.9,mixed_GBseg_TJ,1.0,1450.0,unattainable,38,,,
mech_019_PR_attrition_moderate,0.9,mixed_GBseg_TJ,1.0,1500.0,neutral,41,0.0,0.0,0.0
mech_019_PR_attrition_moderate,0.9,mixed_GBseg_TJ,1.0,1500.0,unattainable,31,,,
mech_019_PR_attrition_moderate,0.9,mixed_GBseg_TJ,5.0,1300.0,unattainable,72,,,
mech_019_PR_attrition_moderate,0.9,mixed_GBseg_TJ,5.0,1350.0,neutral,3,-0.222568169902773,136019.58389008036,0.0015710182881339
mech_019_PR_attrition_moderate,0.9,mixed_GBseg_TJ,5.0,1350.0,unattainable,69,,,
mech_019_PR_attrition_moderate,0.9,mixed_GBseg_TJ,5.0,1400.0,beneficial,3,3.176164241269567,1188075.460046472,0.0070615746013313
mech_019_PR_attrition_moderate,0.9,mixed_GBseg_TJ,5.0,1400.0,harmful,2,-1.1681607247061048,176834.63642276346,0.0013556227971867
mech_019_PR_attrition_moderate,0.9,mixed_GBseg_TJ,5.0,1400.0,neutral,12,-0.30975247080826024,226971.72814538446,0.00178162786380545
mech_019_PR_attrition_moderate,0.9,mixed_GBseg_TJ,5.0,1400.0,unattainable,55,,,
mech_019_PR_attrition_moderate,0.9,mixed_GBseg_TJ,5.0,1450.0,beneficial,6,3.9963690758884827,1243527.2411854914,0.0075735175493361
mech_019_PR_attrition_moderate,0.9,mixed_GBseg_TJ,5.0,1450.0,harmful,11,-1.7641371025426882,139440.8384409238,0.0013051869191932
mech_019_PR_attrition_moderate,0.9,mixed_GBseg_TJ,5.0,1450.0,neutral,14,-0.7055804302859945,323227.7475193958,0.00185312517505645
mech_019_PR_attrition_moderate,0.9,mixed_GBseg_TJ,5.0,1450.0,unattainable,41,,,
mech_019_PR_attrition_moderate,0.9,mixed_GBseg_TJ,5.0,1500.0,beneficial,6,4.413652757555444,1278176.0799597586,0.0078528065113569
mech_019_PR_attrition_moderate,0.9,mixed_GBseg_TJ,5.0,1500.0,harmful,24,-2.148091988071674,192318.55847408687,0.00143608641371975
mech_019_PR_attrition_moderate,0.9,mixed_GBseg_TJ,5.0,1500.0,neutral,6,-0.7267168342120511,694717.9185102268,0.0027049268278245
mech_019_PR_attrition_moderate,0.9,mixed_GBseg_TJ,5.0,1500.0,unattainable,36,,,
mech_019_PR_attrition_moderate,0.9,mixed_GBseg_TJ,20.0,1300.0,unattainable,72,,,
mech_019_PR_attrition_moderate,0.9,mixed_GBseg_TJ,20.0,1350.0,neutral,3,-0.2613632819634169,162444.27669800865,0.0017351810431429
mech_019_PR_attrition_moderate,0.9,mixed_GBseg_TJ,20.0,1350.0,unattainable,69,,,
mech_019_PR_attrition_moderate,0.9,mixed_GBseg_TJ,20.0,1400.0,beneficial,2,4.807878948607111,1557441.677561444,0.010986923789197751
mech_019_PR_attrition_moderate,0.9,mixed_GBseg_TJ,20.0,1400.0,harmful,3,-1.4063545571133729,260724.99830669252,0.0015210967838586
mech_019_PR_attrition_moderate,0.9,mixed_GBseg_TJ,20.0,1400.0,neutral,12,-0.4727771010199544,387909.2226650787,0.00198489300547745
mech_019_PR_attrition_moderate,0.9,mixed_GBseg_TJ,20.0,1400.0,unattainable,55,,,
mech_019_PR_attrition_moderate,0.9,mixed_GBseg_TJ,20.0,1450.0,beneficial,5,4.004648326731815,1617786.1936492545,0.0085049390974256
mech_019_PR_attrition_moderate,0.9,mixed_GBseg_TJ,20.0,1450.0,harmful,21,-1.6592489374456774,261108.24939749783,0.001876467315751
mech_019_PR_attrition_moderate,0.9,mixed_GBseg_TJ,20.0,1450.0,neutral,4,0.12100506092887024,849327.6489646207,0.00382936731403925
mech_019_PR_attrition_moderate,0.9,mixed_GBseg_TJ,20.0,1450.0,unattainable,42,,,
mech_019_PR_attrition_moderate,0.9,mixed_GBseg_TJ,20.0,1500.0,beneficial,6,3.166331587691373,1624803.7563594016,0.0083133598458104
mech_019_PR_attrition_moderate,0.9,mixed_GBseg_TJ,20.0,1500.0,harmful,28,-3.012151777597124,264614.98568719596,0.0017264919000416
mech_019_PR_attrition_moderate,0.9,mixed_GBseg_TJ,20.0,1500.0,neutral,2,-0.4285493879710503,846587.2849827183,0.0027373906647815
mech_019_PR_attrition_moderate,0.9,mixed_GBseg_TJ,20.0,1500.0,unattainable,36,,,
mech_019_PR_attrition_moderate,0.9,mixed_GBseg_TJ,50.0,1300.0,unattainable,72,,,
mech_019_PR_attrition_moderate,0.9,mixed_GBseg_TJ,50.0,1350.0,neutral,3,-0.2929482866811221,167755.73735150843,0.0020503930983071
mech_019_PR_attrition_moderate,0.9,mixed_GBseg_TJ,50.0,1350.0,unattainable,69,,,
mech_019_PR_attrition_moderate,0.9,mixed_GBseg_TJ,50.0,1400.0,beneficial,2,4.6194594198307914,1632492.564392308,0.011087736135008599
mech_019_PR_attrition_moderate,0.9,mixed_GBseg_TJ,50.0,1400.0,harmful,3,-1.3332107265982018,269508.5675697882,0.0022530136660601
mech_019_PR_attrition_moderate,0.9,mixed_GBseg_TJ,50.0,1400.0,neutral,12,-0.5306343954150602,401176.330542891,0.0019803612961456
mech_019_PR_attrition_moderate,0.9,mixed_GBseg_TJ,50.0,1400.0,unattainable,55,,,
mech_019_PR_attrition_moderate,0.9,mixed_GBseg_TJ,50.0,1450.0,beneficial,5,3.988516119342,1693981.1190678806,0.0089442595150328
mech_019_PR_attrition_moderate,0.9,mixed_GBseg_TJ,50.0,1450.0,harmful,20,-1.8785271842057885,269896.5613441129,0.0020356213109824
mech_019_PR_attrition_moderate,0.9,mixed_GBseg_TJ,50.0,1450.0,neutral,5,-0.9256871787640976,876655.5371972332,0.0033495312232439
mech_019_PR_attrition_moderate,0.9,mixed_GBseg_TJ,50.0,1450.0,unattainable,42,,,
mech_019_PR_attrition_moderate,0.9,mixed_GBseg_TJ,50.0,1500.0,beneficial,6,2.9941015211305633,1701657.1223593384,0.0088099779460089
mech_019_PR_attrition_moderate,0.9,mixed_GBseg_TJ,50.0,1500.0,harmful,30,-3.2863444369359485,276866.77813053504,0.0016737065473325
mech_019_PR_attrition_moderate,0.9,mixed_GBseg_TJ,50.0,1500.0,unattainable,36,,,
mech_019_PR_attrition_moderate,0.9,mixed_GBseg_TJ,100.0,1300.0,unattainable,72,,,
mech_019_PR_attrition_moderate,0.9,mixed_GBseg_TJ,100.0,1350.0,neutral,3,-0.2843771158514878,169537.2443566464,0.0023033055507927
mech_019_PR_attrition_moderate,0.9,mixed_GBseg_TJ,100.0,1350.0,unattainable,69,,,
mech_019_PR_attrition_moderate,0.9,mixed_GBseg_TJ,100.0,1400.0,beneficial,2,4.283058023887753,1658156.0577737698,0.0107681162409426
mech_019_PR_attrition_moderate,0.9,mixed_GBseg_TJ,100.0,1400.0,harmful,5,-1.239339390100504,279323.59288438316,0.0015842781617249
mech_019_PR_attrition_moderate,0.9,mixed_GBseg_TJ,100.0,1400.0,neutral,10,-0.5334510559721326,369663.9841118208,0.00163553576368895
mech_019_PR_attrition_moderate,0.9,mixed_GBseg_TJ,100.0,1400.0,unattainable,55,,,
mech_019_PR_attrition_moderate,0.9,mixed_GBseg_TJ,100.0,1450.0,beneficial,5,4.475520134550941,1720078.4060803496,0.0096899308098654
mech_019_PR_attrition_moderate,0.9,mixed_GBseg_TJ,100.0,1450.0,harmful,21,-1.8384563481124896,272834.18803639046,0.0020691649874657
mech_019_PR_attrition_moderate,0.9,mixed_GBseg_TJ,100.0,1450.0,neutral,4,-0.5909886983931582,892087.3793306382,0.00363538456963835
mech_019_PR_attrition_moderate,0.9,mixed_GBseg_TJ,100.0,1450.0,unattainable,42,,,
mech_019_PR_attrition_moderate,0.9,mixed_GBseg_TJ,100.0,1500.0,beneficial,6,3.23474251495751,1727997.6825949815,0.0093734393824725
mech_019_PR_attrition_moderate,0.9,mixed_GBseg_TJ,100.0,1500.0,harmful,30,-3.412504189009423,279850.99655649095,0.001696745129513
mech_019_PR_attrition_moderate,0.9,mixed_GBseg_TJ,100.0,1500.0,unattainable,36,,,
mech_019_PR_attrition_moderate,0.92,GBseg_rich,0.2,1300.0,unattainable,72,,,
mech_019_PR_attrition_moderate,0.92,GBseg_rich,0.2,1350.0,unattainable,72,,,
mech_019_PR_attrition_moderate,0.92,GBseg_rich,0.2,1400.0,unattainable,72,,,
mech_019_PR_attrition_moderate,0.92,GBseg_rich,0.2,1450.0,unattainable,72,,,
mech_019_PR_attrition_moderate,0.92,GBseg_rich,0.2,1500.0,unattainable,72,,,
mech_019_PR_attrition_moderate,0.92,GBseg_rich,1.0,1300.0,unattainable,72,,,
mech_019_PR_attrition_moderate,0.92,GBseg_rich,1.0,1350.0,neutral,3,0.0,0.0,0.0
mech_019_PR_attrition_moderate,0.92,GBseg_rich,1.0,1350.0,unattainable,69,,,
mech_019_PR_attrition_moderate,0.92,GBseg_rich,1.0,1400.0,neutral,20,0.0,0.0,0.0
mech_019_PR_attrition_moderate,0.92,GBseg_rich,1.0,1400.0,unattainable,52,,,
mech_019_PR_attrition_moderate,0.92,GBseg_rich,1.0,1450.0,neutral,35,0.0,0.0,0.0
mech_019_PR_attrition_moderate,0.92,GBseg_rich,1.0,1450.0,unattainable,37,,,
mech_019_PR_attrition_moderate,0.92,GBseg_rich,1.0,1500.0,neutral,43,0.0,0.0,0.0
mech_019_PR_attrition_moderate,0.92,GBseg_rich,1.0,1500.0,unattainable,29,,,
mech_019_PR_attrition_moderate,0.92,GBseg_rich,5.0,1300.0,unattainable,72,,,
mech_019_PR_attrition_moderate,0.92,GBseg_rich,5.0,1350.0,neutral,3,0.3079490516766898,399114.47052212106,-0.0003782893264501
mech_019_PR_attrition_moderate,0.92,GBseg_rich,5.0,1350.0,unattainable,69,,,
mech_019_PR_attrition_moderate,0.92,GBseg_rich,5.0,1400.0,beneficial,2,3.648472351383101,2010327.57190808,0.0086414077495378
mech_019_PR_attrition_moderate,0.92,GBseg_rich,5.0,1400.0,neutral,18,0.09085038626806766,725600.9307616288,-0.0009833056135216
mech_019_PR_attrition_moderate,0.92,GBseg_rich,5.0,1400.0,unattainable,52,,,
mech_019_PR_attrition_moderate,0.92,GBseg_rich,5.0,1450.0,beneficial,5,2.361414040271508,2289839.6633620346,0.0072592892195308
mech_019_PR_attrition_moderate,0.92,GBseg_rich,5.0,1450.0,harmful,22,-2.1565859777078717,1212680.9685061288,-0.0013004485879202
mech_019_PR_attrition_moderate,0.92,GBseg_rich,5.0,1450.0,neutral,8,-0.5448685587948724,303296.281523906,-0.0006772531987463001
mech_019_PR_attrition_moderate,0.92,GBseg_rich,5.0,1450.0,unattainable,37,,,
mech_019_PR_attrition_moderate,0.92,GBseg_rich,5.0,1500.0,beneficial,6,2.7496328520575752,2310625.324731312,0.0080123472465925
mech_019_PR_attrition_moderate,0.92,GBseg_rich,5.0,1500.0,harmful,32,-2.804008199120088,742709.3625755075,-0.0009862570319888
mech_019_PR_attrition_moderate,0.92,GBseg_rich,5.0,1500.0,unattainable,34,,,
mech_019_PR_attrition_moderate,0.92,GBseg_rich,20.0,1300.0,unattainable,72,,,
mech_019_PR_attrition_moderate,0.92,GBseg_rich,20.0,1350.0,beneficial,1,1.231209770338544,888829.412334089,-0.002819851723699
mech_019_PR_attrition_moderate,0.92,GBseg_rich,20.0,1350.0,neutral,2,0.22219332820793275,408313.4376424004,-0.0007741921179494
mech_019_PR_attrition_moderate,0.92,GBseg_rich,20.0,1350.0,unattainable,69,,,
mech_019_PR_attrition_moderate,0.92,GBseg_rich,20.0,1400.0,beneficial,2,2.4905580522112594,2777012.108440456,0.0070795354959288
mech_019_PR_attrition_moderate,0.92,GBseg_rich,20.0,1400.0,harmful,4,-1.4408402358869945,1705549.1899464522,-0.0033165940973319003
mech_019_PR_attrition_moderate,0.92,GBseg_rich,20.0,1400.0,neutral,14,0.18952017624679074,514915.6006863838,-0.0015002009240658
mech_019_PR_attrition_moderate,0.92,GBseg_rich,20.0,1400.0,unattainable,52,,,
mech_019_PR_attrition_moderate,0.92,GBseg_rich,20.0,1450.0,beneficial,1,2.002998518242848,3608577.6123298537,0.0045863551988225
mech_019_PR_attrition_moderate,0.92,GBseg_rich,20.0,1450.0,harmful,26,-2.7180158487223864,961033.345406696,-0.002499464788421
mech_019_PR_attrition_moderate,0.92,GBseg_rich,20.0,1450.0,neutral,8,-0.18187161128660762,1653507.4033852662,0.0021851663091437
mech_019_PR_attrition_moderate,0.92,GBseg_rich,20.0,1450.0,unattainable,37,,,
mech_019_PR_attrition_moderate,0.92,GBseg_rich,20.0,1500.0,harmful,34,-3.8344039848484206,961921.3385098513,-0.0020068367123233
mech_019_PR_attrition_moderate,0.92,GBseg_rich,20.0,1500.0,neutral,2,0.5278595095873422,3669823.4283343423,0.0040112325654517
mech_019_PR_attrition_moderate,0.92,GBseg_rich,20.0,1500.0,unattainable,36,,,
mech_019_PR_attrition_moderate,0.92,GBseg_rich,50.0,1300.0,unattainable,72,,,
mech_019_PR_attrition_moderate,0.92,GBseg_rich,50.0,1350.0,beneficial,1,1.273795087582131,928117.2266823356,-0.0031045870138241
mech_019_PR_attrition_moderate,0.92,GBseg_rich,50.0,1350.0,neutral,2,0.22775769984212216,423214.49382511684,-0.0006739817706676999
mech_019_PR_attrition_moderate,0.92,GBseg_rich,50.0,1350.0,unattainable,69,,,
mech_019_PR_attrition_moderate,0.92,GBseg_rich,50.0,1400.0,beneficial,2,2.071096837426894,2973569.825804065,0.00634148082732615
mech_019_PR_attrition_moderate,0.92,GBseg_rich,50.0,1400.0,harmful,5,-1.267275710791592,2242885.3364459807,-0.0034260682720535
mech_019_PR_attrition_moderate,0.92,GBseg_rich,50.0,1400.0,neutral,13,0.3520316227426537,525121.3488215554,-0.001482525868415
mech_019_PR_attrition_moderate,0.92,GBseg_rich,50.0,1400.0,unattainable,52,,,
mech_019_PR_attrition_moderate,0.92,GBseg_rich,50.0,1450.0,harmful,26,-3.1864798984284524,1712000.4667852845,-0.002892683910277
mech_019_PR_attrition_moderate,0.92,GBseg_rich,50.0,1450.0,neutral,9,-0.7082523156845189,542688.8123431291,-0.0007950102106202
mech_019_PR_attrition_moderate,0.92,GBseg_rich,50.0,1450.0,unattainable,37,,,
mech_019_PR_attrition_moderate,0.92,GBseg_rich,50.0,1500.0,harmful,35,-4.551823114556312,1001630.1958773304,-0.0023747018021617
mech_019_PR_attrition_moderate,0.92,GBseg_rich,50.0,1500.0,neutral,2,-0.9305776567239274,4005382.306689658,0.0026314770410373
mech_019_PR_attrition_moderate,0.92,GBseg_rich,50.0,1500.0,unattainable,35,,,
mech_019_PR_attrition_moderate,0.92,GBseg_rich,100.0,1300.0,unattainable,72,,,
mech_019_PR_attrition_moderate,0.92,GBseg_rich,100.0,1350.0,beneficial,1,1.3770545942182453,941664.278299869,-0.002797224965792
mech_019_PR_attrition_moderate,0.92,GBseg_rich,100.0,1350.0,neutral,2,0.2392683994170794,428232.45975512895,-0.0006691214502179
mech_019_PR_attrition_moderate,0.92,GBseg_rich,100.0,1350.0,unattainable,69,,,
mech_019_PR_attrition_moderate,0.92,GBseg_rich,100.0,1400.0,beneficial,2,2.1044321962118078,3043873.9834888503,0.0062121427904644495
mech_019_PR_attrition_moderate,0.92,GBseg_rich,100.0,1400.0,harmful,5,-1.8027483980103989,2293575.5636829725,-0.0037731994094607
mech_019_PR_attrition_moderate,0.92,GBseg_rich,100.0,1400.0,neutral,13,0.3049198534626398,531333.1841019557,-0.0016050326657545
mech_019_PR_attrition_moderate,0.92,GBseg_rich,100.0,1400.0,unattainable,52,,,
mech_019_PR_attrition_moderate,0.92,GBseg_rich,100.0,1450.0,harmful,30,-2.963898864030985,1746509.1699477632,-0.0032845522621854
mech_019_PR_attrition_moderate,0.92,GBseg_rich,100.0,1450.0,neutral,5,-0.181976403297903,393841.2885290624,-0.0006251473322037
mech_019_PR_attrition_moderate,0.92,GBseg_rich,100.0,1450.0,unattainable,37,,,
mech_019_PR_attrition_moderate,0.92,GBseg_rich,100.0,1500.0,harmful,37,-4.307687359152393,1754919.6495068332,-0.0025617213540584
mech_019_PR_attrition_moderate,0.92,GBseg_rich,100.0,1500.0,unattainable,35,,,
mech_019_PR_attrition_moderate,0.92,TJ_rich,0.2,1300.0,unattainable,72,,,
mech_019_PR_attrition_moderate,0.92,TJ_rich,0.2,1350.0,unattainable,72,,,
mech_019_PR_attrition_moderate,0.92,TJ_rich,0.2,1400.0,unattainable,72,,,
mech_019_PR_attrition_moderate,0.92,TJ_rich,0.2,1450.0,unattainable,72,,,
mech_019_PR_attrition_moderate,0.92,TJ_rich,0.2,1500.0,unattainable,72,,,
mech_019_PR_attrition_moderate,0.92,TJ_rich,1.0,1300.0,unattainable,72,,,
mech_019_PR_attrition_moderate,0.92,TJ_rich,1.0,1350.0,unattainable,72,,,
mech_019_PR_attrition_moderate,0.92,TJ_rich,1.0,1400.0,neutral,3,0.0,0.0,0.0
mech_019_PR_attrition_moderate,0.92,TJ_rich,1.0,1400.0,unattainable,69,,,
mech_019_PR_attrition_moderate,0.92,TJ_rich,1.0,1450.0,neutral,17,0.0,0.0,0.0
mech_019_PR_attrition_moderate,0.92,TJ_rich,1.0,1450.0,unattainable,55,,,
mech_019_PR_attrition_moderate,0.92,TJ_rich,1.0,1500.0,neutral,29,0.0,0.0,0.0
mech_019_PR_attrition_moderate,0.92,TJ_rich,1.0,1500.0,unattainable,43,,,
mech_019_PR_attrition_moderate,0.92,TJ_rich,5.0,1300.0,unattainable,72,,,
mech_019_PR_attrition_moderate,0.92,TJ_rich,5.0,1350.0,unattainable,72,,,
mech_019_PR_attrition_moderate,0.92,TJ_rich,5.0,1400.0,neutral,3,-0.5901666681125739,94426.5142786176,0.0010691651039096
mech_019_PR_attrition_moderate,0.92,TJ_rich,5.0,1400.0,unattainable,69,,,
mech_019_PR_attrition_moderate,0.92,TJ_rich,5.0,1450.0,beneficial,9,3.877345124054889,437461.0619477579,0.0026638191381645
mech_019_PR_attrition_moderate,0.92,TJ_rich,5.0,1450.0,harmful,2,-1.1157138524224153,91004.38512250251,0.0011115511450280999
mech_019_PR_attrition_moderate,0.92,TJ_rich,5.0,1450.0,neutral,6,-0.2859002006291307,119596.94844270854,0.00053752639770415
mech_019_PR_attrition_moderate,0.92,TJ_rich,5.0,1450.0,unattainable,55,,,
mech_019_PR_attrition_moderate,0.92,TJ_rich,5.0,1500.0,beneficial,14,5.269707980811025,444088.9582346944,0.002908000779807
mech_019_PR_attrition_moderate,0.92,TJ_rich,5.0,1500.0,harmful,8,-1.4421731135196385,100601.43486584726,0.0012191843691613498
mech_019_PR_attrition_moderate,0.92,TJ_rich,5.0,1500.0,neutral,7,0.3667916749832255,119685.45482790956,0.0010222451192991
mech_019_PR_attrition_moderate,0.92,TJ_rich,5.0,1500.0,unattainable,43,,,
mech_019_PR_attrition_moderate,0.92,TJ_rich,20.0,1300.0,unattainable,72,,,
mech_019_PR_attrition_moderate,0.92,TJ_rich,20.0,1350.0,unattainable,72,,,
mech_019_PR_attrition_moderate,0.92,TJ_rich,20.0,1400.0,neutral,3,-0.6142947259242133,112625.85608099715,0.0013697820533678
mech_019_PR_attrition_moderate,0.92,TJ_rich,20.0,1400.0,unattainable,69,,,
mech_019_PR_attrition_moderate,0.92,TJ_rich,20.0,1450.0,beneficial,8,5.063148991030777,532487.3671318179,0.00299741129695765
mech_019_PR_attrition_moderate,0.92,TJ_rich,20.0,1450.0,harmful,2,-1.5664659916637,108524.50970981654,0.0011971330822838498
mech_019_PR_attrition_moderate,0.92,TJ_rich,20.0,1450.0,neutral,7,-0.4852343808334317,142636.75067947508,0.0009318380038801
mech_019_PR_attrition_moderate,0.92,TJ_rich,20.0,1450.0,unattainable,55,,,
mech_019_PR_attrition_moderate,0.92,TJ_rich,20.0,1500.0,beneficial,14,5.454745501589187,537835.3531551345,0.0034553462376478
mech_019_PR_attrition_moderate,0.92,TJ_rich,20.0,1500.0,harmful,10,-2.324713629682695,123211.7577122679,0.0011013099243159
mech_019_PR_attrition_moderate,0.92,TJ_rich,20.0,1500.0,neutral,5,-0.0185068784200859,173849.03273526308,0.000878736528697
mech_019_PR_attrition_moderate,0.92,TJ_rich,20.0,1500.0,unattainable,43,,,
mech_019_PR_attrition_moderate,0.92,TJ_rich,50.0,1300.0,unattainable,72,,,
mech_019_PR_attrition_moderate,0.92,TJ_rich,50.0,1350.0,unattainable,72,,,
mech_019_PR_attrition_moderate,0.92,TJ_rich,50.0,1400.0,neutral,3,-0.7717743799494394,116285.3674882914,0.0014467235337523
mech_019_PR_attrition_moderate,0.92,TJ_rich,50.0,1400.0,unattainable,69,,,
mech_019_PR_attrition_moderate,0.92,TJ_rich,50.0,1450.0,beneficial,8,5.529593652213242,551341.3080047513,0.00318088399913945
mech_019_PR_attrition_moderate,0.92,TJ_rich,50.0,1450.0,harmful,2,-1.481469664305482,112046.76971488105,0.00161037465385845
mech_019_PR_attrition_moderate,0.92,TJ_rich,50.0,1450.0,neutral,7,-0.636084700761132,147257.95483460874,0.0007497222329548
mech_019_PR_attrition_moderate,0.92,TJ_rich,50.0,1450.0,unattainable,55,,,
mech_019_PR_attrition_moderate,0.92,TJ_rich,50.0,1500.0,beneficial,15,4.31463233707075,557073.4164225403,0.0035278076539758
mech_019_PR_attrition_moderate,0.92,TJ_rich,50.0,1500.0,harmful,10,-2.1402788406913578,127204.5519601346,0.0016292615440579
mech_019_PR_attrition_moderate,0.92,TJ_rich,50.0,1500.0,neutral,4,-0.6561846577718136,163432.8719528022,0.00082230238231725
mech_019_PR_attrition_moderate,0.92,TJ_rich,50.0,1500.0,unattainable,43,,,
mech_019_PR_attrition_moderate,0.92,TJ_rich,100.0,1300.0,unattainable,72,,,
mech_019_PR_attrition_moderate,0.92,TJ_rich,100.0,1350.0,unattainable,72,,,
mech_019_PR_attrition_moderate,0.92,TJ_rich,100.0,1400.0,neutral,3,-0.6992641868006415,117508.37305625368,0.0017617185748571
mech_019_PR_attrition_moderate,0.92,TJ_rich,100.0,1400.0,unattainable,69,,,
mech_019_PR_attrition_moderate,0.92,TJ_rich,100.0,1450.0,beneficial,8,5.456826650958843,557661.3576269255,0.00344856378196915
mech_019_PR_attrition_moderate,0.92,TJ_rich,100.0,1450.0,harmful,3,-1.7595449546053694,117598.1965576304,0.0011590081210075
mech_019_PR_attrition_moderate,0.92,TJ_rich,100.0,1450.0,neutral,6,-0.1640023235783286,161715.4324497842,0.00092712517417265
mech_019_PR_attrition_moderate,0.92,TJ_rich,100.0,1450.0,unattainable,55,,,
mech_019_PR_attrition_moderate,0.92,TJ_rich,100.0,1500.0,beneficial,13,6.313172342823153,563525.9309333039,0.0033934979176763
mech_019_PR_attrition_moderate,0.92,TJ_rich,100.0,1500.0,harmful,10,-2.5556100222910634,128536.99442348114,0.0012140466159228
mech_019_PR_attrition_moderate,0.92,TJ_rich,100.0,1500.0,neutral,6,-0.06942704996912406,181452.62653529493,0.0011736291774519
mech_019_PR_attrition_moderate,0.92,TJ_rich,100.0,1500.0,unattainable,43,,,
mech_019_PR_attrition_moderate,0.92,baseline,0.2,1300.0,unattainable,72,,,
mech_019_PR_attrition_moderate,0.92,baseline,0.2,1350.0,unattainable,72,,,
mech_019_PR_attrition_moderate,0.92,baseline,0.2,1400.0,unattainable,72,,,
mech_019_PR_attrition_moderate,0.92,baseline,0.2,1450.0,unattainable,72,,,
mech_019_PR_attrition_moderate,0.92,baseline,0.2,1500.0,unattainable,72,,,
mech_019_PR_attrition_moderate,0.92,baseline,1.0,1300.0,unattainable,72,,,
mech_019_PR_attrition_moderate,0.92,baseline,1.0,1350.0,unattainable,72,,,
mech_019_PR_attrition_moderate,0.92,baseline,1.0,1400.0,neutral,7,0.0,0.0,0.0
mech_019_PR_attrition_moderate,0.92,baseline,1.0,1400.0,unattainable,65,,,
mech_019_PR_attrition_moderate,0.92,baseline,1.0,1450.0,neutral,22,0.0,0.0,0.0
mech_019_PR_attrition_moderate,0.92,baseline,1.0,1450.0,unattainable,50,,,
mech_019_PR_attrition_moderate,0.92,baseline,1.0,1500.0,neutral,35,0.0,0.0,0.0
mech_019_PR_attrition_moderate,0.92,baseline,1.0,1500.0,unattainable,37,,,
mech_019_PR_attrition_moderate,0.92,baseline,5.0,1300.0,unattainable,72,,,
mech_019_PR_attrition_moderate,0.92,baseline,5.0,1350.0,unattainable,72,,,
mech_019_PR_attrition_moderate,0.92,baseline,5.0,1400.0,beneficial,1,2.383635114865485,1027933.7246653268,0.0049025951325123
mech_019_PR_attrition_moderate,0.92,baseline,5.0,1400.0,neutral,6,-0.10431723590063424,202520.50178626325,0.0004565506115346
mech_019_PR_attrition_moderate,0.92,baseline,5.0,1400.0,unattainable,65,,,
mech_019_PR_attrition_moderate,0.92,baseline,5.0,1450.0,beneficial,8,3.7721523852760157,1088274.992549662,0.0037600240700296
mech_019_PR_attrition_moderate,0.92,baseline,5.0,1450.0,harmful,6,-1.0251960602658634,196123.98258941644,0.000770788265264
mech_019_PR_attrition_moderate,0.92,baseline,5.0,1450.0,neutral,8,-0.08145103372752009,289918.00955226674,0.00054220013540945
mech_019_PR_attrition_moderate,0.92,baseline,5.0,1450.0,unattainable,50,,,
mech_019_PR_attrition_moderate,0.92,baseline,5.0,1500.0,beneficial,13,6.736849567959435,1101226.8240392902,0.00391827368966
mech_019_PR_attrition_moderate,0.92,baseline,5.0,1500.0,harmful,12,-1.887430235368623,194710.85486141883,0.00036536107217425
mech_019_PR_attrition_moderate,0.92,baseline,5.0,1500.0,neutral,10,-0.1036541244514175,361852.0407706338,0.000614721948988
mech_019_PR_attrition_moderate,0.92,baseline,5.0,1500.0,unattainable,37,,,
mech_019_PR_attrition_moderate,0.92,baseline,20.0,1300.0,unattainable,72,,,
mech_019_PR_attrition_moderate,0.92,baseline,20.0,1350.0,unattainable,72,,,
mech_019_PR_attrition_moderate,0.92,baseline,20.0,1400.0,beneficial,1,2.012429762114178,1310386.125677772,0.0051474074744088
mech_019_PR_attrition_moderate,0.92,baseline,20.0,1400.0,neutral,6,-0.3488618576691168,242567.98759634263,0.0006324428505198999
mech_019_PR_attrition_moderate,0.92,baseline,20.0,1400.0,unattainable,65,,,
mech_019_PR_attrition_moderate,0.92,baseline,20.0,1450.0,beneficial,8,3.6662423460512477,1366611.6270846766,0.00423362185161035
mech_019_PR_attrition_moderate,0.92,baseline,20.0,1450.0,harmful,5,-1.6469478544733795,205553.5533020152,0.0003704491725161
mech_019_PR_attrition_moderate,0.92,baseline,20.0,1450.0,neutral,9,-0.6414522322867297,424837.0153421515,0.0006968228317543
mech_019_PR_attrition_moderate,0.92,baseline,20.0,1450.0,unattainable,50,,,
mech_019_PR_attrition_moderate,0.92,baseline,20.0,1500.0,beneficial,11,6.572826796999535,1377089.150669547,0.0033509066581971
mech_019_PR_attrition_moderate,0.92,baseline,20.0,1500.0,harmful,16,-2.0571405674919627,242925.29531467252,0.0004986331139747501
mech_019_PR_attrition_moderate,0.92,baseline,20.0,1500.0,neutral,8,0.11185094254718925,643855.8580676457,0.0010685609131297
mech_019_PR_attrition_moderate,0.92,baseline,20.0,1500.0,unattainable,37,,,
mech_019_PR_attrition_moderate,0.92,baseline,50.0,1300.0,unattainable,72,,,
mech_019_PR_attrition_moderate,0.92,baseline,50.0,1350.0,unattainable,72,,,
mech_019_PR_attrition_moderate,0.92,baseline,50.0,1400.0,beneficial,1,2.0034811029154627,1373071.058641503,0.0053002560187994
mech_019_PR_attrition_moderate,0.92,baseline,50.0,1400.0,neutral,6,-0.32680877313722967,250663.04022263683,0.0006868898174917
mech_019_PR_attrition_moderate,0.92,baseline,50.0,1400.0,unattainable,65,,,
mech_019_PR_attrition_moderate,0.92,baseline,50.0,1450.0,beneficial,8,4.209387199349887,1426918.638139985,0.00441151396735785
mech_019_PR_attrition_moderate,0.92,baseline,50.0,1450.0,harmful,5,-1.424680507890854,212293.82670359177,-2.0200307362723543e-05
mech_019_PR_attrition_moderate,0.92,baseline,50.0,1450.0,neutral,9,-0.6709893352796615,439980.45717319497,0.0005631649736935
mech_019_PR_attrition_moderate,0.92,baseline,50.0,1450.0,unattainable,50,,,
mech_019_PR_attrition_moderate,0.92,baseline,50.0,1500.0,beneficial,11,6.995780418418675,1436471.5289953032,0.0034677184832827
mech_019_PR_attrition_moderate,0.92,baseline,50.0,1500.0,harmful,14,-1.7628781856112796,258992.6018127022,0.0005016732115877
mech_019_PR_attrition_moderate,0.92,baseline,50.0,1500.0,neutral,10,-0.3652930456051523,450523.5375648236,0.0006009229251014
mech_019_PR_attrition_moderate,0.92,baseline,50.0,1500.0,unattainable,37,,,
mech_019_PR_attrition_moderate,0.92,baseline,100.0,1300.0,unattainable,72,,,
mech_019_PR_attrition_moderate,0.92,baseline,100.0,1350.0,unattainable,72,,,
mech_019_PR_attrition_moderate,0.92,baseline,100.0,1400.0,beneficial,1,1.737066496635405,1394491.8309251957,0.0049880129715788
mech_019_PR_attrition_moderate,0.92,baseline,100.0,1400.0,harmful,1,-1.14004757868813,245317.76313277168,0.0001107938093978
mech_019_PR_attrition_moderate,0.92,baseline,100.0,1400.0,neutral,5,-0.4692429105457356,261414.3887013147,0.0008745312628754
mech_019_PR_attrition_moderate,0.92,baseline,100.0,1400.0,unattainable,65,,,
mech_019_PR_attrition_moderate,0.92,baseline,100.0,1450.0,beneficial,8,3.9980289221650924,1447420.225822582,0.0039740959556591
mech_019_PR_attrition_moderate,0.92,baseline,100.0,1450.0,harmful,6,-1.7669637714819828,245591.17141354477,0.0004866689530526
mech_019_PR_attrition_moderate,0.92,baseline,100.0,1450.0,neutral,8,-0.6173274637754016,364499.1898732791,0.00039182832653859997
mech_019_PR_attrition_moderate,0.92,baseline,100.0,1450.0,unattainable,50,,,
mech_019_PR_attrition_moderate,0.92,baseline,100.0,1500.0,beneficial,11,6.92914544112359,1456628.552869207,0.0035393232312106
mech_019_PR_attrition_moderate,0.92,baseline,100.0,1500.0,harmful,16,-1.7677936689383373,253747.539180853,0.00071071047783855
mech_019_PR_attrition_moderate,0.92,baseline,100.0,1500.0,neutral,8,-0.24034698301957302,676207.070666104,0.0011596233831653
mech_019_PR_attrition_moderate,0.92,baseline,100.0,1500.0,unattainable,37,,,
mech_019_PR_attrition_moderate,0.92,mixed_GBseg_TJ,0.2,1300.0,unattainable,72,,,
mech_019_PR_attrition_moderate,0.92,mixed_GBseg_TJ,0.2,1350.0,unattainable,72,,,
mech_019_PR_attrition_moderate,0.92,mixed_GBseg_TJ,0.2,1400.0,unattainable,72,,,
mech_019_PR_attrition_moderate,0.92,mixed_GBseg_TJ,0.2,1450.0,unattainable,72,,,
mech_019_PR_attrition_moderate,0.92,mixed_GBseg_TJ,0.2,1500.0,unattainable,72,,,
mech_019_PR_attrition_moderate,0.92,mixed_GBseg_TJ,1.0,1300.0,unattainable,72,,,
mech_019_PR_attrition_moderate,0.92,mixed_GBseg_TJ,1.0,1350.0,unattainable,72,,,
mech_019_PR_attrition_moderate,0.92,mixed_GBseg_TJ,1.0,1400.0,neutral,10,0.0,0.0,0.0
mech_019_PR_attrition_moderate,0.92,mixed_GBseg_TJ,1.0,1400.0,unattainable,62,,,
mech_019_PR_attrition_moderate,0.92,mixed_GBseg_TJ,1.0,1450.0,neutral,23,0.0,0.0,0.0
mech_019_PR_attrition_moderate,0.92,mixed_GBseg_TJ,1.0,1450.0,unattainable,49,,,
mech_019_PR_attrition_moderate,0.92,mixed_GBseg_TJ,1.0,1500.0,neutral,36,0.0,0.0,0.0
mech_019_PR_attrition_moderate,0.92,mixed_GBseg_TJ,1.0,1500.0,unattainable,36,,,
mech_019_PR_attrition_moderate,0.92,mixed_GBseg_TJ,5.0,1300.0,unattainable,72,,,
mech_019_PR_attrition_moderate,0.92,mixed_GBseg_TJ,5.0,1350.0,unattainable,72,,,
mech_019_PR_attrition_moderate,0.92,mixed_GBseg_TJ,5.0,1400.0,beneficial,2,4.676472966918715,938959.0068886215,0.00711217372036935
mech_019_PR_attrition_moderate,0.92,mixed_GBseg_TJ,5.0,1400.0,harmful,1,-1.0013116870067378,136281.21435778003,0.0005219592792039
mech_019_PR_attrition_moderate,0.92,mixed_GBseg_TJ,5.0,1400.0,neutral,7,-0.231017201412635,217403.4634002242,0.0010563582532835
mech_019_PR_attrition_moderate,0.92,mixed_GBseg_TJ,5.0,1400.0,unattainable,62,,,
mech_019_PR_attrition_moderate,0.92,mixed_GBseg_TJ,5.0,1450.0,beneficial,7,2.448101978907959,696698.8095969307,0.0044099726559826
mech_019_PR_attrition_moderate,0.92,mixed_GBseg_TJ,5.0,1450.0,harmful,7,-1.45907844110591,136397.39720289208,0.0008371498631074
mech_019_PR_attrition_moderate,0.92,mixed_GBseg_TJ,5.0,1450.0,neutral,9,0.3026003772131401,230848.27833623593,0.0009279793778899
mech_019_PR_attrition_moderate,0.92,mixed_GBseg_TJ,5.0,1450.0,unattainable,49,,,
mech_019_PR_attrition_moderate,0.92,mixed_GBseg_TJ,5.0,1500.0,beneficial,10,7.297426607174627,1218754.448714069,0.005361658983174
mech_019_PR_attrition_moderate,0.92,mixed_GBseg_TJ,5.0,1500.0,harmful,12,-2.015422313030882,145232.70540712698,0.0009998566784093499
mech_019_PR_attrition_moderate,0.92,mixed_GBseg_TJ,5.0,1500.0,neutral,14,-0.6869730195756417,423224.247175396,0.0009048184918335
mech_019_PR_attrition_moderate,0.92,mixed_GBseg_TJ,5.0,1500.0,unattainable,36,,,
mech_019_PR_attrition_moderate,0.92,mixed_GBseg_TJ,20.0,1300.0,unattainable,72,,,
mech_019_PR_attrition_moderate,0.92,mixed_GBseg_TJ,20.0,1350.0,unattainable,72,,,
mech_019_PR_attrition_moderate,0.92,mixed_GBseg_TJ,20.0,1400.0,beneficial,2,5.111261170496661,1188378.9903291762,0.0084858345914793
mech_019_PR_attrition_moderate,0.92,mixed_GBseg_TJ,20.0,1400.0,harmful,1,-1.2145256881404825,162755.21844602795,0.0008950137926287
mech_019_PR_attrition_moderate,0.92,mixed_GBseg_TJ,20.0,1400.0,neutral,7,-0.470487452608287,260741.6864564278,0.0012187358254778
mech_019_PR_attrition_moderate,0.92,mixed_GBseg_TJ,20.0,1400.0,unattainable,62,,,
mech_019_PR_attrition_moderate,0.92,mixed_GBseg_TJ,20.0,1450.0,beneficial,8,2.444074733114972,857900.0920316892,0.0058556651845739
mech_019_PR_attrition_moderate,0.92,mixed_GBseg_TJ,20.0,1450.0,harmful,7,-2.350667099354232,162896.17371658378,0.0005017658709834
mech_019_PR_attrition_moderate,0.92,mixed_GBseg_TJ,20.0,1450.0,neutral,8,-0.3090152052294691,271952.83009496937,0.00132744944623285
mech_019_PR_attrition_moderate,0.92,mixed_GBseg_TJ,20.0,1450.0,unattainable,49,,,
mech_019_PR_attrition_moderate,0.92,mixed_GBseg_TJ,20.0,1500.0,beneficial,12,5.850233693365128,1215901.5485662275,0.0059227699855365
mech_019_PR_attrition_moderate,0.92,mixed_GBseg_TJ,20.0,1500.0,harmful,20,-2.190897779293311,195106.36720997246,0.0006847750344207
mech_019_PR_attrition_moderate,0.92,mixed_GBseg_TJ,20.0,1500.0,neutral,4,-0.6867120317926754,511699.01655738655,0.0012834935626052
mech_019_PR_attrition_moderate,0.92,mixed_GBseg_TJ,20.0,1500.0,unattainable,36,,,
mech_019_PR_attrition_moderate,0.92,mixed_GBseg_TJ,50.0,1300.0,unattainable,72,,,
mech_019_PR_attrition_moderate,0.92,mixed_GBseg_TJ,50.0,1350.0,unattainable,72,,,
mech_019_PR_attrition_moderate,0.92,mixed_GBseg_TJ,50.0,1400.0,beneficial,2,5.253008598554871,1243399.2464963663,0.00877171092472915
mech_019_PR_attrition_moderate,0.92,mixed_GBseg_TJ,50.0,1400.0,harmful,1,-1.5193506023357055,168083.107543459,0.0002429688328394
mech_019_PR_attrition_moderate,0.92,mixed_GBseg_TJ,50.0,1400.0,neutral,7,-0.4851181517524929,269507.35097825655,0.0011486319823089
mech_019_PR_attrition_moderate,0.92,mixed_GBseg_TJ,50.0,1400.0,unattainable,62,,,
mech_019_PR_attrition_moderate,0.92,mixed_GBseg_TJ,50.0,1450.0,beneficial,7,2.7620898975485635,892151.4813032232,0.0051833760371564
mech_019_PR_attrition_moderate,0.92,mixed_GBseg_TJ,50.0,1450.0,harmful,8,-1.7509253471885096,169991.8736565736,0.00102019803384835
mech_019_PR_attrition_moderate,0.92,mixed_GBseg_TJ,50.0,1450.0,neutral,8,-0.09321751271172804,406215.3961941411,0.0014665942247589
mech_019_PR_attrition_moderate,0.92,mixed_GBseg_TJ,50.0,1450.0,unattainable,49,,,
mech_019_PR_attrition_moderate,0.92,mixed_GBseg_TJ,50.0,1500.0,beneficial,10,7.726640328839854,1652543.111880072,0.0062911654375202
mech_019_PR_attrition_moderate,0.92,mixed_GBseg_TJ,50.0,1500.0,harmful,20,-2.378922657956948,201456.75574449028,0.00068688241444675
mech_019_PR_attrition_moderate,0.92,mixed_GBseg_TJ,50.0,1500.0,neutral,6,-0.096083393816514,531516.1435049146,0.0019256158698984
mech_019_PR_attrition_moderate,0.92,mixed_GBseg_TJ,50.0,1500.0,unattainable,36,,,
mech_019_PR_attrition_moderate,0.92,mixed_GBseg_TJ,100.0,1300.0,unattainable,72,,,
mech_019_PR_attrition_moderate,0.92,mixed_GBseg_TJ,100.0,1350.0,unattainable,72,,,
mech_019_PR_attrition_moderate,0.92,mixed_GBseg_TJ,100.0,1400.0,beneficial,2,5.283679702143749,1262195.472419656,0.0089634048184632
mech_019_PR_attrition_moderate,0.92,mixed_GBseg_TJ,100.0,1400.0,harmful,1,-1.310185220509903,169866.26997304423,0.000929405129266
mech_019_PR_attrition_moderate,0.92,mixed_GBseg_TJ,100.0,1400.0,neutral,7,-0.5789192755384479,272448.89086258196,0.0015173447151016
mech_019_PR_attrition_moderate,0.92,mixed_GBseg_TJ,100.0,1400.0,unattainable,62,,,
mech_019_PR_attrition_moderate,0.92,mixed_GBseg_TJ,100.0,1450.0,beneficial,7,3.4002606814098937,903715.651784366,0.0053308762290262
mech_019_PR_attrition_moderate,0.92,mixed_GBseg_TJ,100.0,1450.0,harmful,9,-1.7290604434162933,173554.7113074639,0.0008674275452497
mech_019_PR_attrition_moderate,0.92,mixed_GBseg_TJ,100.0,1450.0,neutral,7,-0.0106967184582327,533066.0212831392,0.0014554082721476
mech_019_PR_attrition_moderate,0.92,mixed_GBseg_TJ,100.0,1450.0,unattainable,49,,,
mech_019_PR_attrition_moderate,0.92,mixed_GBseg_TJ,100.0,1500.0,beneficial,10,7.348474424520521,1680367.529386863,0.0065892160746867
mech_019_PR_attrition_moderate,0.92,mixed_GBseg_TJ,100.0,1500.0,harmful,22,-2.122981729520363,207670.66286583984,0.0009166147321026
mech_019_PR_attrition_moderate,0.92,mixed_GBseg_TJ,100.0,1500.0,neutral,4,0.13258637761995884,719669.9772256485,0.0034012840678348
mech_019_PR_attrition_moderate,0.92,mixed_GBseg_TJ,100.0,1500.0,unattainable,36,,,
mech_019_q0_PR_attrition_moderate,0.85,GBseg_rich,0.2,1300.0,unattainable,72,,,
mech_019_q0_PR_attrition_moderate,0.85,GBseg_rich,0.2,1350.0,unattainable,72,,,
mech_019_q0_PR_attrition_moderate,0.85,GBseg_rich,0.2,1400.0,unattainable,72,,,
mech_019_q0_PR_attrition_moderate,0.85,GBseg_rich,0.2,1450.0,unattainable,72,,,
mech_019_q0_PR_attrition_moderate,0.85,GBseg_rich,0.2,1500.0,unattainable,72,,,
mech_019_q0_PR_attrition_moderate,0.85,GBseg_rich,1.0,1300.0,neutral,14,0.0,0.0,0.0
mech_019_q0_PR_attrition_moderate,0.85,GBseg_rich,1.0,1300.0,unattainable,58,,,
mech_019_q0_PR_attrition_moderate,0.85,GBseg_rich,1.0,1350.0,neutral,31,0.0,0.0,0.0
mech_019_q0_PR_attrition_moderate,0.85,GBseg_rich,1.0,1350.0,unattainable,41,,,
mech_019_q0_PR_attrition_moderate,0.85,GBseg_rich,1.0,1400.0,neutral,44,0.0,0.0,0.0
mech_019_q0_PR_attrition_moderate,0.85,GBseg_rich,1.0,1400.0,unattainable,28,,,
mech_019_q0_PR_attrition_moderate,0.85,GBseg_rich,1.0,1450.0,neutral,56,0.0,0.0,0.0
mech_019_q0_PR_attrition_moderate,0.85,GBseg_rich,1.0,1450.0,unattainable,16,,,
mech_019_q0_PR_attrition_moderate,0.85,GBseg_rich,1.0,1500.0,neutral,68,0.0,0.0,0.0
mech_019_q0_PR_attrition_moderate,0.85,GBseg_rich,1.0,1500.0,unattainable,4,,,
mech_019_q0_PR_attrition_moderate,0.85,GBseg_rich,5.0,1300.0,neutral,14,0.058086795472131,418754.25586600334,0.0024938467209043
mech_019_q0_PR_attrition_moderate,0.85,GBseg_rich,5.0,1300.0,unattainable,58,,,
mech_019_q0_PR_attrition_moderate,0.85,GBseg_rich,5.0,1350.0,neutral,31,0.1685615190213727,744418.442087951,0.0026792597109086
mech_019_q0_PR_attrition_moderate,0.85,GBseg_rich,5.0,1350.0,unattainable,41,,,
mech_019_q0_PR_attrition_moderate,0.85,GBseg_rich,5.0,1400.0,harmful,17,-1.3199871630593758,1548833.6694101775,0.0087978215444832
mech_019_q0_PR_attrition_moderate,0.85,GBseg_rich,5.0,1400.0,neutral,24,-0.6459033997543465,424461.74706418917,0.00246581453423765
mech_019_q0_PR_attrition_moderate,0.85,GBseg_rich,5.0,1400.0,unattainable,31,,,
mech_019_q0_PR_attrition_moderate,0.85,GBseg_rich,5.0,1450.0,harmful,44,-2.509390779089502,1293632.7727224703,0.0044996657032342
mech_019_q0_PR_attrition_moderate,0.85,GBseg_rich,5.0,1450.0,neutral,9,-0.9758689567775276,313518.3209696469,0.0013889912804974
mech_019_q0_PR_attrition_moderate,0.85,GBseg_rich,5.0,1450.0,unattainable,19,,,
mech_019_q0_PR_attrition_moderate,0.85,GBseg_rich,5.0,1500.0,harmful,54,-5.007208480562874,995340.0562171924,0.00431169483979005
mech_019_q0_PR_attrition_moderate,0.85,GBseg_rich,5.0,1500.0,unattainable,18,,,
mech_019_q0_PR_attrition_moderate,0.85,GBseg_rich,20.0,1300.0,neutral,14,0.0674816659462898,507719.4476201603,0.00299399586180325
mech_019_q0_PR_attrition_moderate,0.85,GBseg_rich,20.0,1300.0,unattainable,58,,,
mech_019_q0_PR_attrition_moderate,0.85,GBseg_rich,20.0,1350.0,beneficial,7,1.162124597716767,1704564.0012508128,0.0044593388952161
mech_019_q0_PR_attrition_moderate,0.85,GBseg_rich,20.0,1350.0,neutral,24,0.0637630920392486,711148.2155049518,0.0031847537984762
mech_019_q0_PR_attrition_moderate,0.85,GBseg_rich,20.0,1350.0,unattainable,41,,,
mech_019_q0_PR_attrition_moderate,0.85,GBseg_rich,20.0,1400.0,harmful,28,-1.6667040978164185,1739720.3842306435,0.006376463931844
mech_019_q0_PR_attrition_moderate,0.85,GBseg_rich,20.0,1400.0,neutral,13,-0.7516574416879603,376443.5257343607,0.0024938629858264
mech_019_q0_PR_attrition_moderate,0.85,GBseg_rich,20.0,1400.0,unattainable,31,,,
mech_019_q0_PR_attrition_moderate,0.85,GBseg_rich,20.0,1450.0,harmful,50,-3.5892345991501675,1615137.4072363998,0.0056611495640894
mech_019_q0_PR_attrition_moderate,0.85,GBseg_rich,20.0,1450.0,neutral,2,-0.9117012274375688,376721.60085251415,0.0011994153770949
mech_019_q0_PR_attrition_moderate,0.85,GBseg_rich,20.0,1450.0,unattainable,20,,,
mech_019_q0_PR_attrition_moderate,0.85,GBseg_rich,20.0,1500.0,harmful,54,-6.997579147979616,1291052.0498828562,0.0055492803436331
mech_019_q0_PR_attrition_moderate,0.85,GBseg_rich,20.0,1500.0,unattainable,18,,,
mech_019_q0_PR_attrition_moderate,0.85,GBseg_rich,50.0,1300.0,neutral,14,0.06918339463666145,526004.0641697263,0.0030776164268979
mech_019_q0_PR_attrition_moderate,0.85,GBseg_rich,50.0,1300.0,unattainable,58,,,
mech_019_q0_PR_attrition_moderate,0.85,GBseg_rich,50.0,1350.0,beneficial,9,1.1298193973446669,1787799.970640841,0.0042078016585098
mech_019_q0_PR_attrition_moderate,0.85,GBseg_rich,50.0,1350.0,neutral,22,0.0438276875193796,540348.2675940499,0.00318348324581805
mech_019_q0_PR_attrition_moderate,0.85,GBseg_rich,50.0,1350.0,unattainable,41,,,
mech_019_q0_PR_attrition_moderate,0.85,GBseg_rich,50.0,1400.0,harmful,30,-1.5584657482807973,1799086.5626409124,0.0062105861215262
mech_019_q0_PR_attrition_moderate,0.85,GBseg_rich,50.0,1400.0,neutral,11,-0.5774409624626998,389257.9342519414,0.0026678299967976
mech_019_q0_PR_attrition_moderate,0.85,GBseg_rich,50.0,1400.0,unattainable,31,,,
mech_019_q0_PR_attrition_moderate,0.85,GBseg_rich,50.0,1450.0,harmful,50,-4.0281872011006365,1713199.3832381947,0.0054117047276791
mech_019_q0_PR_attrition_moderate,0.85,GBseg_rich,50.0,1450.0,neutral,2,-0.9433063236289952,389553.4217065885,0.0014862088090249
mech_019_q0_PR_attrition_moderate,0.85,GBseg_rich,50.0,1450.0,unattainable,20,,,
mech_019_q0_PR_attrition_moderate,0.85,GBseg_rich,50.0,1500.0,harmful,54,-7.74997740717899,1360627.295448912,0.00566739505625375
mech_019_q0_PR_attrition_moderate,0.85,GBseg_rich,50.0,1500.0,unattainable,18,,,
mech_019_q0_PR_attrition_moderate,0.85,GBseg_rich,100.0,1300.0,neutral,14,0.07408801939253004,532189.6827741932,0.0033774114364244
mech_019_q0_PR_attrition_moderate,0.85,GBseg_rich,100.0,1300.0,unattainable,58,,,
mech_019_q0_PR_attrition_moderate,0.85,GBseg_rich,100.0,1350.0,beneficial,9,1.2196809572343543,1819221.6726191784,0.0041269646716006
mech_019_q0_PR_attrition_moderate,0.85,GBseg_rich,100.0,1350.0,neutral,22,0.03593951252728935,546598.0100667565,0.00295162821605365
mech_019_q0_PR_attrition_moderate,0.85,GBseg_rich,100.0,1350.0,unattainable,41,,,
mech_019_q0_PR_attrition_moderate,0.85,GBseg_rich,100.0,1400.0,harmful,30,-1.6556994407718126,1830660.7823810836,0.0063716273399927
mech_019_q0_PR_attrition_moderate,0.85,GBseg_rich,100.0,1400.0,neutral,11,-0.6099217572208943,393542.6125121084,0.003014975703419
mech_019_q0_PR_attrition_moderate,0.85,GBseg_rich,100.0,1400.0,unattainable,31,,,
mech_019_q0_PR_attrition_moderate,0.85,GBseg_rich,100.0,1450.0,harmful,50,-4.374270862375933,1747704.6747588688,0.0057221457572538
mech_019_q0_PR_attrition_moderate,0.85,GBseg_rich,100.0,1450.0,neutral,2,-0.9501197057088308,393845.3120828687,0.0016366776234029
mech_019_q0_PR_attrition_moderate,0.85,GBseg_rich,100.0,1450.0,unattainable,20,,,
mech_019_q0_PR_attrition_moderate,0.85,GBseg_rich,100.0,1500.0,harmful,54,-8.16624427324989,1384917.1813546454,0.00588833797969785
mech_019_q0_PR_attrition_moderate,0.85,GBseg_rich,100.0,1500.0,unattainable,18,,,
mech_019_q0_PR_attrition_moderate,0.85,TJ_rich,0.2,1300.0,unattainable,72,,,
mech_019_q0_PR_attrition_moderate,0.85,TJ_rich,0.2,1350.0,unattainable,72,,,
mech_019_q0_PR_attrition_moderate,0.85,TJ_rich,0.2,1400.0,unattainable,72,,,
mech_019_q0_PR_attrition_moderate,0.85,TJ_rich,0.2,1450.0,unattainable,72,,,
mech_019_q0_PR_attrition_moderate,0.85,TJ_rich,0.2,1500.0,unattainable,72,,,
mech_019_q0_PR_attrition_moderate,0.85,TJ_rich,1.0,1300.0,neutral,1,0.0,0.0,0.0
mech_019_q0_PR_attrition_moderate,0.85,TJ_rich,1.0,1300.0,unattainable,71,,,
mech_019_q0_PR_attrition_moderate,0.85,TJ_rich,1.0,1350.0,neutral,13,0.0,0.0,0.0
mech_019_q0_PR_attrition_moderate,0.85,TJ_rich,1.0,1350.0,unattainable,59,,,
mech_019_q0_PR_attrition_moderate,0.85,TJ_rich,1.0,1400.0,neutral,28,0.0,0.0,0.0
mech_019_q0_PR_attrition_moderate,0.85,TJ_rich,1.0,1400.0,unattainable,44,,,
mech_019_q0_PR_attrition_moderate,0.85,TJ_rich,1.0,1450.0,neutral,40,0.0,0.0,0.0
mech_019_q0_PR_attrition_moderate,0.85,TJ_rich,1.0,1450.0,unattainable,32,,,
mech_019_q0_PR_attrition_moderate,0.85,TJ_rich,1.0,1500.0,neutral,52,0.0,0.0,0.0
mech_019_q0_PR_attrition_moderate,0.85,TJ_rich,1.0,1500.0,unattainable,20,,,
mech_019_q0_PR_attrition_moderate,0.85,TJ_rich,5.0,1300.0,unattainable,72,,,
mech_019_q0_PR_attrition_moderate,0.85,TJ_rich,5.0,1350.0,neutral,13,-0.4811689786535134,139342.46351999516,0.0019825009468104
mech_019_q0_PR_attrition_moderate,0.85,TJ_rich,5.0,1350.0,unattainable,59,,,
mech_019_q0_PR_attrition_moderate,0.85,TJ_rich,5.0,1400.0,beneficial,2,1.359719946982742,867378.4189117718,0.00808651026775905
mech_019_q0_PR_attrition_moderate,0.85,TJ_rich,5.0,1400.0,harmful,13,-1.0913750326234104,145292.8028113562,0.0025216922285951
mech_019_q0_PR_attrition_moderate,0.85,TJ_rich,5.0,1400.0,neutral,12,-0.6962826101185711,135737.38803933363,0.002234657270437
mech_019_q0_PR_attrition_moderate,0.85,TJ_rich,5.0,1400.0,unattainable,45,,,
mech_019_q0_PR_attrition_moderate,0.85,TJ_rich,5.0,1450.0,beneficial,2,1.1159059971361531,877886.9100637445,0.0065403063818726
mech_019_q0_PR_attrition_moderate,0.85,TJ_rich,5.0,1450.0,harmful,28,-1.7492028635633856,142674.48048333946,0.00201969524671405
mech_019_q0_PR_attrition_moderate,0.85,TJ_rich,5.0,1450.0,neutral,6,-0.7023851428663433,857768.8564000942,0.0093898429793504
mech_019_q0_PR_attrition_moderate,0.85,TJ_rich,5.0,1450.0,unattainable,36,,,
mech_019_q0_PR_attrition_moderate,0.85,TJ_rich,5.0,1500.0,beneficial,2,1.2123333333093245,880320.1714362069,0.0072996936431553
mech_019_q0_PR_attrition_moderate,0.85,TJ_rich,5.0,1500.0,harmful,38,-3.134896222785476,148850.54074657528,0.0026586239919985
mech_019_q0_PR_attrition_moderate,0.85,TJ_rich,5.0,1500.0,neutral,2,0.314502198136292,876770.2724089581,0.0101521190559322
mech_019_q0_PR_attrition_moderate,0.85,TJ_rich,5.0,1500.0,unattainable,30,,,
mech_019_q0_PR_attrition_moderate,0.85,TJ_rich,20.0,1300.0,unattainable,72,,,
mech_019_q0_PR_attrition_moderate,0.85,TJ_rich,20.0,1350.0,harmful,2,-1.1234003656102665,243435.36727428052,0.00403963893892245
mech_019_q0_PR_attrition_moderate,0.85,TJ_rich,20.0,1350.0,neutral,10,-0.6806431571012896,157690.88391309784,0.00249034586505665
mech_019_q0_PR_attrition_moderate,0.85,TJ_rich,20.0,1350.0,unattainable,60,,,
mech_019_q0_PR_attrition_moderate,0.85,TJ_rich,20.0,1400.0,beneficial,1,1.3713330064799885,1071939.1656081602,0.008037442578952
mech_019_q0_PR_attrition_moderate,0.85,TJ_rich,20.0,1400.0,harmful,21,-1.4037253015660356,167023.34477525903,0.0027283146899924
mech_019_q0_PR_attrition_moderate,0.85,TJ_rich,20.0,1400.0,neutral,5,-0.5513042485201035,1060472.6191287178,0.0109213829216533
mech_019_q0_PR_attrition_moderate,0.85,TJ_rich,20.0,1400.0,unattainable,45,,,
mech_019_q0_PR_attrition_moderate,0.85,TJ_rich,20.0,1450.0,harmful,32,-2.236659084880001,177626.51658638386,0.0030186625040926
mech_019_q0_PR_attrition_moderate,0.85,TJ_rich,20.0,1450.0,neutral,4,0.11455310618080647,1083163.0301319193,0.00971884352361255
mech_019_q0_PR_attrition_moderate,0.85,TJ_rich,20.0,1450.0,unattainable,36,,,
mech_019_q0_PR_attrition_moderate,0.85,TJ_rich,20.0,1500.0,harmful,40,-4.211534636027234,181624.9624953112,0.0034878765221761
mech_019_q0_PR_attrition_moderate,0.85,TJ_rich,20.0,1500.0,neutral,2,-0.3787923458518306,1084541.836817551,0.0078536777715079
mech_019_q0_PR_attrition_moderate,0.85,TJ_rich,20.0,1500.0,unattainable,30,,,
mech_019_q0_PR_attrition_moderate,0.85,TJ_rich,50.0,1300.0,unattainable,72,,,
mech_019_q0_PR_attrition_moderate,0.85,TJ_rich,50.0,1350.0,harmful,2,-1.0904299122137866,251765.59802016144,0.0047121709932725995
mech_019_q0_PR_attrition_moderate,0.85,TJ_rich,50.0,1350.0,neutral,10,-0.6449004300956885,162821.21745631064,0.0022455640221849503
mech_019_q0_PR_attrition_moderate,0.85,TJ_rich,50.0,1350.0,unattainable,60,,,
mech_019_q0_PR_attrition_moderate,0.85,TJ_rich,50.0,1400.0,harmful,19,-1.5155823972986922,172532.07981643747,0.002367437270949
mech_019_q0_PR_attrition_moderate,0.85,TJ_rich,50.0,1400.0,neutral,7,-0.3765737696358192,1106999.9404551366,0.0078325777858953
mech_019_q0_PR_attrition_moderate,0.85,TJ_rich,50.0,1400.0,unattainable,46,,,
mech_019_q0_PR_attrition_moderate,0.85,TJ_rich,50.0,1450.0,harmful,32,-2.5118837755028545,183437.2616336609,0.0029907160776179503
mech_019_q0_PR_attrition_moderate,0.85,TJ_rich,50.0,1450.0,neutral,4,-0.15433892128556753,1127055.7454708577,0.01025553710022715
mech_019_q0_PR_attrition_moderate,0.85,TJ_rich,50.0,1450.0,unattainable,36,,,
mech_019_q0_PR_attrition_moderate,0.85,TJ_rich,50.0,1500.0,harmful,40,-4.492040128841984,187556.7264938037,0.00355032259543655
mech_019_q0_PR_attrition_moderate,0.85,TJ_rich,50.0,1500.0,neutral,2,-0.348909934940055,1127549.9430375327,0.0089093426856226
mech_019_q0_PR_attrition_moderate,0.85,TJ_rich,50.0,1500.0,unattainable,30,,,
mech_019_q0_PR_attrition_moderate,0.85,TJ_rich,100.0,1300.0,unattainable,72,,,
mech_019_q0_PR_attrition_moderate,0.85,TJ_rich,100.0,1350.0,harmful,2,-1.0806559527800026,254550.64199979446,0.0049334034098129
mech_019_q0_PR_attrition_moderate,0.85,TJ_rich,100.0,1350.0,neutral,10,-0.6231279608996088,164542.90500965534,0.0024886644904648
mech_019_q0_PR_attrition_moderate,0.85,TJ_rich,100.0,1350.0,unattainable,60,,,
mech_019_q0_PR_attrition_moderate,0.85,TJ_rich,100.0,1400.0,beneficial,1,1.2460141174537462,1128863.9101823985,0.0084928556026534
mech_019_q0_PR_attrition_moderate,0.85,TJ_rich,100.0,1400.0,harmful,22,-1.429498083359484,174375.99356354852,0.0028437196556092004
mech_019_q0_PR_attrition_moderate,0.85,TJ_rich,100.0,1400.0,neutral,4,-0.6030526519717828,1122607.8303066893,0.01445426652175075
mech_019_q0_PR_attrition_moderate,0.85,TJ_rich,100.0,1400.0,unattainable,45,,,
mech_019_q0_PR_attrition_moderate,0.85,TJ_rich,100.0,1450.0,harmful,32,-2.5994886578835876,185377.1142128716,0.0029474608259343503
mech_019_q0_PR_attrition_moderate,0.85,TJ_rich,100.0,1450.0,neutral,4,-0.2525484060441474,1141895.0627541037,0.0104010530625843
mech_019_q0_PR_attrition_moderate,0.85,TJ_rich,100.0,1450.0,unattainable,36,,,
mech_019_q0_PR_attrition_moderate,0.85,TJ_rich,100.0,1500.0,harmful,40,-4.843772214841325,189536.60213712865,0.0036580778779202
mech_019_q0_PR_attrition_moderate,0.85,TJ_rich,100.0,1500.0,neutral,2,-0.5560154069721214,1142074.865499879,0.009057538581882
mech_019_q0_PR_attrition_moderate,0.85,TJ_rich,100.0,1500.0,unattainable,30,,,
mech_019_q0_PR_attrition_moderate,0.85,baseline,0.2,1300.0,unattainable,72,,,
mech_019_q0_PR_attrition_moderate,0.85,baseline,0.2,1350.0,unattainable,72,,,
mech_019_q0_PR_attrition_moderate,0.85,baseline,0.2,1400.0,unattainable,72,,,
mech_019_q0_PR_attrition_moderate,0.85,baseline,0.2,1450.0,unattainable,72,,,
mech_019_q0_PR_attrition_moderate,0.85,baseline,0.2,1500.0,unattainable,72,,,
mech_019_q0_PR_attrition_moderate,0.85,baseline,1.0,1300.0,neutral,4,0.0,0.0,0.0
mech_019_q0_PR_attrition_moderate,0.85,baseline,1.0,1300.0,unattainable,68,,,
mech_019_q0_PR_attrition_moderate,0.85,baseline,1.0,1350.0,neutral,21,0.0,0.0,0.0
mech_019_q0_PR_attrition_moderate,0.85,baseline,1.0,1350.0,unattainable,51,,,
mech_019_q0_PR_attrition_moderate,0.85,baseline,1.0,1400.0,neutral,35,0.0,0.0,0.0
mech_019_q0_PR_attrition_moderate,0.85,baseline,1.0,1400.0,unattainable,37,,,
mech_019_q0_PR_attrition_moderate,0.85,baseline,1.0,1450.0,neutral,46,0.0,0.0,0.0
mech_019_q0_PR_attrition_moderate,0.85,baseline,1.0,1450.0,unattainable,26,,,
mech_019_q0_PR_attrition_moderate,0.85,baseline,1.0,1500.0,neutral,58,0.0,0.0,0.0
mech_019_q0_PR_attrition_moderate,0.85,baseline,1.0,1500.0,unattainable,14,,,
mech_019_q0_PR_attrition_moderate,0.85,baseline,5.0,1300.0,neutral,4,0.00910992410020885,267968.82132908795,0.00348230221108925
mech_019_q0_PR_attrition_moderate,0.85,baseline,5.0,1300.0,unattainable,68,,,
mech_019_q0_PR_attrition_moderate,0.85,baseline,5.0,1350.0,beneficial,1,1.188492576302323,1449907.2826060366,0.0077313191220266
mech_019_q0_PR_attrition_moderate,0.85,baseline,5.0,1350.0,neutral,20,-0.26087944765349347,351038.0528934406,0.00245936284379325
mech_019_q0_PR_attrition_moderate,0.85,baseline,5.0,1350.0,unattainable,51,,,
mech_019_q0_PR_attrition_moderate,0.85,baseline,5.0,1400.0,harmful,14,-1.2130642320425018,689322.3406514555,0.0040241499111844
mech_019_q0_PR_attrition_moderate,0.85,baseline,5.0,1400.0,neutral,21,-0.6605202182948535,355332.78658902453,0.0022155453436551
mech_019_q0_PR_attrition_moderate,0.85,baseline,5.0,1400.0,unattainable,37,,,
mech_019_q0_PR_attrition_moderate,0.85,baseline,5.0,1450.0,harmful,38,-1.9167069345350691,522701.8365179792,0.0033821204228751
mech_019_q0_PR_attrition_moderate,0.85,baseline,5.0,1450.0,neutral,4,-0.8756054544775096,1017046.5830454143,0.003174637430084
mech_019_q0_PR_attrition_moderate,0.85,baseline,5.0,1450.0,unattainable,30,,,
mech_019_q0_PR_attrition_moderate,0.85,baseline,5.0,1500.0,harmful,53,-3.4177433362784835,361831.52942039294,0.002693543992084
mech_019_q0_PR_attrition_moderate,0.85,baseline,5.0,1500.0,unattainable,19,,,
mech_019_q0_PR_attrition_moderate,0.85,baseline,20.0,1300.0,neutral,4,0.005148869752945299,322947.7889698132,0.00407442468734525
mech_019_q0_PR_attrition_moderate,0.85,baseline,20.0,1300.0,unattainable,68,,,
mech_019_q0_PR_attrition_moderate,0.85,baseline,20.0,1350.0,beneficial,1,1.0099775385844616,1864637.193036136,0.0082109258342816
mech_019_q0_PR_attrition_moderate,0.85,baseline,20.0,1350.0,neutral,20,-0.35430147413087404,424097.01398233697,0.00328574476966165
mech_019_q0_PR_attrition_moderate,0.85,baseline,20.0,1350.0,unattainable,51,,,
mech_019_q0_PR_attrition_moderate,0.85,baseline,20.0,1400.0,harmful,22,-1.640666241303627,847387.7594667635,0.0044641800878695
mech_019_q0_PR_attrition_moderate,0.85,baseline,20.0,1400.0,neutral,13,-0.8348732271366709,250320.2079809332,0.0027873556053515
mech_019_q0_PR_attrition_moderate,0.85,baseline,20.0,1400.0,unattainable,37,,,
mech_019_q0_PR_attrition_moderate,0.85,baseline,20.0,1450.0,harmful,42,-2.6719185540796415,641379.3324636697,0.0037079630130878
mech_019_q0_PR_attrition_moderate,0.85,baseline,20.0,1450.0,unattainable,30,,,
mech_019_q0_PR_attrition_moderate,0.85,baseline,20.0,1500.0,harmful,48,-5.285116727420626,642211.473221491,0.003645018135937
mech_019_q0_PR_attrition_moderate,0.85,baseline,20.0,1500.0,unattainable,24,,,
mech_019_q0_PR_attrition_moderate,0.85,baseline,50.0,1300.0,neutral,4,0.01622763132272525,334283.5484892008,0.00455432163537495
mech_019_q0_PR_attrition_moderate,0.85,baseline,50.0,1300.0,unattainable,68,,,
mech_019_q0_PR_attrition_moderate,0.85,baseline,50.0,1350.0,beneficial,1,1.2724433993274846,1961367.3410248088,0.0088710842455086
mech_019_q0_PR_attrition_moderate,0.85,baseline,50.0,1350.0,neutral,20,-0.33105389998189994,438992.50883419556,0.0031463352950353
mech_019_q0_PR_attrition_moderate,0.85,baseline,50.0,1350.0,unattainable,51,,,
mech_019_q0_PR_attrition_moderate,0.85,baseline,50.0,1400.0,harmful,26,-1.5329430942928388,879903.4544966466,0.0045070069555292
mech_019_q0_PR_attrition_moderate,0.85,baseline,50.0,1400.0,neutral,9,-0.8851123778057606,258636.25505651953,0.0017061652744493
mech_019_q0_PR_attrition_moderate,0.85,baseline,50.0,1400.0,unattainable,37,,,
mech_019_q0_PR_attrition_moderate,0.85,baseline,50.0,1450.0,harmful,40,-3.354532931616618,882268.4514940053,0.00449027939272
mech_019_q0_PR_attrition_moderate,0.85,baseline,50.0,1450.0,neutral,2,-0.9885309899292204,238174.79470279533,0.0018161031267412
mech_019_q0_PR_attrition_moderate,0.85,baseline,50.0,1450.0,unattainable,30,,,
mech_019_q0_PR_attrition_moderate,0.85,baseline,50.0,1500.0,harmful,48,-5.746438220255272,667134.4739478835,0.0034501836501522
mech_019_q0_PR_attrition_moderate,0.85,baseline,50.0,1500.0,unattainable,24,,,
mech_019_q0_PR_attrition_moderate,0.85,baseline,100.0,1300.0,neutral,4,0.0198429306290899,338022.98378515866,0.0042526088516279
mech_019_q0_PR_attrition_moderate,0.85,baseline,100.0,1300.0,unattainable,68,,,
mech_019_q0_PR_attrition_moderate,0.85,baseline,100.0,1350.0,neutral,21,-0.3352363568576945,446497.8030189248,0.003792971194317
mech_019_q0_PR_attrition_moderate,0.85,baseline,100.0,1350.0,unattainable,51,,,
mech_019_q0_PR_attrition_moderate,0.85,baseline,100.0,1400.0,harmful,28,-1.6907889131933715,889897.1692509493,0.0044335394138395
mech_019_q0_PR_attrition_moderate,0.85,baseline,100.0,1400.0,neutral,7,-0.7320304398288597,240539.59026909643,0.0014912119470791
mech_019_q0_PR_attrition_moderate,0.85,baseline,100.0,1400.0,unattainable,37,,,
mech_019_q0_PR_attrition_moderate,0.85,baseline,100.0,1450.0,harmful,42,-2.9921073236898077,674532.3612249286,0.0039165311252516
mech_019_q0_PR_attrition_moderate,0.85,baseline,100.0,1450.0,unattainable,30,,,
mech_019_q0_PR_attrition_moderate,0.85,baseline,100.0,1500.0,harmful,48,-5.94519677171454,675249.9925149484,0.0038822726049176
mech_019_q0_PR_attrition_moderate,0.85,baseline,100.0,1500.0,unattainable,24,,,
mech_019_q0_PR_attrition_moderate,0.85,mixed_GBseg_TJ,0.2,1300.0,unattainable,72,,,
mech_019_q0_PR_attrition_moderate,0.85,mixed_GBseg_TJ,0.2,1350.0,unattainable,72,,,
mech_019_q0_PR_attrition_moderate,0.85,mixed_GBseg_TJ,0.2,1400.0,unattainable,72,,,
mech_019_q0_PR_attrition_moderate,0.85,mixed_GBseg_TJ,0.2,1450.0,unattainable,72,,,
mech_019_q0_PR_attrition_moderate,0.85,mixed_GBseg_TJ,0.2,1500.0,unattainable,72,,,
mech_019_q0_PR_attrition_moderate,0.85,mixed_GBseg_TJ,1.0,1300.0,neutral,4,0.0,0.0,0.0
mech_019_q0_PR_attrition_moderate,0.85,mixed_GBseg_TJ,1.0,1300.0,unattainable,68,,,
mech_019_q0_PR_attrition_moderate,0.85,mixed_GBseg_TJ,1.0,1350.0,neutral,20,0.0,0.0,0.0
mech_019_q0_PR_attrition_moderate,0.85,mixed_GBseg_TJ,1.0,1350.0,unattainable,52,,,
mech_019_q0_PR_attrition_moderate,0.85,mixed_GBseg_TJ,1.0,1400.0,neutral,34,0.0,0.0,0.0
mech_019_q0_PR_attrition_moderate,0.85,mixed_GBseg_TJ,1.0,1400.0,unattainable,38,,,
mech_019_q0_PR_attrition_moderate,0.85,mixed_GBseg_TJ,1.0,1450.0,neutral,43,0.0,0.0,0.0
mech_019_q0_PR_attrition_moderate,0.85,mixed_GBseg_TJ,1.0,1450.0,unattainable,29,,,
mech_019_q0_PR_attrition_moderate,0.85,mixed_GBseg_TJ,1.0,1500.0,neutral,57,0.0,0.0,0.0
mech_019_q0_PR_attrition_moderate,0.85,mixed_GBseg_TJ,1.0,1500.0,unattainable,15,,,
mech_019_q0_PR_attrition_moderate,0.85,mixed_GBseg_TJ,5.0,1300.0,neutral,4,-0.06559814844497484,175019.97875355504,0.0023862308035428
mech_019_q0_PR_attrition_moderate,0.85,mixed_GBseg_TJ,5.0,1300.0,unattainable,68,,,
mech_019_q0_PR_attrition_moderate,0.85,mixed_GBseg_TJ,5.0,1350.0,neutral,20,-0.3928373624397695,219694.92937638378,0.0024475479175264
mech_019_q0_PR_attrition_moderate,0.85,mixed_GBseg_TJ,5.0,1350.0,unattainable,52,,,
mech_019_q0_PR_attrition_moderate,0.85,mixed_GBseg_TJ,5.0,1400.0,harmful,12,-1.3741563063240818,424207.2039858581,0.00448338534292805
mech_019_q0_PR_attrition_moderate,0.85,mixed_GBseg_TJ,5.0,1400.0,neutral,22,-0.7162675823314052,223333.73227000557,0.0022378201986924
mech_019_q0_PR_attrition_moderate,0.85,mixed_GBseg_TJ,5.0,1400.0,unattainable,38,,,
mech_019_q0_PR_attrition_moderate,0.85,mixed_GBseg_TJ,5.0,1450.0,harmful,35,-1.8386415521636108,230835.61491518733,0.0027808122767657
mech_019_q0_PR_attrition_moderate,0.85,mixed_GBseg_TJ,5.0,1450.0,neutral,6,-0.7805983257222084,1284305.2060531972,0.006302189472832
mech_019_q0_PR_attrition_moderate,0.85,mixed_GBseg_TJ,5.0,1450.0,unattainable,31,,,
mech_019_q0_PR_attrition_moderate,0.85,mixed_GBseg_TJ,5.0,1500.0,harmful,48,-3.4972695141691537,327090.8354757445,0.0037520256331657
mech_019_q0_PR_attrition_moderate,0.85,mixed_GBseg_TJ,5.0,1500.0,unattainable,24,,,
mech_019_q0_PR_attrition_moderate,0.85,mixed_GBseg_TJ,20.0,1300.0,neutral,4,-0.07821060822007064,209575.3786535156,0.0030506905657828
mech_019_q0_PR_attrition_moderate,0.85,mixed_GBseg_TJ,20.0,1300.0,unattainable,68,,,
mech_019_q0_PR_attrition_moderate,0.85,mixed_GBseg_TJ,20.0,1350.0,neutral,20,-0.5922980287734153,263282.52619487885,0.0027529094669452997
mech_019_q0_PR_attrition_moderate,0.85,mixed_GBseg_TJ,20.0,1350.0,unattainable,52,,,
mech_019_q0_PR_attrition_moderate,0.85,mixed_GBseg_TJ,20.0,1400.0,harmful,23,-1.3706935269970182,508382.4315957811,0.0040077183202702
mech_019_q0_PR_attrition_moderate,0.85,mixed_GBseg_TJ,20.0,1400.0,neutral,11,-0.8527723369361939,191013.82617893736,0.001838323606002
mech_019_q0_PR_attrition_moderate,0.85,mixed_GBseg_TJ,20.0,1400.0,unattainable,38,,,
mech_019_q0_PR_attrition_moderate,0.85,mixed_GBseg_TJ,20.0,1450.0,harmful,36,-2.516462110985013,392807.37820765784,0.00369090096981005
mech_019_q0_PR_attrition_moderate,0.85,mixed_GBseg_TJ,20.0,1450.0,unattainable,36,,,
mech_019_q0_PR_attrition_moderate,0.85,mixed_GBseg_TJ,20.0,1500.0,harmful,48,-4.785438227414179,393132.5377829061,0.0042600812168389
mech_019_q0_PR_attrition_moderate,0.85,mixed_GBseg_TJ,20.0,1500.0,unattainable,24,,,
mech_019_q0_PR_attrition_moderate,0.85,mixed_GBseg_TJ,50.0,1300.0,neutral,4,-0.08297777372818904,216463.30609117143,0.0028307284558828
mech_019_q0_PR_attrition_moderate,0.85,mixed_GBseg_TJ,50.0,1300.0,unattainable,68,,,
mech_019_q0_PR_attrition_moderate,0.85,mixed_GBseg_TJ,50.0,1350.0,harmful,1,-1.077713961481317,529316.1887829137,0.0072376561744732
mech_019_q0_PR_attrition_moderate,0.85,mixed_GBseg_TJ,50.0,1350.0,neutral,18,-0.6121259062954512,272081.6227568437,0.00247836394855885
mech_019_q0_PR_attrition_moderate,0.85,mixed_GBseg_TJ,50.0,1350.0,unattainable,53,,,
mech_019_q0_PR_attrition_moderate,0.85,mixed_GBseg_TJ,50.0,1400.0,harmful,24,-1.6602980185391618,405453.75967577763,0.0044643331692487
mech_019_q0_PR_attrition_moderate,0.85,mixed_GBseg_TJ,50.0,1400.0,neutral,9,-0.8611722055464285,205276.01131322244,0.0019514973497528
mech_019_q0_PR_attrition_moderate,0.85,mixed_GBseg_TJ,50.0,1400.0,unattainable,39,,,
mech_019_q0_PR_attrition_moderate,0.85,mixed_GBseg_TJ,50.0,1450.0,harmful,36,-2.724246362773828,406203.1678719104,0.0038332928478961503
mech_019_q0_PR_attrition_moderate,0.85,mixed_GBseg_TJ,50.0,1450.0,unattainable,36,,,
mech_019_q0_PR_attrition_moderate,0.85,mixed_GBseg_TJ,50.0,1500.0,harmful,48,-5.338175539358936,406543.79785549757,0.004024794096535
mech_019_q0_PR_attrition_moderate,0.85,mixed_GBseg_TJ,50.0,1500.0,unattainable,24,,,
mech_019_q0_PR_attrition_moderate,0.85,mixed_GBseg_TJ,100.0,1300.0,neutral,4,-0.08162331530351555,218808.04765962943,0.0029460141827522502
mech_019_q0_PR_attrition_moderate,0.85,mixed_GBseg_TJ,100.0,1300.0,unattainable,68,,,
mech_019_q0_PR_attrition_moderate,0.85,mixed_GBseg_TJ,100.0,1350.0,harmful,1,-1.058824287940259,535553.6798022261,0.0075350314864875
mech_019_q0_PR_attrition_moderate,0.85,mixed_GBseg_TJ,100.0,1350.0,neutral,19,-0.5820448802635793,271525.11243150005,0.0028297226738532
mech_019_q0_PR_attrition_moderate,0.85,mixed_GBseg_TJ,100.0,1350.0,unattainable,52,,,
mech_019_q0_PR_attrition_moderate,0.85,mixed_GBseg_TJ,100.0,1400.0,harmful,26,-1.6671439408116822,533709.0095941671,0.004198097142803401
mech_019_q0_PR_attrition_moderate,0.85,mixed_GBseg_TJ,100.0,1400.0,neutral,7,-0.9096141886923172,199290.35590894255,0.0014892121993289
mech_019_q0_PR_attrition_moderate,0.85,mixed_GBseg_TJ,100.0,1400.0,unattainable,39,,,
mech_019_q0_PR_attrition_moderate,0.85,mixed_GBseg_TJ,100.0,1450.0,harmful,36,-2.9056503072996334,410681.8196352966,0.0037912883236111
mech_019_q0_PR_attrition_moderate,0.85,mixed_GBseg_TJ,100.0,1450.0,unattainable,36,,,
mech_019_q0_PR_attrition_moderate,0.85,mixed_GBseg_TJ,100.0,1500.0,harmful,48,-5.469614504559461,411030.1965336206,0.0039645935826907
mech_019_q0_PR_attrition_moderate,0.85,mixed_GBseg_TJ,100.0,1500.0,unattainable,24,,,
mech_019_q0_PR_attrition_moderate,0.88,GBseg_rich,0.2,1300.0,unattainable,72,,,
mech_019_q0_PR_attrition_moderate,0.88,GBseg_rich,0.2,1350.0,unattainable,72,,,
mech_019_q0_PR_attrition_moderate,0.88,GBseg_rich,0.2,1400.0,unattainable,72,,,
mech_019_q0_PR_attrition_moderate,0.88,GBseg_rich,0.2,1450.0,unattainable,72,,,
mech_019_q0_PR_attrition_moderate,0.88,GBseg_rich,0.2,1500.0,unattainable,72,,,
mech_019_q0_PR_attrition_moderate,0.88,GBseg_rich,1.0,1300.0,neutral,4,0.0,0.0,0.0
mech_019_q0_PR_attrition_moderate,0.88,GBseg_rich,1.0,1300.0,unattainable,68,,,
mech_019_q0_PR_attrition_moderate,0.88,GBseg_rich,1.0,1350.0,neutral,19,0.0,0.0,0.0
mech_019_q0_PR_attrition_moderate,0.88,GBseg_rich,1.0,1350.0,unattainable,53,,,
mech_019_q0_PR_attrition_moderate,0.88,GBseg_rich,1.0,1400.0,neutral,34,0.0,0.0,0.0
mech_019_q0_PR_attrition_moderate,0.88,GBseg_rich,1.0,1400.0,unattainable,38,,,
mech_019_q0_PR_attrition_moderate,0.88,GBseg_rich,1.0,1450.0,neutral,45,0.0,0.0,0.0
mech_019_q0_PR_attrition_moderate,0.88,GBseg_rich,1.0,1450.0,unattainable,27,,,
mech_019_q0_PR_attrition_moderate,0.88,GBseg_rich,1.0,1500.0,neutral,58,0.0,0.0,0.0
mech_019_q0_PR_attrition_moderate,0.88,GBseg_rich,1.0,1500.0,unattainable,14,,,
mech_019_q0_PR_attrition_moderate,0.88,GBseg_rich,5.0,1300.0,neutral,4,0.0690182749804713,341669.0372691923,0.00182620721654695
mech_019_q0_PR_attrition_moderate,0.88,GBseg_rich,5.0,1300.0,unattainable,68,,,
mech_019_q0_PR_attrition_moderate,0.88,GBseg_rich,5.0,1350.0,beneficial,3,1.165277738082428,1210806.0479381315,-0.0011467257578662
mech_019_q0_PR_attrition_moderate,0.88,GBseg_rich,5.0,1350.0,neutral,16,0.2444241524593371,571912.5988779586,0.00070353968611075
mech_019_q0_PR_attrition_moderate,0.88,GBseg_rich,5.0,1350.0,unattainable,53,,,
mech_019_q0_PR_attrition_moderate,0.88,GBseg_rich,5.0,1400.0,harmful,5,-1.2156615046479178,1828018.5053640425,-0.0013954857895755
mech_019_q0_PR_attrition_moderate,0.88,GBseg_rich,5.0,1400.0,neutral,29,-0.6521690098286173,752684.6467637888,0.000883654722057
mech_019_q0_PR_attrition_moderate,0.88,GBseg_rich,5.0,1400.0,unattainable,38,,,
mech_019_q0_PR_attrition_moderate,0.88,GBseg_rich,5.0,1450.0,harmful,35,-2.07725163897035,1212931.6942494148,0.002654373462891
mech_019_q0_PR_attrition_moderate,0.88,GBseg_rich,5.0,1450.0,neutral,6,-0.7522040056060819,313516.18286966515,-0.00011903802875
mech_019_q0_PR_attrition_moderate,0.88,GBseg_rich,5.0,1450.0,unattainable,31,,,
mech_019_q0_PR_attrition_moderate,0.88,GBseg_rich,5.0,1500.0,harmful,54,-3.8716793184755227,995433.9843186126,0.0008559323428686
mech_019_q0_PR_attrition_moderate,0.88,GBseg_rich,5.0,1500.0,unattainable,18,,,
mech_019_q0_PR_attrition_moderate,0.88,GBseg_rich,20.0,1300.0,neutral,4,0.0923139021189069,414427.2196481107,0.0024148489046697
mech_019_q0_PR_attrition_moderate,0.88,GBseg_rich,20.0,1300.0,unattainable,68,,,
mech_019_q0_PR_attrition_moderate,0.88,GBseg_rich,20.0,1350.0,beneficial,6,1.469193875819382,1640963.7564471425,-0.00084838034699005
mech_019_q0_PR_attrition_moderate,0.88,GBseg_rich,20.0,1350.0,neutral,13,0.119390461094866,504616.4242371278,0.0010428326364484
mech_019_q0_PR_attrition_moderate,0.88,GBseg_rich,20.0,1350.0,unattainable,53,,,
mech_019_q0_PR_attrition_moderate,0.88,GBseg_rich,20.0,1400.0,harmful,14,-1.548509758953748,2297581.060809752,-0.0007408613517910498
mech_019_q0_PR_attrition_moderate,0.88,GBseg_rich,20.0,1400.0,neutral,20,-0.6886998338327204,514986.2318398928,0.0004349969235208
mech_019_q0_PR_attrition_moderate,0.88,GBseg_rich,20.0,1400.0,unattainable,38,,,
mech_019_q0_PR_attrition_moderate,0.88,GBseg_rich,20.0,1450.0,harmful,39,-3.1828308073464897,1614434.56218202,0.0010771129941583
mech_019_q0_PR_attrition_moderate,0.88,GBseg_rich,20.0,1450.0,neutral,2,-0.7726957881243514,376719.0661892707,-0.0003345799050917
mech_019_q0_PR_attrition_moderate,0.88,GBseg_rich,20.0,1450.0,unattainable,31,,,
mech_019_q0_PR_attrition_moderate,0.88,GBseg_rich,20.0,1500.0,harmful,54,-6.027442513205177,1291126.1277859819,0.0005772085715793
mech_019_q0_PR_attrition_moderate,0.88,GBseg_rich,20.0,1500.0,unattainable,18,,,
mech_019_q0_PR_attrition_moderate,0.88,GBseg_rich,50.0,1300.0,neutral,4,0.0937049300431736,429361.30387435283,0.0025904169059807
mech_019_q0_PR_attrition_moderate,0.88,GBseg_rich,50.0,1300.0,unattainable,68,,,
mech_019_q0_PR_attrition_moderate,0.88,GBseg_rich,50.0,1350.0,beneficial,7,1.436561362417031,1726734.4122534413,-0.0026892562875561
mech_019_q0_PR_attrition_moderate,0.88,GBseg_rich,50.0,1350.0,neutral,12,0.13567144266059183,514709.00564752857,0.00219926028908435
mech_019_q0_PR_attrition_moderate,0.88,GBseg_rich,50.0,1350.0,unattainable,53,,,
mech_019_q0_PR_attrition_moderate,0.88,GBseg_rich,50.0,1400.0,harmful,16,-1.543038036776725,2348138.999908747,-0.0004754602094717
mech_019_q0_PR_attrition_moderate,0.88,GBseg_rich,50.0,1400.0,neutral,18,-0.5792195207569621,525209.6159605013,0.0006877334115694
mech_019_q0_PR_attrition_moderate,0.88,GBseg_rich,50.0,1400.0,unattainable,38,,,
mech_019_q0_PR_attrition_moderate,0.88,GBseg_rich,50.0,1450.0,harmful,39,-3.5685896303374487,1712417.7204833676,0.0010319367341454
mech_019_q0_PR_attrition_moderate,0.88,GBseg_rich,50.0,1450.0,neutral,2,-0.7593048335554627,389550.7830115889,-8.316132977162494e-05
mech_019_q0_PR_attrition_moderate,0.88,GBseg_rich,50.0,1450.0,unattainable,31,,,
mech_019_q0_PR_attrition_moderate,0.88,GBseg_rich,50.0,1500.0,harmful,54,-6.952895388885539,1360696.7799537696,0.00040390382762815
mech_019_q0_PR_attrition_moderate,0.88,GBseg_rich,50.0,1500.0,unattainable,18,,,
mech_019_q0_PR_attrition_moderate,0.88,GBseg_rich,100.0,1300.0,neutral,4,0.0958095493453182,434393.2896361458,0.00281785500698425
mech_019_q0_PR_attrition_moderate,0.88,GBseg_rich,100.0,1300.0,unattainable,68,,,
mech_019_q0_PR_attrition_moderate,0.88,GBseg_rich,100.0,1350.0,beneficial,7,1.3331540402577968,1755817.6128735023,-0.0029311754777636
mech_019_q0_PR_attrition_moderate,0.88,GBseg_rich,100.0,1350.0,neutral,12,0.11347258634361194,520860.7259740896,0.0018040579279879998
mech_019_q0_PR_attrition_moderate,0.88,GBseg_rich,100.0,1350.0,unattainable,53,,,
mech_019_q0_PR_attrition_moderate,0.88,GBseg_rich,100.0,1400.0,harmful,20,-1.2132915371246709,2079958.3896495071,-0.00060387228485615
mech_019_q0_PR_attrition_moderate,0.88,GBseg_rich,100.0,1400.0,neutral,14,-0.5673409316099137,515239.9323459217,0.000710811478595
mech_019_q0_PR_attrition_moderate,0.88,GBseg_rich,100.0,1400.0,unattainable,38,,,
mech_019_q0_PR_attrition_moderate,0.88,GBseg_rich,100.0,1450.0,harmful,39,-4.030441116328588,1746910.2913622996,0.0007600405578076
mech_019_q0_PR_attrition_moderate,0.88,GBseg_rich,100.0,1450.0,neutral,2,-0.7427197875897171,393842.63338594063,6.011912309870915e-05
mech_019_q0_PR_attrition_moderate,0.88,GBseg_rich,100.0,1450.0,unattainable,31,,,
mech_019_q0_PR_attrition_moderate,0.88,GBseg_rich,100.0,1500.0,harmful,54,-7.541444475619521,1384985.651567242,0.00043625258512555
mech_019_q0_PR_attrition_moderate,0.88,GBseg_rich,100.0,1500.0,unattainable,18,,,
mech_019_q0_PR_attrition_moderate,0.88,TJ_rich,0.2,1300.0,unattainable,72,,,
mech_019_q0_PR_attrition_moderate,0.88,TJ_rich,0.2,1350.0,unattainable,72,,,
mech_019_q0_PR_attrition_moderate,0.88,TJ_rich,0.2,1400.0,unattainable,72,,,
mech_019_q0_PR_attrition_moderate,0.88,TJ_rich,0.2,1450.0,unattainable,72,,,
mech_019_q0_PR_attrition_moderate,0.88,TJ_rich,0.2,1500.0,unattainable,72,,,
mech_019_q0_PR_attrition_moderate,0.88,TJ_rich,1.0,1300.0,unattainable,72,,,
mech_019_q0_PR_attrition_moderate,0.88,TJ_rich,1.0,1350.0,neutral,4,0.0,0.0,0.0
mech_019_q0_PR_attrition_moderate,0.88,TJ_rich,1.0,1350.0,unattainable,68,,,
mech_019_q0_PR_attrition_moderate,0.88,TJ_rich,1.0,1400.0,neutral,19,0.0,0.0,0.0
mech_019_q0_PR_attrition_moderate,0.88,TJ_rich,1.0,1400.0,unattainable,53,,,
mech_019_q0_PR_attrition_moderate,0.88,TJ_rich,1.0,1450.0,neutral,34,0.0,0.0,0.0
mech_019_q0_PR_attrition_moderate,0.88,TJ_rich,1.0,1450.0,unattainable,38,,,
mech_019_q0_PR_attrition_moderate,0.88,TJ_rich,1.0,1500.0,neutral,41,0.0,0.0,0.0
mech_019_q0_PR_attrition_moderate,0.88,TJ_rich,1.0,1500.0,unattainable,31,,,
mech_019_q0_PR_attrition_moderate,0.88,TJ_rich,5.0,1300.0,unattainable,72,,,
mech_019_q0_PR_attrition_moderate,0.88,TJ_rich,5.0,1350.0,neutral,4,-0.38959746953058877,116811.55306806316,0.0024885543845993997
mech_019_q0_PR_attrition_moderate,0.88,TJ_rich,5.0,1350.0,unattainable,68,,,
mech_019_q0_PR_attrition_moderate,0.88,TJ_rich,5.0,1400.0,beneficial,2,3.0599295759348415,854420.9906367434,0.00949764139612025
mech_019_q0_PR_attrition_moderate,0.88,TJ_rich,5.0,1400.0,harmful,1,-1.2677093036839762,139705.1136896668,0.0015395395260316
mech_019_q0_PR_attrition_moderate,0.88,TJ_rich,5.0,1400.0,neutral,14,-0.5361201000896031,148606.56241008244,0.0020060747690862
mech_019_q0_PR_attrition_moderate,0.88,TJ_rich,5.0,1400.0,unattainable,55,,,
mech_019_q0_PR_attrition_moderate,0.88,TJ_rich,5.0,1450.0,beneficial,6,2.8954686455342395,865705.0242241456,0.0083740394728608
mech_019_q0_PR_attrition_moderate,0.88,TJ_rich,5.0,1450.0,harmful,16,-1.4418531733791913,123256.99742064254,0.0016351039361851
mech_019_q0_PR_attrition_moderate,0.88,TJ_rich,5.0,1450.0,neutral,9,-0.1561798199006497,265539.98314813105,0.0022701273742183
mech_019_q0_PR_attrition_moderate,0.88,TJ_rich,5.0,1450.0,unattainable,41,,,
mech_019_q0_PR_attrition_moderate,0.88,TJ_rich,5.0,1500.0,beneficial,6,3.8610095235650768,876722.9006472097,0.008454677055655
mech_019_q0_PR_attrition_moderate,0.88,TJ_rich,5.0,1500.0,harmful,26,-2.4434921379106065,139992.8438908371,0.0017517237345318
mech_019_q0_PR_attrition_moderate,0.88,TJ_rich,5.0,1500.0,neutral,4,0.1496067606974028,441093.53002883215,0.0035975465055399503
mech_019_q0_PR_attrition_moderate,0.88,TJ_rich,5.0,1500.0,unattainable,36,,,
mech_019_q0_PR_attrition_moderate,0.88,TJ_rich,20.0,1300.0,unattainable,72,,,
mech_019_q0_PR_attrition_moderate,0.88,TJ_rich,20.0,1350.0,neutral,4,-0.525530576620579,139496.99144281226,0.0024309961659845503
mech_019_q0_PR_attrition_moderate,0.88,TJ_rich,20.0,1350.0,unattainable,68,,,
mech_019_q0_PR_attrition_moderate,0.88,TJ_rich,20.0,1400.0,beneficial,2,2.9373008794086717,1065423.8318477308,0.011275473668488752
mech_019_q0_PR_attrition_moderate,0.88,TJ_rich,20.0,1400.0,harmful,5,-1.318791982708717,123078.6106909066,0.0018024472181883
mech_019_q0_PR_attrition_moderate,0.88,TJ_rich,20.0,1400.0,neutral,10,-0.6627160489626978,249531.33541981518,0.0022836142197693
mech_019_q0_PR_attrition_moderate,0.88,TJ_rich,20.0,1400.0,unattainable,55,,,
mech_019_q0_PR_attrition_moderate,0.88,TJ_rich,20.0,1450.0,beneficial,6,2.6284082203575565,1078465.4760031907,0.0097157563531538
mech_019_q0_PR_attrition_moderate,0.88,TJ_rich,20.0,1450.0,harmful,22,-1.8164088526278823,154942.93283697963,0.0016670867445224
mech_019_q0_PR_attrition_moderate,0.88,TJ_rich,20.0,1450.0,neutral,3,-0.1614942004968866,536994.7631304339,0.005215611503368
mech_019_q0_PR_attrition_moderate,0.88,TJ_rich,20.0,1450.0,unattainable,41,,,
mech_019_q0_PR_attrition_moderate,0.88,TJ_rich,20.0,1500.0,beneficial,4,4.377380961427142,1086461.9889041204,0.00887995824939905
mech_019_q0_PR_attrition_moderate,0.88,TJ_rich,20.0,1500.0,harmful,28,-3.158642000963077,170604.87419164623,0.0022298699494138
mech_019_q0_PR_attrition_moderate,0.88,TJ_rich,20.0,1500.0,neutral,4,0.286807982556744,804392.8744826196,0.0084664471565213
mech_019_q0_PR_attrition_moderate,0.88,TJ_rich,20.0,1500.0,unattainable,36,,,
mech_019_q0_PR_attrition_moderate,0.88,TJ_rich,50.0,1300.0,unattainable,72,,,
mech_019_q0_PR_attrition_moderate,0.88,TJ_rich,50.0,1350.0,neutral,4,-0.6521034758395925,144081.7961775836,0.00249773555707615
mech_019_q0_PR_attrition_moderate,0.88,TJ_rich,50.0,1350.0,unattainable,68,,,
mech_019_q0_PR_attrition_moderate,0.88,TJ_rich,50.0,1400.0,beneficial,2,3.0231423741341117,1110794.0115934047,0.0120199444410322
mech_019_q0_PR_attrition_moderate,0.88,TJ_rich,50.0,1400.0,harmful,7,-1.3297598050439132,172533.66383327974,0.0020011695086847
mech_019_q0_PR_attrition_moderate,0.88,TJ_rich,50.0,1400.0,neutral,8,-0.4875370170197739,257837.2440592724,0.0021486019079202
mech_019_q0_PR_attrition_moderate,0.88,TJ_rich,50.0,1400.0,unattainable,55,,,
mech_019_q0_PR_attrition_moderate,0.88,TJ_rich,50.0,1450.0,beneficial,6,2.867369149311709,1123529.3032002924,0.0110192665359956
mech_019_q0_PR_attrition_moderate,0.88,TJ_rich,50.0,1450.0,harmful,21,-2.0651379730650756,172768.90734110543,0.0017505530071215
mech_019_q0_PR_attrition_moderate,0.88,TJ_rich,50.0,1450.0,neutral,3,-0.6506007501941848,556193.673676114,0.004964450232693
mech_019_q0_PR_attrition_moderate,0.88,TJ_rich,50.0,1450.0,unattainable,42,,,
mech_019_q0_PR_attrition_moderate,0.88,TJ_rich,50.0,1500.0,beneficial,4,3.874737442815242,1130522.7088495188,0.00896355769047455
mech_019_q0_PR_attrition_moderate,0.88,TJ_rich,50.0,1500.0,harmful,28,-3.3193535200071262,176215.39102972974,0.00219984141110605
mech_019_q0_PR_attrition_moderate,0.88,TJ_rich,50.0,1500.0,neutral,4,0.2155762903486242,837455.2189848549,0.00922312669087535
mech_019_q0_PR_attrition_moderate,0.88,TJ_rich,50.0,1500.0,unattainable,36,,,
mech_019_q0_PR_attrition_moderate,0.88,TJ_rich,100.0,1300.0,unattainable,72,,,
mech_019_q0_PR_attrition_moderate,0.88,TJ_rich,100.0,1350.0,neutral,4,-0.6310849637847182,145615.3978885791,0.00270839807975455
mech_019_q0_PR_attrition_moderate,0.88,TJ_rich,100.0,1350.0,unattainable,68,,,
mech_019_q0_PR_attrition_moderate,0.88,TJ_rich,100.0,1400.0,beneficial,2,3.172319656767666,1126172.987933775,0.0123476688428255
mech_019_q0_PR_attrition_moderate,0.88,TJ_rich,100.0,1400.0,harmful,5,-1.2740269882090949,128395.64570753106,0.0025090575549684
mech_019_q0_PR_attrition_moderate,0.88,TJ_rich,100.0,1400.0,neutral,10,-0.8820989229705258,260596.8242938564,0.0022739167677724497
mech_019_q0_PR_attrition_moderate,0.88,TJ_rich,100.0,1400.0,unattainable,55,,,
mech_019_q0_PR_attrition_moderate,0.88,TJ_rich,100.0,1450.0,beneficial,5,3.685149002267419,1138898.895110374,0.0106298235523301
mech_019_q0_PR_attrition_moderate,0.88,TJ_rich,100.0,1450.0,harmful,21,-2.1535954916193965,174609.86829133323,0.0017374707656836
mech_019_q0_PR_attrition_moderate,0.88,TJ_rich,100.0,1450.0,neutral,4,-0.5784859408632385,557691.928107219,0.00418050031313845
mech_019_q0_PR_attrition_moderate,0.88,TJ_rich,100.0,1450.0,unattainable,42,,,
mech_019_q0_PR_attrition_moderate,0.88,TJ_rich,100.0,1500.0,beneficial,4,3.862662831189014,1145432.2442824622,0.00922001957319665
mech_019_q0_PR_attrition_moderate,0.88,TJ_rich,100.0,1500.0,harmful,28,-3.7240875720971482,178088.94906192197,0.00204987027330925
mech_019_q0_PR_attrition_moderate,0.88,TJ_rich,100.0,1500.0,neutral,4,-0.08432574982195305,848664.6715526746,0.00912978375129295
mech_019_q0_PR_attrition_moderate,0.88,TJ_rich,100.0,1500.0,unattainable,36,,,
mech_019_q0_PR_attrition_moderate,0.88,baseline,0.2,1300.0,unattainable,72,,,
mech_019_q0_PR_attrition_moderate,0.88,baseline,0.2,1350.0,unattainable,72,,,
mech_019_q0_PR_attrition_moderate,0.88,baseline,0.2,1400.0,unattainable,72,,,
mech_019_q0_PR_attrition_moderate,0.88,baseline,0.2,1450.0,unattainable,72,,,
mech_019_q0_PR_attrition_moderate,0.88,baseline,0.2,1500.0,unattainable,72,,,
mech_019_q0_PR_attrition_moderate,0.88,baseline,1.0,1300.0,unattainable,72,,,
mech_019_q0_PR_attrition_moderate,0.88,baseline,1.0,1350.0,neutral,8,0.0,0.0,0.0
mech_019_q0_PR_attrition_moderate,0.88,baseline,1.0,1350.0,unattainable,64,,,
mech_019_q0_PR_attrition_moderate,0.88,baseline,1.0,1400.0,neutral,24,0.0,0.0,0.0
mech_019_q0_PR_attrition_moderate,0.88,baseline,1.0,1400.0,unattainable,48,,,
mech_019_q0_PR_attrition_moderate,0.88,baseline,1.0,1450.0,neutral,36,0.0,0.0,0.0
mech_019_q0_PR_attrition_moderate,0.88,baseline,1.0,1450.0,unattainable,36,,,
mech_019_q0_PR_attrition_moderate,0.88,baseline,1.0,1500.0,neutral,47,0.0,0.0,0.0
mech_019_q0_PR_attrition_moderate,0.88,baseline,1.0,1500.0,unattainable,25,,,
mech_019_q0_PR_attrition_moderate,0.88,baseline,5.0,1300.0,unattainable,72,,,
mech_019_q0_PR_attrition_moderate,0.88,baseline,5.0,1350.0,neutral,8,-0.1663919787565142,278363.7462512945,0.0015114223032869
mech_019_q0_PR_attrition_moderate,0.88,baseline,5.0,1350.0,unattainable,64,,,
mech_019_q0_PR_attrition_moderate,0.88,baseline,5.0,1400.0,beneficial,2,2.3060492500389094,1743901.7587039405,0.0071535378398285
mech_019_q0_PR_attrition_moderate,0.88,baseline,5.0,1400.0,harmful,4,-1.233414593919083,515216.9078030668,0.0030551562877174
mech_019_q0_PR_attrition_moderate,0.88,baseline,5.0,1400.0,neutral,17,-0.5959325905993998,355310.15554140636,0.0014896265236624
mech_019_q0_PR_attrition_moderate,0.88,baseline,5.0,1400.0,unattainable,49,,,
mech_019_q0_PR_attrition_moderate,0.88,baseline,5.0,1450.0,beneficial,2,2.585405405875835,1840876.000488317,0.0064132006586423
mech_019_q0_PR_attrition_moderate,0.88,baseline,5.0,1450.0,harmful,20,-1.4779058563903198,353390.8179352637,0.0020185212888168503
mech_019_q0_PR_attrition_moderate,0.88,baseline,5.0,1450.0,neutral,14,-0.8475484489687684,1077308.7421808664,0.0015844160537718
mech_019_q0_PR_attrition_moderate,0.88,baseline,5.0,1450.0,unattainable,36,,,
mech_019_q0_PR_attrition_moderate,0.88,baseline,5.0,1500.0,beneficial,2,1.56181138154748,1848560.3711095809,0.0057631541240513
mech_019_q0_PR_attrition_moderate,0.88,baseline,5.0,1500.0,harmful,36,-2.694973140069335,356122.01041456556,0.0014347851009455
mech_019_q0_PR_attrition_moderate,0.88,baseline,5.0,1500.0,neutral,4,-0.39793839995207764,1421454.789268663,0.00485820915830565
mech_019_q0_PR_attrition_moderate,0.88,baseline,5.0,1500.0,unattainable,30,,,
mech_019_q0_PR_attrition_moderate,0.88,baseline,20.0,1300.0,unattainable,72,,,
mech_019_q0_PR_attrition_moderate,0.88,baseline,20.0,1350.0,neutral,8,-0.2049610848249126,335439.27776798443,0.0020119467009047
mech_019_q0_PR_attrition_moderate,0.88,baseline,20.0,1350.0,unattainable,64,,,
mech_019_q0_PR_attrition_moderate,0.88,baseline,20.0,1400.0,beneficial,2,1.7416524763963832,2292309.747738916,0.00761799486405625
mech_019_q0_PR_attrition_moderate,0.88,baseline,20.0,1400.0,harmful,10,-1.3022220936963147,842676.9446904568,0.0030385779328758
mech_019_q0_PR_attrition_moderate,0.88,baseline,20.0,1400.0,neutral,11,-0.806133417789137,267572.54838351905,0.0017862380398408
mech_019_q0_PR_attrition_moderate,0.88,baseline,20.0,1400.0,unattainable,49,,,
mech_019_q0_PR_attrition_moderate,0.88,baseline,20.0,1450.0,beneficial,2,1.6367139151283292,2417900.8060958455,0.0066866744689204
mech_019_q0_PR_attrition_moderate,0.88,baseline,20.0,1450.0,harmful,30,-1.760529904815472,435229.94784519856,0.0017922153055215
mech_019_q0_PR_attrition_moderate,0.88,baseline,20.0,1450.0,neutral,4,-0.7316105001705657,1269488.3707265262,0.0042423279775359
mech_019_q0_PR_attrition_moderate,0.88,baseline,20.0,1450.0,unattainable,36,,,
mech_019_q0_PR_attrition_moderate,0.88,baseline,20.0,1500.0,harmful,40,-3.5195781413890574,435511.8582975231,0.0019899114922853
mech_019_q0_PR_attrition_moderate,0.88,baseline,20.0,1500.0,neutral,2,0.4108675751329989,2431679.292896049,0.006294588968467
mech_019_q0_PR_attrition_moderate,0.88,baseline,20.0,1500.0,unattainable,30,,,
mech_019_q0_PR_attrition_moderate,0.88,baseline,50.0,1300.0,unattainable,72,,,
mech_019_q0_PR_attrition_moderate,0.88,baseline,50.0,1350.0,neutral,8,-0.2823757110366921,347076.71936878026,0.00174406443238125
mech_019_q0_PR_attrition_moderate,0.88,baseline,50.0,1350.0,unattainable,64,,,
mech_019_q0_PR_attrition_moderate,0.88,baseline,50.0,1400.0,beneficial,1,2.28049582304321,2483440.812840681,0.0068345231363939
mech_019_q0_PR_attrition_moderate,0.88,baseline,50.0,1400.0,harmful,11,-1.3854239748434736,877105.1563658009,0.0032444387053323
mech_019_q0_PR_attrition_moderate,0.88,baseline,50.0,1400.0,neutral,11,-0.7530957271390926,276415.66463645117,0.0014615969613221
mech_019_q0_PR_attrition_moderate,0.88,baseline,50.0,1400.0,unattainable,49,,,
mech_019_q0_PR_attrition_moderate,0.88,baseline,50.0,1450.0,harmful,32,-2.1417928222180453,666209.5144535166,0.0020308558288686003
mech_019_q0_PR_attrition_moderate,0.88,baseline,50.0,1450.0,neutral,4,0.13215790492966684,1395887.9333685234,0.0038315072726807
mech_019_q0_PR_attrition_moderate,0.88,baseline,50.0,1450.0,unattainable,36,,,
mech_019_q0_PR_attrition_moderate,0.88,baseline,50.0,1500.0,harmful,40,-4.24170424841501,450500.591227286,0.00198890668188505
mech_019_q0_PR_attrition_moderate,0.88,baseline,50.0,1500.0,neutral,2,-0.7113694796606651,2569514.135018389,0.0058735024560538
mech_019_q0_PR_attrition_moderate,0.88,baseline,50.0,1500.0,unattainable,30,,,
mech_019_q0_PR_attrition_moderate,0.88,baseline,100.0,1300.0,unattainable,72,,,
mech_019_q0_PR_attrition_moderate,0.88,baseline,100.0,1350.0,neutral,8,-0.2594618341958591,350997.3164512361,0.0021379166526398503
mech_019_q0_PR_attrition_moderate,0.88,baseline,100.0,1350.0,unattainable,64,,,
mech_019_q0_PR_attrition_moderate,0.88,baseline,100.0,1400.0,beneficial,1,2.3465543253275905,2528251.9698241604,0.0069990038225836
mech_019_q0_PR_attrition_moderate,0.88,baseline,100.0,1400.0,harmful,9,-1.6291879824190152,448550.03846091154,0.0029125939398505
mech_019_q0_PR_attrition_moderate,0.88,baseline,100.0,1400.0,neutral,13,-0.8190508308313286,454530.43016516825,0.0013268130366454
mech_019_q0_PR_attrition_moderate,0.88,baseline,100.0,1400.0,unattainable,49,,,
mech_019_q0_PR_attrition_moderate,0.88,baseline,100.0,1450.0,harmful,32,-2.26422373220692,674532.3780911538,0.0022035449331032
mech_019_q0_PR_attrition_moderate,0.88,baseline,100.0,1450.0,neutral,4,-0.10827393480120348,1420794.779117994,0.0036776617286768
mech_019_q0_PR_attrition_moderate,0.88,baseline,100.0,1450.0,unattainable,36,,,
mech_019_q0_PR_attrition_moderate,0.88,baseline,100.0,1500.0,harmful,42,-4.031025716260334,675252.1439301838,0.0023835571863834
mech_019_q0_PR_attrition_moderate,0.88,baseline,100.0,1500.0,unattainable,30,,,
mech_019_q0_PR_attrition_moderate,0.88,mixed_GBseg_TJ,0.2,1300.0,unattainable,72,,,
mech_019_q0_PR_attrition_moderate,0.88,mixed_GBseg_TJ,0.2,1350.0,unattainable,72,,,
mech_019_q0_PR_attrition_moderate,0.88,mixed_GBseg_TJ,0.2,1400.0,unattainable,72,,,
mech_019_q0_PR_attrition_moderate,0.88,mixed_GBseg_TJ,0.2,1450.0,unattainable,72,,,
mech_019_q0_PR_attrition_moderate,0.88,mixed_GBseg_TJ,0.2,1500.0,unattainable,72,,,
mech_019_q0_PR_attrition_moderate,0.88,mixed_GBseg_TJ,1.0,1300.0,unattainable,72,,,
mech_019_q0_PR_attrition_moderate,0.88,mixed_GBseg_TJ,1.0,1350.0,neutral,9,0.0,0.0,0.0
mech_019_q0_PR_attrition_moderate,0.88,mixed_GBseg_TJ,1.0,1350.0,unattainable,63,,,
mech_019_q0_PR_attrition_moderate,0.88,mixed_GBseg_TJ,1.0,1400.0,neutral,24,0.0,0.0,0.0
mech_019_q0_PR_attrition_moderate,0.88,mixed_GBseg_TJ,1.0,1400.0,unattainable,48,,,
mech_019_q0_PR_attrition_moderate,0.88,mixed_GBseg_TJ,1.0,1450.0,neutral,36,0.0,0.0,0.0
mech_019_q0_PR_attrition_moderate,0.88,mixed_GBseg_TJ,1.0,1450.0,unattainable,36,,,
mech_019_q0_PR_attrition_moderate,0.88,mixed_GBseg_TJ,1.0,1500.0,neutral,47,0.0,0.0,0.0
mech_019_q0_PR_attrition_moderate,0.88,mixed_GBseg_TJ,1.0,1500.0,unattainable,25,,,
mech_019_q0_PR_attrition_moderate,0.88,mixed_GBseg_TJ,5.0,1300.0,unattainable,72,,,
mech_019_q0_PR_attrition_moderate,0.88,mixed_GBseg_TJ,5.0,1350.0,neutral,9,-0.3260696918421882,216590.97760330973,0.0020968530228323
mech_019_q0_PR_attrition_moderate,0.88,mixed_GBseg_TJ,5.0,1350.0,unattainable,63,,,
mech_019_q0_PR_attrition_moderate,0.88,mixed_GBseg_TJ,5.0,1400.0,beneficial,2,2.1719256442029664,1282550.0808751457,0.00707299646418485
mech_019_q0_PR_attrition_moderate,0.88,mixed_GBseg_TJ,5.0,1400.0,harmful,4,-1.193825230357883,321174.6131620849,0.0032666759372240502
mech_019_q0_PR_attrition_moderate,0.88,mixed_GBseg_TJ,5.0,1400.0,neutral,17,-0.6357535236817281,223330.00063328593,0.0017780734240393
mech_019_q0_PR_attrition_moderate,0.88,mixed_GBseg_TJ,5.0,1400.0,unattainable,49,,,
mech_019_q0_PR_attrition_moderate,0.88,mixed_GBseg_TJ,5.0,1450.0,beneficial,4,1.7473985127160856,1300107.7383824773,0.007069198908591499
mech_019_q0_PR_attrition_moderate,0.88,mixed_GBseg_TJ,5.0,1450.0,harmful,22,-1.4639479650130085,223600.352087837,0.0020102392925921
mech_019_q0_PR_attrition_moderate,0.88,mixed_GBseg_TJ,5.0,1450.0,neutral,10,-0.5961386469296027,693734.0072019359,0.0029378982762576
mech_019_q0_PR_attrition_moderate,0.88,mixed_GBseg_TJ,5.0,1450.0,unattainable,36,,,
mech_019_q0_PR_attrition_moderate,0.88,mixed_GBseg_TJ,5.0,1500.0,beneficial,2,1.9079052574033184,1320089.6812080275,0.0062479542531936
mech_019_q0_PR_attrition_moderate,0.88,mixed_GBseg_TJ,5.0,1500.0,harmful,33,-2.7361026209764914,217829.49082506375,0.0020528825386748
mech_019_q0_PR_attrition_moderate,0.88,mixed_GBseg_TJ,5.0,1500.0,neutral,7,-0.2615647913796818,1233569.1398816984,0.0082024021734536
mech_019_q0_PR_attrition_moderate,0.88,mixed_GBseg_TJ,5.0,1500.0,unattainable,30,,,
mech_019_q0_PR_attrition_moderate,0.88,mixed_GBseg_TJ,20.0,1300.0,unattainable,72,,,
mech_019_q0_PR_attrition_moderate,0.88,mixed_GBseg_TJ,20.0,1350.0,neutral,9,-0.5104588880920214,259788.9840324245,0.0021346648062284
mech_019_q0_PR_attrition_moderate,0.88,mixed_GBseg_TJ,20.0,1350.0,unattainable,63,,,
mech_019_q0_PR_attrition_moderate,0.88,mixed_GBseg_TJ,20.0,1400.0,beneficial,2,2.171994914405701,1617864.68958021,0.0086022267627593
mech_019_q0_PR_attrition_moderate,0.88,mixed_GBseg_TJ,20.0,1400.0,harmful,12,-1.2923900043949328,268249.2867385035,0.0029606914733149
mech_019_q0_PR_attrition_moderate,0.88,mixed_GBseg_TJ,20.0,1400.0,neutral,9,-0.7167073260580527,267418.7865399373,0.0023263967009765
mech_019_q0_PR_attrition_moderate,0.88,mixed_GBseg_TJ,20.0,1400.0,unattainable,49,,,
mech_019_q0_PR_attrition_moderate,0.88,mixed_GBseg_TJ,20.0,1450.0,beneficial,2,1.6629880254387093,1653382.149337468,0.0071889170598025
mech_019_q0_PR_attrition_moderate,0.88,mixed_GBseg_TJ,20.0,1450.0,harmful,30,-1.780471786172958,267753.8168827722,0.002321118015723
mech_019_q0_PR_attrition_moderate,0.88,mixed_GBseg_TJ,20.0,1450.0,neutral,4,0.009887854825093911,1605635.9784355233,0.011847117873602899
mech_019_q0_PR_attrition_moderate,0.88,mixed_GBseg_TJ,20.0,1450.0,unattainable,36,,,
mech_019_q0_PR_attrition_moderate,0.88,mixed_GBseg_TJ,20.0,1500.0,harmful,38,-3.5854045881924774,272101.3435495418,0.0025303524335897
mech_019_q0_PR_attrition_moderate,0.88,mixed_GBseg_TJ,20.0,1500.0,neutral,4,-0.057014219627240625,1647957.3327801048,0.00813741023429235
mech_019_q0_PR_attrition_moderate,0.88,mixed_GBseg_TJ,20.0,1500.0,unattainable,30,,,
mech_019_q0_PR_attrition_moderate,0.88,mixed_GBseg_TJ,50.0,1300.0,unattainable,72,,,
mech_019_q0_PR_attrition_moderate,0.88,mixed_GBseg_TJ,50.0,1350.0,neutral,9,-0.5331430001537905,268503.0956219188,0.0019200760777354
mech_019_q0_PR_attrition_moderate,0.88,mixed_GBseg_TJ,50.0,1350.0,unattainable,63,,,
mech_019_q0_PR_attrition_moderate,0.88,mixed_GBseg_TJ,50.0,1400.0,beneficial,2,1.7611672482538951,1691078.852195559,0.0084718771252484
mech_019_q0_PR_attrition_moderate,0.88,mixed_GBseg_TJ,50.0,1400.0,harmful,12,-1.2855253840774852,405451.90548915777,0.00345393833858795
mech_019_q0_PR_attrition_moderate,0.88,mixed_GBseg_TJ,50.0,1400.0,neutral,9,-0.7839867409144586,197218.3968854009,0.0023684385399366
mech_019_q0_PR_attrition_moderate,0.88,mixed_GBseg_TJ,50.0,1400.0,unattainable,49,,,
mech_019_q0_PR_attrition_moderate,0.88,mixed_GBseg_TJ,50.0,1450.0,harmful,32,-1.921593723126524,280968.7499232738,0.00256028643691145
mech_019_q0_PR_attrition_moderate,0.88,mixed_GBseg_TJ,50.0,1450.0,neutral,4,0.5629542816760175,1716520.186937583,0.0084193177902246
mech_019_q0_PR_attrition_moderate,0.88,mixed_GBseg_TJ,50.0,1450.0,unattainable,36,,,
mech_019_q0_PR_attrition_moderate,0.88,mixed_GBseg_TJ,50.0,1500.0,harmful,39,-3.947743722627242,285425.7757390182,0.0027530769077066
mech_019_q0_PR_attrition_moderate,0.88,mixed_GBseg_TJ,50.0,1500.0,neutral,2,-0.4881797102311643,1732692.532289096,0.0064745300158177
mech_019_q0_PR_attrition_moderate,0.88,mixed_GBseg_TJ,50.0,1500.0,unattainable,31,,,
mech_019_q0_PR_attrition_moderate,0.88,mixed_GBseg_TJ,100.0,1300.0,unattainable,72,,,
mech_019_q0_PR_attrition_moderate,0.88,mixed_GBseg_TJ,100.0,1350.0,neutral,9,-0.5487322264471076,271442.74520003283,0.0022402563159437
mech_019_q0_PR_attrition_moderate,0.88,mixed_GBseg_TJ,100.0,1350.0,unattainable,63,,,
mech_019_q0_PR_attrition_moderate,0.88,mixed_GBseg_TJ,100.0,1400.0,beneficial,2,1.5030692831166954,1716004.1033802326,0.00825591414223225
mech_019_q0_PR_attrition_moderate,0.88,mixed_GBseg_TJ,100.0,1400.0,harmful,15,-1.3050124059432746,287981.74623586476,0.0029237693112104
mech_019_q0_PR_attrition_moderate,0.88,mixed_GBseg_TJ,100.0,1400.0,neutral,6,-0.7322234465359121,203362.30532638682,0.00151468024915535
mech_019_q0_PR_attrition_moderate,0.88,mixed_GBseg_TJ,100.0,1400.0,unattainable,49,,,
mech_019_q0_PR_attrition_moderate,0.88,mixed_GBseg_TJ,100.0,1450.0,harmful,32,-2.084286980642751,283985.1893512815,0.0025950246636561
mech_019_q0_PR_attrition_moderate,0.88,mixed_GBseg_TJ,100.0,1450.0,neutral,4,0.2056833495613158,1742028.9131470222,0.008218160162806
mech_019_q0_PR_attrition_moderate,0.88,mixed_GBseg_TJ,100.0,1450.0,unattainable,36,,,
mech_019_q0_PR_attrition_moderate,0.88,mixed_GBseg_TJ,100.0,1500.0,harmful,38,-3.790489639569966,411033.50429665577,0.0026504174299242
mech_019_q0_PR_attrition_moderate,0.88,mixed_GBseg_TJ,100.0,1500.0,neutral,2,-0.1297291248994691,1757768.9533465232,0.0072609707281929
mech_019_q0_PR_attrition_moderate,0.88,mixed_GBseg_TJ,100.0,1500.0,unattainable,32,,,
mech_019_q0_PR_attrition_moderate,0.9,GBseg_rich,0.2,1300.0,unattainable,72,,,
mech_019_q0_PR_attrition_moderate,0.9,GBseg_rich,0.2,1350.0,unattainable,72,,,
mech_019_q0_PR_attrition_moderate,0.9,GBseg_rich,0.2,1400.0,unattainable,72,,,
mech_019_q0_PR_attrition_moderate,0.9,GBseg_rich,0.2,1450.0,unattainable,72,,,
mech_019_q0_PR_attrition_moderate,0.9,GBseg_rich,0.2,1500.0,unattainable,72,,,
mech_019_q0_PR_attrition_moderate,0.9,GBseg_rich,1.0,1300.0,unattainable,72,,,
mech_019_q0_PR_attrition_moderate,0.9,GBseg_rich,1.0,1350.0,neutral,12,0.0,0.0,0.0
mech_019_q0_PR_attrition_moderate,0.9,GBseg_rich,1.0,1350.0,unattainable,60,,,
mech_019_q0_PR_attrition_moderate,0.9,GBseg_rich,1.0,1400.0,neutral,27,0.0,0.0,0.0
mech_019_q0_PR_attrition_moderate,0.9,GBseg_rich,1.0,1400.0,unattainable,45,,,
mech_019_q0_PR_attrition_moderate,0.9,GBseg_rich,1.0,1450.0,neutral,39,0.0,0.0,0.0
mech_019_q0_PR_attrition_moderate,0.9,GBseg_rich,1.0,1450.0,unattainable,33,,,
mech_019_q0_PR_attrition_moderate,0.9,GBseg_rich,1.0,1500.0,neutral,51,0.0,0.0,0.0
mech_019_q0_PR_attrition_moderate,0.9,GBseg_rich,1.0,1500.0,unattainable,21,,,
mech_019_q0_PR_attrition_moderate,0.9,GBseg_rich,5.0,1300.0,unattainable,72,,,
mech_019_q0_PR_attrition_moderate,0.9,GBseg_rich,5.0,1350.0,beneficial,2,1.4107014629265513,1182414.274615447,-0.00033922793736354995
mech_019_q0_PR_attrition_moderate,0.9,GBseg_rich,5.0,1350.0,neutral,10,0.24279169982019233,422875.5102873488,-0.0006736085773562999
mech_019_q0_PR_attrition_moderate,0.9,GBseg_rich,5.0,1350.0,unattainable,60,,,
mech_019_q0_PR_attrition_moderate,0.9,GBseg_rich,5.0,1400.0,harmful,5,-1.075395832375149,1540546.5735901052,-0.0020334847059898
mech_019_q0_PR_attrition_moderate,0.9,GBseg_rich,5.0,1400.0,neutral,22,-0.4142589400335126,725819.9262599677,-7.33575158792583e-05
mech_019_q0_PR_attrition_moderate,0.9,GBseg_rich,5.0,1400.0,unattainable,45,,,
mech_019_q0_PR_attrition_moderate,0.9,GBseg_rich,5.0,1450.0,harmful,22,-1.9953908817839576,1212757.6826493489,-0.0011123065892857
mech_019_q0_PR_attrition_moderate,0.9,GBseg_rich,5.0,1450.0,neutral,14,-0.6419349101790499,432457.9973103657,0.0015949575453899
mech_019_q0_PR_attrition_moderate,0.9,GBseg_rich,5.0,1450.0,unattainable,36,,,
mech_019_q0_PR_attrition_moderate,0.9,GBseg_rich,5.0,1500.0,harmful,47,-2.978774410642187,775344.6052494509,-7.022831742251046e-05
mech_019_q0_PR_attrition_moderate,0.9,GBseg_rich,5.0,1500.0,unattainable,25,,,
mech_019_q0_PR_attrition_moderate,0.9,GBseg_rich,20.0,1300.0,unattainable,72,,,
mech_019_q0_PR_attrition_moderate,0.9,GBseg_rich,20.0,1350.0,beneficial,4,1.393032731620512,1486967.6091994653,-0.0018586845406982
mech_019_q0_PR_attrition_moderate,0.9,GBseg_rich,20.0,1350.0,neutral,8,0.20123346839001283,496084.817100783,-0.00085272734859005
mech_019_q0_PR_attrition_moderate,0.9,GBseg_rich,20.0,1350.0,unattainable,60,,,
mech_019_q0_PR_attrition_moderate,0.9,GBseg_rich,20.0,1400.0,harmful,7,-1.540755045107905,2101773.3005578825,-0.0010295695755118
mech_019_q0_PR_attrition_moderate,0.9,GBseg_rich,20.0,1400.0,neutral,20,-0.6012731224980206,719128.3577550718,-0.00047890610412835
mech_019_q0_PR_attrition_moderate,0.9,GBseg_rich,20.0,1400.0,unattainable,45,,,
mech_019_q0_PR_attrition_moderate,0.9,GBseg_rich,20.0,1450.0,harmful,32,-3.023744871137757,1655142.1994436148,-0.0007641665313582
mech_019_q0_PR_attrition_moderate,0.9,GBseg_rich,20.0,1450.0,neutral,4,-0.7660368179350948,364764.9214771359,-0.0005431252923530999
mech_019_q0_PR_attrition_moderate,0.9,GBseg_rich,20.0,1450.0,unattainable,36,,,
mech_019_q0_PR_attrition_moderate,0.9,GBseg_rich,20.0,1500.0,harmful,47,-5.277963307306819,961847.2437629882,-0.0008238953658796
mech_019_q0_PR_attrition_moderate,0.9,GBseg_rich,20.0,1500.0,unattainable,25,,,
mech_019_q0_PR_attrition_moderate,0.9,GBseg_rich,50.0,1300.0,unattainable,72,,,
mech_019_q0_PR_attrition_moderate,0.9,GBseg_rich,50.0,1350.0,beneficial,4,1.5506788772153475,1562751.3669115487,-0.00232397375467705
mech_019_q0_PR_attrition_moderate,0.9,GBseg_rich,50.0,1350.0,neutral,8,0.24855426913506212,514476.0704366728,-0.0007123093266749
mech_019_q0_PR_attrition_moderate,0.9,GBseg_rich,50.0,1350.0,unattainable,60,,,
mech_019_q0_PR_attrition_moderate,0.9,GBseg_rich,50.0,1400.0,harmful,11,-1.175248438038652,1828602.198716707,-0.0033465898731778
mech_019_q0_PR_attrition_moderate,0.9,GBseg_rich,50.0,1400.0,neutral,16,-0.4631740781946819,525181.3022548015,0.0002276556577707
mech_019_q0_PR_attrition_moderate,0.9,GBseg_rich,50.0,1400.0,unattainable,45,,,
mech_019_q0_PR_attrition_moderate,0.9,GBseg_rich,50.0,1450.0,harmful,30,-3.9699944697653753,1791301.2124736474,-0.0006288964864689
mech_019_q0_PR_attrition_moderate,0.9,GBseg_rich,50.0,1450.0,neutral,6,-0.9142047572626584,389549.5760526165,-0.0007521518673325
mech_019_q0_PR_attrition_moderate,0.9,GBseg_rich,50.0,1450.0,unattainable,36,,,
mech_019_q0_PR_attrition_moderate,0.9,GBseg_rich,50.0,1500.0,harmful,47,-6.024168515210491,1001552.970399442,-0.0009815987741391
mech_019_q0_PR_attrition_moderate,0.9,GBseg_rich,50.0,1500.0,unattainable,25,,,
mech_019_q0_PR_attrition_moderate,0.9,GBseg_rich,100.0,1300.0,unattainable,72,,,
mech_019_q0_PR_attrition_moderate,0.9,GBseg_rich,100.0,1350.0,beneficial,3,1.9174557409776227,1658440.8402591012,-0.0021731741177745
mech_019_q0_PR_attrition_moderate,0.9,GBseg_rich,100.0,1350.0,neutral,9,0.2461266399679132,529041.9305341056,-0.0006280406864212
mech_019_q0_PR_attrition_moderate,0.9,GBseg_rich,100.0,1350.0,unattainable,60,,,
mech_019_q0_PR_attrition_moderate,0.9,GBseg_rich,100.0,1400.0,harmful,11,-1.2033125040981911,1796967.9016098971,-0.0027727265673943
mech_019_q0_PR_attrition_moderate,0.9,GBseg_rich,100.0,1400.0,neutral,16,-0.5505225216684132,531395.2701484653,0.0005524945505981499
mech_019_q0_PR_attrition_moderate,0.9,GBseg_rich,100.0,1400.0,unattainable,45,,,
mech_019_q0_PR_attrition_moderate,0.9,GBseg_rich,100.0,1450.0,harmful,34,-3.6714677283055366,1746614.6458140125,-0.001261752253949
mech_019_q0_PR_attrition_moderate,0.9,GBseg_rich,100.0,1450.0,neutral,2,-0.5287270893907109,393841.39746726054,-0.0006054517075016
mech_019_q0_PR_attrition_moderate,0.9,GBseg_rich,100.0,1450.0,unattainable,36,,,
mech_019_q0_PR_attrition_moderate,0.9,GBseg_rich,100.0,1500.0,harmful,46,-6.69512172213058,1384962.3084506998,-0.0010802741729102
mech_019_q0_PR_attrition_moderate,0.9,GBseg_rich,100.0,1500.0,unattainable,26,,,
mech_019_q0_PR_attrition_moderate,0.9,TJ_rich,0.2,1300.0,unattainable,72,,,
mech_019_q0_PR_attrition_moderate,0.9,TJ_rich,0.2,1350.0,unattainable,72,,,
mech_019_q0_PR_attrition_moderate,0.9,TJ_rich,0.2,1400.0,unattainable,72,,,
mech_019_q0_PR_attrition_moderate,0.9,TJ_rich,0.2,1450.0,unattainable,72,,,
mech_019_q0_PR_attrition_moderate,0.9,TJ_rich,0.2,1500.0,unattainable,72,,,
mech_019_q0_PR_attrition_moderate,0.9,TJ_rich,1.0,1300.0,unattainable,72,,,
mech_019_q0_PR_attrition_moderate,0.9,TJ_rich,1.0,1350.0,unattainable,72,,,
mech_019_q0_PR_attrition_moderate,0.9,TJ_rich,1.0,1400.0,neutral,12,0.0,0.0,0.0
mech_019_q0_PR_attrition_moderate,0.9,TJ_rich,1.0,1400.0,unattainable,60,,,
mech_019_q0_PR_attrition_moderate,0.9,TJ_rich,1.0,1450.0,neutral,26,0.0,0.0,0.0
mech_019_q0_PR_attrition_moderate,0.9,TJ_rich,1.0,1450.0,unattainable,46,,,
mech_019_q0_PR_attrition_moderate,0.9,TJ_rich,1.0,1500.0,neutral,36,0.0,0.0,0.0
mech_019_q0_PR_attrition_moderate,0.9,TJ_rich,1.0,1500.0,unattainable,36,,,
mech_019_q0_PR_attrition_moderate,0.9,TJ_rich,5.0,1300.0,unattainable,72,,,
mech_019_q0_PR_attrition_moderate,0.9,TJ_rich,5.0,1350.0,unattainable,72,,,
mech_019_q0_PR_attrition_moderate,0.9,TJ_rich,5.0,1400.0,beneficial,3,2.5547443166906594,446438.1726123629,0.0055625661248413
mech_019_q0_PR_attrition_moderate,0.9,TJ_rich,5.0,1400.0,harmful,1,-1.0674412967924094,139701.88023128314,0.0009802886536939
mech_019_q0_PR_attrition_moderate,0.9,TJ_rich,5.0,1400.0,neutral,7,-0.255217512723108,106536.9292190356,0.0014977327845427
mech_019_q0_PR_attrition_moderate,0.9,TJ_rich,5.0,1400.0,unattainable,61,,,
mech_019_q0_PR_attrition_moderate,0.9,TJ_rich,5.0,1450.0,beneficial,6,6.073187046669984,857372.4126528993,0.00630425284656315
mech_019_q0_PR_attrition_moderate,0.9,TJ_rich,5.0,1450.0,harmful,8,-1.614899650196787,98901.668766641,0.0004948766921439
mech_019_q0_PR_attrition_moderate,0.9,TJ_rich,5.0,1450.0,neutral,10,-0.11685826402950285,265992.47113521094,0.00152484327694245
mech_019_q0_PR_attrition_moderate,0.9,TJ_rich,5.0,1450.0,unattainable,48,,,
mech_019_q0_PR_attrition_moderate,0.9,TJ_rich,5.0,1500.0,beneficial,10,5.764416150773752,860674.2579421685,0.00518000406795
mech_019_q0_PR_attrition_moderate,0.9,TJ_rich,5.0,1500.0,harmful,16,-1.9338761025854212,113124.30803374999,0.0011911504837339
mech_019_q0_PR_attrition_moderate,0.9,TJ_rich,5.0,1500.0,neutral,10,0.1426637601698275,266727.87743205496,0.002421724988736
mech_019_q0_PR_attrition_moderate,0.9,TJ_rich,5.0,1500.0,unattainable,36,,,
mech_019_q0_PR_attrition_moderate,0.9,TJ_rich,20.0,1300.0,unattainable,72,,,
mech_019_q0_PR_attrition_moderate,0.9,TJ_rich,20.0,1350.0,unattainable,72,,,
mech_019_q0_PR_attrition_moderate,0.9,TJ_rich,20.0,1400.0,beneficial,3,2.5576246806504797,543257.22209358,0.006144080165807
mech_019_q0_PR_attrition_moderate,0.9,TJ_rich,20.0,1400.0,harmful,3,-1.235177021458698,112610.65116767354,0.00141185535471
mech_019_q0_PR_attrition_moderate,0.9,TJ_rich,20.0,1400.0,neutral,5,-0.4502461785757975,173538.18755063307,0.0017848713828582
mech_019_q0_PR_attrition_moderate,0.9,TJ_rich,20.0,1400.0,unattainable,61,,,
mech_019_q0_PR_attrition_moderate,0.9,TJ_rich,20.0,1450.0,beneficial,8,4.656197354242715,810770.186502448,0.0071048725148444
mech_019_q0_PR_attrition_moderate,0.9,TJ_rich,20.0,1450.0,harmful,8,-2.107498007933401,117936.41544553125,0.0010027092582354
mech_019_q0_PR_attrition_moderate,0.9,TJ_rich,20.0,1450.0,neutral,8,-0.5426282602729444,249916.99475606508,0.00156161579860325
mech_019_q0_PR_attrition_moderate,0.9,TJ_rich,20.0,1450.0,unattainable,48,,,
mech_019_q0_PR_attrition_moderate,0.9,TJ_rich,20.0,1500.0,beneficial,10,6.56770509458044,1079963.3206633313,0.0063990900320418
mech_019_q0_PR_attrition_moderate,0.9,TJ_rich,20.0,1500.0,harmful,20,-2.638530662777079,142633.47941526936,0.0011744259740082501
mech_019_q0_PR_attrition_moderate,0.9,TJ_rich,20.0,1500.0,neutral,6,-0.466696048070502,320297.67838618933,0.0027724622315967
mech_019_q0_PR_attrition_moderate,0.9,TJ_rich,20.0,1500.0,unattainable,36,,,
mech_019_q0_PR_attrition_moderate,0.9,TJ_rich,50.0,1300.0,unattainable,72,,,
mech_019_q0_PR_attrition_moderate,0.9,TJ_rich,50.0,1350.0,unattainable,72,,,
mech_019_q0_PR_attrition_moderate,0.9,TJ_rich,50.0,1400.0,beneficial,4,1.9565616673630364,558582.4120958212,0.0056086506588672
mech_019_q0_PR_attrition_moderate,0.9,TJ_rich,50.0,1400.0,harmful,3,-1.2058739943681491,116269.6190840498,0.0016180539653549
mech_019_q0_PR_attrition_moderate,0.9,TJ_rich,50.0,1400.0,neutral,4,-0.6341643167502621,155184.9651250736,0.0015091736314604
mech_019_q0_PR_attrition_moderate,0.9,TJ_rich,50.0,1400.0,unattainable,61,,,
mech_019_q0_PR_attrition_moderate,0.9,TJ_rich,50.0,1450.0,beneficial,6,6.167376238477995,1122625.2716099576,0.00752551352867415
mech_019_q0_PR_attrition_moderate,0.9,TJ_rich,50.0,1450.0,harmful,10,-1.7112506081162555,129204.16065484527,0.0012661119387729
mech_019_q0_PR_attrition_moderate,0.9,TJ_rich,50.0,1450.0,neutral,8,0.08812354617949045,332589.14329231007,0.0036395979097414
mech_019_q0_PR_attrition_moderate,0.9,TJ_rich,50.0,1450.0,unattainable,48,,,
mech_019_q0_PR_attrition_moderate,0.9,TJ_rich,50.0,1500.0,beneficial,10,5.747695125299237,1127506.9972050863,0.0067555881970431
mech_019_q0_PR_attrition_moderate,0.9,TJ_rich,50.0,1500.0,harmful,20,-2.7672698688495663,147255.20270295546,0.0010649028222725
mech_019_q0_PR_attrition_moderate,0.9,TJ_rich,50.0,1500.0,neutral,6,-0.5662830637713492,331164.12202159106,0.0027855802092517
mech_019_q0_PR_attrition_moderate,0.9,TJ_rich,50.0,1500.0,unattainable,36,,,
mech_019_q0_PR_attrition_moderate,0.9,TJ_rich,100.0,1300.0,unattainable,72,,,
mech_019_q0_PR_attrition_moderate,0.9,TJ_rich,100.0,1350.0,unattainable,72,,,
mech_019_q0_PR_attrition_moderate,0.9,TJ_rich,100.0,1400.0,beneficial,3,2.2129617325853546,570029.241178412,0.0071505605083322
mech_019_q0_PR_attrition_moderate,0.9,TJ_rich,100.0,1400.0,harmful,2,-1.0524172262631324,141570.72516834643,0.0019496508475343498
mech_019_q0_PR_attrition_moderate,0.9,TJ_rich,100.0,1400.0,neutral,6,-0.458172023483299,156823.41993207642,0.0019726762292295
mech_019_q0_PR_attrition_moderate,0.9,TJ_rich,100.0,1400.0,unattainable,61,,,
mech_019_q0_PR_attrition_moderate,0.9,TJ_rich,100.0,1450.0,beneficial,6,5.857647562478157,1138656.5644937973,0.0078889452327536
mech_019_q0_PR_attrition_moderate,0.9,TJ_rich,100.0,1450.0,harmful,12,-1.8879136471776556,140655.8389080532,0.0009842788007188
mech_019_q0_PR_attrition_moderate,0.9,TJ_rich,100.0,1450.0,neutral,6,0.38974177381111846,333507.0343209818,0.002233499864449
mech_019_q0_PR_attrition_moderate,0.9,TJ_rich,100.0,1450.0,unattainable,48,,,
mech_019_q0_PR_attrition_moderate,0.9,TJ_rich,100.0,1500.0,beneficial,10,6.1509514747635015,1142032.6327028323,0.0067649604062212
mech_019_q0_PR_attrition_moderate,0.9,TJ_rich,100.0,1500.0,harmful,22,-3.1177162962210048,148857.82708812243,0.0010426288043074
mech_019_q0_PR_attrition_moderate,0.9,TJ_rich,100.0,1500.0,neutral,4,-0.1625926290901954,453493.6037002257,0.00428065419974895
mech_019_q0_PR_attrition_moderate,0.9,TJ_rich,100.0,1500.0,unattainable,36,,,
mech_019_q0_PR_attrition_moderate,0.9,baseline,0.2,1300.0,unattainable,72,,,
mech_019_q0_PR_attrition_moderate,0.9,baseline,0.2,1350.0,unattainable,72,,,
mech_019_q0_PR_attrition_moderate,0.9,baseline,0.2,1400.0,unattainable,72,,,
mech_019_q0_PR_attrition_moderate,0.9,baseline,0.2,1450.0,unattainable,72,,,
mech_019_q0_PR_attrition_moderate,0.9,baseline,0.2,1500.0,unattainable,72,,,
mech_019_q0_PR_attrition_moderate,0.9,baseline,1.0,1300.0,unattainable,72,,,
mech_019_q0_PR_attrition_moderate,0.9,baseline,1.0,1350.0,neutral,3,0.0,0.0,0.0
mech_019_q0_PR_attrition_moderate,0.9,baseline,1.0,1350.0,unattainable,69,,,
mech_019_q0_PR_attrition_moderate,0.9,baseline,1.0,1400.0,neutral,17,0.0,0.0,0.0
mech_019_q0_PR_attrition_moderate,0.9,baseline,1.0,1400.0,unattainable,55,,,
mech_019_q0_PR_attrition_moderate,0.9,baseline,1.0,1450.0,neutral,31,0.0,0.0,0.0
mech_019_q0_PR_attrition_moderate,0.9,baseline,1.0,1450.0,unattainable,41,,,
mech_019_q0_PR_attrition_moderate,0.9,baseline,1.0,1500.0,neutral,40,0.0,0.0,0.0
mech_019_q0_PR_attrition_moderate,0.9,baseline,1.0,1500.0,unattainable,32,,,
mech_019_q0_PR_attrition_moderate,0.9,baseline,5.0,1300.0,unattainable,72,,,
mech_019_q0_PR_attrition_moderate,0.9,baseline,5.0,1350.0,neutral,3,-0.1398218048306367,195428.14441290643,0.001218266179096
mech_019_q0_PR_attrition_moderate,0.9,baseline,5.0,1350.0,unattainable,69,,,
mech_019_q0_PR_attrition_moderate,0.9,baseline,5.0,1400.0,beneficial,3,4.083985272175874,1535434.209390155,0.0081420361007233
mech_019_q0_PR_attrition_moderate,0.9,baseline,5.0,1400.0,harmful,1,-1.2885544617874107,350162.85064728186,0.0006293008578908
mech_019_q0_PR_attrition_moderate,0.9,baseline,5.0,1400.0,neutral,13,-0.0950952092061589,355300.79770452407,0.001114751345121
mech_019_q0_PR_attrition_moderate,0.9,baseline,5.0,1400.0,unattainable,55,,,
mech_019_q0_PR_attrition_moderate,0.9,baseline,5.0,1450.0,beneficial,5,2.535024216721496,1590398.042441606,0.0087840800724936
mech_019_q0_PR_attrition_moderate,0.9,baseline,5.0,1450.0,harmful,11,-1.0940812284199202,350891.36595153576,0.0012224953436386
mech_019_q0_PR_attrition_moderate,0.9,baseline,5.0,1450.0,neutral,13,-0.688728677519724,691954.1726223431,0.0005650344836717
mech_019_q0_PR_attrition_moderate,0.9,baseline,5.0,1450.0,unattainable,43,,,
mech_019_q0_PR_attrition_moderate,0.9,baseline,5.0,1500.0,beneficial,6,4.089117471007706,1741661.9726748066,0.0078527028186972
mech_019_q0_PR_attrition_moderate,0.9,baseline,5.0,1500.0,harmful,22,-1.782565133872895,223990.88840685433,0.000636097087985
mech_019_q0_PR_attrition_moderate,0.9,baseline,5.0,1500.0,neutral,8,-0.58676818154586,887950.2483892932,0.0015405054858529002
mech_019_q0_PR_attrition_moderate,0.9,baseline,5.0,1500.0,unattainable,36,,,
mech_019_q0_PR_attrition_moderate,0.9,baseline,20.0,1300.0,unattainable,72,,,
mech_019_q0_PR_attrition_moderate,0.9,baseline,20.0,1350.0,neutral,3,-0.1378224435610514,234221.72043388983,0.0017278600981113
mech_019_q0_PR_attrition_moderate,0.9,baseline,20.0,1350.0,unattainable,69,,,
mech_019_q0_PR_attrition_moderate,0.9,baseline,20.0,1400.0,beneficial,3,3.7586860285161863,2056046.4185098144,0.0096937476982033
mech_019_q0_PR_attrition_moderate,0.9,baseline,20.0,1400.0,harmful,2,-1.2223524771773586,633192.4211613055,0.0022762496968081
mech_019_q0_PR_attrition_moderate,0.9,baseline,20.0,1400.0,neutral,12,-0.3885196893793314,348084.15026226704,0.00121972309999565
mech_019_q0_PR_attrition_moderate,0.9,baseline,20.0,1400.0,unattainable,55,,,
mech_019_q0_PR_attrition_moderate,0.9,baseline,20.0,1450.0,beneficial,5,1.9713831815765952,2154102.3708099774,0.0091080455392165
mech_019_q0_PR_attrition_moderate,0.9,baseline,20.0,1450.0,harmful,15,-1.5655820098214082,424770.7655953908,0.0014667947736559
mech_019_q0_PR_attrition_moderate,0.9,baseline,20.0,1450.0,neutral,9,-0.8708171451859353,850756.8458932731,0.0007878773584251
mech_019_q0_PR_attrition_moderate,0.9,baseline,20.0,1450.0,unattainable,43,,,
mech_019_q0_PR_attrition_moderate,0.9,baseline,20.0,1500.0,beneficial,6,3.398382953975256,2324501.479750981,0.0087522066125301
mech_019_q0_PR_attrition_moderate,0.9,baseline,20.0,1500.0,harmful,24,-2.7238646265399664,427396.4761033668,0.0009630128727473001
mech_019_q0_PR_attrition_moderate,0.9,baseline,20.0,1500.0,neutral,6,-0.9478053055625036,851790.4455768103,0.0013151822436774
mech_019_q0_PR_attrition_moderate,0.9,baseline,20.0,1500.0,unattainable,36,,,
mech_019_q0_PR_attrition_moderate,0.9,baseline,50.0,1300.0,unattainable,72,,,
mech_019_q0_PR_attrition_moderate,0.9,baseline,50.0,1350.0,neutral,3,-0.1691039693365129,242064.36782017857,0.0016788906544538
mech_019_q0_PR_attrition_moderate,0.9,baseline,50.0,1350.0,unattainable,69,,,
mech_019_q0_PR_attrition_moderate,0.9,baseline,50.0,1400.0,beneficial,3,3.4578385319090623,2182943.450831935,0.0092216161931986
mech_019_q0_PR_attrition_moderate,0.9,baseline,50.0,1400.0,harmful,3,-1.0960405287928023,876960.0520502562,0.0017878436730823
mech_019_q0_PR_attrition_moderate,0.9,baseline,50.0,1400.0,neutral,11,-0.4566712883505568,276418.7659302191,0.0008579921459147
mech_019_q0_PR_attrition_moderate,0.9,baseline,50.0,1400.0,unattainable,55,,,
mech_019_q0_PR_attrition_moderate,0.9,baseline,50.0,1450.0,beneficial,4,2.4992383587521134,2371244.4146487545,0.01037471264671725
mech_019_q0_PR_attrition_moderate,0.9,baseline,50.0,1450.0,harmful,19,-1.6609950554487751,444329.7106652154,0.0011818260466587
mech_019_q0_PR_attrition_moderate,0.9,baseline,50.0,1450.0,neutral,6,-0.5706299022199658,354537.039455339,0.0013188719524096
mech_019_q0_PR_attrition_moderate,0.9,baseline,50.0,1450.0,unattainable,43,,,
mech_019_q0_PR_attrition_moderate,0.9,baseline,50.0,1500.0,beneficial,4,4.169365973972004,2518005.3662547776,0.0078079895046836
mech_019_q0_PR_attrition_moderate,0.9,baseline,50.0,1500.0,harmful,28,-2.8617797959991007,442481.48277795804,0.0009340056277731
mech_019_q0_PR_attrition_moderate,0.9,baseline,50.0,1500.0,neutral,4,0.34101883983651016,1877638.1532902939,0.007535916438602051
mech_019_q0_PR_attrition_moderate,0.9,baseline,50.0,1500.0,unattainable,36,,,
mech_019_q0_PR_attrition_moderate,0.9,baseline,100.0,1300.0,unattainable,72,,,
mech_019_q0_PR_attrition_moderate,0.9,baseline,100.0,1350.0,neutral,3,-0.1327291717691452,244693.7036386933,0.0019646614232581
mech_019_q0_PR_attrition_moderate,0.9,baseline,100.0,1350.0,unattainable,69,,,
mech_019_q0_PR_attrition_moderate,0.9,baseline,100.0,1400.0,beneficial,3,3.1243792362097205,2227570.2165002325,0.0090753350945123
mech_019_q0_PR_attrition_moderate,0.9,baseline,100.0,1400.0,harmful,4,-1.2198966696209481,666284.2002537495,0.00122414860327655
mech_019_q0_PR_attrition_moderate,0.9,baseline,100.0,1400.0,neutral,10,-0.5372719001619339,363957.4171391004,0.0005975409131826
mech_019_q0_PR_attrition_moderate,0.9,baseline,100.0,1400.0,unattainable,55,,,
mech_019_q0_PR_attrition_moderate,0.9,baseline,100.0,1450.0,beneficial,3,3.7782543102045256,2496214.603926833,0.0072196582357952
mech_019_q0_PR_attrition_moderate,0.9,baseline,100.0,1450.0,harmful,23,-1.5847541876136868,449347.2979634634,0.0015865588293518
mech_019_q0_PR_attrition_moderate,0.9,baseline,100.0,1450.0,neutral,3,0.9467609603956726,2345376.690592962,0.0118277201854226
mech_019_q0_PR_attrition_moderate,0.9,baseline,100.0,1450.0,unattainable,43,,,
mech_019_q0_PR_attrition_moderate,0.9,baseline,100.0,1500.0,beneficial,4,4.333580395859064,2567172.5666656466,0.00814152691595385
mech_019_q0_PR_attrition_moderate,0.9,baseline,100.0,1500.0,harmful,28,-2.8094901388728895,447535.80262120685,0.0009371230329241001
mech_019_q0_PR_attrition_moderate,0.9,baseline,100.0,1500.0,neutral,4,-0.17933035310246265,1913789.1776046846,0.0072797262200853
mech_019_q0_PR_attrition_moderate,0.9,baseline,100.0,1500.0,unattainable,36,,,
mech_019_q0_PR_attrition_moderate,0.9,mixed_GBseg_TJ,0.2,1300.0,unattainable,72,,,
mech_019_q0_PR_attrition_moderate,0.9,mixed_GBseg_TJ,0.2,1350.0,unattainable,72,,,
mech_019_q0_PR_attrition_moderate,0.9,mixed_GBseg_TJ,0.2,1400.0,unattainable,72,,,
mech_019_q0_PR_attrition_moderate,0.9,mixed_GBseg_TJ,0.2,1450.0,unattainable,72,,,
mech_019_q0_PR_attrition_moderate,0.9,mixed_GBseg_TJ,0.2,1500.0,unattainable,72,,,
mech_019_q0_PR_attrition_moderate,0.9,mixed_GBseg_TJ,1.0,1300.0,unattainable,72,,,
mech_019_q0_PR_attrition_moderate,0.9,mixed_GBseg_TJ,1.0,1350.0,neutral,3,0.0,0.0,0.0
mech_019_q0_PR_attrition_moderate,0.9,mixed_GBseg_TJ,1.0,1350.0,unattainable,69,,,
mech_019_q0_PR_attrition_moderate,0.9,mixed_GBseg_TJ,1.0,1400.0,neutral,17,0.0,0.0,0.0
mech_019_q0_PR_attrition_moderate,0.9,mixed_GBseg_TJ,1.0,1400.0,unattainable,55,,,
mech_019_q0_PR_attrition_moderate,0.9,mixed_GBseg_TJ,1.0,1450.0,neutral,34,0.0,0.0,0.0
mech_019_q0_PR_attrition_moderate,0.9,mixed_GBseg_TJ,1.0,1450.0,unattainable,38,,,
mech_019_q0_PR_attrition_moderate,0.9,mixed_GBseg_TJ,1.0,1500.0,neutral,41,0.0,0.0,0.0
mech_019_q0_PR_attrition_moderate,0.9,mixed_GBseg_TJ,1.0,1500.0,unattainable,31,,,
mech_019_q0_PR_attrition_moderate,0.9,mixed_GBseg_TJ,5.0,1300.0,unattainable,72,,,
mech_019_q0_PR_attrition_moderate,0.9,mixed_GBseg_TJ,5.0,1350.0,neutral,3,-0.290505966263491,136033.45912291706,0.0015872636353302
mech_019_q0_PR_attrition_moderate,0.9,mixed_GBseg_TJ,5.0,1350.0,unattainable,69,,,
mech_019_q0_PR_attrition_moderate,0.9,mixed_GBseg_TJ,5.0,1400.0,beneficial,3,2.2688749170793705,1203831.911423616,0.0068446048136638
mech_019_q0_PR_attrition_moderate,0.9,mixed_GBseg_TJ,5.0,1400.0,neutral,14,-0.2654564242315994,220343.0533807543,0.0017101813988976999
mech_019_q0_PR_attrition_moderate,0.9,mixed_GBseg_TJ,5.0,1400.0,unattainable,55,,,
mech_019_q0_PR_attrition_moderate,0.9,mixed_GBseg_TJ,5.0,1450.0,beneficial,6,3.1612979093877396,1256196.9522538797,0.0073123508082731
mech_019_q0_PR_attrition_moderate,0.9,mixed_GBseg_TJ,5.0,1450.0,harmful,11,-1.2697973904257316,139439.94851760898,0.0013204983488126
mech_019_q0_PR_attrition_moderate,0.9,mixed_GBseg_TJ,5.0,1450.0,neutral,14,-0.6759299751196102,323221.2899534333,0.00185639684751765
mech_019_q0_PR_attrition_moderate,0.9,mixed_GBseg_TJ,5.0,1450.0,unattainable,41,,,
mech_019_q0_PR_attrition_moderate,0.9,mixed_GBseg_TJ,5.0,1500.0,beneficial,6,3.7036910594966344,1288672.2428953843,0.0075734836689773
mech_019_q0_PR_attrition_moderate,0.9,mixed_GBseg_TJ,5.0,1500.0,harmful,24,-1.8365271737950666,192307.8445140894,0.0014290866147609002
mech_019_q0_PR_attrition_moderate,0.9,mixed_GBseg_TJ,5.0,1500.0,neutral,6,-0.7267168361193983,694717.9185101589,0.0027049267968245
mech_019_q0_PR_attrition_moderate,0.9,mixed_GBseg_TJ,5.0,1500.0,unattainable,36,,,
mech_019_q0_PR_attrition_moderate,0.9,mixed_GBseg_TJ,20.0,1300.0,unattainable,72,,,
mech_019_q0_PR_attrition_moderate,0.9,mixed_GBseg_TJ,20.0,1350.0,neutral,3,-0.3124586343809342,162459.51298928514,0.0023151354176852
mech_019_q0_PR_attrition_moderate,0.9,mixed_GBseg_TJ,20.0,1350.0,unattainable,69,,,
mech_019_q0_PR_attrition_moderate,0.9,mixed_GBseg_TJ,20.0,1400.0,beneficial,2,3.806792846472561,1574153.5114385316,0.010710565300064749
mech_019_q0_PR_attrition_moderate,0.9,mixed_GBseg_TJ,20.0,1400.0,harmful,3,-1.0383350447146888,260687.098356569,0.0015398160748155
mech_019_q0_PR_attrition_moderate,0.9,mixed_GBseg_TJ,20.0,1400.0,neutral,12,-0.4116171661751221,387896.67065437837,0.0019988693261598
mech_019_q0_PR_attrition_moderate,0.9,mixed_GBseg_TJ,20.0,1400.0,unattainable,55,,,
mech_019_q0_PR_attrition_moderate,0.9,mixed_GBseg_TJ,20.0,1450.0,beneficial,5,3.1102117233801545,1629985.1322703992,0.0081977930843307
mech_019_q0_PR_attrition_moderate,0.9,mixed_GBseg_TJ,20.0,1450.0,harmful,19,-1.5649361162144246,261084.06682143023,0.0019984003553248
mech_019_q0_PR_attrition_moderate,0.9,mixed_GBseg_TJ,20.0,1450.0,neutral,6,0.080597421899685,677401.429320449,0.00281993480747535
mech_019_q0_PR_attrition_moderate,0.9,mixed_GBseg_TJ,20.0,1450.0,unattainable,42,,,
mech_019_q0_PR_attrition_moderate,0.9,mixed_GBseg_TJ,20.0,1500.0,beneficial,6,2.254146478033608,1636812.908820742,0.0079935994592942
mech_019_q0_PR_attrition_moderate,0.9,mixed_GBseg_TJ,20.0,1500.0,harmful,28,-2.795196944895957,264597.60974802036,0.0017341785988161502
mech_019_q0_PR_attrition_moderate,0.9,mixed_GBseg_TJ,20.0,1500.0,neutral,2,-0.4285493904179815,846587.2849826459,0.0027373906329377
mech_019_q0_PR_attrition_moderate,0.9,mixed_GBseg_TJ,20.0,1500.0,unattainable,36,,,
mech_019_q0_PR_attrition_moderate,0.9,mixed_GBseg_TJ,50.0,1300.0,unattainable,72,,,
mech_019_q0_PR_attrition_moderate,0.9,mixed_GBseg_TJ,50.0,1350.0,neutral,3,-0.3798651973827708,167773.26987607143,0.0020696209141065
mech_019_q0_PR_attrition_moderate,0.9,mixed_GBseg_TJ,50.0,1350.0,unattainable,69,,,
mech_019_q0_PR_attrition_moderate,0.9,mixed_GBseg_TJ,50.0,1400.0,beneficial,2,3.5548920047346892,1649811.1732957312,0.010803393675524301
mech_019_q0_PR_attrition_moderate,0.9,mixed_GBseg_TJ,50.0,1400.0,harmful,1,-1.0633606710731969,269468.93000991346,0.0029287681604379
mech_019_q0_PR_attrition_moderate,0.9,mixed_GBseg_TJ,50.0,1400.0,neutral,14,-0.543396741196799,280631.564461838,0.0020028563877663996
mech_019_q0_PR_attrition_moderate,0.9,mixed_GBseg_TJ,50.0,1400.0,unattainable,55,,,
mech_019_q0_PR_attrition_moderate,0.9,mixed_GBseg_TJ,50.0,1450.0,beneficial,3,3.0426651965624756,1706377.1666320388,0.0086267242555315
mech_019_q0_PR_attrition_moderate,0.9,mixed_GBseg_TJ,50.0,1450.0,harmful,19,-1.633426897830556,269871.8911854301,0.0020737888191268
mech_019_q0_PR_attrition_moderate,0.9,mixed_GBseg_TJ,50.0,1450.0,neutral,8,-0.42260469495680275,881322.5962088151,0.0034703545197521
mech_019_q0_PR_attrition_moderate,0.9,mixed_GBseg_TJ,50.0,1450.0,unattainable,42,,,
mech_019_q0_PR_attrition_moderate,0.9,mixed_GBseg_TJ,50.0,1500.0,beneficial,4,2.832196948998141,1723249.0719826608,0.00743595690532005
mech_019_q0_PR_attrition_moderate,0.9,mixed_GBseg_TJ,50.0,1500.0,harmful,30,-2.90854144085584,276853.651537041,0.0016747852078132
mech_019_q0_PR_attrition_moderate,0.9,mixed_GBseg_TJ,50.0,1500.0,neutral,2,0.7018623507735569,1669920.8289692858,0.012784690632982
mech_019_q0_PR_attrition_moderate,0.9,mixed_GBseg_TJ,50.0,1500.0,unattainable,36,,,
mech_019_q0_PR_attrition_moderate,0.9,mixed_GBseg_TJ,100.0,1300.0,unattainable,72,,,
mech_019_q0_PR_attrition_moderate,0.9,mixed_GBseg_TJ,100.0,1350.0,neutral,3,-0.3499597095037051,169553.86377497393,0.0023271814982885
mech_019_q0_PR_attrition_moderate,0.9,mixed_GBseg_TJ,100.0,1350.0,unattainable,69,,,
mech_019_q0_PR_attrition_moderate,0.9,mixed_GBseg_TJ,100.0,1400.0,beneficial,2,3.19142053518007,1675672.42820737,0.010479379870147649
mech_019_q0_PR_attrition_moderate,0.9,mixed_GBseg_TJ,100.0,1400.0,harmful,4,-1.0860021611188078,280187.21789024165,0.0019395756195548
mech_019_q0_PR_attrition_moderate,0.9,mixed_GBseg_TJ,100.0,1400.0,neutral,11,-0.632790470524385,279296.57321310474,0.0015080153427408
mech_019_q0_PR_attrition_moderate,0.9,mixed_GBseg_TJ,100.0,1400.0,unattainable,55,,,
mech_019_q0_PR_attrition_moderate,0.9,mixed_GBseg_TJ,100.0,1450.0,beneficial,5,3.5175570914636825,1732521.820075496,0.0093702675870595
mech_019_q0_PR_attrition_moderate,0.9,mixed_GBseg_TJ,100.0,1450.0,harmful,21,-1.5414557960535993,272809.3630174297,0.0020972544980328
mech_019_q0_PR_attrition_moderate,0.9,mixed_GBseg_TJ,100.0,1450.0,neutral,4,-0.5909886983931582,892087.373651138,0.0036348199559587003
mech_019_q0_PR_attrition_moderate,0.9,mixed_GBseg_TJ,100.0,1450.0,unattainable,42,,,
mech_019_q0_PR_attrition_moderate,0.9,mixed_GBseg_TJ,100.0,1500.0,beneficial,4,3.162356271015669,1748970.3458294207,0.00799850798211205
mech_019_q0_PR_attrition_moderate,0.9,mixed_GBseg_TJ,100.0,1500.0,harmful,30,-3.202032055294766,279837.82697373914,0.001707409424408
mech_019_q0_PR_attrition_moderate,0.9,mixed_GBseg_TJ,100.0,1500.0,neutral,2,0.2693188237581325,1697789.468500795,0.0127403827721962
mech_019_q0_PR_attrition_moderate,0.9,mixed_GBseg_TJ,100.0,1500.0,unattainable,36,,,
mech_019_q0_PR_attrition_moderate,0.92,GBseg_rich,0.2,1300.0,unattainable,72,,,
mech_019_q0_PR_attrition_moderate,0.92,GBseg_rich,0.2,1350.0,unattainable,72,,,
mech_019_q0_PR_attrition_moderate,0.92,GBseg_rich,0.2,1400.0,unattainable,72,,,
mech_019_q0_PR_attrition_moderate,0.92,GBseg_rich,0.2,1450.0,unattainable,72,,,
mech_019_q0_PR_attrition_moderate,0.92,GBseg_rich,0.2,1500.0,unattainable,72,,,
mech_019_q0_PR_attrition_moderate,0.92,GBseg_rich,1.0,1300.0,unattainable,72,,,
mech_019_q0_PR_attrition_moderate,0.92,GBseg_rich,1.0,1350.0,neutral,3,0.0,0.0,0.0
mech_019_q0_PR_attrition_moderate,0.92,GBseg_rich,1.0,1350.0,unattainable,69,,,
mech_019_q0_PR_attrition_moderate,0.92,GBseg_rich,1.0,1400.0,neutral,20,0.0,0.0,0.0
mech_019_q0_PR_attrition_moderate,0.92,GBseg_rich,1.0,1400.0,unattainable,52,,,
mech_019_q0_PR_attrition_moderate,0.92,GBseg_rich,1.0,1450.0,neutral,35,0.0,0.0,0.0
mech_019_q0_PR_attrition_moderate,0.92,GBseg_rich,1.0,1450.0,unattainable,37,,,
mech_019_q0_PR_attrition_moderate,0.92,GBseg_rich,1.0,1500.0,neutral,43,0.0,0.0,0.0
mech_019_q0_PR_attrition_moderate,0.92,GBseg_rich,1.0,1500.0,unattainable,29,,,
mech_019_q0_PR_attrition_moderate,0.92,GBseg_rich,5.0,1300.0,unattainable,72,,,
mech_019_q0_PR_attrition_moderate,0.92,GBseg_rich,5.0,1350.0,neutral,3,0.4319880400374921,399321.10106809787,-0.0003316818966209
mech_019_q0_PR_attrition_moderate,0.92,GBseg_rich,5.0,1350.0,unattainable,69,,,
mech_019_q0_PR_attrition_moderate,0.92,GBseg_rich,5.0,1400.0,beneficial,2,3.470678371747493,2028359.4524963442,0.0089904324355845
mech_019_q0_PR_attrition_moderate,0.92,GBseg_rich,5.0,1400.0,harmful,2,-1.268414863900725,1270356.367224088,-0.00203383472038045
mech_019_q0_PR_attrition_moderate,0.92,GBseg_rich,5.0,1400.0,neutral,16,-0.4528433079708132,578822.293394387,-0.0008899700833251501
mech_019_q0_PR_attrition_moderate,0.92,GBseg_rich,5.0,1400.0,unattainable,52,,,
mech_019_q0_PR_attrition_moderate,0.92,GBseg_rich,5.0,1450.0,beneficial,5,2.6243597674281447,2312802.616241053,0.0079209782109009
mech_019_q0_PR_attrition_moderate,0.92,GBseg_rich,5.0,1450.0,harmful,20,-2.1610012827255374,1252984.5574604564,-0.00125531820848365
mech_019_q0_PR_attrition_moderate,0.92,GBseg_rich,5.0,1450.0,neutral,10,-0.4866396026922344,313514.7393093613,-0.0006800043095111
mech_019_q0_PR_attrition_moderate,0.92,GBseg_rich,5.0,1450.0,unattainable,37,,,
mech_019_q0_PR_attrition_moderate,0.92,GBseg_rich,5.0,1500.0,beneficial,6,2.027891496172716,2334372.570717798,0.0078695004647472
mech_019_q0_PR_attrition_moderate,0.92,GBseg_rich,5.0,1500.0,harmful,32,-2.55619309761569,742571.5583090584,-0.0009264615774468
mech_019_q0_PR_attrition_moderate,0.92,GBseg_rich,5.0,1500.0,unattainable,34,,,
mech_019_q0_PR_attrition_moderate,0.92,GBseg_rich,20.0,1300.0,unattainable,72,,,
mech_019_q0_PR_attrition_moderate,0.92,GBseg_rich,20.0,1350.0,beneficial,1,1.115799102412689,892093.8984707133,-0.0020538136953932
mech_019_q0_PR_attrition_moderate,0.92,GBseg_rich,20.0,1350.0,neutral,2,0.32578441563317967,408470.34467635653,-0.00072225372709515
mech_019_q0_PR_attrition_moderate,0.92,GBseg_rich,20.0,1350.0,unattainable,69,,,
mech_019_q0_PR_attrition_moderate,0.92,GBseg_rich,20.0,1400.0,beneficial,2,2.9691362376372403,2803351.3520167666,0.0081828213730692
mech_019_q0_PR_attrition_moderate,0.92,GBseg_rich,20.0,1400.0,harmful,5,-2.0636269129691724,1738296.3325712718,-0.0032804844217299
mech_019_q0_PR_attrition_moderate,0.92,GBseg_rich,20.0,1400.0,neutral,13,-0.5033199168584699,506634.618766487,-0.0014180013871756
mech_019_q0_PR_attrition_moderate,0.92,GBseg_rich,20.0,1400.0,unattainable,52,,,
mech_019_q0_PR_attrition_moderate,0.92,GBseg_rich,20.0,1450.0,beneficial,1,2.0941408474500256,3636781.491033082,0.0050345141002901
mech_019_q0_PR_attrition_moderate,0.92,GBseg_rich,20.0,1450.0,harmful,22,-3.1256561118506565,1614078.6865989412,-0.0028871357486286
mech_019_q0_PR_attrition_moderate,0.92,GBseg_rich,20.0,1450.0,neutral,12,-0.6533432080797044,442047.3248541294,-7.126768317654997e-05
mech_019_q0_PR_attrition_moderate,0.92,GBseg_rich,20.0,1450.0,unattainable,37,,,
mech_019_q0_PR_attrition_moderate,0.92,GBseg_rich,20.0,1500.0,harmful,34,-3.4924720214951286,961847.285720989,-0.0019144996661974
mech_019_q0_PR_attrition_moderate,0.92,GBseg_rich,20.0,1500.0,neutral,2,0.5980541525147925,3698849.283045736,0.0044077437960231
mech_019_q0_PR_attrition_moderate,0.92,GBseg_rich,20.0,1500.0,unattainable,36,,,
mech_019_q0_PR_attrition_moderate,0.92,GBseg_rich,50.0,1300.0,unattainable,72,,,
mech_019_q0_PR_attrition_moderate,0.92,GBseg_rich,50.0,1350.0,beneficial,1,1.1210362479273943,931619.2103867836,-0.0023312336411889
mech_019_q0_PR_attrition_moderate,0.92,GBseg_rich,50.0,1350.0,neutral,2,0.351710369554435,423381.0306300189,-0.00061932594562355
mech_019_q0_PR_attrition_moderate,0.92,GBseg_rich,50.0,1350.0,unattainable,69,,,
mech_019_q0_PR_attrition_moderate,0.92,GBseg_rich,50.0,1400.0,beneficial,2,2.4856968326546616,3002851.769930852,0.0074273914103346
mech_019_q0_PR_attrition_moderate,0.92,GBseg_rich,50.0,1400.0,harmful,8,-1.6737762532434286,1796602.7381081576,-0.00319223947246055
mech_019_q0_PR_attrition_moderate,0.92,GBseg_rich,50.0,1400.0,neutral,10,-0.2876480086381645,508929.897076941,-0.00112320775405845
mech_019_q0_PR_attrition_moderate,0.92,GBseg_rich,50.0,1400.0,unattainable,52,,,
mech_019_q0_PR_attrition_moderate,0.92,GBseg_rich,50.0,1450.0,harmful,28,-2.607864258884079,1751630.9011276388,-0.00261213064097755
mech_019_q0_PR_attrition_moderate,0.92,GBseg_rich,50.0,1450.0,neutral,7,-0.6361054491691511,389549.00825898297,-0.0008416522017346
mech_019_q0_PR_attrition_moderate,0.92,GBseg_rich,50.0,1450.0,unattainable,37,,,
mech_019_q0_PR_attrition_moderate,0.92,GBseg_rich,50.0,1500.0,harmful,33,-4.122239490612719,1719778.4075673737,-0.0026074198195094
mech_019_q0_PR_attrition_moderate,0.92,GBseg_rich,50.0,1500.0,neutral,4,-0.9383476254285842,2213161.0756206424,0.0012211179633989
mech_019_q0_PR_attrition_moderate,0.92,GBseg_rich,50.0,1500.0,unattainable,35,,,
mech_019_q0_PR_attrition_moderate,0.92,GBseg_rich,100.0,1300.0,unattainable,72,,,
mech_019_q0_PR_attrition_moderate,0.92,GBseg_rich,100.0,1350.0,beneficial,1,1.038450384321225,945000.000613796,-0.0026360049855274
mech_019_q0_PR_attrition_moderate,0.92,GBseg_rich,100.0,1350.0,neutral,2,0.37557980331110624,428396.42529862456,-0.00061093151811085
mech_019_q0_PR_attrition_moderate,0.92,GBseg_rich,100.0,1350.0,unattainable,69,,,
mech_019_q0_PR_attrition_moderate,0.92,GBseg_rich,100.0,1400.0,beneficial,2,2.013676507241262,3074329.1548990803,0.0068895123944141
mech_019_q0_PR_attrition_moderate,0.92,GBseg_rich,100.0,1400.0,harmful,8,-1.7585793002929841,1828142.6182503174,-0.0034354484454724
mech_019_q0_PR_attrition_moderate,0.92,GBseg_rich,100.0,1400.0,neutral,10,-0.4426118864032727,515141.7997384964,-0.0009136046667054
mech_019_q0_PR_attrition_moderate,0.92,GBseg_rich,100.0,1400.0,unattainable,52,,,
mech_019_q0_PR_attrition_moderate,0.92,GBseg_rich,100.0,1450.0,harmful,28,-2.8718354378980857,1785480.9094690932,-0.0032668091447161
mech_019_q0_PR_attrition_moderate,0.92,GBseg_rich,100.0,1450.0,neutral,7,-0.9418809745645356,369036.4772495797,-0.0006267215343008
mech_019_q0_PR_attrition_moderate,0.92,GBseg_rich,100.0,1450.0,unattainable,37,,,
mech_019_q0_PR_attrition_moderate,0.92,GBseg_rich,100.0,1500.0,harmful,37,-4.017874861283117,1754919.64952707,-0.0024141110808764
mech_019_q0_PR_attrition_moderate,0.92,GBseg_rich,100.0,1500.0,unattainable,35,,,
mech_019_q0_PR_attrition_moderate,0.92,TJ_rich,0.2,1300.0,unattainable,72,,,
mech_019_q0_PR_attrition_moderate,0.92,TJ_rich,0.2,1350.0,unattainable,72,,,
mech_019_q0_PR_attrition_moderate,0.92,TJ_rich,0.2,1400.0,unattainable,72,,,
mech_019_q0_PR_attrition_moderate,0.92,TJ_rich,0.2,1450.0,unattainable,72,,,
mech_019_q0_PR_attrition_moderate,0.92,TJ_rich,0.2,1500.0,unattainable,72,,,
mech_019_q0_PR_attrition_moderate,0.92,TJ_rich,1.0,1300.0,unattainable,72,,,
mech_019_q0_PR_attrition_moderate,0.92,TJ_rich,1.0,1350.0,unattainable,72,,,
mech_019_q0_PR_attrition_moderate,0.92,TJ_rich,1.0,1400.0,neutral,3,0.0,0.0,0.0
mech_019_q0_PR_attrition_moderate,0.92,TJ_rich,1.0,1400.0,unattainable,69,,,
mech_019_q0_PR_attrition_moderate,0.92,TJ_rich,1.0,1450.0,neutral,17,0.0,0.0,0.0
mech_019_q0_PR_attrition_moderate,0.92,TJ_rich,1.0,1450.0,unattainable,55,,,
mech_019_q0_PR_attrition_moderate,0.92,TJ_rich,1.0,1500.0,neutral,29,0.0,0.0,0.0
mech_019_q0_PR_attrition_moderate,0.92,TJ_rich,1.0,1500.0,unattainable,43,,,
mech_019_q0_PR_attrition_moderate,0.92,TJ_rich,5.0,1300.0,unattainable,72,,,
mech_019_q0_PR_attrition_moderate,0.92,TJ_rich,5.0,1350.0,unattainable,72,,,
mech_019_q0_PR_attrition_moderate,0.92,TJ_rich,5.0,1400.0,neutral,3,-0.761028647370673,94413.52775363476,0.0004254914854364
mech_019_q0_PR_attrition_moderate,0.92,TJ_rich,5.0,1400.0,unattainable,69,,,
mech_019_q0_PR_attrition_moderate,0.92,TJ_rich,5.0,1450.0,beneficial,11,4.054353394267076,268461.45589558897,0.0019194906422791
mech_019_q0_PR_attrition_moderate,0.92,TJ_rich,5.0,1450.0,neutral,6,-0.5348375424723952,104962.72984028028,0.0007070874270025
mech_019_q0_PR_attrition_moderate,0.92,TJ_rich,5.0,1450.0,unattainable,55,,,
mech_019_q0_PR_attrition_moderate,0.92,TJ_rich,5.0,1500.0,beneficial,15,4.609783636762331,444088.9576977102,0.0029067662415994
mech_019_q0_PR_attrition_moderate,0.92,TJ_rich,5.0,1500.0,harmful,6,-1.2669600092811102,94538.7778358702,0.001315777586011
mech_019_q0_PR_attrition_moderate,0.92,TJ_rich,5.0,1500.0,neutral,8,-0.3020787630393004,113124.35730457527,0.00084835725132505
mech_019_q0_PR_attrition_moderate,0.92,TJ_rich,5.0,1500.0,unattainable,43,,,
mech_019_q0_PR_attrition_moderate,0.92,TJ_rich,20.0,1300.0,unattainable,72,,,
mech_019_q0_PR_attrition_moderate,0.92,TJ_rich,20.0,1350.0,unattainable,72,,,
mech_019_q0_PR_attrition_moderate,0.92,TJ_rich,20.0,1400.0,neutral,3,-0.5368653885885433,112609.8235528948,0.0012240825489897
mech_019_q0_PR_attrition_moderate,0.92,TJ_rich,20.0,1400.0,unattainable,69,,,
mech_019_q0_PR_attrition_moderate,0.92,TJ_rich,20.0,1450.0,beneficial,10,4.799862949869174,425613.4637213455,0.0025601073952013003
mech_019_q0_PR_attrition_moderate,0.92,TJ_rich,20.0,1450.0,harmful,3,-1.0033676764563164,112709.2278746374,0.0012438338333118
mech_019_q0_PR_attrition_moderate,0.92,TJ_rich,20.0,1450.0,neutral,4,-0.05671636778345155,142580.4854501611,0.00069784174698085
mech_019_q0_PR_attrition_moderate,0.92,TJ_rich,20.0,1450.0,unattainable,55,,,
mech_019_q0_PR_attrition_moderate,0.92,TJ_rich,20.0,1500.0,beneficial,15,4.43357620980555,537835.3525931966,0.0034553164199116
mech_019_q0_PR_attrition_moderate,0.92,TJ_rich,20.0,1500.0,harmful,6,-1.8536307045947704,112762.29524836456,0.0016828446208313
mech_019_q0_PR_attrition_moderate,0.92,TJ_rich,20.0,1500.0,neutral,8,-0.6121594601357686,134879.97584100554,0.001021399806996
mech_019_q0_PR_attrition_moderate,0.92,TJ_rich,20.0,1500.0,unattainable,43,,,
mech_019_q0_PR_attrition_moderate,0.92,TJ_rich,50.0,1300.0,unattainable,72,,,
mech_019_q0_PR_attrition_moderate,0.92,TJ_rich,50.0,1350.0,unattainable,72,,,
mech_019_q0_PR_attrition_moderate,0.92,TJ_rich,50.0,1400.0,harmful,1,-1.0573378911541913,107633.1669337429,0.000463570933451
mech_019_q0_PR_attrition_moderate,0.92,TJ_rich,50.0,1400.0,neutral,2,-0.5268812171140119,144402.18376205617,0.001107185196812
mech_019_q0_PR_attrition_moderate,0.92,TJ_rich,50.0,1400.0,unattainable,69,,,
mech_019_q0_PR_attrition_moderate,0.92,TJ_rich,50.0,1450.0,beneficial,10,5.0530113406333985,440435.04156385746,0.00263031678910335
mech_019_q0_PR_attrition_moderate,0.92,TJ_rich,50.0,1450.0,harmful,1,-1.1223119552971674,127156.20629200069,0.000366668827222
mech_019_q0_PR_attrition_moderate,0.92,TJ_rich,50.0,1450.0,neutral,6,-0.5081103270669713,139197.94148338586,0.0012575501129593
mech_019_q0_PR_attrition_moderate,0.92,TJ_rich,50.0,1450.0,unattainable,55,,,
mech_019_q0_PR_attrition_moderate,0.92,TJ_rich,50.0,1500.0,beneficial,15,5.085904260079899,557073.4158614432,0.0035277775830692
mech_019_q0_PR_attrition_moderate,0.92,TJ_rich,50.0,1500.0,harmful,8,-1.7313888844085379,121815.29078546268,0.0017808513512648
mech_019_q0_PR_attrition_moderate,0.92,TJ_rich,50.0,1500.0,neutral,6,-0.6084556829570752,147255.30023944884,0.0009280969818785
mech_019_q0_PR_attrition_moderate,0.92,TJ_rich,50.0,1500.0,unattainable,43,,,
mech_019_q0_PR_attrition_moderate,0.92,TJ_rich,100.0,1300.0,unattainable,72,,,
mech_019_q0_PR_attrition_moderate,0.92,TJ_rich,100.0,1350.0,unattainable,72,,,
mech_019_q0_PR_attrition_moderate,0.92,TJ_rich,100.0,1400.0,neutral,3,-0.6293917972770329,117490.9846379989,0.0010906786423161
mech_019_q0_PR_attrition_moderate,0.92,TJ_rich,100.0,1400.0,unattainable,69,,,
mech_019_q0_PR_attrition_moderate,0.92,TJ_rich,100.0,1450.0,beneficial,10,5.034989482687725,445399.9669113463,0.00285780123500875
mech_019_q0_PR_attrition_moderate,0.92,TJ_rich,100.0,1450.0,harmful,3,-1.166411316358774,117593.33717489109,0.0011307401841072
mech_019_q0_PR_attrition_moderate,0.92,TJ_rich,100.0,1450.0,neutral,4,-0.41880842006750457,161648.21387428555,0.0008079699045161
mech_019_q0_PR_attrition_moderate,0.92,TJ_rich,100.0,1450.0,unattainable,55,,,
mech_019_q0_PR_attrition_moderate,0.92,TJ_rich,100.0,1500.0,beneficial,13,6.313172340819125,563525.9303710231,0.0033922060052019
mech_019_q0_PR_attrition_moderate,0.92,TJ_rich,100.0,1500.0,harmful,10,-2.2616795492975035,128536.24385207352,0.0010661720901507
mech_019_q0_PR_attrition_moderate,0.92,TJ_rich,100.0,1500.0,neutral,6,-0.0850395139100497,181444.472356149,0.001204941125581
mech_019_q0_PR_attrition_moderate,0.92,TJ_rich,100.0,1500.0,unattainable,43,,,
mech_019_q0_PR_attrition_moderate,0.92,baseline,0.2,1300.0,unattainable,72,,,
mech_019_q0_PR_attrition_moderate,0.92,baseline,0.2,1350.0,unattainable,72,,,
mech_019_q0_PR_attrition_moderate,0.92,baseline,0.2,1400.0,unattainable,72,,,
mech_019_q0_PR_attrition_moderate,0.92,baseline,0.2,1450.0,unattainable,72,,,
mech_019_q0_PR_attrition_moderate,0.92,baseline,0.2,1500.0,unattainable,72,,,
mech_019_q0_PR_attrition_moderate,0.92,baseline,1.0,1300.0,unattainable,72,,,
mech_019_q0_PR_attrition_moderate,0.92,baseline,1.0,1350.0,unattainable,72,,,
mech_019_q0_PR_attrition_moderate,0.92,baseline,1.0,1400.0,neutral,7,0.0,0.0,0.0
mech_019_q0_PR_attrition_moderate,0.92,baseline,1.0,1400.0,unattainable,65,,,
mech_019_q0_PR_attrition_moderate,0.92,baseline,1.0,1450.0,neutral,22,0.0,0.0,0.0
mech_019_q0_PR_attrition_moderate,0.92,baseline,1.0,1450.0,unattainable,50,,,
mech_019_q0_PR_attrition_moderate,0.92,baseline,1.0,1500.0,neutral,35,0.0,0.0,0.0
mech_019_q0_PR_attrition_moderate,0.92,baseline,1.0,1500.0,unattainable,37,,,
mech_019_q0_PR_attrition_moderate,0.92,baseline,5.0,1300.0,unattainable,72,,,
mech_019_q0_PR_attrition_moderate,0.92,baseline,5.0,1350.0,unattainable,72,,,
mech_019_q0_PR_attrition_moderate,0.92,baseline,5.0,1400.0,beneficial,1,1.9395962653848815,1027886.2654498352,0.0039751729059381
mech_019_q0_PR_attrition_moderate,0.92,baseline,5.0,1400.0,neutral,6,-0.20002039399689464,202513.83801754972,0.00047808473253785
mech_019_q0_PR_attrition_moderate,0.92,baseline,5.0,1400.0,unattainable,65,,,
mech_019_q0_PR_attrition_moderate,0.92,baseline,5.0,1450.0,beneficial,8,4.717478793849624,1088274.7028806787,0.00368562631450945
mech_019_q0_PR_attrition_moderate,0.92,baseline,5.0,1450.0,harmful,2,-1.6631614569362951,152427.9395921807,-0.0008129770046546
mech_019_q0_PR_attrition_moderate,0.92,baseline,5.0,1450.0,neutral,12,-0.4792831187913196,287402.18257017917,0.0006967097632168
mech_019_q0_PR_attrition_moderate,0.92,baseline,5.0,1450.0,unattainable,50,,,
mech_019_q0_PR_attrition_moderate,0.92,baseline,5.0,1500.0,beneficial,13,6.736849564025138,1101226.8219392367,0.0039182601888704
mech_019_q0_PR_attrition_moderate,0.92,baseline,5.0,1500.0,harmful,10,-1.4946324420461647,196203.8179931105,0.000535275500724
mech_019_q0_PR_attrition_moderate,0.92,baseline,5.0,1500.0,neutral,12,-0.28612613104269236,292911.88807275135,0.000548866585712
mech_019_q0_PR_attrition_moderate,0.92,baseline,5.0,1500.0,unattainable,37,,,
mech_019_q0_PR_attrition_moderate,0.92,baseline,20.0,1300.0,unattainable,72,,,
mech_019_q0_PR_attrition_moderate,0.92,baseline,20.0,1350.0,unattainable,72,,,
mech_019_q0_PR_attrition_moderate,0.92,baseline,20.0,1400.0,beneficial,1,2.6004111371048055,1310376.4017541397,0.005222638020898
mech_019_q0_PR_attrition_moderate,0.92,baseline,20.0,1400.0,harmful,1,-1.1158780195379294,423831.5741393203,0.0003062638601099
mech_019_q0_PR_attrition_moderate,0.92,baseline,20.0,1400.0,neutral,5,-0.1404866768917829,234810.6797642346,0.0006105310891427
mech_019_q0_PR_attrition_moderate,0.92,baseline,20.0,1400.0,unattainable,65,,,
mech_019_q0_PR_attrition_moderate,0.92,baseline,20.0,1450.0,beneficial,8,5.089273583971204,1366612.0550867296,0.00445469767254885
mech_019_q0_PR_attrition_moderate,0.92,baseline,20.0,1450.0,harmful,5,-1.1783036732260648,235064.29358418347,0.0003448211911476
mech_019_q0_PR_attrition_moderate,0.92,baseline,20.0,1450.0,neutral,9,-0.4872094373152394,424769.6571063218,0.0006566815276891
mech_019_q0_PR_attrition_moderate,0.92,baseline,20.0,1450.0,unattainable,50,,,
mech_019_q0_PR_attrition_moderate,0.92,baseline,20.0,1500.0,beneficial,11,6.5728267914146,1377089.1485032276,0.0033507352589011
mech_019_q0_PR_attrition_moderate,0.92,baseline,20.0,1500.0,harmful,14,-1.823846512070064,250650.20870253013,0.0006826199417576
mech_019_q0_PR_attrition_moderate,0.92,baseline,20.0,1500.0,neutral,10,0.1393134440882604,435512.8007777213,0.0005921328069821
mech_019_q0_PR_attrition_moderate,0.92,baseline,20.0,1500.0,unattainable,37,,,
mech_019_q0_PR_attrition_moderate,0.92,baseline,50.0,1300.0,unattainable,72,,,
mech_019_q0_PR_attrition_moderate,0.92,baseline,50.0,1350.0,unattainable,72,,,
mech_019_q0_PR_attrition_moderate,0.92,baseline,50.0,1400.0,beneficial,1,2.611776365501405,1373061.9843856571,0.0053881417081532
mech_019_q0_PR_attrition_moderate,0.92,baseline,50.0,1400.0,harmful,1,-1.1182628866159443,438928.736270561,0.0003955661288185
mech_019_q0_PR_attrition_moderate,0.92,baseline,50.0,1400.0,neutral,5,-0.1483293780097871,242679.32959292785,0.0005373187649206
mech_019_q0_PR_attrition_moderate,0.92,baseline,50.0,1400.0,unattainable,65,,,
mech_019_q0_PR_attrition_moderate,0.92,baseline,50.0,1450.0,beneficial,7,6.429919429291394,1433247.829202515,0.0050374365455976
mech_019_q0_PR_attrition_moderate,0.92,baseline,50.0,1450.0,harmful,7,-1.5943669549690034,242944.32446093368,0.0001797008168961
mech_019_q0_PR_attrition_moderate,0.92,baseline,50.0,1450.0,neutral,8,-0.012111089059328596,447266.81706108805,0.0005891930996926
mech_019_q0_PR_attrition_moderate,0.92,baseline,50.0,1450.0,unattainable,50,,,
mech_019_q0_PR_attrition_moderate,0.92,baseline,50.0,1500.0,beneficial,11,6.995780412525646,1436471.526779736,0.0034675399338808
mech_019_q0_PR_attrition_moderate,0.92,baseline,50.0,1500.0,harmful,12,-1.9507215019469935,341685.0670346198,0.0005741713682282999
mech_019_q0_PR_attrition_moderate,0.92,baseline,50.0,1500.0,neutral,12,-0.3400089734895669,363630.886525788,0.0007521025423338
mech_019_q0_PR_attrition_moderate,0.92,baseline,50.0,1500.0,unattainable,37,,,
mech_019_q0_PR_attrition_moderate,0.92,baseline,100.0,1300.0,unattainable,72,,,
mech_019_q0_PR_attrition_moderate,0.92,baseline,100.0,1350.0,unattainable,72,,,
mech_019_q0_PR_attrition_moderate,0.92,baseline,100.0,1400.0,beneficial,1,2.2998908224341466,1394491.944380443,0.0051314937144898
mech_019_q0_PR_attrition_moderate,0.92,baseline,100.0,1400.0,harmful,1,-1.409257860162001,443985.10851071926,7.0902852846777e-05
mech_019_q0_PR_attrition_moderate,0.92,baseline,100.0,1400.0,neutral,5,-0.3197546929146339,245307.2393371889,0.0007621911865189
mech_019_q0_PR_attrition_moderate,0.92,baseline,100.0,1400.0,unattainable,65,,,
mech_019_q0_PR_attrition_moderate,0.92,baseline,100.0,1450.0,beneficial,7,6.929410899201823,1453300.682415479,0.0047233239224819
mech_019_q0_PR_attrition_moderate,0.92,baseline,100.0,1450.0,harmful,6,-1.2476032741990437,245578.2577237692,0.0005231279162046
mech_019_q0_PR_attrition_moderate,0.92,baseline,100.0,1450.0,neutral,9,-0.5085810871157672,449348.01331445447,0.0004795035719848
mech_019_q0_PR_attrition_moderate,0.92,baseline,100.0,1450.0,unattainable,50,,,
mech_019_q0_PR_attrition_moderate,0.92,baseline,100.0,1500.0,beneficial,11,6.92914543546035,1456628.5506462352,0.0035391408651241
mech_019_q0_PR_attrition_moderate,0.92,baseline,100.0,1500.0,harmful,12,-2.083529293838514,345545.12553981075,0.0008594906971514499
mech_019_q0_PR_attrition_moderate,0.92,baseline,100.0,1500.0,neutral,12,-0.4540635841615709,367618.2654457553,0.0007174577198229
mech_019_q0_PR_attrition_moderate,0.92,baseline,100.0,1500.0,unattainable,37,,,
mech_019_q0_PR_attrition_moderate,0.92,mixed_GBseg_TJ,0.2,1300.0,unattainable,72,,,
mech_019_q0_PR_attrition_moderate,0.92,mixed_GBseg_TJ,0.2,1350.0,unattainable,72,,,
mech_019_q0_PR_attrition_moderate,0.92,mixed_GBseg_TJ,0.2,1400.0,unattainable,72,,,
mech_019_q0_PR_attrition_moderate,0.92,mixed_GBseg_TJ,0.2,1450.0,unattainable,72,,,
mech_019_q0_PR_attrition_moderate,0.92,mixed_GBseg_TJ,0.2,1500.0,unattainable,72,,,
mech_019_q0_PR_attrition_moderate,0.92,mixed_GBseg_TJ,1.0,1300.0,unattainable,72,,,
mech_019_q0_PR_attrition_moderate,0.92,mixed_GBseg_TJ,1.0,1350.0,unattainable,72,,,
mech_019_q0_PR_attrition_moderate,0.92,mixed_GBseg_TJ,1.0,1400.0,neutral,9,0.0,0.0,0.0
mech_019_q0_PR_attrition_moderate,0.92,mixed_GBseg_TJ,1.0,1400.0,unattainable,63,,,
mech_019_q0_PR_attrition_moderate,0.92,mixed_GBseg_TJ,1.0,1450.0,neutral,23,0.0,0.0,0.0
mech_019_q0_PR_attrition_moderate,0.92,mixed_GBseg_TJ,1.0,1450.0,unattainable,49,,,
mech_019_q0_PR_attrition_moderate,0.92,mixed_GBseg_TJ,1.0,1500.0,neutral,36,0.0,0.0,0.0
mech_019_q0_PR_attrition_moderate,0.92,mixed_GBseg_TJ,1.0,1500.0,unattainable,36,,,
mech_019_q0_PR_attrition_moderate,0.92,mixed_GBseg_TJ,5.0,1300.0,unattainable,72,,,
mech_019_q0_PR_attrition_moderate,0.92,mixed_GBseg_TJ,5.0,1350.0,unattainable,72,,,
mech_019_q0_PR_attrition_moderate,0.92,mixed_GBseg_TJ,5.0,1400.0,beneficial,1,1.6663667242782456,690552.168859858,0.0041399191553499
mech_019_q0_PR_attrition_moderate,0.92,mixed_GBseg_TJ,5.0,1400.0,neutral,8,-0.0492139486604702,184088.75202489982,0.0010649151996570002
mech_019_q0_PR_attrition_moderate,0.92,mixed_GBseg_TJ,5.0,1400.0,unattainable,63,,,
mech_019_q0_PR_attrition_moderate,0.92,mixed_GBseg_TJ,5.0,1450.0,beneficial,8,2.0987179019916917,695984.9726666075,0.0044057469309871
mech_019_q0_PR_attrition_moderate,0.92,mixed_GBseg_TJ,5.0,1450.0,harmful,7,-1.13089400468518,136392.61109235085,0.00086827532831
mech_019_q0_PR_attrition_moderate,0.92,mixed_GBseg_TJ,5.0,1450.0,neutral,8,0.47746717152726226,227219.6819535491,0.00120440366397485
mech_019_q0_PR_attrition_moderate,0.92,mixed_GBseg_TJ,5.0,1450.0,unattainable,49,,,
mech_019_q0_PR_attrition_moderate,0.92,mixed_GBseg_TJ,5.0,1500.0,beneficial,10,7.267917500715067,1233498.6870990929,0.0056167573294715
mech_019_q0_PR_attrition_moderate,0.92,mixed_GBseg_TJ,5.0,1500.0,harmful,10,-1.8465341420465151,139481.70461622567,0.0007806922726642
mech_019_q0_PR_attrition_moderate,0.92,mixed_GBseg_TJ,5.0,1500.0,neutral,16,-0.5862570066412546,327093.3456451575,0.0011020970222401
mech_019_q0_PR_attrition_moderate,0.92,mixed_GBseg_TJ,5.0,1500.0,unattainable,36,,,
mech_019_q0_PR_attrition_moderate,0.92,mixed_GBseg_TJ,20.0,1300.0,unattainable,72,,,
mech_019_q0_PR_attrition_moderate,0.92,mixed_GBseg_TJ,20.0,1350.0,unattainable,72,,,
mech_019_q0_PR_attrition_moderate,0.92,mixed_GBseg_TJ,20.0,1400.0,beneficial,1,2.404326553645523,851823.393437032,0.0058183857759842
mech_019_q0_PR_attrition_moderate,0.92,mixed_GBseg_TJ,20.0,1400.0,neutral,8,-0.1749439419705903,220351.8086357889,0.0011570349981890001
mech_019_q0_PR_attrition_moderate,0.92,mixed_GBseg_TJ,20.0,1400.0,unattainable,63,,,
mech_019_q0_PR_attrition_moderate,0.92,mixed_GBseg_TJ,20.0,1450.0,beneficial,8,2.4440747331149795,857900.0345808617,0.0058503241704306
mech_019_q0_PR_attrition_moderate,0.92,mixed_GBseg_TJ,20.0,1450.0,harmful,7,-1.9339196338688671,162890.41980956777,0.0005182541169127
mech_019_q0_PR_attrition_moderate,0.92,mixed_GBseg_TJ,20.0,1450.0,neutral,8,-0.15882731740932543,271939.74709088024,0.0012688435969893
mech_019_q0_PR_attrition_moderate,0.92,mixed_GBseg_TJ,20.0,1450.0,unattainable,49,,,
mech_019_q0_PR_attrition_moderate,0.92,mixed_GBseg_TJ,20.0,1500.0,beneficial,12,5.708575521184758,1224452.9728997704,0.006032485856654651
mech_019_q0_PR_attrition_moderate,0.92,mixed_GBseg_TJ,20.0,1500.0,harmful,20,-1.9189638824199,195105.23133730714,0.00072357229685305
mech_019_q0_PR_attrition_moderate,0.92,mixed_GBseg_TJ,20.0,1500.0,neutral,4,-0.6867120341588036,511699.01655399497,0.0012834890232271499
mech_019_q0_PR_attrition_moderate,0.92,mixed_GBseg_TJ,20.0,1500.0,unattainable,36,,,
mech_019_q0_PR_attrition_moderate,0.92,mixed_GBseg_TJ,50.0,1300.0,unattainable,72,,,
mech_019_q0_PR_attrition_moderate,0.92,mixed_GBseg_TJ,50.0,1350.0,unattainable,72,,,
mech_019_q0_PR_attrition_moderate,0.92,mixed_GBseg_TJ,50.0,1400.0,beneficial,1,1.882091375489013,885729.5364793527,0.0054065917474766
mech_019_q0_PR_attrition_moderate,0.92,mixed_GBseg_TJ,50.0,1400.0,harmful,2,-1.1256545661684476,157594.0325416812,0.000189348493149
mech_019_q0_PR_attrition_moderate,0.92,mixed_GBseg_TJ,50.0,1400.0,neutral,6,-0.1932149912695958,272891.1075977802,0.0015383293352238
mech_019_q0_PR_attrition_moderate,0.92,mixed_GBseg_TJ,50.0,1400.0,unattainable,63,,,
mech_019_q0_PR_attrition_moderate,0.92,mixed_GBseg_TJ,50.0,1450.0,beneficial,8,2.4023061245063495,892151.4283453354,0.0051788111905484
mech_019_q0_PR_attrition_moderate,0.92,mixed_GBseg_TJ,50.0,1450.0,harmful,7,-1.208088913823845,168228.63559545914,0.0015828858678166
mech_019_q0_PR_attrition_moderate,0.92,mixed_GBseg_TJ,50.0,1450.0,neutral,8,-0.1132212304959288,280971.3799248966,0.001355491047718
mech_019_q0_PR_attrition_moderate,0.92,mixed_GBseg_TJ,50.0,1450.0,unattainable,49,,,
mech_019_q0_PR_attrition_moderate,0.92,mixed_GBseg_TJ,50.0,1500.0,beneficial,10,7.382834215772178,1669888.2266604442,0.0065024648334149
mech_019_q0_PR_attrition_moderate,0.92,mixed_GBseg_TJ,50.0,1500.0,harmful,20,-2.0681183155478875,201455.57734638226,0.00071488873461585
mech_019_q0_PR_attrition_moderate,0.92,mixed_GBseg_TJ,50.0,1500.0,neutral,6,-0.0960833984907721,531516.1435030284,0.0019256139300174
mech_019_q0_PR_attrition_moderate,0.92,mixed_GBseg_TJ,50.0,1500.0,unattainable,36,,,
mech_019_q0_PR_attrition_moderate,0.92,mixed_GBseg_TJ,100.0,1300.0,unattainable,72,,,
mech_019_q0_PR_attrition_moderate,0.92,mixed_GBseg_TJ,100.0,1350.0,unattainable,72,,,
mech_019_q0_PR_attrition_moderate,0.92,mixed_GBseg_TJ,100.0,1400.0,beneficial,1,2.3517564434607685,897213.5682427548,0.0060436496409218
mech_019_q0_PR_attrition_moderate,0.92,mixed_GBseg_TJ,100.0,1400.0,neutral,8,-0.32032243919148484,230121.85786225722,0.00125105723796135
mech_019_q0_PR_attrition_moderate,0.92,mixed_GBseg_TJ,100.0,1400.0,unattainable,63,,,
mech_019_q0_PR_attrition_moderate,0.92,mixed_GBseg_TJ,100.0,1450.0,beneficial,8,1.9160118956338201,903715.597112764,0.0053261792947979
mech_019_q0_PR_attrition_moderate,0.92,mixed_GBseg_TJ,100.0,1450.0,harmful,7,-1.2603665227796514,170010.24889367752,0.0016560090605878
mech_019_q0_PR_attrition_moderate,0.92,mixed_GBseg_TJ,100.0,1450.0,neutral,8,-0.0114241071180751,247952.88158265734,0.00131007848306205
mech_019_q0_PR_attrition_moderate,0.92,mixed_GBseg_TJ,100.0,1450.0,unattainable,49,,,
mech_019_q0_PR_attrition_moderate,0.92,mixed_GBseg_TJ,100.0,1500.0,beneficial,10,6.979393058678142,1697758.205836789,0.0067971127285132
mech_019_q0_PR_attrition_moderate,0.92,mixed_GBseg_TJ,100.0,1500.0,harmful,22,-2.0767828594470754,207668.81798826577,0.0009570328946988
mech_019_q0_PR_attrition_moderate,0.92,mixed_GBseg_TJ,100.0,1500.0,neutral,4,0.13258637407820734,719669.9772209296,0.003401277603007
mech_019_q0_PR_attrition_moderate,0.92,mixed_GBseg_TJ,100.0,1500.0,unattainable,36,,,
