case,t_s,rho,bin,radius_m,tau_remove_s
CS_thermal,120.0,0.4840336134453783,0,8.166666666666667e-09,1.6645258911286835e+58
CS_thermal,120.0,0.4840336134453783,1,1.0236517085738568e-08,8.707756047489557e+58
CS_thermal,120.0,0.4840336134453783,2,1.2830973311830731e-08,4.0900651486872425e+59
CS_thermal,120.0,0.4840336134453783,3,1.6082997248964597e-08,inf
CS_thermal,120.0,0.4840336134453783,4,2.0159250138234185e-08,inf
CS_thermal,120.0,0.4840336134453783,5,2.526863369090349e-08,inf
CS_thermal,120.0,0.4840336134453783,6,3.167299598084116e-08,inf
CS_thermal,120.0,0.4840336134453783,7,3.970055075686648e-08,inf
CS_thermal,120.0,0.4840336134453783,8,4.976269789419122e-08,inf
CS_thermal,120.0,0.4840336134453783,9,6.237510700730634e-08,inf
CS_thermal,120.0,0.4840336134453783,10,7.818414472715056e-08,inf
CS_thermal,120.0,0.4840336134453783,11,9.8e-08,inf
CS_thermal,240.0,0.4840336134453783,0,8.166666666666667e-09,1.1504493622829738e+56
CS_thermal,240.0,0.4840336134453783,1,1.0236517085738568e-08,6.018270485217402e+56
CS_thermal,240.0,0.4840336134453783,2,1.2830973311830731e-08,2.8266758683660692e+57
CS_thermal,240.0,0.4840336134453783,3,1.6082997248964597e-08,inf
CS_thermal,240.0,0.4840336134453783,4,2.0159250138234185e-08,inf
CS_thermal,240.0,0.4840336134453783,5,2.526863369090349e-08,inf
CS_thermal,240.0,0.4840336134453783,6,3.167299598084116e-08,inf
CS_thermal,240.0,0.4840336134453783,7,3.970055075686648e-08,inf
CS_thermal,240.0,0.4840336134453783,8,4.976269789419122e-08,inf
CS_thermal,240.0,0.4840336134453783,9,6.237510700730634e-08,inf
CS_thermal,240.0,0.4840336134453783,10,7.818414472715056e-08,inf
CS_thermal,240.0,0.4840336134453783,11,9.8e-08,inf
CS_thermal,360.0,0.4840336134453783,0,8.166666666666667e-09,1.0870386440908963e+54
CS_thermal,360.0,0.4840336134453783,1,1.0236517085738568e-08,5.6862505384381385e+54
CS_thermal,360.0,0.4840336134453783,2,1.2830973311830731e-08,2.670488229600678e+55
CS_thermal,360.0,0.4840336134453783,3,1.6082997248964597e-08,inf
CS_thermal,360.0,0.4840336134453783,4,2.0159250138234185e-08,inf
CS_thermal,360.0,0.4840336134453783,5,2.526863369090349e-08,inf
CS_thermal,360.0,0.4840336134453783,6,3.167299598084116e-08,inf
CS_thermal,360.0,0.4840336134453783,7,3.970055075686648e-08,inf
CS_thermal,360.0,0.4840336134453783,8,4.976269789419122e-08,inf
CS_thermal,360.0,0.4840336134453783,9,6.237510700730634e-08,inf
CS_thermal,360.0,0.4840336134453783,10,7.818414472715056e-08,inf
CS_thermal,360.0,0.4840336134453783,11,9.8e-08,inf
CS_thermal,480.0,0.4840336134453783,0,8.166666666666667e-09,1.3645773917979556e+52
CS_thermal,480.0,0.4840336134453783,1,1.0236517085738568e-08,7.137309136445322e+52
CS_thermal,480.0,0.4840336134453783,2,1.2830973311830731e-08,3.3513736456842858e+53
CS_thermal,480.0,0.4840336134453783,3,1.6082997248964597e-08,inf
CS_thermal,480.0,0.4840336134453783,4,2.0159250138234185e-08,inf
CS_thermal,480.0,0.4840336134453783,5,2.526863369090349e-08,inf
CS_thermal,480.0,0.4840336134453783,6,3.167299598084116e-08,inf
CS_thermal,480.0,0.4840336134453783,7,3.970055075686648e-08,inf
CS_thermal,480.0,0.4840336134453783,8,4.976269789419122e-08,inf
CS_thermal,480.0,0.4840336134453783,9,6.237510700730634e-08,inf
CS_thermal,480.0,0.4840336134453783,10,7.818414472715056e-08,inf
CS_thermal,480.0,0.4840336134453783,11,9.8e-08,inf
CS_thermal,600.0,0.4840336134453783,0,8.166666666666667e-09,2.219039497239831e+50
CS_thermal,600.0,0.4840336134453783,1,1.0236517085738568e-08,1.1604295623180891e+51
CS_thermal,600.0,0.4840336134453783,2,1.2830973311830731e-08,5.447108956469684e+51
CS_thermal,600.0,0.4840336134453783,3,1.6082997248964597e-08,inf
CS_thermal,600.0,0.4840336134453783,4,2.0159250138234185e-08,inf
CS_thermal,600.0,0.4840336134453783,5,2.526863369090349e-08,inf
CS_thermal,600.0,0.4840336134453783,6,3.167299598084116e-08,inf
CS_thermal,600.0,0.4840336134453783,7,3.970055075686648e-08,inf
CS_thermal,600.0,0.4840336134453783,8,4.976269789419122e-08,inf
CS_thermal,600.0,0.4840336134453783,9,6.237510700730634e-08,inf
CS_thermal,600.0,0.4840336134453783,10,7.818414472715056e-08,inf
CS_thermal,600.0,0.4840336134453783,11,9.8e-08,inf
CS_thermal,720.0,0.4840336134453783,0,8.166666666666667e-09,4.5712212853979285e+48
CS_thermal,720.0,0.4840336134453783,1,1.0236517085738568e-08,2.3896757679953736e+49
CS_thermal,720.0,0.4840336134453783,2,1.2830973311830731e-08,1.1210766686365569e+50
CS_thermal,720.0,0.4840336134453783,3,1.6082997248964597e-08,inf
CS_thermal,720.0,0.4840336134453783,4,2.0159250138234185e-08,inf
CS_thermal,720.0,0.4840336134453783,5,2.526863369090349e-08,inf
CS_thermal,720.0,0.4840336134453783,6,3.167299598084116e-08,inf
CS_thermal,720.0,0.4840336134453783,7,3.970055075686648e-08,inf
CS_thermal,720.0,0.4840336134453783,8,4.976269789419122e-08,inf
CS_thermal,720.0,0.4840336134453783,9,6.237510700730634e-08,inf
CS_thermal,720.0,0.4840336134453783,10,7.818414472715056e-08,inf
CS_thermal,720.0,0.4840336134453783,11,9.8e-08,inf
CS_thermal,840.0,0.4840336134453783,0,8.166666666666667e-09,1.1693790792816353e+47
CS_thermal,840.0,0.4840336134453783,1,1.0236517085738568e-08,6.109550741031528e+47
CS_thermal,840.0,0.4840336134453783,2,1.2830973311830731e-08,2.8633516045488874e+48
CS_thermal,840.0,0.4840336134453783,3,1.6082997248964597e-08,inf
CS_thermal,840.0,0.4840336134453783,4,2.0159250138234185e-08,inf
CS_thermal,840.0,0.4840336134453783,5,2.526863369090349e-08,inf
CS_thermal,840.0,0.4840336134453783,6,3.167299598084116e-08,inf
CS_thermal,840.0,0.4840336134453783,7,3.970055075686648e-08,inf
CS_thermal,840.0,0.4840336134453783,8,4.976269789419122e-08,inf
CS_thermal,840.0,0.4840336134453783,9,6.237510700730634e-08,inf
CS_thermal,840.0,0.4840336134453783,10,7.818414472715056e-08,inf
CS_thermal,840.0,0.4840336134453783,11,9.8e-08,inf
CS_thermal,960.0,0.4840336134453783,0,8.166666666666667e-09,3.649269268336374e+45
CS_thermal,960.0,0.4840336134453783,1,1.0236517085738568e-08,1.9047546208980897e+46
CS_thermal,960.0,0.4840336134453783,2,1.2830973311830731e-08,8.912273815301792e+46
CS_thermal,960.0,0.4840336134453783,3,1.6082997248964597e-08,inf
CS_thermal,960.0,0.4840336134453783,4,2.0159250138234185e-08,inf
CS_thermal,960.0,0.4840336134453783,5,2.526863369090349e-08,inf
CS_thermal,960.0,0.4840336134453783,6,3.167299598084116e-08,inf
CS_thermal,960.0,0.4840336134453783,7,3.970055075686648e-08,inf
CS_thermal,960.0,0.4840336134453783,8,4.976269789419122e-08,inf
CS_thermal,960.0,0.4840336134453783,9,6.237510700730634e-08,inf
CS_thermal,960.0,0.4840336134453783,10,7.818414472715056e-08,inf
CS_thermal,960.0,0.4840336134453783,11,9.8e-08,inf
CS_thermal,1080.0,0.4840336134453783,0,8.166666666666667e-09,1.3672276344096896e+44
CS_thermal,1080.0,0.4840336134453783,1,1.0236517085738568e-08,7.125152838471645e+44
CS_thermal,1080.0,0.4840336134453783,2,1.2830973311830731e-08,3.324996467481819e+45
CS_thermal,1080.0,0.4840336134453783,3,1.6082997248964597e-08,inf
CS_thermal,1080.0,0.4840336134453783,4,2.0159250138234185e-08,inf
CS_thermal,1080.0,0.4840336134453783,5,2.526863369090349e-08,inf
CS_thermal,1080.0,0.4840336134453783,6,3.167299598084116e-08,inf
CS_thermal,1080.0,0.4840336134453783,7,3.970055075686648e-08,inf
CS_thermal,1080.0,0.4840336134453783,8,4.976269789419122e-08,inf
CS_thermal,1080.0,0.4840336134453783,9,6.237510700730634e-08,inf
CS_thermal,1080.0,0.4840336134453783,10,7.818414472715056e-08,inf
CS_thermal,1080.0,0.4840336134453783,11,9.8e-08,inf
CS_thermal,1200.0,0.4840336134453783,0,8.166666666666667e-09,6.061616280261133e+42
CS_thermal,1200.0,0.4840336134453783,1,1.0236517085738568e-08,3.151191148515356e+43
CS_thermal,1200.0,0.4840336134453783,2,1.2830973311830731e-08,1.464442871249145e+44
CS_thermal,1200.0,0.4840336134453783,3,1.6082997248964597e-08,inf
CS_thermal,1200.0,0.4840336134453783,4,2.0159250138234185e-08,inf
CS_thermal,1200.0,0.4840336134453783,5,2.526863369090349e-08,inf
CS_thermal,1200.0,0.4840336134453783,6,3.167299598084116e-08,inf
CS_thermal,1200.0,0.4840336134453783,7,3.970055075686648e-08,inf
CS_thermal,1200.0,0.4840336134453783,8,4.976269789419122e-08,inf
CS_thermal,1200.0,0.4840336134453783,9,6.237510700730634e-08,inf
CS_thermal,1200.0,0.4840336134453783,10,7.818414472715056e-08,inf
CS_thermal,1200.0,0.4840336134453783,11,9.8e-08,inf
CS_thermal,1320.0,0.4840336134453783,0,8.166666666666667e-09,3.1386952379562764e+41
CS_thermal,1320.0,0.4840336134453783,1,1.0236517085738568e-08,1.6255713500156656e+42
CS_thermal,1320.0,0.4840336134453783,2,1.2830973311830731e-08,7.507215025555489e+42
CS_thermal,1320.0,0.4840336134453783,3,1.6082997248964597e-08,inf
CS_thermal,1320.0,0.4840336134453783,4,2.0159250138234185e-08,inf
CS_thermal,1320.0,0.4840336134453783,5,2.526863369090349e-08,inf
CS_thermal,1320.0,0.4840336134453783,6,3.167299598084116e-08,inf
CS_thermal,1320.0,0.4840336134453783,7,3.970055075686648e-08,inf
CS_thermal,1320.0,0.4840336134453783,8,4.976269789419122e-08,inf
CS_thermal,1320.0,0.4840336134453783,9,6.237510700730634e-08,inf
CS_thermal,1320.0,0.4840336134453783,10,7.818414472715056e-08,inf
CS_thermal,1320.0,0.4840336134453783,11,9.8e-08,inf
CS_thermal,1440.0,0.4840336134453783,0,8.166666666666667e-09,1.8754591783273953e+40
CS_thermal,1440.0,0.4840336134453783,1,1.0236517085738568e-08,9.65923676701302e+40
CS_thermal,1440.0,0.4840336134453783,2,1.2830973311830731e-08,4.419934026705019e+41
CS_thermal,1440.0,0.4840336134453783,3,1.6082997248964597e-08,inf
CS_thermal,1440.0,0.4840336134453783,4,2.0159250138234185e-08,inf
CS_thermal,1440.0,0.4840336134453783,5,2.526863369090349e-08,inf
CS_thermal,1440.0,0.4840336134453783,6,3.167299598084116e-08,inf
CS_thermal,1440.0,0.4840336134453783,7,3.970055075686648e-08,inf
CS_thermal,1440.0,0.4840336134453783,8,4.976269789419122e-08,inf
CS_thermal,1440.0,0.4840336134453783,9,6.237510700730634e-08,inf
CS_thermal,1440.0,0.4840336134453783,10,7.818414472715056e-08,inf
CS_thermal,1440.0,0.4840336134453783,11,9.8e-08,inf
CS_thermal,1560.0,0.4840336134453783,0,8.166666666666667e-09,1.2789554878289643e+39
CS_thermal,1560.0,0.4840336134453783,1,1.0236517085738568e-08,6.534133667865822e+39
CS_thermal,1560.0,0.4840336134453783,2,1.2830973311830731e-08,2.951065505254611e+40
CS_thermal,1560.0,0.4840336134453783,3,1.6082997248964597e-08,inf
CS_thermal,1560.0,0.4840336134453783,4,2.0159250138234185e-08,inf
CS_thermal,1560.0,0.4840336134453783,5,2.526863369090349e-08,inf
CS_thermal,1560.0,0.4840336134453783,6,3.167299598084116e-08,inf
CS_thermal,1560.0,0.4840336134453783,7,3.970055075686648e-08,inf
CS_thermal,1560.0,0.4840336134453783,8,4.976269789419122e-08,inf
CS_thermal,1560.0,0.4840336134453783,9,6.237510700730634e-08,inf
CS_thermal,1560.0,0.4840336134453783,10,7.818414472715056e-08,inf
CS_thermal,1560.0,0.4840336134453783,11,9.8e-08,inf
CS_thermal,1680.0,0.4840336134453783,0,8.166666666666667e-09,9.851990389524541e+37
CS_thermal,1680.0,0.4840336134453783,1,1.0236517085738568e-08,4.976571383034045e+38
CS_thermal,1680.0,0.4840336134453783,2,1.2830973311830731e-08,2.2076404430291322e+39
CS_thermal,1680.0,0.4840336134453783,3,1.6082997248964597e-08,inf
CS_thermal,1680.0,0.4840336134453783,4,2.0159250138234185e-08,inf
CS_thermal,1680.0,0.4840336134453783,5,2.526863369090349e-08,inf
CS_thermal,1680.0,0.4840336134453783,6,3.167299598084116e-08,inf
CS_thermal,1680.0,0.4840336134453783,7,3.970055075686648e-08,inf
CS_thermal,1680.0,0.4840336134453783,8,4.976269789419122e-08,inf
CS_thermal,1680.0,0.4840336134453783,9,6.237510700730634e-08,inf
CS_thermal,1680.0,0.4840336134453783,10,7.818414472715056e-08,inf
CS_thermal,1680.0,0.4840336134453783,11,9.8e-08,inf
CS_thermal,1800.0,0.4840336134453783,0,8.166666666666667e-09,8.49040857952872e+36
CS_thermal,1800.0,0.4840336134453783,1,1.0236517085738568e-08,4.2228585267319535e+37
CS_thermal,1800.0,0.4840336134453783,2,1.2830973311830731e-08,1.8294461574919517e+38
CS_thermal,1800.0,0.4840336134453783,3,1.6082997248964597e-08,inf
CS_thermal,1800.0,0.4840336134453783,4,2.0159250138234185e-08,inf
CS_thermal,1800.0,0.4840336134453783,5,2.526863369090349e-08,inf
CS_thermal,1800.0,0.4840336134453783,6,3.167299598084116e-08,inf
CS_thermal,1800.0,0.4840336134453783,7,3.970055075686648e-08,inf
CS_thermal,1800.0,0.4840336134453783,8,4.976269789419122e-08,inf
CS_thermal,1800.0,0.4840336134453783,9,6.237510700730634e-08,inf
CS_thermal,1800.0,0.4840336134453783,10,7.818414472715056e-08,inf
CS_thermal,1800.0,0.4840336134453783,11,9.8e-08,inf
CS_thermal,1920.0,0.4840336134453783,0,8.166666666666667e-09,8.11196793393206e+35
CS_thermal,1920.0,0.4840336134453783,1,1.0236517085738568e-08,3.95273887034556e+36
CS_thermal,1920.0,0.4840336134453783,2,1.2830973311830731e-08,1.6618590970801055e+37
CS_thermal,1920.0,0.4840336134453783,3,1.6082997248964597e-08,inf
CS_thermal,1920.0,0.4840336134453783,4,2.0159250138234185e-08,inf
CS_thermal,1920.0,0.4840336134453783,5,2.526863369090349e-08,inf
CS_thermal,1920.0,0.4840336134453783,6,3.167299598084116e-08,inf
CS_thermal,1920.0,0.4840336134453783,7,3.970055075686648e-08,inf
CS_thermal,1920.0,0.4840336134453783,8,4.976269789419122e-08,inf
CS_thermal,1920.0,0.4840336134453783,9,6.237510700730634e-08,inf
CS_thermal,1920.0,0.4840336134453783,10,7.818414472715056e-08,inf
CS_thermal,1920.0,0.4840336134453783,11,9.8e-08,inf
CS_thermal,2040.0,0.4840336134453783,0,8.166666666666667e-09,8.51902803361432e+34
CS_thermal,2040.0,0.4840336134453783,1,1.0236517085738568e-08,4.04356365857282e+35
CS_thermal,2040.0,0.4840336134453783,2,1.2830973311830731e-08,1.6395196287638007e+36
CS_thermal,2040.0,0.4840336134453783,3,1.6082997248964597e-08,4.7585571683243425e+37
CS_thermal,2040.0,0.4840336134453783,4,2.0159250138234185e-08,inf
CS_thermal,2040.0,0.4840336134453783,5,2.526863369090349e-08,inf
CS_thermal,2040.0,0.4840336134453783,6,3.167299598084116e-08,inf
CS_thermal,2040.0,0.4840336134453783,7,3.970055075686648e-08,inf
CS_thermal,2040.0,0.4840336134453783,8,4.976269789419122e-08,inf
CS_thermal,2040.0,0.4840336134453783,9,6.237510700730634e-08,inf
CS_thermal,2040.0,0.4840336134453783,10,7.818414472715056e-08,inf
CS_thermal,2040.0,0.4840336134453783,11,9.8e-08,inf
CS_thermal,2160.0,0.4840336134453783,0,8.166666666666667e-09,9.754482671974829e+33
CS_thermal,2160.0,0.4840336134453783,1,1.0236517085738568e-08,4.482415838136484e+34
CS_thermal,2160.0,0.4840336134453783,2,1.2830973311830731e-08,1.7430823594623817e+35
CS_thermal,2160.0,0.4840336134453783,3,1.6082997248964597e-08,2.3803415167402135e+36
CS_thermal,2160.0,0.4840336134453783,4,2.0159250138234185e-08,inf
CS_thermal,2160.0,0.4840336134453783,5,2.526863369090349e-08,inf
CS_thermal,2160.0,0.4840336134453783,6,3.167299598084116e-08,inf
CS_thermal,2160.0,0.4840336134453783,7,3.970055075686648e-08,inf
CS_thermal,2160.0,0.4840336134453783,8,4.976269789419122e-08,inf
CS_thermal,2160.0,0.4840336134453783,9,6.237510700730634e-08,inf
CS_thermal,2160.0,0.4840336134453783,10,7.818414472715056e-08,inf
CS_thermal,2160.0,0.4840336134453783,11,9.8e-08,inf
CS_thermal,2280.0,0.4840336134453783,0,8.166666666666667e-09,1.2085956015130158e+33
CS_thermal,2280.0,0.4840336134453783,1,1.0236517085738568e-08,5.344266959462454e+33
CS_thermal,2280.0,0.4840336134453783,2,1.2830973311830731e-08,1.9851339070425965e+34
CS_thermal,2280.0,0.4840336134453783,3,1.6082997248964597e-08,1.742332596863339e+35
CS_thermal,2280.0,0.4840336134453783,4,2.0159250138234185e-08,inf
CS_thermal,2280.0,0.4840336134453783,5,2.526863369090349e-08,inf
CS_thermal,2280.0,0.4840336134453783,6,3.167299598084116e-08,inf
CS_thermal,2280.0,0.4840336134453783,7,3.970055075686648e-08,inf
CS_thermal,2280.0,0.4840336134453783,8,4.976269789419122e-08,inf
CS_thermal,2280.0,0.4840336134453783,9,6.237510700730634e-08,inf
CS_thermal,2280.0,0.4840336134453783,10,7.818414472715056e-08,inf
CS_thermal,2280.0,0.4840336134453783,11,9.8e-08,inf
CS_thermal,2400.0,0.4840336134453783,0,8.166666666666667e-09,1.609155288181171e+32
CS_thermal,2400.0,0.4840336134453783,1,1.0236517085738568e-08,6.810269598878912e+32
CS_thermal,2400.0,0.4840336134453783,2,1.2830973311830731e-08,2.4114831285467917e+33
CS_thermal,2400.0,0.4840336134453783,3,1.6082997248964597e-08,1.5609024449408036e+34
CS_thermal,2400.0,0.4840336134453783,4,2.0159250138234185e-08,inf
CS_thermal,2400.0,0.4840336134453783,5,2.526863369090349e-08,inf
CS_thermal,2400.0,0.4840336134453783,6,3.167299598084116e-08,inf
CS_thermal,2400.0,0.4840336134453783,7,3.970055075686648e-08,inf
CS_thermal,2400.0,0.4840336134453783,8,4.976269789419122e-08,inf
CS_thermal,2400.0,0.4840336134453783,9,6.237510700730634e-08,inf
CS_thermal,2400.0,0.4840336134453783,10,7.818414472715056e-08,inf
CS_thermal,2400.0,0.4840336134453783,11,9.8e-08,inf
CS_thermal,2520.0,0.4840336134453783,0,8.166666666666667e-09,2.287960558397425e+31
CS_thermal,2520.0,0.4840336134453783,1,1.0236517085738568e-08,9.229696787784735e+31
CS_thermal,2520.0,0.4840336134453783,2,1.2830973311830731e-08,3.1160727942248778e+32
CS_thermal,2520.0,0.4840336134453783,3,1.6082997248964597e-08,1.614492009025682e+33
CS_thermal,2520.0,0.4840336134453783,4,2.0159250138234185e-08,inf
CS_thermal,2520.0,0.4840336134453783,5,2.526863369090349e-08,inf
CS_thermal,2520.0,0.4840336134453783,6,3.167299598084116e-08,inf
CS_thermal,2520.0,0.4840336134453783,7,3.970055075686648e-08,inf
CS_thermal,2520.0,0.4840336134453783,8,4.976269789419122e-08,inf
CS_thermal,2520.0,0.4840336134453783,9,6.237510700730634e-08,inf
CS_thermal,2520.0,0.4840336134453783,10,7.818414472715056e-08,inf
CS_thermal,2520.0,0.4840336134453783,11,9.8e-08,inf
CS_thermal,2640.0,0.4840336134453783,0,8.166666666666667e-09,3.455353151963721e+30
CS_thermal,2640.0,0.4840336134453783,1,1.0236517085738568e-08,1.3254638432908923e+31
CS_thermal,2640.0,0.4840336134453783,2,1.2830973311830731e-08,4.276039061057069e+31
CS_thermal,2640.0,0.4840336134453783,3,1.6082997248964597e-08,1.8748456162109713e+32
CS_thermal,2640.0,0.4840336134453783,4,2.0159250138234185e-08,inf
CS_thermal,2640.0,0.4840336134453783,5,2.526863369090349e-08,inf
CS_thermal,2640.0,0.4840336134453783,6,3.167299598084116e-08,inf
CS_thermal,2640.0,0.4840336134453783,7,3.970055075686648e-08,inf
CS_thermal,2640.0,0.4840336134453783,8,4.976269789419122e-08,inf
CS_thermal,2640.0,0.4840336134453783,9,6.237510700730634e-08,inf
CS_thermal,2640.0,0.4840336134453783,10,7.818414472715056e-08,inf
CS_thermal,2640.0,0.4840336134453783,11,9.8e-08,inf
CS_thermal,2760.0,0.4840336134453783,0,8.166666666666667e-09,5.518104834373439e+29
CS_thermal,2760.0,0.4840336134453783,1,1.0236517085738568e-08,2.0118923926316815e+30
CS_thermal,2760.0,0.4840336134453783,2,1.2830973311830731e-08,6.22507544774156e+30
CS_thermal,2760.0,0.4840336134453783,3,1.6082997248964597e-08,2.4043981139692693e+31
CS_thermal,2760.0,0.4840336134453783,4,2.0159250138234185e-08,3.0294523636635077e+32
CS_thermal,2760.0,0.4840336134453783,5,2.526863369090349e-08,inf
CS_thermal,2760.0,0.4840336134453783,6,3.167299598084116e-08,inf
CS_thermal,2760.0,0.4840336134453783,7,3.970055075686648e-08,inf
CS_thermal,2760.0,0.4840336134453783,8,4.976269789419122e-08,inf
CS_thermal,2760.0,0.4840336134453783,9,6.237510700730634e-08,inf
CS_thermal,2760.0,0.4840336134453783,10,7.818414472715056e-08,inf
CS_thermal,2760.0,0.4840336134453783,11,9.8e-08,inf
CS_thermal,2880.0,0.4840336134453783,0,8.166666666666667e-09,9.285524538276401e+28
CS_thermal,2880.0,0.4840336134453783,1,1.0236517085738568e-08,3.222301168971863e+29
CS_thermal,2880.0,0.4840336134453783,2,1.2830973311830731e-08,9.606832780692943e+29
CS_thermal,2880.0,0.4840336134453783,3,1.6082997248964597e-08,3.367764538322529e+30
CS_thermal,2880.0,0.4840336134453783,4,2.0159250138234185e-08,2.069218995864767e+31
CS_thermal,2880.0,0.4840336134453783,5,2.526863369090349e-08,inf
CS_thermal,2880.0,0.4840336134453783,6,3.167299598084116e-08,inf
CS_thermal,2880.0,0.4840336134453783,7,3.970055075686648e-08,inf
CS_thermal,2880.0,0.4840336134453783,8,4.976269789419122e-08,inf
CS_thermal,2880.0,0.4840336134453783,9,6.237510700730634e-08,inf
CS_thermal,2880.0,0.4840336134453783,10,7.818414472715056e-08,inf
CS_thermal,2880.0,0.4840336134453783,11,9.8e-08,inf
CS_thermal,3000.0,0.4840336134453783,0,8.166666666666667e-09,1.6420315910710732e+28
CS_thermal,3000.0,0.4840336134453783,1,1.0236517085738568e-08,5.439449730139042e+28
CS_thermal,3000.0,0.4840336134453783,2,1.2830973311830731e-08,1.5703616226803304e+29
CS_thermal,3000.0,0.4840336134453783,3,1.6082997248964597e-08,5.110004882866449e+29
CS_thermal,3000.0,0.4840336134453783,4,2.0159250138234185e-08,2.3065798517103884e+30
CS_thermal,3000.0,0.4840336134453783,5,2.526863369090349e-08,inf
CS_thermal,3000.0,0.4840336134453783,6,3.167299598084116e-08,inf
CS_thermal,3000.0,0.4840336134453783,7,3.970055075686648e-08,inf
CS_thermal,3000.0,0.4840336134453783,8,4.976269789419122e-08,inf
CS_thermal,3000.0,0.4840336134453783,9,6.237510700730634e-08,inf
CS_thermal,3000.0,0.4840336134453783,10,7.818414472715056e-08,inf
CS_thermal,3000.0,0.4840336134453783,11,9.8e-08,inf
CS_thermal,3120.0,0.4840336134453783,0,8.166666666666667e-09,3.045560287835771e+27
CS_thermal,3120.0,0.4840336134453783,1,1.0236517085738568e-08,9.669157024404181e+27
CS_thermal,3120.0,0.4840336134453783,2,1.2830973311830731e-08,2.7162981096808938e+28
CS_thermal,3120.0,0.4840336134453783,3,1.6082997248964597e-08,8.345542337526351e+28
CS_thermal,3120.0,0.4840336134453783,4,2.0159250138234185e-08,3.161372678058895e+29
CS_thermal,3120.0,0.4840336134453783,5,2.526863369090349e-08,3.267912745053381e+30
CS_thermal,3120.0,0.4840336134453783,6,3.167299598084116e-08,inf
CS_thermal,3120.0,0.4840336134453783,7,3.970055075686648e-08,inf
CS_thermal,3120.0,0.4840336134453783,8,4.976269789419122e-08,inf
CS_thermal,3120.0,0.4840336134453783,9,6.237510700730634e-08,inf
CS_thermal,3120.0,0.4840336134453783,10,7.818414472715056e-08,inf
CS_thermal,3120.0,0.4840336134453783,11,9.8e-08,inf
CS_thermal,3240.0,0.4840336134453783,0,8.166666666666667e-09,5.916275676643739e+26
CS_thermal,3240.0,0.4840336134453783,1,1.0236517085738568e-08,1.8084596891873204e+27
CS_thermal,3240.0,0.4840336134453783,2,1.2830973311830731e-08,4.965800189150436e+27
CS_thermal,3240.0,0.4840336134453783,3,1.6082997248964597e-08,1.4592997089741204e+28
CS_thermal,3240.0,0.4840336134453783,4,2.0159250138234185e-08,4.942979992958317e+28
CS_thermal,3240.0,0.4840336134453783,5,2.526863369090349e-08,2.5958988725991774e+29
CS_thermal,3240.0,0.4840336134453783,6,3.167299598084116e-08,inf
CS_thermal,3240.0,0.4840336134453783,7,3.970055075686648e-08,inf
CS_thermal,3240.0,0.4840336134453783,8,4.976269789419122e-08,inf
CS_thermal,3240.0,0.4840336134453783,9,6.237510700730634e-08,inf
CS_thermal,3240.0,0.4840336134453783,10,7.818414472715056e-08,inf
CS_thermal,3240.0,0.4840336134453783,11,9.8e-08,inf
CS_thermal,3360.0,0.4840336134453783,0,8.166666666666667e-09,1.2024328185050146e+26
CS_thermal,3360.0,0.4840336134453783,1,1.0236517085738568e-08,3.55570799930014e+26
CS_thermal,3360.0,0.4840336134453783,2,1.2830973311830731e-08,9.581124577809285e+26
CS_thermal,3360.0,0.4840336134453783,3,1.6082997248964597e-08,2.719796481486557e+27
CS_thermal,3360.0,0.4840336134453783,4,2.0159250138234185e-08,8.536872001639479e+27
CS_thermal,3360.0,0.4840336134453783,5,2.526863369090349e-08,3.435781661848829e+28
CS_thermal,3360.0,0.4840336134453783,6,3.167299598084116e-08,8.285950652680928e+29
CS_thermal,3360.0,0.4840336134453783,7,3.970055075686648e-08,inf
CS_thermal,3360.0,0.4840336134453783,8,4.976269789419122e-08,inf
CS_thermal,3360.0,0.4840336134453783,9,6.237510700730634e-08,inf
CS_thermal,3360.0,0.4840336134453783,10,7.818414472715056e-08,inf
CS_thermal,3360.0,0.4840336134453783,11,9.8e-08,inf
CS_thermal,3480.0,0.4840336134453783,0,8.166666666666667e-09,2.5545795634723657e+25
CS_thermal,3480.0,0.4840336134453783,1,1.0236517085738568e-08,7.3416403243160926e+25
CS_thermal,3480.0,0.4840336134453783,2,1.2830973311830731e-08,1.94788761030629e+26
CS_thermal,3480.0,0.4840336134453783,3,1.6082997248964597e-08,5.3817804551500026e+26
CS_thermal,3480.0,0.4840336134453783,4,2.0159250138234185e-08,1.6002335661291264e+27
CS_thermal,3480.0,0.4840336134453783,5,2.526863369090349e-08,5.573560824277617e+27
CS_thermal,3480.0,0.4840336134453783,6,3.167299598084116e-08,3.3167555496308282e+28
CS_thermal,3480.0,0.4840336134453783,7,3.970055075686648e-08,inf
CS_thermal,3480.0,0.4840336134453783,8,4.976269789419122e-08,inf
CS_thermal,3480.0,0.4840336134453783,9,6.237510700730634e-08,inf
CS_thermal,3480.0,0.4840336134453783,10,7.818414472715056e-08,inf
CS_thermal,3480.0,0.4840336134453783,11,9.8e-08,inf
CS_thermal,3600.0,0.4840336134453783,0,8.166666666666667e-09,5.668451725355406e+24
CS_thermal,3600.0,0.4840336134453783,1,1.0236517085738568e-08,1.5900074009187536e+25
CS_thermal,3600.0,0.4840336134453783,2,1.2830973311830731e-08,4.165638416270949e+25
CS_thermal,3600.0,0.4840336134453783,3,1.6082997248964597e-08,1.1266794609261247e+26
CS_thermal,3600.0,0.4840336134453783,4,2.0159250138234185e-08,3.2199288721850856e+26
CS_thermal,3600.0,0.4840336134453783,5,2.526863369090349e-08,1.0250967184263386e+27
CS_thermal,3600.0,0.4840336134453783,6,3.167299598084116e-08,4.3071572949225473e+27
CS_thermal,3600.0,0.4840336134453783,7,3.970055075686648e-08,4.93026323728141e+31
CS_thermal,3600.0,0.4840336134453783,8,4.976269789419122e-08,inf
CS_thermal,3600.0,0.4840336134453783,9,6.237510700730634e-08,inf
CS_thermal,3600.0,0.4840336134453783,10,7.818414472715056e-08,inf
CS_thermal,3600.0,0.4840336134453783,11,9.8e-08,inf
CS_thermal,3720.0,0.4840336134453783,0,8.166666666666667e-09,1.312581309865231e+24
CS_thermal,3720.0,0.4840336134453783,1,1.0236517085738568e-08,3.607253219862644e+24
CS_thermal,3720.0,0.4840336134453783,2,1.2830973311830731e-08,9.35376219328401e+24
CS_thermal,3720.0,0.4840336134453783,3,1.6082997248964597e-08,2.4877042916021175e+25
CS_thermal,3720.0,0.4840336134453783,4,2.0159250138234185e-08,6.901618952123487e+25
CS_thermal,3720.0,0.4840336134453783,5,2.526863369090349e-08,2.0685488555682228e+26
CS_thermal,3720.0,0.4840336134453783,6,3.167299598084116e-08,7.346796588203188e+26
CS_thermal,3720.0,0.4840336134453783,7,3.970055075686648e-08,4.833775154502042e+27
CS_thermal,3720.0,0.4840336134453783,8,4.976269789419122e-08,inf
CS_thermal,3720.0,0.4840336134453783,9,6.237510700730634e-08,inf
CS_thermal,3720.0,0.4840336134453783,10,7.818414472715056e-08,inf
CS_thermal,3720.0,0.4840336134453783,11,9.8e-08,inf
CS_thermal,3840.0,0.4840336134453783,0,8.166666666666667e-09,3.1688852038680315e+23
CS_thermal,3840.0,0.4840336134453783,1,1.0236517085738568e-08,8.560784604040628e+23
CS_thermal,3840.0,0.4840336134453783,2,1.2830973311830731e-08,2.2013036843241028e+24
CS_thermal,3840.0,0.4840336134453783,3,1.6082997248964597e-08,5.776763664579807e+24
CS_thermal,3840.0,0.4840336134453783,4,2.0159250138234185e-08,1.5667580662378336e+25
CS_thermal,3840.0,0.4840336134453783,5,2.526863369090349e-08,4.5000894373616835e+25
CS_thermal,3840.0,0.4840336134453783,6,3.167299598084116e-08,1.4480943340142202e+26
CS_thermal,3840.0,0.4840336134453783,7,3.970055075686648e-08,6.29666829874755e+26
CS_thermal,3840.0,0.4840336134453783,8,4.976269789419122e-08,inf
CS_thermal,3840.0,0.4840336134453783,9,6.237510700730634e-08,inf
CS_thermal,3840.0,0.4840336134453783,10,7.818414472715056e-08,inf
CS_thermal,3840.0,0.4840336134453783,11,9.8e-08,inf
CS_thermal,3960.0,0.4840336134453783,0,8.166666666666667e-09,7.96841770490303e+22
CS_thermal,3960.0,0.4840336134453783,1,1.0236517085738568e-08,2.1221087382061844e+23
CS_thermal,3960.0,0.4840336134453783,2,1.2830973311830731e-08,5.4195571170712594e+23
CS_thermal,3960.0,0.4840336134453783,3,1.6082997248964597e-08,1.407102398217342e+24
CS_thermal,3960.0,0.4840336134453783,4,2.0159250138234185e-08,3.749984981520543e+24
CS_thermal,3960.0,0.4840336134453783,5,2.526863369090349e-08,1.0440540805646353e+25
CS_thermal,3960.0,0.4840336134453783,6,3.167299598084116e-08,3.1509990542691793e+25
CS_thermal,3960.0,0.4840336134453783,7,3.970055075686648e-08,1.1388353231355902e+26
CS_thermal,3960.0,0.4840336134453783,8,4.976269789419122e-08,8.289964975421316e+26
CS_thermal,3960.0,0.4840336134453783,9,6.237510700730634e-08,inf
CS_thermal,3960.0,0.4840336134453783,10,7.818414472715056e-08,inf
CS_thermal,3960.0,0.4840336134453783,11,9.8e-08,inf
CS_thermal,4080.0,0.4840336134453783,0,8.166666666666667e-09,2.08476054065035e+22
CS_thermal,4080.0,0.4840336134453783,1,1.0236517085738568e-08,5.4862981779481885e+22
CS_thermal,4080.0,0.4840336134453783,2,1.2830973311830731e-08,1.3933159265908694e+23
CS_thermal,4080.0,0.4840336134453783,3,1.6082997248964597e-08,3.586568569091096e+23
CS_thermal,4080.0,0.4840336134453783,4,2.0159250138234185e-08,9.427902834130261e+23
CS_thermal,4080.0,0.4840336134453783,5,2.526863369090349e-08,2.5641976495084145e+24
CS_thermal,4080.0,0.4840336134453783,6,3.167299598084116e-08,7.402845007630366e+24
CS_thermal,4080.0,0.4840336134453783,7,3.970055075686648e-08,2.4089383373556847e+25
CS_thermal,4080.0,0.4840336134453783,8,4.976269789419122e-08,1.0874050418308986e+26
CS_thermal,4080.0,0.4840336134453783,9,6.237510700730634e-08,inf
CS_thermal,4080.0,0.4840336134453783,10,7.818414472715056e-08,inf
CS_thermal,4080.0,0.4840336134453783,11,9.8e-08,inf
CS_thermal,4200.0,0.4840336134453783,0,8.166666666666667e-09,5.668448920123763e+21
CS_thermal,4200.0,0.4840336134453783,1,1.0236517085738568e-08,1.4770111203053918e+22
CS_thermal,4200.0,0.4840336134453783,2,1.2830973311830731e-08,3.7339406940417397e+22
CS_thermal,4200.0,0.4840336134453783,3,1.6082997248964597e-08,9.545082096618276e+22
CS_thermal,4200.0,0.4840336134453783,4,2.0159250138234185e-08,2.481915961610106e+23
CS_thermal,4200.0,0.4840336134453783,5,2.526863369090349e-08,6.630352928330088e+23
CS_thermal,4200.0,0.4840336134453783,6,3.167299598084116e-08,1.853742052805685e+24
CS_thermal,4200.0,0.4840336134453783,7,3.970055075686648e-08,5.641166980710498e+24
CS_thermal,4200.0,0.4840336134453783,8,4.976269789419122e-08,2.082956983933832e+25
CS_thermal,4200.0,0.4840336134453783,9,6.237510700730634e-08,1.7489559432730436e+26
CS_thermal,4200.0,0.4840336134453783,10,7.818414472715056e-08,inf
CS_thermal,4200.0,0.4840336134453783,11,9.8e-08,inf
CS_thermal,4320.0,0.4840336134453783,0,8.166666666666667e-09,1.5998588321980607e+21
CS_thermal,4320.0,0.4840336134453783,1,1.0236517085738568e-08,4.1344619284468266e+21
CS_thermal,4320.0,0.4840336134453783,2,1.2830973311830731e-08,1.0412880933976552e+22
CS_thermal,4320.0,0.4840336134453783,3,1.6082997248964597e-08,2.6468574635923492e+22
CS_thermal,4320.0,0.4840336134453783,4,2.0159250138234185e-08,6.822691247158116e+22
CS_thermal,4320.0,0.4840336134453783,5,2.526863369090349e-08,1.7973603315966945e+23
CS_thermal,4320.0,0.4840336134453783,6,3.167299598084116e-08,4.9062806046931144e+23
CS_thermal,4320.0,0.4840336134453783,7,3.970055075686648e-08,1.4259858197855122e+24
CS_thermal,4320.0,0.4840336134453783,8,4.976269789419122e-08,4.709908870306565e+24
CS_thermal,4320.0,0.4840336134453783,9,6.237510700730634e-08,2.241562246863414e+25
CS_thermal,4320.0,0.4840336134453783,10,7.818414472715056e-08,inf
CS_thermal,4320.0,0.4840336134453783,11,9.8e-08,inf
CS_thermal,4440.0,0.4840336134453783,0,8.166666666666667e-09,4.6814637434004655e+20
CS_thermal,4440.0,0.4840336134453783,1,1.0236517085738568e-08,1.2015277154714489e+21
CS_thermal,4440.0,0.4840336134453783,2,1.2830973311830731e-08,3.016759933455703e+21
CS_thermal,4440.0,0.4840336134453783,3,1.6082997248964597e-08,7.633014776972091e+21
CS_thermal,4440.0,0.4840336134453783,4,2.0159250138234185e-08,1.9537557949170324e+22
CS_thermal,4440.0,0.4840336134453783,5,2.526863369090349e-08,5.090400277198263e+22
CS_thermal,4440.0,0.4840336134453783,6,3.167299598084116e-08,1.3643455179611133e+23
CS_thermal,4440.0,0.4840336134453783,7,3.970055075686648e-08,3.836468540198752e+23
CS_thermal,4440.0,0.4840336134453783,8,4.976269789419122e-08,1.181011123238154e+24
CS_thermal,4440.0,0.4840336134453783,9,6.237510700730634e-08,4.497614098151922e+24
CS_thermal,4440.0,0.4840336134453783,10,7.818414472715056e-08,4.887387463315926e+25
CS_thermal,4440.0,0.4840336134453783,11,9.8e-08,inf
CS_thermal,4560.0,0.4840336134453783,0,8.166666666666667e-09,1.4185103040238017e+20
CS_thermal,4560.0,0.4840336134453783,1,1.0236517085738568e-08,3.61986472959248e+20
CS_thermal,4560.0,0.4840336134453783,2,1.2830973311830731e-08,9.065393191317976e+20
CS_thermal,4560.0,0.4840336134453783,3,1.6082997248964597e-08,2.2850488492975053e+21
CS_thermal,4560.0,0.4840336134453783,4,2.0159250138234185e-08,5.815534944147573e+21
CS_thermal,4560.0,0.4840336134453783,5,2.526863369090349e-08,1.501877569546126e+22
CS_thermal,4560.0,0.4840336134453783,6,3.167299598084116e-08,3.9684220650682166e+22
CS_thermal,4560.0,0.4840336134453783,7,3.970055075686648e-08,1.0887671867423191e+23
CS_thermal,4560.0,0.4840336134453783,8,4.976269789419122e-08,3.1945240862749086e+23
CS_thermal,4560.0,0.4840336134453783,9,6.237510700730634e-08,1.0781107954227757e+24
CS_thermal,4560.0,0.4840336134453783,10,7.818414472715056e-08,5.577329751570306e+24
CS_thermal,4560.0,0.4840336134453783,11,9.8e-08,inf
CS_thermal,4680.0,0.4840336134453783,0,8.166666666666667e-09,4.445326014485256e+19
CS_thermal,4680.0,0.4840336134453783,1,1.0236517085738568e-08,1.1289582580310273e+20
CS_thermal,4680.0,0.4840336134453783,2,1.2830973311830731e-08,2.8212928347828073e+20
CS_thermal,4680.0,0.4840336134453783,3,1.6082997248964597e-08,7.089205314978584e+20
CS_thermal,4680.0,0.4840336134453783,4,2.0159250138234185e-08,1.7958156239298038e+21
CS_thermal,4680.0,0.4840336134453783,5,2.526863369090349e-08,4.604761374420949e+21
CS_thermal,4680.0,0.4840336134453783,6,3.167299598084116e-08,1.2030768352528314e+22
CS_thermal,4680.0,0.4840336134453783,7,3.970055075686648e-08,3.2392067859659908e+22
CS_thermal,4680.0,0.4840336134453783,8,4.976269789419122e-08,9.18210911706497e+22
CS_thermal,4680.0,0.4840336134453783,9,6.237510700730634e-08,2.873589505693686e+23
CS_thermal,4680.0,0.4840336134453783,10,7.818414472715056e-08,1.1465542907022241e+24
CS_thermal,4680.0,0.4840336134453783,11,9.8e-08,inf
CS_thermal,4800.0,0.4840336134453783,0,8.166666666666667e-09,1.4390327646106962e+19
CS_thermal,4800.0,0.4840336134453783,1,1.0236517085738568e-08,3.639946846358396e+19
CS_thermal,4800.0,0.4840336134453783,2,1.2830973311830731e-08,9.080190105959329e+19
CS_thermal,4800.0,0.4840336134453783,3,1.6082997248964597e-08,2.275707076893584e+20
CS_thermal,4800.0,0.4840336134453783,4,2.0159250138234185e-08,5.742594944023456e+20
CS_thermal,4800.0,0.4840336134453783,5,2.526863369090349e-08,1.4639538906529687e+21
CS_thermal,4800.0,0.4840336134453783,6,3.167299598084116e-08,3.790427488828108e+21
CS_thermal,4800.0,0.4840336134453783,7,3.970055075686648e-08,1.005673315840485e+22
CS_thermal,4800.0,0.4840336134453783,8,4.976269789419122e-08,2.778532521175922e+22
CS_thermal,4800.0,0.4840336134453783,9,6.237510700730634e-08,8.261637137759308e+22
CS_thermal,4800.0,0.4840336134453783,10,7.818414472715056e-08,2.8773925044525025e+23
CS_thermal,4800.0,0.4840336134453783,11,9.8e-08,2.3191386480418145e+24
CS_thermal,4920.0,0.4840336134453783,0,8.166666666666667e-09,4.806394185163124e+18
CS_thermal,4920.0,0.4840336134453783,1,1.0236517085738568e-08,1.2116332735927255e+19
CS_thermal,4920.0,0.4840336134453783,2,1.2830973311830731e-08,3.01804884330621e+19
CS_thermal,4920.0,0.4840336134453783,3,1.6082997248964597e-08,7.547573068611574e+19
CS_thermal,4920.0,0.4840336134453783,4,2.0159250138234185e-08,1.8985111376444264e+20
CS_thermal,4920.0,0.4840336134453783,5,2.526863369090349e-08,4.816783655772619e+20
CS_thermal,4920.0,0.4840336134453783,6,3.167299598084116e-08,1.2380449135241997e+21
CS_thermal,4920.0,0.4840336134453783,7,3.970055075686648e-08,3.2467296363116495e+21
CS_thermal,4920.0,0.4840336134453783,8,4.976269789419122e-08,8.795760725419091e+21
CS_thermal,4920.0,0.4840336134453783,9,6.237510700730634e-08,2.521168934672052e+22
CS_thermal,4920.0,0.4840336134453783,10,7.818414472715056e-08,8.07718808695645e+22
CS_thermal,4920.0,0.4840336134453783,11,9.8e-08,4.0106109169620175e+23
CS_thermal,5040.0,0.4840336134453783,0,8.166666666666667e-09,1.654429727038636e+18
CS_thermal,5040.0,0.4840336134453783,1,1.0236517085738568e-08,4.1586956565132196e+18
CS_thermal,5040.0,0.4840336134453783,2,1.2830973311830731e-08,1.0345949377756006e+19
CS_thermal,5040.0,0.4840336134453783,3,1.6082997248964597e-08,2.582639894822972e+19
CS_thermal,5040.0,0.4840336134453783,4,2.0159250138234185e-08,6.479098513043328e+19
CS_thermal,5040.0,0.4840336134453783,5,2.526863369090349e-08,1.6373504573624477e+20
CS_thermal,5040.0,0.4840336134453783,6,3.167299598084116e-08,4.183285778523844e+20
CS_thermal,5040.0,0.4840336134453783,7,3.970055075686648e-08,1.0868211009951055e+21
CS_thermal,5040.0,0.4840336134453783,8,4.976269789419122e-08,2.899430966782555e+21
CS_thermal,5040.0,0.4840336134453783,9,6.237510700730634e-08,8.087031434703789e+21
CS_thermal,5040.0,0.4840336134453783,10,7.818414472715056e-08,2.4493777313964906e+22
CS_thermal,5040.0,0.4840336134453783,11,9.8e-08,9.802461115747408e+22
CS_thermal,5160.0,0.4840336134453783,0,8.166666666666667e-09,5.862340285650614e+17
CS_thermal,5160.0,0.4840336134453783,1,1.0236517085738568e-08,1.470033598382361e+18
CS_thermal,5160.0,0.4840336134453783,2,1.2830973311830731e-08,3.653283322955419e+18
CS_thermal,5160.0,0.4840336134453783,3,1.6082997248964597e-08,9.105721153617211e+18
CS_thermal,5160.0,0.4840336134453783,4,2.0159250138234185e-08,2.279278348060733e+19
CS_thermal,5160.0,0.4840336134453783,5,2.526863369090349e-08,5.741094913654935e+19
CS_thermal,5160.0,0.4840336134453783,6,3.167299598084116e-08,1.4595614725514204e+20
CS_thermal,5160.0,0.4840336134453783,7,3.970055075686648e-08,3.7631515506229346e+20
CS_thermal,5160.0,0.4840336134453783,8,4.976269789419122e-08,9.917368875827893e+20
CS_thermal,5160.0,0.4840336134453783,9,6.237510700730634e-08,2.7088917672734847e+21
CS_thermal,5160.0,0.4840336134453783,10,7.818414472715056e-08,7.882614114902994e+21
CS_thermal,5160.0,0.4840336134453783,11,9.8e-08,2.787273528893457e+22
CS_thermal,5280.0,0.4840336134453783,0,8.166666666666667e-09,2.136078823795854e+17
CS_thermal,5280.0,0.4840336134453783,1,1.0236517085738568e-08,5.3453884565347616e+17
CS_thermal,5280.0,0.4840336134453783,2,1.2830973311830731e-08,1.3272363179060654e+18
CS_thermal,5280.0,0.4840336134453783,3,1.6082997248964597e-08,3.3038440155284547e+18
CS_thermal,5280.0,0.4840336134453783,4,2.0159250138234185e-08,8.254443930812317e+18
CS_thermal,5280.0,0.4840336134453783,5,2.526863369090349e-08,2.0734214652910096e+19
CS_thermal,5280.0,0.4840336134453783,6,3.167299598084116e-08,5.249637657867054e+19
CS_thermal,5280.0,0.4840336134453783,7,3.970055075686648e-08,1.3450464352390069e+20
CS_thermal,5280.0,0.4840336134453783,8,4.976269789419122e-08,3.509908429862805e+20
CS_thermal,5280.0,0.4840336134453783,9,6.237510700730634e-08,9.431374747306552e+20
CS_thermal,5280.0,0.4840336134453783,10,7.818414472715056e-08,2.6640255409005506e+21
CS_thermal,5280.0,0.4840336134453783,11,9.8e-08,8.693752760785048e+21
CS_thermal,5400.0,0.4840336134453783,0,8.166666666666667e-09,7.995284897024131e+16
CS_thermal,5400.0,0.4840336134453783,1,1.0236517085738568e-08,1.9972559391741702e+17
CS_thermal,5400.0,0.4840336134453783,2,1.2830973311830731e-08,4.955342186414009e+17
CS_thermal,5400.0,0.4840336134453783,3,1.6082997248964597e-08,1.232168510203327e+18
CS_thermal,5400.0,0.4840336134453783,4,2.0159250138234185e-08,3.0736134643244764e+18
CS_thermal,5400.0,0.4840336134453783,5,2.526863369090349e-08,7.702653258731788e+18
CS_thermal,5400.0,0.4840336134453783,6,3.167299598084116e-08,1.9435126257912218e+19
CS_thermal,5400.0,0.4840336134453783,7,3.970055075686648e-08,4.953808729440208e+19
CS_thermal,5400.0,0.4840336134453783,8,4.976269789419122e-08,1.2823192845752104e+20
CS_thermal,5400.0,0.4840336134453783,9,6.237510700730634e-08,3.400934302887142e+20
CS_thermal,5400.0,0.4840336134453783,10,7.818414472715056e-08,9.390126810504431e+20
CS_thermal,5400.0,0.4840336134453783,11,9.8e-08,2.897736637634054e+21
CS_thermal,5520.0,0.48403361344537843,0,8.166666666666667e-09,3.0710392095251452e+16
CS_thermal,5520.0,0.48403361344537843,1,1.0236517085738568e-08,7.660080196982427e+16
CS_thermal,5520.0,0.48403361344537843,2,1.2830973311830731e-08,1.8992953363765974e+17
CS_thermal,5520.0,0.48403361344537843,3,1.6082997248964597e-08,4.718289084555675e+17
CS_thermal,5520.0,0.48403361344537843,4,2.0159250138234185e-08,1.175379718959956e+18
CS_thermal,5520.0,0.48403361344537843,5,2.526863369090349e-08,2.939783927337962e+18
CS_thermal,5520.0,0.48403361344537843,6,3.167299598084116e-08,7.396117385659857e+18
CS_thermal,5520.0,0.48403361344537843,7,3.970055075686648e-08,1.8770288192210813e+19
CS_thermal,5520.0,0.48403361344537843,8,4.976269789419122e-08,4.8265625251577094e+19
CS_thermal,5520.0,0.48403361344537843,9,6.237510700730634e-08,1.266611803320787e+20
CS_thermal,5520.0,0.48403361344537843,10,7.818414472715056e-08,3.435282496710292e+20
CS_thermal,5520.0,0.48403361344537843,11,9.8e-08,1.0175971829036754e+21
CS_thermal,5640.0,0.48403361344537865,0,8.166666666666667e-09,1.2093538614431592e+16
CS_thermal,5640.0,0.48403361344537865,1,1.0236517085738568e-08,3.0126044903374116e+16
CS_thermal,5640.0,0.48403361344537865,2,1.2830973311830731e-08,7.465534737514885e+16
CS_thermal,5640.0,0.48403361344537865,3,1.6082997248964597e-08,1.8531355913581066e+17
CS_thermal,5640.0,0.48403361344537865,4,2.0159250138234185e-08,4.6110656553640365e+17
CS_thermal,5640.0,0.48403361344537865,5,2.526863369090349e-08,1.1513629211817957e+18
CS_thermal,5640.0,0.48403361344537865,6,3.167299598084116e-08,2.8895809641985326e+18
CS_thermal,5640.0,0.48403361344537865,7,3.970055075686648e-08,7.306623405671866e+18
CS_thermal,5640.0,0.48403361344537865,8,4.976269789419122e-08,1.8684321079080186e+19
CS_thermal,5640.0,0.48403361344537865,9,6.237510700730634e-08,4.860883848760111e+19
CS_thermal,5640.0,0.48403361344537865,10,7.818414472715056e-08,1.2996884510896285e+20
CS_thermal,5640.0,0.48403361344537865,11,9.8e-08,3.732267521981798e+20
CS_thermal,5760.0,0.4840336134453791,0,8.166666666666667e-09,4877949393495902.0
CS_thermal,5760.0,0.4840336134453791,1,1.0236517085738568e-08,1.2137931341490824e+16
CS_thermal,5760.0,0.4840336134453791,2,1.2830973311830731e-08,3.00647038985068e+16
CS_thermal,5760.0,0.4840336134453791,3,1.6082997248964597e-08,7.457727025654539e+16
CS_thermal,5760.0,0.4840336134453791,4,2.0159250138234185e-08,1.8538418479070835e+17
CS_thermal,5760.0,0.4840336134453791,5,2.526863369090349e-08,4.622352873219985e+17
CS_thermal,5760.0,0.4840336134453791,6,3.167299598084116e-08,1.1576536523452283e+18
CS_thermal,5760.0,0.4840336134453791,7,3.970055075686648e-08,2.918225388543534e+18
CS_thermal,5760.0,0.4840336134453791,8,4.976269789419122e-08,7.427796560400835e+18
CS_thermal,5760.0,0.4840336134453791,9,6.237510700730634e-08,1.918567308281122e+19
CS_thermal,5760.0,0.4840336134453791,10,7.818414472715056e-08,5.070788345587775e+19
CS_thermal,5760.0,0.4840336134453791,11,9.8e-08,1.4213717814663483e+20
CS_thermal,5880.0,0.4840336134453802,0,8.166666666666667e-09,2013507876477698.8
CS_thermal,5880.0,0.4840336134453802,1,1.0236517085738568e-08,5005472907495856.0
CS_thermal,5880.0,0.4840336134453802,2,1.2830973311830731e-08,1.2393081111068202e+16
CS_thermal,5880.0,0.4840336134453802,3,1.6082997248964597e-08,3.0723684369140464e+16
CS_thermal,5880.0,0.4840336134453802,4,2.0159250138234185e-08,7.630825713533792e+16
CS_thermal,5880.0,0.4840336134453802,5,2.526863369090349e-08,1.900332358016962e+17
CS_thermal,5880.0,0.4840336134453802,6,3.167299598084116e-08,4.750829039701264e+17
CS_thermal,5880.0,0.4840336134453802,7,3.970055075686648e-08,1.194449286839526e+18
CS_thermal,5880.0,0.4840336134453802,8,4.976269789419122e-08,3.0283246166263875e+18
CS_thermal,5880.0,0.4840336134453802,9,6.237510700730634e-08,7.775186430784804e+18
CS_thermal,5880.0,0.4840336134453802,10,7.818414472715056e-08,2.0355411721705476e+19
CS_thermal,5880.0,0.4840336134453802,11,9.8e-08,5.597025113728127e+19
CS_thermal,6000.0,0.48403361344538287,0,8.166666666666667e-09,849834582215807.8
CS_thermal,6000.0,0.48403361344538287,1,1.0236517085738568e-08,2110893005278150.2
CS_thermal,6000.0,0.48403361344538287,2,1.2830973311830731e-08,5224519551876499.0
CS_thermal,6000.0,0.48403361344538287,3,1.6082997248964597e-08,1.2945520417960512e+16
CS_thermal,6000.0,0.48403361344538287,4,2.0159250138234185e-08,3.2129220257666776e+16
CS_thermal,6000.0,0.48403361344538287,5,2.526863369090349e-08,7.992812471763205e+16
CS_thermal,6000.0,0.48403361344538287,6,3.167299598084116e-08,1.9951389355668272e+17
CS_thermal,6000.0,0.48403361344538287,7,3.970055075686648e-08,5.004891029229051e+17
CS_thermal,6000.0,0.48403361344538287,8,4.976269789419122e-08,1.2646733422905083e+18
CS_thermal,6000.0,0.48403361344538287,9,6.237510700730634e-08,3.230642448157288e+18
CS_thermal,6000.0,0.48403361344538287,10,7.818414472715056e-08,8.391277161030606e+18
CS_thermal,6000.0,0.48403361344538287,11,9.8e-08,2.2716664787079397e+19
CS_thermal,6120.0,0.4840336134453891,0,8.166666666666667e-09,366462400063133.1
CS_thermal,6120.0,0.4840336134453891,1,1.0236517085738568e-08,909595970269469.9
CS_thermal,6120.0,0.4840336134453891,2,1.2830973311830731e-08,2250582785615692.2
CS_thermal,6120.0,0.4840336134453891,3,1.6082997248964597e-08,5574124362939117.0
CS_thermal,6120.0,0.4840336134453891,4,2.0159250138234185e-08,1.3825545798142792e+16
CS_thermal,6120.0,0.4840336134453891,5,2.526863369090349e-08,3.4362535843611896e+16
CS_thermal,6120.0,0.4840336134453891,6,3.167299598084116e-08,8.5661167239088e+16
CS_thermal,6120.0,0.4840336134453891,7,3.970055075686648e-08,2.1446965705195366e+17
CS_thermal,6120.0,0.4840336134453891,8,4.976269789419122e-08,5.403919874153751e+17
CS_thermal,6120.0,0.4840336134453891,9,6.237510700730634e-08,1.374531362787735e+18
CS_thermal,6120.0,0.4840336134453891,10,7.818414472715056e-08,3.546649189720837e+18
CS_thermal,6120.0,0.4840336134453891,11,9.8e-08,9.479527389436066e+18
CS_thermal,6240.0,0.4840336134454034,0,8.166666666666667e-09,161325415594011.6
CS_thermal,6240.0,0.4840336134454034,1,1.0236517085738568e-08,400174511241975.25
CS_thermal,6240.0,0.4840336134454034,2,1.2830973311830731e-08,989873112727354.9
CS_thermal,6240.0,0.4840336134454034,3,1.6082997248964597e-08,2450725181565900.5
CS_thermal,6240.0,0.4840336134454034,4,2.0159250138234185e-08,6075209145622462.0
CS_thermal,6240.0,0.4840336134454034,5,2.526863369090349e-08,1.50875970691224e+16
CS_thermal,6240.0,0.4840336134454034,6,3.167299598084116e-08,3.756826779286169e+16
CS_thermal,6240.0,0.4840336134454034,7,3.970055075686648e-08,9.39027240626215e+16
CS_thermal,6240.0,0.4840336134454034,8,4.976269789419122e-08,2.3602330597200096e+17
CS_thermal,6240.0,0.4840336134454034,9,6.237510700730634e-08,5.981478041008201e+17
CS_thermal,6240.0,0.4840336134454034,10,7.818414472715056e-08,1.534763933746183e+18
CS_thermal,6240.0,0.4840336134454034,11,9.8e-08,4.058854070145211e+18
CS_thermal,6360.0,0.48403361344543516,0,8.166666666666667e-09,72449226205067.6
CS_thermal,6360.0,0.48403361344543516,1,1.0236517085738568e-08,179614867227787.88
CS_thermal,6360.0,0.48403361344543516,2,1.2830973311830731e-08,444192059995030.4
CS_thermal,6360.0,0.48403361344543516,3,1.6082997248964597e-08,1099361506299859.4
CS_thermal,6360.0,0.48403361344543516,4,2.0159250138234185e-08,2723947754686166.5
CS_thermal,6360.0,0.48403361344543516,5,2.526863369090349e-08,6760176307622944.0
CS_thermal,6360.0,0.48403361344543516,6,3.167299598084116e-08,1.6816149279180656e+16
CS_thermal,6360.0,0.48403361344543516,7,3.970055075686648e-08,4.1971571494589384e+16
CS_thermal,6360.0,0.48403361344543516,8,4.976269789419122e-08,1.05271570717272e+17
CS_thermal,6360.0,0.48403361344543516,9,6.237510700730634e-08,2.6594858002171178e+17
CS_thermal,6360.0,0.48403361344543516,10,7.818414472715056e-08,6.791437119787283e+17
CS_thermal,6360.0,0.48403361344543516,11,9.8e-08,1.7801643732880364e+18
CS_thermal,6480.0,0.48403361344550455,0,8.166666666666667e-09,33167729792018.133
CS_thermal,6480.0,0.48403361344550455,1,1.0236517085738568e-08,82189365756997.22
CS_thermal,6480.0,0.48403361344550455,2,1.2830973311830731e-08,203214725955141.28
CS_thermal,6480.0,0.48403361344550455,3,1.6082997248964597e-08,502802816179683.6
CS_thermal,6480.0,0.48403361344550455,4,2.0159250138234185e-08,1245299235291383.0
CS_thermal,6480.0,0.48403361344550455,5,2.526863369090349e-08,3088668184650108.5
CS_thermal,6480.0,0.48403361344550455,6,3.167299598084116e-08,7676486841502181.0
CS_thermal,6480.0,0.48403361344550455,7,3.970055075686648e-08,1.913570215450027e+16
CS_thermal,6480.0,0.48403361344550455,8,4.976269789419122e-08,4.790729396462915e+16
CS_thermal,6480.0,0.48403361344550455,9,6.237510700730634e-08,1.207003072795018e+17
CS_thermal,6480.0,0.48403361344550455,10,7.818414472715056e-08,3.069727019288453e+17
CS_thermal,6480.0,0.48403361344550455,11,9.8e-08,7.986009375970181e+17
CS_thermal,6600.0,0.48403361344565343,0,8.166666666666667e-09,15468770709974.943
CS_thermal,6600.0,0.48403361344565343,1,1.0236517085738568e-08,38315310101952.61
CS_thermal,6600.0,0.48403361344565343,2,1.2830973311830731e-08,94718272805797.69
CS_thermal,6600.0,0.48403361344565343,3,1.6082997248964597e-08,234295873849670.06
CS_thermal,6600.0,0.48403361344565343,4,2.0159250138234185e-08,580070555560213.6
CS_thermal,6600.0,0.48403361344565343,5,2.526863369090349e-08,1437967308686797.2
CS_thermal,6600.0,0.48403361344565343,6,3.167299598084116e-08,3571166646359461.0
CS_thermal,6600.0,0.48403361344565343,7,3.970055075686648e-08,8892307590961244.0
CS_thermal,6600.0,0.48403361344565343,8,4.976269789419122e-08,2.222676447168373e+16
CS_thermal,6600.0,0.48403361344565343,9,6.237510700730634e-08,5.5867587768228024e+16
CS_thermal,6600.0,0.48403361344565343,10,7.818414472715056e-08,1.4158717770426547e+17
CS_thermal,6600.0,0.48403361344565343,11,9.8e-08,3.65988955135545e+17
CS_thermal,6720.0,0.4840336134459673,0,8.166666666666667e-09,7344697055936.208
CS_thermal,6720.0,0.4840336134459673,1,1.0236517085738568e-08,18185652982792.883
CS_thermal,6720.0,0.4840336134459673,2,1.2830973311830731e-08,44949155348476.08
CS_thermal,6720.0,0.4840336134459673,3,1.6082997248964597e-08,111161430838859.28
CS_thermal,6720.0,0.4840336134459673,4,2.0159250138234185e-08,275124777179073.8
CS_thermal,6720.0,0.4840336134459673,5,2.526863369090349e-08,681704751080156.0
CS_thermal,6720.0,0.4840336134459673,6,3.167299598084116e-08,1691872365381754.5
CS_thermal,6720.0,0.4840336134459673,7,3.970055075686648e-08,4208753387631668.5
CS_thermal,6720.0,0.4840336134459673,8,4.976269789419122e-08,1.0505272679578486e+16
CS_thermal,6720.0,0.4840336134459673,9,6.237510700730634e-08,2.6351177816969e+16
CS_thermal,6720.0,0.4840336134459673,10,7.818414472715056e-08,6.6579594076935464e+16
CS_thermal,6720.0,0.4840336134459673,11,9.8e-08,1.7115688547119933e+17
CS_thermal,6840.0,0.48403361344661733,0,8.166666666666667e-09,3548152718427.0254
CS_thermal,6840.0,0.48403361344661733,1,1.0236517085738568e-08,8782428697382.054
CS_thermal,6840.0,0.48403361344661733,2,1.2830973311830731e-08,21704337531099.645
CS_thermal,6840.0,0.48403361344661733,3,1.6082997248964597e-08,53665155431126.484
CS_thermal,6840.0,0.48403361344661733,4,2.0159250138234185e-08,132783446808606.38
CS_thermal,6840.0,0.48403361344661733,5,2.526863369090349e-08,328876525689928.1
CS_thermal,6840.0,0.48403361344661733,6,3.167299598084116e-08,815734730450602.0
CS_thermal,6840.0,0.48403361344661733,7,3.970055075686648e-08,2027528288062863.0
CS_thermal,6840.0,0.48403361344661733,8,4.976269789419122e-08,5054608146320921.0
CS_thermal,6840.0,0.48403361344661733,9,6.237510700730634e-08,1.2656136286114526e+16
CS_thermal,6840.0,0.48403361344661733,10,7.818414472715056e-08,3.1892681827261396e+16
CS_thermal,6840.0,0.48403361344661733,11,9.8e-08,8.159813850229845e+16
CS_thermal,6960.0,0.4840336134479415,0,8.166666666666667e-09,1742950650904.5002
CS_thermal,6960.0,0.4840336134479415,1,1.0236517085738568e-08,4312916650608.1445
CS_thermal,6960.0,0.4840336134479415,2,1.2830973311830731e-08,10657349507415.943
CS_thermal,6960.0,0.4840336134479415,3,1.6082997248964597e-08,26346220054383.85
CS_thermal,6960.0,0.4840336134479415,4,2.0159250138234185e-08,65171866784347.84
CS_thermal,6960.0,0.4840336134479415,5,2.526863369090349e-08,161358575039708.16
CS_thermal,6960.0,0.4840336134479415,6,3.167299598084116e-08,400020981127130.4
CS_thermal,6960.0,0.4840336134479415,7,3.970055075686648e-08,993519254110489.1
CS_thermal,6960.0,0.4840336134479415,8,4.976269789419122e-08,2474158349310031.0
CS_thermal,6960.0,0.4840336134479415,9,6.237510700730634e-08,6185252036012087.0
CS_thermal,6960.0,0.4840336134479415,10,7.818414472715056e-08,1.5550384417333e+16
CS_thermal,6960.0,0.4840336134479415,11,9.8e-08,3.9622221130004216e+16
CS_thermal,7080.0,0.48403361345059515,0,8.166666666666667e-09,870116583147.6752
CS_thermal,7080.0,0.48403361345059515,1,1.0236517085738568e-08,2152540116878.1475
CS_thermal,7080.0,0.48403361345059515,2,1.2830973311830731e-08,5318408525276.367
CS_thermal,7080.0,0.48403361345059515,3,1.6082997248964597e-08,13145669627145.719
CS_thermal,7080.0,0.48403361345059515,4,2.0159250138234185e-08,32510772013120.734
CS_thermal,7080.0,0.48403361345059515,5,2.526863369090349e-08,80467403520849.02
CS_thermal,7080.0,0.48403361345059515,6,3.167299598084116e-08,199393572284612.8
CS_thermal,7080.0,0.48403361345059515,7,3.970055075686648e-08,494900291939953.94
CS_thermal,7080.0,0.48403361345059515,8,4.976269789419122e-08,1231273395423302.8
CS_thermal,7080.0,0.48403361345059515,9,6.237510700730634e-08,3073846786774654.5
CS_thermal,7080.0,0.48403361345059515,10,7.818414472715056e-08,7712284099549220.0
CS_thermal,7080.0,0.48403361345059515,11,9.8e-08,1.9580243292833544e+16
CS_thermal,7200.0,0.4840336134558306,0,8.166666666666667e-09,441209827213.10504
CS_thermal,7200.0,0.4840336134558306,1,1.0236517085738568e-08,1091237238520.8086
CS_thermal,7200.0,0.4840336134558306,2,1.2830973311830731e-08,2695921143266.1973
CS_thermal,7200.0,0.4840336134558306,3,1.6082997248964597e-08,6662660066440.861
CS_thermal,7200.0,0.4840336134558306,4,2.0159250138234185e-08,16474253657459.51
CS_thermal,7200.0,0.4840336134558306,5,2.526863369090349e-08,40763811831334.73
CS_thermal,7200.0,0.4840336134558306,6,3.167299598084116e-08,100969168233791.27
CS_thermal,7200.0,0.4840336134558306,7,3.970055075686648e-08,250461411177073.9
CS_thermal,7200.0,0.4840336134558306,8,4.976269789419122e-08,622602146245330.5
CS_thermal,7200.0,0.4840336134558306,9,6.237510700730634e-08,1552409281415096.2
CS_thermal,7200.0,0.4840336134558306,10,7.818414472715056e-08,3888027885725242.5
CS_thermal,7200.0,0.4840336134558306,11,9.8e-08,9840006099423440.0
CS_thermal,7320.0,0.48403361346600526,0,8.166666666666667e-09,227124599577.20215
CS_thermal,7320.0,0.48403361346600526,1,1.0236517085738568e-08,561628528366.3417
CS_thermal,7320.0,0.48403361346600526,2,1.2830973311830731e-08,1387392472851.6003
CS_thermal,7320.0,0.48403361346600526,3,1.6082997248964597e-08,3428355366086.7603
CS_thermal,7320.0,0.48403361346600526,4,2.0159250138234185e-08,8475529999073.129
CS_thermal,7320.0,0.48403361346600526,5,2.526863369090349e-08,20966491170649.266
CS_thermal,7320.0,0.48403361346600526,6,3.167299598084116e-08,51913706632733.38
CS_thermal,7320.0,0.48403361346600526,7,3.970055075686648e-08,128708654566799.42
CS_thermal,7320.0,0.48403361346600526,8,4.976269789419122e-08,319706612344470.8
CS_thermal,7320.0,0.48403361346600526,9,6.237510700730634e-08,796297965063658.1
CS_thermal,7320.0,0.48403361346600526,10,7.818414472715056e-08,1991184130460321.2
CS_thermal,7320.0,0.48403361346600526,11,9.8e-08,5025427400955697.0
CS_thermal,7440.0,0.4840336134854908,0,8.166666666666667e-09,118636932010.64851
CS_thermal,7440.0,0.4840336134854908,1,1.0236517085738568e-08,293308956347.26953
CS_thermal,7440.0,0.4840336134854908,2,1.2830973311830731e-08,724505505957.215
CS_thermal,7440.0,0.4840336134854908,3,1.6082997248964597e-08,1790111025167.4873
CS_thermal,7440.0,0.4840336134854908,4,2.0159250138234185e-08,4424784985069.339
CS_thermal,7440.0,0.4840336134854908,5,2.526863369090349e-08,10943411200351.252
CS_thermal,7440.0,0.4840336134854908,6,3.167299598084116e-08,27087459740828.246
CS_thermal,7440.0,0.4840336134854908,7,3.970055075686648e-08,67126221714897.46
CS_thermal,7440.0,0.4840336134854908,8,4.976269789419122e-08,166627179557441.06
CS_thermal,7440.0,0.4840336134854908,9,6.237510700730634e-08,414620317786251.5
CS_thermal,7440.0,0.4840336134854908,10,7.818414472715056e-08,1035325579885815.2
CS_thermal,7440.0,0.4840336134854908,11,9.8e-08,2606603298967785.5
CS_thermal,7560.0,0.48403361352228325,0,8.166666666666667e-09,62850240471.99703
CS_thermal,7560.0,0.48403361352228325,1,1.0236517085738568e-08,155360669284.9285
CS_thermal,7560.0,0.48403361352228325,2,1.2830973311830731e-08,383731252281.1253
CS_thermal,7560.0,0.48403361352228325,3,1.6082997248964597e-08,948030411997.1713
CS_thermal,7560.0,0.48403361352228325,4,2.0159250138234185e-08,2343003074471.303
CS_thermal,7560.0,0.48403361352228325,5,2.526863369090349e-08,5793558545403.004
CS_thermal,7560.0,0.48403361352228325,6,3.167299598084116e-08,14336234554616.258
CS_thermal,7560.0,0.48403361352228325,7,3.970055075686648e-08,35512289859822.195
CS_thermal,7560.0,0.48403361352228325,8,4.976269789419122e-08,88099452098824.95
CS_thermal,7560.0,0.48403361352228325,9,6.237510700730634e-08,219030313355950.38
CS_thermal,7560.0,0.48403361352228325,10,7.818414472715056e-08,546246336456525.25
CS_thermal,7560.0,0.48403361352228325,11,9.8e-08,1372284019944956.8
CS_thermal,7680.0,0.48403361359080976,0,8.166666666666667e-09,33754252867.8278
CS_thermal,7680.0,0.48403361359080976,1,1.0236517085738568e-08,83425468367.4518
CS_thermal,7680.0,0.48403361359080976,2,1.2830973311830731e-08,206042858488.79672
CS_thermal,7680.0,0.48403361359080976,3,1.6082997248964597e-08,508995471122.1212
CS_thermal,7680.0,0.48403361359080976,4,2.0159250138234185e-08,1257793161404.6184
CS_thermal,7680.0,0.48403361359080976,5,2.526863369090349e-08,3109587936623.0674
CS_thermal,7680.0,0.48403361359080976,6,3.167299598084116e-08,7692716232040.501
CS_thermal,7680.0,0.48403361359080976,7,3.970055075686648e-08,19048541625044.676
CS_thermal,7680.0,0.48403361359080976,8,4.976269789419122e-08,47230698015948.35
CS_thermal,7680.0,0.48403361359080976,9,6.237510700730634e-08,117333322943142.53
CS_thermal,7680.0,0.48403361359080976,10,7.818414472715056e-08,292295542659256.75
CS_thermal,7680.0,0.48403361359080976,11,9.8e-08,732891478648197.5
CS_thermal,7800.0,0.48403361371676057,0,8.166666666666667e-09,18369443773.062904
CS_thermal,7800.0,0.48403361371676057,1,1.0236517085738568e-08,45395060834.28229
CS_thermal,7800.0,0.48403361371676057,2,1.2830973311830731e-08,112109670323.0196
CS_thermal,7800.0,0.48403361371676057,3,1.6082997248964597e-08,276926543634.2567
CS_thermal,7800.0,0.48403361371676057,4,2.0159250138234185e-08,684242741056.9326
CS_thermal,7800.0,0.48403361371676057,5,2.526863369090349e-08,1691347608676.6292
CS_thermal,7800.0,0.48403361371676057,6,3.167299598084116e-08,4183197586563.1562
CS_thermal,7800.0,0.48403361371676057,7,3.970055075686648e-08,10354886376414.418
CS_thermal,7800.0,0.48403361371676057,8,4.976269789419122e-08,25662557557383.43
CS_thermal,7800.0,0.48403361371676057,9,6.237510700730634e-08,63708543148932.34
CS_thermal,7800.0,0.48403361371676057,10,7.818414472715056e-08,158549934845857.28
CS_thermal,7800.0,0.48403361371676057,11,9.8e-08,396858982211135.1
CS_thermal,7920.0,0.48403361394530264,0,8.166666666666667e-09,10125785030.650429
CS_thermal,7920.0,0.48403361394530264,1,1.0236517085738568e-08,25020121898.744247
CS_thermal,7920.0,0.48403361394530264,2,1.2830973311830731e-08,61787677347.16144
CS_thermal,7920.0,0.48403361394530264,3,1.6082997248964597e-08,152613160172.1071
CS_thermal,7920.0,0.48403361394530264,4,2.0159250138234185e-08,377044688767.67004
CS_thermal,7920.0,0.48403361394530264,5,2.526863369090349e-08,931862020782.1392
CS_thermal,7920.0,0.48403361394530264,6,3.167299598084116e-08,2304283218067.3384
CS_thermal,7920.0,0.48403361394530264,7,3.970055075686648e-08,5702197946045.551
CS_thermal,7920.0,0.48403361394530264,8,4.976269789419122e-08,14125695476937.59
CS_thermal,7920.0,0.48403361394530264,9,6.237510700730634e-08,35046027330710.35
CS_thermal,7920.0,0.48403361394530264,10,7.818414472715056e-08,87140376743930.0
CS_thermal,7920.0,0.48403361394530264,11,9.8e-08,217781594567175.88
CS_thermal,8040.0,0.4840336143548747,0,8.166666666666667e-09,5651363658.463197
CS_thermal,8040.0,0.4840336143548747,1,1.0236517085738568e-08,13962626572.063223
CS_thermal,8040.0,0.4840336143548747,2,1.2830973311830731e-08,34479398875.74295
CS_thermal,8040.0,0.4840336143548747,3,1.6082997248964597e-08,85157216549.39832
CS_thermal,8040.0,0.4840336143548747,4,2.0159250138234185e-08,210369069501.29373
CS_thermal,8040.0,0.4840336143548747,5,2.526863369090349e-08,519855941892.94586
CS_thermal,8040.0,0.4840336143548747,6,3.167299598084116e-08,1285242055460.4238
CS_thermal,8040.0,0.4840336143548747,7,3.970055075686648e-08,3179608602359.308
CS_thermal,8040.0,0.4840336143548747,8,4.976269789419122e-08,7873587671634.807
CS_thermal,8040.0,0.4840336143548747,9,6.237510700730634e-08,19523589654828.664
CS_thermal,8040.0,0.4840336143548747,10,7.818414472715056e-08,48505586359764.625
CS_thermal,8040.0,0.4840336143548747,11,9.8e-08,121058157516604.88
CS_thermal,8160.0,0.48403361508007914,0,8.166666666666667e-09,3192297700.725465
CS_thermal,8160.0,0.48403361508007914,1,1.0236517085738568e-08,7886328543.949637
CS_thermal,8160.0,0.48403361508007914,2,1.2830973311830731e-08,19473743199.46914
CS_thermal,8160.0,0.48403361508007914,3,1.6082997248964597e-08,48093410207.934525
CS_thermal,8160.0,0.48403361508007914,4,2.0159250138234185e-08,118798088108.9909
CS_thermal,8160.0,0.48403361508007914,5,2.526863369090349e-08,293534020346.0097
CS_thermal,8160.0,0.48403361508007914,6,3.167299598084116e-08,725581061983.1166
CS_thermal,8160.0,0.48403361508007914,7,3.970055075686648e-08,1794602759050.8037
CS_thermal,8160.0,0.48403361508007914,8,4.976269789419122e-08,4442374265591.246
CS_thermal,8160.0,0.48403361508007914,9,6.237510700730634e-08,11009912561258.621
CS_thermal,8160.0,0.48403361508007914,10,7.818414472715056e-08,27333919954168.75
CS_thermal,8160.0,0.48403361508007914,11,9.8e-08,68134214008912.65
CS_thermal,8280.0,0.4840336163492419,0,8.166666666666667e-09,1824397798.4494808
CS_thermal,8280.0,0.4840336163492419,1,1.0236517085738568e-08,4506637220.850745
CS_thermal,8280.0,0.4840336163492419,2,1.2830973311830731e-08,11127839887.54204
CS_thermal,8280.0,0.4840336163492419,3,1.6082997248964597e-08,27480445543.929787
CS_thermal,8280.0,0.4840336163492419,4,2.0159250138234185e-08,67875732660.397446
CS_thermal,8280.0,0.4840336163492419,5,2.526863369090349e-08,167693524563.53458
CS_thermal,8280.0,0.4840336163492419,6,3.167299598084116e-08,414454052235.44727
CS_thermal,8280.0,0.4840336163492419,7,3.970055075686648e-08,1024855203366.9899
CS_thermal,8280.0,0.4840336163492419,8,4.976269789419122e-08,2536130659222.003
CS_thermal,8280.0,0.4840336163492419,9,6.237510700730634e-08,6282652158386.904
CS_thermal,8280.0,0.4840336163492419,10,7.818414472715056e-08,15587536664335.77
CS_thermal,8280.0,0.4840336163492419,11,9.8e-08,38811018723880.5
CS_thermal,8400.0,0.48403361854535276,0,8.166666666666667e-09,1054504803.4006716
CS_thermal,8400.0,0.48403361854535276,1,1.0236517085738568e-08,2604634178.6851525
CS_thermal,8400.0,0.48403361854535276,2,1.2830973311830731e-08,6431173137.023014
CS_thermal,8400.0,0.48403361854535276,3,1.6082997248964597e-08,15881152332.340736
CS_thermal,8400.0,0.48403361854535276,4,2.0159250138234185e-08,39223171867.29427
CS_thermal,8400.0,0.48403361854535276,5,2.526863369090349e-08,96895054190.72684
CS_thermal,8400.0,0.48403361854535276,6,3.167299598084116e-08,239442123049.7841
CS_thermal,8400.0,0.48403361854535276,7,3.970055075686648e-08,591969533448.6542
CS_thermal,8400.0,0.48403361854535276,8,4.976269789419122e-08,1464480655531.3333
CS_thermal,8400.0,0.48403361854535276,9,6.237510700730634e-08,3626404719064.7676
CS_thermal,8400.0,0.48403361854535276,10,7.818414472715056e-08,8991955128924.072
CS_thermal,8400.0,0.48403361854535276,11,9.8e-08,22366232623955.258
CS_thermal,8520.0,0.4840336223038958,0,8.166666666666667e-09,616230799.129934
CS_thermal,8520.0,0.4840336223038958,1,1.0236517085738568e-08,1521983137.5816789
CS_thermal,8520.0,0.4840336223038958,2,1.2830973311830731e-08,3757853495.6900277
CS_thermal,8520.0,0.4840336223038958,3,1.6082997248964597e-08,9279241411.61534
CS_thermal,8520.0,0.4840336223038958,4,2.0159250138234185e-08,22916370651.582943
CS_thermal,8520.0,0.4840336223038958,5,2.526863369090349e-08,56606430154.43298
CS_thermal,8520.0,0.4840336223038958,6,3.167299598084116e-08,139865024828.11612
CS_thermal,8520.0,0.4840336223038958,7,3.970055075686648e-08,345723248153.5651
CS_thermal,8520.0,0.4840336223038958,8,4.976269789419122e-08,855065715191.4874
CS_thermal,8520.0,0.4840336223038958,9,6.237510700730634e-08,2116556556159.3599
CS_thermal,8520.0,0.4840336223038958,10,7.818414472715056e-08,5245356988848.95
CS_thermal,8520.0,0.4840336223038958,11,9.8e-08,13035162011555.918
CS_thermal,8640.0,0.4840336286682576,0,8.166666666666667e-09,363967686.4383097
CS_thermal,8640.0,0.4840336286682576,1,1.0236517085738568e-08,898877183.651867
CS_thermal,8640.0,0.4840336286682576,2,1.2830973311830731e-08,2219310643.6571827
CS_thermal,8640.0,0.4840336286682576,3,1.6082997248964597e-08,5479907808.927656
CS_thermal,8640.0,0.4840336286682576,4,2.0159250138234185e-08,13532614748.547363
CS_thermal,8640.0,0.4840336286682576,5,2.526863369090349e-08,33424595265.025345
CS_thermal,8640.0,0.4840336286682576,6,3.167299598084116e-08,82576962660.2102
CS_thermal,8640.0,0.4840336286682576,7,3.970055075686648e-08,204082675640.1388
CS_thermal,8640.0,0.4840336286682576,8,4.976269789419122e-08,504630959075.73615
CS_thermal,8640.0,0.4840336286682576,9,6.237510700730634e-08,1248696055793.5083
CS_thermal,8640.0,0.4840336286682576,10,7.818414472715056e-08,3093075414473.483
CS_thermal,8640.0,0.4840336286682576,11,9.8e-08,7680180162903.416
CS_thermal,8760.0,0.48403363933413124,0,8.166666666666667e-09,217205689.30797535
CS_thermal,8760.0,0.48403363933413124,1,1.0236517085738568e-08,536392060.74876165
CS_thermal,8760.0,0.48403363933413124,2,1.2830973311830731e-08,1324307653.414421
CS_thermal,8760.0,0.48403363933413124,3,1.6082997248964597e-08,3269852046.681706
CS_thermal,8760.0,0.48403363933413124,4,2.0159250138234185e-08,8074466786.256996
CS_thermal,8760.0,0.48403363933413124,5,2.526863369090349e-08,19941871600.77984
CS_thermal,8760.0,0.48403363933413124,6,3.167299598084116e-08,49262052418.559616
CS_thermal,8760.0,0.48403363933413124,7,3.970055075686648e-08,121728951969.91423
CS_thermal,8760.0,0.48403363933413124,8,4.976269789419122e-08,300931472831.94794
CS_thermal,8760.0,0.48403363933413124,9,6.237510700730634e-08,744416620585.9089
CS_thermal,8760.0,0.48403363933413124,10,7.818414472715056e-08,1843136084839.1614
CS_thermal,8760.0,0.48403363933413124,11,9.8e-08,4573098825165.573
CS_thermal,8880.0,0.48403365703012824,0,8.166666666666667e-09,130929712.28292398
CS_thermal,8880.0,0.48403365703012824,1,1.0236517085738568e-08,323314544.75942856
CS_thermal,8880.0,0.48403365703012824,2,1.2830973311830731e-08,798218082.4630727
CS_thermal,8880.0,0.48403365703012824,3,1.6082997248964597e-08,1970816570.9582167
CS_thermal,8880.0,0.48403365703012824,4,2.0159250138234185e-08,4866438029.410082
CS_thermal,8880.0,0.48403365703012824,5,2.526863369090349e-08,12018040936.108648
CS_thermal,8880.0,0.48403365703012824,6,3.167299598084116e-08,29685071221.965027
CS_thermal,8880.0,0.48403365703012824,7,3.970055075686648e-08,73343111553.49861
CS_thermal,8880.0,0.48403365703012824,8,4.976269789419122e-08,181278882539.64648
CS_thermal,8880.0,0.48403365703012824,9,6.237510700730634e-08,448304421623.16956
CS_thermal,8880.0,0.48403365703012824,10,7.818414472715056e-08,1109529597406.9185
CS_thermal,8880.0,0.48403365703012824,11,9.8e-08,2751018956170.299
CS_thermal,9000.0,0.48403368610489317,0,8.166666666666667e-09,79696409.21539062
CS_thermal,9000.0,0.48403368610489317,1,1.0236517085738568e-08,196790308.90190744
CS_thermal,9000.0,0.48403368610489317,2,1.2830973311830731e-08,485837087.3642212
CS_thermal,9000.0,0.48403368610489317,3,1.6082997248964597e-08,1199504749.891313
CS_thermal,9000.0,0.48403368610489317,4,2.0159250138234185e-08,2961747059.0144215
CS_thermal,9000.0,0.48403368610489317,5,2.526863369090349e-08,7313804996.890116
CS_thermal,9000.0,0.48403368610489317,6,3.167299598084116e-08,18063803840.02365
CS_thermal,9000.0,0.48403368610489317,7,3.970055075686648e-08,44624711852.63962
CS_thermal,9000.0,0.48403368610489317,8,4.976269789419122e-08,110276965738.28458
CS_thermal,9000.0,0.48403368610489317,9,6.237510700730634e-08,272645611732.51218
CS_thermal,9000.0,0.48403368610489317,10,7.818414472715056e-08,674534390055.1669
CS_thermal,9000.0,0.48403368610489317,11,9.8e-08,1671423143510.195
CS_thermal,9120.0,0.48403373342442413,0,8.166666666666667e-09,48972549.83018019
CS_thermal,9120.0,0.48403373342442413,1,1.0236517085738568e-08,120919803.1684102
CS_thermal,9120.0,0.48403373342442413,2,1.2830973311830731e-08,298521631.2299404
CS_thermal,9120.0,0.48403373342442413,3,1.6082997248964597e-08,737012560.4732813
CS_thermal,9120.0,0.48403373342442413,4,2.0159250138234185e-08,1819715396.2197547
CS_thermal,9120.0,0.48403373342442413,5,2.526863369090349e-08,4493389543.841567
CS_thermal,9120.0,0.48403373342442413,6,3.167299598084116e-08,11096973385.662874
CS_thermal,9120.0,0.48403373342442413,7,3.970055075686648e-08,27410714338.859505
CS_thermal,9120.0,0.48403373342442413,8,4.976269789419122e-08,67726375948.82295
CS_thermal,9120.0,0.48403373342442413,9,6.237510700730634e-08,167405186366.16235
CS_thermal,9120.0,0.48403373342442413,10,7.818414472715056e-08,414026211829.71783
CS_thermal,9120.0,0.48403373342442413,11,9.8e-08,1025324119203.0035
CS_thermal,9240.0,0.48403380973120946,0,8.166666666666667e-09,30371408.13886871
CS_thermal,9240.0,0.48403380973120946,1,1.0236517085738568e-08,74987877.72692667
CS_thermal,9240.0,0.48403380973120946,2,1.2830973311830731e-08,185123502.42294103
CS_thermal,9240.0,0.48403380973120946,3,1.6082997248964597e-08,457034958.0516319
CS_thermal,9240.0,0.48403380973120946,4,2.0159250138234185e-08,1128397242.4166775
CS_thermal,9240.0,0.48403380973120946,5,2.526863369090349e-08,2786184331.788718
CS_thermal,9240.0,0.48403380973120946,6,3.167299598084116e-08,6880307873.893199
CS_thermal,9240.0,0.48403380973120946,7,3.970055075686648e-08,16993288530.709593
CS_thermal,9240.0,0.48403380973120946,8,4.976269789419122e-08,41980631058.34031
CS_thermal,9240.0,0.48403380973120946,9,6.237510700730634e-08,103744702134.09471
CS_thermal,9240.0,0.48403380973120946,10,7.818414472715056e-08,256501823974.53116
CS_thermal,9240.0,0.48403380973120946,11,9.8e-08,634886107991.9922
CS_thermal,9360.0,0.48403393168489106,0,8.166666666666667e-09,19004879.56732299
CS_thermal,9360.0,0.48403393168489106,1,1.0236517085738568e-08,46921747.190069936
CS_thermal,9360.0,0.48403393168489106,2,1.2830973311830731e-08,115834366.59967372
CS_thermal,9360.0,0.48403393168489106,3,1.6082997248964597e-08,285966378.0745825
CS_thermal,9360.0,0.48403393168489106,4,2.0159250138234185e-08,706013294.1882651
CS_thermal,9360.0,0.48403393168489106,5,2.526863369090349e-08,1743170145.606412
CS_thermal,9360.0,0.48403393168489106,6,3.167299598084116e-08,4304354055.1319
CS_thermal,9360.0,0.48403393168489106,7,3.970055075686648e-08,10630043726.035002
CS_thermal,9360.0,0.48403393168489106,8,4.976269789419122e-08,26257054100.413776
CS_thermal,9360.0,0.48403393168489106,9,6.237510700730634e-08,64874877315.322845
CS_thermal,9360.0,0.48403393168489106,10,7.818414472715056e-08,160353235486.59573
CS_thermal,9360.0,0.48403393168489106,11,9.8e-08,396710804618.7255
CS_thermal,9480.0,0.4840341249000366,0,8.166666666666667e-09,11996319.114480551
CS_thermal,9480.0,0.4840341249000366,1,1.0236517085738568e-08,29617018.720448866
CS_thermal,9480.0,0.4840341249000366,2,1.2830973311830731e-08,73113559.22064804
CS_thermal,9480.0,0.4840341249000366,3,1.6082997248964597e-08,180495333.61699226
CS_thermal,9480.0,0.4840341249000366,4,2.0159250138234185e-08,445605312.9288513
CS_thermal,9480.0,0.4840341249000366,5,2.526863369090349e-08,1100165444.091823
CS_thermal,9480.0,0.4840341249000366,6,3.167299598084116e-08,2716431564.376932
CS_thermal,9480.0,0.4840341249000366,7,3.970055075686648e-08,6707902386.345726
CS_thermal,9480.0,0.4840341249000366,8,4.976269789419122e-08,16566926864.46509
CS_thermal,9480.0,0.4840341249000366,9,6.237510700730634e-08,40925410406.517265
CS_thermal,9480.0,0.4840341249000366,10,7.818414472715056e-08,101130195284.84253
CS_thermal,9480.0,0.4840341249000366,11,9.8e-08,250083554280.6346
CS_thermal,9600.0,0.4840344284303939,0,8.166666666666667e-09,7636836.244549737
CS_thermal,9600.0,0.4840344284303939,1,1.0236517085738568e-08,18853514.39519517
CS_thermal,9600.0,0.4840344284303939,2,1.2830973311830731e-08,46541755.39361625
CS_thermal,9600.0,0.4840344284303939,3,1.6082997248964597e-08,114895246.74160539
CS_thermal,9600.0,0.4840344284303939,4,2.0159250138234185e-08,283644249.38847494
CS_thermal,9600.0,0.4840344284303939,5,2.526863369090349e-08,700267345.0423615
CS_thermal,9600.0,0.4840344284303939,6,3.167299598084116e-08,1728937771.4833002
CS_thermal,9600.0,0.4840344284303939,7,3.970055075686648e-08,4269050681.84848
CS_thermal,9600.0,0.4840344284303939,8,4.976269789419122e-08,10542296007.303028
CS_thermal,9600.0,0.4840344284303939,9,6.237510700730634e-08,26038330214.304382
CS_thermal,9600.0,0.4840344284303939,10,7.818414472715056e-08,64327487426.03023
CS_thermal,9600.0,0.4840344284303939,11,9.8e-08,159009940528.70587
CS_thermal,9720.0,0.4840349013337478,0,8.166666666666667e-09,4901928.298018963
CS_thermal,9720.0,0.4840349013337478,1,1.0236517085738568e-08,12101311.009101802
CS_thermal,9720.0,0.4840349013337478,2,1.2830973311830731e-08,29872887.040043462
CS_thermal,9720.0,0.4840349013337478,3,1.6082997248964597e-08,73744294.86285438
CS_thermal,9720.0,0.4840349013337478,4,2.0159250138234185e-08,182049232.60871628
CS_thermal,9720.0,0.4840349013337478,5,2.526863369090349e-08,449430324.40056396
CS_thermal,9720.0,0.4840349013337478,6,3.167299598084116e-08,1109569577.9245968
CS_thermal,9720.0,0.4840349013337478,7,3.970055075686648e-08,2739512406.3715906
CS_thermal,9720.0,0.4840349013337478,8,4.976269789419122e-08,6764408714.015056
CS_thermal,9720.0,0.4840349013337478,9,6.237510700730634e-08,16704763030.888596
CS_thermal,9720.0,0.4840349013337478,10,7.818414472715056e-08,41259848300.392525
CS_thermal,9720.0,0.4840349013337478,11,9.8e-08,101951279765.02837
CS_thermal,9840.0,0.4840356322039605,0,8.166666666666667e-09,3171903.7920108754
CS_thermal,9840.0,0.4840356322039605,1,1.0236517085738568e-08,7830204.8850291995
CS_thermal,9840.0,0.4840356322039605,2,1.2830973311830731e-08,19329145.93341531
CS_thermal,9840.0,0.4840356322039605,3,1.6082997248964597e-08,47715166.20557825
CS_thermal,9840.0,0.4840356322039605,4,2.0159250138234185e-08,117789411.09510298
CS_thermal,9840.0,0.4840356322039605,5,2.526863369090349e-08,290780080.2759898
CS_thermal,9840.0,0.4840356322039605,6,3.167299598084116e-08,717852619.9775467
CS_thermal,9840.0,0.4840356322039605,7,3.970055075686648e-08,1772243343.3842738
CS_thermal,9840.0,0.4840356322039605,8,4.976269789419122e-08,4375586141.202938
CS_thermal,9840.0,0.4840356322039605,9,6.237510700730634e-08,10803997577.039312
CS_thermal,9840.0,0.4840356322039605,10,7.818414472715056e-08,26679831936.39794
CS_thermal,9840.0,0.4840356322039605,11,9.8e-08,65901941153.03363
CS_thermal,9960.0,0.4840367528973877,0,8.166666666666667e-09,2068670.1602967924
CS_thermal,9960.0,0.4840367528973877,1,1.0236517085738568e-08,5106613.114069839
CS_thermal,9960.0,0.4840367528973877,2,1.2830973311830731e-08,12605720.006871937
CS_thermal,9960.0,0.4840367528973877,3,1.6082997248964597e-08,31117488.839562625
CS_thermal,9960.0,0.4840367528973877,4,2.0159250138234185e-08,76814735.71864723
CS_thermal,9960.0,0.4840367528973877,5,2.526863369090349e-08,189622108.26021466
CS_thermal,9960.0,0.4840367528973877,6,3.167299598084116e-08,468101154.3126497
CS_thermal,9960.0,0.4840367528973877,7,3.970055075686648e-08,1155578466.9015255
CS_thermal,9960.0,0.4840367528973877,8,4.976269789419122e-08,2852804217.931149
CS_thermal,9960.0,0.4840367528973877,9,6.237510700730634e-08,7043081652.618581
CS_thermal,9960.0,0.4840367528973877,10,7.818414472715056e-08,17389193540.688553
CS_thermal,9960.0,0.4840367528973877,11,9.8e-08,42939421992.69176
CS_thermal,10080.0,0.4840384581336118,0,8.166666666666667e-09,1359589.1105488115
CS_thermal,10080.0,0.4840384581336118,1,1.0236517085738568e-08,3356130.412772722
CS_thermal,10080.0,0.4840384581336118,2,1.2830973311830731e-08,8284552.483878779
CS_thermal,10080.0,0.4840384581336118,3,1.6082997248964597e-08,20450294.549542945
CS_thermal,10080.0,0.4840384581336118,4,2.0159250138234185e-08,50481295.62869561
CS_thermal,10080.0,0.4840384581336118,5,2.526863369090349e-08,124612613.1588807
CS_thermal,10080.0,0.4840384581336118,6,3.167299598084116e-08,307605677.9442212
CS_thermal,10080.0,0.4840384581336118,7,3.970055075686648e-08,759325314.9100256
CS_thermal,10080.0,0.4840384581336118,8,4.976269789419122e-08,1874403560.2046983
CS_thermal,10080.0,0.4840384581336118,9,6.237510700730634e-08,4627013097.639042
CS_thermal,10080.0,0.4840384581336118,10,7.818414472715056e-08,11421990232.129988
CS_thermal,10080.0,0.4840384581336118,11,9.8e-08,28196211742.62249
CS_thermal,10200.0,0.4840409433427111,0,8.166666666666667e-09,932875.0058149295
CS_thermal,10200.0,0.4840409433427111,1,1.0236517085738568e-08,2302782.929348081
CS_thermal,10200.0,0.4840409433427111,2,1.2830973311830731e-08,5684372.704382853
CS_thermal,10200.0,0.4840409433427111,3,1.6082997248964597e-08,14031758.10890976
CS_thermal,10200.0,0.4840409433427111,4,2.0159250138234185e-08,34637108.76511908
CS_thermal,10200.0,0.4840409433427111,5,2.526863369090349e-08,85500996.68613741
CS_thermal,10200.0,0.4840409433427111,6,3.167299598084116e-08,211057466.82121962
CS_thermal,10200.0,0.4840409433427111,7,3.970055075686648e-08,520991053.0189374
CS_thermal,10200.0,0.4840409433427111,8,4.976269789419122e-08,1286055790.31233
CS_thermal,10200.0,0.4840409433427111,9,6.237510700730634e-08,3174602492.515831
CS_thermal,10200.0,0.4840409433427111,10,7.818414472715056e-08,7836441512.490147
CS_thermal,10200.0,0.4840409433427111,11,9.8e-08,19344096054.74841
CS_thermal,10320.0,0.4840445180822387,0,8.166666666666667e-09,648528.4787040785
CS_thermal,10320.0,0.4840445180822387,1,1.0236517085738568e-08,1600879.3253618593
CS_thermal,10320.0,0.4840445180822387,2,1.2830973311830731e-08,3951737.970663276
CS_thermal,10320.0,0.4840445180822387,3,1.6082997248964597e-08,9754784.59943504
CS_thermal,10320.0,0.4840445180822387,4,2.0159250138234185e-08,24079486.870330896
CS_thermal,10320.0,0.4840445180822387,5,2.526863369090349e-08,59439722.324035786
CS_thermal,10320.0,0.4840445180822387,6,3.167299598084116e-08,146725742.48858547
CS_thermal,10320.0,0.4840445180822387,7,3.970055075686648e-08,362189503.3406175
CS_thermal,10320.0,0.4840445180822387,8,4.976269789419122e-08,894057403.2208595
CS_thermal,10320.0,0.4840445180822387,9,6.237510700730634e-08,2206962467.814779
CS_thermal,10320.0,0.4840445180822387,10,7.818414472715056e-08,5447841844.84132
CS_thermal,10320.0,0.4840445180822387,11,9.8e-08,13447886489.21541
CS_thermal,10440.0,0.48404962840689136,0,8.166666666666667e-09,453634.78948472656
CS_thermal,10440.0,0.48404962840689136,1,1.0236517085738568e-08,1119788.2276540883
CS_thermal,10440.0,0.48404962840689136,2,1.2830973311830731e-08,2764174.4060401027
CS_thermal,10440.0,0.48404962840689136,3,1.6082997248964597e-08,6823308.156153331
CS_thermal,10440.0,0.48404962840689136,4,2.0159250138234185e-08,16843197.046911012
CS_thermal,10440.0,0.48404962840689136,5,2.526863369090349e-08,41577088.45333808
CS_thermal,10440.0,0.48404962840689136,6,3.167299598084116e-08,102632195.02583912
CS_thermal,10440.0,0.48404962840689136,7,3.970055075686648e-08,253345480.5735686
CS_thermal,10440.0,0.48404962840689136,8,4.976269789419122e-08,625378152.5729319
CS_thermal,10440.0,0.48404962840689136,9,6.237510700730634e-08,1543733216.6348891
CS_thermal,10440.0,0.48404962840689136,10,7.818414472715056e-08,3810673963.6955633
CS_thermal,10440.0,0.48404962840689136,11,9.8e-08,9406570963.633535
CS_thermal,10560.0,0.4840568898509249,0,8.166666666666667e-09,319231.1383152248
CS_thermal,10560.0,0.4840568898509249,1,1.0236517085738568e-08,788015.5554033024
CS_thermal,10560.0,0.4840568898509249,2,1.2830973311830731e-08,1945200.3298616207
CS_thermal,10560.0,0.4840568898509249,3,1.6082997248964597e-08,4801687.349068884
CS_thermal,10560.0,0.4840568898509249,4,2.0159250138234185e-08,11852867.308234932
CS_thermal,10560.0,0.4840568898509249,5,2.526863369090349e-08,29258561.25343345
CS_thermal,10560.0,0.4840568898509249,6,3.167299598084116e-08,72224161.8268449
CS_thermal,10560.0,0.4840568898509249,7,3.970055075686648e-08,178283870.6946418
CS_thermal,10560.0,0.4840568898509249,8,4.976269789419122e-08,440090099.24554896
CS_thermal,10560.0,0.4840568898509249,9,6.237510700730634e-08,1086353435.4803586
CS_thermal,10560.0,0.4840568898509249,10,7.818414472715056e-08,2681641301.353216
CS_thermal,10560.0,0.4840568898509249,11,9.8e-08,6619576862.496995
CS_thermal,10680.0,0.4840671465073184,0,8.166666666666667e-09,225987.612028854
CS_thermal,10680.0,0.4840671465073184,1,1.0236517085738568e-08,557845.8121191612
CS_thermal,10680.0,0.4840671465073184,2,1.2830973311830731e-08,1377031.0120222974
CS_thermal,10680.0,0.4840671465073184,3,1.6082997248964597e-08,3399172.973703645
CS_thermal,10680.0,0.4840671465073184,4,2.0159250138234185e-08,8390789.171827432
CS_thermal,10680.0,0.4840671465073184,5,2.526863369090349e-08,20712491.970461275
CS_thermal,10680.0,0.4840671465073184,6,3.167299598084116e-08,51128364.06944786
CS_thermal,10680.0,0.4840671465073184,7,3.970055075686648e-08,126209324.11038624
CS_thermal,10680.0,0.4840671465073184,8,4.976269789419122e-08,311545142.9073715
CS_thermal,10680.0,0.4840671465073184,9,6.237510700730634e-08,769042832.1079701
CS_thermal,10680.0,0.4840671465073184,10,7.818414472715056e-08,1898366547.8963647
CS_thermal,10680.0,0.4840671465073184,11,9.8e-08,4686079107.903237
CS_thermal,10800.0,0.48408154849616747,0,8.166666666666667e-09,160921.68706128668
CS_thermal,10800.0,0.48408154849616747,1,1.0236517085738568e-08,397231.9031135755
CS_thermal,10800.0,0.48408154849616747,2,1.2830973311830731e-08,980558.8527665655
CS_thermal,10800.0,0.48408154849616747,3,1.6082997248964597e-08,2420489.5331707853
CS_thermal,10800.0,0.48408154849616747,4,2.0159250138234185e-08,5974929.055562879
CS_thermal,10800.0,0.48408154849616747,5,2.526863369090349e-08,14748990.536322858
CS_thermal,10800.0,0.48408154849616747,6,3.167299598084116e-08,36407582.38432756
CS_thermal,10800.0,0.48408154849616747,7,3.970055075686648e-08,89871374.70290397
CS_thermal,10800.0,0.48408154849616747,8,4.976269789419122e-08,221845655.7990074
CS_thermal,10800.0,0.48408154849616747,9,6.237510700730634e-08,547621477.3740902
CS_thermal,10800.0,0.48408154849616747,10,7.818414472715056e-08,1351792449.2161632
CS_thermal,10800.0,0.48408154849616747,11,9.8e-08,3336872092.2821064
CS_thermal,10920.0,0.4841016525264119,0,8.166666666666667e-09,115260.0888050425
CS_thermal,10920.0,0.4841016525264119,1,1.0236517085738568e-08,284517.1789159471
CS_thermal,10920.0,0.4841016525264119,2,1.2830973311830731e-08,702324.8544830439
CS_thermal,10920.0,0.4841016525264119,3,1.6082997248964597e-08,1733674.5819653694
CS_thermal,10920.0,0.4841016525264119,4,2.0159250138234185e-08,4279540.353604477
CS_thermal,10920.0,0.4841016525264119,5,2.526863369090349e-08,10563958.096944299
CS_thermal,10920.0,0.4841016525264119,6,3.167299598084116e-08,26076915.147002373
CS_thermal,10920.0,0.4841016525264119,7,3.970055075686648e-08,64370333.28766689
CS_thermal,10920.0,0.4841016525264119,8,4.976269789419122e-08,158896855.0827385
CS_thermal,10920.0,0.4841016525264119,9,6.237510700730634e-08,392233646.4854148
CS_thermal,10920.0,0.4841016525264119,10,7.818414472715056e-08,968220757.5105395
CS_thermal,10920.0,0.4841016525264119,11,9.8e-08,2390033193.944251
CS_thermal,11040.0,0.48412955090287246,0,8.166666666666667e-09,83038.3104481646
CS_thermal,11040.0,0.48412955090287246,1,1.0236517085738568e-08,204978.37608490913
CS_thermal,11040.0,0.48412955090287246,2,1.2830973311830731e-08,505984.94159314805
CS_thermal,11040.0,0.48412955090287246,3,1.6082997248964597e-08,1249013.5106256956
CS_thermal,11040.0,0.48412955090287246,4,2.0159250138234185e-08,3083164.3819008796
CS_thermal,11040.0,0.48412955090287246,5,2.526863369090349e-08,7610728.406611522
CS_thermal,11040.0,0.48412955090287246,6,3.167299598084116e-08,18786927.877321534
CS_thermal,11040.0,0.48412955090287246,7,3.970055075686648e-08,46375148.367807694
CS_thermal,11040.0,0.48412955090287246,8,4.976269789419122e-08,114476108.06568947
CS_thermal,11040.0,0.48412955090287246,9,6.237510700730634e-08,282581938.3203581
CS_thermal,11040.0,0.48412955090287246,10,7.818414472715056e-08,697547752.0429447
CS_thermal,11040.0,0.48412955090287246,11,9.8e-08,1721882400.0955112
CS_thermal,11203.793720339927,0.4841884024650571,0,8.166666666666667e-09,47307.44010103649
CS_thermal,11203.793720339927,0.4841884024650571,1,1.0236517085738568e-08,116777.45123077776
CS_thermal,11203.793720339927,0.4841884024650571,2,1.2830973311830731e-08,288262.757121006
CS_thermal,11203.793720339927,0.4841884024650571,3,1.6082997248964597e-08,711570.7378976728
CS_thermal,11203.793720339927,0.4841884024650571,4,2.0159250138234185e-08,1756497.8566099647
CS_thermal,11203.793720339927,0.4841884024650571,5,2.526863369090349e-08,4335879.141555797
CS_thermal,11203.793720339927,0.4841884024650571,6,3.167299598084116e-08,10703029.245742295
CS_thermal,11203.793720339927,0.4841884024650571,7,3.970055075686648e-08,26420209.440262534
CS_thermal,11203.793720339927,0.4841884024650571,8,4.976269789419122e-08,65217748.24373446
CS_thermal,11203.793720339927,0.4841884024650571,9,6.237510700730634e-08,160988681.59616604
CS_thermal,11203.793720339927,0.4841884024650571,10,7.818414472715056e-08,397397277.4788895
CS_thermal,11203.793720339927,0.4841884024650571,11,9.8e-08,980967074.9373621
CS_thermal,11364.396309692242,0.48427967532536886,0,8.166666666666667e-09,29265.149009988054
CS_thermal,11364.396309692242,0.48427967532536886,1,1.0236517085738568e-08,72240.42357771321
CS_thermal,11364.396309692242,0.48427967532536886,2,1.2830973311830731e-08,178324.01252664172
CS_thermal,11364.396309692242,0.48427967532536886,3,1.6082997248964597e-08,440189.18866179825
CS_thermal,11364.396309692242,0.48427967532536886,4,2.0159250138234185e-08,1086598.036159
CS_thermal,11364.396309692242,0.48427967532536886,5,2.526863369090349e-08,2682245.0949839843
CS_thermal,11364.396309692242,0.48427967532536886,6,3.167299598084116e-08,6621067.321910041
CS_thermal,11364.396309692242,0.48427967532536886,7,3.970055075686648e-08,16343969.669422895
CS_thermal,11364.396309692242,0.48427967532536886,8,4.976269789419122e-08,40344755.84373002
CS_thermal,11364.396309692242,0.48427967532536886,9,6.237510700730634e-08,99590207.07622685
CS_thermal,11364.396309692242,0.48427967532536886,10,7.818414472715056e-08,245836395.22735944
CS_thermal,11364.396309692242,0.48427967532536886,11,9.8e-08,606842128.0403999
CS_thermal,11514.03323170335,0.4844078132633459,0,8.166666666666667e-09,19462.364640965556
CS_thermal,11514.03323170335,0.4844078132633459,1,1.0236517085738568e-08,48042.45025396953
CS_thermal,11514.03323170335,0.4844078132633459,2,1.2830973311830731e-08,118591.80880472218
CS_thermal,11514.03323170335,0.4844078132633459,3,1.6082997248964597e-08,292741.4617921693
CS_thermal,11514.03323170335,0.4844078132633459,4,2.0159250138234185e-08,722626.3290399897
CS_thermal,11514.03323170335,0.4844078132633459,5,2.526863369090349e-08,1783788.357860555
CS_thermal,11514.03323170335,0.4844078132633459,6,3.167299598084116e-08,4403245.187223276
CS_thermal,11514.03323170335,0.4844078132633459,7,3.970055075686648e-08,10869320.955087226
CS_thermal,11514.03323170335,0.4844078132633459,8,4.976269789419122e-08,26830697.131138936
CS_thermal,11514.03323170335,0.4844078132633459,9,6.237510700730634e-08,66231028.72764978
CS_thermal,11514.03323170335,0.4844078132633459,10,7.818414472715056e-08,163489943.7673068
CS_thermal,11514.03323170335,0.4844078132633459,11,9.8e-08,403571591.98414326
CS_thermal,11653.459968285913,0.4845795175348192,0,8.166666666666667e-09,13617.172175860624
CS_thermal,11653.459968285913,0.4845795175348192,1,1.0236517085738568e-08,33613.711844728394
CS_thermal,11653.459968285913,0.4845795175348192,2,1.2830973311830731e-08,82974.76226199503
CS_thermal,11653.459968285913,0.4845795175348192,3,1.6082997248964597e-08,204821.50867965433
CS_thermal,11653.459968285913,0.4845795175348192,4,2.0159250138234185e-08,505597.7175883398
CS_thermal,11653.459968285913,0.4845795175348192,5,2.526863369090349e-08,1248057.6560128352
CS_thermal,11653.459968285913,0.4845795175348192,6,3.167299598084116e-08,3080804.8740746705
CS_thermal,11653.459968285913,0.4845795175348192,7,3.970055075686648e-08,7604904.008859111
CS_thermal,11653.459968285913,0.4845795175348192,8,4.976269789419122e-08,18772550.46714653
CS_thermal,11653.459968285913,0.4845795175348192,9,6.237510700730634e-08,46339658.01198042
CS_thermal,11653.459968285913,0.4845795175348192,10,7.818414472715056e-08,114388500.79954644
CS_thermal,11653.459968285913,0.4845795175348192,11,9.8e-08,282365681.3900563
CS_thermal,11785.123213589171,0.4848043183742593,0,8.166666666666667e-09,9873.85534072181
CS_thermal,11785.123213589171,0.4848043183742593,1,1.0236517085738568e-08,24373.41056815779
CS_thermal,11785.123213589171,0.4848043183742593,2,1.2830973311830731e-08,60165.266982375295
CS_thermal,11785.123213589171,0.4848043183742593,3,1.6082997248964597e-08,148516.73469737638
CS_thermal,11785.123213589171,0.4848043183742593,4,2.0159250138234185e-08,366610.5311434454
CS_thermal,11785.123213589171,0.4848043183742593,5,2.526863369090349e-08,904970.620418995
CS_thermal,11785.123213589171,0.4848043183742593,6,3.167299598084116e-08,2233901.5227762717
CS_thermal,11785.123213589171,0.4848043183742593,7,3.970055075686648e-08,5514340.355958186
CS_thermal,11785.123213589171,0.4848043183742593,8,4.976269789419122e-08,13612036.720583351
CS_thermal,11785.123213589171,0.4848043183742593,9,6.237510700730634e-08,33601035.06344822
CS_thermal,11785.123213589171,0.4848043183742593,10,7.818414472715056e-08,82943469.82909396
CS_thermal,11785.123213589171,0.4848043183742593,11,9.8e-08,204744263.7268224
CS_thermal,11911.51276006952,0.4850954477003251,0,8.166666666666667e-09,7341.2624674497765
CS_thermal,11911.51276006952,0.4850954477003251,1,1.0236517085738568e-08,18121.756703258634
CS_thermal,11911.51276006952,0.4850954477003251,2,1.2830973311830731e-08,44733.186896107785
CS_thermal,11911.51276006952,0.4850954477003251,3,1.6082997248964597e-08,110422.9596847188
CS_thermal,11911.51276006952,0.4850954477003251,4,2.0159250138234185e-08,272576.8243081365
CS_thermal,11911.51276006952,0.4850954477003251,5,2.526863369090349e-08,672850.3325761122
CS_thermal,11911.51276006952,0.4850954477003251,6,3.167299598084116e-08,1660917.3255198775
CS_thermal,11911.51276006952,0.4850954477003251,7,3.970055075686648e-08,4099940.549135571
CS_thermal,11911.51276006952,0.4850954477003251,8,4.976269789419122e-08,10120619.639766602
CS_thermal,11911.51276006952,0.4850954477003251,9,6.237510700730634e-08,24982543.19750222
CS_thermal,11911.51276006952,0.4850954477003251,10,7.818414472715056e-08,61668898.41421378
CS_thermal,11911.51276006952,0.4850954477003251,11,9.8e-08,152228418.06024206
CS_thermal,12034.8274302885,0.48547111640823515,0,8.166666666666667e-09,5553.2220134179115
CS_thermal,12034.8274302885,0.48547111640823515,1,1.0236517085738568e-08,13708.015302888196
CS_thermal,12034.8274302885,0.48547111640823515,2,1.2830973311830731e-08,33837.95625113729
CS_thermal,12034.8274302885,0.48547111640823515,3,1.6082997248964597e-08,83528.30500560575
CS_thermal,12034.8274302885,0.48547111640823515,4,2.0159250138234185e-08,206187.91765100125
CS_thermal,12034.8274302885,0.48547111640823515,5,2.526863369090349e-08,508970.6702564666
CS_thermal,12034.8274302885,0.48547111640823515,6,3.167299598084116e-08,1256383.7208377444
CS_thermal,12034.8274302885,0.48547111640823515,7,3.970055075686648e-08,3101357.5950924726
CS_thermal,12034.8274302885,0.48547111640823515,8,4.976269789419122e-08,7655637.980728473
CS_thermal,12034.8274302885,0.48547111640823515,9,6.237510700730634e-08,18897786.238812447
CS_thermal,12034.8274302885,0.48547111640823515,10,7.818414472715056e-08,46648799.947574265
CS_thermal,12034.8274302885,0.48547111640823515,11,9.8e-08,115151611.31315629
CS_thermal,12156.965465793752,0.48595635739578436,0,8.166666666666667e-09,4248.247082419974
CS_thermal,12156.965465793752,0.48595635739578436,1,1.0236517085738568e-08,10486.711295809575
CS_thermal,12156.965465793752,0.48595635739578436,2,1.2830973311830731e-08,25886.23299618015
CS_thermal,12156.965465793752,0.48595635739578436,3,1.6082997248964597e-08,63899.63829677364
CS_thermal,12156.965465793752,0.48595635739578436,4,2.0159250138234185e-08,157734.95413520507
CS_thermal,12156.965465793752,0.48595635739578436,5,2.526863369090349e-08,389365.517841978
CS_thermal,12156.965465793752,0.48595635739578436,6,3.167299598084116e-08,961140.8410321596
CS_thermal,12156.965465793752,0.48595635739578436,7,3.970055075686648e-08,2372556.5667863046
CS_thermal,12156.965465793752,0.48595635739578436,8,4.976269789419122e-08,5856607.503999501
CS_thermal,12156.965465793752,0.48595635739578436,9,6.237510700730634e-08,14456916.193365762
CS_thermal,12156.965465793752,0.48595635739578436,10,7.818414472715056e-08,35686602.80260006
CS_thermal,12156.965465793752,0.48595635739578436,11,9.8e-08,88091651.22216167
CS_thermal,12279.58383510607,0.48658567552924226,0,8.166666666666667e-09,3271.02806262591
CS_thermal,12279.58383510607,0.48658567552924226,1,1.0236517085738568e-08,8074.466072179962
CS_thermal,12279.58383510607,0.48658567552924226,2,1.2830973311830731e-08,19931.654850421273
CS_thermal,12279.58383510607,0.48658567552924226,3,1.6082997248964597e-08,49200.883565597425
CS_thermal,12279.58383510607,0.48658567552924226,4,2.0159250138234185e-08,121451.3778087019
CS_thermal,12279.58383510607,0.48658567552924226,5,2.526863369090349e-08,299800.2495532762
CS_thermal,12279.58383510607,0.48658567552924226,6,3.167299598084116e-08,740050.802632437
CS_thermal,12279.58383510607,0.48658567552924226,7,3.970055075686648e-08,1826800.3153903475
CS_thermal,12279.58383510607,0.48658567552924226,8,4.976269789419122e-08,4509419.326439829
CS_thermal,12279.58383510607,0.48658567552924226,9,6.237510700730634e-08,11131409.649313573
CS_thermal,12279.58383510607,0.48658567552924226,10,7.818414472715056e-08,27477657.715308994
CS_thermal,12279.58383510607,0.48658567552924226,11,9.8e-08,67828037.68609855
CS_thermal,12404.160421986786,0.48740685863915867,0,8.166666666666667e-09,2524.8204220720822
CS_thermal,12404.160421986786,0.48740685863915867,1,1.0236517085738568e-08,6232.467727590617
CS_thermal,12404.160421986786,0.48740685863915867,2,1.2830973311830731e-08,15384.71949750883
CS_thermal,12404.160421986786,0.48740685863915867,3,1.6082997248964597e-08,37976.866364886715
CS_thermal,12404.160421986786,0.48740685863915867,4,2.0159250138234185e-08,93745.12022157513
CS_thermal,12404.160421986786,0.48740685863915867,5,2.526863369090349e-08,231407.91766910563
CS_thermal,12404.160421986786,0.48740685863915867,6,3.167299598084116e-08,571225.7259991901
CS_thermal,12404.160421986786,0.48740685863915867,7,3.970055075686648e-08,1410059.0563454218
CS_thermal,12404.160421986786,0.48740685863915867,8,4.976269789419122e-08,3480702.026636903
CS_thermal,12404.160421986786,0.48740685863915867,9,6.237510700730634e-08,8592041.972653285
CS_thermal,12404.160421986786,0.48740685863915867,10,7.818414472715056e-08,21209280.390529577
CS_thermal,12404.160421986786,0.48740685863915867,11,9.8e-08,52354676.09617101
CS_thermal,12532.044124102958,0.48848646243048743,0,8.166666666666667e-09,1946.8644720220996
CS_thermal,12532.044124102958,0.48848646243048743,1,1.0236517085738568e-08,4805.79525014559
CS_thermal,12532.044124102958,0.48848646243048743,2,1.2830973311830731e-08,11863.007578616216
CS_thermal,12532.044124102958,0.48848646243048743,3,1.6082997248964597e-08,29283.592305410697
CS_thermal,12532.044124102958,0.48848646243048743,4,2.0159250138234185e-08,72285.95047333323
CS_thermal,12532.044124102958,0.48848646243048743,5,2.526863369090349e-08,178436.394728324
CS_thermal,12532.044124102958,0.48848646243048743,6,3.167299598084116e-08,440466.60178924777
CS_thermal,12532.044124102958,0.48848646243048743,7,3.970055075686648e-08,1087282.8246297056
CS_thermal,12532.044124102958,0.48848646243048743,8,4.976269789419122e-08,2683935.480671381
CS_thermal,12532.044124102958,0.48848646243048743,9,6.237510700730634e-08,6625240.001838551
CS_thermal,12532.044124102958,0.48848646243048743,10,7.818414472715056e-08,16354269.834377792
CS_thermal,12532.044124102958,0.48848646243048743,11,9.8e-08,40370181.5507031
CS_thermal,12654.470213339919,0.4897966793756755,0,8.166666666666667e-09,1524.9030925076852
CS_thermal,12654.470213339919,0.4897966793756755,1,1.0236517085738568e-08,3764.19218914051
CS_thermal,12654.470213339919,0.4897966793756755,2,1.2830973311830731e-08,9291.831662146338
CS_thermal,12654.470213339919,0.4897966793756755,3,1.6082997248964597e-08,22936.696985242455
CS_thermal,12654.470213339919,0.4897966793756755,4,2.0159250138234185e-08,56618.76879724505
CS_thermal,12654.470213339919,0.4897966793756755,5,2.526863369090349e-08,139762.27623683587
CS_thermal,12654.470213339919,0.4897966793756755,6,3.167299598084116e-08,345000.32891668915
CS_thermal,12654.470213339919,0.4897966793756755,7,3.970055075686648e-08,851626.2767601926
CS_thermal,12654.470213339919,0.4897966793756755,8,4.976269789419122e-08,2102222.0977431173
CS_thermal,12654.470213339919,0.4897966793756755,9,6.237510700730634e-08,5189292.378552939
CS_thermal,12654.470213339919,0.4897966793756755,10,7.818414472715056e-08,12809662.409440648
CS_thermal,12654.470213339919,0.4897966793756755,11,9.8e-08,31620390.410464115
CS_thermal,12783.153647411837,0.49153148173484107,0,8.166666666666667e-09,1184.1071480457392
CS_thermal,12783.153647411837,0.49153148173484107,1,1.0236517085738568e-08,2922.9443494966113
CS_thermal,12783.153647411837,0.49153148173484107,2,1.2830973311830731e-08,7215.228524107026
CS_thermal,12783.153647411837,0.49153148173484107,3,1.6082997248964597e-08,17810.644483645487
CS_thermal,12783.153647411837,0.49153148173484107,4,2.0159250138234185e-08,43965.21272417337
CS_thermal,12783.153647411837,0.49153148173484107,5,2.526863369090349e-08,108527.23109432963
CS_thermal,12783.153647411837,0.49153148173484107,6,3.167299598084116e-08,267897.2569122038
CS_thermal,12783.153647411837,0.49153148173484107,7,3.970055075686648e-08,661298.915777451
CS_thermal,12783.153647411837,0.49153148173484107,8,4.976269789419122e-08,1632402.8882968342
CS_thermal,12783.153647411837,0.49153148173484107,9,6.237510700730634e-08,4029553.2407313026
CS_thermal,12783.153647411837,0.49153148173484107,10,7.818414472715056e-08,9946869.998189915
CS_thermal,12783.153647411837,0.49153148173484107,11,9.8e-08,24553645.726718098
CS_thermal,12909.304411896293,0.49366451902054964,0,8.166666666666667e-09,926.7776779386004
CS_thermal,12909.304411896293,0.49366451902054964,1,1.0236517085738568e-08,2287.7317998107565
CS_thermal,12909.304411896293,0.49366451902054964,2,1.2830973311830731e-08,5647.219298005935
CS_thermal,12909.304411896293,0.49366451902054964,3,1.6082997248964597e-08,13940.045682774658
CS_thermal,12909.304411896293,0.49366451902054964,4,2.0159250138234185e-08,34410.71851095618
CS_thermal,12909.304411896293,0.49366451902054964,5,2.526863369090349e-08,84942.15695864765
CS_thermal,12909.304411896293,0.49366451902054964,6,3.167299598084116e-08,209677.98234366268
CS_thermal,12909.304411896293,0.49366451902054964,7,3.970055075686648e-08,517585.8236934599
CS_thermal,12909.304411896293,0.49366451902054964,8,4.976269789419122e-08,1277650.0510738578
CS_thermal,12909.304411896293,0.49366451902054964,9,6.237510700730634e-08,3153853.096278151
CS_thermal,12909.304411896293,0.49366451902054964,10,7.818414472715056e-08,7785222.049700372
CS_thermal,12909.304411896293,0.49366451902054964,11,9.8e-08,19217661.850302976
CS_thermal,13034.03393500833,0.49623698707295716,0,8.166666666666667e-09,759.2710615886593
CS_thermal,13034.03393500833,0.49623698707295716,1,1.0236517085738568e-08,1874.273351790454
CS_thermal,13034.03393500833,0.49623698707295716,2,1.2830973311830731e-08,4626.66163911072
CS_thermal,13034.03393500833,0.49623698707295716,3,1.6082997248964597e-08,11420.995896744475
CS_thermal,13034.03393500833,0.49623698707295716,4,2.0159250138234185e-08,28193.071946741333
CS_thermal,13034.03393500833,0.49623698707295716,5,2.526863369090349e-08,69595.98158669489
CS_thermal,13034.03393500833,0.49623698707295716,6,3.167299598084116e-08,171803.0437509745
CS_thermal,13034.03393500833,0.49623698707295716,7,3.970055075686648e-08,424116.0041066518
CS_thermal,13034.03393500833,0.49623698707295716,8,4.976269789419122e-08,1047004.7883958307
CS_thermal,13034.03393500833,0.49623698707295716,9,6.237510700730634e-08,2584801.7413562383
CS_thermal,13034.03393500833,0.49623698707295716,10,7.818414472715056e-08,6381555.777469319
CS_thermal,13034.03393500833,0.49623698707295716,11,9.8e-08,15757014.496215038
CS_thermal,13158.131439605968,0.4992205562470614,0,8.166666666666667e-09,633.3668313801693
CS_thermal,13158.131439605968,0.4992205562470614,1,1.0236517085738568e-08,1563.5043014008252
CS_thermal,13158.131439605968,0.4992205562470614,2,1.2830973311830731e-08,3859.595288848132
CS_thermal,13158.131439605968,0.4992205562470614,3,1.6082997248964597e-08,9527.697063220812
CS_thermal,13158.131439605968,0.4992205562470614,4,2.0159250138234185e-08,23520.106537582233
CS_thermal,13158.131439605968,0.4992205562470614,5,2.526863369090349e-08,58062.883631871075
CS_thermal,13158.131439605968,0.4992205562470614,6,3.167299598084116e-08,143340.77900002745
CS_thermal,13158.131439605968,0.4992205562470614,7,3.970055075686648e-08,353881.70086308283
CS_thermal,13158.131439605968,0.4992205562470614,8,4.976269789419122e-08,873717.676764458
CS_thermal,13158.131439605968,0.4992205562470614,9,6.237510700730634e-08,2157343.966738072
CS_thermal,13158.131439605968,0.4992205562470614,10,7.818414472715056e-08,5327432.572052552
CS_thermal,13158.131439605968,0.4992205562470614,11,9.8e-08,13159304.492373645
CS_thermal,13282.174603088084,0.502671383641184,0,8.166666666666667e-09,528.9628526857493
CS_thermal,13282.174603088084,0.502671383641184,1,1.0236517085738568e-08,1305.794370128848
CS_thermal,13282.174603088084,0.502671383641184,2,1.2830973311830731e-08,3223.48732903146
CS_thermal,13282.174603088084,0.502671383641184,3,1.6082997248964597e-08,7957.615490285077
CS_thermal,13282.174603088084,0.502671383641184,4,2.0159250138234185e-08,19644.819921517887
CS_thermal,13282.174603088084,0.502671383641184,5,2.526863369090349e-08,48498.213837844996
CS_thermal,13282.174603088084,0.502671383641184,6,3.167299598084116e-08,119735.3264009614
CS_thermal,13282.174603088084,0.502671383641184,7,3.970055075686648e-08,295628.5421628864
CS_thermal,13282.174603088084,0.502671383641184,8,4.976269789419122e-08,729978.3529990233
CS_thermal,13282.174603088084,0.502671383641184,9,6.237510700730634e-08,1802727.959941344
CS_thermal,13282.174603088084,0.502671383641184,10,7.818414472715056e-08,4452779.563987911
CS_thermal,13282.174603088084,0.502671383641184,11,9.8e-08,11003206.638616927
CS_thermal,13406.600662062681,0.5066572429902605,0,8.166666666666667e-09,441.72797883221074
CS_thermal,13406.600662062681,0.5066572429902605,1,1.0236517085738568e-08,1090.4563037981832
CS_thermal,13406.600662062681,0.5066572429902605,2,1.2830973311830731e-08,2691.9578956471128
CS_thermal,13406.600662062681,0.5066572429902605,3,1.6082997248964597e-08,6645.641365342269
CS_thermal,13406.600662062681,0.5066572429902605,4,2.0159250138234185e-08,16406.52413572362
CS_thermal,13406.600662062681,0.5066572429902605,5,2.526863369090349e-08,40505.44290863164
CS_thermal,13406.600662062681,0.5066572429902605,6,3.167299598084116e-08,100008.30849409955
CS_thermal,13406.600662062681,0.5066572429902605,7,3.970055075686648e-08,246942.99918583003
CS_thermal,13406.600662062681,0.5066572429902605,8,4.976269789419122e-08,609834.6075195072
CS_thermal,13406.600662062681,0.5066572429902605,9,6.237510700730634e-08,1506280.2295903875
CS_thermal,13406.600662062681,0.5066572429902605,10,7.818414472715056e-08,3721443.5112571376
CS_thermal,13406.600662062681,0.5066572429902605,11,9.8e-08,9199758.767571112
CS_thermal,13531.787622489315,0.5112560912739444,0,8.166666666666667e-09,368.4622175176406
CS_thermal,13531.787622489315,0.5112560912739444,1,1.0236517085738568e-08,909.5944530789968
CS_thermal,13531.787622489315,0.5112560912739444,2,1.2830973311830731e-08,2245.517845329949
CS_thermal,13531.787622489315,0.5112560912739444,3,1.6082997248964597e-08,5543.6723834840395
CS_thermal,13531.787622489315,0.5112560912739444,4,2.0159250138234185e-08,13686.506648625296
CS_thermal,13531.787622489315,0.5112560912739444,5,2.526863369090349e-08,33791.63199559222
CS_thermal,13531.787622489315,0.5112560912739444,6,3.167299598084116e-08,83436.97122146629
CS_thermal,13531.787622489315,0.5112560912739444,7,3.970055075686648e-08,206042.2376115146
CS_thermal,13531.787622489315,0.5112560912739444,8,4.976269789419122e-08,508890.01231550635
CS_thermal,13531.787622489315,0.5112560912739444,9,6.237510700730634e-08,1257163.933860584
CS_thermal,13531.787622489315,0.5112560912739444,10,7.818414472715056e-08,3106728.6889383
CS_thermal,13531.787622489315,0.5112560912739444,11,9.8e-08,7683289.8935528975
CS_thermal,13658.359257099966,0.5165707815531193,0,8.166666666666667e-09,306.5419753935215
CS_thermal,13658.359257099966,0.5165707815531193,1,1.0236517085738568e-08,756.7353842890833
CS_thermal,13658.359257099966,0.5165707815531193,2,1.2830973311830731e-08,1868.1885850219203
CS_thermal,13658.359257099966,0.5165707815531193,3,1.6082997248964597e-08,4612.269894318962
CS_thermal,13658.359257099966,0.5165707815531193,4,2.0159250138234185e-08,11387.433807946527
CS_thermal,13658.359257099966,0.5165707815531193,5,2.526863369090349e-08,28116.59117171419
CS_thermal,13658.359257099966,0.5165707815531193,6,3.167299598084116e-08,69428.68551554454
CS_thermal,13658.359257099966,0.5165707815531193,7,3.970055075686648e-08,171464.33816351957
CS_thermal,13658.359257099966,0.5165707815531193,8,4.976269789419122e-08,423539.27530619135
CS_thermal,13658.359257099966,0.5165707815531193,9,6.237510700730634e-08,1046491.5026813627
CS_thermal,13658.359257099966,0.5165707815531193,10,7.818414472715056e-08,2586738.3945278255
CS_thermal,13658.359257099966,0.5165707815531193,11,9.8e-08,6399922.62666862
CS_thermal,13778.376140174027,0.5222950637279159,0,8.166666666666667e-09,256.93273344807295
CS_thermal,13778.376140174027,0.5222950637279159,1,1.0236517085738568e-08,634.2653132026226
CS_thermal,13778.376140174027,0.5222950637279159,2,1.2830973311830731e-08,1565.8620105649914
CS_thermal,13778.376140174027,0.5222950637279159,3,1.6082997248964597e-08,3865.978984361752
CS_thermal,13778.376140174027,0.5222950637279159,4,2.0159250138234185e-08,9545.218583295115
CS_thermal,13778.376140174027,0.5222950637279159,5,2.526863369090349e-08,23569.01554226438
CS_thermal,13778.376140174027,0.5222950637279159,6,3.167299598084116e-08,58202.57354122821
CS_thermal,13778.376140174027,0.5222950637279159,7,3.970055075686648e-08,143750.86553731211
CS_thermal,13778.376140174027,0.5222950637279159,8,4.976269789419122e-08,355121.6192863569
CS_thermal,13778.376140174027,0.5222950637279159,9,6.237510700730634e-08,877577.1685744593
CS_thermal,13778.376140174027,0.5222950637279159,10,7.818414472715056e-08,2169683.0538638374
CS_thermal,13778.376140174027,0.5222950637279159,11,9.8e-08,5370044.728357193
CS_thermal,13908.477144969944,0.5293571802975185,0,8.166666666666667e-09,210.58778020116375
CS_thermal,13908.477144969944,0.5293571802975185,1,1.0236517085738568e-08,519.8526702034973
CS_thermal,13908.477144969944,0.5293571802975185,2,1.2830973311830731e-08,1283.4108237181872
CS_thermal,13908.477144969944,0.5293571802975185,3,1.6082997248964597e-08,3168.7103352939553
CS_thermal,13908.477144969944,0.5293571802975185,4,2.0159250138234185e-08,7823.903822974301
CS_thermal,13908.477144969944,0.5293571802975185,5,2.526863369090349e-08,19319.530027080375
CS_thermal,13908.477144969944,0.5293571802975185,6,3.167299598084116e-08,47711.10012469602
CS_thermal,13908.477144969944,0.5293571802975185,7,3.970055075686648e-08,117846.69196555107
CS_thermal,13908.477144969944,0.5293571802975185,8,4.976269789419122e-08,291155.6611225069
CS_thermal,13908.477144969944,0.5293571802975185,9,6.237510700730634e-08,719600.6638458442
CS_thermal,13908.477144969944,0.5293571802975185,10,7.818414472715056e-08,1779447.2955794164
CS_thermal,13908.477144969944,0.5293571802975185,11,9.8e-08,4405614.579419596
CS_thermal,14037.889044645937,0.5374503797362182,0,8.166666666666667e-09,169.97203433763514
CS_thermal,14037.889044645937,0.5374503797362182,1,1.0236517085738568e-08,419.58433907478866
CS_thermal,14037.889044645937,0.5374503797362182,2,1.2830973311830731e-08,1035.8631786662881
CS_thermal,14037.889044645937,0.5374503797362182,3,1.6082997248964597e-08,2557.554923246712
CS_thermal,14037.889044645937,0.5374503797362182,4,2.0159250138234185e-08,6315.0283376054285
CS_thermal,14037.889044645937,0.5374503797362182,5,2.526863369090349e-08,15594.054746241407
CS_thermal,14037.889044645937,0.5374503797362182,6,3.167299598084116e-08,38511.85436414441
CS_thermal,14037.889044645937,0.5374503797362182,7,3.970055075686648e-08,95127.98616575364
CS_thermal,14037.889044645937,0.5374503797362182,8,4.976269789419122e-08,235037.7607639039
CS_thermal,14037.889044645937,0.5374503797362182,9,6.237510700730634e-08,580943.5361309802
CS_thermal,14037.889044645937,0.5374503797362182,10,7.818414472715056e-08,1436712.5501052386
CS_thermal,14037.889044645937,0.5374503797362182,11,9.8e-08,3557646.9676306657
CS_thermal,14166.474087014733,0.5468247333767893,0,8.166666666666667e-09,134.67271792976092
CS_thermal,14166.474087014733,0.5468247333767893,1,1.0236517085738568e-08,332.4423934696078
CS_thermal,14166.474087014733,0.5468247333767893,2,1.2830973311830731e-08,820.714881887868
CS_thermal,14166.474087014733,0.5468247333767893,3,1.6082997248964597e-08,2026.3497144892306
CS_thermal,14166.474087014733,0.5468247333767893,4,2.0159250138234185e-08,5003.429539115246
CS_thermal,14166.474087014733,0.5468247333767893,5,2.526863369090349e-08,12355.331375838601
CS_thermal,14166.474087014733,0.5468247333767893,6,3.167299598084116e-08,30513.46177700475
CS_thermal,14166.474087014733,0.5468247333767893,7,3.970055075686648e-08,75371.29655832288
CS_thermal,14166.474087014733,0.5468247333767893,8,4.976269789419122e-08,186223.75300509547
CS_thermal,14166.474087014733,0.5468247333767893,9,6.237510700730634e-08,460288.697052049
CS_thermal,14166.474087014733,0.5468247333767893,10,7.818414472715056e-08,1138320.0089450052
CS_thermal,14166.474087014733,0.5468247333767893,11,9.8e-08,2818732.069903856
CS_thermal,14299.329852516234,0.5582413540838065,0,8.166666666666667e-09,103.98806602714843
CS_thermal,14299.329852516234,0.5582413540838065,1,1.0236517085738568e-08,256.69439533923975
CS_thermal,14299.329852516234,0.5582413540838065,2,1.2830973311830731e-08,633.6967699640869
CS_thermal,14299.329852516234,0.5582413540838065,3,1.6082997248964597e-08,1564.578381127102
CS_thermal,14299.329852516234,0.5582413540838065,4,2.0159250138234185e-08,3863.2106123344647
CS_thermal,14299.329852516234,0.5582413540838065,5,2.526863369090349e-08,9539.632249460172
CS_thermal,14299.329852516234,0.5582413540838065,6,3.167299598084116e-08,23559.277438039426
CS_thermal,14299.329852516234,0.5582413540838065,7,3.970055075686648e-08,58192.24640140957
CS_thermal,14299.329852516234,0.5582413540838065,8,4.976269789419122e-08,143772.8478927205
CS_thermal,14299.329852516234,0.5582413540838065,9,6.237510700730634e-08,355342.1044486498
CS_thermal,14299.329852516234,0.5582413540838065,10,7.818414472715056e-08,878706.7795232451
CS_thermal,14299.329852516234,0.5582413540838065,11,9.8e-08,2175558.357481228
CS_thermal,14422.898609578488,0.5707313336908406,0,8.166666666666667e-09,80.73476503673204
CS_thermal,14422.898609578488,0.5707313336908406,1,1.0236517085738568e-08,199.2926848948876
CS_thermal,14422.898609578488,0.5707313336908406,2,1.2830973311830731e-08,491.9777270580121
CS_thermal,14422.898609578488,0.5707313336908406,3,1.6082997248964597e-08,1214.6499134901096
CS_thermal,14422.898609578488,0.5707313336908406,4,2.0159250138234185e-08,2999.1356215540923
CS_thermal,14422.898609578488,0.5707313336908406,5,2.526863369090349e-08,7405.8052602675025
CS_thermal,14422.898609578488,0.5707313336908406,6,3.167299598084116e-08,18289.055102118033
CS_thermal,14422.898609578488,0.5707313336908406,7,3.970055075686648e-08,45172.774226383495
CS_thermal,14422.898609578488,0.5707313336908406,8,4.976269789419122e-08,111599.50791788254
CS_thermal,14422.898609578488,0.5707313336908406,9,6.237510700730634e-08,275799.82369844825
CS_thermal,14422.898609578488,0.5707313336908406,10,7.818414472715056e-08,681924.8343084954
CS_thermal,14422.898609578488,0.5707313336908406,11,9.8e-08,1687990.7171665644
CS_thermal,14547.663148907533,0.5854172557207462,0,8.166666666666667e-09,61.988172241316285
CS_thermal,14547.663148907533,0.5854172557207462,1,1.0236517085738568e-08,153.01664578284797
CS_thermal,14547.663148907533,0.5854172557207462,2,1.2830973311830731e-08,377.73107110668997
CS_thermal,14547.663148907533,0.5854172557207462,3,1.6082997248964597e-08,932.5559594156175
CS_thermal,14547.663148907533,0.5854172557207462,4,2.0159250138234185e-08,2302.5579368679946
CS_thermal,14547.663148907533,0.5854172557207462,5,2.526863369090349e-08,5685.609196829309
CS_thermal,14547.663148907533,0.5854172557207462,6,3.167299598084116e-08,14040.465401320238
CS_thermal,14547.663148907533,0.5854172557207462,7,3.970055075686648e-08,34677.280450712526
CS_thermal,14547.663148907533,0.5854172557207462,8,4.976269789419122e-08,85663.96785372536
CS_thermal,14547.663148907533,0.5854172557207462,9,6.237510700730634e-08,211681.57446142664
CS_thermal,14547.663148907533,0.5854172557207462,10,7.818414472715056e-08,523309.1305983706
CS_thermal,14547.663148907533,0.5854172557207462,11,9.8e-08,1295023.0792580612
CS_thermal,14686.605515474477,0.6044331618826837,0,8.166666666666667e-09,45.91120638098665
CS_thermal,14686.605515474477,0.6044331618826837,1,1.0236517085738568e-08,113.3308852152874
CS_thermal,14686.605515474477,0.6044331618826837,2,1.2830973311830731e-08,279.7591024986135
CS_thermal,14686.605515474477,0.6044331618826837,3,1.6082997248964597e-08,690.6520099758038
CS_thermal,14686.605515474477,0.6044331618826837,4,2.0159250138234185e-08,1705.22348580008
CS_thermal,14686.605515474477,0.6044331618826837,5,2.526863369090349e-08,4210.510582133224
CS_thermal,14686.605515474477,0.6044331618826837,6,3.167299598084116e-08,10397.316078651975
CS_thermal,14686.605515474477,0.6044331618826837,7,3.970055075686648e-08,25677.807152118046
CS_thermal,14686.605515474477,0.6044331618826837,8,4.976269789419122e-08,63426.64280491657
CS_thermal,14686.605515474477,0.6044331618826837,9,6.237510700730634e-08,156711.08136210073
CS_thermal,14686.605515474477,0.6044331618826837,10,7.818414472715056e-08,387340.85965794016
CS_thermal,14686.605515474477,0.6044331618826837,11,9.8e-08,958238.8923581983
CS_thermal,14814.0149522592,0.6244031518348884,0,8.166666666666667e-09,34.80119458343389
CS_thermal,14814.0149522592,0.6244031518348884,1,1.0236517085738568e-08,85.90603948109622
CS_thermal,14814.0149522592,0.6244031518348884,2,1.2830973311830731e-08,212.05843140127865
CS_thermal,14814.0149522592,0.6244031518348884,3,1.6082997248964597e-08,523.4981607027556
CS_thermal,14814.0149522592,0.6244031518348884,4,2.0159250138234185e-08,1292.4750877722372
CS_thermal,14814.0149522592,0.6244031518348884,5,2.526863369090349e-08,3191.2610271779745
CS_thermal,14814.0149522592,0.6244031518348884,6,3.167299598084116e-08,7880.099132637995
CS_thermal,14814.0149522592,0.6244031518348884,7,3.970055075686648e-08,19460.02223142154
CS_thermal,14814.0149522592,0.6244031518348884,8,4.976269789419122e-08,48064.069786294414
CS_thermal,14814.0149522592,0.6244031518348884,9,6.237510700730634e-08,118739.6320522372
CS_thermal,14814.0149522592,0.6244031518348884,10,7.818414472715056e-08,293436.0812240869
CS_thermal,14814.0149522592,0.6244031518348884,11,9.8e-08,725713.6707579516
CS_thermal,14944.88366986724,0.6473334511864031,0,8.166666666666667e-09,26.232494061177356
CS_thermal,14944.88366986724,0.6473334511864031,1,1.0236517085738568e-08,64.75437662980806
CS_thermal,14944.88366986724,0.6473334511864031,2,1.2830973311830731e-08,159.84506634888137
CS_thermal,14944.88366986724,0.6473334511864031,3,1.6082997248964597e-08,394.5896191644683
CS_thermal,14944.88366986724,0.6473334511864031,4,2.0159250138234185e-08,974.1721474734675
CS_thermal,14944.88366986724,0.6473334511864031,5,2.526863369090349e-08,2405.255248990862
CS_thermal,14944.88366986724,0.6473334511864031,6,3.167299598084116e-08,5938.997337353181
CS_thermal,14944.88366986724,0.6473334511864031,7,3.970055075686648e-08,14665.605393400514
CS_thermal,14944.88366986724,0.6473334511864031,8,4.976269789419122e-08,36219.39102997142
CS_thermal,14944.88366986724,0.6473334511864031,9,6.237510700730634e-08,89467.28620330333
CS_thermal,14944.88366986724,0.6473334511864031,10,7.818414472715056e-08,221058.61305206895
CS_thermal,14944.88366986724,0.6473334511864031,11,9.8e-08,546553.332230907
CS_thermal,15075.917642900597,0.6724433122556248,0,8.166666666666667e-09,19.873516968770335
CS_thermal,15075.917642900597,0.6724433122556248,1,1.0236517085738568e-08,49.05737132573611
CS_thermal,15075.917642900597,0.6724433122556248,2,1.2830973311830731e-08,121.09714455168621
CS_thermal,15075.917642900597,0.6724433122556248,3,1.6082997248964597e-08,298.93122467572215
CS_thermal,15075.917642900597,0.6724433122556248,4,2.0159250138234185e-08,737.9794112105079
CS_thermal,15075.917642900597,0.6724433122556248,5,2.526863369090349e-08,1822.0249562940994
CS_thermal,15075.917642900597,0.6724433122556248,6,3.167299598084116e-08,4498.726461168856
CS_thermal,15075.917642900597,0.6724433122556248,7,3.970055075686648e-08,11108.450850847103
CS_thermal,15075.917642900597,0.6724433122556248,8,4.976269789419122e-08,27432.25291361532
CS_thermal,15075.917642900597,0.6724433122556248,9,6.237510700730634e-08,67754.28631215902
CS_thermal,15075.917642900597,0.6724433122556248,10,7.818414472715056e-08,167383.0110293428
CS_thermal,15075.917642900597,0.6724433122556248,11,9.8e-08,413732.96953805874
CS_thermal,15205.852774903415,0.6989728577959284,0,8.166666666666667e-09,15.211764787308468
CS_thermal,15205.852774903415,0.6989728577959284,1,1.0236517085738568e-08,37.549931100029845
CS_thermal,15205.852774903415,0.6989728577959284,2,1.2830973311830731e-08,92.69124039167326
CS_thermal,15205.852774903415,0.6989728577959284,3,1.6082997248964597e-08,228.80797496610415
CS_thermal,15205.852774903415,0.6989728577959284,4,2.0159250138234185e-08,564.8444461362798
CS_thermal,15205.852774903415,0.6989728577959284,5,2.526863369090349e-08,1394.5157170589741
CS_thermal,15205.852774903415,0.6989728577959284,6,3.167299598084116e-08,3443.0479075642197
CS_thermal,15205.852774903415,0.6989728577959284,7,3.970055075686648e-08,8501.323090371587
CS_thermal,15205.852774903415,0.6989728577959284,8,4.976269789419122e-08,20992.55317674776
CS_thermal,15205.852774903415,0.6989728577959284,9,6.237510700730634e-08,51843.99756611822
CS_thermal,15205.852774903415,0.6989728577959284,10,7.818414472715056e-08,128059.78263780316
CS_thermal,15205.852774903415,0.6989728577959284,11,9.8e-08,316460.2760925816
CS_thermal,15334.717540448803,0.7262529098558095,0,8.166666666666667e-09,11.78044623484367
CS_thermal,15334.717540448803,0.7262529098558095,1,1.0236517085738568e-08,29.079791186077355
CS_thermal,15334.717540448803,0.7262529098558095,2,1.2830973311830731e-08,71.78287112064123
CS_thermal,15334.717540448803,0.7262529098558095,3,1.6082997248964597e-08,177.1948938013688
CS_thermal,15334.717540448803,0.7262529098558095,4,2.0159250138234185e-08,437.4183052978381
CS_thermal,15334.717540448803,0.7262529098558095,5,2.526863369090349e-08,1079.8824016477326
CS_thermal,15334.717540448803,0.7262529098558095,6,3.167299598084116e-08,2666.1319875142312
CS_thermal,15334.717540448803,0.7262529098558095,7,3.970055075686648e-08,6582.7482960274665
CS_thermal,15334.717540448803,0.7262529098558095,8,4.976269789419122e-08,16254.023878115182
CS_thermal,15334.717540448803,0.7262529098558095,9,6.237510700730634e-08,40138.21927861431
CS_thermal,15334.717540448803,0.7262529098558095,10,7.818414472715056e-08,99133.57808441776
CS_thermal,15334.717540448803,0.7262529098558095,11,9.8e-08,244928.73549507983
CS_thermal,15463.224940298582,0.7537099636536961,0,8.166666666666667e-09,inf
CS_thermal,15463.224940298582,0.7537099636536961,1,1.0236517085738568e-08,22.788003728601815
CS_thermal,15463.224940298582,0.7537099636536961,2,1.2830973311830731e-08,56.25172185066262
CS_thermal,15463.224940298582,0.7537099636536961,3,1.6082997248964597e-08,138.85628126413943
CS_thermal,15463.224940298582,0.7537099636536961,4,2.0159250138234185e-08,342.7703055699278
CS_thermal,15463.224940298582,0.7537099636536961,5,2.526863369090349e-08,846.1920661854709
CS_thermal,15463.224940298582,0.7537099636536961,6,3.167299598084116e-08,2089.108036240149
CS_thermal,15463.224940298582,0.7537099636536961,7,3.970055075686648e-08,5157.880276044202
CS_thermal,15463.224940298582,0.7537099636536961,8,4.976269789419122e-08,12735.146960087848
CS_thermal,15463.224940298582,0.7537099636536961,9,6.237510700730634e-08,31446.42211577295
CS_thermal,15463.224940298582,0.7537099636536961,10,7.818414472715056e-08,77658.86772331322
CS_thermal,15463.224940298582,0.7537099636536961,11,9.8e-08,191839.19817415762
CS_thermal,15592.424358070248,0.7808505418973172,0,8.166666666666667e-09,inf
CS_thermal,15592.424358070248,0.7808505418973172,1,1.0236517085738568e-08,18.06836336047928
CS_thermal,15592.424358070248,0.7808505418973172,2,1.2830973311830731e-08,44.601385626153984
CS_thermal,15592.424358070248,0.7808505418973172,3,1.6082997248964597e-08,110.09761350372844
CS_thermal,15592.424358070248,0.7808505418973172,4,2.0159250138234185e-08,271.77588006609665
CS_thermal,15592.424358070248,0.7808505418973172,5,2.526863369090349e-08,670.9111425506707
CS_thermal,15592.424358070248,0.7808505418973172,6,3.167299598084116e-08,1656.323506447967
CS_thermal,15592.424358070248,0.7808505418973172,7,3.970055075686648e-08,4089.243075235283
CS_thermal,15592.424358070248,0.7808505418973172,8,4.976269789419122e-08,10096.221320450317
CS_thermal,15592.424358070248,0.7808505418973172,9,6.237510700730634e-08,24928.85148416221
CS_thermal,15592.424358070248,0.7808505418973172,10,7.818414472715056e-08,61558.47790204545
CS_thermal,15592.424358070248,0.7808505418973172,11,9.8e-08,152046.40382024666
CS_thermal,15714.396639304321,0.8054528648402131,0,8.166666666666667e-09,inf
CS_thermal,15714.396639304321,0.8054528648402131,1,1.0236517085738568e-08,14.700571869696638
CS_thermal,15714.396639304321,0.8054528648402131,2,1.2830973311830731e-08,36.28806082299198
CS_thermal,15714.396639304321,0.8054528648402131,3,1.6082997248964597e-08,89.57633449139264
CS_thermal,15714.396639304321,0.8054528648402131,4,2.0159250138234185e-08,221.11802465054708
CS_thermal,15714.396639304321,0.8054528648402131,5,2.526863369090349e-08,545.8454831040227
CS_thermal,15714.396639304321,0.8054528648402131,6,3.167299598084116e-08,1347.5361449253007
CS_thermal,15714.396639304321,0.8054528648402131,7,3.970055075686648e-08,3326.8171910939573
CS_thermal,15714.396639304321,0.8054528648402131,8,4.976269789419122e-08,8213.59111014858
CS_thermal,15714.396639304321,0.8054528648402131,9,6.237510700730634e-08,20279.615817110694
CS_thermal,15714.396639304321,0.8054528648402131,10,7.818414472715056e-08,50075.02829394521
CS_thermal,15714.396639304321,0.8054528648402131,11,9.8e-08,123671.1726432976
CS_thermal,15840.40356703008,0.8293326273805696,0,8.166666666666667e-09,inf
CS_thermal,15840.40356703008,0.8293326273805696,1,1.0236517085738568e-08,12.03812274523318
CS_thermal,15840.40356703008,0.8293326273805696,2,1.2830973311830731e-08,29.715859333994324
CS_thermal,15840.40356703008,0.8293326273805696,3,1.6082997248964597e-08,73.35298822601862
CS_thermal,15840.40356703008,0.8293326273805696,4,2.0159250138234185e-08,181.07051744281696
CS_thermal,15840.40356703008,0.8293326273805696,5,2.526863369090349e-08,446.978973590409
CS_thermal,15840.40356703008,0.8293326273805696,6,3.167299598084116e-08,1103.4432509363576
CS_thermal,15840.40356703008,0.8293326273805696,7,3.970055075686648e-08,2724.155660286055
CS_thermal,15840.40356703008,0.8293326273805696,8,4.976269789419122e-08,6725.55723277895
CS_thermal,15840.40356703008,0.8293326273805696,9,6.237510700730634e-08,16605.185449904995
CS_thermal,15840.40356703008,0.8293326273805696,10,7.818414472715056e-08,41000.470918934945
CS_thermal,15840.40356703008,0.8293326273805696,11,9.8e-08,101253.03271374987
CS_thermal,15963.189550518828,0.8507500810333857,0,8.166666666666667e-09,inf
CS_thermal,15963.189550518828,0.8507500810333857,1,1.0236517085738568e-08,10.0480437984743
CS_thermal,15963.189550518828,0.8507500810333857,2,1.2830973311830731e-08,24.80339000358776
CS_thermal,15963.189550518828,0.8507500810333857,3,1.6082997248964597e-08,61.226657717459005
CS_thermal,15963.189550518828,0.8507500810333857,4,2.0159250138234185e-08,151.13677990906493
CS_thermal,15963.189550518828,0.8507500810333857,5,2.526863369090349e-08,373.08310445637034
CS_thermal,15963.189550518828,0.8507500810333857,6,3.167299598084116e-08,921.0070369695992
CS_thermal,15963.189550518828,0.8507500810333857,7,3.970055075686648e-08,2273.7447234943525
CS_thermal,15963.189550518828,0.8507500810333857,8,4.976269789419122e-08,5613.520448512989
CS_thermal,15963.189550518828,0.8507500810333857,9,6.237510700730634e-08,13859.464000893771
CS_thermal,15963.189550518828,0.8507500810333857,10,7.818414472715056e-08,34220.360045675574
CS_thermal,15963.189550518828,0.8507500810333857,11,9.8e-08,84506.7090055903
CS_thermal,16084.837988081505,0.8699563176096186,0,8.166666666666667e-09,inf
CS_thermal,16084.837988081505,0.8699563176096186,1,1.0236517085738568e-08,inf
CS_thermal,16084.837988081505,0.8699563176096186,2,1.2830973311830731e-08,21.054862165308315
CS_thermal,16084.837988081505,0.8699563176096186,3,1.6082997248964597e-08,51.97349328308037
CS_thermal,16084.837988081505,0.8699563176096186,4,2.0159250138234185e-08,128.29549900248324
CS_thermal,16084.837988081505,0.8699563176096186,5,2.526863369090349e-08,316.69733844773236
CS_thermal,16084.837988081505,0.8699563176096186,6,3.167299598084116e-08,781.804237572735
CS_thermal,16084.837988081505,0.8699563176096186,7,3.970055075686648e-08,1930.0874390848603
CS_thermal,16084.837988081505,0.8699563176096186,8,4.976269789419122e-08,4765.111856271084
CS_thermal,16084.837988081505,0.8699563176096186,9,6.237510700730634e-08,11764.863801469999
CS_thermal,16084.837988081505,0.8699563176096186,10,7.818414472715056e-08,29048.74802060309
CS_thermal,16084.837988081505,0.8699563176096186,11,9.8e-08,71735.90996019854
CS_thermal,16207.305951598022,0.8871819163783694,0,8.166666666666667e-09,inf
CS_thermal,16207.305951598022,0.8871819163783694,1,1.0236517085738568e-08,inf
CS_thermal,16207.305951598022,0.8871819163783694,2,1.2830973311830731e-08,18.138737318758555
CS_thermal,16207.305951598022,0.8871819163783694,3,1.6082997248964597e-08,44.775098751825425
CS_thermal,16207.305951598022,0.8871819163783694,4,2.0159250138234185e-08,110.52640244199688
CS_thermal,16207.305951598022,0.8871819163783694,5,2.526863369090349e-08,272.8333897458696
CS_thermal,16207.305951598022,0.8871819163783694,6,3.167299598084116e-08,673.5167849765269
CS_thermal,16207.305951598022,0.8871819163783694,7,3.970055075686648e-08,1662.7638596144882
CS_thermal,16207.305951598022,0.8871819163783694,8,4.976269789419122e-08,4105.203021181015
CS_thermal,16207.305951598022,0.8871819163783694,9,6.237510700730634e-08,10135.808217293576
CS_thermal,16207.305951598022,0.8871819163783694,10,7.818414472715056e-08,25027.11004958412
CS_thermal,16207.305951598022,0.8871819163783694,11,9.8e-08,61806.96523234922
CS_thermal,16332.549522602108,0.9026282038536281,0,8.166666666666667e-09,inf
CS_thermal,16332.549522602108,0.9026282038536281,1,1.0236517085738568e-08,inf
CS_thermal,16332.549522602108,0.9026282038536281,2,1.2830973311830731e-08,15.82101013725186
CS_thermal,16332.549522602108,0.9026282038536281,3,1.6082997248964597e-08,39.053836665332334
CS_thermal,16332.549522602108,0.9026282038536281,4,2.0159250138234185e-08,96.4035831555116
CS_thermal,16332.549522602108,0.9026282038536281,5,2.526863369090349e-08,237.97082021643612
CS_thermal,16332.549522602108,0.9026282038536281,6,3.167299598084116e-08,587.4517452369939
CS_thermal,16332.549522602108,0.9026282038536281,7,3.970055075686648e-08,1450.306205325865
CS_thermal,16332.549522602108,0.9026282038536281,8,4.976269789419122e-08,3580.7762119002473
CS_thermal,16332.549522602108,0.9026282038536281,9,6.237510700730634e-08,8841.34699414576
CS_thermal,16332.549522602108,0.9026282038536281,10,7.818414472715056e-08,21831.931266703203
CS_thermal,16332.549522602108,0.9026282038536281,11,9.8e-08,53920.16496633132
CS_thermal,16453.06727416909,0.9155204132330893,0,8.166666666666667e-09,inf
CS_thermal,16453.06727416909,0.9155204132330893,1,1.0236517085738568e-08,inf
CS_thermal,16453.06727416909,0.9155204132330893,2,1.2830973311830731e-08,14.069855343668204
CS_thermal,16453.06727416909,0.9155204132330893,3,1.6082997248964597e-08,34.731146919007934
CS_thermal,16453.06727416909,0.9155204132330893,4,2.0159250138234185e-08,85.73311209440304
CS_thermal,16453.06727416909,0.9155204132330893,5,2.526863369090349e-08,211.63065048867873
CS_thermal,16453.06727416909,0.9155204132330893,6,3.167299598084116e-08,522.4257517972374
CS_thermal,16453.06727416909,0.9155204132330893,7,3.970055075686648e-08,1289.7868128649661
CS_thermal,16453.06727416909,0.9155204132330893,8,4.976269789419122e-08,3184.583164513823
CS_thermal,16453.06727416909,0.9155204132330893,9,6.237510700730634e-08,7863.524725474142
CS_thermal,16453.06727416909,0.9155204132330893,10,7.818414472715056e-08,19418.68324555586
CS_thermal,16453.06727416909,0.9155204132330893,11,9.8e-08,47964.7572748163
CS_thermal,16579.18636019265,0.9271066211356386,0,8.166666666666667e-09,inf
CS_thermal,16579.18636019265,0.9271066211356386,1,1.0236517085738568e-08,inf
CS_thermal,16579.18636019265,0.9271066211356386,2,1.2830973311830731e-08,12.63306563593921
CS_thermal,16579.18636019265,0.9271066211356386,3,1.6082997248964597e-08,31.1844609149093
CS_thermal,16579.18636019265,0.9271066211356386,4,2.0159250138234185e-08,76.97819035266237
CS_thermal,16579.18636019265,0.9271066211356386,5,2.526863369090349e-08,190.0191408104494
CS_thermal,16579.18636019265,0.9271066211356386,6,3.167299598084116e-08,469.07303737552985
CS_thermal,16579.18636019265,0.9271066211356386,7,3.970055075686648e-08,1158.0818761532332
CS_thermal,16579.18636019265,0.9271066211356386,8,4.976269789419122e-08,2859.5338396891034
CS_thermal,16579.18636019265,0.9271066211356386,9,6.237510700730634e-08,7061.396228186339
CS_thermal,16579.18636019265,0.9271066211356386,10,7.818414472715056e-08,17439.37811678516
CS_thermal,16579.18636019265,0.9271066211356386,11,9.8e-08,43081.43058520173
CS_thermal,16701.605780417107,0.9366797285370975,0,8.166666666666667e-09,inf
CS_thermal,16701.605780417107,0.9366797285370975,1,1.0236517085738568e-08,inf
CS_thermal,16701.605780417107,0.9366797285370975,2,1.2830973311830731e-08,11.555283249962073
CS_thermal,16701.605780417107,0.9366797285370975,3,1.6082997248964597e-08,28.523977074217946
CS_thermal,16701.605780417107,0.9366797285370975,4,2.0159250138234185e-08,70.41084024831576
CS_thermal,16701.605780417107,0.9366797285370975,5,2.526863369090349e-08,173.80770252239134
CS_thermal,16701.605780417107,0.9366797285370975,6,3.167299598084116e-08,429.051297125927
CS_thermal,16701.605780417107,0.9366797285370975,7,3.970055075686648e-08,1059.2818275196144
CS_thermal,16701.605780417107,0.9366797285370975,8,4.976269789419122e-08,2615.7127548639196
CS_thermal,16701.605780417107,0.9366797285370975,9,6.237510700730634e-08,6459.819106473776
CS_thermal,16701.605780417107,0.9366797285370975,10,7.818414472715056e-08,15955.272361875182
CS_thermal,16701.605780417107,0.9366797285370975,11,9.8e-08,39421.000093811046
CS_thermal,16830.350293231764,0.9451850381432105,0,8.166666666666667e-09,inf
CS_thermal,16830.350293231764,0.9451850381432105,1,1.0236517085738568e-08,inf
CS_thermal,16830.350293231764,0.9451850381432105,2,1.2830973311830731e-08,inf
CS_thermal,16830.350293231764,0.9451850381432105,3,1.6082997248964597e-08,26.409810312125195
CS_thermal,16830.350293231764,0.9451850381432105,4,2.0159250138234185e-08,65.19206229436035
CS_thermal,16830.350293231764,0.9451850381432105,5,2.526863369090349e-08,160.92522677134755
CS_thermal,16830.350293231764,0.9451850381432105,6,3.167299598084116e-08,397.2477423225119
CS_thermal,16830.350293231764,0.9451850381432105,7,3.970055075686648e-08,980.7647514428083
CS_thermal,16830.350293231764,0.9451850381432105,8,4.976269789419122e-08,2421.9625032012063
CS_thermal,16830.350293231764,0.9451850381432105,9,6.237510700730634e-08,5981.895533068117
CS_thermal,16830.350293231764,0.9451850381432105,10,7.818414472715056e-08,14776.594322929273
CS_thermal,16830.350293231764,0.9451850381432105,11,9.8e-08,36515.17479850991
CS_thermal,16954.039085818236,0.9520486857020921,0,8.166666666666667e-09,inf
CS_thermal,16954.039085818236,0.9520486857020921,1,1.0236517085738568e-08,inf
CS_thermal,16954.039085818236,0.9520486857020921,2,1.2830973311830731e-08,inf
CS_thermal,16954.039085818236,0.9520486857020921,3,1.6082997248964597e-08,24.91892926503823
CS_thermal,16954.039085818236,0.9520486857020921,4,2.0159250138234185e-08,61.51185197976091
CS_thermal,16954.039085818236,0.9520486857020921,5,2.526863369090349e-08,151.84069075130017
CS_thermal,16954.039085818236,0.9520486857020921,6,3.167299598084116e-08,374.82030021404915
CS_thermal,16954.039085818236,0.9520486857020921,7,3.970055075686648e-08,925.3903391427975
CS_thermal,16954.039085818236,0.9520486857020921,8,4.976269789419122e-08,2285.3322315219625
CS_thermal,16954.039085818236,0.9520486857020921,9,6.237510700730634e-08,5644.988297491555
CS_thermal,16954.039085818236,0.9520486857020921,10,7.818414472715056e-08,13946.097084982102
CS_thermal,16954.039085818236,0.9520486857020921,11,9.8e-08,34469.1145321057
CS_thermal,17083.01249565709,0.9580393305699002,0,8.166666666666667e-09,inf
CS_thermal,17083.01249565709,0.9580393305699002,1,1.0236517085738568e-08,inf
CS_thermal,17083.01249565709,0.9580393305699002,2,1.2830973311830731e-08,inf
CS_thermal,17083.01249565709,0.9580393305699002,3,1.6082997248964597e-08,23.826181004616647
CS_thermal,17083.01249565709,0.9580393305699002,4,2.0159250138234185e-08,58.81442375214695
CS_thermal,17083.01249565709,0.9580393305699002,5,2.526863369090349e-08,145.1821359865353
CS_thermal,17083.01249565709,0.9580393305699002,6,3.167299598084116e-08,358.38198678068466
CS_thermal,17083.01249565709,0.9580393305699002,7,3.970055075686648e-08,884.7978031797738
CS_thermal,17083.01249565709,0.9580393305699002,8,4.976269789419122e-08,2185.1859770704223
CS_thermal,17083.01249565709,0.9580393305699002,9,6.237510700730634e-08,5398.182148482233
CS_thermal,17083.01249565709,0.9580393305699002,10,7.818414472715056e-08,13338.18653942041
CS_thermal,17083.01249565709,0.9580393305699002,11,9.8e-08,32973.10647271857
CS_thermal,17204.615196670624,0.9627621114906287,0,8.166666666666667e-09,inf
CS_thermal,17204.615196670624,0.9627621114906287,1,1.0236517085738568e-08,inf
CS_thermal,17204.615196670624,0.9627621114906287,2,1.2830973311830731e-08,inf
CS_thermal,17204.615196670624,0.9627621114906287,3,1.6082997248964597e-08,23.16069410720459
CS_thermal,17204.615196670624,0.9627621114906287,4,2.0159250138234185e-08,57.171680963310976
CS_thermal,17204.615196670624,0.9627621114906287,5,2.526863369090349e-08,141.12705067425583
CS_thermal,17204.615196670624,0.9627621114906287,6,3.167299598084116e-08,348.3709327619697
CS_thermal,17204.615196670624,0.9627621114906287,7,3.970055075686648e-08,860.071204042722
CS_thermal,17204.615196670624,0.9627621114906287,8,4.976269789419122e-08,2124.193887170585
CS_thermal,17204.615196670624,0.9627621114906287,9,6.237510700730634e-08,5248.026055106478
CS_thermal,17204.615196670624,0.9627621114906287,10,7.818414472715056e-08,12968.899342819783
CS_thermal,17204.615196670624,0.9627621114906287,11,9.8e-08,32066.296265357993
CS_thermal,17330.11043076656,0.9668441163973553,0,8.166666666666667e-09,inf
CS_thermal,17330.11043076656,0.9668441163973553,1,1.0236517085738568e-08,inf
CS_thermal,17330.11043076656,0.9668441163973553,2,1.2830973311830731e-08,inf
CS_thermal,17330.11043076656,0.9668441163973553,3,1.6082997248964597e-08,22.800391320642404
CS_thermal,17330.11043076656,0.9668441163973553,4,2.0159250138234185e-08,56.282278094060366
CS_thermal,17330.11043076656,0.9668441163973553,5,2.526863369090349e-08,138.93156684342318
CS_thermal,17330.11043076656,0.9668441163973553,6,3.167299598084116e-08,342.95062706606876
CS_thermal,17330.11043076656,0.9668441163973553,7,3.970055075686648e-08,846.6767822707822
CS_thermal,17330.11043076656,0.9668441163973553,8,4.976269789419122e-08,2091.1701465923256
CS_thermal,17330.11043076656,0.9668441163973553,9,6.237510700730634e-08,5166.946830875354
CS_thermal,17330.11043076656,0.9668441163973553,10,7.818414472715056e-08,12770.31078868624
CS_thermal,17330.11043076656,0.9668441163973553,11,9.8e-08,31581.510392833796
CS_thermal,17459.251288176205,0.9703434704404109,0,8.166666666666667e-09,inf
CS_thermal,17459.251288176205,0.9703434704404109,1,1.0236517085738568e-08,inf
CS_thermal,17459.251288176205,0.9703434704404109,2,1.2830973311830731e-08,inf
CS_thermal,17459.251288176205,0.9703434704404109,3,1.6082997248964597e-08,22.745938391548613
CS_thermal,17459.251288176205,0.9703434704404109,4,2.0159250138234185e-08,56.14785821662993
CS_thermal,17459.251288176205,0.9703434704404109,5,2.526863369090349e-08,138.5997388255709
CS_thermal,17459.251288176205,0.9703434704404109,6,3.167299598084116e-08,342.1309734031243
CS_thermal,17459.251288176205,0.9703434704404109,7,3.970055075686648e-08,844.639773844342
CS_thermal,17459.251288176205,0.9703434704404109,8,4.976269789419122e-08,2086.1789115711963
CS_thermal,17459.251288176205,0.9703434704404109,9,6.237510700730634e-08,5155.111339833298
CS_thermal,17459.251288176205,0.9703434704404109,10,7.818414472715056e-08,12742.874159782132
CS_thermal,17459.251288176205,0.9703434704404109,11,9.8e-08,31520.029575871034
CS_thermal,17591.80933875237,0.9733244666978468,0,8.166666666666667e-09,inf
CS_thermal,17591.80933875237,0.9733244666978468,1,1.0236517085738568e-08,inf
CS_thermal,17591.80933875237,0.9733244666978468,2,1.2830973311830731e-08,inf
CS_thermal,17591.80933875237,0.9733244666978468,3,1.6082997248964597e-08,23.002333223438153
CS_thermal,17591.80933875237,0.9733244666978468,4,2.0159250138234185e-08,56.78075809825741
CS_thermal,17591.80933875237,0.9733244666978468,5,2.526863369090349e-08,140.16201781143775
CS_thermal,17591.80933875237,0.9733244666978468,6,3.167299598084116e-08,345.9870459660376
CS_thermal,17591.80933875237,0.9733244666978468,7,3.970055075686648e-08,854.1460284198258
CS_thermal,17591.80933875237,0.9733244666978468,8,4.976269789419122e-08,2109.681759722464
CS_thermal,17591.80933875237,0.9733244666978468,9,6.237510700730634e-08,5213.671662253501
CS_thermal,17591.80933875237,0.9733244666978468,10,7.818414472715056e-08,12889.488982316569
CS_thermal,17591.80933875237,0.9733244666978468,11,9.8e-08,31889.225345757688
CS_thermal,17700.0,0.9753769917210872,0,8.166666666666667e-09,inf
CS_thermal,17700.0,0.9753769917210872,1,1.0236517085738568e-08,inf
CS_thermal,17700.0,0.9753769917210872,2,1.2830973311830731e-08,inf
CS_thermal,17700.0,0.9753769917210872,3,1.6082997248964597e-08,23.43588784413545
CS_thermal,17700.0,0.9753769917210872,4,2.0159250138234185e-08,57.850972822353484
CS_thermal,17700.0,0.9753769917210872,5,2.526863369090349e-08,142.80379769980053
CS_thermal,17700.0,0.9753769917210872,6,3.167299598084116e-08,352.50798508465414
CS_thermal,17700.0,0.9753769917210872,7,3.970055075686648e-08,870.234053656177
CS_thermal,17700.0,0.9753769917210872,8,4.976269789419122e-08,2149.426156071058
CS_thermal,17700.0,0.9753769917210872,9,6.237510700730634e-08,5312.267922770032
CS_thermal,17700.0,0.9753769917210872,10,7.818414472715056e-08,13134.766671001471
CS_thermal,17700.0,0.9753769917210872,11,9.8e-08,32501.427396310104
rate50_thermal,30.0,0.4840336134453783,0,8.166666666666667e-09,1.6645258911286835e+58
rate50_thermal,30.0,0.4840336134453783,1,1.0236517085738568e-08,8.707756047489557e+58
rate50_thermal,30.0,0.4840336134453783,2,1.2830973311830731e-08,4.0900651486872425e+59
rate50_thermal,30.0,0.4840336134453783,3,1.6082997248964597e-08,inf
rate50_thermal,30.0,0.4840336134453783,4,2.0159250138234185e-08,inf
rate50_thermal,30.0,0.4840336134453783,5,2.526863369090349e-08,inf
rate50_thermal,30.0,0.4840336134453783,6,3.167299598084116e-08,inf
rate50_thermal,30.0,0.4840336134453783,7,3.970055075686648e-08,inf
rate50_thermal,30.0,0.4840336134453783,8,4.976269789419122e-08,inf
rate50_thermal,30.0,0.4840336134453783,9,6.237510700730634e-08,inf
rate50_thermal,30.0,0.4840336134453783,10,7.818414472715056e-08,inf
rate50_thermal,30.0,0.4840336134453783,11,9.8e-08,inf
rate50_thermal,60.0,0.4840336134453783,0,8.166666666666667e-09,1.1773791214794776e+53
rate50_thermal,60.0,0.4840336134453783,1,1.0236517085738568e-08,6.158550739382389e+53
rate50_thermal,60.0,0.4840336134453783,2,1.2830973311830731e-08,2.8920849762114214e+54
rate50_thermal,60.0,0.4840336134453783,3,1.6082997248964597e-08,inf
rate50_thermal,60.0,0.4840336134453783,4,2.0159250138234185e-08,inf
rate50_thermal,60.0,0.4840336134453783,5,2.526863369090349e-08,inf
rate50_thermal,60.0,0.4840336134453783,6,3.167299598084116e-08,inf
rate50_thermal,60.0,0.4840336134453783,7,3.970055075686648e-08,inf
rate50_thermal,60.0,0.4840336134453783,8,4.976269789419122e-08,inf
rate50_thermal,60.0,0.4840336134453783,9,6.237510700730634e-08,inf
rate50_thermal,60.0,0.4840336134453783,10,7.818414472715056e-08,inf
rate50_thermal,60.0,0.4840336134453783,11,9.8e-08,inf
rate50_thermal,90.0,0.4840336134453783,0,8.166666666666667e-09,4.5712212853979285e+48
rate50_thermal,90.0,0.4840336134453783,1,1.0236517085738568e-08,2.3896757679953736e+49
rate50_thermal,90.0,0.4840336134453783,2,1.2830973311830731e-08,1.1210766686365569e+50
rate50_thermal,90.0,0.4840336134453783,3,1.6082997248964597e-08,inf
rate50_thermal,90.0,0.4840336134453783,4,2.0159250138234185e-08,inf
rate50_thermal,90.0,0.4840336134453783,5,2.526863369090349e-08,inf
rate50_thermal,90.0,0.4840336134453783,6,3.167299598084116e-08,inf
rate50_thermal,90.0,0.4840336134453783,7,3.970055075686648e-08,inf
rate50_thermal,90.0,0.4840336134453783,8,4.976269789419122e-08,inf
rate50_thermal,90.0,0.4840336134453783,9,6.237510700730634e-08,inf
rate50_thermal,90.0,0.4840336134453783,10,7.818414472715056e-08,inf
rate50_thermal,90.0,0.4840336134453783,11,9.8e-08,inf
rate50_thermal,120.0,0.4840336134453783,0,8.166666666666667e-09,6.910457750270089e+44
rate50_thermal,120.0,0.4840336134453783,1,1.0236517085738568e-08,3.604453761695603e+45
rate50_thermal,120.0,0.4840336134453783,2,1.2830973311830731e-08,1.684530599072266e+46
rate50_thermal,120.0,0.4840336134453783,3,1.6082997248964597e-08,inf
rate50_thermal,120.0,0.4840336134453783,4,2.0159250138234185e-08,inf
rate50_thermal,120.0,0.4840336134453783,5,2.526863369090349e-08,inf
rate50_thermal,120.0,0.4840336134453783,6,3.167299598084116e-08,inf
rate50_thermal,120.0,0.4840336134453783,7,3.970055075686648e-08,inf
rate50_thermal,120.0,0.4840336134453783,8,4.976269789419122e-08,inf
rate50_thermal,120.0,0.4840336134453783,9,6.237510700730634e-08,inf
rate50_thermal,120.0,0.4840336134453783,10,7.818414472715056e-08,inf
rate50_thermal,120.0,0.4840336134453783,11,9.8e-08,inf
rate50_thermal,150.0,0.4840336134453783,0,8.166666666666667e-09,3.1386952379562764e+41
rate50_thermal,150.0,0.4840336134453783,1,1.0236517085738568e-08,1.6255713500156656e+42
rate50_thermal,150.0,0.4840336134453783,2,1.2830973311830731e-08,7.507215025555489e+42
rate50_thermal,150.0,0.4840336134453783,3,1.6082997248964597e-08,inf
rate50_thermal,150.0,0.4840336134453783,4,2.0159250138234185e-08,inf
rate50_thermal,150.0,0.4840336134453783,5,2.526863369090349e-08,inf
rate50_thermal,150.0,0.4840336134453783,6,3.167299598084116e-08,inf
rate50_thermal,150.0,0.4840336134453783,7,3.970055075686648e-08,inf
rate50_thermal,150.0,0.4840336134453783,8,4.976269789419122e-08,inf
rate50_thermal,150.0,0.4840336134453783,9,6.237510700730634e-08,inf
rate50_thermal,150.0,0.4840336134453783,10,7.818414472715056e-08,inf
rate50_thermal,150.0,0.4840336134453783,11,9.8e-08,inf
rate50_thermal,180.0,0.4840336134453783,0,8.166666666666667e-09,3.498180708357876e+38
rate50_thermal,180.0,0.4840336134453783,1,1.0236517085738568e-08,1.777922301894386e+39
rate50_thermal,180.0,0.4840336134453783,2,1.2830973311830731e-08,7.963372435714915e+39
rate50_thermal,180.0,0.4840336134453783,3,1.6082997248964597e-08,inf
rate50_thermal,180.0,0.4840336134453783,4,2.0159250138234185e-08,inf
rate50_thermal,180.0,0.4840336134453783,5,2.526863369090349e-08,inf
rate50_thermal,180.0,0.4840336134453783,6,3.167299598084116e-08,inf
rate50_thermal,180.0,0.4840336134453783,7,3.970055075686648e-08,inf
rate50_thermal,180.0,0.4840336134453783,8,4.976269789419122e-08,inf
rate50_thermal,180.0,0.4840336134453783,9,6.237510700730634e-08,inf
rate50_thermal,180.0,0.4840336134453783,10,7.818414472715056e-08,inf
rate50_thermal,180.0,0.4840336134453783,11,9.8e-08,inf
rate50_thermal,210.0,0.4840336134453783,0,8.166666666666667e-09,8.11196793393206e+35
rate50_thermal,210.0,0.4840336134453783,1,1.0236517085738568e-08,3.95273887034556e+36
rate50_thermal,210.0,0.4840336134453783,2,1.2830973311830731e-08,1.6618590970801055e+37
rate50_thermal,210.0,0.4840336134453783,3,1.6082997248964597e-08,inf
rate50_thermal,210.0,0.4840336134453783,4,2.0159250138234185e-08,inf
rate50_thermal,210.0,0.4840336134453783,5,2.526863369090349e-08,inf
rate50_thermal,210.0,0.4840336134453783,6,3.167299598084116e-08,inf
rate50_thermal,210.0,0.4840336134453783,7,3.970055075686648e-08,inf
rate50_thermal,210.0,0.4840336134453783,8,4.976269789419122e-08,inf
rate50_thermal,210.0,0.4840336134453783,9,6.237510700730634e-08,inf
rate50_thermal,210.0,0.4840336134453783,10,7.818414472715056e-08,inf
rate50_thermal,210.0,0.4840336134453783,11,9.8e-08,inf
rate50_thermal,240.0,0.4840336134453783,0,8.166666666666667e-09,3.40138253695454e+33
rate50_thermal,240.0,0.4840336134453783,1,1.0236517085738568e-08,1.534370624085549e+34
rate50_thermal,240.0,0.4840336134453783,2,1.2830973311830731e-08,5.833814160239677e+34
rate50_thermal,240.0,0.4840336134453783,3,1.6082997248964597e-08,6.24136449327436e+35
rate50_thermal,240.0,0.4840336134453783,4,2.0159250138234185e-08,inf
rate50_thermal,240.0,0.4840336134453783,5,2.526863369090349e-08,inf
rate50_thermal,240.0,0.4840336134453783,6,3.167299598084116e-08,inf
rate50_thermal,240.0,0.4840336134453783,7,3.970055075686648e-08,inf
rate50_thermal,240.0,0.4840336134453783,8,4.976269789419122e-08,inf
rate50_thermal,240.0,0.4840336134453783,9,6.237510700730634e-08,inf
rate50_thermal,240.0,0.4840336134453783,10,7.818414472715056e-08,inf
rate50_thermal,240.0,0.4840336134453783,11,9.8e-08,inf
rate50_thermal,270.0,0.4840336134453783,0,8.166666666666667e-09,2.287960558397425e+31
rate50_thermal,270.0,0.4840336134453783,1,1.0236517085738568e-08,9.229696787784735e+31
rate50_thermal,270.0,0.4840336134453783,2,1.2830973311830731e-08,3.1160727942248778e+32
rate50_thermal,270.0,0.4840336134453783,3,1.6082997248964597e-08,1.614492009025682e+33
rate50_thermal,270.0,0.4840336134453783,4,2.0159250138234185e-08,inf
rate50_thermal,270.0,0.4840336134453783,5,2.526863369090349e-08,inf
rate50_thermal,270.0,0.4840336134453783,6,3.167299598084116e-08,inf
rate50_thermal,270.0,0.4840336134453783,7,3.970055075686648e-08,inf
rate50_thermal,270.0,0.4840336134453783,8,4.976269789419122e-08,inf
rate50_thermal,270.0,0.4840336134453783,9,6.237510700730634e-08,inf
rate50_thermal,270.0,0.4840336134453783,10,7.818414472715056e-08,inf
rate50_thermal,270.0,0.4840336134453783,11,9.8e-08,inf
rate50_thermal,300.0,0.4840336134453783,0,8.166666666666667e-09,2.2492566806237606e+29
rate50_thermal,300.0,0.4840336134453783,1,1.0236517085738568e-08,7.998432980391982e+29
rate50_thermal,300.0,0.4840336134453783,2,1.2830973311830731e-08,2.4278192788305448e+30
rate50_thermal,300.0,0.4840336134453783,3,1.6082997248964597e-08,8.904944708972565e+30
rate50_thermal,300.0,0.4840336134453783,4,2.0159250138234185e-08,7.133506046284244e+31
rate50_thermal,300.0,0.4840336134453783,5,2.526863369090349e-08,inf
rate50_thermal,300.0,0.4840336134453783,6,3.167299598084116e-08,inf
rate50_thermal,300.0,0.4840336134453783,7,3.970055075686648e-08,inf
rate50_thermal,300.0,0.4840336134453783,8,4.976269789419122e-08,inf
rate50_thermal,300.0,0.4840336134453783,9,6.237510700730634e-08,inf
rate50_thermal,300.0,0.4840336134453783,10,7.818414472715056e-08,inf
rate50_thermal,300.0,0.4840336134453783,11,9.8e-08,inf
rate50_thermal,330.0,0.4840336134453783,0,8.166666666666667e-09,3.045560287835771e+27
rate50_thermal,330.0,0.4840336134453783,1,1.0236517085738568e-08,9.669157024404181e+27
rate50_thermal,330.0,0.4840336134453783,2,1.2830973311830731e-08,2.7162981096808938e+28
rate50_thermal,330.0,0.4840336134453783,3,1.6082997248964597e-08,8.345542337526351e+28
rate50_thermal,330.0,0.4840336134453783,4,2.0159250138234185e-08,3.161372678058895e+29
rate50_thermal,330.0,0.4840336134453783,5,2.526863369090349e-08,3.267912745053381e+30
rate50_thermal,330.0,0.4840336134453783,6,3.167299598084116e-08,inf
rate50_thermal,330.0,0.4840336134453783,7,3.970055075686648e-08,inf
rate50_thermal,330.0,0.4840336134453783,8,4.976269789419122e-08,inf
rate50_thermal,330.0,0.4840336134453783,9,6.237510700730634e-08,inf
rate50_thermal,330.0,0.4840336134453783,10,7.818414472715056e-08,inf
rate50_thermal,330.0,0.4840336134453783,11,9.8e-08,inf
rate50_thermal,360.0,0.4840336134453783,0,8.166666666666667e-09,5.51197108438593e+25
rate50_thermal,360.0,0.4840336134453783,1,1.0236517085738568e-08,1.6059567517571407e+26
rate50_thermal,360.0,0.4840336134453783,2,1.2830973311830731e-08,4.2923588294536484e+26
rate50_thermal,360.0,0.4840336134453783,3,1.6082997248964597e-08,1.2011022763944941e+27
rate50_thermal,360.0,0.4840336134453783,4,2.0159250138234185e-08,3.6613295583193293e+27
rate50_thermal,360.0,0.4840336134453783,5,2.526863369090349e-08,1.3579915603643162e+28
rate50_thermal,360.0,0.4840336134453783,6,3.167299598084116e-08,1.1786030981441423e+29
rate50_thermal,360.0,0.4840336134453783,7,3.970055075686648e-08,inf
rate50_thermal,360.0,0.4840336134453783,8,4.976269789419122e-08,inf
rate50_thermal,360.0,0.4840336134453783,9,6.237510700730634e-08,inf
rate50_thermal,360.0,0.4840336134453783,10,7.818414472715056e-08,inf
rate50_thermal,360.0,0.4840336134453783,11,9.8e-08,inf
rate50_thermal,390.0,0.4840336134453783,0,8.166666666666667e-09,1.312581309865231e+24
rate50_thermal,390.0,0.4840336134453783,1,1.0236517085738568e-08,3.607253219862644e+24
rate50_thermal,390.0,0.4840336134453783,2,1.2830973311830731e-08,9.35376219328401e+24
rate50_thermal,390.0,0.4840336134453783,3,1.6082997248964597e-08,2.4877042916021175e+25
rate50_thermal,390.0,0.4840336134453783,4,2.0159250138234185e-08,6.901618952123487e+25
rate50_thermal,390.0,0.4840336134453783,5,2.526863369090349e-08,2.0685488555682228e+26
rate50_thermal,390.0,0.4840336134453783,6,3.167299598084116e-08,7.346796588203188e+26
rate50_thermal,390.0,0.4840336134453783,7,3.970055075686648e-08,4.833775154502042e+27
rate50_thermal,390.0,0.4840336134453783,8,4.976269789419122e-08,inf
rate50_thermal,390.0,0.4840336134453783,9,6.237510700730634e-08,inf
rate50_thermal,390.0,0.4840336134453783,10,7.818414472715056e-08,inf
rate50_thermal,390.0,0.4840336134453783,11,9.8e-08,inf
rate50_thermal,420.0,0.4840336134453783,0,8.166666666666667e-09,4.055946015698248e+22
rate50_thermal,420.0,0.4840336134453783,1,1.0236517085738568e-08,1.0734525731760465e+23
rate50_thermal,420.0,0.4840336134453783,2,1.2830973311830731e-08,2.73341188042602e+23
rate50_thermal,420.0,0.4840336134453783,3,1.6082997248964597e-08,7.064808753592803e+23
rate50_thermal,420.0,0.4840336134453783,4,2.0159250138234185e-08,1.869145791906493e+24
rate50_thermal,420.0,0.4840336134453783,5,2.526863369090349e-08,5.139367890358383e+24
rate50_thermal,420.0,0.4840336134453783,6,3.167299598084116e-08,1.5141619448914793e+25
rate50_thermal,420.0,0.4840336134453783,7,3.970055075686648e-08,5.159450537277776e+25
rate50_thermal,420.0,0.4840336134453783,8,4.976269789419122e-08,2.7785833881891833e+26
rate50_thermal,420.0,0.4840336134453783,9,6.237510700730634e-08,inf
rate50_thermal,420.0,0.4840336134453783,10,7.818414472715056e-08,inf
rate50_thermal,420.0,0.4840336134453783,11,9.8e-08,inf
rate50_thermal,450.0,0.4840336134453783,0,8.166666666666667e-09,1.5998588321980607e+21
rate50_thermal,450.0,0.4840336134453783,1,1.0236517085738568e-08,4.1344619284468266e+21
rate50_thermal,450.0,0.4840336134453783,2,1.2830973311830731e-08,1.0412880933976552e+22
rate50_thermal,450.0,0.4840336134453783,3,1.6082997248964597e-08,2.6468574635923492e+22
rate50_thermal,450.0,0.4840336134453783,4,2.0159250138234185e-08,6.822691247158116e+22
rate50_thermal,450.0,0.4840336134453783,5,2.526863369090349e-08,1.7973603315966945e+23
rate50_thermal,450.0,0.4840336134453783,6,3.167299598084116e-08,4.9062806046931144e+23
rate50_thermal,450.0,0.4840336134453783,7,3.970055075686648e-08,1.4259858197855122e+24
rate50_thermal,450.0,0.4840336134453783,8,4.976269789419122e-08,4.709908870306565e+24
rate50_thermal,450.0,0.4840336134453783,9,6.237510700730634e-08,2.241562246863414e+25
rate50_thermal,450.0,0.4840336134453783,10,7.818414472715056e-08,inf
rate50_thermal,450.0,0.4840336134453783,11,9.8e-08,inf
rate50_thermal,480.0,0.4840336134453783,0,8.166666666666667e-09,7.908124296675821e+19
rate50_thermal,480.0,0.4840336134453783,1,1.0236517085738568e-08,2.013003228365337e+20
rate50_thermal,480.0,0.4840336134453783,2,1.2830973311830731e-08,5.035650177779509e+20
rate50_thermal,480.0,0.4840336134453783,3,1.6082997248964597e-08,1.2672216084764342e+21
rate50_thermal,480.0,0.4840336134453783,4,2.0159250138234185e-08,3.2172280712685263e+21
rate50_thermal,480.0,0.4840336134453783,5,2.526863369090349e-08,8.277443181005609e+21
rate50_thermal,480.0,0.4840336134453783,6,3.167299598084116e-08,2.174163228965297e+22
rate50_thermal,480.0,0.4840336134453783,7,3.970055075686648e-08,5.90555980342949e+22
rate50_thermal,480.0,0.4840336134453783,8,4.976269789419122e-08,1.7008613611230448e+23
rate50_thermal,480.0,0.4840336134453783,9,6.237510700730634e-08,5.5058327095225925e+23
rate50_thermal,480.0,0.4840336134453783,10,7.818414472715056e-08,2.4416086328988863e+24
rate50_thermal,480.0,0.4840336134453783,11,9.8e-08,inf
rate50_thermal,510.0,0.4840336134453783,0,8.166666666666667e-09,4.806394185163121e+18
rate50_thermal,510.0,0.4840336134453783,1,1.0236517085738568e-08,1.2116332735927249e+19
rate50_thermal,510.0,0.4840336134453783,2,1.2830973311830731e-08,3.0180488433062085e+19
rate50_thermal,510.0,0.4840336134453783,3,1.6082997248964597e-08,7.547573068611571e+19
rate50_thermal,510.0,0.4840336134453783,4,2.0159250138234185e-08,1.8985111376444254e+20
rate50_thermal,510.0,0.4840336134453783,5,2.526863369090349e-08,4.8167836557726155e+20
rate50_thermal,510.0,0.4840336134453783,6,3.167299598084116e-08,1.2380449135241989e+21
rate50_thermal,510.0,0.4840336134453783,7,3.970055075686648e-08,3.2467296363116474e+21
rate50_thermal,510.0,0.4840336134453783,8,4.976269789419122e-08,8.795760725419083e+21
rate50_thermal,510.0,0.4840336134453783,9,6.237510700730634e-08,2.52116893467205e+22
rate50_thermal,510.0,0.4840336134453783,10,7.818414472715056e-08,8.07718808695644e+22
rate50_thermal,510.0,0.4840336134453783,11,9.8e-08,4.010610916962008e+23
rate50_thermal,540.0,0.4840336134453783,0,8.166666666666667e-09,3.526609983699695e+17
rate50_thermal,540.0,0.4840336134453783,1,1.0236517085738568e-08,8.833819550972101e+17
rate50_thermal,540.0,0.4840336134453783,2,1.2830973311830731e-08,2.1943359456535124e+18
rate50_thermal,540.0,0.4840336134453783,3,1.6082997248964597e-08,5.465659990650006e+18
rate50_thermal,540.0,0.4840336134453783,4,2.0159250138234185e-08,1.3667874979191507e+19
rate50_thermal,540.0,0.4840336134453783,5,2.526863369090349e-08,3.4377436607648403e+19
rate50_thermal,540.0,0.4840336134453783,6,3.167299598084116e-08,8.721029969932752e+19
rate50_thermal,540.0,0.4840336134453783,7,3.970055075686648e-08,2.241151989902619e+20
rate50_thermal,540.0,0.4840336134453783,8,4.976269789419122e-08,5.8757293404633176e+20
rate50_thermal,540.0,0.4840336134453783,9,6.237510700730634e-08,1.591076834328298e+21
rate50_thermal,540.0,0.4840336134453783,10,7.818414472715056e-08,4.5568087063038426e+21
rate50_thermal,540.0,0.4840336134453783,11,9.8e-08,1.5419028689067805e+22
rate50_thermal,570.0,0.4840336134453783,0,8.166666666666667e-09,3.0710392095248096e+16
rate50_thermal,570.0,0.4840336134453783,1,1.0236517085738568e-08,7.66008019698158e+16
rate50_thermal,570.0,0.4840336134453783,2,1.2830973311830731e-08,1.899295336376387e+17
rate50_thermal,570.0,0.4840336134453783,3,1.6082997248964597e-08,4.718289084555148e+17
rate50_thermal,570.0,0.4840336134453783,4,2.0159250138234185e-08,1.1753797189598234e+18
rate50_thermal,570.0,0.4840336134453783,5,2.526863369090349e-08,2.9397839273376256e+18
rate50_thermal,570.0,0.4840336134453783,6,3.167299598084116e-08,7.396117385658994e+18
rate50_thermal,570.0,0.4840336134453783,7,3.970055075686648e-08,1.8770288192208564e+19
rate50_thermal,570.0,0.4840336134453783,8,4.976269789419122e-08,4.826562525157106e+19
rate50_thermal,570.0,0.4840336134453783,9,6.237510700730634e-08,1.2666118033206177e+20
rate50_thermal,570.0,0.4840336134453783,10,7.818414472715056e-08,3.4352824967097876e+20
rate50_thermal,570.0,0.4840336134453783,11,9.8e-08,1.017597182903495e+21
rate50_thermal,600.0,0.48403361344537854,0,8.166666666666667e-09,3125105053787208.5
rate50_thermal,600.0,0.48403361344537854,1,1.0236517085738568e-08,7772427203519626.0
rate50_thermal,600.0,0.48403361344537854,2,1.2830973311830731e-08,1.9247601421837436e+16
rate50_thermal,600.0,0.48403361344537854,3,1.6082997248964597e-08,4.773024691167824e+16
rate50_thermal,600.0,0.48403361344537854,4,2.0159250138234185e-08,1.1859572869756706e+17
rate50_thermal,600.0,0.48403361344537854,5,2.526863369090349e-08,2.955175094403818e+17
rate50_thermal,600.0,0.48403361344537854,6,3.167299598084116e-08,7.394281403510417e+17
rate50_thermal,600.0,0.48403361344537854,7,3.970055075686648e-08,1.8614124112755953e+18
rate50_thermal,600.0,0.48403361344537854,8,4.976269789419122e-08,4.728194649013214e+18
rate50_thermal,600.0,0.48403361344537854,9,6.237510700730634e-08,1.217449673669626e+19
rate50_thermal,600.0,0.48403361344537854,10,7.818414472715056e-08,3.2017431875790193e+19
rate50_thermal,600.0,0.48403361344537854,11,9.8e-08,8.884080402103751e+19
rate50_thermal,630.0,0.4840336134453801,0,8.166666666666667e-09,366462400060258.56
rate50_thermal,630.0,0.4840336134453801,1,1.0236517085738568e-08,909595970262293.4
rate50_thermal,630.0,0.4840336134453801,2,1.2830973311830731e-08,2250582785597891.0
rate50_thermal,630.0,0.4840336134453801,3,1.6082997248964597e-08,5574124362894866.0
rate50_thermal,630.0,0.4840336134453801,4,2.0159250138234185e-08,1.382554579803247e+16
rate50_thermal,630.0,0.4840336134453801,5,2.526863369090349e-08,3.4362535843335692e+16
rate50_thermal,630.0,0.4840336134453801,6,3.167299598084116e-08,8.566116723839213e+16
rate50_thermal,630.0,0.4840336134453801,7,3.970055075686648e-08,2.1446965705018477e+17
rate50_thermal,630.0,0.4840336134453801,8,4.976269789419122e-08,5.403919874108191e+17
rate50_thermal,630.0,0.4840336134453801,9,6.237510700730634e-08,1.3745313627757693e+18
rate50_thermal,630.0,0.4840336134453801,10,7.818414472715056e-08,3.5466491896884705e+18
rate50_thermal,630.0,0.4840336134453801,11,9.8e-08,9.479527389341936e+18
rate50_thermal,660.0,0.48403361344539186,0,8.166666666666667e-09,48904575239574.01
rate50_thermal,660.0,0.48403361344539186,1,1.0236517085738568e-08,121213304625822.83
rate50_thermal,660.0,0.48403361344539186,2,1.2830973311830731e-08,299731826282398.6
rate50_thermal,660.0,0.48403361344539186,3,1.6082997248964597e-08,741714714462505.6
rate50_thermal,660.0,0.48403361344539186,4,2.0159250138234185e-08,1837388570862912.0
rate50_thermal,660.0,0.48403361344539186,5,2.526863369090349e-08,4558532275908498.0
rate50_thermal,660.0,0.48403361344539186,6,3.167299598084116e-08,1.1334400698099628e+16
rate50_thermal,660.0,0.48403361344539186,7,3.970055075686648e-08,2.827121515745508e+16
rate50_thermal,660.0,0.48403361344539186,8,4.976269789419122e-08,7.084138368284306e+16
rate50_thermal,660.0,0.48403361344539186,9,6.237510700730634e-08,1.787155500651573e+17
rate50_thermal,660.0,0.48403361344539186,10,7.818414472715056e-08,4.5541408657645024e+17
rate50_thermal,660.0,0.48403361344539186,11,9.8e-08,1.1890607838937528e+18
rate50_thermal,690.0,0.48403361344547036,0,8.166666666666667e-09,7344697053443.703
rate50_thermal,690.0,0.48403361344547036,1,1.0236517085738568e-08,18185652976600.438
rate50_thermal,690.0,0.48403361344547036,2,1.2830973311830731e-08,44949155333147.32
rate50_thermal,690.0,0.48403361344547036,3,1.6082997248964597e-08,111161430800870.31
rate50_thermal,690.0,0.48403361344547036,4,2.0159250138234185e-08,275124777084768.47
rate50_thermal,690.0,0.48403361344547036,5,2.526863369090349e-08,681704750845485.0
rate50_thermal,690.0,0.48403361344547036,6,3.167299598084116e-08,1691872364795773.8
rate50_thermal,690.0,0.48403361344547036,7,3.970055075686648e-08,4208753386161164.5
rate50_thermal,690.0,0.48403361344547036,8,4.976269789419122e-08,1.0505272675861678e+16
rate50_thermal,690.0,0.48403361344547036,9,6.237510700730634e-08,2.635117780747573e+16
rate50_thermal,690.0,0.48403361344547036,10,7.818414472715056e-08,6.6579594052313e+16
rate50_thermal,690.0,0.48403361344547036,11,9.8e-08,1.7115688540495754e+17
rate50_thermal,720.0,0.48403361344593987,0,8.166666666666667e-09,1229051131017.9487
rate50_thermal,720.0,0.48403361344593987,1,1.0236517085738568e-08,3040872350481.3696
rate50_thermal,720.0,0.48403361344593987,2,1.2830973311830731e-08,7513664107844.882
rate50_thermal,720.0,0.48403361344593987,3,1.6082997248964597e-08,18573161318343.383
rate50_thermal,720.0,0.48403361344593987,4,2.0159250138234185e-08,45938582788001.97
rate50_thermal,720.0,0.48403361344593987,5,2.526863369090349e-08,113720251784887.38
rate50_thermal,720.0,0.48403361344593987,6,3.167299598084116e-08,281855009361126.0
rate50_thermal,720.0,0.48403361344593987,7,3.970055075686648e-08,699795979320027.4
rate50_thermal,720.0,0.48403361344593987,8,4.976269789419122e-08,1741843248830504.8
rate50_thermal,720.0,0.48403361344593987,9,6.237510700730634e-08,4351394471181602.0
rate50_thermal,720.0,0.48403361344593987,10,7.818414472715056e-08,1.0928398404896584e+16
rate50_thermal,720.0,0.48403361344593987,11,9.8e-08,2.7793718940257024e+16
rate50_thermal,750.0,0.4840336134484835,0,8.166666666666667e-09,227124597382.82202
rate50_thermal,750.0,0.4840336134484835,1,1.0236517085738568e-08,561628522928.7528
rate50_thermal,750.0,0.4840336134484835,2,1.2830973311830731e-08,1387392459406.5396
rate50_thermal,750.0,0.4840336134484835,3,1.6082997248964597e-08,3428355332819.3174
rate50_thermal,750.0,0.4840336134484835,4,2.0159250138234185e-08,8475529916676.742
rate50_thermal,750.0,0.4840336134484835,5,2.526863369090349e-08,20966490966279.855
rate50_thermal,750.0,0.4840336134484835,6,3.167299598084116e-08,51913706124796.64
rate50_thermal,750.0,0.4840336134484835,7,3.970055075686648e-08,128708653300685.98
rate50_thermal,750.0,0.4840336134484835,8,4.976269789419122e-08,319706609175212.94
rate50_thermal,750.0,0.4840336134484835,9,6.237510700730634e-08,796297957082487.4
rate50_thermal,750.0,0.4840336134484835,10,7.818414472715056e-08,1991184110184732.0
rate50_thermal,750.0,0.4840336134484835,11,9.8e-08,5025427348378928.0
rate50_thermal,780.0,0.48403361346105767,0,8.166666666666667e-09,45982000345.58885
rate50_thermal,780.0,0.48403361346105767,1,1.0236517085738568e-08,113655158678.28374
rate50_thermal,780.0,0.48403361346105767,2,1.2830973311830731e-08,280712200793.88135
rate50_thermal,780.0,0.48403361346105767,3,1.6082997248964597e-08,693484078895.5264
rate50_thermal,780.0,0.48403361346105767,4,2.0159250138234185e-08,1713794334043.5757
rate50_thermal,780.0,0.48403361346105767,5,2.526863369090349e-08,4237314676803.774
rate50_thermal,780.0,0.48403361346105767,6,3.167299598084116e-08,10483890479078.664
rate50_thermal,780.0,0.48403361346105767,7,3.970055075686648e-08,25964686115945.535
rate50_thermal,780.0,0.48403361346105767,8,4.976269789419122e-08,64395938677001.625
rate50_thermal,780.0,0.48403361346105767,9,6.237510700730634e-08,160036061427284.5
rate50_thermal,780.0,0.48403361346105767,10,7.818414472715056e-08,398890413419143.8
rate50_thermal,780.0,0.48403361346105767,11,9.8e-08,1001101077043812.2
rate50_thermal,810.0,0.4840336135181931,0,8.166666666666667e-09,10125783070.621565
rate50_thermal,810.0,0.4840336135181931,1,1.0236517085738568e-08,25020117049.042145
rate50_thermal,810.0,0.4840336135181931,2,1.2830973311830731e-08,61787665363.39252
rate50_thermal,810.0,0.4840336135181931,3,1.6082997248964597e-08,152613130547.27106
rate50_thermal,810.0,0.4840336135181931,4,2.0159250138234185e-08,377044615487.97217
rate50_thermal,810.0,0.4840336135181931,5,2.526863369090349e-08,931861839359.6876
rate50_thermal,810.0,0.4840336135181931,6,3.167299598084116e-08,2304282768348.694
rate50_thermal,810.0,0.4840336135181931,7,3.970055075686648e-08,5702196829270.123
rate50_thermal,810.0,0.4840336135181931,8,4.976269789419122e-08,14125692696590.098
rate50_thermal,810.0,0.4840336135181931,9,6.237510700730634e-08,35046020383356.844
rate50_thermal,810.0,0.4840336135181931,10,7.818414472715056e-08,87140359293027.36
rate50_thermal,810.0,0.4840336135181931,11,9.8e-08,217781550193851.06
rate50_thermal,840.0,0.4840336137583824,0,8.166666666666667e-09,2409836579.927388
rate50_thermal,840.0,0.4840336137583824,1,1.0236517085738568e-08,5953048143.948108
rate50_thermal,840.0,0.4840336137583824,2,1.2830973311830731e-08,14699603380.664925
rate50_thermal,840.0,0.4840336137583824,3,1.6082997248964597e-08,36301941398.90653
rate50_thermal,840.0,0.4840336137583824,4,2.0159250138234185e-08,89667851963.48555
rate50_thermal,840.0,0.4840336137583824,5,2.526863369090349e-08,221544801992.7965
rate50_thermal,840.0,0.4840336137583824,6,3.167299598084116e-08,547588771455.4858
rate50_thermal,840.0,0.4840336137583824,7,3.970055075686648e-08,1354214950136.6958
rate50_thermal,840.0,0.4840336137583824,8,4.976269789419122e-08,3351690137391.176
rate50_thermal,840.0,0.4840336137583824,9,6.237510700730634e-08,8304843552031.398
rate50_thermal,840.0,0.4840336137583824,10,7.818414472715056e-08,20611240732426.715
rate50_thermal,840.0,0.4840336137583824,11,9.8e-08,51347385870758.664
rate50_thermal,870.0,0.4840336146980211,0,8.166666666666667e-09,616229025.4861203
rate50_thermal,870.0,0.4840336146980211,1,1.0236517085738568e-08,1521978752.91879
rate50_thermal,870.0,0.4840336146980211,2,1.2830973311830731e-08,3757842665.2148595
rate50_thermal,870.0,0.4840336146980211,3,1.6082997248964597e-08,9279214652.36507
rate50_thermal,870.0,0.4840336146980211,4,2.0159250138234185e-08,22916304511.274036
rate50_thermal,870.0,0.4840336146980211,5,2.526863369090349e-08,56606266587.37985
rate50_thermal,870.0,0.4840336146980211,6,3.167299598084116e-08,139864620005.9953
rate50_thermal,870.0,0.4840336146980211,7,3.970055075686648e-08,345722245118.9846
rate50_thermal,870.0,0.4840336146980211,8,4.976269789419122e-08,855063226007.9744
rate50_thermal,870.0,0.4840336146980211,9,6.237510700730634e-08,2116550364861.862
rate50_thermal,870.0,0.4840336146980211,10,7.818414472715056e-08,5245341539452.377
rate50_thermal,870.0,0.4840336146980211,11,9.8e-08,13035123169811.016
rate50_thermal,900.0,0.4840336181369058,0,8.166666666666667e-09,168427671.2033683
rate50_thermal,900.0,0.4840336181369058,1,1.0236517085738568e-08,415922350.2677141
rate50_thermal,900.0,0.4840336181369058,2,1.2830973311830731e-08,1026865532.2483644
rate50_thermal,900.0,0.4840336181369058,3,1.6082997248964597e-08,2535393311.267388
rate50_thermal,900.0,0.4840336181369058,4,2.0159250138234185e-08,6260665154.156517
rate50_thermal,900.0,0.4840336181369058,5,2.526863369090349e-08,15461706104.83886
rate50_thermal,900.0,0.4840336181369058,6,3.167299598084116e-08,38192882503.80618
rate50_thermal,900.0,0.4840336181369058,7,3.970055075686648e-08,94369805695.36182
rate50_thermal,900.0,0.4840336181369058,8,4.976269789419122e-08,233272147171.5057
rate50_thermal,900.0,0.4840336181369058,9,6.237510700730634e-08,576963856413.192
rate50_thermal,900.0,0.4840336181369058,10,7.818414472715056e-08,1428236684860.8618
rate50_thermal,900.0,0.4840336181369058,11,9.8e-08,3542424717985.86
rate50_thermal,930.0,0.4840336299671907,0,8.166666666666667e-09,48970926.326158665
rate50_thermal,930.0,0.4840336299671907,1,1.0236517085738568e-08,120915791.8701652
rate50_thermal,930.0,0.4840336299671907,2,1.2830973311830731e-08,298511725.3950715
rate50_thermal,930.0,0.4840336299671907,3,1.6082997248964597e-08,736988094.1080915
rate50_thermal,930.0,0.4840336299671907,4,2.0159250138234185e-08,1819654952.4156127
rate50_thermal,930.0,0.4840336299671907,5,2.526863369090349e-08,4493240167.165477
rate50_thermal,930.0,0.4840336299671907,6,3.167299598084116e-08,11096604046.100954
rate50_thermal,930.0,0.4840336299671907,7,3.970055075686648e-08,27409800497.168526
rate50_thermal,930.0,0.4840336299671907,8,4.976269789419122e-08,67724112626.93173
rate50_thermal,930.0,0.4840336299671907,9,6.237510700730634e-08,167399572859.81912
rate50_thermal,930.0,0.4840336299671907,10,7.818414472715056e-08,414012261190.43
rate50_thermal,930.0,0.4840336299671907,11,9.8e-08,1025289287917.9651
rate50_thermal,960.0,0.48403366838839834,0,8.166666666666667e-09,15081523.426345106
rate50_thermal,960.0,0.48403366838839834,1,1.0236517085738568e-08,37234559.28052156
rate50_thermal,960.0,0.48403366838839834,2,1.2830973311830731e-08,91919162.27951176
rate50_thermal,960.0,0.48403366838839834,3,1.6082997248964597e-08,226923118.74715534
rate50_thermal,960.0,0.48403366838839834,4,2.0159250138234185e-08,560234339.2136457
rate50_thermal,960.0,0.48403366838839834,5,2.526863369090349e-08,1383205684.008616
rate50_thermal,960.0,0.48403366838839834,6,3.167299598084116e-08,3415394893.5500493
rate50_thermal,960.0,0.48403366838839834,7,3.970055075686648e-08,8434279157.707296
rate50_thermal,960.0,0.48403366838839834,8,4.976269789419122e-08,20831972158.379566
rate50_thermal,960.0,0.48403366838839834,9,6.237510700730634e-08,51465980196.193634
rate50_thermal,960.0,0.48403366838839834,10,7.818414472715056e-08,127193045604.96233
rate50_thermal,960.0,0.48403366838839834,11,9.8e-08,314601884779.6561
rate50_thermal,990.0,0.48403378665155883,0,8.166666666666667e-09,4900427.391977703
rate50_thermal,990.0,0.48403378665155883,1,1.0236517085738568e-08,12097603.93314522
rate50_thermal,990.0,0.48403378665155883,2,1.2830973311830731e-08,29863733.93077515
rate50_thermal,990.0,0.48403378665155883,3,1.6082997248964597e-08,73721692.67800826
rate50_thermal,990.0,0.48403378665155883,4,2.0159250138234185e-08,181993411.80074748
rate50_thermal,990.0,0.48403378665155883,5,2.526863369090349e-08,449292434.31940025
rate50_thermal,990.0,0.48403378665155883,6,3.167299598084116e-08,1109228856.1695023
rate50_thermal,990.0,0.48403378665155883,7,3.970055075686648e-08,2738670135.8406963
rate50_thermal,990.0,0.48403378665155883,8,4.976269789419122e-08,6762325344.4434395
rate50_thermal,990.0,0.48403378665155883,9,6.237510700730634e-08,16699605346.506176
rate50_thermal,990.0,0.48403378665155883,10,7.818414472715056e-08,41247064090.0775
rate50_thermal,990.0,0.48403378665155883,11,9.8e-08,101919502469.91563
rate50_thermal,1020.0,0.48403413289223896,0,8.166666666666667e-09,1674017.8856407274
rate50_thermal,1020.0,0.48403413289223896,1,1.0236517085738568e-08,4132342.0143374885
rate50_thermal,1020.0,0.48403413289223896,2,1.2830973311830731e-08,10200667.922429875
rate50_thermal,1020.0,0.48403413289223896,3,1.6082997248964597e-08,25180372.478155877
rate50_thermal,1020.0,0.48403413289223896,4,2.0159250138234185e-08,62158050.47195227
rate50_thermal,1020.0,0.48403413289223896,5,2.526863369090349e-08,153438742.95187736
rate50_thermal,1020.0,0.48403413289223896,6,3.167299598084116e-08,378770471.14174616
rate50_thermal,1020.0,0.48403413289223896,7,3.970055075686648e-08,935022556.7309698
rate50_thermal,1020.0,0.48403413289223896,8,4.976269789419122e-08,2308208455.5312967
rate50_thermal,1020.0,0.48403413289223896,9,6.237510700730634e-08,5698202603.075449
rate50_thermal,1020.0,0.48403413289223896,10,7.818414472715056e-08,14067433560.037594
rate50_thermal,1020.0,0.48403413289223896,11,9.8e-08,34731578443.997856
rate50_thermal,1050.0,0.4840350271468359,0,8.166666666666667e-09,648168.2272423414
rate50_thermal,1050.0,0.4840350271468359,1,1.0236517085738568e-08,1599990.0519746076
rate50_thermal,1050.0,0.4840350271468359,2,1.2830973311830731e-08,3949542.8174403845
rate50_thermal,1050.0,0.4840350271468359,3,1.6082997248964597e-08,9749365.908466805
rate50_thermal,1050.0,0.4840350271468359,4,2.0159250138234185e-08,24066110.94217182
rate50_thermal,1050.0,0.4840350271468359,5,2.526863369090349e-08,59406704.11813515
rate50_thermal,1050.0,0.4840350271468359,6,3.167299598084116e-08,146644237.72063333
rate50_thermal,1050.0,0.4840350271468359,7,3.970055075686648e-08,361988310.4830301
rate50_thermal,1050.0,0.4840350271468359,8,4.976269789419122e-08,893560762.7549307
rate50_thermal,1050.0,0.4840350271468359,9,6.237510700730634e-08,2205736520.9534755
rate50_thermal,1050.0,0.4840350271468359,10,7.818414472715056e-08,5444815620.019354
rate50_thermal,1050.0,0.4840350271468359,11,9.8e-08,13440416314.97673
rate50_thermal,1080.0,0.48403718990797995,0,8.166666666666667e-09,268000.5626025777
rate50_thermal,1080.0,0.48403718990797995,1,1.0236517085738568e-08,661553.9239130048
rate50_thermal,1080.0,0.48403718990797995,2,1.2830973311830731e-08,1633032.3712434133
rate50_thermal,1080.0,0.48403718990797995,3,1.6082997248964597e-08,4031107.1087359698
rate50_thermal,1080.0,0.48403718990797995,4,2.0159250138234185e-08,9950705.69815593
rate50_thermal,1080.0,0.48403718990797995,5,2.526863369090349e-08,24563114.10676471
rate50_thermal,1080.0,0.48403718990797995,6,3.167299598084116e-08,60633546.29275778
rate50_thermal,1080.0,0.48403718990797995,7,3.970055075686648e-08,149672672.60152203
rate50_thermal,1080.0,0.48403718990797995,8,4.976269789419122e-08,369463940.19287974
rate50_thermal,1080.0,0.48403718990797995,9,6.237510700730634e-08,912014202.1008798
rate50_thermal,1080.0,0.48403718990797995,10,7.818414472715056e-08,2251288459.087534
rate50_thermal,1080.0,0.48403718990797995,11,9.8e-08,5557259648.104523
rate50_thermal,1110.0,0.4840422373570089,0,8.166666666666667e-09,114831.50657136609
rate50_thermal,1110.0,0.4840422373570089,1,1.0236517085738568e-08,283459.2324114472
rate50_thermal,1110.0,0.4840422373570089,2,1.2830973311830731e-08,699713.335109619
rate50_thermal,1110.0,0.4840422373570089,3,1.6082997248964597e-08,1727228.099644557
rate50_thermal,1110.0,0.4840422373570089,4,2.0159250138234185e-08,4263627.3434487935
rate50_thermal,1110.0,0.4840422373570089,5,2.526863369090349e-08,10524677.15586685
rate50_thermal,1110.0,0.4840422373570089,6,3.167299598084116e-08,25979950.944962908
rate50_thermal,1110.0,0.4840422373570089,7,3.970055075686648e-08,64130979.13224393
rate50_thermal,1110.0,0.4840422373570089,8,4.976269789419122e-08,158306014.2311633
rate50_thermal,1110.0,0.4840422373570089,9,6.237510700730634e-08,390775167.8926857
rate50_thermal,1110.0,0.4840422373570089,10,7.818414472715056e-08,964620532.8500881
rate50_thermal,1110.0,0.4840422373570089,11,9.8e-08,2381146112.8042083
rate50_thermal,1140.0,0.4840536272058531,0,8.166666666666667e-09,50884.88140310859
rate50_thermal,1140.0,0.4840536272058531,1,1.0236517085738568e-08,125608.29213639711
rate50_thermal,1140.0,0.4840536272058531,2,1.2830973311830731e-08,310061.50782439794
rate50_thermal,1140.0,0.4840536272058531,3,1.6082997248964597e-08,765380.5095041039
rate50_thermal,1140.0,0.4840536272058531,4,2.0159250138234185e-08,1889326.1805671938
rate50_thermal,1140.0,0.4840536272058531,5,2.526863369090349e-08,4663763.150689255
rate50_thermal,1140.0,0.4840536272058531,6,3.167299598084116e-08,11512404.236245682
rate50_thermal,1140.0,0.4840536272058531,7,3.970055075686648e-08,28418135.09984464
rate50_thermal,1140.0,0.4840536272058531,8,4.976269789419122e-08,70149586.99300252
rate50_thermal,1140.0,0.4840536272058531,9,6.237510700730634e-08,173162824.97765157
rate50_thermal,1140.0,0.4840536272058531,10,7.818414472715056e-08,427448902.151664
rate50_thermal,1140.0,0.4840536272058531,11,9.8e-08,1055148897.5802413
rate50_thermal,1170.0,0.4840785184510815,0,8.166666666666667e-09,23280.95581760352
rate50_thermal,1170.0,0.4840785184510815,1,1.0236517085738568e-08,57468.564707609396
rate50_thermal,1170.0,0.4840785184510815,2,1.2830973311830731e-08,141859.98012303165
rate50_thermal,1170.0,0.4840785184510815,3,1.6082997248964597e-08,350178.46822319296
rate50_thermal,1170.0,0.4840785184510815,4,2.0159250138234185e-08,864408.4081978117
rate50_thermal,1170.0,0.4840785184510815,5,2.526863369090349e-08,2133774.529128105
rate50_thermal,1170.0,0.4840785184510815,6,3.167299598084116e-08,5267178.91426257
rate50_thermal,1170.0,0.4840785184510815,7,3.970055075686648e-08,13001923.74328153
rate50_thermal,1170.0,0.4840785184510815,8,4.976269789419122e-08,32094983.626127336
rate50_thermal,1170.0,0.4840785184510815,9,6.237510700730634e-08,79225812.59032518
rate50_thermal,1170.0,0.4840785184510815,10,7.818414472715056e-08,195567302.73363358
rate50_thermal,1170.0,0.4840785184510815,11,9.8e-08,482753898.42192036
rate50_thermal,1204.966981975645,0.4841620131053893,0,8.166666666666667e-09,5812.222302807591
rate50_thermal,1204.966981975645,0.4841620131053893,1,1.0236517085738568e-08,14347.352235921362
rate50_thermal,1204.966981975645,0.4841620131053893,2,1.2830973311830731e-08,35416.14643350136
rate50_thermal,1204.966981975645,0.4841620131053893,3,1.6082997248964597e-08,87424.03528968636
rate50_thermal,1204.966981975645,0.4841620131053893,4,2.0159250138234185e-08,215804.44841913364
rate50_thermal,1204.966981975645,0.4841620131053893,5,2.526863369090349e-08,532708.8803671192
rate50_thermal,1204.966981975645,0.4841620131053893,6,3.167299598084116e-08,1314981.008454019
rate50_thermal,1204.966981975645,0.4841620131053893,7,3.970055075686648e-08,3246003.8047392755
rate50_thermal,1204.966981975645,0.4841620131053893,8,4.976269789419122e-08,8012694.199870738
rate50_thermal,1204.966981975645,0.4841620131053893,9,6.237510700730634e-08,19779172.23550661
rate50_thermal,1204.966981975645,0.4841620131053893,10,7.818414472715056e-08,48824483.310032696
rate50_thermal,1204.966981975645,0.4841620131053893,11,9.8e-08,120522241.3369239
rate50_thermal,1236.772384270359,0.4843399021595137,0,8.166666666666667e-09,2537.7206759296755
rate50_thermal,1236.772384270359,0.4843399021595137,1,1.0236517085738568e-08,6264.311741201647
rate50_thermal,1236.772384270359,0.4843399021595137,2,1.2830973311830731e-08,15463.325795829689
rate50_thermal,1236.772384270359,0.4843399021595137,3,1.6082997248964597e-08,38170.90440964813
rate50_thermal,1236.772384270359,0.4843399021595137,4,2.0159250138234185e-08,94224.09917930825
rate50_thermal,1236.772384270359,0.4843399021595137,5,2.526863369090349e-08,232590.26746284624
rate50_thermal,1236.772384270359,0.4843399021595137,6,3.167299598084116e-08,574144.332369231
rate50_thermal,1236.772384270359,0.4843399021595137,7,3.970055075686648e-08,1417263.5767092675
rate50_thermal,1236.772384270359,0.4843399021595137,8,4.976269789419122e-08,3498486.23845305
rate50_thermal,1236.772384270359,0.4843399021595137,9,6.237510700730634e-08,8635941.937682468
rate50_thermal,1236.772384270359,0.4843399021595137,10,7.818414472715056e-08,21317646.5621442
rate50_thermal,1236.772384270359,0.4843399021595137,11,9.8e-08,52622175.79316116
rate50_thermal,1268.9655781509232,0.4847126356373761,0,8.166666666666667e-09,1225.8428407714903
rate50_thermal,1268.9655781509232,0.4847126356373761,1,1.0236517085738568e-08,3025.9680559602903
rate50_thermal,1268.9655781509232,0.4847126356373761,2,1.2830973311830731e-08,7469.540442780033
rate50_thermal,1268.9655781509232,0.4847126356373761,3,1.6082997248964597e-08,18438.40826934213
rate50_thermal,1268.9655781509232,0.4847126356373761,4,2.0159250138234185e-08,45514.83482900995
rate50_thermal,1268.9655781509232,0.4847126356373761,5,2.526863369090349e-08,112352.44166421611
rate50_thermal,1268.9655781509232,0.4847126356373761,6,3.167299598084116e-08,277339.7112140836
rate50_thermal,1268.9655781509232,0.4847126356373761,7,3.970055075686648e-08,684607.421720542
rate50_thermal,1268.9655781509232,0.4847126356373761,8,4.976269789419122e-08,1689939.4600918037
rate50_thermal,1268.9655781509232,0.4847126356373761,9,6.237510700730634e-08,4171581.095600129
rate50_thermal,1268.9655781509232,0.4847126356373761,10,7.818414472715056e-08,10297462.864271523
rate50_thermal,1268.9655781509232,0.4847126356373761,11,9.8e-08,25419077.07716618
rate50_thermal,1299.4098196654525,0.48538738176771634,0,8.166666666666667e-09,655.5155764588682
rate50_thermal,1299.4098196654525,0.48538738176771634,1,1.0236517085738568e-08,1618.126833697445
rate50_thermal,1299.4098196654525,0.48538738176771634,2,1.2830973311830731e-08,3994.3130933050284
rate50_thermal,1299.4098196654525,0.48538738176771634,3,1.6082997248964597e-08,9859.88042156871
rate50_thermal,1299.4098196654525,0.48538738176771634,4,2.0159250138234185e-08,24338.91376443538
rate50_thermal,1299.4098196654525,0.48538738176771634,5,2.526863369090349e-08,60080.11232287822
rate50_thermal,1299.4098196654525,0.48538738176771634,6,3.167299598084116e-08,148306.53214541188
rate50_thermal,1299.4098196654525,0.48538738176771634,7,3.970055075686648e-08,366091.6503859805
rate50_thermal,1299.4098196654525,0.48538738176771634,8,4.976269789419122e-08,903689.7736782773
rate50_thermal,1299.4098196654525,0.48538738176771634,9,6.237510700730634e-08,2230739.7780496
rate50_thermal,1299.4098196654525,0.48538738176771634,10,7.818414472715056e-08,5506535.650992247
rate50_thermal,1299.4098196654525,0.48538738176771634,11,9.8e-08,13592770.955516452
rate50_thermal,1329.6379564333563,0.486585568585602,0,8.166666666666667e-09,368.03680814321274
rate50_thermal,1329.6379564333563,0.486585568585602,1,1.0236517085738568e-08,908.4913561652743
rate50_thermal,1329.6379564333563,0.486585568585602,2,1.2830973311830731e-08,2242.592387390453
rate50_thermal,1329.6379564333563,0.486585568585602,3,1.6082997248964597e-08,5535.793578881054
rate50_thermal,1329.6379564333563,0.486585568585602,4,2.0159250138234185e-08,13664.993567169482
rate50_thermal,1329.6379564333563,0.486585568585602,5,2.526863369090349e-08,33731.75797202933
rate50_thermal,1329.6379564333563,0.486585568585602,6,3.167299598084116e-08,83266.15671234315
rate50_thermal,1329.6379564333563,0.486585568585602,7,3.970055075686648e-08,205540.80990823763
rate50_thermal,1329.6379564333563,0.486585568585602,8,4.976269789419122e-08,507373.29788648494
rate50_thermal,1329.6379564333563,0.486585568585602,9,6.237510700730634e-08,1252440.639318045
rate50_thermal,1329.6379564333563,0.486585568585602,10,7.818414472715056e-08,3091624.1772263055
rate50_thermal,1329.6379564333563,0.486585568585602,11,9.8e-08,7631611.23123366
rate50_thermal,1360.1511907113836,0.48866011392856634,0,8.166666666666667e-09,212.3753407070456
rate50_thermal,1360.1511907113836,0.48866011392856634,1,1.0236517085738568e-08,524.244197932829
rate50_thermal,1360.1511907113836,0.48866011392856634,2,1.2830973311830731e-08,1294.0861125837655
rate50_thermal,1360.1511907113836,0.48866011392856634,3,1.6082997248964597e-08,3194.4251807963165
rate50_thermal,1360.1511907113836,0.48866011392856634,4,2.0159250138234185e-08,7885.373420125913
rate50_thermal,1360.1511907113836,0.48866011392856634,5,2.526863369090349e-08,19464.883493552807
rate50_thermal,1360.1511907113836,0.48866011392856634,6,3.167299598084116e-08,48048.66798492315
rate50_thermal,1360.1511907113836,0.48866011392856634,7,3.970055075686648e-08,118607.15712627136
rate50_thermal,1360.1511907113836,0.48866011392856634,8,4.976269789419122e-08,292779.3487313509
rate50_thermal,1360.1511907113836,0.48866011392856634,9,6.237510700730634e-08,722719.8518681246
rate50_thermal,1360.1511907113836,0.48866011392856634,10,7.818414472715056e-08,1784019.2158576522
rate50_thermal,1360.1511907113836,0.48866011392856634,11,9.8e-08,4403815.050838933
rate50_thermal,1390.4580101832605,0.4920644530459618,0,8.166666666666667e-09,125.75095055023301
rate50_thermal,1390.4580101832605,0.4920644530459618,1,1.0236517085738568e-08,310.41365721141955
rate50_thermal,1390.4580101832605,0.4920644530459618,2,1.2830973311830731e-08,766.2497830908271
rate50_thermal,1390.4580101832605,0.4920644530459618,3,1.6082997248964597e-08,1891.471964712258
rate50_thermal,1390.4580101832605,0.4920644530459618,4,2.0159250138234185e-08,4669.059975180712
rate50_thermal,1390.4580101832605,0.4920644530459618,5,2.526863369090349e-08,11525.479339821972
rate50_thermal,1390.4580101832605,0.4920644530459618,6,3.167299598084116e-08,28450.410727677045
rate50_thermal,1390.4580101832605,0.4920644530459618,7,3.970055075686648e-08,70229.25872709954
rate50_thermal,1390.4580101832605,0.4920644530459618,8,4.976269789419122e-08,173359.49304779567
rate50_thermal,1390.4580101832605,0.4920644530459618,9,6.237510700730634e-08,427934.37334670476
rate50_thermal,1390.4580101832605,0.4920644530459618,10,7.818414472715056e-08,1056347.2736135968
rate50_thermal,1390.4580101832605,0.4920644530459618,11,9.8e-08,2607571.701268518
rate50_thermal,1420.8751784378146,0.4975141942973448,0,8.166666666666667e-09,75.30770262655808
rate50_thermal,1420.8751784378146,0.4975141942973448,1,1.0236517085738568e-08,185.89552831335664
rate50_thermal,1420.8751784378146,0.4975141942973448,2,1.2830973311830731e-08,458.8793209897235
rate50_thermal,1420.8751784378146,0.4975141942973448,3,1.6082997248964597e-08,1132.7342466994205
rate50_thermal,1420.8751784378146,0.4975141942973448,4,2.0159250138234185e-08,2796.131389943591
rate50_thermal,1420.8751784378146,0.4975141942973448,5,2.526863369090349e-08,6902.1933187935965
rate50_thermal,1420.8751784378146,0.4975141942973448,6,3.167299598084116e-08,17037.923460449256
rate50_thermal,1420.8751784378146,0.4975141942973448,7,3.970055075686648e-08,42057.766627180805
rate50_thermal,1420.8751784378146,0.4975141942973448,8,4.976269789419122e-08,103818.73926817841
rate50_thermal,1420.8751784378146,0.4975141942973448,9,6.237510700730634e-08,256274.4407314418
rate50_thermal,1420.8751784378146,0.4975141942973448,10,7.818414472715056e-08,632608.2305739076
rate50_thermal,1420.8751784378146,0.4975141942973448,11,9.8e-08,1561580.5151072938
rate50_thermal,1451.1835120592593,0.5058839328696623,0,8.166666666666667e-09,45.49444005723983
rate50_thermal,1451.1835120592593,0.5058839328696623,1,1.0236517085738568e-08,112.30209759105897
rate50_thermal,1451.1835120592593,0.5058839328696623,2,1.2830973311830731e-08,277.2154379157886
rate50_thermal,1451.1835120592593,0.5058839328696623,3,1.6082997248964597e-08,684.300655694261
rate50_thermal,1451.1835120592593,0.5058839328696623,4,2.0159250138234185e-08,1689.1822147078942
rate50_thermal,1451.1835120592593,0.5058839328696623,5,2.526863369090349e-08,4169.711851961657
rate50_thermal,1451.1835120592593,0.5058839328696623,6,3.167299598084116e-08,10292.848678928744
rate50_thermal,1451.1835120592593,0.5058839328696623,7,3.970055075686648e-08,25407.68707204272
rate50_thermal,1451.1835120592593,0.5058839328696623,8,4.976269789419122e-08,62718.35741222962
rate50_thermal,1451.1835120592593,0.5058839328696623,9,6.237510700730634e-08,154818.9862471932
rate50_thermal,1451.1835120592593,0.5058839328696623,10,7.818414472715056e-08,382167.5101351034
rate50_thermal,1451.1835120592593,0.5058839328696623,11,9.8e-08,943372.7040949716
rate50_thermal,1481.9123482449745,0.5182820225235277,0,8.166666666666667e-09,29.039776334447637
rate50_thermal,1481.9123482449745,0.5182820225235277,1,1.0236517085738568e-08,71.6846984614238
rate50_thermal,1481.9123482449745,0.5182820225235277,2,1.2830973311830731e-08,176.955274240641
rate50_thermal,1481.9123482449745,0.5182820225235277,3,1.6082997248964597e-08,436.8209544939975
rate50_thermal,1481.9123482449745,0.5182820225235277,4,2.0159250138234185e-08,1078.3163136629125
rate50_thermal,1481.9123482449745,0.5182820225235277,5,2.526863369090349e-08,2661.9075627252523
rate50_thermal,1481.9123482449745,0.5182820225235277,6,3.167299598084116e-08,6571.220792156865
rate50_thermal,1481.9123482449745,0.5182820225235277,7,3.970055075686648e-08,16222.153492318816
rate50_thermal,1481.9123482449745,0.5182820225235277,8,4.976269789419122e-08,40048.341381573795
rate50_thermal,1481.9123482449745,0.5182820225235277,9,6.237510700730634e-08,98873.53452186976
rate50_thermal,1481.9123482449745,0.5182820225235277,10,7.818414472715056e-08,244120.0479015102
rate50_thermal,1481.9123482449745,0.5182820225235277,11,9.8e-08,602825.1597095194
rate50_thermal,1512.3713583712722,0.5345401941251495,0,8.166666666666667e-09,19.21804071199018
rate50_thermal,1512.3713583712722,0.5345401941251495,1,1.0236517085738568e-08,47.43978461402658
rate50_thermal,1512.3713583712722,0.5345401941251495,2,1.2830973311830731e-08,117.10842251897678
rate50_thermal,1512.3713583712722,0.5345401941251495,3,1.6082997248964597e-08,289.0974023124737
rate50_thermal,1512.3713583712722,0.5345401941251495,4,2.0159250138234185e-08,713.6872011098222
rate50_thermal,1512.3713583712722,0.5345401941251495,5,2.526863369090349e-08,1761.8997450537922
rate50_thermal,1512.3713583712722,0.5345401941251495,6,3.167299598084116e-08,4349.800014728978
rate50_thermal,1512.3713583712722,0.5345401941251495,7,3.970055075686648e-08,10739.39540503467
rate50_thermal,1512.3713583712722,0.5345401941251495,8,4.976269789419122e-08,26516.933504937668
rate50_thermal,1512.3713583712722,0.5345401941251495,9,6.237510700730634e-08,65480.84385012809
rate50_thermal,1512.3713583712722,0.5345401941251495,10,7.818414472715056e-08,161723.5542141276
rate50_thermal,1512.3713583712722,0.5345401941251495,11,9.8e-08,399567.4619842412
rate50_thermal,1543.8415939113934,0.5568893533132266,0,8.166666666666667e-09,11.80399500106818
rate50_thermal,1543.8415939113934,0.5568893533132266,1,1.0236517085738568e-08,29.13800549321475
rate50_thermal,1543.8415939113934,0.5568893533132266,2,1.2830973311830731e-08,71.92865181948792
rate50_thermal,1543.8415939113934,0.5568893533132266,3,1.6082997248964597e-08,177.56659600882412
rate50_thermal,1543.8415939113934,0.5568893533132266,4,2.0159250138234185e-08,438.3616486285445
rate50_thermal,1543.8415939113934,0.5568893533132266,5,2.526863369090349e-08,1082.2183365142478
rate50_thermal,1543.8415939113934,0.5568893533132266,6,3.167299598084116e-08,2671.8585152889286
rate50_thermal,1543.8415939113934,0.5568893533132266,7,3.970055075686648e-08,6596.857424765413
rate50_thermal,1543.8415939113934,0.5568893533132266,8,4.976269789419122e-08,16289.136784056349
rate50_thermal,1543.8415939113934,0.5568893533132266,9,6.237510700730634e-08,40226.596416018474
rate50_thermal,1543.8415939113934,0.5568893533132266,10,7.818414472715056e-08,99358.82693621646
rate50_thermal,1543.8415939113934,0.5568893533132266,11,9.8e-08,245516.5298251345
rate50_thermal,1575.3688315170473,0.5877364025023164,0,8.166666666666667e-09,6.737777895813833
rate50_thermal,1575.3688315170473,0.5877364025023164,1,1.0236517085738568e-08,16.632070326079745
rate50_thermal,1575.3688315170473,0.5877364025023164,2,1.2830973311830731e-08,41.05631830098499
rate50_thermal,1575.3688315170473,0.5877364025023164,3,1.6082997248964597e-08,101.35109278565355
rate50_thermal,1575.3688315170473,0.5877364025023164,4,2.0159250138234185e-08,250.20192861866863
rate50_thermal,1575.3688315170473,0.5877364025023164,5,2.526863369090349e-08,617.6785393280284
rate50_thermal,1575.3688315170473,0.5877364025023164,6,3.167299598084116e-08,1524.9164550893352
rate50_thermal,1575.3688315170473,0.5877364025023164,7,3.970055075686648e-08,3764.8498644434158
rate50_thermal,1575.3688315170473,0.5877364025023164,8,4.976269789419122e-08,9295.585252856405
rate50_thermal,1575.3688315170473,0.5877364025023164,9,6.237510700730634e-08,22953.35511214677
rate50_thermal,1575.3688315170473,0.5877364025023164,10,7.818414472715056e-08,56685.74957998755
rate50_thermal,1575.3688315170473,0.5877364025023164,11,9.8e-08,140035.2493219852
rate50_thermal,1606.2809522068617,0.6283833517619536,0,8.166666666666667e-09,3.7673204196361314
rate50_thermal,1606.2809522068617,0.6283833517619536,1,1.0236517085738568e-08,9.29955363651515
rate50_thermal,1606.2809522068617,0.6283833517619536,2,1.2830973311830731e-08,22.955779535557333
rate50_thermal,1606.2809522068617,0.6283833517619536,3,1.6082997248964597e-08,56.666636867506966
rate50_thermal,1606.2809522068617,0.6283833517619536,4,2.0159250138234185e-08,139.88554803378463
rate50_thermal,1606.2809522068617,0.6283833517619536,5,2.526863369090349e-08,345.3229202230744
rate50_thermal,1606.2809522068617,0.6283833517619536,6,3.167299598084116e-08,852.4797220643403
rate50_thermal,1606.2809522068617,0.6283833517619536,7,3.970055075686648e-08,2104.512028328911
rate50_thermal,1606.2809522068617,0.6283833517619536,8,4.976269789419122e-08,5195.558790929139
rate50_thermal,1606.2809522068617,0.6283833517619536,9,6.237510700730634e-08,12827.242314201092
rate50_thermal,1606.2809522068617,0.6283833517619536,10,7.818414472715056e-08,31671.142008772214
rate50_thermal,1606.2809522068617,0.6283833517619536,11,9.8e-08,78210.11317666587
rate50_thermal,1636.9769183620729,0.678606996672185,0,8.166666666666667e-09,2.1296837084802323
rate50_thermal,1636.9769183620729,0.678606996672185,1,1.0236517085738568e-08,5.257080801551697
rate50_thermal,1636.9769183620729,0.678606996672185,2,1.2830973311830731e-08,12.97699677565212
rate50_thermal,1636.9769183620729,0.678606996672185,3,1.6082997248964597e-08,32.0334634528409
rate50_thermal,1636.9769183620729,0.678606996672185,4,2.0159250138234185e-08,79.0741294882624
rate50_thermal,1636.9769183620729,0.678606996672185,5,2.526863369090349e-08,195.19372992778503
rate50_thermal,1636.9769183620729,0.678606996672185,6,3.167299598084116e-08,481.83453589646365
rate50_thermal,1636.9769183620729,0.678606996672185,7,3.970055075686648e-08,1189.4074695905804
rate50_thermal,1636.9769183620729,0.678606996672185,8,4.976269789419122e-08,2936.0566330324054
rate50_thermal,1636.9769183620729,0.678606996672185,9,6.237510700730634e-08,7247.692717732892
rate50_thermal,1636.9769183620729,0.678606996672185,10,7.818414472715056e-08,17891.116501191493
rate50_thermal,1636.9769183620729,0.678606996672185,11,9.8e-08,44165.24188738104
rate50_thermal,1667.5113838034313,0.7333341058677088,0,8.166666666666667e-09,1.321011038528934
rate50_thermal,1667.5113838034313,0.7333341058677088,1,1.0236517085738568e-08,3.260888798769069
rate50_thermal,1667.5113838034313,0.7333341058677088,2,1.2830973311830731e-08,8.049437456598952
rate50_thermal,1667.5113838034313,0.7333341058677088,3,1.6082997248964597e-08,19.86987203123704
rate50_thermal,1667.5113838034313,0.7333341058677088,4,2.0159250138234185e-08,49.048373191682735
rate50_thermal,1667.5113838034313,0.7333341058677088,5,2.526863369090349e-08,121.07490617282616
rate50_thermal,1667.5113838034313,0.7333341058677088,6,3.167299598084116e-08,298.870925797233
rate50_thermal,1667.5113838034313,0.7333341058677088,7,3.970055075686648e-08,737.7567424549484
rate50_thermal,1667.5113838034313,0.7333341058677088,8,4.976269789419122e-08,1821.1373061628383
rate50_thermal,1667.5113838034313,0.7333341058677088,9,6.237510700730634e-08,4495.4396503019225
rate50_thermal,1667.5113838034313,0.7333341058677088,10,7.818414472715056e-08,11096.89856998197
rate50_thermal,1667.5113838034313,0.7333341058677088,11,9.8e-08,27392.457992620584
rate50_thermal,1697.7258823558097,0.7859055842314211,0,8.166666666666667e-09,inf
rate50_thermal,1697.7258823558097,0.7859055842314211,1,1.0236517085738568e-08,2.11921553167169
rate50_thermal,1697.7258823558097,0.7859055842314211,2,1.2830973311830731e-08,5.231240233945027
rate50_thermal,1697.7258823558097,0.7859055842314211,3,1.6082997248964597e-08,12.913209487053471
rate50_thermal,1697.7258823558097,0.7859055842314211,4,2.0159250138234185e-08,31.8759929102307
rate50_thermal,1697.7258823558097,0.7859055842314211,5,2.526863369090349e-08,78.68523310838951
rate50_thermal,1697.7258823558097,0.7859055842314211,6,3.167299598084116e-08,194.23287249744365
rate50_thermal,1697.7258823558097,0.7859055842314211,7,3.970055075686648e-08,479.4598038938886
rate50_thermal,1697.7258823558097,0.7859055842314211,8,4.976269789419122e-08,1183.5364341456047
rate50_thermal,1697.7258823558097,0.7859055842314211,9,6.237510700730634e-08,2921.5343322910526
rate50_thermal,1697.7258823558097,0.7859055842314211,10,7.818414472715056e-08,7211.743187704197
rate50_thermal,1697.7258823558097,0.7859055842314211,11,9.8e-08,17802.02262755746
rate50_thermal,1728.6970605100046,0.8345661452791827,0,8.166666666666667e-09,inf
rate50_thermal,1728.6970605100046,0.8345661452791827,1,1.0236517085738568e-08,1.412609326037803
rate50_thermal,1728.6970605100046,0.8345661452791827,2,1.2830973311830731e-08,3.486997193516988
rate50_thermal,1728.6970605100046,0.8345661452791827,3,1.6082997248964597e-08,8.60758099114723
rate50_thermal,1728.6970605100046,0.8345661452791827,4,2.0159250138234185e-08,21.247636307990184
rate50_thermal,1728.6970605100046,0.8345661452791827,5,2.526863369090349e-08,52.44934978798102
rate50_thermal,1728.6970605100046,0.8345661452791827,6,3.167299598084116e-08,129.4701226264245
rate50_thermal,1728.6970605100046,0.8345661452791827,7,3.970055075686648e-08,319.59424975980505
rate50_thermal,1728.6970605100046,0.8345661452791827,8,4.976269789419122e-08,788.9114701870883
rate50_thermal,1728.6970605100046,0.8345661452791827,9,6.237510700730634e-08,1947.4102544975988
rate50_thermal,1728.6970605100046,0.8345661452791827,10,7.818414472715056e-08,4807.136209472157
rate50_thermal,1728.6970605100046,0.8345661452791827,11,9.8e-08,11866.293300878562
rate50_thermal,1759.4608636234027,0.8754405059279425,0,8.166666666666667e-09,inf
rate50_thermal,1759.4608636234027,0.8754405059279425,1,1.0236517085738568e-08,inf
rate50_thermal,1759.4608636234027,0.8754405059279425,2,1.2830973311830731e-08,2.4203455813062673
rate50_thermal,1759.4608636234027,0.8754405059279425,3,1.6082997248964597e-08,5.974573252472625
rate50_thermal,1759.4608636234027,0.8754405059279425,4,2.0159250138234185e-08,14.748110456331412
rate50_thermal,1759.4608636234027,0.8754405059279425,5,2.526863369090349e-08,36.40540299301402
rate50_thermal,1759.4608636234027,0.8754405059279425,6,3.167299598084116e-08,89.86596803612204
rate50_thermal,1759.4608636234027,0.8754405059279425,7,3.970055075686648e-08,221.83220528839206
rate50_thermal,1759.4608636234027,0.8754405059279425,8,4.976269789419122e-08,547.587870693977
rate50_thermal,1759.4608636234027,0.8754405059279425,9,6.237510700730634e-08,1351.707923540094
rate50_thermal,1759.4608636234027,0.8754405059279425,10,7.818414472715056e-08,3336.6573601239265
rate50_thermal,1759.4608636234027,0.8754405059279425,11,9.8e-08,8236.447050976769
rate50_thermal,1770.0,0.8875606561695272,0,8.166666666666667e-09,inf
rate50_thermal,1770.0,0.8875606561695272,1,1.0236517085738568e-08,inf
rate50_thermal,1770.0,0.8875606561695272,2,1.2830973311830731e-08,2.1549413776673148
rate50_thermal,1770.0,0.8875606561695272,3,1.6082997248964597e-08,5.319428408929404
rate50_thermal,1770.0,0.8875606561695272,4,2.0159250138234185e-08,13.130898851555092
rate50_thermal,1770.0,0.8875606561695272,5,2.526863369090349e-08,32.413349442741264
rate50_thermal,1770.0,0.8875606561695272,6,3.167299598084116e-08,80.01166648804104
rate50_thermal,1770.0,0.8875606561695272,7,3.970055075686648e-08,197.5070676591748
rate50_thermal,1770.0,0.8875606561695272,8,4.976269789419122e-08,487.54178309506904
rate50_thermal,1770.0,0.8875606561695272,9,6.237510700730634e-08,1203.4854529274514
rate50_thermal,1770.0,0.8875606561695272,10,7.818414472715056e-08,2970.773493915307
rate50_thermal,1770.0,0.8875606561695272,11,9.8e-08,7333.271274228718
iso_1100C_40h,0.9327688552694177,0.4840594051271092,0,8.166666666666667e-09,698.7547051079555
iso_1100C_40h,0.9327688552694177,0.4840594051271092,1,1.0236517085738568e-08,1724.8617410694833
iso_1100C_40h,0.9327688552694177,0.4840594051271092,2,1.2830973311830731e-08,4257.786035700302
iso_1100C_40h,0.9327688552694177,0.4840594051271092,3,1.6082997248964597e-08,10510.258007348426
iso_1100C_40h,0.9327688552694177,0.4840594051271092,4,2.0159250138234185e-08,25944.35757299179
iso_1100C_40h,0.9327688552694177,0.4840594051271092,5,2.526863369090349e-08,64043.11762755724
iso_1100C_40h,0.9327688552694177,0.4840594051271092,6,3.167299598084116e-08,158089.12993037218
iso_1100C_40h,0.9327688552694177,0.4840594051271092,7,3.970055075686648e-08,390239.7935425304
iso_1100C_40h,0.9327688552694177,0.4840594051271092,8,4.976269789419122e-08,963298.9726638444
iso_1100C_40h,0.9327688552694177,0.4840594051271092,9,6.237510700730634e-08,2377883.8702949686
iso_1100C_40h,0.9327688552694177,0.4840594051271092,10,7.818414472715056e-08,5869757.84246239
iso_1100C_40h,0.9327688552694177,0.4840594051271092,11,9.8e-08,14489377.529434804
iso_1100C_40h,608.3253458643064,0.4964013542626915,0,8.166666666666667e-09,1029.4534152413758
iso_1100C_40h,608.3253458643064,0.4964013542626915,1,1.0236517085738568e-08,2541.2621742841015
iso_1100C_40h,608.3253458643064,0.4964013542626915,2,1.2830973311830731e-08,6273.208950751717
iso_1100C_40h,608.3253458643064,0.4964013542626915,3,1.6082997248964597e-08,15485.7747863734
iso_1100C_40h,608.3253458643064,0.4964013542626915,4,2.0159250138234185e-08,38227.9114900712
iso_1100C_40h,608.3253458643064,0.4964013542626915,5,2.526863369090349e-08,94370.22695716174
iso_1100C_40h,608.3253458643064,0.4964013542626915,6,3.167299598084116e-08,232969.70397457256
iso_1100C_40h,608.3253458643064,0.4964013542626915,7,3.970055075686648e-08,575146.3725820528
iso_1100C_40h,608.3253458643064,0.4964013542626915,8,4.976269789419122e-08,1419966.4667759547
iso_1100C_40h,608.3253458643064,0.4964013542626915,9,6.237510700730634e-08,3505963.9566086573
iso_1100C_40h,608.3253458643064,0.4964013542626915,10,7.818414472715056e-08,8657232.795423731
iso_1100C_40h,608.3253458643064,0.4964013542626915,11,9.8e-08,21382013.77590618
iso_1100C_40h,1216.2235821693755,0.5045931120106592,0,8.166666666666667e-09,1331.766552469871
iso_1100C_40h,1216.2235821693755,0.5045931120106592,1,1.0236517085738568e-08,3287.738002061869
iso_1100C_40h,1216.2235821693755,0.5045931120106592,2,1.2830973311830731e-08,8116.580453717857
iso_1100C_40h,1216.2235821693755,0.5045931120106592,3,1.6082997248964597e-08,20038.339163707773
iso_1100C_40h,1216.2235821693755,0.5045931120106592,4,2.0159250138234185e-08,49472.905795544495
iso_1100C_40h,1216.2235821693755,0.5045931120106592,5,2.526863369090349e-08,122151.72797174481
iso_1100C_40h,1216.2235821693755,0.5045931120106592,6,3.167299598084116e-08,301628.0369588611
iso_1100C_40h,1216.2235821693755,0.5045931120106592,7,3.970055075686648e-08,744907.1126045939
iso_1100C_40h,1216.2235821693755,0.5045931120106592,8,4.976269789419122e-08,1839994.6646548407
iso_1100C_40h,1216.2235821693755,0.5045931120106592,9,6.237510700730634e-08,4546229.490820185
iso_1100C_40h,1216.2235821693755,0.5045931120106592,10,7.818414472715056e-08,11237201.124309732
iso_1100C_40h,1216.2235821693755,0.5045931120106592,11,9.8e-08,27801207.108509287
iso_1100C_40h,1833.8715987942892,0.5109462217172291,0,8.166666666666667e-09,1543.692917811722
iso_1100C_40h,1833.8715987942892,0.5109462217172291,1,1.0236517085738568e-08,3810.984774319874
iso_1100C_40h,1833.8715987942892,0.5109462217172291,2,1.2830973311830731e-08,9408.887708808961
iso_1100C_40h,1833.8715987942892,0.5109462217172291,3,1.6082997248964597e-08,23230.67052352686
iso_1100C_40h,1833.8715987942892,0.5109462217172291,4,2.0159250138234185e-08,57360.22118541642
iso_1100C_40h,1833.8715987942892,0.5109462217172291,5,2.526863369090349e-08,141644.34182648122
iso_1100C_40h,1833.8715987942892,0.5109462217172291,6,3.167299598084116e-08,349822.44455402414
iso_1100C_40h,1833.8715987942892,0.5109462217172291,7,3.970055075686648e-08,864140.9741591818
iso_1100C_40h,1833.8715987942892,0.5109462217172291,8,4.976269789419122e-08,2135254.0693332246
iso_1100C_40h,1833.8715987942892,0.5109462217172291,9,6.237510700730634e-08,5278351.4910957925
iso_1100C_40h,1833.8715987942892,0.5109462217172291,10,7.818414472715056e-08,13056000.907525552
iso_1100C_40h,1833.8715987942892,0.5109462217172291,11,9.8e-08,32339453.28508773
iso_1100C_40h,2442.6289628644495,0.5161825282970807,0,8.166666666666667e-09,1704.6911049892353
iso_1100C_40h,2442.6289628644495,0.5161825282970807,1,1.0236517085738568e-08,4208.452160174035
iso_1100C_40h,2442.6289628644495,0.5161825282970807,2,1.2830973311830731e-08,10390.612297558193
iso_1100C_40h,2442.6289628644495,0.5161825282970807,3,1.6082997248964597e-08,25656.20120896493
iso_1100C_40h,2442.6289628644495,0.5161825282970807,4,2.0159250138234185e-08,63354.286307835944
iso_1100C_40h,2442.6289628644495,0.5161825282970807,5,2.526863369090349e-08,156461.77774506458
iso_1100C_40h,2442.6289628644495,0.5161825282970807,6,3.167299598084116e-08,386469.58542586275
iso_1100C_40h,2442.6289628644495,0.5161825282970807,7,3.970055075686648e-08,954846.1748307074
iso_1100C_40h,2442.6289628644495,0.5161825282970807,8,4.976269789419122e-08,2360003.901508708
iso_1100C_40h,2442.6289628644495,0.5161825282970807,9,6.237510700730634e-08,5836115.691916907
iso_1100C_40h,2442.6289628644495,0.5161825282970807,10,7.818414472715056e-08,14443333.711445786
iso_1100C_40h,2442.6289628644495,0.5161825282970807,11,9.8e-08,35808253.85304914
iso_1100C_40h,3076.620224563612,0.520950369851111,0,8.166666666666667e-09,1836.7468323110763
iso_1100C_40h,3076.620224563612,0.520950369851111,1,1.0236517085738568e-08,4534.437360954385
iso_1100C_40h,3076.620224563612,0.520950369851111,2,1.2830973311830731e-08,11195.792226557829
iso_1100C_40h,3076.620224563612,0.520950369851111,3,1.6082997248964597e-08,27645.821496074233
iso_1100C_40h,3076.620224563612,0.520950369851111,4,2.0159250138234185e-08,68272.02944060146
iso_1100C_40h,3076.620224563612,0.520950369851111,5,2.526863369090349e-08,168621.15678831804
iso_1100C_40h,3076.620224563612,0.520950369851111,6,3.167299598084116e-08,416550.70982059557
iso_1100C_40h,3076.620224563612,0.520950369851111,7,3.970055075686648e-08,1029326.0464406683
iso_1100C_40h,3076.620224563612,0.520950369851111,8,4.976269789419122e-08,2544640.037604304
iso_1100C_40h,3076.620224563612,0.520950369851111,9,6.237510700730634e-08,6294642.131780971
iso_1100C_40h,3076.620224563612,0.520950369851111,10,7.818414472715056e-08,15584938.449820483
iso_1100C_40h,3076.620224563612,0.520950369851111,11,9.8e-08,38667349.86431175
iso_1100C_40h,3683.108392185205,0.5250630508521081,0,8.166666666666667e-09,1932.5123971513046
iso_1100C_40h,3683.108392185205,0.5250630508521081,1,1.0236517085738568e-08,4770.814700606964
iso_1100C_40h,3683.108392185205,0.5250630508521081,2,1.2830973311830731e-08,11779.6245973402
iso_1100C_40h,3683.108392185205,0.5250630508521081,3,1.6082997248964597e-08,29088.652902289974
iso_1100C_40h,3683.108392185205,0.5250630508521081,4,2.0159250138234185e-08,71838.89203701321
iso_1100C_40h,3683.108392185205,0.5250630508521081,5,2.526863369090349e-08,177442.14026988356
iso_1100C_40h,3683.108392185205,0.5250630508521081,6,3.167299598084116e-08,438378.01377278246
iso_1100C_40h,3683.108392185205,0.5250630508521081,7,3.970055075686648e-08,1083385.7839477635
iso_1100C_40h,3683.108392185205,0.5250630508521081,8,4.976269789419122e-08,2678708.623050006
iso_1100C_40h,3683.108392185205,0.5250630508521081,9,6.237510700730634e-08,6627776.881641927
iso_1100C_40h,3683.108392185205,0.5250630508521081,10,7.818414472715056e-08,16415016.734022472
iso_1100C_40h,3683.108392185205,0.5250630508521081,11,9.8e-08,40749063.58092612
iso_1100C_40h,4397.348654922847,0.5295168524380005,0,8.166666666666667e-09,2010.8811486736465
iso_1100C_40h,4397.348654922847,0.5295168524380005,1,1.0236517085738568e-08,4964.224851252676
iso_1100C_40h,4397.348654922847,0.5295168524380005,2,1.2830973311830731e-08,12257.286959644462
iso_1100C_40h,4397.348654922847,0.5295168524380005,3,1.6082997248964597e-08,30269.228509723263
iso_1100C_40h,4397.348654922847,0.5295168524380005,4,2.0159250138234185e-08,74757.96943568272
iso_1100C_40h,4397.348654922847,0.5295168524380005,5,2.526863369090349e-08,184662.60135580818
iso_1100C_40h,4397.348654922847,0.5295168524380005,6,3.167299598084116e-08,456248.90160458005
iso_1100C_40h,4397.348654922847,0.5295168524380005,7,3.970055075686648e-08,1127658.8894204346
iso_1100C_40h,4397.348654922847,0.5295168524380005,8,4.976269789419122e-08,2788546.455031271
iso_1100C_40h,4397.348654922847,0.5295168524380005,9,6.237510700730634e-08,6900840.813828741
iso_1100C_40h,4397.348654922847,0.5295168524380005,10,7.818414472715056e-08,17095900.320886124
iso_1100C_40h,4397.348654922847,0.5295168524380005,11,9.8e-08,42458673.6390947
iso_1100C_40h,5086.19228275304,0.5335294689720246,0,8.166666666666667e-09,2059.248884762793
iso_1100C_40h,5086.19228275304,0.5335294689720246,1,1.0236517085738568e-08,5083.570117251712
iso_1100C_40h,5086.19228275304,0.5335294689720246,2,1.2830973311830731e-08,12551.9734324243
iso_1100C_40h,5086.19228275304,0.5335294689720246,3,1.6082997248964597e-08,30997.637597081666
iso_1100C_40h,5086.19228275304,0.5335294689720246,4,2.0159250138234185e-08,76559.44239256337
iso_1100C_40h,5086.19228275304,0.5335294689720246,5,2.526863369090349e-08,189119.72247524635
iso_1100C_40h,5086.19228275304,0.5335294689720246,6,3.167299598084116e-08,467283.2263681361
iso_1100C_40h,5086.19228275304,0.5335294689720246,7,3.970055075686648e-08,1155003.1167954998
iso_1100C_40h,5086.19228275304,0.5335294689720246,8,4.976269789419122e-08,2856410.2107638344
iso_1100C_40h,5086.19228275304,0.5335294689720246,9,6.237510700730634e-08,7069638.789986808
iso_1100C_40h,5086.19228275304,0.5335294689720246,10,7.818414472715056e-08,17517090.761754166
iso_1100C_40h,5086.19228275304,0.5335294689720246,11,9.8e-08,43517464.54158484
iso_1100C_40h,5800.158885129606,0.5374738802949779,0,8.166666666666667e-09,2090.2746304654634
iso_1100C_40h,5800.158885129606,0.5374738802949779,1,1.0236517085738568e-08,5160.103961845168
iso_1100C_40h,5800.158885129606,0.5374738802949779,2,1.2830973311830731e-08,12740.882646385082
iso_1100C_40h,5800.158885129606,0.5374738802949779,3,1.6082997248964597e-08,31464.62308004983
iso_1100C_40h,5800.158885129606,0.5374738802949779,4,2.0159250138234185e-08,77714.72250592853
iso_1100C_40h,5800.158885129606,0.5374738802949779,5,2.526863369090349e-08,191978.98393587046
iso_1100C_40h,5800.158885129606,0.5374738802949779,6,3.167299598084116e-08,474363.9868048647
iso_1100C_40h,5800.158885129606,0.5374738802949779,7,3.970055075686648e-08,1172555.813692118
iso_1100C_40h,5800.158885129606,0.5374738802949779,8,4.976269789419122e-08,2899990.5859815036
iso_1100C_40h,5800.158885129606,0.5374738802949779,9,6.237510700730634e-08,7178094.174341326
iso_1100C_40h,5800.158885129606,0.5374738802949779,10,7.818414472715056e-08,17787910.397859957
iso_1100C_40h,5800.158885129606,0.5374738802949779,11,9.8e-08,44199079.98133506
iso_1100C_40h,6462.005939260478,0.5409781680270713,0,8.166666666666667e-09,2107.558793686483
iso_1100C_40h,6462.005939260478,0.5409781680270713,1,1.0236517085738568e-08,5202.723723205956
iso_1100C_40h,6462.005939260478,0.5409781680270713,2,1.2830973311830731e-08,12846.015748911865
iso_1100C_40h,6462.005939260478,0.5409781680270713,3,1.6082997248964597e-08,31724.5283457962
iso_1100C_40h,6462.005939260478,0.5409781680270713,4,2.0159250138234185e-08,78357.99221488301
iso_1100C_40h,6462.005939260478,0.5409781680270713,5,2.526863369090349e-08,193571.81303014685
iso_1100C_40h,6462.005939260478,0.5409781680270713,6,3.167299598084116e-08,478310.2851768523
iso_1100C_40h,6462.005939260478,0.5409781680270713,7,3.970055075686648e-08,1182342.8798970184
iso_1100C_40h,6462.005939260478,0.5409781680270713,8,4.976269789419122e-08,2924303.2286359053
iso_1100C_40h,6462.005939260478,0.5409781680270713,9,6.237510700730634e-08,7238641.178317905
iso_1100C_40h,6462.005939260478,0.5409781680270713,10,7.818414472715056e-08,17939242.173632808
iso_1100C_40h,6462.005939260478,0.5409781680270713,11,9.8e-08,44580550.65921063
iso_1100C_40h,7256.814596440876,0.5450294987711533,0,8.166666666666667e-09,2118.7542689781408
iso_1100C_40h,7256.814596440876,0.5450294987711533,1,1.0236517085738568e-08,5230.310470799579
iso_1100C_40h,7256.814596440876,0.5450294987711533,2,1.2830973311830731e-08,12913.976754895857
iso_1100C_40h,7256.814596440876,0.5450294987711533,3,1.6082997248964597e-08,31892.540858613367
iso_1100C_40h,7256.814596440876,0.5450294987711533,4,2.0159250138234185e-08,78774.18195830617
iso_1100C_40h,7256.814596440876,0.5450294987711533,5,2.526863369090349e-08,194603.33374694444
iso_1100C_40h,7256.814596440876,0.5450294987711533,6,3.167299598084116e-08,480868.12898822513
iso_1100C_40h,7256.814596440876,0.5450294987711533,7,3.970055075686648e-08,1188691.9349566845
iso_1100C_40h,7256.814596440876,0.5450294987711533,8,4.976269789419122e-08,2940090.766334755
iso_1100C_40h,7256.814596440876,0.5450294987711533,9,6.237510700730634e-08,7278006.719815531
iso_1100C_40h,7256.814596440876,0.5450294987711533,10,7.818414472715056e-08,18037798.087764908
iso_1100C_40h,7256.814596440876,0.5450294987711533,11,9.8e-08,44829667.126385115
iso_1100C_40h,8155.107770546195,0.5494349355139378,0,8.166666666666667e-09,2123.256120337993
iso_1100C_40h,8155.107770546195,0.5494349355139378,1,1.0236517085738568e-08,5241.374991092486
iso_1100C_40h,8155.107770546195,0.5494349355139378,2,1.2830973311830731e-08,12941.08993528388
iso_1100C_40h,8155.107770546195,0.5494349355139378,3,1.6082997248964597e-08,31959.554219242225
iso_1100C_40h,8155.107770546195,0.5494349355139378,4,2.0159250138234185e-08,78940.73583189116
iso_1100C_40h,8155.107770546195,0.5494349355139378,5,2.526863369090349e-08,195017.68522475704
iso_1100C_40h,8155.107770546195,0.5494349355139378,6,3.167299598084116e-08,481899.0886267182
iso_1100C_40h,8155.107770546195,0.5494349355139378,7,3.970055075686648e-08,1191259.484141796
iso_1100C_40h,8155.107770546195,0.5494349355139378,8,4.976269789419122e-08,2946499.1190100648
iso_1100C_40h,8155.107770546195,0.5494349355139378,9,6.237510700730634e-08,7294060.809584207
iso_1100C_40h,8155.107770546195,0.5494349355139378,10,7.818414472715056e-08,18078243.192069717
iso_1100C_40h,8155.107770546195,0.5494349355139378,11,9.8e-08,44932932.134211116
iso_1100C_40h,8755.107770546194,0.5522876370269851,0,8.166666666666667e-09,2122.7756233234136
iso_1100C_40h,8755.107770546194,0.5522876370269851,1,1.0236517085738568e-08,5240.161907485723
iso_1100C_40h,8755.107770546194,0.5522876370269851,2,1.2830973311830731e-08,12937.947126159492
iso_1100C_40h,8755.107770546194,0.5522876370269851,3,1.6082997248964597e-08,31951.757450315596
iso_1100C_40h,8755.107770546194,0.5522876370269851,4,2.0159250138234185e-08,78922.0021035104
iso_1100C_40h,8755.107770546194,0.5522876370269851,5,2.526863369090349e-08,194972.90667086552
iso_1100C_40h,8755.107770546194,0.5522876370269851,6,3.167299598084116e-08,481791.78809452214
iso_1100C_40h,8755.107770546194,0.5522876370269851,7,3.970055075686648e-08,1191002.1999428382
iso_1100C_40h,8755.107770546194,0.5522876370269851,8,4.976269789419122e-08,2945884.6870951066
iso_1100C_40h,8755.107770546194,0.5522876370269851,9,6.237510700730634e-08,7292608.210216896
iso_1100C_40h,8755.107770546194,0.5522876370269851,10,7.818414472715056e-08,18074872.51658222
iso_1100C_40h,8755.107770546194,0.5522876370269851,11,9.8e-08,44925502.38925476
iso_1100C_40h,9355.107770546194,0.5550763998842263,0,8.166666666666667e-09,2120.3313513373514
iso_1100C_40h,9355.107770546194,0.5550763998842263,1,1.0236517085738568e-08,5234.105521578896
iso_1100C_40h,9355.107770546194,0.5550763998842263,2,1.2830973311830731e-08,12922.844953022543
iso_1100C_40h,9355.107770546194,0.5550763998842263,3,1.6082997248964597e-08,31914.380320095323
iso_1100C_40h,9355.107770546194,0.5550763998842263,4,2.0159250138234185e-08,78830.09165222869
iso_1100C_40h,9355.107770546194,0.5550763998842263,5,2.526863369090349e-08,194747.0667998058
iso_1100C_40h,9355.107770546194,0.5550763998842263,6,3.167299598084116e-08,481236.21373049216
iso_1100C_40h,9355.107770546194,0.5550763998842263,7,3.970055075686648e-08,1189633.894881395
iso_1100C_40h,9355.107770546194,0.5550763998842263,8,4.976269789419122e-08,2942512.226705536
iso_1100C_40h,9355.107770546194,0.5550763998842263,9,6.237510700730634e-08,7284292.972403641
iso_1100C_40h,9355.107770546194,0.5550763998842263,10,7.818414472715056e-08,18054368.38007527
iso_1100C_40h,9355.107770546194,0.5550763998842263,11,9.8e-08,44874960.52318268
iso_1100C_40h,9955.107770546194,0.5578065485867088,0,8.166666666666667e-09,2116.457154243534
iso_1100C_40h,9955.107770546194,0.5578065485867088,1,1.0236517085738568e-08,5224.523067285705
iso_1100C_40h,9955.107770546194,0.5578065485867088,2,1.2830973311830731e-08,12899.038590295158
iso_1100C_40h,9955.107770546194,0.5578065485867088,3,1.6082997248964597e-08,31855.47068040621
iso_1100C_40h,9955.107770546194,0.5578065485867088,4,2.0159250138234185e-08,78684.90301102512
iso_1100C_40h,9955.107770546194,0.5578065485867088,5,2.526863369090349e-08,194389.3843548203
iso_1100C_40h,9955.107770546194,0.5578065485867088,6,3.167299598084116e-08,480354.1923330908
iso_1100C_40h,9955.107770546194,0.5578065485867088,7,3.970055075686648e-08,1187456.4371924852
iso_1100C_40h,9955.107770546194,0.5578065485867088,8,4.976269789419122e-08,2937130.886946914
iso_1100C_40h,9955.107770546194,0.5578065485867088,9,6.237510700730634e-08,7270978.44438942
iso_1100C_40h,9955.107770546194,0.5578065485867088,10,7.818414472715056e-08,18021380.40979923
iso_1100C_40h,9955.107770546194,0.5578065485867088,11,9.8e-08,44792995.906698994
iso_1100C_40h,10555.107770546194,0.5604824344948977,0,8.166666666666667e-09,2111.5353262358985
iso_1100C_40h,10555.107770546194,0.5604824344948977,1,1.0236517085738568e-08,5212.357701061182
iso_1100C_40h,10555.107770546194,0.5604824344948977,2,1.2830973311830731e-08,12868.858722541629
iso_1100C_40h,10555.107770546194,0.5604824344948977,3,1.6082997248964597e-08,31780.791379637703
iso_1100C_40h,10555.107770546194,0.5604824344948977,4,2.0159250138234185e-08,78500.6858956541
iso_1100C_40h,10555.107770546194,0.5604824344948977,5,2.526863369090349e-08,193935.10744328596
iso_1100C_40h,10555.107770546194,0.5604824344948977,6,3.167299598084116e-08,479232.97458525625
iso_1100C_40h,10555.107770546194,0.5604824344948977,7,3.970055075686648e-08,1184686.0334582475
iso_1100C_40h,10555.107770546194,0.5604824344948977,8,4.976269789419122e-08,2930277.271761296
iso_1100C_40h,10555.107770546194,0.5604824344948977,9,6.237510700730634e-08,7253999.459383548
iso_1100C_40h,10555.107770546194,0.5604824344948977,10,7.818414472715056e-08,17979239.939077076
iso_1100C_40h,10555.107770546194,0.5604824344948977,11,9.8e-08,44687985.84411821
iso_1100C_40h,11155.107770546194,0.563107685522164,0,8.166666666666667e-09,2105.845139348745
iso_1100C_40h,11155.107770546194,0.563107685522164,1,1.0236517085738568e-08,5198.298323929487
iso_1100C_40h,11155.107770546194,0.563107685522164,2,1.2830973311830731e-08,12834.007634363468
iso_1100C_40h,11155.107770546194,0.563107685522164,3,1.6082997248964597e-08,31694.551987723975
iso_1100C_40h,11155.107770546194,0.563107685522164,4,2.0159250138234185e-08,78287.84995965102
iso_1100C_40h,11155.107770546194,0.563107685522164,5,2.526863369090349e-08,193409.9865416712
iso_1100C_40h,11155.107770546194,0.563107685522164,6,3.167299598084116e-08,477936.30414334656
iso_1100C_40h,11155.107770546194,0.563107685522164,7,3.970055075686648e-08,1181480.6480675868
iso_1100C_40h,11155.107770546194,0.563107685522164,8,4.976269789419122e-08,2922343.4598257574
iso_1100C_40h,11155.107770546194,0.563107685522164,9,6.237510700730634e-08,7234331.4256588025
iso_1100C_40h,11155.107770546194,0.563107685522164,10,7.818414472715056e-08,17930381.603149094
iso_1100C_40h,11155.107770546194,0.563107685522164,11,9.8e-08,44566054.052102186
iso_1100C_40h,11755.107770546194,0.5656853783056474,0,8.166666666666667e-09,2099.594074642246
iso_1100C_40h,11755.107770546194,0.5656853783056474,1,1.0236517085738568e-08,5182.856680232591
iso_1100C_40h,11755.107770546194,0.5656853783056474,2,1.2830973311830731e-08,12795.749740771631
iso_1100C_40h,11755.107770546194,0.5656853783056474,3,1.6082997248964597e-08,31599.879673681018
iso_1100C_40h,11755.107770546194,0.5656853783056474,4,2.0159250138234185e-08,78054.12880559356
iso_1100C_40h,11755.107770546194,0.5656853783056474,5,2.526863369090349e-08,192833.15319805566
iso_1100C_40h,11755.107770546194,0.5656853783056474,6,3.167299598084116e-08,476511.5418174455
iso_1100C_40h,11755.107770546194,0.5656853783056474,7,3.970055075686648e-08,1177957.6520807832
iso_1100C_40h,11755.107770546194,0.5656853783056474,8,4.976269789419122e-08,2913620.7912970255
iso_1100C_40h,11755.107770546194,0.5656853783056474,9,6.237510700730634e-08,7212699.193012024
iso_1100C_40h,11755.107770546194,0.5656853783056474,10,7.818414472715056e-08,17876614.84003179
iso_1100C_40h,11755.107770546194,0.5656853783056474,11,9.8e-08,44431752.56756367
iso_1100C_40h,12355.107770546194,0.5682181603003236,0,8.166666666666667e-09,2092.9384587219092
iso_1100C_40h,12355.107770546194,0.5682181603003236,1,1.0236517085738568e-08,5166.418297213819
iso_1100C_40h,12355.107770546194,0.5682181603003236,2,1.2830973311830731e-08,12755.037480678859
iso_1100C_40h,12355.107770546194,0.5682181603003236,3,1.6082997248964597e-08,31499.130353072953
iso_1100C_40h,12355.107770546194,0.5682181603003236,4,2.0159250138234185e-08,77805.34917017189
iso_1100C_40h,12355.107770546194,0.5682181603003236,5,2.526863369090349e-08,192219.02237010095
iso_1100C_40h,12355.107770546194,0.5682181603003236,6,3.167299598084116e-08,474994.3736932739
iso_1100C_40h,12355.107770546194,0.5682181603003236,7,3.970055075686648e-08,1174205.4875458865
iso_1100C_40h,12355.107770546194,0.5682181603003236,8,4.976269789419122e-08,2904328.8096918548
iso_1100C_40h,12355.107770546194,0.5682181603003236,9,6.237510700730634e-08,7189649.020383668
iso_1100C_40h,12355.107770546194,0.5682181603003236,10,7.818414472715056e-08,17819303.40457063
iso_1100C_40h,12355.107770546194,0.5682181603003236,11,9.8e-08,44288512.768345326
iso_1100C_40h,12955.107770546194,0.5707083385247316,0,8.166666666666667e-09,2085.997443316234
iso_1100C_40h,12955.107770546194,0.5707083385247316,1,1.0236517085738568e-08,5149.276989028442
iso_1100C_40h,12955.107770546194,0.5707083385247316,2,1.2830973311830731e-08,12712.596597196938
iso_1100C_40h,12955.107770546194,0.5707083385247316,3,1.6082997248964597e-08,31394.099468943325
iso_1100C_40h,12955.107770546194,0.5707083385247316,4,2.0159250138234185e-08,77545.95201080215
iso_1100C_40h,12955.107770546194,0.5707083385247316,5,2.526863369090349e-08,191578.58121434812
iso_1100C_40h,12955.107770546194,0.5707083385247316,6,3.167299598084116e-08,473412.0009141405
iso_1100C_40h,12955.107770546194,0.5707083385247316,7,3.970055075686648e-08,1170291.5706137235
iso_1100C_40h,12955.107770546194,0.5707083385247316,8,4.976269789419122e-08,2894634.872972778
iso_1100C_40h,12955.107770546194,0.5707083385247316,9,6.237510700730634e-08,7165597.346994021
iso_1100C_40h,12955.107770546194,0.5707083385247316,10,7.818414472715056e-08,17759487.042156946
iso_1100C_40h,12955.107770546194,0.5707083385247316,11,9.8e-08,44138951.15978349
iso_1100C_40h,13555.107770546194,0.5731579454859055,0,8.166666666666667e-09,2078.8626945795536
iso_1100C_40h,13555.107770546194,0.5731579454859055,1,1.0236517085738568e-08,5131.658769066234
iso_1100C_40h,13555.107770546194,0.5731579454859055,2,1.2830973311830731e-08,12668.985243603538
iso_1100C_40h,13555.107770546194,0.5731579454859055,3,1.6082997248964597e-08,31286.168086492027
iso_1100C_40h,13555.107770546194,0.5731579454859055,4,2.0159250138234185e-08,77279.35368759849
iso_1100C_40h,13555.107770546194,0.5731579454859055,5,2.526863369090349e-08,190920.28241563324
iso_1100C_40h,13555.107770546194,0.5731579454859055,6,3.167299598084116e-08,471785.3507760974
iso_1100C_40h,13555.107770546194,0.5731579454859055,7,3.970055075686648e-08,1166267.770106847
iso_1100C_40h,13555.107770546194,0.5731579454859055,8,4.976269789419122e-08,2884667.749249352
iso_1100C_40h,13555.107770546194,0.5731579454859055,9,6.237510700730634e-08,7140864.607149821
iso_1100C_40h,13555.107770546194,0.5731579454859055,10,7.818414472715056e-08,17697965.861762296
iso_1100C_40h,13555.107770546194,0.5731579454859055,11,9.8e-08,43985081.47061163
iso_1100C_40h,14155.107770546194,0.5755687891039603,0,8.166666666666667e-09,2071.6052499980974
iso_1100C_40h,14155.107770546194,0.5755687891039603,1,1.0236517085738568e-08,5113.738770289675
iso_1100C_40h,14155.107770546194,0.5755687891039603,2,1.2830973311830731e-08,12624.635809415618
iso_1100C_40h,14155.107770546194,0.5755687891039603,3,1.6082997248964597e-08,31176.40628146052
iso_1100C_40h,14155.107770546194,0.5755687891039603,4,2.0159250138234185e-08,77008.20157219088
iso_1100C_40h,14155.107770546194,0.5755687891039603,5,2.526863369090349e-08,190250.6764149905
iso_1100C_40h,14155.107770546194,0.5755687891039603,6,3.167299598084116e-08,470130.64161934203
iso_1100C_40h,14155.107770546194,0.5755687891039603,7,3.970055075686648e-08,1162174.2851232789
iso_1100C_40h,14155.107770546194,0.5755687891039603,8,4.976269789419122e-08,2874527.2400981225
iso_1100C_40h,14155.107770546194,0.5755687891039603,9,6.237510700730634e-08,7115699.167169463
iso_1100C_40h,14155.107770546194,0.5755687891039603,10,7.818414472715056e-08,17635360.06964767
iso_1100C_40h,14155.107770546194,0.5755687891039603,11,9.8e-08,43828464.84280012
iso_1100C_40h,14755.107770546194,0.5779424911724749,0,8.166666666666667e-09,2064.280462851933
iso_1100C_40h,14755.107770546194,0.5779424911724749,1,1.0236517085738568e-08,5095.653444965864
iso_1100C_40h,14755.107770546194,0.5779424911724749,2,1.2830973311830731e-08,12579.885079164927
iso_1100C_40h,14755.107770546194,0.5779424911724749,3,1.6082997248964597e-08,31065.647692480175
iso_1100C_40h,14755.107770546194,0.5779424911724749,4,2.0159250138234185e-08,76734.55836979924
iso_1100C_40h,14755.107770546194,0.5779424911724749,5,2.526863369090349e-08,189574.86732723837
iso_1100C_40h,14755.107770546194,0.5779424911724749,6,3.167299598084116e-08,468460.511349926
iso_1100C_40h,14755.107770546194,0.5779424911724749,7,3.970055075686648e-08,1158042.4414804839
iso_1100C_40h,14755.107770546194,0.5779424911724749,8,4.976269789419122e-08,2864291.1210659007
iso_1100C_40h,14755.107770546194,0.5779424911724749,9,6.237510700730634e-08,7090294.590409555
iso_1100C_40h,14755.107770546194,0.5779424911724749,10,7.818414472715056e-08,17572153.058235094
iso_1100C_40h,14755.107770546194,0.5779424911724749,11,9.8e-08,43670318.19071842
iso_1100C_40h,15355.107770546194,0.5802805174437542,0,8.166666666666667e-09,2056.9316281963524
iso_1100C_40h,15355.107770546194,0.5802805174437542,1,1.0236517085738568e-08,5077.509510214399
iso_1100C_40h,15355.107770546194,0.5802805174437542,2,1.2830973311830731e-08,12534.99634762755
iso_1100C_40h,15355.107770546194,0.5802805174437542,3,1.6082997248964597e-08,30954.5441929042
iso_1100C_40h,15355.107770546194,0.5802805174437542,4,2.0159250138234185e-08,76460.03729264485
iso_1100C_40h,15355.107770546194,0.5802805174437542,5,2.526863369090349e-08,188896.8472980659
iso_1100C_40h,15355.107770546194,0.5802805174437542,6,3.167299598084116e-08,466784.8450876775
iso_1100C_40h,15355.107770546194,0.5802805174437542,7,3.970055075686648e-08,1153896.7426723498
iso_1100C_40h,15355.107770546194,0.5802805174437542,8,4.976269789419122e-08,2854020.232181294
iso_1100C_40h,15355.107770546194,0.5802805174437542,9,6.237510700730634e-08,7064802.301115819
iso_1100C_40h,15355.107770546194,0.5802805174437542,10,7.818414472715056e-08,17508723.014582496
iso_1100C_40h,15355.107770546194,0.5802805174437542,11,9.8e-08,43511593.701981634
iso_1100C_40h,15955.107770546194,0.5825842014879697,0,8.166666666666667e-09,2049.592682201585
iso_1100C_40h,15955.107770546194,0.5825842014879697,1,1.0236517085738568e-08,5059.390606710066
iso_1100C_40h,15955.107770546194,0.5825842014879697,2,1.2830973311830731e-08,12490.175882101406
iso_1100C_40h,15955.107770546194,0.5825842014879697,3,1.6082997248964597e-08,30843.606590246603
iso_1100C_40h,15955.107770546194,0.5825842014879697,4,2.0159250138234185e-08,76185.9026899626
iso_1100C_40h,15955.107770546194,0.5825842014879697,5,2.526863369090349e-08,188219.745422025
iso_1100C_40h,15955.107770546194,0.5825842014879697,6,3.167299598084116e-08,465111.3913376929
iso_1100C_40h,15955.107770546194,0.5825842014879697,7,3.970055075686648e-08,1149756.3968206348
iso_1100C_40h,15955.107770546194,0.5825842014879697,8,4.976269789419122e-08,2843762.2680242495
iso_1100C_40h,15955.107770546194,0.5825842014879697,9,6.237510700730634e-08,7039341.013633749
iso_1100C_40h,15955.107770546194,0.5825842014879697,10,7.818414472715056e-08,17445366.457150508
iso_1100C_40h,15955.107770546194,0.5825842014879697,11,9.8e-08,43353038.04432721
iso_1100C_40h,16555.107770546194,0.5848547638503288,0,8.166666666666667e-09,2042.2902386120022
iso_1100C_40h,16555.107770546194,0.5848547638503288,1,1.0236517085738568e-08,5041.362321644438
iso_1100C_40h,16555.107770546194,0.5848547638503288,2,1.2830973311830731e-08,12445.58534092296
iso_1100C_40h,16555.107770546194,0.5848547638503288,3,1.6082997248964597e-08,30733.235330295516
iso_1100C_40h,16555.107770546194,0.5848547638503288,4,2.0159250138234185e-08,75913.14596640437
iso_1100C_40h,16555.107770546194,0.5848547638503288,5,2.526863369090349e-08,187546.0155378356
iso_1100C_40h,16555.107770546194,0.5848547638503288,6,3.167299598084116e-08,463446.22686849243
iso_1100C_40h,16555.107770546194,0.5848547638503288,7,3.970055075686648e-08,1145636.4687313181
iso_1100C_40h,16555.107770546194,0.5848547638503288,8,4.976269789419122e-08,2833554.6373580927
iso_1100C_40h,16555.107770546194,0.5848547638503288,9,6.237510700730634e-08,7014003.847137194
iso_1100C_40h,16555.107770546194,0.5848547638503288,10,7.818414472715056e-08,17382315.99642021
iso_1100C_40h,16555.107770546194,0.5848547638503288,11,9.8e-08,43195237.04747168
iso_1100C_40h,17155.107770546194,0.5870933276063302,0,8.166666666666667e-09,2035.0451432514712
iso_1100C_40h,17155.107770546194,0.5870933276063302,1,1.0236517085738568e-08,5023.476022534278
iso_1100C_40h,17155.107770546194,0.5870933276063302,2,1.2830973311830731e-08,12401.351252038416
iso_1100C_40h,17155.107770546194,0.5870933276063302,3,1.6082997248964597e-08,30623.743934020218
iso_1100C_40h,17155.107770546194,0.5870933276063302,4,2.0159250138234185e-08,75642.54353321815
iso_1100C_40h,17155.107770546194,0.5870933276063302,5,2.526863369090349e-08,186877.57958191444
iso_1100C_40h,17155.107770546194,0.5870933276063302,6,3.167299598084116e-08,461794.11158339964
iso_1100C_40h,17155.107770546194,0.5870933276063302,7,3.970055075686648e-08,1141548.759352453
iso_1100C_40h,17155.107770546194,0.5870933276063302,8,4.976269789419122e-08,2823426.6461797343
iso_1100C_40h,17155.107770546194,0.5870933276063302,9,6.237510700730634e-08,6988863.757239789
iso_1100C_40h,17155.107770546194,0.5870933276063302,10,7.818414472715056e-08,17319753.894653324
iso_1100C_40h,17155.107770546194,0.5870933276063302,11,9.8e-08,43038649.819645606
iso_1100C_40h,17755.107770546194,0.5893009311218198,0,8.166666666666667e-09,2027.873672889864
iso_1100C_40h,17755.107770546194,0.5893009311218198,1,1.0236517085738568e-08,5005.77181363735
iso_1100C_40h,17755.107770546194,0.5893009311218198,2,1.2830973311830731e-08,12357.572322256572
iso_1100C_40h,17755.107770546194,0.5893009311218198,3,1.6082997248964597e-08,30515.37707195745
iso_1100C_40h,17755.107770546194,0.5893009311218198,4,2.0159250138234185e-08,75374.70150101504
iso_1100C_40h,17755.107770546194,0.5893009311218198,5,2.526863369090349e-08,186215.93814670763
iso_1100C_40h,17755.107770546194,0.5893009311218198,6,3.167299598084116e-08,460158.7622121788
iso_1100C_40h,17755.107770546194,0.5893009311218198,7,3.970055075686648e-08,1137502.4840617399
iso_1100C_40h,17755.107770546194,0.5893009311218198,8,4.976269789419122e-08,2813401.1814518007
iso_1100C_40h,17755.107770546194,0.5893009311218198,9,6.237510700730634e-08,6963977.725397465
iso_1100C_40h,17755.107770546194,0.5893009311218198,10,7.818414472715056e-08,17257822.52501145
iso_1100C_40h,17755.107770546194,0.5893009311218198,11,9.8e-08,42883635.06487988
iso_1100C_40h,18355.107770546194,0.5914785386180995,0,8.166666666666667e-09,2020.7884681256612
iso_1100C_40h,18355.107770546194,0.5914785386180995,1,1.0236517085738568e-08,4988.2808362337855
iso_1100C_40h,18355.107770546194,0.5914785386180995,2,1.2830973311830731e-08,12314.325124144847
iso_1100C_40h,18355.107770546194,0.5914785386180995,3,1.6082997248964597e-08,30408.324627988237
iso_1100C_40h,18355.107770546194,0.5914785386180995,4,2.0159250138234185e-08,75110.090456416
iso_1100C_40h,18355.107770546194,0.5914785386180995,5,2.526863369090349e-08,185562.25651069003
iso_1100C_40h,18355.107770546194,0.5914785386180995,6,3.167299598084116e-08,458543.0652851959
iso_1100C_40h,18355.107770546194,0.5914785386180995,7,3.970055075686648e-08,1133504.800487477
iso_1100C_40h,18355.107770546194,0.5914785386180995,8,4.976269789419122e-08,2803496.0213545575
iso_1100C_40h,18355.107770546194,0.5914785386180995,9,6.237510700730634e-08,6939390.019121158
iso_1100C_40h,18355.107770546194,0.5914785386180995,10,7.818414472715056e-08,17196632.511204425
iso_1100C_40h,18355.107770546194,0.5914785386180995,11,9.8e-08,42730471.565341875
iso_1100C_40h,18955.107770546194,0.5936270489946922,0,8.166666666666667e-09,2013.7992649082914
iso_1100C_40h,18955.107770546194,0.5936270489946922,1,1.0236517085738568e-08,4971.027072240913
iso_1100C_40h,18955.107770546194,0.5936270489946922,2,1.2830973311830731e-08,12271.668554812524
iso_1100C_40h,18955.107770546194,0.5936270489946922,3,1.6082997248964597e-08,30302.732726977254
iso_1100C_40h,18955.107770546194,0.5936270489946922,4,2.0159250138234185e-08,74849.07273178667
iso_1100C_40h,18955.107770546194,0.5936270489946922,5,2.526863369090349e-08,184917.43209910294
iso_1100C_40h,18955.107770546194,0.5936270489946922,6,3.167299598084116e-08,456949.2441404441
iso_1100C_40h,18955.107770546194,0.5936270489946922,7,3.970055075686648e-08,1129561.222414074
iso_1100C_40h,18955.107770546194,0.5936270489946922,8,4.976269789419122e-08,2793724.8627755544
iso_1100C_40h,18955.107770546194,0.5936270489946922,9,6.237510700730634e-08,6915134.7486731745
iso_1100C_40h,18955.107770546194,0.5936270489946922,10,7.818414472715056e-08,17136269.110909518
iso_1100C_40h,18955.107770546194,0.5936270489946922,11,9.8e-08,42579374.245245405
iso_1100C_40h,19555.107770546194,0.595747303255239,0,8.166666666666667e-09,2006.9134719561102
iso_1100C_40h,19555.107770546194,0.595747303255239,1,1.0236517085738568e-08,4954.028767760082
iso_1100C_40h,19555.107770546194,0.595747303255239,2,1.2830973311830731e-08,12229.64735486378
iso_1100C_40h,19555.107770546194,0.595747303255239,3,1.6082997248964597e-08,30198.712438857874
iso_1100C_40h,19555.107770546194,0.595747303255239,4,2.0159250138234185e-08,74591.92392982525
iso_1100C_40h,19555.107770546194,0.595747303255239,5,2.526863369090349e-08,184282.1477331596
iso_1100C_40h,19555.107770546194,0.595747303255239,6,3.167299598084116e-08,455378.99075023184
iso_1100C_40h,19555.107770546194,0.595747303255239,7,3.970055075686648e-08,1125675.946502463
iso_1100C_40h,19555.107770546194,0.595747303255239,8,4.976269789419122e-08,2784098.1323827603
iso_1100C_40h,19555.107770546194,0.595747303255239,9,6.237510700730634e-08,6891237.885300658
iso_1100C_40h,19555.107770546194,0.595747303255239,10,7.818414472715056e-08,17076797.254939105
iso_1100C_40h,19555.107770546194,0.595747303255239,11,9.8e-08,42430506.85257781
iso_1100C_40h,20155.107770546194,0.5978400908032004,0,8.166666666666667e-09,2000.1366290902931
iso_1100C_40h,20155.107770546194,0.5978400908032004,1,1.0236517085738568e-08,4937.299562954841
iso_1100C_40h,20155.107770546194,0.5978400908032004,2,1.2830973311830731e-08,12188.294901153069
iso_1100C_40h,20155.107770546194,0.5978400908032004,3,1.6082997248964597e-08,30096.346687241075
iso_1100C_40h,20155.107770546194,0.5978400908032004,4,2.0159250138234185e-08,74338.85000862915
iso_1100C_40h,20155.107770546194,0.5978400908032004,5,2.526863369090349e-08,183656.9138972366
iso_1100C_40h,20155.107770546194,0.5978400908032004,6,3.167299598084116e-08,453833.57036179694
iso_1100C_40h,20155.107770546194,0.5978400908032004,7,3.970055075686648e-08,1121852.1116361471
iso_1100C_40h,20155.107770546194,0.5978400908032004,8,4.976269789419122e-08,2774623.6304538557
iso_1100C_40h,20155.107770546194,0.5978400908032004,9,6.237510700730634e-08,6867718.863342585
iso_1100C_40h,20155.107770546194,0.5978400908032004,10,7.818414472715056e-08,17018265.54753189
iso_1100C_40h,20155.107770546194,0.5978400908032004,11,9.8e-08,42283992.026839204
iso_1100C_40h,20755.107770546194,0.5999061548153675,0,8.166666666666667e-09,1993.4727727597794
iso_1100C_40h,20755.107770546194,0.5999061548153675,1,1.0236517085738568e-08,4920.849393077769
iso_1100C_40h,20755.107770546194,0.5999061548153675,2,1.2830973311830731e-08,12147.635433621692
iso_1100C_40h,20755.107770546194,0.5999061548153675,3,1.6082997248964597e-08,29995.695758753765
iso_1100C_40h,20755.107770546194,0.5999061548153675,4,2.0159250138234185e-08,74090.00090683946
iso_1100C_40h,20755.107770546194,0.5999061548153675,5,2.526863369090349e-08,183042.10244716436
iso_1100C_40h,20755.107770546194,0.5999061548153675,6,3.167299598084116e-08,452313.90495004726
iso_1100C_40h,20755.107770546194,0.5999061548153675,7,3.970055075686648e-08,1118092.0057574427
iso_1100C_40h,20755.107770546194,0.5999061548153675,8,4.976269789419122e-08,2765307.044358366
iso_1100C_40h,20755.107770546194,0.5999061548153675,9,6.237510700730634e-08,6844591.85800888
iso_1100C_40h,20755.107770546194,0.5999061548153675,10,7.818414472715056e-08,16960709.456927344
iso_1100C_40h,20755.107770546194,0.5999061548153675,11,9.8e-08,42139919.32931631
iso_1100C_40h,21355.107770546194,0.601946196856987,0,8.166666666666667e-09,1986.9247286954997
iso_1100C_40h,21355.107770546194,0.601946196856987,1,1.0236517085738568e-08,4904.685209825685
iso_1100C_40h,21355.107770546194,0.601946196856987,2,1.2830973311830731e-08,12107.685837833727
iso_1100C_40h,21355.107770546194,0.601946196856987,3,1.6082997248964597e-08,29896.801713752844
iso_1100C_40h,21355.107770546194,0.601946196856987,4,2.0159250138234185e-08,73845.48145220925
iso_1100C_40h,21355.107770546194,0.601946196856987,5,2.526863369090349e-08,182437.97359836372
iso_1100C_40h,21355.107770546194,0.601946196856987,6,3.167299598084116e-08,450820.6400341465
iso_1100C_40h,21355.107770546194,0.601946196856987,7,3.970055075686648e-08,1114397.2314740336
iso_1100C_40h,21355.107770546194,0.601946196856987,8,4.976269789419122e-08,2756152.359692641
iso_1100C_40h,21355.107770546194,0.601946196856987,9,6.237510700730634e-08,6821866.808497472
iso_1100C_40h,21355.107770546194,0.601946196856987,10,7.818414472715056e-08,16904153.870139737
iso_1100C_40h,21355.107770546194,0.601946196856987,11,9.8e-08,41998351.67346462
iso_1100C_40h,21955.107770546194,0.6039608808686519,0,8.166666666666667e-09,1980.4943469803068
iso_1100C_40h,21955.107770546194,0.6039608808686519,1,1.0236517085738568e-08,4888.811560725137
iso_1100C_40h,21955.107770546194,0.6039608808686519,2,1.2830973311830731e-08,12068.457076449708
iso_1100C_40h,21955.107770546194,0.6039608808686519,3,1.6082997248964597e-08,29799.691928913006
iso_1100C_40h,21955.107770546194,0.6039608808686519,4,2.0159250138234185e-08,73605.36012350855
iso_1100C_40h,21955.107770546194,0.6039608808686519,5,2.526863369090349e-08,181844.69760359003
iso_1100C_40h,21955.107770546194,0.6039608808686519,6,3.167299598084116e-08,449354.1983477698
iso_1100C_40h,21955.107770546194,0.6039608808686519,7,3.970055075686648e-08,1110768.8390844606
iso_1100C_40h,21955.107770546194,0.6039608808686519,8,4.976269789419122e-08,2747162.1905360413
iso_1100C_40h,21955.107770546194,0.6039608808686519,9,6.237510700730634e-08,6799550.23986524
iso_1100C_40h,21955.107770546194,0.6039608808686519,10,7.818414472715056e-08,16848615.145285364
iso_1100C_40h,21955.107770546194,0.6039608808686519,11,9.8e-08,41859330.49093354
iso_1100C_40h,22555.107770546194,0.6059508366292425,0,8.166666666666667e-09,1974.1826913642176
iso_1100C_40h,22555.107770546194,0.6059508366292425,1,1.0236517085738568e-08,4873.2310557213705
iso_1100C_40h,22555.107770546194,0.6059508366292425,2,1.2830973311830731e-08,12029.955341787807
iso_1100C_40h,22555.107770546194,0.6059508366292425,3,1.6082997248964597e-08,29704.38195005773
iso_1100C_40h,22555.107770546194,0.6059508366292425,4,2.0159250138234185e-08,73369.67610679808
iso_1100C_40h,22555.107770546194,0.6059508366292425,5,2.526863369090349e-08,181262.372211247
iso_1100C_40h,22555.107770546194,0.6059508366292425,6,3.167299598084116e-08,447914.8230637014
iso_1100C_40h,22555.107770546194,0.6059508366292425,7,3.970055075686648e-08,1107207.433715538
iso_1100C_40h,22555.107770546194,0.6059508366292425,8,4.976269789419122e-08,2738338.045442423
iso_1100C_40h,22555.107770546194,0.6059508366292425,9,6.237510700730634e-08,6777645.924991286
iso_1100C_40h,22555.107770546194,0.6059508366292425,10,7.818414472715056e-08,16794102.764667295
iso_1100C_40h,22555.107770546194,0.6059508366292425,11,9.8e-08,41722879.89292006
iso_1100C_40h,23155.107770546194,0.6079166627791123,0,8.166666666666667e-09,1967.9901920558602
iso_1100C_40h,23155.107770546194,0.6079166627791123,1,1.0236517085738568e-08,4857.944743733214
iso_1100C_40h,23155.107770546194,0.6079166627791123,2,1.2830973311830731e-08,11992.182985769026
iso_1100C_40h,23155.107770546194,0.6079166627791123,3,1.6082997248964597e-08,29610.87779441473
iso_1100C_40h,23155.107770546194,0.6079166627791123,4,2.0159250138234185e-08,73138.44499021085
iso_1100C_40h,23155.107770546194,0.6079166627791123,5,2.526863369090349e-08,180691.03675556852
iso_1100C_40h,23155.107770546194,0.6079166627791123,6,3.167299598084116e-08,446502.6126801759
iso_1100C_40h,23155.107770546194,0.6079166627791123,7,3.970055075686648e-08,1103713.2617944134
iso_1100C_40h,23155.107770546194,0.6079166627791123,8,4.976269789419122e-08,2729680.5421314444
iso_1100C_40h,23155.107770546194,0.6079166627791123,9,6.237510700730634e-08,6756155.418890644
iso_1100C_40h,23155.107770546194,0.6079166627791123,10,7.818414472715056e-08,16740620.669153193
iso_1100C_40h,23155.107770546194,0.6079166627791123,11,9.8e-08,41589010.02949987
iso_1100C_40h,23755.107770546194,0.6098589294719978,0,8.166666666666667e-09,1961.9167692465599
iso_1100C_40h,23755.107770546194,0.6098589294719978,1,1.0236517085738568e-08,4842.952417065976
iso_1100C_40h,23755.107770546194,0.6098589294719978,2,1.2830973311830731e-08,11955.139271498101
iso_1100C_40h,23755.107770546194,0.6098589294719978,3,1.6082997248964597e-08,29519.177811702943
iso_1100C_40h,23755.107770546194,0.6098589294719978,4,2.0159250138234185e-08,72911.66336776703
iso_1100C_40h,23755.107770546194,0.6098589294719978,5,2.526863369090349e-08,180130.6835478678
iso_1100C_40h,23755.107770546194,0.6098589294719978,6,3.167299598084116e-08,445117.5492255827
iso_1100C_40h,23755.107770546194,0.6098589294719978,7,3.970055075686648e-08,1100286.280960875
iso_1100C_40h,23755.107770546194,0.6098589294719978,8,4.976269789419122e-08,2721189.5810711985
iso_1100C_40h,23755.107770546194,0.6098589294719978,9,6.237510700730634e-08,6735078.490736767
iso_1100C_40h,23755.107770546194,0.6098589294719978,10,7.818414472715056e-08,16688168.337155888
iso_1100C_40h,23755.107770546194,0.6098589294719978,11,9.8e-08,41457719.80624167
iso_1100C_40h,24355.107770546194,0.611778180711726,0,8.166666666666667e-09,1955.9619331081612
iso_1100C_40h,24355.107770546194,0.611778180711726,1,1.0236517085738568e-08,4828.252857836972
iso_1100C_40h,24355.107770546194,0.611778180711726,2,1.2830973311830731e-08,11918.820981488463
iso_1100C_40h,24355.107770546194,0.611778180711726,3,1.6082997248964597e-08,29429.27419060791
iso_1100C_40h,24355.107770546194,0.611778180711726,4,2.0159250138234185e-08,72689.31256624816
iso_1100C_40h,24355.107770546194,0.611778180711726,5,2.526863369090349e-08,179581.26709829975
iso_1100C_40h,24355.107770546194,0.611778180711726,6,3.167299598084116e-08,443759.5210922017
iso_1100C_40h,24355.107770546194,0.611778180711726,7,3.970055075686648e-08,1096926.2166681169
iso_1100C_40h,24355.107770546194,0.611778180711726,8,4.976269789419122e-08,2712864.4860153045
iso_1100C_40h,24355.107770546194,0.611778180711726,9,6.237510700730634e-08,6714413.473655441
iso_1100C_40h,24355.107770546194,0.611778180711726,10,7.818414472715056e-08,16636741.658305325
iso_1100C_40h,24355.107770546194,0.611778180711726,11,9.8e-08,41328999.08414102
iso_1100C_40h,24955.107770546194,0.6136749364199212,0,8.166666666666667e-09,1950.1248648322764
iso_1100C_40h,24955.107770546194,0.6136749364199212,1,1.0236517085738568e-08,4813.844037674446
iso_1100C_40h,24955.107770546194,0.6136749364199212,2,1.2830973311830731e-08,11883.222910382041
iso_1100C_40h,24955.107770546194,0.6136749364199212,3,1.6082997248964597e-08,29341.154179507954
iso_1100C_40h,24955.107770546194,0.6136749364199212,4,2.0159250138234185e-08,72471.36166540754
iso_1100C_40h,24955.107770546194,0.6136749364199212,5,2.526863369090349e-08,179042.7115893601
iso_1100C_40h,24955.107770546194,0.6136749364199212,6,3.167299598084116e-08,442428.34154172894
iso_1100C_40h,24955.107770546194,0.6136749364199212,7,3.970055075686648e-08,1093632.6080562372
iso_1100C_40h,24955.107770546194,0.6136749364199212,8,4.976269789419122e-08,2704704.1179095414
iso_1100C_40h,24955.107770546194,0.6136749364199212,9,6.237510700730634e-08,6694157.548251895
iso_1100C_40h,24955.107770546194,0.6136749364199212,10,7.818414472715056e-08,16586333.641661622
iso_1100C_40h,24955.107770546194,0.6136749364199212,11,9.8e-08,41202830.46314628
iso_1100C_40h,25555.107770546194,0.6155496942730211,0,8.166666666666667e-09,1944.4044823622871
iso_1100C_40h,25555.107770546194,0.6155496942730211,1,1.0236517085738568e-08,4799.72327969099
iso_1100C_40h,25555.107770546194,0.6155496942730211,2,1.2830973311830731e-08,11848.338264425644
iso_1100C_40h,25555.107770546194,0.6155496942730211,3,1.6082997248964597e-08,29254.801076496802
iso_1100C_40h,25555.107770546194,0.6155496942730211,4,2.0159250138234185e-08,72257.76994763025
iso_1100C_40h,25555.107770546194,0.6155496942730211,5,2.526863369090349e-08,178514.9169378352
iso_1100C_40h,25555.107770546194,0.6155496942730211,6,3.167299598084116e-08,441123.76371614874
iso_1100C_40h,25555.107770546194,0.6155496942730211,7,3.970055075686648e-08,1090404.8451642734
iso_1100C_40h,25555.107770546194,0.6155496942730211,8,4.976269789419122e-08,2696706.9672960006
iso_1100C_40h,25555.107770546194,0.6155496942730211,9,6.237510700730634e-08,6674306.972630398
iso_1100C_40h,25555.107770546194,0.6155496942730211,10,7.818414472715056e-08,16536934.99032374
iso_1100C_40h,25555.107770546194,0.6155496942730211,11,9.8e-08,41079190.72942827
iso_1100C_40h,26155.107770546194,0.6174029313405305,0,8.166666666666667e-09,1938.7994937486633
iso_1100C_40h,26155.107770546194,0.6174029313405305,1,1.0236517085738568e-08,4785.887389955238
iso_1100C_40h,26155.107770546194,0.6174029313405305,2,1.2830973311830731e-08,11814.158985569316
iso_1100C_40h,26155.107770546194,0.6174029313405305,3,1.6082997248964597e-08,29170.195032879717
iso_1100C_40h,26155.107770546194,0.6174029313405305,4,2.0159250138234185e-08,72048.48888628212
iso_1100C_40h,26155.107770546194,0.6174029313405305,5,2.526863369090349e-08,177997.76371543994
iso_1100C_40h,26155.107770546194,0.6174029313405305,6,3.167299598084116e-08,439845.4928229464
iso_1100C_40h,26155.107770546194,0.6174029313405305,7,3.970055075686648e-08,1087242.1991387408
iso_1100C_40h,26155.107770546194,0.6174029313405305,8,4.976269789419122e-08,2688871.229330368
iso_1100C_40h,26155.107770546194,0.6174029313405305,9,6.237510700730634e-08,6654857.269146575
iso_1100C_40h,26155.107770546194,0.6174029313405305,10,7.818414472715056e-08,16488534.567998778
iso_1100C_40h,26155.107770546194,0.6174029313405305,11,9.8e-08,40958052.03071997
iso_1100C_40h,26755.107770546194,0.6192351055512797,0,8.166666666666667e-09,1933.3084404872818
iso_1100C_40h,26755.107770546194,0.6192351055512797,1,1.0236517085738568e-08,4772.332764278206
iso_1100C_40h,26755.107770546194,0.6192351055512797,2,1.2830973311830731e-08,11780.676014570909
iso_1100C_40h,26755.107770546194,0.6192351055512797,3,1.6082997248964597e-08,29087.313705713426
iso_1100C_40h,26755.107770546194,0.6192351055512797,4,2.0159250138234185e-08,71843.46376070596
iso_1100C_40h,26755.107770546194,0.6192351055512797,5,2.526863369090349e-08,177491.11714573676
iso_1100C_40h,26755.107770546194,0.6192351055512797,6,3.167299598084116e-08,438593.19603332836
iso_1100C_40h,26755.107770546194,0.6192351055512797,7,3.970055075686648e-08,1084143.846773658
iso_1100C_40h,26755.107770546194,0.6192351055512797,8,4.976269789419122e-08,2681194.8647262035
iso_1100C_40h,26755.107770546194,0.6192351055512797,9,6.237510700730634e-08,6635803.37613777
iso_1100C_40h,26755.107770546194,0.6192351055512797,10,7.818414472715056e-08,16441119.778116573
iso_1100C_40h,26755.107770546194,0.6192351055512797,11,9.8e-08,40839382.831519425
iso_1100C_40h,27355.107770546194,0.6210466570102291,0,8.166666666666667e-09,1927.9297327458291
iso_1100C_40h,27355.107770546194,0.6210466570102291,1,1.0236517085738568e-08,4759.055475009756
iso_1100C_40h,27355.107770546194,0.6210466570102291,2,1.2830973311830731e-08,11747.879504718407
iso_1100C_40h,27355.107770546194,0.6210466570102291,3,1.6082997248964597e-08,29006.132788105595
iso_1100C_40h,27355.107770546194,0.6210466570102291,4,2.0159250138234185e-08,71642.63496887471
iso_1100C_40h,27355.107770546194,0.6210466570102291,5,2.526863369090349e-08,176994.83035300215
iso_1100C_40h,27355.107770546194,0.6210466570102291,6,3.167299598084116e-08,437366.5105283342
iso_1100C_40h,27355.107770546194,0.6210466570102291,7,3.970055075686648e-08,1081108.8904598346
iso_1100C_40h,27355.107770546194,0.6210466570102291,8,4.976269789419122e-08,2673675.6493015825
iso_1100C_40h,27355.107770546194,0.6210466570102291,9,6.237510700730634e-08,6617139.771288111
iso_1100C_40h,27355.107770546194,0.6210466570102291,10,7.818414472715056e-08,16394676.872107778
iso_1100C_40h,27355.107770546194,0.6210466570102291,11,9.8e-08,40723148.689968824
iso_1100C_40h,27955.107770546194,0.6228380091849017,0,8.166666666666667e-09,1922.661678019319
iso_1100C_40h,27955.107770546194,0.6228380091849017,1,1.0236517085738568e-08,4746.0513416433005
iso_1100C_40h,27955.107770546194,0.6228380091849017,2,1.2830973311830731e-08,11715.758995561862
iso_1100C_40h,27955.107770546194,0.6228380091849017,3,1.6082997248964597e-08,28926.626440501448
iso_1100C_40h,27955.107770546194,0.6228380091849017,4,2.0159250138234185e-08,71445.9390951393
iso_1100C_40h,27955.107770546194,0.6228380091849017,5,2.526863369090349e-08,176508.74700513665
iso_1100C_40h,27955.107770546194,0.6228380091849017,6,3.167299598084116e-08,436165.0500446101
iso_1100C_40h,27955.107770546194,0.6228380091849017,7,3.970055075686648e-08,1078136.3744152242
iso_1100C_40h,27955.107770546194,0.6228380091849017,8,4.976269789419122e-08,2666311.214292188
iso_1100C_40h,27955.107770546194,0.6228380091849017,9,6.237510700730634e-08,6598860.57201282
iso_1100C_40h,27955.107770546194,0.6228380091849017,10,7.818414472715056e-08,16349191.200288093
iso_1100C_40h,27955.107770546194,0.6228380091849017,11,9.8e-08,40609312.89023249
iso_1100C_40h,28555.107770546194,0.6246095699776628,0,8.166666666666667e-09,1917.502504463204
iso_1100C_40h,28555.107770546194,0.6246095699776628,1,1.0236517085738568e-08,4733.315988305632
iso_1100C_40h,28555.107770546194,0.6246095699776628,2,1.2830973311830731e-08,11684.303554262771
iso_1100C_40h,28555.107770546194,0.6246095699776628,3,1.6082997248964597e-08,28848.767641774717
iso_1100C_40h,28555.107770546194,0.6246095699776628,4,2.0159250138234185e-08,71253.30977960487
iso_1100C_40h,28555.107770546194,0.6246095699776628,5,2.526863369090349e-08,176032.7034657363
iso_1100C_40h,28555.107770546194,0.6246095699776628,6,3.167299598084116e-08,434988.41020484053
iso_1100C_40h,28555.107770546194,0.6246095699776628,7,3.970055075686648e-08,1075225.2979026532
iso_1100C_40h,28555.107770546194,0.6246095699776628,8,4.976269789419122e-08,2659099.0791841852
iso_1100C_40h,28555.107770546194,0.6246095699776628,9,6.237510700730634e-08,6580959.617224223
iso_1100C_40h,28555.107770546194,0.6246095699776628,10,7.818414472715056e-08,16304647.416239455
iso_1100C_40h,28555.107770546194,0.6246095699776628,11,9.8e-08,40497836.95777603
iso_1100C_40h,29155.107770546194,0.626361732697693,0,8.166666666666667e-09,1912.4503799163376
iso_1100C_40h,29155.107770546194,0.626361732697693,1,1.0236517085738568e-08,4720.8448906265485
iso_1100C_40h,29155.107770546194,0.626361732697693,2,1.2830973311830731e-08,11653.501890728545
iso_1100C_40h,29155.107770546194,0.626361732697693,3,1.6082997248964597e-08,28772.52847537873
iso_1100C_40h,29155.107770546194,0.626361732697693,4,2.0159250138234185e-08,71064.67842686223
iso_1100C_40h,29155.107770546194,0.626361732697693,5,2.526863369090349e-08,175566.53054866017
iso_1100C_40h,29155.107770546194,0.626361732697693,6,3.167299598084116e-08,433836.17286389857
iso_1100C_40h,29155.107770546194,0.626361732697693,7,3.970055075686648e-08,1072374.626007586
iso_1100C_40h,29155.107770546194,0.626361732697693,8,4.976269789419122e-08,2652036.6784883738
iso_1100C_40h,29155.107770546194,0.626361732697693,9,6.237510700730634e-08,6563430.534016499
iso_1100C_40h,29155.107770546194,0.626361732697693,10,7.818414472715056e-08,16261029.64351847
iso_1100C_40h,29155.107770546194,0.626361732697693,11,9.8e-08,40388681.07976546
iso_1100C_40h,29755.107770546194,0.6280948769445285,0,8.166666666666667e-09,1907.5034274349819
iso_1100C_40h,29755.107770546194,0.6280948769445285,1,1.0236517085738568e-08,4708.63341401193
iso_1100C_40h,29755.107770546194,0.6280948769445285,2,1.2830973311830731e-08,11623.342451534922
iso_1100C_40h,29755.107770546194,0.6280948769445285,3,1.6082997248964597e-08,28697.880362934095
iso_1100C_40h,29755.107770546194,0.6280948769445285,4,2.0159250138234185e-08,70879.97478468042
iso_1100C_40h,29755.107770546194,0.6280948769445285,5,2.526863369090349e-08,175110.0549508134
iso_1100C_40h,29755.107770546194,0.6280948769445285,6,3.167299598084116e-08,432707.9096581779
iso_1100C_40h,29755.107770546194,0.6280948769445285,7,3.970055075686648e-08,1069583.298440524
iso_1100C_40h,29755.107770546194,0.6280948769445285,8,4.976269789419122e-08,2645121.383608984
iso_1100C_40h,29755.107770546194,0.6280948769445285,9,6.237510700730634e-08,6546266.792138841
iso_1100C_40h,29755.107770546194,0.6280948769445285,10,7.818414472715056e-08,16218321.61185678
iso_1100C_40h,29755.107770546194,0.6280948769445285,11,9.8e-08,40281804.44861361
iso_1100C_40h,30355.107770546194,0.6298093694133828,0,8.166666666666667e-09,1902.6597380039939
iso_1100C_40h,30355.107770546194,0.6298093694133828,1,1.0236517085738568e-08,4696.676844961847
iso_1100C_40h,30355.107770546194,0.6298093694133828,2,1.2830973311830731e-08,11593.813496693794
iso_1100C_40h,30355.107770546194,0.6298093694133828,3,1.6082997248964597e-08,28624.794255291352
iso_1100C_40h,30355.107770546194,0.6298093694133828,4,2.0159250138234185e-08,70699.12741748674
iso_1100C_40h,30355.107770546194,0.6298093694133828,5,2.526863369090349e-08,174663.1004245646
iso_1100C_40h,30355.107770546194,0.6298093694133828,6,3.167299598084116e-08,431603.1849101605
iso_1100C_40h,30355.107770546194,0.6298093694133828,7,3.970055075686648e-08,1066850.236740904
iso_1100C_40h,30355.107770546194,0.6298093694133828,8,4.976269789419122e-08,2638350.5207426264
iso_1100C_40h,30355.107770546194,0.6298093694133828,9,6.237510700730634e-08,6529461.748584975
iso_1100C_40h,30355.107770546194,0.6298093694133828,10,7.818414472715056e-08,16176506.76866521
iso_1100C_40h,30355.107770546194,0.6298093694133828,11,9.8e-08,40177165.54329959
iso_1100C_40h,30955.107770546194,0.6315055646310728,0,8.166666666666667e-09,1897.917380965275
iso_1100C_40h,30955.107770546194,0.6315055646310728,1,1.0236517085738568e-08,4684.970416764531
iso_1100C_40h,30955.107770546194,0.6315055646310728,2,1.2830973311830731e-08,11564.903162555627
iso_1100C_40h,30955.107770546194,0.6315055646310728,3,1.6082997248964597e-08,28553.240789207808
iso_1100C_40h,30955.107770546194,0.6315055646310728,4,2.0159250138234185e-08,70522.06409476235
iso_1100C_40h,30955.107770546194,0.6315055646310728,5,2.526863369090349e-08,174225.4887395978
iso_1100C_40h,30955.107770546194,0.6315055646310728,6,3.167299598084116e-08,430521.5580115182
iso_1100C_40h,30955.107770546194,0.6315055646310728,7,3.970055075686648e-08,1064174.3501880846
iso_1100C_40h,30955.107770546194,0.6315055646310728,8,4.976269789419122e-08,2631721.385566051
iso_1100C_40h,30955.107770546194,0.6315055646310728,9,6.237510700730634e-08,6513008.684186748
iso_1100C_40h,30955.107770546194,0.6315055646310728,10,7.818414472715056e-08,16135568.370555267
iso_1100C_40h,30955.107770546194,0.6315055646310728,11,9.8e-08,40074722.36032295
iso_1100C_40h,31555.107770546194,0.6331838056301936,0,8.166666666666667e-09,1893.2744126011055
iso_1100C_40h,31555.107770546194,0.6331838056301936,1,1.0236517085738568e-08,4673.509330644549
iso_1100C_40h,31555.107770546194,0.6331838056301936,2,1.2830973311830731e-08,11536.599513511102
iso_1100C_40h,31555.107770546194,0.6331838056301936,3,1.6082997248964597e-08,28483.190416232974
iso_1100C_40h,31555.107770546194,0.6331838056301936,4,2.0159250138234185e-08,70348.71211066289
iso_1100C_40h,31555.107770546194,0.6331838056301936,5,2.526863369090349e-08,173797.04047454995
iso_1100C_40h,31555.107770546194,0.6331838056301936,6,3.167299598084116e-08,429462.58538465004
iso_1100C_40h,31555.107770546194,0.6331838056301936,7,3.970055075686648e-08,1061554.5406670352
iso_1100C_40h,31555.107770546194,0.6331838056301936,8,4.976269789419122e-08,2625231.255327425
iso_1100C_40h,31555.107770546194,0.6331838056301936,9,6.237510700730634e-08,6496900.833741556
iso_1100C_40h,31555.107770546194,0.6331838056301936,10,7.818414472715056e-08,16095489.558697637
iso_1100C_40h,31555.107770546194,0.6331838056301936,11,9.8e-08,39974432.60390662
iso_1100C_40h,32155.107770546194,0.6348444245681961,0,8.166666666666667e-09,1888.7288832263805
iso_1100C_40h,32155.107770546194,0.6348444245681961,1,1.0236517085738568e-08,4662.288773237472
iso_1100C_40h,32155.107770546194,0.6348444245681961,2,1.2830973311830731e-08,11508.890584647088
iso_1100C_40h,32155.107770546194,0.6348444245681961,3,1.6082997248964597e-08,28414.613509137267
iso_1100C_40h,32155.107770546194,0.6348444245681961,4,2.0159250138234185e-08,70178.99854805812
iso_1100C_40h,32155.107770546194,0.6348444245681961,5,2.526863369090349e-08,173377.5756710791
iso_1100C_40h,32155.107770546194,0.6348444245681961,6,3.167299598084116e-08,428425.82210348087
iso_1100C_40h,32155.107770546194,0.6348444245681961,7,3.970055075686648e-08,1058989.7066890674
iso_1100C_40h,32155.107770546194,0.6348444245681961,8,4.976269789419122e-08,2618877.3988385433
iso_1100C_40h,32155.107770546194,0.6348444245681961,9,6.237510700730634e-08,6481131.410911459
iso_1100C_40h,32155.107770546194,0.6348444245681961,10,7.818414472715056e-08,16056253.421108978
iso_1100C_40h,32155.107770546194,0.6348444245681961,11,9.8e-08,39876253.84322987
iso_1100C_40h,32755.107770546194,0.6364877432971624,0,8.166666666666667e-09,1884.2788430758008
iso_1100C_40h,32755.107770546194,0.6364877432971624,1,1.0236517085738568e-08,4651.303931095882
iso_1100C_40h,32755.107770546194,0.6364877432971624,2,1.2830973311830731e-08,11481.764417097871
iso_1100C_40h,32755.107770546194,0.6364877432971624,3,1.6082997248964597e-08,28347.480450194344
iso_1100C_40h,32755.107770546194,0.6364877432971624,4,2.0159250138234185e-08,70012.85049765138
iso_1100C_40h,32755.107770546194,0.6364877432971624,5,2.526863369090349e-08,172966.91437673933
iso_1100C_40h,32755.107770546194,0.6364877432971624,6,3.167299598084116e-08,427410.82323883433
iso_1100C_40h,32755.107770546194,0.6364877432971624,7,3.970055075686648e-08,1056478.7467295106
iso_1100C_40h,32755.107770546194,0.6364877432971624,8,4.976269789419122e-08,2612657.084769919
iso_1100C_40h,32755.107770546194,0.6364877432971624,9,6.237510700730634e-08,6465693.6288944185
iso_1100C_40h,32755.107770546194,0.6364877432971624,10,7.818414472715056e-08,16017843.04436551
iso_1100C_40h,32755.107770546194,0.6364877432971624,11,9.8e-08,39780143.642982304
iso_1100C_40h,33355.107770546194,0.6381140738893573,0,8.166666666666667e-09,1879.9223472166527
iso_1100C_40h,33355.107770546194,0.6381140738893573,1,1.0236517085738568e-08,4640.550002794927
iso_1100C_40h,33355.107770546194,0.6381140738893573,2,1.2830973311830731e-08,11455.209087494837
iso_1100C_40h,33355.107770546194,0.6381140738893573,3,1.6082997248964597e-08,28281.761704792305
iso_1100C_40h,33355.107770546194,0.6381140738893573,4,2.0159250138234185e-08,69850.19524077474
iso_1100C_40h,33355.107770546194,0.6381140738893573,5,2.526863369090349e-08,172564.8770979343
iso_1100C_40h,33355.107770546194,0.6381140738893573,6,3.167299598084116e-08,426417.14498104673
iso_1100C_40h,33355.107770546194,0.6381140738893573,7,3.970055075686648e-08,1054020.5620128694
iso_1100C_40h,33355.107770546194,0.6381140738893573,8,4.976269789419122e-08,2606567.5885729333
iso_1100C_40h,33355.107770546194,0.6381140738893573,9,6.237510700730634e-08,6450580.7176745515
iso_1100C_40h,33355.107770546194,0.6381140738893573,10,7.818414472715056e-08,15980241.556758968
iso_1100C_40h,33355.107770546194,0.6381140738893573,11,9.8e-08,39686059.6723146
iso_1100C_40h,33955.107770546194,0.6397237191230105,0,8.166666666666667e-09,1875.6574596727032
iso_1100C_40h,33955.107770546194,0.6397237191230105,1,1.0236517085738568e-08,4630.022209094499
iso_1100C_40h,33955.107770546194,0.6397237191230105,2,1.2830973311830731e-08,11429.212732642995
iso_1100C_40h,33955.107770546194,0.6397237191230105,3,1.6082997248964597e-08,28217.427883169137
iso_1100C_40h,33955.107770546194,0.6397237191230105,4,2.0159250138234185e-08,69690.96040277448
iso_1100C_40h,33955.107770546194,0.6397237191230105,5,2.526863369090349e-08,172171.28518005752
iso_1100C_40h,33955.107770546194,0.6397237191230105,6,3.167299598084116e-08,425444.34558218723
iso_1100C_40h,33955.107770546194,0.6397237191230105,7,3.970055075686648e-08,1051614.058850518
iso_1100C_40h,33955.107770546194,0.6397237191230105,8,4.976269789419122e-08,2600606.198289873
iso_1100C_40h,33955.107770546194,0.6397237191230105,9,6.237510700730634e-08,6435785.938500704
iso_1100C_40h,33955.107770546194,0.6397237191230105,10,7.818414472715056e-08,15943432.164517103
iso_1100C_40h,33955.107770546194,0.6397237191230105,11,9.8e-08,39593959.79627226
iso_1100C_40h,34555.107770546194,0.6413169729322449,0,8.166666666666667e-09,1871.4822569080861
iso_1100C_40h,34555.107770546194,0.6413169729322449,1,1.0236517085738568e-08,4619.715801524848
iso_1100C_40h,34555.107770546194,0.6413169729322449,2,1.2830973311830731e-08,11403.763570329553
iso_1100C_40h,34555.107770546194,0.6413169729322449,3,1.6082997248964597e-08,28154.449792515705
iso_1100C_40h,34555.107770546194,0.6413169729322449,4,2.0159250138234185e-08,69535.07408253646
iso_1100C_40h,34555.107770546194,0.6413169729322449,5,2.526863369090349e-08,171785.96112855288
iso_1100C_40h,34555.107770546194,0.6413169729322449,6,3.167299598084116e-08,424491.9861518978
iso_1100C_40h,34555.107770546194,0.6413169729322449,7,3.970055075686648e-08,1049258.1506152302
iso_1100C_40h,34555.107770546194,0.6413169729322449,8,4.976269789419122e-08,2594770.2194612655
iso_1100C_40h,34555.107770546194,0.6413169729322449,9,6.237510700730634e-08,6421302.5961147575
iso_1100C_40h,34555.107770546194,0.6413169729322449,10,7.818414472715056e-08,15907398.182391549
iso_1100C_40h,34555.107770546194,0.6413169729322449,11,9.8e-08,39503802.15299561
iso_1100C_40h,35155.107770546194,0.6428941208246126,0,8.166666666666667e-09,1867.3948307903083
iso_1100C_40h,35155.107770546194,0.6428941208246126,1,1.0236517085738568e-08,4609.626069689055
iso_1100C_40h,35155.107770546194,0.6428941208246126,2,1.2830973311830731e-08,11378.849916988327
iso_1100C_40h,35155.107770546194,0.6428941208246126,3,1.6082997248964597e-08,28092.798481241145
iso_1100C_40h,35155.107770546194,0.6428941208246126,4,2.0159250138234185e-08,69382.46496259164
iso_1100C_40h,35155.107770546194,0.6428941208246126,5,2.526863369090349e-08,171408.72888188448
iso_1100C_40h,35155.107770546194,0.6428941208246126,6,3.167299598084116e-08,423559.6313340611
iso_1100C_40h,35155.107770546194,0.6428941208246126,7,3.970055075686648e-08,1046951.7594200314
iso_1100C_40h,35155.107770546194,0.6428941208246126,8,4.976269789419122e-08,2589056.9792980966
iso_1100C_40h,35155.107770546194,0.6428941208246126,9,6.237510700730634e-08,6407124.04914699
iso_1100C_40h,35155.107770546194,0.6428941208246126,10,7.818414472715056e-08,15872123.059656246
iso_1100C_40h,35155.107770546194,0.6428941208246126,11,9.8e-08,39415545.21931589
iso_1100C_40h,35755.107770546194,0.6444554402692962,0,8.166666666666667e-09,1863.3932911273635
iso_1100C_40h,35755.107770546194,0.6444554402692962,1,1.0236517085738568e-08,4599.748347516396
iso_1100C_40h,35755.107770546194,0.6444554402692962,2,1.2830973311830731e-08,11354.46020279703
iso_1100C_40h,35755.107770546194,0.6444554402692962,3,1.6082997248964597e-08,28032.445276832015
iso_1100C_40h,35755.107770546194,0.6444554402692962,4,2.0159250138234185e-08,69233.06240334325
iso_1100C_40h,35755.107770546194,0.6444554402692962,5,2.526863369090349e-08,171039.41404517967
iso_1100C_40h,35755.107770546194,0.6444554402692962,6,3.167299598084116e-08,422646.8498860111
iso_1100C_40h,35755.107770546194,0.6444554402692962,7,3.970055075686648e-08,1044693.8175552019
iso_1100C_40h,35755.107770546194,0.6444554402692962,8,4.976269789419122e-08,2583463.830252682
iso_1100C_40h,35755.107770546194,0.6444554402692962,9,6.237510700730634e-08,6393243.719011666
iso_1100C_40h,35755.107770546194,0.6444554402692962,10,7.818414472715056e-08,15837590.402349304
iso_1100C_40h,35755.107770546194,0.6444554402692962,11,9.8e-08,39329147.866848305
iso_1100C_40h,36355.107770546194,0.6460012010586863,0,8.166666666666667e-09,1859.4757678545257
iso_1100C_40h,36355.107770546194,0.6460012010586863,1,1.0236517085738568e-08,4590.078018652687
iso_1100C_40h,36355.107770546194,0.6460012010586863,2,1.2830973311830731e-08,11330.58298466602
iso_1100C_40h,36355.107770546194,0.6460012010586863,3,1.6082997248964597e-08,27973.361818443555
iso_1100C_40h,36355.107770546194,0.6460012010586863,4,2.0159250138234185e-08,69086.79652423286
iso_1100C_40h,36355.107770546194,0.6460012010586863,5,2.526863369090349e-08,170677.8440915192
iso_1100C_40h,36355.107770546194,0.6460012010586863,6,3.167299598084116e-08,421753.2151775525
iso_1100C_40h,36355.107770546194,0.6460012010586863,7,3.970055075686648e-08,1042483.2687262713
iso_1100C_40h,36355.107770546194,0.6460012010586863,8,4.976269789419122e-08,2577988.1530945776
iso_1100C_40h,36355.107770546194,0.6460012010586863,9,6.237510700730634e-08,6379655.097567951
iso_1100C_40h,36355.107770546194,0.6460012010586863,10,7.818414472715056e-08,15803783.992421538
iso_1100C_40h,36355.107770546194,0.6460012010586863,11,9.8e-08,39244569.41025571
iso_1100C_40h,36955.107770546194,0.6475316656457492,0,8.166666666666667e-09,1855.64041293064
iso_1100C_40h,36955.107770546194,0.6475316656457492,1,1.0236517085738568e-08,4580.61052113501
iso_1100C_40h,36955.107770546194,0.6475316656457492,2,1.2830973311830731e-08,11307.206957481332
iso_1100C_40h,36955.107770546194,0.6475316656457492,3,1.6082997248964597e-08,27915.52008512469
iso_1100C_40h,36955.107770546194,0.6475316656457492,4,2.0159250138234185e-08,68943.59827407636
iso_1100C_40h,36955.107770546194,0.6475316656457492,5,2.526863369090349e-08,170323.84853639643
iso_1100C_40h,36955.107770546194,0.6475316656457492,6,3.167299598084116e-08,420878.3056234759
iso_1100C_40h,36955.107770546194,0.6475316656457492,7,3.970055075686648e-08,1040319.069126936
iso_1100C_40h,36955.107770546194,0.6475316656457492,8,4.976269789419122e-08,2572627.3595759263
iso_1100C_40h,36955.107770546194,0.6475316656457492,9,6.237510700730634e-08,6366351.753756434
iso_1100C_40h,36955.107770546194,0.6475316656457492,10,7.818414472715056e-08,15770687.804317636
iso_1100C_40h,36955.107770546194,0.6475316656457492,11,9.8e-08,39161769.64901162
iso_1100C_40h,37555.107770546194,0.6490470894593299,0,8.166666666666667e-09,1851.8854019911923
iso_1100C_40h,37555.107770546194,0.6490470894593299,1,1.0236517085738568e-08,4571.341351467207
iso_1100C_40h,37555.107770546194,0.6490470894593299,2,1.2830973311830731e-08,11284.320963888447
iso_1100C_40h,37555.107770546194,0.6490470894593299,3,1.6082997248964597e-08,27858.89242038886
iso_1100C_40h,37555.107770546194,0.6490470894593299,4,2.0159250138234185e-08,68803.399492333
iso_1100C_40h,37555.107770546194,0.6490470894593299,5,2.526863369090349e-08,169977.25908971074
iso_1100C_40h,37555.107770546194,0.6490470894593299,6,3.167299598084116e-08,420021.7050603793
iso_1100C_40h,37555.107770546194,0.6490470894593299,7,3.970055075686648e-08,1038200.1883737354
iso_1100C_40h,37555.107770546194,0.6490470894593299,8,4.976269789419122e-08,2567378.8947528894
iso_1100C_40h,37555.107770546194,0.6490470894593299,9,6.237510700730634e-08,6353327.339377472
iso_1100C_40h,37555.107770546194,0.6490470894593299,10,7.818414472715056e-08,15738286.019406239
iso_1100C_40h,37555.107770546194,0.6490470894593299,11,9.8e-08,39080708.903714664
iso_1100C_40h,38155.107770546194,0.6505477211993108,0,8.166666666666667e-09,1848.2089357953503
iso_1100C_40h,38155.107770546194,0.6505477211993108,1,1.0236517085738568e-08,4562.26606818776
iso_1100C_40h,38155.107770546194,0.6505477211993108,2,1.2830973311830731e-08,11261.914002841899
iso_1100C_40h,38155.107770546194,0.6505477211993108,3,1.6082997248964597e-08,27803.451553691182
iso_1100C_40h,38155.107770546194,0.6505477211993108,4,2.0159250138234185e-08,68666.13296269508
iso_1100C_40h,38155.107770546194,0.6505477211993108,5,2.526863369090349e-08,169637.90978873117
iso_1100C_40h,38155.107770546194,0.6505477211993108,6,3.167299598084116e-08,419183.0030763102
iso_1100C_40h,38155.107770546194,0.6505477211993108,7,3.970055075686648e-08,1036125.6103236066
iso_1100C_40h,38155.107770546194,0.6505477211993108,8,4.976269789419122e-08,2562240.239015735
iso_1100C_40h,38155.107770546194,0.6505477211993108,9,6.237510700730634e-08,6340575.594142439
iso_1100C_40h,38155.107770546194,0.6505477211993108,10,7.818414472715056e-08,15706563.038587237
iso_1100C_40h,38155.107770546194,0.6505477211993108,11,9.8e-08,39001348.047785126
iso_1100C_40h,38755.107770546194,0.6520338031133396,0,8.166666666666667e-09,1844.6092414961897
iso_1100C_40h,38755.107770546194,0.6520338031133396,1,1.0236517085738568e-08,4553.380295001989
iso_1100C_40h,38755.107770546194,0.6520338031133396,2,1.2830973311830731e-08,11239.975237097216
iso_1100C_40h,38755.107770546194,0.6520338031133396,3,1.6082997248964597e-08,27749.17061925195
iso_1100C_40h,38755.107770546194,0.6520338031133396,4,2.0159250138234185e-08,68531.73246008808
iso_1100C_40h,38755.107770546194,0.6520338031133396,5,2.526863369090349e-08,169305.63711472813
iso_1100C_40h,38755.107770546194,0.6520338031133396,6,3.167299598084116e-08,418361.7952999209
iso_1100C_40h,38755.107770546194,0.6520338031133396,7,3.970055075686648e-08,1034094.3337909307
iso_1100C_40h,38755.107770546194,0.6520338031133396,8,4.976269789419122e-08,2557208.9098688625
iso_1100C_40h,38755.107770546194,0.6520338031133396,9,6.237510700730634e-08,6328090.350100925
iso_1100C_40h,38755.107770546194,0.6520338031133396,10,7.818414472715056e-08,15675503.493334578
iso_1100C_40h,38755.107770546194,0.6520338031133396,11,9.8e-08,38923648.535198264
iso_1100C_40h,39355.107770546194,0.6535055712566671,0,8.166666666666667e-09,1841.0845737569866
iso_1100C_40h,39355.107770546194,0.6535055712566671,1,1.0236517085738568e-08,4544.679723534907
iso_1100C_40h,39355.107770546194,0.6535055712566671,2,1.2830973311830731e-08,11218.49399978338
iso_1100C_40h,39355.107770546194,0.6535055712566671,3,1.6082997248964597e-08,27696.023172571375
iso_1100C_40h,39355.107770546194,0.6535055712566671,4,2.0159250138234185e-08,68400.13279193612
iso_1100C_40h,39355.107770546194,0.6535055712566671,5,2.526863369090349e-08,168980.28009539135
iso_1100C_40h,39355.107770546194,0.6535055712566671,6,3.167299598084116e-08,417557.6836543788
iso_1100C_40h,39355.107770546194,0.6535055712566671,7,3.970055075686648e-08,1032105.3731770861
iso_1100C_40h,39355.107770546194,0.6535055712566671,8,4.976269789419122e-08,2552282.463493187
iso_1100C_40h,39355.107770546194,0.6535055712566671,9,6.237510700730634e-08,6315865.535524816
iso_1100C_40h,39355.107770546194,0.6535055712566671,10,7.818414472715056e-08,15645092.255377704
iso_1100C_40h,39355.107770546194,0.6535055712566671,11,9.8e-08,38847572.424769245
iso_1100C_40h,39955.107770546194,0.6549632557364762,0,8.166666666666667e-09,1837.6332157315114
iso_1100C_40h,39955.107770546194,0.6549632557364762,1,1.0236517085738568e-08,4536.160115748851
iso_1100C_40h,39955.107770546194,0.6549632557364762,2,1.2830973311830731e-08,11197.459800163613
iso_1100C_40h,39955.107770546194,0.6549632557364762,3,1.6082997248964597e-08,27643.98320490543
iso_1100C_40h,39955.107770546194,0.6549632557364762,4,2.0159250138234185e-08,68271.26983436092
iso_1100C_40h,39955.107770546194,0.6549632557364762,5,2.526863369090349e-08,168661.6803946895
iso_1100C_40h,39955.107770546194,0.6549632557364762,6,3.167299598084116e-08,416770.2765801447
iso_1100C_40h,39955.107770546194,0.6549632557364762,7,3.970055075686648e-08,1030157.759022727
iso_1100C_40h,39955.107770546194,0.6549632557364762,8,4.976269789419122e-08,2547458.496116308
iso_1100C_40h,39955.107770546194,0.6549632557364762,9,6.237510700730634e-08,6303895.17831278
iso_1100C_40h,39955.107770546194,0.6549632557364762,10,7.818414472715056e-08,15615314.445181068
iso_1100C_40h,39955.107770546194,0.6549632557364762,11,9.8e-08,38773082.40139516
iso_1100C_40h,40555.107770546194,0.6564070809419462,0,8.166666666666667e-09,1834.253479922354
iso_1100C_40h,40555.107770546194,0.6564070809419462,1,1.0236517085738568e-08,4527.8173060605
iso_1100C_40h,40555.107770546194,0.6564070809419462,2,1.2830973311830731e-08,11176.86232866897
iso_1100C_40h,40555.107770546194,0.6564070809419462,3,1.6082997248964597e-08,27593.025155914485
iso_1100C_40h,40555.107770546194,0.6564070809419462,4,2.0159250138234185e-08,68145.08056384014
iso_1100C_40h,40555.107770546194,0.6564070809419462,5,2.526863369090349e-08,168349.68239147373
iso_1100C_40h,40555.107770546194,0.6564070809419462,6,3.167299598084116e-08,415999.1892298443
iso_1100C_40h,40555.107770546194,0.6564070809419462,7,3.970055075686648e-08,1028250.5384907926
iso_1100C_40h,40555.107770546194,0.6564070809419462,8,4.976269789419122e-08,2542734.6452104044
iso_1100C_40h,40555.107770546194,0.6564070809419462,9,6.237510700730634e-08,6292173.408965079
iso_1100C_40h,40555.107770546194,0.6564070809419462,10,7.818414472715056e-08,15586155.439347243
iso_1100C_40h,40555.107770546194,0.6564070809419462,11,9.8e-08,38700141.79457324
iso_1100C_40h,41155.107770546194,0.6578372657611761,0,8.166666666666667e-09,1830.943708928411
iso_1100C_40h,41155.107770546194,0.6578372657611761,1,1.0236517085738568e-08,4519.647203184583
iso_1100C_40h,41155.107770546194,0.6578372657611761,2,1.2830973311830731e-08,11156.691461271286
iso_1100C_40h,41155.107770546194,0.6578372657611761,3,1.6082997248964597e-08,27543.123924651947
iso_1100C_40h,41155.107770546194,0.6578372657611761,4,2.0159250138234185e-08,68021.50308473955
iso_1100C_40h,41155.107770546194,0.6578372657611761,5,2.526863369090349e-08,168044.13324785352
iso_1100C_40h,41155.107770546194,0.6578372657611761,6,3.167299598084116e-08,415244.0436377857
iso_1100C_40h,41155.107770546194,0.6578372657611761,7,3.970055075686648e-08,1026382.7757865995
iso_1100C_40h,41155.107770546194,0.6578372657611761,8,4.976269789419122e-08,2538108.5905336984
iso_1100C_40h,41155.107770546194,0.6578372657611761,9,6.237510700730634e-08,6280694.463168249
iso_1100C_40h,41155.107770546194,0.6578372657611761,10,7.818414472715056e-08,15557600.877043167
iso_1100C_40h,41155.107770546194,0.6578372657611761,11,9.8e-08,38628714.59444946
iso_1100C_40h,41755.107770546194,0.6592540237859765,0,8.166666666666667e-09,1827.702276090303
iso_1100C_40h,41755.107770546194,0.6592540237859765,1,1.0236517085738568e-08,4511.645791725936
iso_1100C_40h,41755.107770546194,0.6592540237859765,2,1.2830973311830731e-08,11136.937263247914
iso_1100C_40h,41755.107770546194,0.6592540237859765,3,1.6082997248964597e-08,27494.25487902528
iso_1100C_40h,41755.107770546194,0.6592540237859765,4,2.0159250138234185e-08,67900.47665304766
iso_1100C_40h,41755.107770546194,0.6592540237859765,5,2.526863369090349e-08,167744.88296815896
iso_1100C_40h,41755.107770546194,0.6592540237859765,6,3.167299598084116e-08,414504.4688661431
iso_1100C_40h,41755.107770546194,0.6592540237859765,7,3.970055075686648e-08,1024553.5525200404
iso_1100C_40h,41755.107770546194,0.6592540237859765,8,4.976269789419122e-08,2533578.055028008
iso_1100C_40h,41755.107770546194,0.6592540237859765,9,6.237510700730634e-08,6269452.6840210855
iso_1100C_40h,41755.107770546194,0.6592540237859765,10,7.818414472715056e-08,15529636.665528698
iso_1100C_40h,41755.107770546194,0.6592540237859765,11,9.8e-08,38558765.46559939
iso_1100C_40h,42355.107770546194,0.6606575635054543,0,8.166666666666667e-09,1824.5275860408217
iso_1100C_40h,42355.107770546194,0.6606575635054543,1,1.0236517085738568e-08,4503.809133537333
iso_1100C_40h,42355.107770546194,0.6606575635054543,2,1.2830973311830731e-08,11117.589992380523
iso_1100C_40h,42355.107770546194,0.6606575635054543,3,1.6082997248964597e-08,27446.39386383596
iso_1100C_40h,42355.107770546194,0.6606575635054543,4,2.0159250138234185e-08,67781.94169657791
iso_1100C_40h,42355.107770546194,0.6606575635054543,5,2.526863369090349e-08,167451.78444914756
iso_1100C_40h,42355.107770546194,0.6606575635054543,6,3.167299598084116e-08,413780.1011294418
iso_1100C_40h,42355.107770546194,0.6606575635054543,7,3.970055075686648e-08,1022761.9680139478
iso_1100C_40h,42355.107770546194,0.6606575635054543,8,4.976269789419122e-08,2529140.805582512
iso_1100C_40h,42355.107770546194,0.6606575635054543,9,6.237510700730634e-08,6258442.523927304
iso_1100C_40h,42355.107770546194,0.6606575635054543,10,7.818414472715056e-08,15502248.984851457
iso_1100C_40h,42355.107770546194,0.6606575635054543,11,9.8e-08,38490259.75870519
iso_1100C_40h,42955.107770546194,0.6620480884892159,0,8.166666666666667e-09,1821.4180751662554
iso_1100C_40h,42955.107770546194,0.6620480884892159,1,1.0236517085738568e-08,4496.133368857511
iso_1100C_40h,42955.107770546194,0.6620480884892159,2,1.2830973311830731e-08,11098.640101622637
iso_1100C_40h,42955.107770546194,0.6620480884892159,3,1.6082997248964597e-08,27399.517207486497
iso_1100C_40h,42955.107770546194,0.6620480884892159,4,2.0159250138234185e-08,67665.83983185767
iso_1100C_40h,42955.107770546194,0.6620480884892159,5,2.526863369090349e-08,167164.69352199853
iso_1100C_40h,42955.107770546194,0.6620480884892159,6,3.167299598084116e-08,413070.5838986903
iso_1100C_40h,42955.107770546194,0.6620480884892159,7,3.970055075686648e-08,1021007.1395619826
iso_1100C_40h,42955.107770546194,0.6620480884892159,8,4.976269789419122e-08,2524794.653672129
iso_1100C_40h,42955.107770546194,0.6620480884892159,9,6.237510700730634e-08,6247658.546175889
iso_1100C_40h,42955.107770546194,0.6620480884892159,10,7.818414472715056e-08,15475424.291761065
iso_1100C_40h,42955.107770546194,0.6620480884892159,11,9.8e-08,38423163.52026507
iso_1100C_40h,43555.107770546194,0.663425797560947,0,8.166666666666667e-09,1818.3722119834852
iso_1100C_40h,43555.107770546194,0.663425797560947,1,1.0236517085738568e-08,4488.61471724141
iso_1100C_40h,43555.107770546194,0.663425797560947,2,1.2830973311830731e-08,11080.078241264891
iso_1100C_40h,43555.107770546194,0.663425797560947,3,1.6082997248964597e-08,27353.60172742802
iso_1100C_40h,43555.107770546194,0.663425797560947,4,2.0159250138234185e-08,67552.1138778864
iso_1100C_40h,43555.107770546194,0.663425797560947,5,2.526863369090349e-08,166883.46898654895
iso_1100C_40h,43555.107770546194,0.663425797560947,6,3.167299598084116e-08,412375.56798628875
iso_1100C_40h,43555.107770546194,0.663425797560947,7,3.970055075686648e-08,1019288.2026388523
iso_1100C_40h,43555.107770546194,0.663425797560947,8,4.976269789419122e-08,2520537.4558775015
iso_1100C_40h,43555.107770546194,0.663425797560947,9,6.237510700730634e-08,6237095.42622674
iso_1100C_40h,43555.107770546194,0.663425797560947,10,7.818414472715056e-08,15449149.322887171
iso_1100C_40h,43555.107770546194,0.663425797560947,11,9.8e-08,38357443.50044852
iso_1100C_40h,44155.107770546194,0.6647908849630573,0,8.166666666666667e-09,1815.3884974370928
iso_1100C_40h,44155.107770546194,0.6647908849630573,1,1.0236517085738568e-08,4481.249478293101
iso_1100C_40h,44155.107770546194,0.6647908849630573,2,1.2830973311830731e-08,11061.89526062307
iso_1100C_40h,44155.107770546194,0.6647908849630573,3,1.6082997248964597e-08,27308.624734412242
iso_1100C_40h,44155.107770546194,0.6647908849630573,4,2.0159250138234185e-08,67440.7078669227
iso_1100C_40h,44155.107770546194,0.6647908849630573,5,2.526863369090349e-08,166607.97263816584
iso_1100C_40h,44155.107770546194,0.6647908849630573,6,3.167299598084116e-08,411694.7116126944
iso_1100C_40h,44155.107770546194,0.6647908849630573,7,3.970055075686648e-08,1017604.311065301
iso_1100C_40h,44155.107770546194,0.6647908849630573,8,4.976269789419122e-08,2516367.1142926826
iso_1100C_40h,44155.107770546194,0.6647908849630573,9,6.237510700730634e-08,6226747.952716867
iso_1100C_40h,44155.107770546194,0.6647908849630573,10,7.818414472715056e-08,15423411.09721991
iso_1100C_40h,44155.107770546194,0.6647908849630573,11,9.8e-08,38293067.15919712
iso_1100C_40h,44755.107770546194,0.6661435405130143,0,8.166666666666667e-09,1812.4654651203257
iso_1100C_40h,44755.107770546194,0.6661435405130143,1,1.0236517085738568e-08,4474.03403221083
iso_1100C_40h,44755.107770546194,0.6661435405130143,2,1.2830973311830731e-08,11044.082209271537
iso_1100C_40h,44755.107770546194,0.6661435405130143,3,1.6082997248964597e-08,27264.564035605363
iso_1100C_40h,44755.107770546194,0.6661435405130143,4,2.0159250138234185e-08,67331.5670524428
iso_1100C_40h,44755.107770546194,0.6661435405130143,5,2.526863369090349e-08,166338.06928761041
iso_1100C_40h,44755.107770546194,0.6661435405130143,6,3.167299598084116e-08,411027.6804557257
iso_1100C_40h,44755.107770546194,0.6661435405130143,7,3.970055075686648e-08,1015954.6371300624
iso_1100C_40h,44755.107770546194,0.6661435405130143,8,4.976269789419122e-08,2512281.5768260173
iso_1100C_40h,44755.107770546194,0.6661435405130143,9,6.237510700730634e-08,6216611.028200952
iso_1100C_40h,44755.107770546194,0.6661435405130143,10,7.818414472715056e-08,15398196.917927556
iso_1100C_40h,44755.107770546194,0.6661435405130143,11,9.8e-08,38230002.67065964
iso_1100C_40h,45355.107770546194,0.667483949751938,0,8.166666666666667e-09,1809.6016814233967
iso_1100C_40h,45355.107770546194,0.667483949751938,1,1.0236517085738568e-08,4466.964840152778
iso_1100C_40h,45355.107770546194,0.667483949751938,2,1.2830973311830731e-08,11026.630337842591
iso_1100C_40h,45355.107770546194,0.667483949751938,3,1.6082997248964597e-08,27221.39793661626
iso_1100C_40h,45355.107770546194,0.667483949751938,4,2.0159250138234185e-08,67224.6379144016
iso_1100C_40h,45355.107770546194,0.667483949751938,5,2.526863369090349e-08,166073.6267742181
iso_1100C_40h,45355.107770546194,0.667483949751938,6,3.167299598084116e-08,410374.147683311
iso_1100C_40h,45355.107770546194,0.667483949751938,7,3.970055075686648e-08,1014338.3716707869
iso_1100C_40h,45355.107770546194,0.667483949751938,8,4.976269789419122e-08,2508278.837399207
iso_1100C_40h,45355.107770546194,0.667483949751938,9,6.237510700730634e-08,6206679.669638738
iso_1100C_40h,45355.107770546194,0.667483949751938,10,7.818414472715056e-08,15373494.373542953
iso_1100C_40h,45355.107770546194,0.667483949751938,11,9.8e-08,38168218.92604249
iso_1100C_40h,45955.107770546194,0.6688122940859809,0,8.166666666666667e-09,1806.7957456124773
iso_1100C_40h,45955.107770546194,0.6688122940859809,1,1.0236517085738568e-08,4460.038444431803
iso_1100C_40h,45955.107770546194,0.6688122940859809,2,1.2830973311830731e-08,11009.531098411631
iso_1100C_40h,45955.107770546194,0.6688122940859809,3,1.6082997248964597e-08,27179.10524248937
iso_1100C_40h,45955.107770546194,0.6688122940859809,4,2.0159250138234185e-08,67119.86816192136
iso_1100C_40h,45955.107770546194,0.6688122940859809,5,2.526863369090349e-08,165814.51597270594
iso_1100C_40h,45955.107770546194,0.6688122940859809,6,3.167299598084116e-08,409733.7939704535
iso_1100C_40h,45955.107770546194,0.6688122940859809,7,3.970055075686648e-08,1012754.7241158554
iso_1100C_40h,45955.107770546194,0.6688122940859809,8,4.976269789419122e-08,2504356.9360493533
iso_1100C_40h,45955.107770546194,0.6688122940859809,9,6.237510700730634e-08,6196949.008641329
iso_1100C_40h,45955.107770546194,0.6688122940859809,10,7.818414472715056e-08,15349291.338549115
iso_1100C_40h,45955.107770546194,0.6688122940859809,11,9.8e-08,38107685.5349532
iso_1100C_40h,46555.107770546194,0.670128750920967,0,8.166666666666667e-09,1804.04628984263
iso_1100C_40h,46555.107770546194,0.670128750920967,1,1.0236517085738568e-08,4453.251468547154
iso_1100C_40h,46555.107770546194,0.670128750920967,2,1.2830973311830731e-08,10992.776144487174
iso_1100C_40h,46555.107770546194,0.670128750920967,3,1.6082997248964597e-08,27137.66525771078
iso_1100C_40h,46555.107770546194,0.670128750920967,4,2.0159250138234185e-08,67017.2067335291
iso_1100C_40h,46555.107770546194,0.670128750920967,5,2.526863369090349e-08,165560.6107939069
iso_1100C_40h,46555.107770546194,0.670128750920967,6,3.167299598084116e-08,409106.30750115815
iso_1100C_40h,46555.107770546194,0.670128750920967,7,3.970055075686648e-08,1011202.9224889395
iso_1100C_40h,46555.107770546194,0.670128750920967,8,4.976269789419122e-08,2500513.9589386056
iso_1100C_40h,46555.107770546194,0.670128750920967,9,6.237510700730634e-08,6187414.291487899
iso_1100C_40h,46555.107770546194,0.670128750920967,10,7.818414472715056e-08,15325575.973392906
iso_1100C_40h,46555.107770546194,0.670128750920967,11,9.8e-08,38048372.825310625
iso_1100C_40h,47155.107770546194,0.6714334937907334,0,8.166666666666667e-09,1801.3519791078613
iso_1100C_40h,47155.107770546194,0.6714334937907334,1,1.0236517085738568e-08,4446.600617061013
iso_1100C_40h,47155.107770546194,0.6714334937907334,2,1.2830973311830731e-08,10976.35733062466
iso_1100C_40h,47155.107770546194,0.6714334937907334,3,1.6082997248964597e-08,27097.057785275385
iso_1100C_40h,47155.107770546194,0.6714334937907334,4,2.0159250138234185e-08,66916.60379506185
iso_1100C_40h,47155.107770546194,0.6714334937907334,5,2.526863369090349e-08,165311.7881797276
iso_1100C_40h,47155.107770546194,0.6714334937907334,6,3.167299598084116e-08,408491.3839560519
iso_1100C_40h,47155.107770546194,0.6714334937907334,7,3.970055075686648e-08,1009682.2133781203
iso_1100C_40h,47155.107770546194,0.6714334937907334,8,4.976269789419122e-08,2496748.03827593
iso_1100C_40h,47155.107770546194,0.6714334937907334,9,6.237510700730634e-08,6178070.878924171
iso_1100C_40h,47155.107770546194,0.6714334937907334,10,7.818414472715056e-08,15302336.72395546
iso_1100C_40h,47155.107770546194,0.6714334937907334,11,9.8e-08,37990251.84189497
iso_1100C_40h,47755.107770546194,0.6727266924795717,0,8.166666666666667e-09,1798.7115111315068
iso_1100C_40h,47755.107770546194,0.6727266924795717,1,1.0236517085738568e-08,4440.082675327781
iso_1100C_40h,47755.107770546194,0.6727266924795717,2,1.2830973311830731e-08,10960.266711683036
iso_1100C_40h,47755.107770546194,0.6727266924795717,3,1.6082997248964597e-08,27057.263124863108
iso_1100C_40h,47755.107770546194,0.6727266924795717,4,2.0159250138234185e-08,66818.0107353588
iso_1100C_40h,47755.107770546194,0.6727266924795717,5,2.526863369090349e-08,165067.92809262394
iso_1100C_40h,47755.107770546194,0.6727266924795717,6,3.167299598084116e-08,407888.7264864339
iso_1100C_40h,47755.107770546194,0.6727266924795717,7,3.970055075686648e-08,1008191.861871397
iso_1100C_40h,47755.107770546194,0.6727266924795717,8,4.976269789419122e-08,2493057.3521555574
iso_1100C_40h,47755.107770546194,0.6727266924795717,9,6.237510700730634e-08,6168914.245754018
iso_1100C_40h,47755.107770546194,0.6727266924795717,10,7.818414472715056e-08,15279562.320507731
iso_1100C_40h,47755.107770546194,0.6727266924795717,11,9.8e-08,37933294.34360951
iso_1100C_40h,48355.107770546194,0.6740085131391431,0,8.166666666666667e-09,1796.1236162001455
iso_1100C_40h,48355.107770546194,0.6740085131391431,1,1.0236517085738568e-08,4433.694509083993
iso_1100C_40h,48355.107770546194,0.6740085131391431,2,1.2830973311830731e-08,10944.49654174315
iso_1100C_40h,48355.107770546194,0.6740085131391431,3,1.6082997248964597e-08,27018.262070172306
iso_1100C_40h,48355.107770546194,0.6740085131391431,4,2.0159250138234185e-08,66721.38015986062
iso_1100C_40h,48355.107770546194,0.6740085131391431,5,2.526863369090349e-08,164828.913499893
iso_1100C_40h,48355.107770546194,0.6740085131391431,6,3.167299598084116e-08,407298.0456754884
iso_1100C_40h,48355.107770546194,0.6740085131391431,7,3.970055075686648e-08,1006731.1514604073
iso_1100C_40h,48355.107770546194,0.6740085131391431,8,4.976269789419122e-08,2489440.1243166383
iso_1100C_40h,48355.107770546194,0.6740085131391431,9,6.237510700730634e-08,6159939.980235472
iso_1100C_40h,48355.107770546194,0.6740085131391431,10,7.818414472715056e-08,15257241.7761796
iso_1100C_40h,48355.107770546194,0.6740085131391431,11,9.8e-08,37877472.799526334
iso_1100C_40h,48955.107770546194,0.6752791184002045,0,8.166666666666667e-09,1793.587056944287
iso_1100C_40h,48955.107770546194,0.6752791184002045,1,1.0236517085738568e-08,4427.433063906864
iso_1100C_40h,48955.107770546194,0.6752791184002045,2,1.2830973311830731e-08,10929.039272707269
iso_1100C_40h,48955.107770546194,0.6752791184002045,3,1.6082997248964597e-08,26980.035905458695
iso_1100C_40h,48955.107770546194,0.6752791184002045,4,2.0159250138234185e-08,66626.6658822358
iso_1100C_40h,48955.107770546194,0.6752791184002045,5,2.526863369090349e-08,164594.6303530782
iso_1100C_40h,48955.107770546194,0.6752791184002045,6,3.167299598084116e-08,406719.05948740174
iso_1100C_40h,48955.107770546194,0.6752791184002045,7,3.970055075686648e-08,1005299.3839141914
iso_1100C_40h,48955.107770546194,0.6752791184002045,8,4.976269789419122e-08,2485894.6238286737
iso_1100C_40h,48955.107770546194,0.6752791184002045,9,6.237510700730634e-08,6151143.783292603
iso_1100C_40h,48955.107770546194,0.6752791184002045,10,7.818414472715056e-08,15235364.384971067
iso_1100C_40h,48955.107770546194,0.6752791184002045,11,9.8e-08,37822760.38378776
iso_1100C_40h,49555.107770546194,0.6765386674794611,0,8.166666666666667e-09,1791.1006280690763
iso_1100C_40h,49555.107770546194,0.6765386674794611,1,1.0236517085738568e-08,4421.29536454947
iso_1100C_40h,49555.107770546194,0.6765386674794611,2,1.2830973311830731e-08,10913.887552599013
iso_1100C_40h,49555.107770546194,0.6765386674794611,3,1.6082997248964597e-08,26942.566401328615
iso_1100C_40h,49555.107770546194,0.6765386674794611,4,2.0159250138234185e-08,66533.82291415503
iso_1100C_40h,49555.107770546194,0.6765386674794611,5,2.526863369090349e-08,164364.96756278837
iso_1100C_40h,49555.107770546194,0.6765386674794611,6,3.167299598084116e-08,406151.493205126
iso_1100C_40h,49555.107770546194,0.6765386674794611,7,3.970055075686648e-08,1003895.879124852
iso_1100C_40h,49555.107770546194,0.6765386674794611,8,4.976269789419122e-08,2482419.164707304
iso_1100C_40h,49555.107770546194,0.6765386674794611,9,6.237510700730634e-08,6142521.467554581
iso_1100C_40h,49555.107770546194,0.6765386674794611,10,7.818414472715056e-08,15213919.71933402
iso_1100C_40h,49555.107770546194,0.6765386674794611,11,9.8e-08,37769130.96943598
iso_1100C_40h,50155.107770546194,0.6777873162818361,0,8.166666666666667e-09,1788.6631560382878
iso_1100C_40h,50155.107770546194,0.6777873162818361,1,1.0236517085738568e-08,4415.278514160633
iso_1100C_40h,50155.107770546194,0.6777873162818361,2,1.2830973311830731e-08,10899.034223583412
iso_1100C_40h,50155.107770546194,0.6777873162818361,3,1.6082997248964597e-08,26905.835809835677
iso_1100C_40h,50155.107770546194,0.6777873162818361,4,2.0159250138234185e-08,66442.80745333599
iso_1100C_40h,50155.107770546194,0.6777873162818361,5,2.526863369090349e-08,164139.81696923313
iso_1100C_40h,50155.107770546194,0.6777873162818361,6,3.167299598084116e-08,405595.07935753796
iso_1100C_40h,50155.107770546194,0.6777873162818361,7,3.970055075686648e-08,1002519.9749269551
iso_1100C_40h,50155.107770546194,0.6777873162818361,8,4.976269789419122e-08,2479012.105465057
iso_1100C_40h,50155.107770546194,0.6777873162818361,9,6.237510700730634e-08,6134068.9562334865
iso_1100C_40h,50155.107770546194,0.6777873162818361,10,7.818414472715056e-08,15192897.62735332
iso_1100C_40h,50155.107770546194,0.6777873162818361,11,9.8e-08,37716559.12124289
iso_1100C_40h,50755.107770546194,0.6790252174984222,0,8.166666666666667e-09,1786.273498714904
iso_1100C_40h,50755.107770546194,0.6790252174984222,1,1.0236517085738568e-08,4409.379693397665
iso_1100C_40h,50755.107770546194,0.6790252174984222,2,1.2830973311830731e-08,10884.472319726598
iso_1100C_40h,50755.107770546194,0.6790252174984222,3,1.6082997248964597e-08,26869.826858930017
iso_1100C_40h,50755.107770546194,0.6790252174984222,4,2.0159250138234185e-08,66353.57686998045
iso_1100C_40h,50755.107770546194,0.6790252174984222,5,2.526863369090349e-08,163919.07330877616
iso_1100C_40h,50755.107770546194,0.6790252174984222,6,3.167299598084116e-08,405049.5576367429
iso_1100C_40h,50755.107770546194,0.6790252174984222,7,3.970055075686648e-08,1001171.0268925407
iso_1100C_40h,50755.107770546194,0.6790252174984222,8,4.976269789419122e-08,2475671.848601686
iso_1100C_40h,50755.107770546194,0.6790252174984222,9,6.237510700730634e-08,6125782.281852308
iso_1100C_40h,50755.107770546194,0.6790252174984222,10,7.818414472715056e-08,15172288.229555907
iso_1100C_40h,50755.107770546194,0.6790252174984222,11,9.8e-08,37665020.08761253
iso_1100C_40h,51355.107770546194,0.6802525207003647,0,8.166666666666667e-09,1783.930544961548
iso_1100C_40h,51355.107770546194,0.6802525207003647,1,1.0236517085738568e-08,4403.596159439999
iso_1100C_40h,51355.107770546194,0.6802525207003647,2,1.2830973311830731e-08,10870.195064514915
iso_1100C_40h,51355.107770546194,0.6802525207003647,3,1.6082997248964597e-08,26834.522746309263
iso_1100C_40h,51355.107770546194,0.6802525207003647,4,2.0159250138234185e-08,66266.08969172549
iso_1100C_40h,51355.107770546194,0.6802525207003647,5,2.526863369090349e-08,163702.63417680995
iso_1100C_40h,51355.107770546194,0.6802525207003647,6,3.167299598084116e-08,404514.6748062719
iso_1100C_40h,51355.107770546194,0.6802525207003647,7,3.970055075686648e-08,999848.4081035906
iso_1100C_40h,51355.107770546194,0.6802525207003647,8,4.976269789419122e-08,2472396.8400386814
iso_1100C_40h,51355.107770546194,0.6802525207003647,9,6.237510700730634e-08,6117657.584834596
iso_1100C_40h,51355.107770546194,0.6802525207003647,10,7.818414472715056e-08,15152081.915376417
iso_1100C_40h,51355.107770546194,0.6802525207003647,11,9.8e-08,37614489.79162777
iso_1100C_40h,51955.107770546194,0.6814693724289074,0,8.166666666666667e-09,1781.633214204013
iso_1100C_40h,51955.107770546194,0.6814693724289074,1,1.0236517085738568e-08,4397.925244911741
iso_1100C_40h,51955.107770546194,0.6814693724289074,2,1.2830973311830731e-08,10856.19586815276
iso_1100C_40h,51955.107770546194,0.6814693724289074,3,1.6082997248964597e-08,26799.907132719818
iso_1100C_40h,51955.107770546194,0.6814693724289074,4,2.0159250138234185e-08,66180.30558722958
iso_1100C_40h,51955.107770546194,0.6814693724289074,5,2.526863369090349e-08,163490.3999872487
iso_1100C_40h,51955.107770546194,0.6814693724289074,6,3.167299598084116e-08,403990.18460091023
iso_1100C_40h,51955.107770546194,0.6814693724289074,7,3.970055075686648e-08,998551.5089037862
iso_1100C_40h,51955.107770546194,0.6814693724289074,8,4.976269789419122e-08,2469185.5685025146
iso_1100C_40h,51955.107770546194,0.6814693724289074,9,6.237510700730634e-08,6109691.1119670365
iso_1100C_40h,51955.107770546194,0.6814693724289074,10,7.818414472715056e-08,15132269.339307563
iso_1100C_40h,51955.107770546194,0.6814693724289074,11,9.8e-08,37564944.82131218
iso_1100C_40h,52555.107770546194,0.6826759162818103,0,8.166666666666667e-09,1779.380455961128
iso_1100C_40h,52555.107770546194,0.6826759162818103,1,1.0236517085738568e-08,4392.3643567211375
iso_1100C_40h,52555.107770546194,0.6826759162818103,2,1.2830973311830731e-08,10842.46832465874
iso_1100C_40h,52555.107770546194,0.6826759162818103,3,1.6082997248964597e-08,26765.964134756927
iso_1100C_40h,52555.107770546194,0.6826759162818103,4,2.0159250138234185e-08,66096.18534851391
iso_1100C_40h,52555.107770546194,0.6826759162818103,5,2.526863369090349e-08,163282.27392893957
iso_1100C_40h,52555.107770546194,0.6826759162818103,6,3.167299598084116e-08,403475.84761889727
iso_1100C_40h,52555.107770546194,0.6826759162818103,7,3.970055075686648e-08,997279.7366313854
iso_1100C_40h,52555.107770546194,0.6826759162818103,8,4.976269789419122e-08,2466036.5648611374
iso_1100C_40h,52555.107770546194,0.6826759162818103,9,6.237510700730634e-08,6101879.214746282
iso_1100C_40h,52555.107770546194,0.6826759162818103,10,7.818414472715056e-08,15112841.416763298
iso_1100C_40h,52555.107770546194,0.6826759162818103,11,9.8e-08,37516362.41917752
iso_1100C_40h,53155.107770546194,0.6838722929963402,0,8.166666666666667e-09,1777.1712493441273
iso_1100C_40h,53155.107770546194,0.6838722929963402,1,1.0236517085738568e-08,4386.9109748247565
iso_1100C_40h,53155.107770546194,0.6838722929963402,2,1.2830973311830731e-08,10829.00620877905
iso_1100C_40h,53155.107770546194,0.6838722929963402,3,1.6082997248964597e-08,26732.678317211117
iso_1100C_40h,53155.107770546194,0.6838722929963402,4,2.0159250138234185e-08,66013.69087217642
iso_1100C_40h,53155.107770546194,0.6838722929963402,5,2.526863369090349e-08,163078.16191928126
iso_1100C_40h,53155.107770546194,0.6838722929963402,6,3.167299598084116e-08,402971.4312072164
iso_1100C_40h,53155.107770546194,0.6838722929963402,7,3.970055075686648e-08,996032.5153350068
iso_1100C_40h,53155.107770546194,0.6838722929963402,8,4.976269789419122e-08,2462948.4014181844
iso_1100C_40h,53155.107770546194,0.6838722929963402,9,6.237510700730634e-08,6094218.347620979
iso_1100C_40h,53155.107770546194,0.6838722929963402,10,7.818414472715056e-08,15093789.319682341
iso_1100C_40h,53155.107770546194,0.6838722929963402,11,9.8e-08,37468720.471125595
iso_1100C_40h,53755.107770546194,0.6850586405290163,0,8.166666666666667e-09,1775.0046025286265
iso_1100C_40h,53755.107770546194,0.6850586405290163,1,1.0236517085738568e-08,4381.56265092406
iso_1100C_40h,53755.107770546194,0.6850586405290163,2,1.2830973311830731e-08,10815.803472736852
iso_1100C_40h,53755.107770546194,0.6850586405290163,3,1.6082997248964597e-08,26700.034685007304
iso_1100C_40h,53755.107770546194,0.6850586405290163,4,2.0159250138234185e-08,65932.78513959414
iso_1100C_40h,53755.107770546194,0.6850586405290163,5,2.526863369090349e-08,162877.97255533826
iso_1100C_40h,53755.107770546194,0.6850586405290163,6,3.167299598084116e-08,402476.70934068464
iso_1100C_40h,53755.107770546194,0.6850586405290163,7,3.970055075686648e-08,994809.2854740698
iso_1100C_40h,53755.107770546194,0.6850586405290163,8,4.976269789419122e-08,2459919.691169201
iso_1100C_40h,53755.107770546194,0.6850586405290163,9,6.237510700730634e-08,6086705.066139841
iso_1100C_40h,53755.107770546194,0.6850586405290163,10,7.818414472715056e-08,15075104.471898774
iso_1100C_40h,53755.107770546194,0.6850586405290163,11,9.8e-08,37421997.49477195
iso_1100C_40h,54355.107770546194,0.6862350941322845,0,8.166666666666667e-09,1772.8795522022608
iso_1100C_40h,54355.107770546194,0.6862350941322845,1,1.0236517085738568e-08,4376.317007101894
iso_1100C_40h,54355.107770546194,0.6862350941322845,2,1.2830973311830731e-08,10802.854242835961
iso_1100C_40h,54355.107770546194,0.6862350941322845,3,1.6082997248964597e-08,26668.01867478258
iso_1100C_40h,54355.107770546194,0.6862350941322845,4,2.0159250138234185e-08,65853.432196227
iso_1100C_40h,54355.107770546194,0.6862350941322845,5,2.526863369090349e-08,162681.61706272888
iso_1100C_40h,54355.107770546194,0.6862350941322845,6,3.167299598084116e-08,401991.4624955358
iso_1100C_40h,54355.107770546194,0.6862350941322845,7,3.970055075686648e-08,993609.5036056133
iso_1100C_40h,54355.107770546194,0.6862350941322845,8,4.976269789419122e-08,2456949.087024187
iso_1100C_40h,54355.107770546194,0.6862350941322845,9,6.237510700730634e-08,6079336.025016319
iso_1100C_40h,54355.107770546194,0.6862350941322845,10,7.818414472715056e-08,15056778.544306155
iso_1100C_40h,54355.107770546194,0.6862350941322845,11,9.8e-08,37376172.627257235
iso_1100C_40h,54955.107770546194,0.6874017864282763,0,8.166666666666667e-09,1770.7951629908928
iso_1100C_40h,54955.107770546194,0.6874017864282763,1,1.0236517085738568e-08,4371.171734406087
iso_1100C_40h,54955.107770546194,0.6874017864282763,2,1.2830973311830731e-08,10790.152815936419
iso_1100C_40h,54955.107770546194,0.6874017864282763,3,1.6082997248964597e-08,26636.616146146047
iso_1100C_40h,54955.107770546194,0.6874017864282763,4,2.0159250138234185e-08,65775.59713013162
iso_1100C_40h,54955.107770546194,0.6874017864282763,5,2.526863369090349e-08,162489.00924255638
iso_1100C_40h,54955.107770546194,0.6874017864282763,6,3.167299598084116e-08,401515.47751815885
iso_1100C_40h,54955.107770546194,0.6874017864282763,7,3.970055075686648e-08,992432.6420591327
iso_1100C_40h,54955.107770546194,0.6874017864282763,8,4.976269789419122e-08,2454035.281000499
iso_1100C_40h,54955.107770546194,0.6874017864282763,9,6.237510700730634e-08,6072107.97611999
iso_1100C_40h,54955.107770546194,0.6874017864282763,10,7.818414472715056e-08,15038803.449840294
iso_1100C_40h,54955.107770546194,0.6874017864282763,11,9.8e-08,37331225.6126093
iso_1100C_40h,55555.107770546194,0.6885588474798057,0,8.166666666666667e-09,1768.7505268662792
iso_1100C_40h,55555.107770546194,0.6885588474798057,1,1.0236517085738568e-08,4366.124591387282
iso_1100C_40h,55555.107770546194,0.6885588474798057,2,1.2830973311830731e-08,10777.693655819312
iso_1100C_40h,55555.107770546194,0.6885588474798057,3,1.6082997248964597e-08,26605.81337266418
iso_1100C_40h,55555.107770546194,0.6885588474798057,4,2.0159250138234185e-08,65699.24604979176
iso_1100C_40h,55555.107770546194,0.6885588474798057,5,2.526863369090349e-08,162300.06541664858
iso_1100C_40h,55555.107770546194,0.6885588474798057,6,3.167299598084116e-08,401048.54748964997
iso_1100C_40h,55555.107770546194,0.6885588474798057,7,3.970055075686648e-08,991278.188601063
iso_1100C_40h,55555.107770546194,0.6885588474798057,8,4.976269789419122e-08,2451177.0033901585
iso_1100C_40h,55555.107770546194,0.6885588474798057,9,6.237510700730634e-08,6065017.7664046595
iso_1100C_40h,55555.107770546194,0.6885588474798057,10,7.818414472715056e-08,15021171.338305553
iso_1100C_40h,55555.107770546194,0.6885588474798057,11,9.8e-08,37287136.78871807
iso_1100C_40h,56155.107770546194,0.6897064048587394,0,8.166666666666667e-09,1766.7447625379086
iso_1100C_40h,56155.107770546194,0.6897064048587394,1,1.0236517085738568e-08,4361.17340259769
iso_1100C_40h,56155.107770546194,0.6897064048587394,2,1.2830973311830731e-08,10765.471389457252
iso_1100C_40h,56155.107770546194,0.6897064048587394,3,1.6082997248964597e-08,26575.59703261215
iso_1100C_40h,56155.107770546194,0.6897064048587394,4,2.0159250138234185e-08,65624.34606136655
iso_1100C_40h,56155.107770546194,0.6897064048587394,5,2.526863369090349e-08,162114.70437135384
iso_1100C_40h,56155.107770546194,0.6897064048587394,6,3.167299598084116e-08,400590.4715867933
iso_1100C_40h,56155.107770546194,0.6897064048587394,7,3.970055075686648e-08,990145.6460904334
iso_1100C_40h,56155.107770546194,0.6897064048587394,8,4.976269789419122e-08,2448373.0219053454
iso_1100C_40h,56155.107770546194,0.6897064048587394,9,6.237510700730634e-08,6058062.33578257
iso_1100C_40h,56155.107770546194,0.6897064048587394,10,7.818414472715056e-08,15003874.591068022
iso_1100C_40h,56155.107770546194,0.6897064048587394,11,9.8e-08,37243887.07398186
iso_1100C_40h,56755.107770546194,0.690844583711873,0,8.166666666666667e-09,1764.777014831641
iso_1100C_40h,56755.107770546194,0.690844583711873,1,1.0236517085738568e-08,4356.316057057277
iso_1100C_40h,56755.107770546194,0.690844583711873,2,1.2830973311830731e-08,10753.48080320628
iso_1100C_40h,56755.107770546194,0.690844583711873,3,1.6082997248964597e-08,26545.95419953069
iso_1100C_40h,56755.107770546194,0.690844583711873,4,2.0159250138234185e-08,65550.86524545387
iso_1100C_40h,56755.107770546194,0.690844583711873,5,2.526863369090349e-08,161932.84730013687
iso_1100C_40h,56755.107770546194,0.690844583711873,6,3.167299598084116e-08,400141.0549400708
iso_1100C_40h,56755.107770546194,0.690844583711873,7,3.970055075686648e-08,989034.5321271725
iso_1100C_40h,56755.107770546194,0.690844583711873,8,4.976269789419122e-08,2445622.1408057376
iso_1100C_40h,56755.107770546194,0.690844583711873,9,6.237510700730634e-08,6051238.7149538025
iso_1100C_40h,56755.107770546194,0.690844583711873,10,7.818414472715056e-08,14986905.815638205
iso_1100C_40h,56755.107770546194,0.690844583711873,11,9.8e-08,37201457.95368138
iso_1100C_40h,57355.107770546194,0.6919735068244346,0,8.166666666666667e-09,1762.8464540576704
iso_1100C_40h,57355.107770546194,0.6919735068244346,1,1.0236517085738568e-08,4351.550506693584
iso_1100C_40h,57355.107770546194,0.6919735068244346,2,1.2830973311830731e-08,10741.716838934546
iso_1100C_40h,57355.107770546194,0.6919735068244346,3,1.6082997248964597e-08,26516.8723326262
iso_1100C_40h,57355.107770546194,0.6919735068244346,4,2.0159250138234185e-08,65478.77263346284
iso_1100C_40h,57355.107770546194,0.6919735068244346,5,2.526863369090349e-08,161754.41774520456
iso_1100C_40h,57355.107770546194,0.6919735068244346,6,3.167299598084116e-08,399700.10848927207
iso_1100C_40h,57355.107770546194,0.6919735068244346,7,3.970055075686648e-08,987944.3786944912
iso_1100C_40h,57355.107770546194,0.6919735068244346,8,4.976269789419122e-08,2442923.2000112333
iso_1100C_40h,57355.107770546194,0.6919735068244346,9,6.237510700730634e-08,6044544.0231996635
iso_1100C_40h,57355.107770546194,0.6919735068244346,10,7.818414472715056e-08,14970257.840164952
iso_1100C_40h,57355.107770546194,0.6919735068244346,11,9.8e-08,37159831.46613584
iso_1100C_40h,57955.107770546194,0.6930932946813291,0,8.166666666666667e-09,1760.95227537016
iso_1100C_40h,57955.107770546194,0.6930932946813291,1,1.0236517085738568e-08,4346.874764760991
iso_1100C_40h,57955.107770546194,0.6930932946813291,2,1.2830973311830731e-08,10730.17459010178
iso_1100C_40h,57955.107770546194,0.6930932946813291,3,1.6082997248964597e-08,26488.339267049192
iso_1100C_40h,57955.107770546194,0.6930932946813291,4,2.0159250138234185e-08,65408.03818368186
iso_1100C_40h,57955.107770546194,0.6930932946813291,5,2.526863369090349e-08,161579.34153837836
iso_1100C_40h,57955.107770546194,0.6930932946813291,6,3.167299598084116e-08,399267.4488372385
iso_1100C_40h,57955.107770546194,0.6930932946813291,7,3.970055075686648e-08,986874.7317966506
iso_1100C_40h,57955.107770546194,0.6930932946813291,8,4.976269789419122e-08,2440275.0742032975
iso_1100C_40h,57955.107770546194,0.6930932946813291,9,6.237510700730634e-08,6037975.466148038
iso_1100C_40h,57955.107770546194,0.6930932946813291,10,7.818414472715056e-08,14953923.707860703
iso_1100C_40h,57955.107770546194,0.6930932946813291,11,9.8e-08,37118990.188691236
iso_1100C_40h,58555.107770546194,0.6942040655262303,0,8.166666666666667e-09,1759.0936981208183
iso_1100C_40h,58555.107770546194,0.6942040655262303,1,1.0236517085738568e-08,4342.286904245042
iso_1100C_40h,58555.107770546194,0.6942040655262303,2,1.2830973311830731e-08,10718.849297803436
iso_1100C_40h,58555.107770546194,0.6942040655262303,3,1.6082997248964597e-08,26460.343204085282
iso_1100C_40h,58555.107770546194,0.6942040655262303,4,2.0159250138234185e-08,65338.63275712752
iso_1100C_40h,58555.107770546194,0.6942040655262303,5,2.526863369090349e-08,161407.5467414216
iso_1100C_40h,58555.107770546194,0.6942040655262303,6,3.167299598084116e-08,398842.89810225996
iso_1100C_40h,58555.107770546194,0.6942040655262303,7,3.970055075686648e-08,985825.1510934074
iso_1100C_40h,58555.107770546194,0.6942040655262303,8,4.976269789419122e-08,2437676.6719181305
iso_1100C_40h,58555.107770546194,0.6942040655262303,9,6.237510700730634e-08,6031530.333518714
iso_1100C_40h,58555.107770546194,0.6942040655262303,10,7.818414472715056e-08,14937896.671377644
iso_1100C_40h,58555.107770546194,0.6942040655262303,11,9.8e-08,37078917.223589905
iso_1100C_40h,59155.107770546194,0.6953059354186235,0,8.166666666666667e-09,1757.2699652085314
iso_1100C_40h,59155.107770546194,0.6953059354186235,1,1.0236517085738568e-08,4337.785056257017
iso_1100C_40h,59155.107770546194,0.6953059354186235,2,1.2830973311830731e-08,10707.736346792073
iso_1100C_40h,59155.107770546194,0.6953059354186235,3,1.6082997248964597e-08,26432.872701290187
iso_1100C_40h,59155.107770546194,0.6953059354186235,4,2.0159250138234185e-08,65270.52809325154
iso_1100C_40h,59155.107770546194,0.6953059354186235,5,2.526863369090349e-08,161238.9635860151
iso_1100C_40h,59155.107770546194,0.6953059354186235,6,3.167299598084116e-08,398426.2837695999
iso_1100C_40h,59155.107770546194,0.6953059354186235,7,3.970055075686648e-08,984795.2095323118
iso_1100C_40h,59155.107770546194,0.6953059354186235,8,4.976269789419122e-08,2435126.9346345677
iso_1100C_40h,59155.107770546194,0.6953059354186235,9,6.237510700730634e-08,6025205.996855847
iso_1100C_40h,59155.107770546194,0.6953059354186235,10,7.818414472715056e-08,14922170.187152822
iso_1100C_40h,59155.107770546194,0.6953059354186235,11,9.8e-08,37039596.18376587
iso_1100C_40h,59755.107770546194,0.6963990182888907,0,8.166666666666667e-09,1755.480342427051
iso_1100C_40h,59755.107770546194,0.6963990182888907,1,1.0236517085738568e-08,4333.367408423709
iso_1100C_40h,59755.107770546194,0.6963990182888907,2,1.2830973311830731e-08,10696.831261488229
iso_1100C_40h,59755.107770546194,0.6963990182888907,3,1.6082997248964597e-08,26405.916662598724
iso_1100C_40h,59755.107770546194,0.6963990182888907,4,2.0159250138234185e-08,65203.69678558075
iso_1100C_40h,59755.107770546194,0.6963990182888907,5,2.526863369090349e-08,161073.52441356517
iso_1100C_40h,59755.107770546194,0.6963990182888907,6,3.167299598084116e-08,398017.43854260567
iso_1100C_40h,59755.107770546194,0.6963990182888907,7,3.970055075686648e-08,983784.4929799874
iso_1100C_40h,59755.107770546194,0.6963990182888907,8,4.976269789419122e-08,2432624.835859516
iso_1100C_40h,59755.107770546194,0.6963990182888907,9,6.237510700730634e-08,6018999.907254516
iso_1100C_40h,59755.107770546194,0.6963990182888907,10,7.818414472715056e-08,14906737.90973936
iso_1100C_40h,59755.107770546194,0.6963990182888907,11,9.8e-08,37001011.178609416
iso_1100C_40h,60355.107770546194,0.6974834259915283,0,8.166666666666667e-09,1753.7241178125523
iso_1100C_40h,60355.107770546194,0.6974834259915283,1,1.0236517085738568e-08,4329.032203276891
iso_1100C_40h,60355.107770546194,0.6974834259915283,2,1.2830973311830731e-08,10686.129701991635
iso_1100C_40h,60355.107770546194,0.6974834259915283,3,1.6082997248964597e-08,26379.464328435042
iso_1100C_40h,60355.107770546194,0.6974834259915283,4,2.0159250138234185e-08,65138.11225735728
iso_1100C_40h,60355.107770546194,0.6974834259915283,5,2.526863369090349e-08,160911.16361501094
iso_1100C_40h,60355.107770546194,0.6974834259915283,6,3.167299598084116e-08,397616.20019381674
iso_1100C_40h,60355.107770546194,0.6974834259915283,7,3.970055075686648e-08,982792.599853415
iso_1100C_40h,60355.107770546194,0.6974834259915283,8,4.976269789419122e-08,2430169.3802134455
iso_1100C_40h,60355.107770546194,0.6974834259915283,9,6.237510700730634e-08,6012909.593087646
iso_1100C_40h,60355.107770546194,0.6974834259915283,10,7.818414472715056e-08,14891593.686139375
iso_1100C_40h,60355.107770546194,0.6974834259915283,11,9.8e-08,36963146.799739115
iso_1100C_40h,60955.107770546194,0.6985592683565809,0,8.166666666666667e-09,1752.0006009928404
iso_1100C_40h,60955.107770546194,0.6985592683565809,1,1.0236517085738568e-08,4324.777736646838
iso_1100C_40h,60955.107770546194,0.6985592683565809,2,1.2830973311830731e-08,10675.627460103558
iso_1100C_40h,60955.107770546194,0.6985592683565809,3,1.6082997248964597e-08,26353.505265850676
iso_1100C_40h,60955.107770546194,0.6985592683565809,4,2.0159250138234185e-08,65073.74873724442
iso_1100C_40h,60955.107770546194,0.6985592683565809,5,2.526863369090349e-08,160751.8175707928
iso_1100C_40h,60955.107770546194,0.6985592683565809,6,3.167299598084116e-08,397222.4114164717
iso_1100C_40h,60955.107770546194,0.6985592683565809,7,3.970055075686648e-08,981819.1407522153
iso_1100C_40h,60955.107770546194,0.6985592683565809,8,4.976269789419122e-08,2427759.602518409
iso_1100C_40h,60955.107770546194,0.6985592683565809,9,6.237510700730634e-08,6006932.657739398
iso_1100C_40h,60955.107770546194,0.6985592683565809,10,7.818414472715056e-08,14876731.550153742
iso_1100C_40h,60955.107770546194,0.6985592683565809,11,9.8e-08,36925988.1068195
iso_1100C_40h,61555.107770546194,0.6996266532393701,0,8.166666666666667e-09,1750.30912253976
iso_1100C_40h,61555.107770546194,0.6996266532393701,1,1.0236517085738568e-08,4320.602356063765
iso_1100C_40h,61555.107770546194,0.6996266532393701,2,1.2830973311830731e-08,10665.320455369629
iso_1100C_40h,61555.107770546194,0.6996266532393701,3,1.6082997248964597e-08,26328.029358713593
iso_1100C_40h,61555.107770546194,0.6996266532393701,4,2.0159250138234185e-08,65010.581235156424
iso_1100C_40h,61555.107770546194,0.6996266532393701,5,2.526863369090349e-08,160595.42459112592
iso_1100C_40h,61555.107770546194,0.6996266532393701,6,3.167299598084116e-08,396835.9196767689
iso_1100C_40h,61555.107770546194,0.6996266532393701,7,3.970055075686648e-08,980863.7380928007
iso_1100C_40h,61555.107770546194,0.6996266532393701,8,4.976269789419122e-08,2425394.5668907445
iso_1100C_40h,61555.107770546194,0.6996266532393701,9,6.237510700730634e-08,6001066.777350375
iso_1100C_40h,61555.107770546194,0.6996266532393701,10,7.818414472715056e-08,14862145.716762008
iso_1100C_40h,61555.107770546194,0.6996266532393701,11,9.8e-08,36889520.61345727
iso_1100C_40h,62155.107770546194,0.7006856865685944,0,8.166666666666667e-09,1748.649033326299
iso_1100C_40h,62155.107770546194,0.7006856865685944,1,1.0236517085738568e-08,4316.5044591708465
iso_1100C_40h,62155.107770546194,0.7006856865685944,2,1.2830973311830731e-08,10655.204731152186
iso_1100C_40h,62155.107770546194,0.7006856865685944,3,1.6082997248964597e-08,26303.02679797066
iso_1100C_40h,62155.107770546194,0.7006856865685944,4,2.0159250138234185e-08,64948.58551826686
iso_1100C_40h,62155.107770546194,0.7006856865685944,5,2.526863369090349e-08,160441.92485671464
iso_1100C_40h,62155.107770546194,0.7006856865685944,6,3.167299598084116e-08,396456.5770672183
iso_1100C_40h,62155.107770546194,0.7006856865685944,7,3.970055075686648e-08,979926.0257452433
iso_1100C_40h,62155.107770546194,0.7006856865685944,8,4.976269789419122e-08,2423073.365840539
iso_1100C_40h,62155.107770546194,0.7006856865685944,9,6.237510700730634e-08,5995309.698579806
iso_1100C_40h,62155.107770546194,0.7006856865685944,10,7.818414472715056e-08,14847830.576545214
iso_1100C_40h,62155.107770546194,0.7006856865685944,11,9.8e-08,36853730.27320793
iso_1100C_40h,62755.107770546194,0.7017364723928667,0,8.166666666666667e-09,1747.0197038897168
iso_1100C_40h,62755.107770546194,0.7017364723928667,1,1.0236517085738568e-08,4312.482492152118
iso_1100C_40h,62755.107770546194,0.7017364723928667,2,1.2830973311830731e-08,10645.276450740177
iso_1100C_40h,62755.107770546194,0.7017364723928667,3,1.6082997248964597e-08,26278.488072003427
iso_1100C_40h,62755.107770546194,0.7017364723928667,4,2.0159250138234185e-08,64887.738087245336
iso_1100C_40h,62755.107770546194,0.7017364723928667,5,2.526863369090349e-08,160291.2603600304
iso_1100C_40h,62755.107770546194,0.7017364723928667,6,3.167299598084116e-08,396084.24016138684
iso_1100C_40h,62755.107770546194,0.7017364723928667,7,3.970055075686648e-08,979005.6486735936
iso_1100C_40h,62755.107770546194,0.7017364723928667,8,4.976269789419122e-08,2420795.1193797057
iso_1100C_40h,62755.107770546194,0.7017364723928667,9,6.237510700730634e-08,5989659.236389266
iso_1100C_40h,62755.107770546194,0.7017364723928667,10,7.818414472715056e-08,14833780.690162988
iso_1100C_40h,62755.107770546194,0.7017364723928667,11,9.8e-08,36818603.46572103
iso_1100C_40h,63355.107770546194,0.7027791129257588,0,8.166666666666667e-09,1745.4205238019474
iso_1100C_40h,63355.107770546194,0.7027791129257588,1,1.0236517085738568e-08,4308.534948178319
iso_1100C_40h,63355.107770546194,0.7027791129257588,2,1.2830973311830731e-08,10635.531893504145
iso_1100C_40h,63355.107770546194,0.7027791129257588,3,1.6082997248964597e-08,26254.403957095827
iso_1100C_40h,63355.107770546194,0.7027791129257588,4,2.0159250138234185e-08,64828.01615276853
iso_1100C_40h,63355.107770546194,0.7027791129257588,5,2.526863369090349e-08,160143.37484726653
iso_1100C_40h,63355.107770546194,0.7027791129257588,6,3.167299598084116e-08,395718.76987031865
iso_1100C_40h,63355.107770546194,0.7027791129257588,7,3.970055075686648e-08,978102.2625803585
iso_1100C_40h,63355.107770546194,0.7027791129257588,8,4.976269789419122e-08,2418558.9741403977
iso_1100C_40h,63355.107770546194,0.7027791129257588,9,6.237510700730634e-08,5984113.271852238
iso_1100C_40h,63355.107770546194,0.7027791129257588,10,7.818414472715056e-08,14819990.782895504
iso_1100C_40h,63355.107770546194,0.7027791129257588,11,9.8e-08,36784126.98305034
iso_1100C_40h,63955.107770546194,0.7038137085894163,0,8.166666666666667e-09,1743.8509010483517
iso_1100C_40h,63955.107770546194,0.7038137085894163,1,1.0236517085738568e-08,4304.660365873368
iso_1100C_40h,63955.107770546194,0.7038137085894163,2,1.2830973311830731e-08,10625.967451102795
iso_1100C_40h,63955.107770546194,0.7038137085894163,3,1.6082997248964597e-08,26230.76550802994
iso_1100C_40h,63955.107770546194,0.7038137085894163,4,2.0159250138234185e-08,64769.39761234549
iso_1100C_40h,63955.107770546194,0.7038137085894163,5,2.526863369090349e-08,159998.21376107042
iso_1100C_40h,63955.107770546194,0.7038137085894163,6,3.167299598084116e-08,395360.03130087745
iso_1100C_40h,63955.107770546194,0.7038137085894163,7,3.970055075686648e-08,977215.533555741
iso_1100C_40h,63955.107770546194,0.7038137085894163,8,4.976269789419122e-08,2416364.10250526
iso_1100C_40h,63955.107770546194,0.7038137085894163,9,6.237510700730634e-08,5978669.749993196
iso_1100C_40h,63955.107770546194,0.7038137085894163,10,7.818414472715056e-08,14806455.739259548
iso_1100C_40h,63955.107770546194,0.7038137085894163,11,9.8e-08,36750288.016152084
iso_1100C_40h,64555.107770546194,0.7048403580567993,0,8.166666666666667e-09,1742.310261415858
iso_1100C_40h,64555.107770546194,0.7048403580567993,1,1.0236517085738568e-08,4300.857327803985
iso_1100C_40h,64555.107770546194,0.7048403580567993,2,1.2830973311830731e-08,10616.5796237474
iso_1100C_40h,64555.107770546194,0.7048403580567993,3,1.6082997248964597e-08,26207.564048825265
iso_1100C_40h,64555.107770546194,0.7048403580567993,4,2.0159250138234185e-08,64711.86102749541
iso_1100C_40h,64555.107770546194,0.7048403580567993,5,2.526863369090349e-08,159855.72418414548
iso_1100C_40h,64555.107770546194,0.7048403580567993,6,3.167299598084116e-08,395007.8936162412
iso_1100C_40h,64555.107770546194,0.7048403580567993,7,3.970055075686648e-08,976345.1377322146
iso_1100C_40h,64555.107770546194,0.7048403580567993,8,4.976269789419122e-08,2414209.7017509476
iso_1100C_40h,64555.107770546194,0.7048403580567993,9,6.237510700730634e-08,5973326.67765978
iso_1100C_40h,64555.107770546194,0.7048403580567993,10,7.818414472715056e-08,14793170.597707389
iso_1100C_40h,64555.107770546194,0.7048403580567993,11,9.8e-08,36717074.14159281
iso_1100C_40h,65155.107770546194,0.7058591582926106,0,8.166666666666667e-09,1740.798047891362
iso_1100C_40h,65155.107770546194,0.7058591582926106,1,1.0236517085738568e-08,4297.124458994668
iso_1100C_40h,65155.107770546194,0.7058591582926106,2,1.2830973311830731e-08,10607.36501652936
iso_1100C_40h,65155.107770546194,0.7058591582926106,3,1.6082997248964597e-08,26184.791163634625
iso_1100C_40h,65155.107770546194,0.7058591582926106,4,2.0159250138234185e-08,64655.38560131063
iso_1100C_40h,65155.107770546194,0.7058591582926106,5,2.526863369090349e-08,159715.85478380564
iso_1100C_40h,65155.107770546194,0.7058591582926106,6,3.167299598084116e-08,394662.2298987532
iso_1100C_40h,65155.107770546194,0.7058591582926106,7,3.970055075686648e-08,975490.7609449396
iso_1100C_40h,65155.107770546194,0.7058591582926106,8,4.976269789419122e-08,2412094.9932061373
iso_1100C_40h,65155.107770546194,0.7058591582926106,9,6.237510700730634e-08,5968082.121431086
iso_1100C_40h,65155.107770546194,0.7058591582926106,10,7.818414472715056e-08,14780130.5454161
iso_1100C_40h,65155.107770546194,0.7058591582926106,11,9.8e-08,36684473.308485545
iso_1100C_40h,65755.1077705462,0.7068702045929598,0,8.166666666666667e-09,1739.3137200711737
iso_1100C_40h,65755.1077705462,0.7068702045929598,1,1.0236517085738568e-08,4293.4604254699125
iso_1100C_40h,65755.1077705462,0.7068702045929598,2,1.2830973311830731e-08,10598.320335815564
iso_1100C_40h,65755.1077705462,0.7068702045929598,3,1.6082997248964597e-08,26162.438687808382
iso_1100C_40h,65755.1077705462,0.7068702045929598,4,2.0159250138234185e-08,64599.95115643322
iso_1100C_40h,65755.1077705462,0.7068702045929598,5,2.526863369090349e-08,159578.55575755122
iso_1100C_40h,65755.1077705462,0.7068702045929598,6,3.167299598084116e-08,394322.91701529926
iso_1100C_40h,65755.1077705462,0.7068702045929598,7,3.970055075686648e-08,974652.0983984367
iso_1100C_40h,65755.1077705462,0.7068702045929598,8,4.976269789419122e-08,2410019.2214250937
iso_1100C_40h,65755.1077705462,0.7068702045929598,9,6.237510700730634e-08,5962934.20556469
iso_1100C_40h,65755.1077705462,0.7068702045929598,10,7.818414472715056e-08,14767330.91317369
iso_1100C_40h,65755.1077705462,0.7068702045929598,11,9.8e-08,36652473.82567057
iso_1100C_40h,66355.1077705462,0.7078735906238172,0,8.166666666666667e-09,1737.8567535822328
iso_1100C_40h,66355.1077705462,0.7078735906238172,1,1.0236517085738568e-08,4289.863932825504
iso_1100C_40h,66355.1077705462,0.7078735906238172,2,1.2830973311830731e-08,10589.442385716031
iso_1100C_40h,66355.1077705462,0.7078735906238172,3,1.6082997248964597e-08,26140.498699137657
iso_1100C_40h,66355.1077705462,0.7078735906238172,4,2.0159250138234185e-08,64545.5381134725
iso_1100C_40h,66355.1077705462,0.7078735906238172,5,2.526863369090349e-08,159443.77877973512
iso_1100C_40h,66355.1077705462,0.7078735906238172,6,3.167299598084116e-08,393989.8354853822
iso_1100C_40h,66355.1077705462,0.7078735906238172,7,3.970055075686648e-08,973828.8543399438
iso_1100C_40h,66355.1077705462,0.7078735906238172,8,4.976269789419122e-08,2407981.653377827
iso_1100C_40h,66355.1077705462,0.7078735906238172,9,6.237510700730634e-08,5957881.109984956
iso_1100C_40h,66355.1077705462,0.7078735906238172,10,7.818414472715056e-08,14754767.170368442
iso_1100C_40h,66355.1077705462,0.7078735906238172,11,9.8e-08,36621064.349156186
iso_1100C_40h,66955.1077705462,0.7088694084583027,0,8.166666666666667e-09,1736.4266395156708
iso_1100C_40h,66955.1077705462,0.7088694084583027,1,1.0236517085738568e-08,4286.333724830268
iso_1100C_40h,66955.1077705462,0.7088694084583027,2,1.2830973311830731e-08,10580.728064627176
iso_1100C_40h,66955.1077705462,0.7088694084583027,3,1.6082997248964597e-08,26118.963509285317
iso_1100C_40h,66955.1077705462,0.7088694084583027,4,2.0159250138234185e-08,64492.127469884435
iso_1100C_40h,66955.1077705462,0.7088694084583027,5,2.526863369090349e-08,159311.47694937035
iso_1100C_40h,66955.1077705462,0.7088694084583027,6,3.167299598084116e-08,393662.86935202
iso_1100C_40h,66955.1077705462,0.7088694084583027,7,3.970055075686648e-08,973020.741739768
iso_1100C_40h,66955.1077705462,0.7088694084583027,8,4.976269789419122e-08,2405981.5776575957
iso_1100C_40h,66955.1077705462,0.7088694084583027,9,6.237510700730634e-08,5952921.068314552
iso_1100C_40h,66955.1077705462,0.7088694084583027,10,7.818414472715056e-08,14742434.92008616
iso_1100C_40h,66955.1077705462,0.7088694084583027,11,9.8e-08,36590233.869831435
iso_1100C_40h,67555.1077705462,0.7098577486128594,0,8.166666666666667e-09,1735.022883873242
iso_1100C_40h,67555.1077705462,0.7098577486128594,1,1.0236517085738568e-08,4282.868582059602
iso_1100C_40h,67555.1077705462,0.7098577486128594,2,1.2830973311830731e-08,10572.174361853986
iso_1100C_40h,67555.1077705462,0.7098577486128594,3,1.6082997248964597e-08,26097.825655412482
iso_1100C_40h,67555.1077705462,0.7098577486128594,4,2.0159250138234185e-08,64439.70077933233
iso_1100C_40h,67555.1077705462,0.7098577486128594,5,2.526863369090349e-08,159181.6047391266
iso_1100C_40h,67555.1077705462,0.7098577486128594,6,3.167299598084116e-08,393341.90605558583
iso_1100C_40h,67555.1077705462,0.7098577486128594,7,3.970055075686648e-08,972227.4819789232
iso_1100C_40h,67555.1077705462,0.7098577486128594,8,4.976269789419122e-08,2404018.303706516
iso_1100C_40h,67555.1077705462,0.7098577486128594,9,6.237510700730634e-08,5948052.365950998
iso_1100C_40h,67555.1077705462,0.7098577486128594,10,7.818414472715056e-08,14730329.894319829
iso_1100C_40h,67555.1077705462,0.7098577486128594,11,9.8e-08,36559971.70146164
iso_1100C_40h,68155.1077705462,0.7108387000823506,0,8.166666666666667e-09,1733.6450070270819
iso_1100C_40h,68155.1077705462,0.7108387000823506,1,1.0236517085738568e-08,4279.467320561899
iso_1100C_40h,68155.1077705462,0.7108387000823506,2,1.2830973311830731e-08,10563.77835431374
iso_1100C_40h,68155.1077705462,0.7108387000823506,3,1.6082997248964597e-08,26077.077892007117
iso_1100C_40h,68155.1077705462,0.7108387000823506,4,2.0159250138234185e-08,64388.240131545586
iso_1100C_40h,68155.1077705462,0.7108387000823506,5,2.526863369090349e-08,159054.11794555894
iso_1100C_40h,68155.1077705462,0.7108387000823506,6,3.167299598084116e-08,393026.836310694
iso_1100C_40h,68155.1077705462,0.7108387000823506,7,3.970055075686648e-08,971448.8045443157
iso_1100C_40h,68155.1077705462,0.7108387000823506,8,4.976269789419122e-08,2402091.1610598816
iso_1100C_40h,68155.1077705462,0.7108387000823506,9,6.237510700730634e-08,5943273.338189726
iso_1100C_40h,68155.1077705462,0.7108387000823506,10,7.818414472715056e-08,14718447.949295456
iso_1100C_40h,68155.1077705462,0.7108387000823506,11,9.8e-08,36530267.468976356
iso_1100C_40h,68755.1077705462,0.7118123503741232,0,8.166666666666667e-09,1732.2925431931237
iso_1100C_40h,68755.1077705462,0.7118123503741232,1,1.0236517085738568e-08,4276.128790558687
iso_1100C_40h,68755.1077705462,0.7118123503741232,2,1.2830973311830731e-08,10555.53720332334
iso_1100C_40h,68755.1077705462,0.7118123503741232,3,1.6082997248964597e-08,26056.713182920077
iso_1100C_40h,68755.1077705462,0.7118123503741232,4,2.0159250138234185e-08,64337.728132688964
iso_1100C_40h,68755.1077705462,0.7118123503741232,5,2.526863369090349e-08,158928.97364059705
iso_1100C_40h,68755.1077705462,0.7118123503741232,6,3.167299598084116e-08,392717.55398620764
iso_1100C_40h,68755.1077705462,0.7118123503741232,7,3.970055075686648e-08,970684.4467316581
iso_1100C_40h,68755.1077705462,0.7118123503741232,8,4.976269789419122e-08,2400199.498609661
iso_1100C_40h,68755.1077705462,0.7118123503741232,9,6.237510700730634e-08,5938582.368394902
iso_1100C_40h,68755.1077705462,0.7118123503741232,10,7.818414472715056e-08,14706785.060916975
iso_1100C_40h,68755.1077705462,0.7118123503741232,11,9.8e-08,36501111.09705657
iso_1100C_40h,69355.1077705462,0.7127787855410792,0,8.166666666666667e-09,1730.9650399184734
iso_1100C_40h,69355.1077705462,0.7127787855410792,1,1.0236517085738568e-08,4272.851875179222
iso_1100C_40h,69355.1077705462,0.7127787855410792,2,1.2830973311830731e-08,10547.44815147204
iso_1100C_40h,69355.1077705462,0.7127787855410792,3,1.6082997248964597e-08,26036.72469361257
iso_1100C_40h,69355.1077705462,0.7127787855410792,4,2.0159250138234185e-08,64288.14788625302
iso_1100C_40h,69355.1077705462,0.7127787855410792,5,2.526863369090349e-08,158806.13012432383
iso_1100C_40h,69355.1077705462,0.7127787855410792,6,3.167299598084116e-08,392413.9559884327
iso_1100C_40h,69355.1077705462,0.7127787855410792,7,3.970055075686648e-08,969934.1533562775
iso_1100C_40h,69355.1077705462,0.7127787855410792,8,4.976269789419122e-08,2398342.6838875897
iso_1100C_40h,69355.1077705462,0.7127787855410792,9,6.237510700730634e-08,5933977.886218886
iso_1100C_40h,69355.1077705462,0.7127787855410792,10,7.818414472715056e-08,14695337.320332587
iso_1100C_40h,69355.1077705462,0.7127787855410792,11,9.8e-08,36472492.79902713
iso_1100C_40h,69955.1077705462,0.7137380902137875,0,8.166666666666667e-09,1729.6620575829957
iso_1100C_40h,69955.1077705462,0.7137380902137875,1,1.0236517085738568e-08,4269.635489230167
iso_1100C_40h,69955.1077705462,0.7137380902137875,2,1.2830973311830731e-08,10539.508519581013
iso_1100C_40h,69955.1077705462,0.7137380902137875,3,1.6082997248964597e-08,26017.105783619074
iso_1100C_40h,69955.1077705462,0.7137380902137875,4,2.0159250138234185e-08,64239.482974475155
iso_1100C_40h,69955.1077705462,0.7137380902137875,5,2.526863369090349e-08,158685.54687906496
iso_1100C_40h,69955.1077705462,0.7137380902137875,6,3.167299598084116e-08,392115.94214755675
iso_1100C_40h,69955.1077705462,0.7137380902137875,7,3.970055075686648e-08,969197.676471958
iso_1100C_40h,69955.1077705462,0.7137380902137875,8,4.976269789419122e-08,2396520.102368176
iso_1100C_40h,69955.1077705462,0.7137380902137875,9,6.237510700730634e-08,5929458.3658712795
iso_1100C_40h,69955.1077705462,0.7137380902137875,10,7.818414472715056e-08,14684100.929624664
iso_1100C_40h,69955.1077705462,0.7137380902137875,11,9.8e-08,36444403.06605963
iso_1100C_40h,70555.1077705462,0.7146903476316768,0,8.166666666666667e-09,1728.383168915204
iso_1100C_40h,70555.1077705462,0.7146903476316768,1,1.0236517085738568e-08,4266.478578000572
iso_1100C_40h,70555.1077705462,0.7146903476316768,2,1.2830973311830731e-08,10531.71570375044
iso_1100C_40h,70555.1077705462,0.7146903476316768,3,1.6082997248964597e-08,25997.849999226946
iso_1100C_40h,70555.1077705462,0.7146903476316768,4,2.0159250138234185e-08,64191.71744029475
iso_1100C_40h,70555.1077705462,0.7146903476316768,5,2.526863369090349e-08,158567.1845247989
iso_1100C_40h,70555.1077705462,0.7146903476316768,6,3.167299598084116e-08,391823.4151073533
iso_1100C_40h,70555.1077705462,0.7146903476316768,7,3.970055075686648e-08,968474.7750978702
iso_1100C_40h,70555.1077705462,0.7146903476316768,8,4.976269789419122e-08,2394731.1567917825
iso_1100C_40h,70555.1077705462,0.7146903476316768,9,6.237510700730634e-08,5925022.32443782
iso_1100C_40h,70555.1077705462,0.7146903476316768,10,7.818414472715056e-08,14673072.19762406
iso_1100C_40h,70555.1077705462,0.7146903476316768,11,9.8e-08,36416832.656687565
iso_1100C_40h,71155.1077705462,0.7156356396733392,0,8.166666666666667e-09,1727.1279585226441
iso_1100C_40h,71155.1077705462,0.7156356396733392,1,1.0236517085738568e-08,4263.380116102646
iso_1100C_40h,71155.1077705462,0.7156356396733392,2,1.2830973311830731e-08,10524.067172495097
iso_1100C_40h,71155.1077705462,0.7156356396733392,3,1.6082997248964597e-08,25978.95106637554
iso_1100C_40h,71155.1077705462,0.7156356396733392,4,2.0159250138234185e-08,64144.83576984914
iso_1100C_40h,71155.1077705462,0.7156356396733392,5,2.526863369090349e-08,158451.0047759037
iso_1100C_40h,71155.1077705462,0.7156356396733392,6,3.167299598084116e-08,391536.2802181942
iso_1100C_40h,71155.1077705462,0.7156356396733392,7,3.970055075686648e-08,967765.2149536939
iso_1100C_40h,71155.1077705462,0.7156356396733392,8,4.976269789419122e-08,2392975.266508011
iso_1100C_40h,71155.1077705462,0.7156356396733392,9,6.237510700730634e-08,5920668.320249764
iso_1100C_40h,71155.1077705462,0.7156356396733392,10,7.818414472715056e-08,14662247.5358502
iso_1100C_40h,71155.1077705462,0.7156356396733392,11,9.8e-08,36389772.58663737
iso_1100C_40h,71755.1077705462,0.7165740468859805,0,8.166666666666667e-09,1725.896022436753
iso_1100C_40h,71755.1077705462,0.7165740468859805,1,1.0236517085738568e-08,4260.339106348231
iso_1100C_40h,71755.1077705462,0.7165740468859805,2,1.2830973311830731e-08,10516.560463968406
iso_1100C_40h,71755.1077705462,0.7165740468859805,3,1.6082997248964597e-08,25960.402883774354
iso_1100C_40h,71755.1077705462,0.7165740468859805,4,2.0159250138234185e-08,64098.8228755094
iso_1100C_40h,71755.1077705462,0.7165740468859805,5,2.526863369090349e-08,158336.9703992384
iso_1100C_40h,71755.1077705462,0.7165740468859805,6,3.167299598084116e-08,391254.44543336227
iso_1100C_40h,71755.1077705462,0.7165740468859805,7,3.970055075686648e-08,967068.7682029114
iso_1100C_40h,71755.1077705462,0.7165740468859805,8,4.976269789419122e-08,2391251.866839367
iso_1100C_40h,71755.1077705462,0.7165740468859805,9,6.237510700730634e-08,5916394.95130367
iso_1100C_40h,71755.1077705462,0.7165740468859805,10,7.818414472715056e-08,14651623.454576813
iso_1100C_40h,71755.1077705462,0.7165740468859805,11,9.8e-08,36363214.11897474
iso_1100C_40h,72355.1077705462,0.7175056485140442,0,8.166666666666667e-09,1724.6869676722376
iso_1100C_40h,72355.1077705462,0.7175056485140442,1,1.0236517085738568e-08,4257.354578661157
iso_1100C_40h,72355.1077705462,0.7175056485140442,2,1.2830973311830731e-08,10509.193183275187
iso_1100C_40h,72355.1077705462,0.7175056485140442,3,1.6082997248964597e-08,25942.1995162411
iso_1100C_40h,72355.1077705462,0.7175056485140442,4,2.0159250138234185e-08,64053.66407945826
iso_1100C_40h,72355.1077705462,0.7175056485140442,5,2.526863369090349e-08,158225.04517356394
iso_1100C_40h,72355.1077705462,0.7175056485140442,6,3.167299598084116e-08,390977.82120867836
iso_1100C_40h,72355.1077705462,0.7175056485140442,7,3.970055075686648e-08,966385.2132043107
iso_1100C_40h,72355.1077705462,0.7175056485140442,8,4.976269789419122e-08,2389560.4084652658
iso_1100C_40h,72355.1077705462,0.7175056485140442,9,6.237510700730634e-08,5912200.853731723
iso_1100C_40h,72355.1077705462,0.7175056485140442,10,7.818414472715056e-08,14641196.559023673
iso_1100C_40h,72355.1077705462,0.7175056485140442,11,9.8e-08,36337148.75456709
iso_1100C_40h,72955.1077705462,0.7184305225270422,0,8.166666666666667e-09,1723.5004118009188
iso_1100C_40h,72955.1077705462,0.7184305225270422,1,1.0236517085738568e-08,4254.4255890252725
iso_1100C_40h,72955.1077705462,0.7184305225270422,2,1.2830973311830731e-08,10501.962999872745
iso_1100C_40h,72955.1077705462,0.7184305225270422,3,1.6082997248964597e-08,25924.335188258567
iso_1100C_40h,72955.1077705462,0.7184305225270422,4,2.0159250138234185e-08,64009.345097807054
iso_1100C_40h,72955.1077705462,0.7184305225270422,5,2.526863369090349e-08,158115.1938502976
iso_1100C_40h,72955.1077705462,0.7184305225270422,6,3.167299598084116e-08,390706.3204054268
iso_1100C_40h,72955.1077705462,0.7184305225270422,7,3.970055075686648e-08,965714.334271653
iso_1100C_40h,72955.1077705462,0.7184305225270422,8,4.976269789419122e-08,2387900.356826304
iso_1100C_40h,72955.1077705462,0.7184305225270422,9,6.237510700730634e-08,5908084.700322404
iso_1100C_40h,72955.1077705462,0.7184305225270422,10,7.818414472715056e-08,14630963.545673724
iso_1100C_40h,72955.1077705462,0.7184305225270422,11,9.8e-08,36311568.22286045
iso_1100C_40h,73555.1077705462,0.7193487456466187,0,8.166666666666667e-09,1722.3359825399612
iso_1100C_40h,73555.1077705462,0.7193487456466187,1,1.0236517085738568e-08,4251.551218468006
iso_1100C_40h,73555.1077705462,0.7193487456466187,2,1.2830973311830731e-08,10494.867645059789
iso_1100C_40h,73555.1077705462,0.7193487456466187,3,1.6082997248964597e-08,25906.804277749103
iso_1100C_40h,73555.1077705462,0.7193487456466187,4,2.0159250138234185e-08,63965.85202524941
iso_1100C_40h,73555.1077705462,0.7193487456466187,5,2.526863369090349e-08,158007.38211559327
iso_1100C_40h,73555.1077705462,0.7193487456466187,6,3.167299598084116e-08,390439.85819656024
iso_1100C_40h,73555.1077705462,0.7193487456466187,7,3.970055075686648e-08,965055.9214414636
iso_1100C_40h,73555.1077705462,0.7193487456466187,8,4.976269789419122e-08,2386271.191548653
iso_1100C_40h,73555.1077705462,0.7193487456466187,9,6.237510700730634e-08,5904045.199091184
iso_1100C_40h,73555.1077705462,0.7193487456466187,10,7.818414472715056e-08,14620921.19871488
iso_1100C_40h,73555.1077705462,0.7193487456466187,11,9.8e-08,36286464.47296922
iso_1100C_40h,74155.1077705462,0.7202603933728726,0,8.166666666666667e-09,1721.1933173543807
iso_1100C_40h,74155.1077705462,0.7202603933728726,1,1.0236517085738568e-08,4248.730572079154
iso_1100C_40h,74155.1077705462,0.7202603933728726,2,1.2830973311830731e-08,10487.904909552497
iso_1100C_40h,74155.1077705462,0.7202603933728726,3,1.6082997248964597e-08,25889.601310065118
iso_1100C_40h,74155.1077705462,0.7202603933728726,4,2.0159250138234185e-08,63923.17132024717
iso_1100C_40h,74155.1077705462,0.7202603933728726,5,2.526863369090349e-08,157901.57655373766
iso_1100C_40h,74155.1077705462,0.7202603933728726,6,3.167299598084116e-08,390178.3519761614
iso_1100C_40h,74155.1077705462,0.7202603933728726,7,3.970055075686648e-08,964409.7702488835
iso_1100C_40h,74155.1077705462,0.7202603933728726,8,4.976269789419122e-08,2384672.405888457
iso_1100C_40h,74155.1077705462,0.7202603933728726,9,6.237510700730634e-08,5900081.091900869
iso_1100C_40h,74155.1077705462,0.7202603933728726,10,7.818414472715056e-08,14611066.386605512
iso_1100C_40h,74155.1077705462,0.7202603933728726,11,9.8e-08,36261829.66507581
iso_1100C_40h,74755.1077705462,0.7211655400099688,0,8.166666666666667e-09,1720.0720630736676
iso_1100C_40h,74755.1077705462,0.7211655400099688,1,1.0236517085738568e-08,4245.962778064532
iso_1100C_40h,74755.1077705462,0.7211655400099688,2,1.2830973311830731e-08,10481.072641146815
iso_1100C_40h,74755.1077705462,0.7211655400099688,3,1.6082997248964597e-08,25872.72095219304
iso_1100C_40h,74755.1077705462,0.7211655400099688,4,2.0159250138234185e-08,63881.28979074253
iso_1100C_40h,74755.1077705462,0.7211655400099688,5,2.526863369090349e-08,157797.74461184765
iso_1100C_40h,74755.1077705462,0.7211655400099688,6,3.167299598084116e-08,389921.72127212124
iso_1100C_40h,74755.1077705462,0.7211655400099688,7,3.970055075686648e-08,963775.6815114875
iso_1100C_40h,74755.1077705462,0.7211655400099688,8,4.976269789419122e-08,2383103.50619597
iso_1100C_40h,74755.1077705462,0.7211655400099688,9,6.237510700730634e-08,5896191.153131026
iso_1100C_40h,74755.1077705462,0.7211655400099688,10,7.818414472715056e-08,14601396.058762196
iso_1100C_40h,74755.1077705462,0.7211655400099688,11,9.8e-08,36237656.16213696
iso_1100C_40h,75355.1077705462,0.7220642586910565,0,8.166666666666667e-09,1718.9718755223587
iso_1100C_40h,75355.1077705462,0.7220642586910565,1,1.0236517085738568e-08,4243.24698683405
iso_1100C_40h,75355.1077705462,0.7220642586910565,2,1.2830973311830731e-08,10474.368742465811
iso_1100C_40h,75355.1077705462,0.7220642586910565,3,1.6082997248964597e-08,25856.15800716819
iso_1100C_40h,75355.1077705462,0.7220642586910565,4,2.0159250138234185e-08,63840.19458039023
iso_1100C_40h,75355.1077705462,0.7220642586910565,5,2.526863369090349e-08,157695.85456585282
iso_1100C_40h,75355.1077705462,0.7220642586910565,6,3.167299598084116e-08,389669.8876619978
iso_1100C_40h,75355.1077705462,0.7220642586910565,7,3.970055075686648e-08,963153.4611209782
iso_1100C_40h,75355.1077705462,0.7220642586910565,8,4.976269789419122e-08,2381564.0113992244
iso_1100C_40h,75355.1077705462,0.7220642586910565,9,6.237510700730634e-08,5892374.18839589
iso_1100C_40h,75355.1077705462,0.7220642586910565,10,7.818414472715056e-08,14591907.242368195
iso_1100C_40h,75355.1077705462,0.7220642586910565,11,9.8e-08,36213936.52189251
iso_1100C_40h,75955.1077705462,0.7229566214025239,0,8.166666666666667e-09,1717.8924191643373
iso_1100C_40h,75955.1077705462,0.7229566214025239,1,1.0236517085738568e-08,4240.582370123664
iso_1100C_40h,75955.1077705462,0.7229566214025239,2,1.2830973311830731e-08,10467.791168790856
iso_1100C_40h,75955.1077705462,0.7229566214025239,3,1.6082997248964597e-08,25839.90740869718
iso_1100C_40h,75955.1077705462,0.7229566214025239,4,2.0159250138234185e-08,63799.87315530128
iso_1100C_40h,75955.1077705462,0.7229566214025239,5,2.526863369090349e-08,157595.87548774254
iso_1100C_40h,75955.1077705462,0.7229566214025239,6,3.167299598084116e-08,389422.77469200274
iso_1100C_40h,75955.1077705462,0.7229566214025239,7,3.970055075686648e-08,962542.9198426207
iso_1100C_40h,75955.1077705462,0.7229566214025239,8,4.976269789419122e-08,2380053.4525068905
iso_1100C_40h,75955.1077705462,0.7229566214025239,9,6.237510700730634e-08,5888629.033309961
iso_1100C_40h,75955.1077705462,0.7229566214025239,10,7.818414472715056e-08,14582597.039300751
iso_1100C_40h,75955.1077705462,0.7229566214025239,11,9.8e-08,36190663.48917205
iso_1100C_40h,76555.1077705462,0.723842699007609,0,8.166666666666667e-09,1716.8333667606596
iso_1100C_40h,76555.1077705462,0.723842699007609,1,1.0236517085738568e-08,4237.96812015074
iso_1100C_40h,76555.1077705462,0.723842699007609,2,1.2830973311830731e-08,10461.337925975326
iso_1100C_40h,76555.1077705462,0.723842699007609,3,1.6082997248964597e-08,25823.96421598484
iso_1100C_40h,76555.1077705462,0.723842699007609,4,2.0159250138234185e-08,63760.313291290855
iso_1100C_40h,76555.1077705462,0.723842699007609,5,2.526863369090349e-08,157497.7772140592
iso_1100C_40h,76555.1077705462,0.723842699007609,6,3.167299598084116e-08,389180.3077990709
iso_1100C_40h,76555.1077705462,0.723842699007609,7,3.970055075686648e-08,961943.8731223133
iso_1100C_40h,76555.1077705462,0.723842699007609,8,4.976269789419122e-08,2378571.372130066
iso_1100C_40h,76555.1077705462,0.723842699007609,9,6.237510700730634e-08,5884954.552300603
iso_1100C_40h,76555.1077705462,0.723842699007609,10,7.818414472715056e-08,14573462.62317537
iso_1100C_40h,76555.1077705462,0.723842699007609,11,9.8e-08,36167829.9884946
iso_1100C_40h,77155.1077705462,0.7247225612693873,0,8.166666666666667e-09,1715.7943990406259
iso_1100C_40h,77155.1077705462,0.7247225612693873,1,1.0236517085738568e-08,4235.403448802089
iso_1100C_40h,77155.1077705462,0.7247225612693873,2,1.2830973311830731e-08,10455.007068439136
iso_1100C_40h,77155.1077705462,0.7247225612693873,3,1.6082997248964597e-08,25808.323608761348
iso_1100C_40h,77155.1077705462,0.7247225612693873,4,2.0159250138234185e-08,63721.50306161977
iso_1100C_40h,77155.1077705462,0.7247225612693873,5,2.526863369090349e-08,157401.5303156119
iso_1100C_40h,77155.1077705462,0.7247225612693873,6,3.167299598084116e-08,388942.4142359481
iso_1100C_40h,77155.1077705462,0.7247225612693873,7,3.970055075686648e-08,961356.1409011291
iso_1100C_40h,77155.1077705462,0.7247225612693873,8,4.976269789419122e-08,2377117.324022585
iso_1100C_40h,77155.1077705462,0.7247225612693873,9,6.237510700730634e-08,5881349.637466647
iso_1100C_40h,77155.1077705462,0.7247225612693873,10,7.818414472715056e-08,14564501.236504719
iso_1100C_40h,77155.1077705462,0.7247225612693873,11,9.8e-08,36145429.11695548
iso_1100C_40h,77755.1077705462,0.7255962768731598,0,8.166666666666667e-09,1714.7752043858532
iso_1100C_40h,77755.1077705462,0.7255962768731598,1,1.0236517085738568e-08,4232.887586854114
iso_1100C_40h,77755.1077705462,0.7255962768731598,2,1.2830973311830731e-08,10448.79669724256
iso_1100C_40h,77755.1077705462,0.7255962768731598,3,1.6082997248964597e-08,25792.980882505763
iso_1100C_40h,77755.1077705462,0.7255962768731598,4,2.0159250138234185e-08,63683.43082522019
iso_1100C_40h,77755.1077705462,0.7255962768731598,5,2.526863369090349e-08,157307.10606838696
iso_1100C_40h,77755.1077705462,0.7255962768731598,6,3.167299598084116e-08,388709.0229992399
iso_1100C_40h,77755.1077705462,0.7255962768731598,7,3.970055075686648e-08,960779.5474371918
iso_1100C_40h,77755.1077705462,0.7255962768731598,8,4.976269789419122e-08,2375690.872639505
iso_1100C_40h,77755.1077705462,0.7255962768731598,9,6.237510700730634e-08,5877813.207482128
iso_1100C_40h,77755.1077705462,0.7255962768731598,10,7.818414472715056e-08,14555710.187969863
iso_1100C_40h,77755.1077705462,0.7255962768731598,11,9.8e-08,36123454.13739462
iso_1100C_40h,78355.1077705462,0.7264639134482586,0,8.166666666666667e-09,1713.7754785270574
iso_1100C_40h,78355.1077705462,0.7264639134482586,1,1.0236517085738568e-08,4230.419783224318
iso_1100C_40h,78355.1077705462,0.7264639134482586,2,1.2830973311830731e-08,10442.704958237642
iso_1100C_40h,78355.1077705462,0.7264639134482586,3,1.6082997248964597e-08,25777.931443861817
iso_1100C_40h,78355.1077705462,0.7264639134482586,4,2.0159250138234185e-08,63646.08521539528
iso_1100C_40h,78355.1077705462,0.7264639134482586,5,2.526863369090349e-08,157214.47642562963
iso_1100C_40h,78355.1077705462,0.7264639134482586,6,3.167299598084116e-08,388480.0647603579
iso_1100C_40h,78355.1077705462,0.7264639134482586,7,3.970055075686648e-08,960213.9211347196
iso_1100C_40h,78355.1077705462,0.7264639134482586,8,4.976269789419122e-08,2374291.5927133746
iso_1100C_40h,78355.1077705462,0.7264639134482586,9,6.237510700730634e-08,5874344.206544189
iso_1100C_40h,78355.1077705462,0.7264639134482586,10,7.818414472715056e-08,14547086.849801473
iso_1100C_40h,78355.1077705462,0.7264639134482586,11,9.8e-08,36101898.47184019
iso_1100C_40h,78955.1077705462,0.7273255375892902,0,8.166666666666667e-09,1712.7949242532504
iso_1100C_40h,78955.1077705462,0.7273255375892902,1,1.0236517085738568e-08,4227.99930425347
iso_1100C_40h,78955.1077705462,0.7273255375892902,2,1.2830973311830731e-08,10436.730040295271
iso_1100C_40h,78955.1077705462,0.7273255375892902,3,1.6082997248964597e-08,25763.170806241145
iso_1100C_40h,78955.1077705462,0.7273255375892902,4,2.0159250138234185e-08,63609.45512898086
iso_1100C_40h,78955.1077705462,0.7273255375892902,5,2.526863369090349e-08,157123.61399106818
iso_1100C_40h,78955.1077705462,0.7273255375892902,6,3.167299598084116e-08,388255.4717992919
iso_1100C_40h,78955.1077705462,0.7273255375892902,7,3.970055075686648e-08,959659.0943800706
iso_1100C_40h,78955.1077705462,0.7273255375892902,8,4.976269789419122e-08,2372919.0688478374
iso_1100C_40h,78955.1077705462,0.7273255375892902,9,6.237510700730634e-08,5870941.603364027
iso_1100C_40h,78955.1077705462,0.7273255375892902,10,7.818414472715056e-08,14538628.655268218
iso_1100C_40h,78955.1077705462,0.7273255375892902,11,9.8e-08,36080755.69522077
iso_1100C_40h,79555.1077705462,0.7281812148768358,0,8.166666666666667e-09,1711.833251133046
iso_1100C_40h,79555.1077705462,0.7281812148768358,1,1.0236517085738568e-08,4225.625433017647
iso_1100C_40h,79555.1077705462,0.7281812148768358,2,1.2830973311830731e-08,10430.870173606188
iso_1100C_40h,79555.1077705462,0.7281812148768358,3,1.6082997248964597e-08,25748.694585609574
iso_1100C_40h,79555.1077705462,0.7281812148768358,4,2.0159250138234185e-08,63573.529715958604
iso_1100C_40h,79555.1077705462,0.7281812148768358,5,2.526863369090349e-08,157034.49199325417
iso_1100C_40h,79555.1077705462,0.7281812148768358,6,3.167299598084116e-08,388035.1779411418
iso_1100C_40h,79555.1077705462,0.7281812148768358,7,3.970055075686648e-08,959114.9033846173
iso_1100C_40h,79555.1077705462,0.7281812148768358,8,4.976269789419122e-08,2371572.895128189
iso_1100C_40h,79555.1077705462,0.7281812148768358,9,6.237510700730634e-08,5867604.390199935
iso_1100C_40h,79555.1077705462,0.7281812148768358,10,7.818414472715056e-08,14530333.096269885
iso_1100C_40h,79555.1077705462,0.7281812148768358,11,9.8e-08,36060019.52933977
iso_1100C_40h,80155.1077705462,0.7290310098976232,0,8.166666666666667e-09,1710.8901752477584
iso_1100C_40h,80155.1077705462,0.7290310098976232,1,1.0236517085738568e-08,4223.297468669396
iso_1100C_40h,80155.1077705462,0.7290310098976232,2,1.2830973311830731e-08,10425.12362805386
iso_1100C_40h,80155.1077705462,0.7290310098976232,3,1.6082997248964597e-08,25734.49849645158
iso_1100C_40h,80155.1077705462,0.7290310098976232,4,2.0159250138234185e-08,63538.298369508215
iso_1100C_40h,80155.1077705462,0.7290310098976232,5,2.526863369090349e-08,156947.0842609874
iso_1100C_40h,80155.1077705462,0.7290310098976232,6,3.167299598084116e-08,387819.1184953352
iso_1100C_40h,80155.1077705462,0.7290310098976232,7,3.970055075686648e-08,958581.188034272
iso_1100C_40h,80155.1077705462,0.7290310098976232,8,4.976269789419122e-08,2370252.674748388
iso_1100C_40h,80155.1077705462,0.7290310098976232,9,6.237510700730634e-08,5864331.581931208
iso_1100C_40h,80155.1077705462,0.7290310098976232,10,7.818414472715056e-08,14522197.72103231
iso_1100C_40h,80155.1077705462,0.7290310098976232,11,9.8e-08,36039683.83710468
iso_1100C_40h,80755.1077705462,0.7298749862641893,0,8.166666666666667e-09,1709.965418935968
iso_1100C_40h,80755.1077705462,0.7298749862641893,1,1.0236517085738568e-08,4221.0147258072
iso_1100C_40h,80755.1077705462,0.7298749862641893,2,1.2830973311830731e-08,10419.488711657314
iso_1100C_40h,80755.1077705462,0.7298749862641893,3,1.6082997248964597e-08,25720.578347907973
iso_1100C_40h,80755.1077705462,0.7298749862641893,4,2.0159250138234185e-08,63503.75071648688
iso_1100C_40h,80755.1077705462,0.7298749862641893,5,2.526863369090349e-08,156861.3651997973
iso_1100C_40h,80755.1077705462,0.7298749862641893,6,3.167299598084116e-08,387607.2301974556
iso_1100C_40h,80755.1077705462,0.7298749862641893,7,3.970055075686648e-08,958057.7917454747
iso_1100C_40h,80755.1077705462,0.7298749862641893,8,4.976269789419122e-08,2368958.019654116
iso_1100C_40h,80755.1077705462,0.7298749862641893,9,6.237510700730634e-08,5861122.215171887
iso_1100C_40h,80755.1077705462,0.7298749862641893,10,7.818414472715056e-08,14514220.131901404
iso_1100C_40h,80755.1077705462,0.7298749862641893,11,9.8e-08,36019742.61700453
iso_1100C_40h,81355.1077705462,0.7307132066340514,0,8.166666666666667e-09,1709.0587105492332
iso_1100C_40h,81355.1077705462,0.7307132066340514,1,1.0236517085738568e-08,4218.776533872458
iso_1100C_40h,81355.1077705462,0.7307132066340514,2,1.2830973311830731e-08,10413.963769081982
iso_1100C_40h,81355.1077705462,0.7307132066340514,3,1.6082997248964597e-08,25706.930040082054
iso_1100C_40h,81355.1077705462,0.7307132066340514,4,2.0159250138234185e-08,63469.87660832378
iso_1100C_40h,81355.1077705462,0.7307132066340514,5,2.526863369090349e-08,156777.3097694504
iso_1100C_40h,81355.1077705462,0.7307132066340514,6,3.167299598084116e-08,387399.45115361025
iso_1100C_40h,81355.1077705462,0.7307132066340514,7,3.970055075686648e-08,957544.5613274665
iso_1100C_40h,81355.1077705462,0.7307132066340514,8,4.976269789419122e-08,2367688.5502014
iso_1100C_40h,81355.1077705462,0.7307132066340514,9,6.237510700730634e-08,5857975.347423149
iso_1100C_40h,81355.1077705462,0.7307132066340514,10,7.818414472715056e-08,14506397.983233396
iso_1100C_40h,81355.1077705462,0.7307132066340514,11,9.8e-08,36000189.99782815
iso_1100C_40h,81955.1077705462,0.7315457327283961,0,8.166666666666667e-09,1708.1697842186043
iso_1100C_40h,81955.1077705462,0.7315457327283961,1,1.0236517085738568e-08,4216.582236573128
iso_1100C_40h,81955.1077705462,0.7315457327283961,2,1.2830973311830731e-08,10408.547180216357
iso_1100C_40h,81955.1077705462,0.7315457327283961,3,1.6082997248964597e-08,25693.54956050886
iso_1100C_40h,81955.1077705462,0.7315457327283961,4,2.0159250138234185e-08,63436.666112317085
iso_1100C_40h,81955.1077705462,0.7315457327283961,5,2.526863369090349e-08,156694.89346245182
iso_1100C_40h,81955.1077705462,0.7315457327283961,6,3.167299598084116e-08,387195.7207872573
iso_1100C_40h,81955.1077705462,0.7315457327283961,7,3.970055075686648e-08,957041.3468506548
iso_1100C_40h,81955.1077705462,0.7315457327283961,8,4.976269789419122e-08,2366443.8948303345
iso_1100C_40h,81955.1077705462,0.7315457327283961,9,6.237510700730634e-08,5854890.056263186
iso_1100C_40h,81955.1077705462,0.7315457327283961,10,7.818414472715056e-08,14498728.979378397
iso_1100C_40h,81955.1077705462,0.7315457327283961,11,9.8e-08,35981020.23361604
iso_1100C_40h,82555.1077705462,0.7323726253503083,0,8.166666666666667e-09,1707.2983796316132
iso_1100C_40h,82555.1077705462,0.7323726253503083,1,1.0236517085738568e-08,4214.4311913332285
iso_1100C_40h,82555.1077705462,0.7323726253503083,2,1.2830973311830731e-08,10403.237358812574
iso_1100C_40h,82555.1077705462,0.7323726253503083,3,1.6082997248964597e-08,25680.432980782738
iso_1100C_40h,82555.1077705462,0.7323726253503083,4,2.0159250138234185e-08,63404.10950332077
iso_1100C_40h,82555.1077705462,0.7323726253503083,5,2.526863369090349e-08,156614.0922835115
iso_1100C_40h,82555.1077705462,0.7323726253503083,6,3.167299598084116e-08,386995.9797884178
iso_1100C_40h,82555.1077705462,0.7323726253503083,7,3.970055075686648e-08,956548.0015208801
iso_1100C_40h,82555.1077705462,0.7323726253503083,8,4.976269789419122e-08,2365223.6897534337
iso_1100C_40h,82555.1077705462,0.7323726253503083,9,6.237510700730634e-08,5851865.438573417
iso_1100C_40h,82555.1077705462,0.7323726253503083,10,7.818414472715056e-08,14491210.872754326
iso_1100C_40h,82555.1077705462,0.7323726253503083,11,9.8e-08,35962227.69883849
iso_1100C_40h,83155.1077705462,0.733193944402551,0,8.166666666666667e-09,1706.444241819399
iso_1100C_40h,83155.1077705462,0.733193944402551,1,1.0236517085738568e-08,4212.3227687673725
iso_1100C_40h,83155.1077705462,0.733193944402551,2,1.2830973311830731e-08,10398.03275118881
iso_1100C_40h,83155.1077705462,0.733193944402551,3,1.6082997248964597e-08,25667.576453338046
iso_1100C_40h,83155.1077705462,0.733193944402551,4,2.0159250138234185e-08,63372.197255809355
iso_1100C_40h,83155.1077705462,0.733193944402551,5,2.526863369090349e-08,156534.88272994355
iso_1100C_40h,83155.1077705462,0.733193944402551,6,3.167299598084116e-08,386800.1700651967
iso_1100C_40h,83155.1077705462,0.733193944402551,7,3.970055075686648e-08,956064.3815594002
iso_1100C_40h,83155.1077705462,0.733193944402551,8,4.976269789419122e-08,2364027.578658158
iso_1100C_40h,83155.1077705462,0.733193944402551,9,6.237510700730634e-08,5848900.609799866
iso_1100C_40h,83155.1077705462,0.733193944402551,10,7.818414472715056e-08,14483841.462008463
iso_1100C_40h,83155.1077705462,0.733193944402551,11,9.8e-08,35943806.88379285
iso_1100C_40h,83755.1077705462,0.7340097489049076,0,8.166666666666667e-09,1705.607120953625
iso_1100C_40h,83755.1077705462,0.7340097489049076,1,1.0236517085738568e-08,4210.256352179446
iso_1100C_40h,83755.1077705462,0.7340097489049076,2,1.2830973311830731e-08,10392.93183499133
iso_1100C_40h,83755.1077705462,0.7340097489049076,3,1.6082997248964597e-08,25654.976208377728
iso_1100C_40h,83755.1077705462,0.7340097489049076,4,2.0159250138234185e-08,63340.9200363069
iso_1100C_40h,83755.1077705462,0.7340097489049076,5,2.526863369090349e-08,156457.24177296596
iso_1100C_40h,83755.1077705462,0.7340097489049076,6,3.167299598084116e-08,386608.23469753243
iso_1100C_40h,83755.1077705462,0.7340097489049076,7,3.970055075686648e-08,955590.3460883893
iso_1100C_40h,83755.1077705462,0.7340097489049076,8,4.976269789419122e-08,2362855.212423103
iso_1100C_40h,83755.1077705462,0.7340097489049076,9,6.237510700730634e-08,5845994.70324847
iso_1100C_40h,83755.1077705462,0.7340097489049076,10,7.818414472715056e-08,14476618.590263331
iso_1100C_40h,83755.1077705462,0.7340097489049076,11,9.8e-08,35925752.39021217
iso_1100C_40h,84355.1077705462,0.7348200970111053,0,8.166666666666667e-09,1704.7867721528767
iso_1100C_40h,84355.1077705462,0.7348200970111053,1,1.0236517085738568e-08,4208.231337084717
iso_1100C_40h,84355.1077705462,0.7348200970111053,2,1.2830973311830731e-08,10387.933118014404
iso_1100C_40h,84355.1077705462,0.7348200970111053,3,1.6082997248964597e-08,25642.628550945097
iso_1100C_40h,84355.1077705462,0.7348200970111053,4,2.0159250138234185e-08,63310.26869616919
iso_1100C_40h,84355.1077705462,0.7348200970111053,5,2.526863369090349e-08,156381.14683987387
iso_1100C_40h,84355.1077705462,0.7348200970111053,6,3.167299598084116e-08,386420.1178931041
iso_1100C_40h,84355.1077705462,0.7348200970111053,7,3.970055075686648e-08,955125.757021783
iso_1100C_40h,84355.1077705462,0.7348200970111053,8,4.976269789419122e-08,2361706.248847438
iso_1100C_40h,84355.1077705462,0.7348200970111053,9,6.237510700730634e-08,5843146.869413299
iso_1100C_40h,84355.1077705462,0.7348200970111053,10,7.818414472715056e-08,14469540.143444572
iso_1100C_40h,84355.1077705462,0.7348200970111053,11,9.8e-08,35908058.92707858
iso_1100C_40h,84955.1077705462,0.7356250460253282,0,8.166666666666667e-09,1703.9829552981594
iso_1100C_40h,84955.1077705462,0.7356250460253282,1,1.0236517085738568e-08,4206.247130754391
iso_1100C_40h,84955.1077705462,0.7356250460253282,2,1.2830973311830731e-08,10383.035137075689
iso_1100C_40h,84955.1077705462,0.7356250460253282,3,1.6082997248964597e-08,25630.529858133177
iso_1100C_40h,84955.1077705462,0.7356250460253282,4,2.0159250138234185e-08,63280.23426470486
iso_1100C_40h,84955.1077705462,0.7356250460253282,5,2.526863369090349e-08,156306.57579705017
iso_1100C_40h,84955.1077705462,0.7356250460253282,6,3.167299598084116e-08,386235.76494531316
iso_1100C_40h,84955.1077705462,0.7356250460253282,7,3.970055075686648e-08,954670.4789612533
iso_1100C_40h,84955.1077705462,0.7356250460253282,8,4.976269789419122e-08,2360580.3523930665
iso_1100C_40h,84955.1077705462,0.7356250460253282,9,6.237510700730634e-08,5840356.275336323
iso_1100C_40h,84955.1077705462,0.7356250460253282,10,7.818414472715056e-08,14462604.048687236
iso_1100C_40h,84955.1077705462,0.7356250460253282,11,9.8e-08,35890721.30663338
iso_1100C_40h,85555.1077705462,0.7364246524183333,0,8.166666666666667e-09,1703.1954348572242
iso_1100C_40h,85555.1077705462,0.7364246524183333,1,1.0236517085738568e-08,4204.3031517819645
iso_1100C_40h,85555.1077705462,0.7364246524183333,2,1.2830973311830731e-08,10378.23645694541
iso_1100C_40h,85555.1077705462,0.7364246524183333,3,1.6082997248964597e-08,25618.676576427257
iso_1100C_40h,85555.1077705462,0.7364246524183333,4,2.0159250138234185e-08,63250.80794262518
iso_1100C_40h,85555.1077705462,0.7364246524183333,5,2.526863369090349e-08,156233.50693378795
iso_1100C_40h,85555.1077705462,0.7364246524183333,6,3.167299598084116e-08,386055.12219327176
iso_1100C_40h,85555.1077705462,0.7364246524183333,7,3.970055075686648e-08,954224.3790971547
iso_1100C_40h,85555.1077705462,0.7364246524183333,8,4.976269789419122e-08,2359477.1939390944
iso_1100C_40h,85555.1077705462,0.7364246524183333,9,6.237510700730634e-08,5837622.103997769
iso_1100C_40h,85555.1077705462,0.7364246524183333,10,7.818414472715056e-08,14455808.272818284
iso_1100C_40h,85555.1077705462,0.7364246524183333,11,9.8e-08,35873734.44057744
iso_1100C_40h,86155.1077705462,0.7372189718431825,0,8.166666666666667e-09,1702.423979717338
iso_1100C_40h,86155.1077705462,0.7372189718431825,1,1.0236517085738568e-08,4202.398829670416
iso_1100C_40h,86155.1077705462,0.7372189718431825,2,1.2830973311830731e-08,10373.53566932706
iso_1100C_40h,86155.1077705462,0.7372189718431825,3,1.6082997248964597e-08,25607.065219175107
iso_1100C_40h,86155.1077705462,0.7372189718431825,4,2.0159250138234185e-08,63221.98109580818
iso_1100C_40h,86155.1077705462,0.7372189718431825,5,2.526863369090349e-08,156161.9189468908
iso_1100C_40h,86155.1077705462,0.7372189718431825,6,3.167299598084116e-08,385878.1369837146
iso_1100C_40h,86155.1077705462,0.7372189718431825,7,3.970055075686648e-08,953787.3271142332
iso_1100C_40h,86155.1077705462,0.7372189718431825,8,4.976269789419122e-08,2358396.450548113
iso_1100C_40h,86155.1077705462,0.7372189718431825,9,6.237510700730634e-08,5834943.553735775
iso_1100C_40h,86155.1077705462,0.7372189718431825,10,7.818414472715056e-08,14449150.820911912
iso_1100C_40h,86155.1077705462,0.7372189718431825,11,9.8e-08,35857093.33645405
iso_1100C_40h,86755.1077705462,0.7380080591506006,0,8.166666666666667e-09,1701.668363026213
iso_1100C_40h,86755.1077705462,0.7380080591506006,1,1.0236517085738568e-08,4200.533604439553
iso_1100C_40h,86755.1077705462,0.7380080591506006,2,1.2830973311830731e-08,10368.931391887823
iso_1100C_40h,86755.1077705462,0.7380080591506006,3,1.6082997248964597e-08,25595.69236418044
iso_1100C_40h,86755.1077705462,0.7380080591506006,4,2.0159250138234185e-08,63193.745249366846
iso_1100C_40h,86755.1077705462,0.7380080591506006,5,2.526863369090349e-08,156091.79092602333
iso_1100C_40h,86755.1077705462,0.7380080591506006,6,3.167299598084116e-08,385704.7576347685
iso_1100C_40h,86755.1077705462,0.7380080591506006,7,3.970055075686648e-08,953359.1951019302
iso_1100C_40h,86755.1077705462,0.7380080591506006,8,4.976269789419122e-08,2357337.8052438656
iso_1100C_40h,86755.1077705462,0.7380080591506006,9,6.237510700730634e-08,5832319.837694321
iso_1100C_40h,86755.1077705462,0.7380080591506006,10,7.818414472715056e-08,14442629.734915286
iso_1100C_40h,86755.1077705462,0.7380080591506006,11,9.8e-08,35840793.09420788
iso_1100C_40h,87355.1077705462,0.7387919684039712,0,8.166666666666667e-09,1700.928362040758
iso_1100C_40h,87355.1077705462,0.7387919684039712,1,1.0236517085738568e-08,4198.70692625265
iso_1100C_40h,87355.1077705462,0.7387919684039712,2,1.2830973311830731e-08,10364.422267336698
iso_1100C_40h,87355.1077705462,0.7387919684039712,3,1.6082997248964597e-08,25584.554651414484
iso_1100C_40h,87355.1077705462,0.7387919684039712,4,2.0159250138234185e-08,63166.092082008334
iso_1100C_40h,87355.1077705462,0.7387919684039712,5,2.526863369090349e-08,156023.1023397823
iso_1100C_40h,87355.1077705462,0.7387919684039712,6,3.167299598084116e-08,385534.93340150197
iso_1100C_40h,87355.1077705462,0.7387919684039712,7,3.970055075686648e-08,952939.8574690952
iso_1100C_40h,87355.1077705462,0.7387919684039712,8,4.976269789419122e-08,2356300.946799842
iso_1100C_40h,87355.1077705462,0.7387919684039712,9,6.237510700730634e-08,5829750.183298287
iso_1100C_40h,87355.1077705462,0.7387919684039712,10,7.818414472715056e-08,14436243.092341768
iso_1100C_40h,87355.1077705462,0.7387919684039712,11,9.8e-08,35824828.90291271
iso_1100C_40h,87955.1077705462,0.7395707528939799,0,8.166666666666667e-09,1700.2037579833427
iso_1100C_40h,87955.1077705462,0.7395707528939799,1,1.0236517085738568e-08,4196.918255061646
iso_1100C_40h,87955.1077705462,0.7395707528939799,2,1.2830973311830731e-08,10360.006962548414
iso_1100C_40h,87955.1077705462,0.7395707528939799,3,1.6082997248964597e-08,25573.64878084106
iso_1100C_40h,87955.1077705462,0.7395707528939799,4,2.0159250138234185e-08,63139.013420672956
iso_1100C_40h,87955.1077705462,0.7395707528939799,5,2.526863369090349e-08,155955.83302245795
iso_1100C_40h,87955.1077705462,0.7395707528939799,6,3.167299598084116e-08,385368.6144431848
iso_1100C_40h,87955.1077705462,0.7395707528939799,7,3.970055075686648e-08,952529.1908629324
iso_1100C_40h,87955.1077705462,0.7395707528939799,8,4.976269789419122e-08,2355285.569538362
iso_1100C_40h,87955.1077705462,0.7395707528939799,9,6.237510700730634e-08,5827233.831754538
iso_1100C_40h,87955.1077705462,0.7395707528939799,10,7.818414472715056e-08,14429989.005028848
iso_1100C_40h,87955.1077705462,0.7395707528939799,11,9.8e-08,35809196.03766128
iso_1100C_40h,88555.1077705462,0.7403444651529172,0,8.166666666666667e-09,1699.494335905274
iso_1100C_40h,88555.1077705462,0.7403444651529172,1,1.0236517085738568e-08,4195.167060270125
iso_1100C_40h,88555.1077705462,0.7403444651529172,2,1.2830973311830731e-08,10355.684167731295
iso_1100C_40h,88555.1077705462,0.7403444651529172,3,1.6082997248964597e-08,25562.97151035062
iso_1100C_40h,88555.1077705462,0.7403444651529172,4,2.0159250138234185e-08,63112.50123544181
iso_1100C_40h,88555.1077705462,0.7403444651529172,5,2.526863369090349e-08,155889.96316146
iso_1100C_40h,88555.1077705462,0.7403444651529172,6,3.167299598084116e-08,385205.7517921886
iso_1100C_40h,88555.1077705462,0.7403444651529172,7,3.970055075686648e-08,952127.0740920085
iso_1100C_40h,88555.1077705462,0.7403444651529172,8,4.976269789419122e-08,2354291.3731397265
iso_1100C_40h,88555.1077705462,0.7403444651529172,9,6.237510700730634e-08,5824770.037578008
iso_1100C_40h,88555.1077705462,0.7403444651529172,10,7.818414472715056e-08,14423865.61795838
iso_1100C_40h,88555.1077705462,0.7403444651529172,11,9.8e-08,35793889.85661068
iso_1100C_40h,89155.1077705462,0.7411131569686489,0,8.166666666666667e-09,1698.79988455716
iso_1100C_40h,89155.1077705462,0.7411131569686489,1,1.0236517085738568e-08,4193.452820413336
iso_1100C_40h,89155.1077705462,0.7411131569686489,2,1.2830973311830731e-08,10351.452595637176
iso_1100C_40h,89155.1077705462,0.7411131569686489,3,1.6082997248964597e-08,25552.519653798405
iso_1100C_40h,89155.1077705462,0.7411131569686489,4,2.0159250138234185e-08,63086.54763470088
iso_1100C_40h,89155.1077705462,0.7411131569686489,5,2.526863369090349e-08,155825.4732853769
iso_1100C_40h,89155.1077705462,0.7411131569686489,6,3.167299598084116e-08,385046.29732445703
iso_1100C_40h,89155.1077705462,0.7411131569686489,7,3.970055075686648e-08,951733.3880531467
iso_1100C_40h,89155.1077705462,0.7411131569686489,8,4.976269789419122e-08,2353318.062461002
iso_1100C_40h,89155.1077705462,0.7411131569686489,9,6.237510700730634e-08,5822358.068141695
iso_1100C_40h,89155.1077705462,0.7411131569686489,10,7.818414472715056e-08,14417871.108136209
iso_1100C_40h,89155.1077705462,0.7411131569686489,11,9.8e-08,35778905.79817658
iso_1100C_40h,89755.1077705462,0.7418768793982637,0,8.166666666666667e-09,1698.1201962659052
iso_1100C_40h,89755.1077705462,0.7418768793982637,1,1.0236517085738568e-08,4191.77502285453
iso_1100C_40h,89755.1077705462,0.7418768793982637,2,1.2830973311830731e-08,10347.310980811644
iso_1100C_40h,89755.1077705462,0.7418768793982637,3,1.6082997248964597e-08,25542.290079142567
iso_1100C_40h,89755.1077705462,0.7418768793982637,4,2.0159250138234185e-08,63061.14486055182
iso_1100C_40h,89755.1077705462,0.7418768793982637,5,2.526863369090349e-08,155762.3442526451
iso_1100C_40h,89755.1077705462,0.7418768793982637,6,3.167299598084116e-08,384890.20373148227
iso_1100C_40h,89755.1077705462,0.7418768793982637,7,3.970055075686648e-08,951348.0156620475
iso_1100C_40h,89755.1077705462,0.7418768793982637,8,4.976269789419122e-08,2352365.3473640364
iso_1100C_40h,89755.1077705462,0.7418768793982637,9,6.237510700730634e-08,5819997.203249573
iso_1100C_40h,89755.1077705462,0.7418768793982637,10,7.818414472715056e-08,14412003.683528854
iso_1100C_40h,89755.1077705462,0.7418768793982637,11,9.8e-08,35764239.37837018
iso_1100C_40h,90355.1077705462,0.7426356827814092,0,8.166666666666667e-09,1697.455066818015
iso_1100C_40h,90355.1077705462,0.7426356827814092,1,1.0236517085738568e-08,4190.133163496926
iso_1100C_40h,90355.1077705462,0.7426356827814092,2,1.2830973311830731e-08,10343.25807888286
iso_1100C_40h,90355.1077705462,0.7426356827814092,3,1.6082997248964597e-08,25532.27970667792
iso_1100C_40h,90355.1077705462,0.7426356827814092,4,2.0159250138234185e-08,63036.28528445808
iso_1100C_40h,90355.1077705462,0.7426356827814092,5,2.526863369090349e-08,155700.5572407995
iso_1100C_40h,90355.1077705462,0.7426356827814092,6,3.167299598084116e-08,384737.42449372046
iso_1100C_40h,90355.1077705462,0.7426356827814092,7,3.970055075686648e-08,950970.8417874762
iso_1100C_40h,90355.1077705462,0.7426356827814092,8,4.976269789419122e-08,2351432.942552318
iso_1100C_40h,90355.1077705462,0.7426356827814092,9,6.237510700730634e-08,5817686.734731438
iso_1100C_40h,90355.1077705462,0.7426356827814092,10,7.818414472715056e-08,14406261.582054794
iso_1100C_40h,90355.1077705462,0.7426356827814092,11,9.8e-08,35749886.18827158
iso_1100C_40h,90955.1077705462,0.743389616753322,0,8.166666666666667e-09,1696.8042953489414
iso_1100C_40h,90955.1077705462,0.743389616753322,1,1.0236517085738568e-08,4188.526746510544
iso_1100C_40h,90955.1077705462,0.743389616753322,2,1.2830973311830731e-08,10339.292665887087
iso_1100C_40h,90955.1077705462,0.743389616753322,3,1.6082997248964597e-08,25522.485507360667
iso_1100C_40h,90955.1077705462,0.743389616753322,4,2.0159250138234185e-08,63011.96140311549
iso_1100C_40h,90955.1077705462,0.743389616753322,5,2.526863369090349e-08,155640.0937362789
iso_1100C_40h,90955.1077705462,0.743389616753322,6,3.167299598084116e-08,384587.9138553796
iso_1100C_40h,90955.1077705462,0.743389616753322,7,3.970055075686648e-08,950601.7531888441
iso_1100C_40h,90955.1077705462,0.743389616753322,8,4.976269789419122e-08,2350520.567416241
iso_1100C_40h,90955.1077705462,0.743389616753322,9,6.237510700730634e-08,5815425.966058645
iso_1100C_40h,90955.1077705462,0.743389616753322,10,7.818414472715056e-08,14400643.070627691
iso_1100C_40h,90955.1077705462,0.743389616753322,11,9.8e-08,35735841.89163319
iso_1100C_40h,91555.1077705462,0.7441387302575634,0,8.166666666666667e-09,1696.1676842382076
iso_1100C_40h,91555.1077705462,0.7441387302575634,1,1.0236517085738568e-08,4186.9552840733295
iso_1100C_40h,91555.1077705462,0.7441387302575634,2,1.2830973311830731e-08,10335.41353762952
iso_1100C_40h,91555.1077705462,0.7441387302575634,3,1.6082997248964597e-08,25512.9045012206
iso_1100C_40h,91555.1077705462,0.7441387302575634,4,2.0159250138234185e-08,62988.16583453831
iso_1100C_40h,91555.1077705462,0.7441387302575634,5,2.526863369090349e-08,155580.93552476354
iso_1100C_40h,91555.1077705462,0.7441387302575634,6,3.167299598084116e-08,384441.626800524
iso_1100C_40h,91555.1077705462,0.7441387302575634,7,3.970055075686648e-08,950240.6384570481
iso_1100C_40h,91555.1077705462,0.7441387302575634,8,4.976269789419122e-08,2349627.945886449
iso_1100C_40h,91555.1077705462,0.7441387302575634,9,6.237510700730634e-08,5813214.211979891
iso_1100C_40h,91555.1077705462,0.7441387302575634,10,7.818414472715056e-08,14395146.444249483
iso_1100C_40h,91555.1077705462,0.7441387302575634,11,9.8e-08,35722102.222608015
iso_1100C_40h,92155.1077705462,0.7448830715584668,0,8.166666666666667e-09,1695.545039010022
iso_1100C_40h,92155.1077705462,0.7448830715584668,1,1.0236517085738568e-08,4185.418296125822
iso_1100C_40h,92155.1077705462,0.7448830715584668,2,1.2830973311830731e-08,10331.61950907857
iso_1100C_40h,92155.1077705462,0.7448830715584668,3,1.6082997248964597e-08,25503.533755856268
iso_1100C_40h,92155.1077705462,0.7448830715584668,4,2.0159250138234185e-08,62964.89131434976
iso_1100C_40h,92155.1077705462,0.7448830715584668,5,2.526863369090349e-08,155523.0646820183
iso_1100C_40h,92155.1077705462,0.7448830715584668,6,3.167299598084116e-08,384298.519030428
iso_1100C_40h,92155.1077705462,0.7448830715584668,7,3.970055075686648e-08,949887.3879584079
iso_1100C_40h,92155.1077705462,0.7448830715584668,8,4.976269789419122e-08,2348754.8062948557
iso_1100C_40h,92155.1077705462,0.7448830715584668,9,6.237510700730634e-08,5811050.798176034
iso_1100C_40h,92155.1077705462,0.7448830715584668,10,7.818414472715056e-08,14389770.025150873
iso_1100C_40h,92155.1077705462,0.7448830715584668,11,9.8e-08,35708662.98359618
iso_1100C_40h,92755.1077705462,0.7456226882533067,0,8.166666666666667e-09,1694.9361682391468
iso_1100C_40h,92755.1077705462,0.7456226882533067,1,1.0236517085738568e-08,4183.915310138794
iso_1100C_40h,92755.1077705462,0.7456226882533067,2,1.2830973311830731e-08,10327.90941379215
iso_1100C_40h,92755.1077705462,0.7456226882533067,3,1.6082997248964597e-08,25494.370385009388
iso_1100C_40h,92755.1077705462,0.7456226882533067,4,2.0159250138234185e-08,62942.13069226801
iso_1100C_40h,92755.1077705462,0.7456226882533067,5,2.526863369090349e-08,155466.46356521797
iso_1100C_40h,92755.1077705462,0.7456226882533067,6,3.167299598084116e-08,384158.5469421247
iso_1100C_40h,92755.1077705462,0.7456226882533067,7,3.970055075686648e-08,949541.8937815562
iso_1100C_40h,92755.1077705462,0.7456226882533067,8,4.976269789419122e-08,2347900.8812429802
iso_1100C_40h,92755.1077705462,0.7456226882533067,9,6.237510700730634e-08,5808935.060933092
iso_1100C_40h,92755.1077705462,0.7456226882533067,10,7.818414472715056e-08,14384512.161977023
iso_1100C_40h,92755.1077705462,0.7456226882533067,11,9.8e-08,35695520.04320489
iso_1100C_40h,93355.1077705462,0.7463576272841947,0,8.166666666666667e-09,1694.3408834617644
iso_1100C_40h,93355.1077705462,0.7463576272841947,1,1.0236517085738568e-08,4182.445860893218
iso_1100C_40h,93355.1077705462,0.7463576272841947,2,1.2830973311830731e-08,10324.282103374435
iso_1100C_40h,93355.1077705462,0.7463576272841947,3,1.6082997248964597e-08,25485.411547214935
iso_1100C_40h,93355.1077705462,0.7463576272841947,4,2.0159250138234185e-08,62919.87692877831
iso_1100C_40h,93355.1077705462,0.7463576272841947,5,2.526863369090349e-08,155411.11480473372
iso_1100C_40h,93355.1077705462,0.7463576272841947,6,3.167299598084116e-08,384021.66760809254
iso_1100C_40h,93355.1077705462,0.7463576272841947,7,3.970055075686648e-08,949204.0496871485
iso_1100C_40h,93355.1077705462,0.7463576272841947,8,4.976269789419122e-08,2347065.907477276
iso_1100C_40h,93355.1077705462,0.7463576272841947,9,6.237510700730634e-08,5806866.346832583
iso_1100C_40h,93355.1077705462,0.7463576272841947,10,7.818414472715056e-08,14379371.229016406
iso_1100C_40h,93355.1077705462,0.7463576272841947,11,9.8e-08,35682669.33431606
iso_1100C_40h,93955.1077705462,0.7470879349497128,0,8.166666666666667e-09,1693.7589990910906
iso_1100C_40h,93955.1077705462,0.7470879349497128,1,1.0236517085738568e-08,4181.009490271973
iso_1100C_40h,93955.1077705462,0.7470879349497128,2,1.2830973311830731e-08,10320.736446961577
iso_1100C_40h,93955.1077705462,0.7470879349497128,3,1.6082997248964597e-08,25476.65444452286
iso_1100C_40h,93955.1077705462,0.7470879349497128,4,2.0159250138234185e-08,62898.12309198199
iso_1100C_40h,93955.1077705462,0.7470879349497128,5,2.526863369090349e-08,155357.00129635553
iso_1100C_40h,93955.1077705462,0.7470879349497128,6,3.167299598084116e-08,383887.8387570223
iso_1100C_40h,93955.1077705462,0.7470879349497128,7,3.970055075686648e-08,948873.7510602478
iso_1100C_40h,93955.1077705462,0.7470879349497128,8,4.976269789419122e-08,2346249.625771078
iso_1100C_40h,93955.1077705462,0.7470879349497128,9,6.237510700730634e-08,5804844.012458325
iso_1100C_40h,93955.1077705462,0.7470879349497128,10,7.818414472715056e-08,14374345.625470564
iso_1100C_40h,93955.1077705462,0.7470879349497128,11,9.8e-08,35670106.85225651
iso_1100C_40h,94555.1077705462,0.7478136569162877,0,8.166666666666667e-09,1693.1903323375043
iso_1100C_40h,94555.1077705462,0.7478136569162877,1,1.0236517085738568e-08,4179.605747062679
iso_1100C_40h,94555.1077705462,0.7478136569162877,2,1.2830973311830731e-08,10317.271330734919
iso_1100C_40h,94555.1077705462,0.7478136569162877,3,1.6082997248964597e-08,25468.096321288165
iso_1100C_40h,94555.1077705462,0.7478136569162877,4,2.0159250138234185e-08,62876.8623546136
iso_1100C_40h,94555.1077705462,0.7478136569162877,5,2.526863369090349e-08,155304.10619393043
iso_1100C_40h,94555.1077705462,0.7478136569162877,6,3.167299598084116e-08,383757.01875561185
iso_1100C_40h,94555.1077705462,0.7478136569162877,7,3.970055075686648e-08,948550.8948652501
iso_1100C_40h,94555.1077705462,0.7478136569162877,8,4.976269789419122e-08,2345451.7808128633
iso_1100C_40h,94555.1077705462,0.7478136569162877,9,6.237510700730634e-08,5802867.424118857
iso_1100C_40h,94555.1077705462,0.7478136569162877,10,7.818414472715056e-08,14369433.77476283
iso_1100C_40h,94555.1077705462,0.7478136569162877,11,9.8e-08,35657828.65306538
iso_1100C_40h,95155.1077705462,0.7485348382293169,0,8.166666666666667e-09,1692.6347031329835
iso_1100C_40h,95155.1077705462,0.7485348382293169,1,1.0236517085738568e-08,4178.234186771163
iso_1100C_40h,95155.1077705462,0.7485348382293169,2,1.2830973311830731e-08,10313.885657460467
iso_1100C_40h,95155.1077705462,0.7485348382293169,3,1.6082997248964597e-08,25459.73446302591
iso_1100C_40h,95155.1077705462,0.7485348382293169,4,2.0159250138234185e-08,62856.087991218374
iso_1100C_40h,95155.1077705462,0.7485348382293169,5,2.526863369090349e-08,155252.41290239673
iso_1100C_40h,95155.1077705462,0.7485348382293169,6,3.167299598084116e-08,383629.16659134015
iso_1100C_40h,95155.1077705462,0.7485348382293169,7,3.970055075686648e-08,948235.3796032403
iso_1100C_40h,95155.1077705462,0.7485348382293169,8,4.976269789419122e-08,2344672.121100517
iso_1100C_40h,95155.1077705462,0.7485348382293169,9,6.237510700730634e-08,5800935.957584809
iso_1100C_40h,95155.1077705462,0.7485348382293169,10,7.818414472715056e-08,14364634.123884115
iso_1100C_40h,95155.1077705462,0.7485348382293169,11,9.8e-08,35645830.851854555
iso_1100C_40h,95755.1077705462,0.7492515233240501,0,8.166666666666667e-09,1692.0919340596026
iso_1100C_40h,95755.1077705462,0.7492515233240501,1,1.0236517085738568e-08,4176.894371444967
iso_1100C_40h,95755.1077705462,0.7492515233240501,2,1.2830973311830731e-08,10310.578346053138
iso_1100C_40h,95755.1077705462,0.7492515233240501,3,1.6082997248964597e-08,25451.566195327767
iso_1100C_40h,95755.1077705462,0.7492515233240501,4,2.0159250138234185e-08,62835.79337548105
iso_1100C_40h,95755.1077705462,0.7492515233240501,5,2.526863369090349e-08,155201.9050711922
iso_1100C_40h,95755.1077705462,0.7492515233240501,6,3.167299598084116e-08,383504.241856167
iso_1100C_40h,95755.1077705462,0.7492515233240501,7,3.970055075686648e-08,947927.1052716317
iso_1100C_40h,95755.1077705462,0.7492515233240501,8,4.976269789419122e-08,2343910.398841273
iso_1100C_40h,95755.1077705462,0.7492515233240501,9,6.237510700730634e-08,5799048.9978403365
iso_1100C_40h,95755.1077705462,0.7492515233240501,10,7.818414472715056e-08,14359945.142773818
iso_1100C_40h,95755.1077705462,0.7492515233240501,11,9.8e-08,35634109.62125663
iso_1100C_40h,96355.1077705462,0.7499637560362349,0,8.166666666666667e-09,1691.561850281891
iso_1100C_40h,96355.1077705462,0.7499637560362349,1,1.0236517085738568e-08,4175.585869506371
iso_1100C_40h,96355.1077705462,0.7499637560362349,2,1.2830973311830731e-08,10307.348331164503
iso_1100C_40h,96355.1077705462,0.7499637560362349,3,1.6082997248964597e-08,25443.588882836862
iso_1100C_40h,96355.1077705462,0.7499637560362349,4,2.0159250138234185e-08,62815.97197769837
iso_1100C_40h,96355.1077705462,0.7499637560362349,5,2.526863369090349e-08,155152.56658801736
iso_1100C_40h,96355.1077705462,0.7499637560362349,6,3.167299598084116e-08,383382.20473111
iso_1100C_40h,96355.1077705462,0.7499637560362349,7,3.970055075686648e-08,947625.9733259853
iso_1100C_40h,96355.1077705462,0.7499637560362349,8,4.976269789419122e-08,2343166.3698570416
iso_1100C_40h,96355.1077705462,0.7499637560362349,9,6.237510700730634e-08,5797205.938847949
iso_1100C_40h,96355.1077705462,0.7499637560362349,10,7.818414472715056e-08,14355365.323733933
iso_1100C_40h,96355.1077705462,0.7499637560362349,11,9.8e-08,35622661.18995619
iso_1100C_40h,96955.1077705462,0.7506715796125306,0,8.166666666666667e-09,1691.0442794828698
iso_1100C_40h,96955.1077705462,0.7506715796125306,1,1.0236517085738568e-08,4174.3082555945
iso_1100C_40h,96955.1077705462,0.7506715796125306,2,1.2830973311830731e-08,10304.194562792982
iso_1100C_40h,96955.1077705462,0.7506715796125306,3,1.6082997248964597e-08,25435.799928278182
iso_1100C_40h,96955.1077705462,0.7506715796125306,4,2.0159250138234185e-08,62796.61736238868
iso_1100C_40h,96955.1077705462,0.7506715796125306,5,2.526863369090349e-08,155104.38157293724
iso_1100C_40h,96955.1077705462,0.7506715796125306,6,3.167299598084116e-08,383263.0159716594
iso_1100C_40h,96955.1077705462,0.7506715796125306,7,3.970055075686648e-08,947331.8866438976
iso_1100C_40h,96955.1077705462,0.7506715796125306,8,4.976269789419122e-08,2342439.793494881
iso_1100C_40h,96955.1077705462,0.7506715796125306,9,6.237510700730634e-08,5795406.183326066
iso_1100C_40h,96955.1077705462,0.7506715796125306,10,7.818414472715056e-08,14350893.180874918
iso_1100C_40h,96955.1077705462,0.7506715796125306,11,9.8e-08,35611481.841300435
iso_1100C_40h,97555.1077705462,0.7513750367206984,0,8.166666666666667e-09,1690.5390518035363
iso_1100C_40h,97555.1077705462,0.7513750367206984,1,1.0236517085738568e-08,4173.061110415946
iso_1100C_40h,97555.1077705462,0.7513750367206984,2,1.2830973311830731e-08,10301.11600591503
iso_1100C_40h,97555.1077705462,0.7513750367206984,3,1.6082997248964597e-08,25428.196771541214
iso_1100C_40h,97555.1077705462,0.7513750367206984,4,2.0159250138234185e-08,62777.72318602991
iso_1100C_40h,97555.1077705462,0.7513750367206984,5,2.526863369090349e-08,155057.3343728003
iso_1100C_40h,97555.1077705462,0.7513750367206984,6,3.167299598084116e-08,383146.63689397695
iso_1100C_40h,97555.1077705462,0.7513750367206984,7,3.970055075686648e-08,947044.7494908315
iso_1100C_40h,97555.1077705462,0.7513750367206984,8,4.976269789419122e-08,2341730.43254227
iso_1100C_40h,97555.1077705462,0.7513750367206984,9,6.237510700730634e-08,5793649.142538536
iso_1100C_40h,97555.1077705462,0.7513750367206984,10,7.818414472715056e-08,14346527.249591298
iso_1100C_40h,97555.1077705462,0.7513750367206984,11,9.8e-08,35600567.911984175
iso_1100C_40h,98155.1077705462,0.7520741694595733,0,8.166666666666667e-09,1690.045999785619
iso_1100C_40h,98155.1077705462,0.7520741694595733,1,1.0236517085738568e-08,4171.844020603458
iso_1100C_40h,98155.1077705462,0.7520741694595733,2,1.2830973311830731e-08,10298.111640136292
iso_1100C_40h,98155.1077705462,0.7520741694595733,3,1.6082997248964597e-08,25420.776888811975
iso_1100C_40h,98155.1077705462,0.7520741694595733,4,2.0159250138234185e-08,62759.28319491946
iso_1100C_40h,98155.1077705462,0.7520741694595733,5,2.526863369090349e-08,155011.40955595826
iso_1100C_40h,98155.1077705462,0.7520741694595733,6,3.167299598084116e-08,383033.0293618405
iso_1100C_40h,98155.1077705462,0.7520741694595733,7,3.970055075686648e-08,946764.4674877933
iso_1100C_40h,98155.1077705462,0.7520741694595733,8,4.976269789419122e-08,2341038.0531469597
iso_1100C_40h,98155.1077705462,0.7520741694595733,9,6.237510700730634e-08,5791934.236095503
iso_1100C_40h,98155.1077705462,0.7520741694595733,10,7.818414472715056e-08,14342266.086065484
iso_1100C_40h,98155.1077705462,0.7520741694595733,11,9.8e-08,35589915.790805414
iso_1100C_40h,98755.1077705462,0.7527690193688225,0,8.166666666666667e-09,1689.5649583174609
iso_1100C_40h,98755.1077705462,0.7527690193688225,1,1.0236517085738568e-08,4170.656578582355
iso_1100C_40h,98755.1077705462,0.7527690193688225,2,1.2830973311830731e-08,10295.180459361754
iso_1100C_40h,98755.1077705462,0.7527690193688225,3,1.6082997248964597e-08,25413.537791752256
iso_1100C_40h,98755.1077705462,0.7527690193688225,4,2.0159250138234185e-08,62741.29122315037
iso_1100C_40h,98755.1077705462,0.7527690193688225,5,2.526863369090349e-08,154966.5919072739
iso_1100C_40h,98755.1077705462,0.7527690193688225,6,3.167299598084116e-08,382922.15577429824
iso_1100C_40h,98755.1077705462,0.7527690193688225,7,3.970055075686648e-08,946490.9475807662
iso_1100C_40h,98755.1077705462,0.7527690193688225,8,4.976269789419122e-08,2340362.424741185
iso_1100C_40h,98755.1077705462,0.7527690193688225,9,6.237510700730634e-08,5790260.891765076
iso_1100C_40h,98755.1077705462,0.7527690193688225,10,7.818414472715056e-08,14338108.266798506
iso_1100C_40h,98755.1077705462,0.7527690193688225,11,9.8e-08,35579521.917488314
iso_1100C_40h,99355.1077705462,0.7534596274384967,0,8.166666666666667e-09,1689.0957645827878
iso_1100C_40h,99355.1077705462,0.7534596274384967,1,1.0236517085738568e-08,4169.4983824440615
iso_1100C_40h,99355.1077705462,0.7534596274384967,2,1.2830973311830731e-08,10292.321471483581
iso_1100C_40h,99355.1077705462,0.7534596274384967,3,1.6082997248964597e-08,25406.47702672273
iso_1100C_40h,99355.1077705462,0.7534596274384967,4,2.0159250138234185e-08,62723.74119069538
iso_1100C_40h,99355.1077705462,0.7534596274384967,5,2.526863369090349e-08,154922.86642339433
iso_1100C_40h,99355.1077705462,0.7534596274384967,6,3.167299598084116e-08,382813.97905398166
iso_1100C_40h,99355.1077705462,0.7534596274384967,7,3.970055075686648e-08,946224.0980117746
iso_1100C_40h,99355.1077705462,0.7534596274384967,8,4.976269789419122e-08,2339703.3199699083
iso_1100C_40h,99355.1077705462,0.7534596274384967,9,6.237510700730634e-08,5788628.545295056
iso_1100C_40h,99355.1077705462,0.7534596274384967,10,7.818414472715056e-08,14334052.388165738
iso_1100C_40h,99355.1077705462,0.7534596274384967,11,9.8e-08,35569382.781568736
iso_1100C_40h,99955.1077705462,0.7541460341183803,0,8.166666666666667e-09,1688.6382580122552
iso_1100C_40h,99955.1077705462,0.7541460341183803,1,1.0236517085738568e-08,4168.369035826505
iso_1100C_40h,99955.1077705462,0.7541460341183803,2,1.2830973311830731e-08,10289.533698085766
iso_1100C_40h,99955.1077705462,0.7541460341183803,3,1.6082997248964597e-08,25399.592174047793
iso_1100C_40h,99955.1077705462,0.7541460341183803,4,2.0159250138234185e-08,62706.627101594095
iso_1100C_40h,99955.1077705462,0.7541460341183803,5,2.526863369090349e-08,154880.21830827973
iso_1100C_40h,99955.1077705462,0.7541460341183803,6,3.167299598084116e-08,382708.46263604955
iso_1100C_40h,99955.1077705462,0.7541460341183803,7,3.970055075686648e-08,945963.8282915106
iso_1100C_40h,99955.1077705462,0.7541460341183803,8,4.976269789419122e-08,2339060.514622944
iso_1100C_40h,99955.1077705462,0.7541460341183803,9,6.237510700730634e-08,5787036.64024424
iso_1100C_40h,99955.1077705462,0.7541460341183803,10,7.818414472715056e-08,14330097.065996477
iso_1100C_40h,99955.1077705462,0.7541460341183803,11,9.8e-08,35559494.921339266
iso_1100C_40h,100555.1077705462,0.7548282793271432,0,8.166666666666667e-09,1688.192280237586
iso_1100C_40h,100555.1077705462,0.7548282793271432,1,1.0236517085738568e-08,4167.268147800904
iso_1100C_40h,100555.1077705462,0.7548282793271432,2,1.2830973311830731e-08,10286.816174164704
iso_1100C_40h,100555.1077705462,0.7548282793271432,3,1.6082997248964597e-08,25392.88084731991
iso_1100C_40h,100555.1077705462,0.7548282793271432,4,2.0159250138234185e-08,62689.943042236984
iso_1100C_40h,100555.1077705462,0.7548282793271432,5,2.526863369090349e-08,154838.63296897087
iso_1100C_40h,100555.1077705462,0.7548282793271432,6,3.167299598084116e-08,382605.57045772264
iso_1100C_40h,100555.1077705462,0.7548282793271432,7,3.970055075686648e-08,945710.0491734229
iso_1100C_40h,100555.1077705462,0.7548282793271432,8,4.976269789419122e-08,2338433.7875706996
iso_1100C_40h,100555.1077705462,0.7548282793271432,9,6.237510700730634e-08,5785484.627822755
iso_1100C_40h,100555.1077705462,0.7548282793271432,10,7.818414472715056e-08,14326240.93517597
iso_1100C_40h,100555.1077705462,0.7548282793271432,11,9.8e-08,35549854.92285069
iso_1100C_40h,101155.1077705462,0.7555064024613024,0,8.166666666666667e-09,1687.7576750481599
iso_1100C_40h,101155.1077705462,0.7555064024613024,1,1.0236517085738568e-08,4166.19533276461
iso_1100C_40h,101155.1077705462,0.7555064024613024,2,1.2830973311830731e-08,10284.167947864591
iso_1100C_40h,101155.1077705462,0.7555064024613024,3,1.6082997248964597e-08,25386.34069274073
iso_1100C_40h,101155.1077705462,0.7555064024613024,4,2.0159250138234185e-08,62673.683179740634
iso_1100C_40h,101155.1077705462,0.7555064024613024,5,2.526863369090349e-08,154798.09601158186
iso_1100C_40h,101155.1077705462,0.7555064024613024,6,3.167299598084116e-08,382505.26694837573
iso_1100C_40h,101155.1077705462,0.7555064024613024,7,3.970055075686648e-08,945462.6726291844
iso_1100C_40h,101155.1077705462,0.7555064024613024,8,4.976269789419122e-08,2337822.9207033394
iso_1100C_40h,101155.1077705462,0.7555064024613024,9,6.237510700730634e-08,5783971.966740849
iso_1100C_40h,101155.1077705462,0.7555064024613024,10,7.818414472715056e-08,14322482.649268545
iso_1100C_40h,101155.1077705462,0.7555064024613024,11,9.8e-08,35540459.41896601
iso_1100C_40h,101755.1077705462,0.756180442403996,0,8.166666666666667e-09,1687.334288349892
iso_1100C_40h,101755.1077705462,0.756180442403996,1,1.0236517085738568e-08,4165.150210339598
iso_1100C_40h,101755.1077705462,0.756180442403996,2,1.2830973311830731e-08,10281.588080226838
iso_1100C_40h,101755.1077705462,0.756180442403996,3,1.6082997248964597e-08,25379.969388497135
iso_1100C_40h,101755.1077705462,0.756180442403996,4,2.0159250138234185e-08,62657.84176040826
iso_1100C_40h,101755.1077705462,0.756180442403996,5,2.526863369090349e-08,154758.59323750387
iso_1100C_40h,101755.1077705462,0.756180442403996,6,3.167299598084116e-08,382407.51702015044
iso_1100C_40h,101755.1077705462,0.756180442403996,7,3.970055075686648e-08,945221.6118254527
iso_1100C_40h,101755.1077705462,0.756180442403996,8,4.976269789419122e-08,2337227.6988731516
iso_1100C_40h,101755.1077705462,0.756180442403996,9,6.237510700730634e-08,5782498.123065662
iso_1100C_40h,101755.1077705462,0.756180442403996,10,7.818414472715056e-08,14318820.88016049
iso_1100C_40h,101755.1077705462,0.756180442403996,11,9.8e-08,35531305.08846407
iso_1100C_40h,102355.1077705462,0.7568504375335756,0,8.166666666666667e-09,1686.9219681262805
iso_1100C_40h,102355.1077705462,0.7568504375335756,1,1.0236517085738568e-08,4164.132405276314
iso_1100C_40h,102355.1077705462,0.7568504375335756,2,1.2830973311830731e-08,10279.075644952694
iso_1100C_40h,102355.1077705462,0.7568504375335756,3,1.6082997248964597e-08,25373.764644169893
iso_1100C_40h,102355.1077705462,0.7568504375335756,4,2.0159250138234185e-08,62642.41310827114
iso_1100C_40h,102355.1077705462,0.7568504375335756,5,2.526863369090349e-08,154720.11063980835
iso_1100C_40h,102355.1077705462,0.7568504375335756,6,3.167299598084116e-08,382312.2860590625
iso_1100C_40h,102355.1077705462,0.7568504375335756,7,3.970055075686648e-08,944986.781101849
iso_1100C_40h,102355.1077705462,0.7568504375335756,8,4.976269789419122e-08,2336647.909839933
iso_1100C_40h,102355.1077705462,0.7568504375335756,9,6.237510700730634e-08,5781062.570085475
iso_1100C_40h,102355.1077705462,0.7568504375335756,10,7.818414472715056e-08,14315254.317721676
iso_1100C_40h,102355.1077705462,0.7568504375335756,11,9.8e-08,35522388.65519005
iso_1100C_40h,102955.1077705462,0.7575164257320208,0,8.166666666666667e-09,1686.5205644014784
iso_1100C_40h,102955.1077705462,0.7575164257320208,1,1.0236517085738568e-08,4163.141547362524
iso_1100C_40h,102955.1077705462,0.7575164257320208,2,1.2830973311830731e-08,10276.629728178204
iso_1100C_40h,102955.1077705462,0.7575164257320208,3,1.6082997248964597e-08,25367.72420017308
iso_1100C_40h,102955.1077705462,0.7575164257320208,4,2.0159250138234185e-08,62627.391623705524
iso_1100C_40h,102955.1077705462,0.7575164257320208,5,2.526863369090349e-08,154682.63439983665
iso_1100C_40h,102955.1077705462,0.7575164257320208,6,3.167299598084116e-08,382219.53991657024
iso_1100C_40h,102955.1077705462,0.7575164257320208,7,3.970055075686648e-08,944758.0959500847
iso_1100C_40h,102955.1077705462,0.7575164257320208,8,4.976269789419122e-08,2336083.344219219
iso_1100C_40h,102955.1077705462,0.7575164257320208,9,6.237510700730634e-08,5779664.788181033
iso_1100C_40h,102955.1077705462,0.7575164257320208,10,7.818414472715056e-08,14311781.669484654
iso_1100C_40h,102955.1077705462,0.7575164257320208,11,9.8e-08,35513706.88724962
iso_1100C_40h,103555.1077705462,0.7581784443931806,0,8.166666666666667e-09,1686.1299292052668
iso_1100C_40h,103555.1077705462,0.7581784443931806,1,1.0236517085738568e-08,4162.177271336844
iso_1100C_40h,103555.1077705462,0.7581784443931806,2,1.2830973311830731e-08,10274.249428260739
iso_1100C_40h,103555.1077705462,0.7581784443931806,3,1.6082997248964597e-08,25361.845827222234
iso_1100C_40h,103555.1077705462,0.7581784443931806,4,2.0159250138234185e-08,62612.77178212035
iso_1100C_40h,103555.1077705462,0.7581784443931806,5,2.526863369090349e-08,154646.15088396447
iso_1100C_40h,103555.1077705462,0.7581784443931806,6,3.167299598084116e-08,382129.2449015739
iso_1100C_40h,103555.1077705462,0.7581784443931806,7,3.970055075686648e-08,944535.4729941505
iso_1100C_40h,103555.1077705462,0.7581784443931806,8,4.976269789419122e-08,2335533.795433153
iso_1100C_40h,103555.1077705462,0.7581784443931806,9,6.237510700730634e-08,5778304.264703396
iso_1100C_40h,103555.1077705462,0.7581784443931806,10,7.818414472715056e-08,14308401.660340143
iso_1100C_40h,103555.1077705462,0.7581784443931806,11,9.8e-08,35505256.596244216
iso_1100C_40h,104155.1077705462,0.7588365304308464,0,8.166666666666667e-09,1685.7499165398106
iso_1100C_40h,104155.1077705462,0.7588365304308464,1,1.0236517085738568e-08,4161.239216806678
iso_1100C_40h,104155.1077705462,0.7588365304308464,2,1.2830973311830731e-08,10271.933855576419
iso_1100C_40h,104155.1077705462,0.7588365304308464,3,1.6082997248964597e-08,25356.1273258295
iso_1100C_40h,104155.1077705462,0.7588365304308464,4,2.0159250138234185e-08,62598.54813271146
iso_1100C_40h,104155.1077705462,0.7588365304308464,5,2.526863369090349e-08,154610.64664053085
iso_1100C_40h,104155.1077705462,0.7588365304308464,6,3.167299598084116e-08,382041.36777282355
iso_1100C_40h,104155.1077705462,0.7588365304308464,7,3.970055075686648e-08,944318.8299715172
iso_1100C_40h,104155.1077705462,0.7588365304308464,8,4.976269789419122e-08,2334999.059663856
iso_1100C_40h,104155.1077705462,0.7588365304308464,9,6.237510700730634e-08,5776980.493858046
iso_1100C_40h,104155.1077705462,0.7588365304308464,10,7.818414472715056e-08,14305113.032247936
iso_1100C_40h,104155.1077705462,0.7588365304308464,11,9.8e-08,35497034.63654487
iso_1100C_40h,104755.1077705462,0.7594907202866601,0,8.166666666666667e-09,1685.3803823480748
iso_1100C_40h,104755.1077705462,0.7594907202866601,1,1.0236517085738568e-08,4160.327028170262
iso_1100C_40h,104755.1077705462,0.7594907202866601,2,1.2830973311830731e-08,10269.682132327634
iso_1100C_40h,104755.1077705462,0.7594907202866601,3,1.6082997248964597e-08,25350.566525823957
iso_1100C_40h,104755.1077705462,0.7594907202866601,4,2.0159250138234185e-08,62584.71529727781
iso_1100C_40h,104755.1077705462,0.7594907202866601,5,2.526863369090349e-08,154576.10839691933
iso_1100C_40h,104755.1077705462,0.7594907202866601,6,3.167299598084116e-08,381955.8757317024
iso_1100C_40h,104755.1077705462,0.7594907202866601,7,3.970055075686648e-08,944108.0857152718
iso_1100C_40h,104755.1077705462,0.7594907202866601,8,4.976269789419122e-08,2334478.935809116
iso_1100C_40h,104755.1077705462,0.7594907202866601,9,6.237510700730634e-08,5775692.976594702
iso_1100C_40h,104755.1077705462,0.7594907202866601,10,7.818414472715056e-08,14301914.54396213
iso_1100C_40h,104755.1077705462,0.7594907202866601,11,9.8e-08,35489037.90460191
iso_1100C_40h,105355.1077705462,0.760141049937862,0,8.166666666666667e-09,1685.02118448381
iso_1100C_40h,105355.1077705462,0.760141049937862,1,1.0236517085738568e-08,4159.440354542565
iso_1100C_40h,105355.1077705462,0.760141049937862,2,1.2830973311830731e-08,10267.493392360138
iso_1100C_40h,105355.1077705462,0.760141049937862,3,1.6082997248964597e-08,25345.161285895676
iso_1100C_40h,105355.1077705462,0.760141049937862,4,2.0159250138234185e-08,62571.267969096014
iso_1100C_40h,105355.1077705462,0.760141049937862,5,2.526863369090349e-08,154542.5230567845
iso_1100C_40h,105355.1077705462,0.760141049937862,6,3.167299598084116e-08,381872.73641536984
iso_1100C_40h,105355.1077705462,0.760141049937862,7,3.970055075686648e-08,943903.1601371333
iso_1100C_40h,105355.1077705462,0.760141049937862,8,4.976269789419122e-08,2333973.2254402637
iso_1100C_40h,105355.1077705462,0.760141049937862,9,6.237510700730634e-08,5774441.220502605
iso_1100C_40h,105355.1077705462,0.760141049937862,10,7.818414472715056e-08,14298804.970769938
iso_1100C_40h,105355.1077705462,0.760141049937862,11,9.8e-08,35481263.338288665
iso_1100C_40h,105955.1077705462,0.7607875549048817,0,8.166666666666667e-09,1684.6721826829737
iso_1100C_40h,105955.1077705462,0.7607875549048817,1,1.0236517085738568e-08,4158.57884968474
iso_1100C_40h,105955.1077705462,0.7607875549048817,2,1.2830973311830731e-08,10265.366780988883
iso_1100C_40h,105955.1077705462,0.7607875549048817,3,1.6082997248964597e-08,25339.909493161522
iso_1100C_40h,105955.1077705462,0.7607875549048817,4,2.0159250138234185e-08,62558.20091184865
iso_1100C_40h,105955.1077705462,0.7607875549048817,5,2.526863369090349e-08,154509.87769740963
iso_1100C_40h,105955.1077705462,0.7607875549048817,6,3.167299598084116e-08,381791.91789022915
iso_1100C_40h,105955.1077705462,0.7607875549048817,7,3.970055075686648e-08,943703.9742112843
iso_1100C_40h,105955.1077705462,0.7607875549048817,8,4.976269789419122e-08,2333481.7327620643
iso_1100C_40h,105955.1077705462,0.7607875549048817,9,6.237510700730634e-08,5773224.739710773
iso_1100C_40h,105955.1077705462,0.7607875549048817,10,7.818414472715056e-08,14295783.104242852
iso_1100C_40h,105955.1077705462,0.7607875549048817,11,9.8e-08,35473707.916276164
iso_1100C_40h,106555.1077705462,0.7614302702587763,0,8.166666666666667e-09,1684.3332385365175
iso_1100C_40h,106555.1077705462,0.7614302702587763,1,1.0236517085738568e-08,4157.742171936967
iso_1100C_40h,106555.1077705462,0.7614302702587763,2,1.2830973311830731e-08,10263.301454832197
iso_1100C_40h,106555.1077705462,0.7614302702587763,3,1.6082997248964597e-08,25334.809062751763
iso_1100C_40h,106555.1077705462,0.7614302702587763,4,2.0159250138234185e-08,62545.50895860352
iso_1100C_40h,106555.1077705462,0.7614302702587763,5,2.526863369090349e-08,154478.1595671914
iso_1100C_40h,106555.1077705462,0.7614302702587763,6,3.167299598084116e-08,381713.38864570844
iso_1100C_40h,106555.1077705462,0.7614302702587763,7,3.970055075686648e-08,943510.449958969
iso_1100C_40h,106555.1077705462,0.7614302702587763,8,4.976269789419122e-08,2333004.2645745124
iso_1100C_40h,106555.1077705462,0.7614302702587763,9,6.237510700730634e-08,5772043.054793024
iso_1100C_40h,106555.1077705462,0.7614302702587763,10,7.818414472715056e-08,14292847.751999704
iso_1100C_40h,106555.1077705462,0.7614302702587763,11,9.8e-08,35466368.65743748
iso_1100C_40h,107155.1077705462,0.7620692306285204,0,8.166666666666667e-09,1684.0042154644334
iso_1100C_40h,107155.1077705462,0.7620692306285204,1,1.0236517085738568e-08,4156.929984154365
iso_1100C_40h,107155.1077705462,0.7620692306285204,2,1.2830973311830731e-08,10261.296581653609
iso_1100C_40h,107155.1077705462,0.7620692306285204,3,1.6082997248964597e-08,25329.857937415578
iso_1100C_40h,107155.1077705462,0.7620692306285204,4,2.0159250138234185e-08,62533.18701083968
iso_1100C_40h,107155.1077705462,0.7620692306285204,5,2.526863369090349e-08,154447.35608323946
iso_1100C_40h,107155.1077705462,0.7620692306285204,6,3.167299598084116e-08,381637.1175883266
iso_1100C_40h,107155.1077705462,0.7620692306285204,7,3.970055075686648e-08,943322.5104338021
iso_1100C_40h,107155.1077705462,0.7620692306285204,8,4.976269789419122e-08,2332540.630236388
iso_1100C_40h,107155.1077705462,0.7620692306285204,9,6.237510700730634e-08,5770895.692677337
iso_1100C_40h,107155.1077705462,0.7620692306285204,10,7.818414472715056e-08,14289997.737480534
iso_1100C_40h,107155.1077705462,0.7620692306285204,11,9.8e-08,35459242.62027931
iso_1100C_40h,107755.1077705462,0.7627044702081491,0,8.166666666666667e-09,1683.684978690974
iso_1100C_40h,107755.1077705462,0.7627044702081491,1,1.0236517085738568e-08,4156.141953645841
iso_1100C_40h,107755.1077705462,0.7627044702081491,2,1.2830973311830731e-08,10259.351340210866
iso_1100C_40h,107755.1077705462,0.7627044702081491,3,1.6082997248964597e-08,25325.054087144592
iso_1100C_40h,107755.1077705462,0.7627044702081491,4,2.0159250138234185e-08,62521.23003751764
iso_1100C_40h,107755.1077705462,0.7627044702081491,5,2.526863369090349e-08,154417.4548290849
iso_1100C_40h,107755.1077705462,0.7627044702081491,6,3.167299598084116e-08,381563.07403602847
iso_1100C_40h,107755.1077705462,0.7627044702081491,7,3.970055075686648e-08,943140.0797077414
iso_1100C_40h,107755.1077705462,0.7627044702081491,8,4.976269789419122e-08,2332090.641630459
iso_1100C_40h,107755.1077705462,0.7627044702081491,9,6.237510700730634e-08,5769782.186559319
iso_1100C_40h,107755.1077705462,0.7627044702081491,10,7.818414472715056e-08,14287231.89973064
iso_1100C_40h,107755.1077705462,0.7627044702081491,11,9.8e-08,35452326.90239901
iso_1100C_40h,108355.1077705462,0.7633360227637609,0,8.166666666666667e-09,1683.375395220954
iso_1100C_40h,108355.1077705462,0.7633360227637609,1,1.0236517085738568e-08,4155.377752115579
iso_1100C_40h,108355.1077705462,0.7633360227637609,2,1.2830973311830731e-08,10257.46492011149
iso_1100C_40h,108355.1077705462,0.7633360227637609,3,1.6082997248964597e-08,25320.39550881258
iso_1100C_40h,108355.1077705462,0.7633360227637609,4,2.0159250138234185e-08,62509.63307418949
iso_1100C_40h,108355.1077705462,0.7633360227637609,5,2.526863369090349e-08,154388.44355248765
iso_1100C_40h,108355.1077705462,0.7633360227637609,6,3.167299598084116e-08,381491.2277127639
iso_1100C_40h,108355.1077705462,0.7633360227637609,7,3.970055075686648e-08,942963.0828576658
iso_1100C_40h,108355.1077705462,0.7633360227637609,8,4.976269789419122e-08,2331654.113130186
iso_1100C_40h,108355.1077705462,0.7633360227637609,9,6.237510700730634e-08,5768702.075819404
iso_1100C_40h,108355.1077705462,0.7633360227637609,10,7.818414472715056e-08,14284549.09319399
iso_1100C_40h,108355.1077705462,0.7633360227637609,11,9.8e-08,35445618.639965095
iso_1100C_40h,108955.1077705462,0.76396392164038,0,8.166666666666667e-09,1683.0753338170716
iso_1100C_40h,108955.1077705462,0.76396392164038,1,1.0236517085738568e-08,4154.637055607066
iso_1100C_40h,108955.1077705462,0.76396392164038,2,1.2830973311830731e-08,10255.636521674596
iso_1100C_40h,108955.1077705462,0.76396392164038,3,1.6082997248964597e-08,25315.88022583086
iso_1100C_40h,108955.1077705462,0.76396392164038,4,2.0159250138234185e-08,62498.39122214762
iso_1100C_40h,108955.1077705462,0.76396392164038,5,2.526863369090349e-08,154360.31016333879
iso_1100C_40h,108955.1077705462,0.76396392164038,6,3.167299598084116e-08,381421.54874330194
iso_1100C_40h,108955.1077705462,0.76396392164038,7,3.970055075686648e-08,942791.4459525361
iso_1100C_40h,108955.1077705462,0.76396392164038,8,4.976269789419122e-08,2331230.861567867
iso_1100C_40h,108955.1077705462,0.76396392164038,9,6.237510700730634e-08,5767654.905943626
iso_1100C_40h,108955.1077705462,0.76396392164038,10,7.818414472715056e-08,14281948.187515467
iso_1100C_40h,108955.1077705462,0.76396392164038,11,9.8e-08,35439115.00721978
iso_1100C_40h,109555.1077705462,0.764588199768685,0,8.166666666666667e-09,1682.7846649781645
iso_1100C_40h,109555.1077705462,0.764588199768685,1,1.0236517085738568e-08,4153.919544449413
iso_1100C_40h,109555.1077705462,0.764588199768685,2,1.2830973311830731e-08,10253.865355798383
iso_1100C_40h,109555.1077705462,0.764588199768685,3,1.6082997248964597e-08,25311.506287817705
iso_1100C_40h,109555.1077705462,0.764588199768685,4,2.0159250138234185e-08,62487.49964760792
iso_1100C_40h,109555.1077705462,0.764588199768685,5,2.526863369090349e-08,154333.04273164808
iso_1100C_40h,109555.1077705462,0.764588199768685,6,3.167299598084116e-08,381354.0076482561
iso_1100C_40h,109555.1077705462,0.764588199768685,7,3.970055075686648e-08,942625.0960410759
iso_1100C_40h,109555.1077705462,0.764588199768685,8,4.976269789419122e-08,2330820.7062040786
iso_1100C_40h,109555.1077705462,0.764588199768685,9,6.237510700730634e-08,5766640.2284476105
iso_1100C_40h,109555.1077705462,0.764588199768685,10,7.818414472715056e-08,14279428.06735119
iso_1100C_40h,109555.1077705462,0.764588199768685,11,9.8e-08,35432813.21600196
iso_1100C_40h,110155.1077705462,0.7652088896716049,0,8.166666666666667e-09,1682.5032609183122
iso_1100C_40h,110155.1077705462,0.7652088896716049,1,1.0236517085738568e-08,4153.224903205772
iso_1100C_40h,110155.1077705462,0.7652088896716049,2,1.2830973311830731e-08,10252.150643832781
iso_1100C_40h,110155.1077705462,0.7652088896716049,3,1.6082997248964597e-08,25307.271770280702
iso_1100C_40h,110155.1077705462,0.7652088896716049,4,2.0159250138234185e-08,62476.95358092484
iso_1100C_40h,110155.1077705462,0.7652088896716049,5,2.526863369090349e-08,154306.62948560997
iso_1100C_40h,110155.1077705462,0.7652088896716049,6,3.167299598084116e-08,381288.5753393033
iso_1100C_40h,110155.1077705462,0.7652088896716049,7,3.970055075686648e-08,942463.9611399343
iso_1100C_40h,110155.1077705462,0.7652088896716049,8,4.976269789419122e-08,2330423.468698308
iso_1100C_40h,110155.1077705462,0.7652088896716049,9,6.237510700730634e-08,5765657.600803531
iso_1100C_40h,110155.1077705462,0.7652088896716049,10,7.818414472715056e-08,14276987.632186174
iso_1100C_40h,110155.1077705462,0.7652088896716049,11,9.8e-08,35426710.51528847
iso_1100C_40h,110755.1077705462,0.7658260234707865,0,8.166666666666667e-09,1682.2309955467665
iso_1100C_40h,110755.1077705462,0.7658260234707865,1,1.0236517085738568e-08,4152.5528206237905
iso_1100C_40h,110755.1077705462,0.7658260234707865,2,1.2830973311830731e-08,10250.491617457166
iso_1100C_40h,110755.1077705462,0.7658260234707865,3,1.6082997248964597e-08,25303.17477431169
iso_1100C_40h,110755.1077705462,0.7658260234707865,4,2.0159250138234185e-08,62466.74831583735
iso_1100C_40h,110755.1077705462,0.7658260234707865,5,2.526863369090349e-08,154281.05880974603
iso_1100C_40h,110755.1077705462,0.7658260234707865,6,3.167299598084116e-08,381225.22311459173
iso_1100C_40h,110755.1077705462,0.7658260234707865,7,3.970055075686648e-08,942307.9702223153
iso_1100C_40h,110755.1077705462,0.7658260234707865,8,4.976269789419122e-08,2330038.973080742
iso_1100C_40h,110755.1077705462,0.7658260234707865,9,6.237510700730634e-08,5764706.586369935
iso_1100C_40h,110755.1077705462,0.7658260234707865,10,7.818414472715056e-08,14274625.796159191
iso_1100C_40h,110755.1077705462,0.7658260234707865,11,9.8e-08,35420804.190753415
iso_1100C_40h,111355.1077705462,0.7664396328929348,0,8.166666666666667e-09,1681.9677444485915
iso_1100C_40h,111355.1077705462,0.7664396328929348,1,1.0236517085738568e-08,4151.902989587831
iso_1100C_40h,111355.1077705462,0.7664396328929348,2,1.2830973311830731e-08,10248.88751856236
iso_1100C_40h,111355.1077705462,0.7664396328929348,3,1.6082997248964597e-08,25299.213426292397
iso_1100C_40h,111355.1077705462,0.7664396328929348,4,2.0159250138234185e-08,62456.879208741484
iso_1100C_40h,111355.1077705462,0.7664396328929348,5,2.526863369090349e-08,154256.3192431125
iso_1100C_40h,111355.1077705462,0.7664396328929348,6,3.167299598084116e-08,381163.9226543098
iso_1100C_40h,111355.1077705462,0.7664396328929348,7,3.970055075686648e-08,942157.0532070079
iso_1100C_40h,111355.1077705462,0.7664396328929348,8,4.976269789419122e-08,2329667.045725053
iso_1100C_40h,111355.1077705462,0.7664396328929348,9,6.237510700730634e-08,5763786.754324051
iso_1100C_40h,111355.1077705462,0.7664396328929348,10,7.818414472715056e-08,14272341.487893762
iso_1100C_40h,111355.1077705462,0.7664396328929348,11,9.8e-08,35415091.56434288
iso_1100C_40h,111955.1077705462,0.767049749276032,0,8.166666666666667e-09,1681.713384865995
iso_1100C_40h,111955.1077705462,0.767049749276032,1,1.0236517085738568e-08,4151.275107072872
iso_1100C_40h,111955.1077705462,0.767049749276032,2,1.2830973311830731e-08,10247.33759913689
iso_1100C_40h,111955.1077705462,0.767049749276032,3,1.6082997248964597e-08,25295.385877610686
iso_1100C_40h,111955.1077705462,0.767049749276032,4,2.0159250138234185e-08,62447.34167798853
iso_1100C_40h,111955.1077705462,0.767049749276032,5,2.526863369090349e-08,154232.39947757186
iso_1100C_40h,111955.1077705462,0.767049749276032,6,3.167299598084116e-08,381104.6460164135
iso_1100C_40h,111955.1077705462,0.767049749276032,7,3.970055075686648e-08,942011.1409478053
iso_1100C_40h,111955.1077705462,0.767049749276032,8,4.976269789419122e-08,2329307.5153221446
iso_1100C_40h,111955.1077705462,0.767049749276032,9,6.237510700730634e-08,5762897.67959648
iso_1100C_40h,111955.1077705462,0.767049749276032,10,7.818414472715056e-08,14270133.650335137
iso_1100C_40h,111955.1077705462,0.767049749276032,11,9.8e-08,35409569.99386471
iso_1100C_40h,112555.1077705462,0.7676564035754354,0,8.166666666666667e-09,1681.4677956802666
iso_1100C_40h,112555.1077705462,0.7676564035754354,1,1.0236517085738568e-08,4150.668874099943
iso_1100C_40h,112555.1077705462,0.7676564035754354,2,1.2830973311830731e-08,10245.84112115693
iso_1100C_40h,112555.1077705462,0.7676564035754354,3,1.6082997248964597e-08,25291.69030438603
iso_1100C_40h,112555.1077705462,0.7676564035754354,4,2.0159250138234185e-08,62438.13120320637
iso_1100C_40h,112555.1077705462,0.7676564035754354,5,2.526863369090349e-08,154209.28835612058
iso_1100C_40h,112555.1077705462,0.7676564035754354,6,3.167299598084116e-08,381047.3656324928
iso_1100C_40h,112555.1077705462,0.7676564035754354,7,3.970055075686648e-08,941870.1652232711
iso_1100C_40h,112555.1077705462,0.7676564035754354,8,4.976269789419122e-08,2328960.2128547654
iso_1100C_40h,112555.1077705462,0.7676564035754354,9,6.237510700730634e-08,5762038.942808044
iso_1100C_40h,112555.1077705462,0.7676564035754354,10,7.818414472715056e-08,14268001.24059263
iso_1100C_40h,112555.1077705462,0.7676564035754354,11,9.8e-08,35404236.87259171
iso_1100C_40h,113155.1077705462,0.7682596263698579,0,8.166666666666667e-09,1681.2308573943058
iso_1100C_40h,113155.1077705462,0.7682596263698579,1,1.0236517085738568e-08,4150.083995692976
iso_1100C_40h,113155.1077705462,0.7682596263698579,2,1.2830973311830731e-08,10244.39735647979
iso_1100C_40h,113155.1077705462,0.7682596263698579,3,1.6082997248964597e-08,25288.124907203844
iso_1100C_40h,113155.1077705462,0.7682596263698579,4,2.0159250138234185e-08,62429.24332464234
iso_1100C_40h,113155.1077705462,0.7682596263698579,5,2.526863369090349e-08,154186.97487127065
iso_1100C_40h,113155.1077705462,0.7682596263698579,6,3.167299598084116e-08,380992.05430377
iso_1100C_40h,113155.1077705462,0.7682596263698579,7,3.970055075686648e-08,941734.0587268312
iso_1100C_40h,113155.1077705462,0.7682596263698579,8,4.976269789419122e-08,2328624.971572924
iso_1100C_40h,113155.1077705462,0.7682596263698579,9,6.237510700730634e-08,5761210.13020863
iso_1100C_40h,113155.1077705462,0.7682596263698579,10,7.818414472715056e-08,14265943.229786934
iso_1100C_40h,113155.1077705462,0.7682596263698579,11,9.8e-08,35399089.628877394
iso_1100C_40h,113755.1077705462,0.768859447867235,0,8.166666666666667e-09,1681.0024521156495
iso_1100C_40h,113755.1077705462,0.768859447867235,1,1.0236517085738568e-08,4149.520180836922
iso_1100C_40h,113755.1077705462,0.768859447867235,2,1.2830973311830731e-08,10243.005586740548
iso_1100C_40h,113755.1077705462,0.768859447867235,3,1.6082997248964597e-08,25284.6879108576
iso_1100C_40h,113755.1077705462,0.768859447867235,4,2.0159250138234185e-08,62420.673642525275
iso_1100C_40h,113755.1077705462,0.768859447867235,5,2.526863369090349e-08,154165.44816347805
iso_1100C_40h,113755.1077705462,0.768859447867235,6,3.167299598084116e-08,380938.6851972158
iso_1100C_40h,113755.1077705462,0.768859447867235,7,3.970055075686648e-08,941602.7550571577
iso_1100C_40h,113755.1077705462,0.768859447867235,8,4.976269789419122e-08,2328301.6269700327
iso_1100C_40h,113755.1077705462,0.768859447867235,9,6.237510700730634e-08,5760410.833617839
iso_1100C_40h,113755.1077705462,0.768859447867235,10,7.818414472715056e-08,14263958.602901937
iso_1100C_40h,113755.1077705462,0.768859447867235,11,9.8e-08,35394125.72578298
iso_1100C_40h,114355.1077705462,0.7694558979104783,0,8.166666666666667e-09,1680.7824635399843
iso_1100C_40h,114355.1077705462,0.7694558979104783,1,1.0236517085738568e-08,4148.9771424370465
iso_1100C_40h,114355.1077705462,0.7694558979104783,2,1.2830973311830731e-08,10241.665103251531
iso_1100C_40h,114355.1077705462,0.7694558979104783,3,1.6082997248964597e-08,25281.377564098195
iso_1100C_40h,114355.1077705462,0.7694558979104783,4,2.0159250138234185e-08,62412.417816445566
iso_1100C_40h,114355.1077705462,0.7694558979104783,5,2.526863369090349e-08,154144.6975196156
iso_1100C_40h,114355.1077705462,0.7694558979104783,6,3.167299598084116e-08,380887.2318417735
iso_1100C_40h,114355.1077705462,0.7694558979104783,7,3.970055075686648e-08,941476.1887088194
iso_1100C_40h,114355.1077705462,0.7694558979104783,8,4.976269789419122e-08,2327990.016759711
iso_1100C_40h,114355.1077705462,0.7694558979104783,9,6.237510700730634e-08,5759640.650367286
iso_1100C_40h,114355.1077705462,0.7694558979104783,10,7.818414472715056e-08,14262046.358640678
iso_1100C_40h,114355.1077705462,0.7694558979104783,11,9.8e-08,35389342.66071479
iso_1100C_40h,114955.1077705462,0.7700490059831201,0,8.166666666666667e-09,1680.5707769350897
iso_1100C_40h,114955.1077705462,0.7700490059831201,1,1.0236517085738568e-08,4148.454597279293
iso_1100C_40h,114955.1077705462,0.7700490059831201,2,1.2830973311830731e-08,10240.375206904499
iso_1100C_40h,114955.1077705462,0.7700490059831201,3,1.6082997248964597e-08,25278.192139389972
iso_1100C_40h,114955.1077705462,0.7700490059831201,4,2.0159250138234185e-08,62404.47156475128
iso_1100C_40h,114955.1077705462,0.7700490059831201,5,2.526863369090349e-08,154124.71237148542
iso_1100C_40h,114955.1077705462,0.7700490059831201,6,3.167299598084116e-08,380837.66812468215
iso_1100C_40h,114955.1077705462,0.7700490059831201,7,3.970055075686648e-08,941354.2950631805
iso_1100C_40h,114955.1077705462,0.7700490059831201,8,4.976269789419122e-08,2327689.9808532028
iso_1100C_40h,114955.1077705462,0.7700490059831201,9,6.237510700730634e-08,5758899.183244415
iso_1100C_40h,114955.1077705462,0.7700490059831201,10,7.818414472715056e-08,14260205.50928505
iso_1100C_40h,114955.1077705462,0.7700490059831201,11,9.8e-08,35384737.9650712
iso_1100C_40h,115555.1077705462,0.7706388012148521,0,8.166666666666667e-09,1680.367279125177
iso_1100C_40h,115555.1077705462,0.7706388012148521,1,1.0236517085738568e-08,4147.952265991632
iso_1100C_40h,115555.1077705462,0.7706388012148521,2,1.2830973311830731e-08,10239.135208075204
iso_1100C_40h,115555.1077705462,0.7706388012148521,3,1.6082997248964597e-08,25275.12993267274
iso_1100C_40h,115555.1077705462,0.7706388012148521,4,2.0159250138234185e-08,62396.83066395928
iso_1100C_40h,115555.1077705462,0.7706388012148521,5,2.526863369090349e-08,154105.4822943686
iso_1100C_40h,115555.1077705462,0.7706388012148521,6,3.167299598084116e-08,380789.9682878913
iso_1100C_40h,115555.1077705462,0.7706388012148521,7,3.970055075686648e-08,941237.0103795206
iso_1100C_40h,115555.1077705462,0.7706388012148521,8,4.976269789419122e-08,2327401.3613373516
iso_1100C_40h,115555.1077705462,0.7706388012148521,9,6.237510700730634e-08,5758186.040437711
iso_1100C_40h,115555.1077705462,0.7706388012148521,10,7.818414472715056e-08,14258435.080559026
iso_1100C_40h,115555.1077705462,0.7706388012148521,11,9.8e-08,35380309.20389827
iso_1100C_40h,116155.1077705462,0.7712253123869581,0,8.166666666666667e-09,1680.1718584755756
iso_1100C_40h,116155.1077705462,0.7712253123869581,1,1.0236517085738568e-08,4147.469873006241
iso_1100C_40h,116155.1077705462,0.7712253123869581,2,1.2830973311830731e-08,10237.944426530059
iso_1100C_40h,116155.1077705462,0.7712253123869581,3,1.6082997248964597e-08,25272.18926312909
iso_1100C_40h,116155.1077705462,0.7712253123869581,4,2.0159250138234185e-08,62389.490948179286
iso_1100C_40h,116155.1077705462,0.7712253123869581,5,2.526863369090349e-08,154086.9970056061
iso_1100C_40h,116155.1077705462,0.7712253123869581,6,3.167299598084116e-08,380744.1069245534
iso_1100C_40h,116155.1077705462,0.7712253123869581,7,3.970055075686648e-08,941124.2717863533
iso_1100C_40h,116155.1077705462,0.7712253123869581,8,4.976269789419122e-08,2327124.002453054
iso_1100C_40h,116155.1077705462,0.7712253123869581,9,6.237510700730634e-08,5757500.835483113
iso_1100C_40h,116155.1077705462,0.7712253123869581,10,7.818414472715056e-08,14256734.111494841
iso_1100C_40h,116155.1077705462,0.7712253123869581,11,9.8e-08,35376053.97555301
iso_1100C_40h,116755.1077705462,0.7718085679376453,0,8.166666666666667e-09,1679.9844048777459
iso_1100C_40h,116755.1077705462,0.7718085679376453,1,1.0236517085738568e-08,4147.007146522526
iso_1100C_40h,116755.1077705462,0.7718085679376453,2,1.2830973311830731e-08,10236.802191334837
iso_1100C_40h,116755.1077705462,0.7718085679376453,3,1.6082997248964597e-08,25269.368472956816
iso_1100C_40h,116755.1077705462,0.7718085679376453,4,2.0159250138234185e-08,62382.44830855041
iso_1100C_40h,116755.1077705462,0.7718085679376453,5,2.526863369090349e-08,154069.24636321125
iso_1100C_40h,116755.1077705462,0.7718085679376453,6,3.167299598084116e-08,380700.05897559255
iso_1100C_40h,116755.1077705462,0.7718085679376453,7,3.970055075686648e-08,941016.0172729295
iso_1100C_40h,116755.1077705462,0.7718085679376453,8,4.976269789419122e-08,2326857.750574187
iso_1100C_40h,116755.1077705462,0.7718085679376453,9,6.237510700730634e-08,5756843.187211571
iso_1100C_40h,116755.1077705462,0.7718085679376453,10,7.818414472715056e-08,14255101.654302103
iso_1100C_40h,116755.1077705462,0.7718085679376453,11,9.8e-08,35371969.91137387
iso_1100C_40h,117355.1077705462,0.7723885959672757,0,8.166666666666667e-09,1679.8048097345786
iso_1100C_40h,117355.1077705462,0.7723885959672757,1,1.0236517085738568e-08,4146.563818470834
iso_1100C_40h,117355.1077705462,0.7723885959672757,2,1.2830973311830731e-08,10235.707840765072
iso_1100C_40h,117355.1077705462,0.7723885959672757,3,1.6082997248964597e-08,25266.665927145557
iso_1100C_40h,117355.1077705462,0.7723885959672757,4,2.0159250138234185e-08,62375.69869268816
iso_1100C_40h,117355.1077705462,0.7723885959672757,5,2.526863369090349e-08,154052.2203645075
iso_1100C_40h,117355.1077705462,0.7723885959672757,6,3.167299598084116e-08,380657.799726338
iso_1100C_40h,117355.1077705462,0.7723885959672757,7,3.970055075686648e-08,940912.1856809037
iso_1100C_40h,117355.1077705462,0.7723885959672757,8,4.976269789419122e-08,2326602.454186932
iso_1100C_40h,117355.1077705462,0.7723885959672757,9,6.237510700730634e-08,5756212.71969762
iso_1100C_40h,117355.1077705462,0.7723885959672757,10,7.818414472715056e-08,14253536.774239387
iso_1100C_40h,117355.1077705462,0.7723885959672757,11,9.8e-08,35368054.67535759
iso_1100C_40h,117955.1077705462,0.7729654242434996,0,8.166666666666667e-09,1679.6329659459536
iso_1100C_40h,117955.1077705462,0.7729654242434996,1,1.0236517085738568e-08,4146.139624476789
iso_1100C_40h,117955.1077705462,0.7729654242434996,2,1.2830973311830731e-08,10234.660722218076
iso_1100C_40h,117955.1077705462,0.7729654242434996,3,1.6082997248964597e-08,25264.080013257586
iso_1100C_40h,117955.1077705462,0.7729654242434996,4,2.0159250138234185e-08,62369.23810414161
iso_1100C_40h,117955.1077705462,0.7729654242434996,5,2.526863369090349e-08,154035.90914479064
iso_1100C_40h,117955.1077705462,0.7729654242434996,6,3.167299598084116e-08,380617.30480321735
iso_1100C_40h,117955.1077705462,0.7729654242434996,7,3.970055075686648e-08,940812.7166961461
iso_1100C_40h,117955.1077705462,0.7729654242434996,8,4.976269789419122e-08,2326357.9638694585
iso_1100C_40h,117955.1077705462,0.7729654242434996,9,6.237510700730634e-08,5755609.062208864
iso_1100C_40h,117955.1077705462,0.7729654242434996,10,7.818414472715056e-08,14252038.549488092
iso_1100C_40h,117955.1077705462,0.7729654242434996,11,9.8e-08,35364305.96384176
iso_1100C_40h,118555.1077705462,0.7735390802062937,0,8.166666666666667e-09,1679.468767894532
iso_1100C_40h,118555.1077705462,0.7735390802062937,1,1.0236517085738568e-08,4145.734303826238
iso_1100C_40h,118555.1077705462,0.7735390802062937,2,1.2830973311830731e-08,10233.660192126345
iso_1100C_40h,118555.1077705462,0.7735390802062937,3,1.6082997248964597e-08,25261.609141212
iso_1100C_40h,118555.1077705462,0.7735390802062937,4,2.0159250138234185e-08,62363.06260185899
iso_1100C_40h,118555.1077705462,0.7735390802062937,5,2.526863369090349e-08,154020.3029760131
iso_1100C_40h,118555.1077705462,0.7735390802062937,6,3.167299598084116e-08,380578.5501705033
iso_1100C_40h,118555.1077705462,0.7735390802062937,7,3.970055075686648e-08,940717.5508406889
iso_1100C_40h,118555.1077705462,0.7735390802062937,8,4.976269789419122e-08,2326124.1322719487
iso_1100C_40h,118555.1077705462,0.7735390802062937,9,6.237510700730634e-08,5755031.849156267
iso_1100C_40h,118555.1077705462,0.7735390802062937,10,7.818414472715056e-08,14250606.071028398
iso_1100C_40h,118555.1077705462,0.7735390802062937,11,9.8e-08,35360721.50519264
iso_1100C_40h,119155.1077705462,0.7741095909729065,0,8.166666666666667e-09,1679.3121114317514
iso_1100C_40h,119155.1077705462,0.7741095909729065,1,1.0236517085738568e-08,4145.347599430668
iso_1100C_40h,119155.1077705462,0.7741095909729065,2,1.2830973311830731e-08,10232.705615872233
iso_1100C_40h,119155.1077705462,0.7741095909729065,3,1.6082997248964597e-08,25259.25174307227
iso_1100C_40h,119155.1077705462,0.7741095909729065,4,2.0159250138234185e-08,62357.168299661236
iso_1100C_40h,119155.1077705462,0.7741095909729065,5,2.526863369090349e-08,154005.39226548668
iso_1100C_40h,119155.1077705462,0.7741095909729065,6,3.167299598084116e-08,380541.512127107
iso_1100C_40h,119155.1077705462,0.7741095909729065,7,3.970055075686648e-08,940626.6294647874
iso_1100C_40h,119155.1077705462,0.7741095909729065,8,4.976269789419122e-08,2325900.8140969025
iso_1100C_40h,119155.1077705462,0.7741095909729065,9,6.237510700730634e-08,5754480.720045173
iso_1100C_40h,119155.1077705462,0.7741095909729065,10,7.818414472715056e-08,14249238.442516983
iso_1100C_40h,119155.1077705462,0.7741095909729065,11,9.8e-08,35357299.059497446
iso_1100C_40h,119755.1077705462,0.7746769833427114,0,8.166666666666667e-09,1679.1628938640047
iso_1100C_40h,119755.1077705462,0.7746769833427114,1,1.0236517085738568e-08,4144.979257793096
iso_1100C_40h,119755.1077705462,0.7746769833427114,2,1.2830973311830731e-08,10231.79636770372
iso_1100C_40h,119755.1077705462,0.7746769833427114,3,1.6082997248964597e-08,25257.00627283637
iso_1100C_40h,119755.1077705462,0.7746769833427114,4,2.0159250138234185e-08,62351.55136572243
iso_1100C_40h,119755.1077705462,0.7746769833427114,5,2.526863369090349e-08,153991.1675546024
iso_1100C_40h,119755.1077705462,0.7746769833427114,6,3.167299598084116e-08,380506.16730341327
iso_1100C_40h,119755.1077705462,0.7746769833427114,7,3.970055075686648e-08,940539.894739086
iso_1100C_40h,119755.1077705462,0.7746769833427114,8,4.976269789419122e-08,2325687.8660797053
iso_1100C_40h,119755.1077705462,0.7746769833427114,9,6.237510700730634e-08,5753955.319426973
iso_1100C_40h,119755.1077705462,0.7746769833427114,10,7.818414472715056e-08,14247934.780166369
iso_1100C_40h,119755.1077705462,0.7746769833427114,11,9.8e-08,35354036.418260835
iso_1100C_40h,120355.1077705462,0.7752412838019711,0,8.166666666666667e-09,1679.0210139389783
iso_1100C_40h,120355.1077705462,0.7752412838019711,1,1.0236517085738568e-08,4144.629028974339
iso_1100C_40h,120355.1077705462,0.7752412838019711,2,1.2830973311830731e-08,10230.931830651189
iso_1100C_40h,120355.1077705462,0.7752412838019711,3,1.6082997248964597e-08,25254.87120622958
iso_1100C_40h,120355.1077705462,0.7752412838019711,4,2.0159250138234185e-08,62346.20802205619
iso_1100C_40h,120355.1077705462,0.7752412838019711,5,2.526863369090349e-08,153977.6195175657
iso_1100C_40h,120355.1077705462,0.7752412838019711,6,3.167299598084116e-08,380472.4926581539
iso_1100C_40h,120355.1077705462,0.7752412838019711,7,3.970055075686648e-08,940457.2896468764
iso_1100C_40h,120355.1077705462,0.7752412838019711,8,4.976269789419122e-08,2325485.1469694194
iso_1100C_40h,120355.1077705462,0.7752412838019711,9,6.237510700730634e-08,5753455.296851343
iso_1100C_40h,120355.1077705462,0.7752412838019711,10,7.818414472715056e-08,14246694.212625718
iso_1100C_40h,120355.1077705462,0.7752412838019711,11,9.8e-08,35350931.404105
iso_1100C_40h,120955.1077705462,0.7758025185285146,0,8.166666666666667e-09,1678.8863718321359
iso_1100C_40h,120955.1077705462,0.7758025185285146,1,1.0236517085738568e-08,4144.296666559656
iso_1100C_40h,120955.1077705462,0.7758025185285146,2,1.2830973311830731e-08,10230.111396445012
iso_1100C_40h,120955.1077705462,0.7758025185285146,3,1.6082997248964597e-08,25252.845040499396
iso_1100C_40h,120955.1077705462,0.7758025185285146,4,2.0159250138234185e-08,62341.134544007706
iso_1100C_40h,120955.1077705462,0.7758025185285146,5,2.526863369090349e-08,153964.73896014408
iso_1100C_40h,120955.1077705462,0.7758025185285146,6,3.167299598084116e-08,380440.46547531185
iso_1100C_40h,120955.1077705462,0.7758025185285146,7,3.970055075686648e-08,940378.7579764337
iso_1100C_40h,120955.1077705462,0.7758025185285146,8,4.976269789419122e-08,2325292.517509784
iso_1100C_40h,120955.1077705462,0.7758025185285146,9,6.237510700730634e-08,5752980.306818972
iso_1100C_40h,120955.1077705462,0.7758025185285146,10,7.818414472715056e-08,14245515.880862875
iso_1100C_40h,120955.1077705462,0.7758025185285146,11,9.8e-08,35347981.87047291
iso_1100C_40h,121555.1077705462,0.7763607133963288,0,8.166666666666667e-09,1678.7588691333233
iso_1100C_40h,121555.1077705462,0.7763607133963288,1,1.0236517085738568e-08,4143.9819276256785
iso_1100C_40h,121555.1077705462,0.7763607133963288,2,1.2830973311830731e-08,10229.334465433996
iso_1100C_40h,121555.1077705462,0.7763607133963288,3,1.6082997248964597e-08,25250.92629421241
iso_1100C_40h,121555.1077705462,0.7763607133963288,4,2.0159250138234185e-08,62336.32725975036
iso_1100C_40h,121555.1077705462,0.7763607133963288,5,2.526863369090349e-08,153952.51681842777
iso_1100C_40h,121555.1077705462,0.7763607133963288,6,3.167299598084116e-08,380410.063361057
iso_1100C_40h,121555.1077705462,0.7763607133963288,7,3.970055075686648e-08,940304.2443134318
iso_1100C_40h,121555.1077705462,0.7763607133963288,8,4.976269789419122e-08,2325109.8404203905
iso_1100C_40h,121555.1077705462,0.7763607133963288,9,6.237510700730634e-08,5752530.008734766
iso_1100C_40h,121555.1077705462,0.7763607133963288,10,7.818414472715056e-08,14244398.938047552
iso_1100C_40h,121555.1077705462,0.7763607133963288,11,9.8e-08,35345185.701334566
iso_1100C_40h,122155.1077705462,0.7769158939800669,0,8.166666666666667e-09,1678.6384088334723
iso_1100C_40h,122155.1077705462,0.7769158939800669,1,1.0236517085738568e-08,4143.684572707591
iso_1100C_40h,122155.1077705462,0.7769158939800669,2,1.2830973311830731e-08,10228.600446504308
iso_1100C_40h,122155.1077705462,0.7769158939800669,3,1.6082997248964597e-08,25249.11350705272
iso_1100C_40h,122155.1077705462,0.7769158939800669,4,2.0159250138234185e-08,62331.78254978614
iso_1100C_40h,122155.1077705462,0.7769158939800669,5,2.526863369090349e-08,153940.94415759813
iso_1100C_40h,122155.1077705462,0.7769158939800669,6,3.167299598084116e-08,380381.2642407017
iso_1100C_40h,122155.1077705462,0.7769158939800669,7,3.970055075686648e-08,940233.694033405
iso_1100C_40h,122155.1077705462,0.7769158939800669,8,4.976269789419122e-08,2324936.980377992
iso_1100C_40h,122155.1077705462,0.7769158939800669,9,6.237510700730634e-08,5752104.066861369
iso_1100C_40h,122155.1077705462,0.7769158939800669,10,7.818414472715056e-08,14243342.549435373
iso_1100C_40h,122155.1077705462,0.7769158939800669,11,9.8e-08,35342540.810895406
iso_1100C_40h,122755.1077705462,0.7774680855594738,0,8.166666666666667e-09,1678.524895311415
iso_1100C_40h,122755.1077705462,0.7774680855594738,1,1.0236517085738568e-08,4143.404365766576
iso_1100C_40h,122755.1077705462,0.7774680855594738,2,1.2830973311830731e-08,10227.908756999146
iso_1100C_40h,122755.1077705462,0.7774680855594738,3,1.6082997248964597e-08,25247.405239622025
iso_1100C_40h,122755.1077705462,0.7774680855594738,4,2.0159250138234185e-08,62327.49684645028
iso_1100C_40h,122755.1077705462,0.7774680855594738,5,2.526863369090349e-08,153930.01217070722
iso_1100C_40h,122755.1077705462,0.7774680855594738,6,3.167299598084116e-08,380354.0463556833
iso_1100C_40h,122755.1077705462,0.7774680855594738,7,3.970055075686648e-08,940167.05329428
iso_1100C_40h,122755.1077705462,0.7774680855594738,8,4.976269789419122e-08,2324773.8039979828
iso_1100C_40h,122755.1077705462,0.7774680855594738,9,6.237510700730634e-08,5751702.150273089
iso_1100C_40h,122755.1077705462,0.7774680855594738,10,7.818414472715056e-08,14242345.892252916
iso_1100C_40h,122755.1077705462,0.7774680855594738,11,9.8e-08,35340045.14330719
iso_1100C_40h,123355.1077705462,0.7780173131237333,0,8.166666666666667e-09,1678.418234320748
iso_1100C_40h,123355.1077705462,0.7780173131237333,1,1.0236517085738568e-08,4143.141074157402
iso_1100C_40h,123355.1077705462,0.7780173131237333,2,1.2830973311830731e-08,10227.258822638705
iso_1100C_40h,123355.1077705462,0.7780173131237333,3,1.6082997248964597e-08,25245.800073240564
iso_1100C_40h,123355.1077705462,0.7780173131237333,4,2.0159250138234185e-08,62323.4666334179
iso_1100C_40h,123355.1077705462,0.7780173131237333,5,2.526863369090349e-08,153919.7121774622
iso_1100C_40h,123355.1077705462,0.7780173131237333,6,3.167299598084116e-08,380328.3882605588
iso_1100C_40h,123355.1077705462,0.7780173131237333,7,3.970055075686648e-08,940104.2690289348
iso_1100C_40h,123355.1077705462,0.7780173131237333,8,4.976269789419122e-08,2324620.1798159387
iso_1100C_40h,123355.1077705462,0.7780173131237333,9,6.237510700730634e-08,5751323.9328100355
iso_1100C_40h,123355.1077705462,0.7780173131237333,10,7.818414472715056e-08,14241408.155583253
iso_1100C_40h,123355.1077705462,0.7780173131237333,11,9.8e-08,35337696.6723803
iso_1100C_40h,123955.1077705462,0.7785636013757359,0,8.166666666666667e-09,1678.318332976794
iso_1100C_40h,123955.1077705462,0.7785636013757359,1,1.0236517085738568e-08,4142.894468596222
iso_1100C_40h,123955.1077705462,0.7785636013757359,2,1.2830973311830731e-08,10226.650077440714
iso_1100C_40h,123955.1077705462,0.7785636013757359,3,1.6082997248964597e-08,25244.296609749552
iso_1100C_40h,123955.1077705462,0.7785636013757359,4,2.0159250138234185e-08,62319.68844521429
iso_1100C_40h,123955.1077705462,0.7785636013757359,5,2.526863369090349e-08,153910.0356230182
iso_1100C_40h,123955.1077705462,0.7785636013757359,6,3.167299598084116e-08,380304.268820021
iso_1100C_40h,123955.1077705462,0.7785636013757359,7,3.970055075686648e-08,940045.2889378133
iso_1100C_40h,123955.1077705462,0.7785636013757359,8,4.976269789419122e-08,2324475.9782693014
iso_1100C_40h,123955.1077705462,0.7785636013757359,9,6.237510700730634e-08,5750969.093032555
iso_1100C_40h,123955.1077705462,0.7785636013757359,10,7.818414472715056e-08,14240528.54025233
iso_1100C_40h,123955.1077705462,0.7785636013757359,11,9.8e-08,35335493.40129815
iso_1100C_40h,124555.1077705462,0.7791069747362696,0,8.166666666666667e-09,1678.225099743591
iso_1100C_40h,124555.1077705462,0.7791069747362696,1,1.0236517085738568e-08,4142.6643231284725
iso_1100C_40h,124555.1077705462,0.7791069747362696,2,1.2830973311830731e-08,10226.081963641167
iso_1100C_40h,124555.1077705462,0.7791069747362696,3,1.6082997248964597e-08,25242.8934713141
iso_1100C_40h,124555.1077705462,0.7791069747362696,4,2.0159250138234185e-08,62316.15886672654
iso_1100C_40h,124555.1077705462,0.7791069747362696,5,2.526863369090349e-08,153900.974076775
iso_1100C_40h,124555.1077705462,0.7791069747362696,6,3.167299598084116e-08,380281.6672059228
iso_1100C_40h,124555.1077705462,0.7791069747362696,7,3.970055075686648e-08,939990.0614815585
iso_1100C_40h,124555.1077705462,0.7791069747362696,8,4.976269789419122e-08,2324341.071679113
iso_1100C_40h,124555.1077705462,0.7791069747362696,9,6.237510700730634e-08,5750637.31417583
iso_1100C_40h,124555.1077705462,0.7791069747362696,10,7.818414472715056e-08,14239706.258715687
iso_1100C_40h,124555.1077705462,0.7791069747362696,11,9.8e-08,35333433.36233243
iso_1100C_40h,125155.1077705462,0.7796474573481373,0,8.166666666666667e-09,1678.1384444209432
iso_1100C_40h,125155.1077705462,0.7796474573481373,1,1.0236517085738568e-08,4142.450415096892
iso_1100C_40h,125155.1077705462,0.7796474573481373,2,1.2830973311830731e-08,10225.553931615394
iso_1100C_40h,125155.1077705462,0.7796474573481373,3,1.6082997248964597e-08,25241.589300227104
iso_1100C_40h,125155.1077705462,0.7796474573481373,4,2.0159250138234185e-08,62312.874532717164
iso_1100C_40h,125155.1077705462,0.7796474573481373,5,2.526863369090349e-08,153892.51923117833
iso_1100C_40h,125155.1077705462,0.7796474573481373,6,3.167299598084116e-08,380260.5628943141
iso_1100C_40h,125155.1077705462,0.7796474573481373,7,3.970055075686648e-08,939938.5358736782
iso_1100C_40h,125155.1077705462,0.7796474573481373,8,4.976269789419122e-08,2324215.3342318246
iso_1100C_40h,125155.1077705462,0.7796474573481373,9,6.237510700730634e-08,5750328.284104658
iso_1100C_40h,125155.1077705462,0.7796474573481373,10,7.818414472715056e-08,14238940.53494567
iso_1100C_40h,125155.1077705462,0.7796474573481373,11,9.8e-08,35331514.616559766
iso_1100C_40h,125755.1077705462,0.7801850730801996,0,8.166666666666667e-09,1678.0582781314931
iso_1100C_40h,125755.1077705462,0.7801850730801996,1,1.0236517085738568e-08,4142.2525251096295
iso_1100C_40h,125755.1077705462,0.7801850730801996,2,1.2830973311830731e-08,10225.06543979933
iso_1100C_40h,125755.1077705462,0.7801850730801996,3,1.6082997248964597e-08,25240.382758713506
iso_1100C_40h,125755.1077705462,0.7801850730801996,4,2.0159250138234185e-08,62309.83212733925
iso_1100C_40h,125755.1077705462,0.7801850730801996,5,2.526863369090349e-08,153884.6629005246
iso_1100C_40h,125755.1077705462,0.7801850730801996,6,3.167299598084116e-08,380240.93566248624
iso_1100C_40h,125755.1077705462,0.7801850730801996,7,3.970055075686648e-08,939890.6620732285
iso_1100C_40h,125755.1077705462,0.7801850730801996,8,4.976269789419122e-08,2324098.641961153
iso_1100C_40h,125755.1077705462,0.7801850730801996,9,6.237510700730634e-08,5750041.695268353
iso_1100C_40h,125755.1077705462,0.7801850730801996,10,7.818414472715056e-08,14238230.604318963
iso_1100C_40h,125755.1077705462,0.7801850730801996,11,9.8e-08,35329735.25357905
iso_1100C_40h,126355.1077705462,0.7807198455313458,0,8.166666666666667e-09,1677.9845133078431
iso_1100C_40h,126355.1077705462,0.7807198455313458,1,1.0236517085738568e-08,4142.070437008431
iso_1100C_40h,126355.1077705462,0.7807198455313458,2,1.2830973311830731e-08,10224.615954610983
iso_1100C_40h,126355.1077705462,0.7807198455313458,3,1.6082997248964597e-08,25239.272528735302
iso_1100C_40h,126355.1077705462,0.7807198455313458,4,2.0159250138234185e-08,62307.02838365282
iso_1100C_40h,126355.1077705462,0.7807198455313458,5,2.526863369090349e-08,153877.3970197692
iso_1100C_40h,126355.1077705462,0.7807198455313458,6,3.167299598084116e-08,380222.76558602584
iso_1100C_40h,126355.1077705462,0.7807198455313458,7,3.970055075686648e-08,939846.3907775211
iso_1100C_40h,126355.1077705462,0.7807198455313458,8,4.976269789419122e-08,2323990.872730001
iso_1100C_40h,126355.1077705462,0.7807198455313458,9,6.237510700730634e-08,5749777.244655794
iso_1100C_40h,126355.1077705462,0.7807198455313458,10,7.818414472715056e-08,14237575.713504476
iso_1100C_40h,126355.1077705462,0.7807198455313458,11,9.8e-08,35328093.39122994
iso_1100C_40h,126955.1077705462,0.7812517980343949,0,8.166666666666667e-09,1677.9170636796794
iso_1100C_40h,126955.1077705462,0.7812517980343949,1,1.0236517085738568e-08,4141.903937836876
iso_1100C_40h,126955.1077705462,0.7812517980343949,2,1.2830973311830731e-08,10224.204950372032
iso_1100C_40h,126955.1077705462,0.7812517980343949,3,1.6082997248964597e-08,25238.257311796737
iso_1100C_40h,126955.1077705462,0.7812517980343949,4,2.0159250138234185e-08,62304.46008314202
iso_1100C_40h,126955.1077705462,0.7812517980343949,5,2.526863369090349e-08,153870.71364333606
iso_1100C_40h,126955.1077705462,0.7812517980343949,6,3.167299598084116e-08,380206.0330358713
iso_1100C_40h,126955.1077705462,0.7812517980343949,7,3.970055075686648e-08,939805.6734148378
iso_1100C_40h,126955.1077705462,0.7812517980343949,8,4.976269789419122e-08,2323891.9062123867
iso_1100C_40h,126955.1077705462,0.7812517980343949,9,6.237510700730634e-08,5749534.633750524
iso_1100C_40h,126955.1077705462,0.7812517980343949,10,7.818414472715056e-08,14236975.120351415
iso_1100C_40h,126955.1077705462,0.7812517980343949,11,9.8e-08,35326587.1753116
iso_1100C_40h,127555.1077705462,0.7817809536599286,0,8.166666666666667e-09,1677.8558442609112
iso_1100C_40h,127555.1077705462,0.7817809536599286,1,1.0236517085738568e-08,4141.752817808619
iso_1100C_40h,127555.1077705462,0.7817809536599286,2,1.2830973311830731e-08,10223.831909229422
iso_1100C_40h,127555.1077705462,0.7817809536599286,3,1.6082997248964597e-08,25237.33582874965
iso_1100C_40h,127555.1077705462,0.7817809536599286,4,2.0159250138234185e-08,62302.124055232605
iso_1100C_40h,127555.1077705462,0.7817809536599286,5,2.526863369090349e-08,153864.60494392828
iso_1100C_40h,127555.1077705462,0.7817809536599286,6,3.167299598084116e-08,380190.7186753723
iso_1100C_40h,127555.1077705462,0.7817809536599286,7,3.970055075686648e-08,939768.4621371517
iso_1100C_40h,127555.1077705462,0.7817809536599286,8,4.976269789419122e-08,2323801.6238753996
iso_1100C_40h,127555.1077705462,0.7817809536599286,9,6.237510700730634e-08,5749313.568485899
iso_1100C_40h,127555.1077705462,0.7817809536599286,10,7.818414472715056e-08,14236428.093777409
iso_1100C_40h,127555.1077705462,0.7817809536599286,11,9.8e-08,35325214.7793019
iso_1100C_40h,128155.1077705462,0.7823073352200551,0,8.166666666666667e-09,1677.8007713368418
iso_1100C_40h,128155.1077705462,0.7823073352200551,1,1.0236517085738568e-08,4141.616870275717
iso_1100C_40h,128155.1077705462,0.7823073352200551,2,1.2830973311830731e-08,10223.496321077191
iso_1100C_40h,128155.1077705462,0.7823073352200551,3,1.6082997248964597e-08,25236.506819599395
iso_1100C_40h,128155.1077705462,0.7823073352200551,4,2.0159250138234185e-08,62300.017176810725
iso_1100C_40h,128155.1077705462,0.7823073352200551,5,2.526863369090349e-08,153859.063211342
iso_1100C_40h,128155.1077705462,0.7823073352200551,6,3.167299598084116e-08,380176.8034573569
iso_1100C_40h,128155.1077705462,0.7823073352200551,7,3.970055075686648e-08,939734.7098128668
iso_1100C_40h,128155.1077705462,0.7823073352200551,8,4.976269789419122e-08,2323719.9089611974
iso_1100C_40h,128155.1077705462,0.7823073352200551,9,6.237510700730634e-08,5749113.7592003485
iso_1100C_40h,128155.1077705462,0.7823073352200551,10,7.818414472715056e-08,14235933.913657015
iso_1100C_40h,128155.1077705462,0.7823073352200551,11,9.8e-08,35323974.404077336
iso_1100C_40h,128755.1077705462,0.7828309652721084,0,8.166666666666667e-09,1677.751762451318
iso_1100C_40h,128755.1077705462,0.7828309652721084,1,1.0236517085738568e-08,4141.49589169693
iso_1100C_40h,128755.1077705462,0.7828309652721084,2,1.2830973311830731e-08,10223.197683478198
iso_1100C_40h,128755.1077705462,0.7828309652721084,3,1.6082997248964597e-08,25235.769043310516
iso_1100C_40h,128755.1077705462,0.7828309652721084,4,2.0159250138234185e-08,62298.136371741246
iso_1100C_40h,128755.1077705462,0.7828309652721084,5,2.526863369090349e-08,153854.08085127882
iso_1100C_40h,128755.1077705462,0.7828309652721084,6,3.167299598084116e-08,380164.26862119563
iso_1100C_40h,128755.1077705462,0.7828309652721084,7,3.970055075686648e-08,939704.3700195506
iso_1100C_40h,128755.1077705462,0.7828309652721084,8,4.976269789419122e-08,2323646.6464689896
iso_1100C_40h,128755.1077705462,0.7828309652721084,9,6.237510700730634e-08,5748934.920592603
iso_1100C_40h,128755.1077705462,0.7828309652721084,10,7.818414472715056e-08,14235491.870710077
iso_1100C_40h,128755.1077705462,0.7828309652721084,11,9.8e-08,35322864.2776329
iso_1100C_40h,129355.1077705462,0.7833518661222825,0,8.166666666666667e-09,1677.7087363939004
iso_1100C_40h,129355.1077705462,0.7833518661222825,1,1.0236517085738568e-08,4141.389681606024
iso_1100C_40h,129355.1077705462,0.7833518661222825,2,1.2830973311830731e-08,10222.935501585913
iso_1100C_40h,129355.1077705462,0.7833518661222825,3,1.6082997248964597e-08,25235.121277612692
iso_1100C_40h,129355.1077705462,0.7833518661222825,4,2.0159250138234185e-08,62296.478610386686
iso_1100C_40h,129355.1077705462,0.7833518661222825,5,2.526863369090349e-08,153849.65038415976
iso_1100C_40h,129355.1077705462,0.7833518661222825,6,3.167299598084116e-08,380153.09568986774
iso_1100C_40h,129355.1077705462,0.7833518661222825,7,3.970055075686648e-08,939677.3970366754
iso_1100C_40h,129355.1077705462,0.7833518661222825,8,4.976269789419122e-08,2323581.7231370383
iso_1100C_40h,129355.1077705462,0.7833518661222825,9,6.237510700730634e-08,5748776.771676965
iso_1100C_40h,129355.1077705462,0.7833518661222825,10,7.818414472715056e-08,14235101.266390251
iso_1100C_40h,129355.1077705462,0.7833518661222825,11,9.8e-08,35321882.65480222
iso_1100C_40h,129955.1077705462,0.7838700598292019,0,8.166666666666667e-09,1677.6716131870273
iso_1100C_40h,129955.1077705462,0.7838700598292019,1,1.0236517085738568e-08,4141.298042580104
iso_1100C_40h,129955.1077705462,0.7838700598292019,2,1.2830973311830731e-08,10222.70928806622
iso_1100C_40h,129955.1077705462,0.7838700598292019,3,1.6082997248964597e-08,25234.562318806693
iso_1100C_40h,129955.1077705462,0.7838700598292019,4,2.0159250138234185e-08,62295.040909126175
iso_1100C_40h,129955.1077705462,0.7838700598292019,5,2.526863369090349e-08,153845.76444393903
iso_1100C_40h,129955.1077705462,0.7838700598292019,6,3.167299598084116e-08,380143.26646703016
iso_1100C_40h,129955.1077705462,0.7838700598292019,7,3.970055075686648e-08,939653.745838359
iso_1100C_40h,129955.1077705462,0.7838700598292019,8,4.976269789419122e-08,2323525.0274246624
iso_1100C_40h,129955.1077705462,0.7838700598292019,9,6.237510700730634e-08,5748639.035738605
iso_1100C_40h,129955.1077705462,0.7838700598292019,10,7.818414472715056e-08,14234761.412773585
iso_1100C_40h,129955.1077705462,0.7838700598292019,11,9.8e-08,35321027.81697791
iso_1100C_40h,130555.1077705462,0.7843855682074312,0,8.166666666666667e-09,1677.6403140731838
iso_1100C_40h,130555.1077705462,0.7843855682074312,1,1.0236517085738568e-08,4141.220780207931
iso_1100C_40h,130555.1077705462,0.7843855682074312,2,1.2830973311830731e-08,10222.51856301921
iso_1100C_40h,130555.1077705462,0.7843855682074312,3,1.6082997248964597e-08,25234.09098157039
iso_1100C_40h,130555.1077705462,0.7843855682074312,4,2.0159250138234185e-08,62293.82032987447
iso_1100C_40h,130555.1077705462,0.7843855682074312,5,2.526863369090349e-08,153842.4157769187
iso_1100C_40h,130555.1077705462,0.7843855682074312,6,3.167299598084116e-08,380134.76303408406
iso_1100C_40h,130555.1077705462,0.7843855682074312,7,3.970055075686648e-08,939633.372086108
iso_1100C_40h,130555.1077705462,0.7843855682074312,8,4.976269789419122e-08,2323476.449494249
iso_1100C_40h,130555.1077705462,0.7843855682074312,9,6.237510700730634e-08,5748521.440288849
iso_1100C_40h,130555.1077705462,0.7843855682074312,10,7.818414472715056e-08,14234471.632447088
iso_1100C_40h,130555.1077705462,0.7843855682074312,11,9.8e-08,35320298.07183202
iso_1100C_40h,131155.1077705462,0.7848984128309233,0,8.166666666666667e-09,1677.6147615020468
iso_1100C_40h,131155.1077705462,0.7848984128309233,1,1.0236517085738568e-08,4141.157703058198
iso_1100C_40h,131155.1077705462,0.7848984128309233,2,1.2830973311830731e-08,10222.36285390089
iso_1100C_40h,131155.1077705462,0.7848984128309233,3,1.6082997248964597e-08,25233.706098764516
iso_1100C_40h,131155.1077705462,0.7848984128309233,4,2.0159250138234185e-08,62292.81397960055
iso_1100C_40h,131155.1077705462,0.7848984128309233,5,2.526863369090349e-08,153839.59724056095
iso_1100C_40h,131155.1077705462,0.7848984128309233,6,3.167299598084116e-08,380127.56774724025
iso_1100C_40h,131155.1077705462,0.7848984128309233,7,3.970055075686648e-08,939616.2321215511
iso_1100C_40h,131155.1077705462,0.7848984128309233,8,4.976269789419122e-08,2323435.881193237
iso_1100C_40h,131155.1077705462,0.7848984128309233,9,6.237510700730634e-08,5748423.71702044
iso_1100C_40h,131155.1077705462,0.7848984128309233,10,7.818414472715056e-08,14234231.258397229
iso_1100C_40h,131155.1077705462,0.7848984128309233,11,9.8e-08,35319691.753036305
iso_1100C_40h,131755.1077705462,0.7854086150364076,0,8.166666666666667e-09,1677.5948791176504
iso_1100C_40h,131755.1077705462,0.7854086150364076,1,1.0236517085738568e-08,4141.108622647843
iso_1100C_40h,131755.1077705462,0.7854086150364076,2,1.2830973311830731e-08,10222.241695444933
iso_1100C_40h,131755.1077705462,0.7854086150364076,3,1.6082997248964597e-08,25233.40652123869
iso_1100C_40h,131755.1077705462,0.7854086150364076,4,2.0159250138234185e-08,62292.01900984667
iso_1100C_40h,131755.1077705462,0.7854086150364076,5,2.526863369090349e-08,153837.30180230254
iso_1100C_40h,131755.1077705462,0.7854086150364076,6,3.167299598084116e-08,380121.66323458654
iso_1100C_40h,131755.1077705462,0.7854086150364076,7,3.970055075686648e-08,939602.2829591824
iso_1100C_40h,131755.1077705462,0.7854086150364076,8,4.976269789419122e-08,2323403.2160361297
iso_1100C_40h,131755.1077705462,0.7854086150364076,9,6.237510700730634e-08,5748345.601762825
iso_1100C_40h,131755.1077705462,0.7854086150364076,10,7.818414472715056e-08,14234039.63389857
iso_1100C_40h,131755.1077705462,0.7854086150364076,11,9.8e-08,35319207.21998277
iso_1100C_40h,132355.1077705462,0.7859161959267211,0,8.166666666666667e-09,1677.5805917455311
iso_1100C_40h,132355.1077705462,0.7859161959267211,1,1.0236517085738568e-08,4141.073353410315
iso_1100C_40h,132355.1077705462,0.7859161959267211,2,1.2830973311830731e-08,10222.15462958438
iso_1100C_40h,132355.1077705462,0.7859161959267211,3,1.6082997248964597e-08,25233.191117637172
iso_1100C_40h,132355.1077705462,0.7859161959267211,4,2.0159250138234185e-08,62291.432616246944
iso_1100C_40h,132355.1077705462,0.7859161959267211,5,2.526863369090349e-08,153835.52253836757
iso_1100C_40h,132355.1077705462,0.7859161959267211,6,3.167299598084116e-08,380117.0323931521
iso_1100C_40h,132355.1077705462,0.7859161959267211,7,3.970055075686648e-08,939591.482279094
iso_1100C_40h,132355.1077705462,0.7859161959267211,8,4.976269789419122e-08,2323378.3491864773
iso_1100C_40h,132355.1077705462,0.7859161959267211,9,6.237510700730634e-08,5748286.834437429
iso_1100C_40h,132355.1077705462,0.7859161959267211,10,7.818414472715056e-08,14233896.112402257
iso_1100C_40h,132355.1077705462,0.7859161959267211,11,9.8e-08,35318842.8575042
iso_1100C_40h,132955.1077705462,0.7864211763740818,0,8.166666666666667e-09,1677.5718253798618
iso_1100C_40h,132955.1077705462,0.7864211763740818,1,1.0236517085738568e-08,4141.051712663814
iso_1100C_40h,132955.1077705462,0.7864211763740818,2,1.2830973311830731e-08,10222.101205373221
iso_1100C_40h,132955.1077705462,0.7864211763740818,3,1.6082997248964597e-08,25233.058774204583
iso_1100C_40h,132955.1077705462,0.7864211763740818,4,2.0159250138234185e-08,62291.05203804556
iso_1100C_40h,132955.1077705462,0.7864211763740818,5,2.526863369090349e-08,153834.2526325794
iso_1100C_40h,132955.1077705462,0.7864211763740818,6,3.167299598084116e-08,380113.65838597016
iso_1100C_40h,132955.1077705462,0.7864211763740818,7,3.970055075686648e-08,939583.7884197071
iso_1100C_40h,132955.1077705462,0.7864211763740818,8,4.976269789419122e-08,2323361.1774388603
iso_1100C_40h,132955.1077705462,0.7864211763740818,9,6.237510700730634e-08,5748247.159012867
iso_1100C_40h,132955.1077705462,0.7864211763740818,10,7.818414472715056e-08,14233800.057424521
iso_1100C_40h,132955.1077705462,0.7864211763740818,11,9.8e-08,35318597.07559427
iso_1100C_40h,133555.1077705462,0.7869235770233065,0,8.166666666666667e-09,1677.5685071705966
iso_1100C_40h,133555.1077705462,0.7869235770233065,1,1.0236517085738568e-08,4141.043520579576
iso_1100C_40h,133555.1077705462,0.7869235770233065,2,1.2830973311830731e-08,10222.08097890808
iso_1100C_40h,133555.1077705462,0.7869235770233065,3,1.6082997248964597e-08,25233.00839459167
iso_1100C_40h,133555.1077705462,0.7869235770233065,4,2.0159250138234185e-08,62290.87455761553
iso_1100C_40h,133555.1077705462,0.7869235770233065,5,2.526863369090349e-08,153833.4853751736
iso_1100C_40h,133555.1077705462,0.7869235770233065,6,3.167299598084116e-08,380111.5246391425
iso_1100C_40h,133555.1077705462,0.7869235770233065,7,3.970055075686648e-08,939579.1603705052
iso_1100C_40h,133555.1077705462,0.7869235770233065,8,4.976269789419122e-08,2323351.59920088
iso_1100C_40h,133555.1077705462,0.7869235770233065,9,6.237510700730634e-08,5748226.323460234
iso_1100C_40h,133555.1077705462,0.7869235770233065,10,7.818414472715056e-08,14233750.842435235
iso_1100C_40h,133555.1077705462,0.7869235770233065,11,9.8e-08,35318468.30912838
iso_1100C_40h,134155.1077705462,0.7874234182949732,0,8.166666666666667e-09,1677.570565410599
iso_1100C_40h,134155.1077705462,0.7874234182949732,1,1.0236517085738568e-08,4141.04860015007
iso_1100C_40h,134155.1077705462,0.7874234182949732,2,1.2830973311830731e-08,10222.093513249763
iso_1100C_40h,134155.1077705462,0.7874234182949732,3,1.6082997248964597e-08,25233.03889966098
iso_1100C_40h,134155.1077705462,0.7874234182949732,4,2.0159250138234185e-08,62290.89749997676
iso_1100C_40h,134155.1077705462,0.7874234182949732,5,2.526863369090349e-08,153833.21416160985
iso_1100C_40h,134155.1077705462,0.7874234182949732,6,3.167299598084116e-08,380110.614838901
iso_1100C_40h,134155.1077705462,0.7874234182949732,7,3.970055075686648e-08,939577.5577647625
iso_1100C_40h,134155.1077705462,0.7874234182949732,8,4.976269789419122e-08,2323349.514475127
iso_1100C_40h,134155.1077705462,0.7874234182949732,9,6.237510700730634e-08,5748224.079708311
iso_1100C_40h,134155.1077705462,0.7874234182949732,10,7.818414472715056e-08,14233747.850746365
iso_1100C_40h,134155.1077705462,0.7874234182949732,11,9.8e-08,35318455.01758386
iso_1100C_40h,134755.1077705462,0.7879207203885309,0,8.166666666666667e-09,1677.5779295227662
iso_1100C_40h,134755.1077705462,0.7879207203885309,1,1.0236517085738568e-08,4141.0667771572325
iso_1100C_40h,134755.1077705462,0.7879207203885309,2,1.2830973311830731e-08,10222.138378344818
iso_1100C_40h,134755.1077705462,0.7879207203885309,3,1.6082997248964597e-08,25233.149227292364
iso_1100C_40h,134755.1077705462,0.7879207203885309,4,2.0159250138234185e-08,62291.11823231418
iso_1100C_40h,134755.1077705462,0.7879207203885309,5,2.526863369090349e-08,153833.43249138302
iso_1100C_40h,134755.1077705462,0.7879207203885309,6,3.167299598084116e-08,380110.91292866867
iso_1100C_40h,134755.1077705462,0.7879207203885309,7,3.970055075686648e-08,939578.9408722677
iso_1100C_40h,134755.1077705462,0.7879207203885309,8,4.976269789419122e-08,2323354.8248411557
iso_1100C_40h,134755.1077705462,0.7879207203885309,9,6.237510700730634e-08,5748240.183598778
iso_1100C_40h,134755.1077705462,0.7879207203885309,10,7.818414472715056e-08,14233790.475400437
iso_1100C_40h,134755.1077705462,0.7879207203885309,11,9.8e-08,35318555.68476041
iso_1100C_40h,135355.1077705462,0.7884155032853558,0,8.166666666666667e-09,1677.5905300471527
iso_1100C_40h,135355.1077705462,0.7884155032853558,1,1.0236517085738568e-08,4141.097880140687
iso_1100C_40h,135355.1077705462,0.7884155032853558,2,1.2830973311830731e-08,10222.215150947064
iso_1100C_40h,135355.1077705462,0.7884155032853558,3,1.6082997248964597e-08,25233.338332188694
iso_1100C_40h,135355.1077705462,0.7884155032853558,4,2.0159250138234185e-08,62291.53416349597
iso_1100C_40h,135355.1077705462,0.7884155032853558,5,2.526863369090349e-08,153834.13396683513
iso_1100C_40h,135355.1077705462,0.7884155032853558,6,3.167299598084116e-08,380112.40310612123
iso_1100C_40h,135355.1077705462,0.7884155032853558,7,3.970055075686648e-08,939583.2705920537
iso_1100C_40h,135355.1077705462,0.7884155032853558,8,4.976269789419122e-08,2323367.4334374545
iso_1100C_40h,135355.1077705462,0.7884155032853558,9,6.237510700730634e-08,5748274.394841475
iso_1100C_40h,135355.1077705462,0.7884155032853558,10,7.818414472715056e-08,14233878.119059054
iso_1100C_40h,135355.1077705462,0.7884155032853558,11,9.8e-08,35318768.818500705
iso_1100C_40h,135955.1077705462,0.7889077867517564,0,8.166666666666667e-09,1677.6082986280965
iso_1100C_40h,135955.1077705462,0.7889077867517564,1,1.0236517085738568e-08,4141.141740365949
iso_1100C_40h,135955.1077705462,0.7889077867517564,2,1.2830973311830731e-08,10222.323414539156
iso_1100C_40h,135955.1077705462,0.7889077867517564,3,1.6082997248964597e-08,25233.605185681434
iso_1100C_40h,135955.1077705462,0.7889077867517564,4,2.0159250138234185e-08,62292.14274359172
iso_1100C_40h,135955.1077705462,0.7889077867517564,5,2.526863369090349e-08,153835.31229196695
iso_1100C_40h,135955.1077705462,0.7889077867517564,6,3.167299598084116e-08,380115.0698202485
iso_1100C_40h,135955.1077705462,0.7889077867517564,7,3.970055075686648e-08,939590.5084451229
iso_1100C_40h,135955.1077705462,0.7889077867517564,8,4.976269789419122e-08,2323387.244943426
iso_1100C_40h,135955.1077705462,0.7889077867517564,9,6.237510700730634e-08,5748326.476969604
iso_1100C_40h,135955.1077705462,0.7889077867517564,10,7.818414472715056e-08,14234010.193891406
iso_1100C_40h,135955.1077705462,0.7889077867517564,11,9.8e-08,35319092.95041097
iso_1100C_40h,136555.1077705462,0.7893975903419285,0,8.166666666666667e-09,1677.6311680013407
iso_1100C_40h,136555.1077705462,0.7893975903419285,1,1.0236517085738568e-08,4141.198191792648
iso_1100C_40h,136555.1077705462,0.7893975903419285,2,1.2830973311830731e-08,10222.462759254098
iso_1100C_40h,136555.1077705462,0.7893975903419285,3,1.6082997248964597e-08,25233.948775536308
iso_1100C_40h,136555.1077705462,0.7893975903419285,4,2.0159250138234185e-08,62292.941463390816
iso_1100C_40h,136555.1077705462,0.7893975903419285,5,2.526863369090349e-08,153836.9612712499
iso_1100C_40h,136555.1077705462,0.7893975903419285,6,3.167299598084116e-08,380118.89776841673
iso_1100C_40h,136555.1077705462,0.7893975903419285,7,3.970055075686648e-08,939600.616567176
iso_1100C_40h,136555.1077705462,0.7893975903419285,8,4.976269789419122e-08,2323414.165561356
iso_1100C_40h,136555.1077705462,0.7893975903419285,9,6.237510700730634e-08,5748396.197294989
iso_1100C_40h,136555.1077705462,0.7893975903419285,10,7.818414472715056e-08,14234186.121462788
iso_1100C_40h,136555.1077705462,0.7893975903419285,11,9.8e-08,35319526.63558167
iso_1100C_40h,137155.1077705462,0.7898849334008591,0,8.166666666666667e-09,1677.659071981153
iso_1100C_40h,137155.1077705462,0.7898849334008591,1,1.0236517085738568e-08,4141.267071042727
iso_1100C_40h,137155.1077705462,0.7898849334008591,2,1.2830973311830731e-08,10222.63278179676
iso_1100C_40h,137155.1077705462,0.7898849334008591,3,1.6082997248964597e-08,25234.368105758884
iso_1100C_40h,137155.1077705462,0.7898849334008591,4,2.0159250138234185e-08,62293.927853920504
iso_1100C_40h,137155.1077705462,0.7898849334008591,5,2.526863369090349e-08,153839.0748084375
iso_1100C_40h,137155.1077705462,0.7898849334008591,6,3.167299598084116e-08,380123.8718934288
iso_1100C_40h,137155.1077705462,0.7898849334008591,7,3.970055075686648e-08,939613.557701338
iso_1100C_40h,137155.1077705462,0.7898849334008591,8,4.976269789419122e-08,2323448.102998391
iso_1100C_40h,137155.1077705462,0.7898849334008591,9,6.237510700730634e-08,5748483.326863303
iso_1100C_40h,137155.1077705462,0.7898849334008591,10,7.818414472715056e-08,14234405.332623174
iso_1100C_40h,137155.1077705462,0.7898849334008591,11,9.8e-08,35320068.45230828
iso_1100C_40h,137755.1077705462,0.7903698350671847,0,8.166666666666667e-09,1677.6919454474657
iso_1100C_40h,137755.1077705462,0.7903698350671847,1,1.0236517085738568e-08,4141.3482173687025
iso_1100C_40h,137755.1077705462,0.7903698350671847,2,1.2830973311830731e-08,10222.83308536552
iso_1100C_40h,137755.1077705462,0.7903698350671847,3,1.6082997248964597e-08,25234.862196400572
iso_1100C_40h,137755.1077705462,0.7903698350671847,4,2.0159250138234185e-08,62295.09948596505
iso_1100C_40h,137755.1077705462,0.7903698350671847,5,2.526863369090349e-08,153841.64690537908
iso_1100C_40h,137755.1077705462,0.7903698350671847,6,3.167299598084116e-08,380129.9773805914
iso_1100C_40h,137755.1077705462,0.7903698350671847,7,3.970055075686648e-08,939629.2951908965
iso_1100C_40h,137755.1077705462,0.7903698350671847,8,4.976269789419122e-08,2323488.9664485417
iso_1100C_40h,137755.1077705462,0.7903698350671847,9,6.237510700730634e-08,5748587.640409382
iso_1100C_40h,137755.1077705462,0.7903698350671847,10,7.818414472715056e-08,14234667.267395914
iso_1100C_40h,137755.1077705462,0.7903698350671847,11,9.8e-08,35320717.00181254
iso_1100C_40h,138355.1077705462,0.7908523142759988,0,8.166666666666667e-09,1677.7297243330022
iso_1100C_40h,138355.1077705462,0.7908523142759988,1,1.0236517085738568e-08,4141.441472621882
iso_1100C_40h,138355.1077705462,0.7908523142759988,2,1.2830973311830731e-08,10223.063279573837
iso_1100C_40h,138355.1077705462,0.7908523142759988,3,1.6082997248964597e-08,25235.430083364332
iso_1100C_40h,138355.1077705462,0.7908523142759988,4,2.0159250138234185e-08,62296.453969584276
iso_1100C_40h,138355.1077705462,0.7908523142759988,5,2.526863369090349e-08,153844.6716608323
iso_1100C_40h,138355.1077705462,0.7908523142759988,6,3.167299598084116e-08,380137.1996547783
iso_1100C_40h,138355.1077705462,0.7908523142759988,7,3.970055075686648e-08,939647.7929720363
iso_1100C_40h,138355.1077705462,0.7908523142759988,8,4.976269789419122e-08,2323536.666574674
iso_1100C_40h,138355.1077705462,0.7908523142759988,9,6.237510700730634e-08,5748708.916312516
iso_1100C_40h,138355.1077705462,0.7908523142759988,10,7.818414472715056e-08,14234971.374866422
iso_1100C_40h,138355.1077705462,0.7908523142759988,11,9.8e-08,35321470.90796354
iso_1100C_40h,138955.1077705462,0.7913323897616147,0,8.166666666666667e-09,1677.772345610435
iso_1100C_40h,138955.1077705462,0.7913323897616147,1,1.0236517085738568e-08,4141.546681220662
iso_1100C_40h,138955.1077705462,0.7913323897616147,2,1.2830973311830731e-08,10223.322980371957
iso_1100C_40h,138955.1077705462,0.7913323897616147,3,1.6082997248964597e-08,25236.070818210963
iso_1100C_40h,138955.1077705462,0.7913323897616147,4,2.0159250138234185e-08,62297.98895363343
iso_1100C_40h,138955.1077705462,0.7913323897616147,5,2.526863369090349e-08,153848.1432692786
iso_1100C_40h,138955.1077705462,0.7913323897616147,6,3.167299598084116e-08,380145.52437750064
iso_1100C_40h,138955.1077705462,0.7913323897616147,7,3.970055075686648e-08,939669.0155665865
iso_1100C_40h,138955.1077705462,0.7913323897616147,8,4.976269789419122e-08,2323591.1154905385
iso_1100C_40h,138955.1077705462,0.7913323897616147,9,6.237510700730634e-08,5748846.936551809
iso_1100C_40h,138955.1077705462,0.7913323897616147,10,7.818414472715056e-08,14235317.113071093
iso_1100C_40h,138955.1077705462,0.7913323897616147,11,9.8e-08,35322328.81699955
iso_1100C_40h,139555.1077705462,0.7918100800602822,0,8.166666666666667e-09,1677.8197472795391
iso_1100C_40h,139555.1077705462,0.7918100800602822,1,1.0236517085738568e-08,4141.663690118826
iso_1100C_40h,139555.1077705462,0.7918100800602822,2,1.2830973311830731e-08,10223.611809968676
iso_1100C_40h,139555.1077705462,0.7918100800602822,3,1.6082997248964597e-08,25236.783467965328
iso_1100C_40h,139555.1077705462,0.7918100800602822,4,2.0159250138234185e-08,62299.70212528295
iso_1100C_40h,139555.1077705462,0.7918100800602822,5,2.526863369090349e-08,153852.05601973855
iso_1100C_40h,139555.1077705462,0.7918100800602822,6,3.167299598084116e-08,380154.9374439782
iso_1100C_40h,139555.1077705462,0.7918100800602822,7,3.970055075686648e-08,939692.9280747719
iso_1100C_40h,139555.1077705462,0.7918100800602822,8,4.976269789419122e-08,2323652.2267428027
iso_1100C_40h,139555.1077705462,0.7918100800602822,9,6.237510700730634e-08,5749001.486661599
iso_1100C_40h,139555.1077705462,0.7918100800602822,10,7.818414472715056e-08,14235703.948886255
iso_1100C_40h,139555.1077705462,0.7918100800602822,11,9.8e-08,35323289.3972499
iso_1100C_40h,140155.1077705462,0.7922854035128595,0,8.166666666666667e-09,1677.871868354363
iso_1100C_40h,140155.1077705462,0.7922854035128595,1,1.0236517085738568e-08,4141.792348773864
iso_1100C_40h,140155.1077705462,0.7922854035128595,2,1.2830973311830731e-08,10223.92939675315
iso_1100C_40h,140155.1077705462,0.7922854035128595,3,1.6082997248964597e-08,25237.56711492282
iso_1100C_40h,140155.1077705462,0.7922854035128595,4,2.0159250138234185e-08,62301.59120953891
iso_1100C_40h,140155.1077705462,0.7922854035128595,5,2.526863369090349e-08,153856.404294589
iso_1100C_40h,140155.1077705462,0.7922854035128595,6,3.167299598084116e-08,380165.4249802134
iso_1100C_40h,140155.1077705462,0.7922854035128595,7,3.970055075686648e-08,939719.4961679719
iso_1100C_40h,140155.1077705462,0.7922854035128595,8,4.976269789419122e-08,2323719.9152931105
iso_1100C_40h,140155.1077705462,0.7922854035128595,9,6.237510700730634e-08,5749172.355686885
iso_1100C_40h,140155.1077705462,0.7922854035128595,10,7.818414472715056e-08,14236131.357917266
iso_1100C_40h,140155.1077705462,0.7922854035128595,11,9.8e-08,35324351.338857286
iso_1100C_40h,140755.1077705462,0.7927583782674406,0,8.166666666666667e-09,1677.9286488504313
iso_1100C_40h,140755.1077705462,0.7927583782674406,1,1.0236517085738568e-08,4141.932509115393
iso_1100C_40h,140755.1077705462,0.7927583782674406,2,1.2830973311830731e-08,10224.275375216912
iso_1100C_40h,140755.1077705462,0.7927583782674406,3,1.6082997248964597e-08,25238.42085645636
iso_1100C_40h,140755.1077705462,0.7927583782674406,4,2.0159250138234185e-08,62303.65396876473
iso_1100C_40h,140755.1077705462,0.7927583782674406,5,2.526863369090349e-08,153861.18256838276
iso_1100C_40h,140755.1077705462,0.7927583782674406,6,3.167299598084116e-08,380176.97334007325
iso_1100C_40h,140755.1077705462,0.7927583782674406,7,3.970055075686648e-08,939748.6860814982
iso_1100C_40h,140755.1077705462,0.7927583782674406,8,4.976269789419122e-08,2323794.0975001836
iso_1100C_40h,140755.1077705462,0.7927583782674406,9,6.237510700730634e-08,5749359.33613891
iso_1100C_40h,140755.1077705462,0.7927583782674406,10,7.818414472715056e-08,14236598.82438792
iso_1100C_40h,140755.1077705462,0.7927583782674406,11,9.8e-08,35325513.35350086
iso_1100C_40h,141355.1077705462,0.7932290222819405,0,8.166666666666667e-09,1677.990029771952
iso_1100C_40h,141355.1077705462,0.7932290222819405,1,1.0236517085738568e-08,4142.084025513572
iso_1100C_40h,141355.1077705462,0.7932290222819405,2,1.2830973311830731e-08,10224.649385875928
iso_1100C_40h,141355.1077705462,0.7932290222819405,3,1.6082997248964597e-08,25239.34380482352
iso_1100C_40h,141355.1077705462,0.7932290222819405,4,2.0159250138234185e-08,62305.88820220308
iso_1100C_40h,141355.1077705462,0.7932290222819405,5,2.526863369090349e-08,153866.3854066695
iso_1100C_40h,141355.1077705462,0.7932290222819405,6,3.167299598084116e-08,380189.5691023728
iso_1100C_40h,141355.1077705462,0.7932290222819405,7,3.970055075686648e-08,939780.4646073767
iso_1100C_40h,141355.1077705462,0.7932290222819405,8,4.976269789419122e-08,2323874.6911019324
iso_1100C_40h,141355.1077705462,0.7932290222819405,9,6.237510700730634e-08,5749562.223950739
iso_1100C_40h,141355.1077705462,0.7932290222819405,10,7.818414472715056e-08,14237105.841029914
iso_1100C_40h,141355.1077705462,0.7932290222819405,11,9.8e-08,35326774.174119465
iso_1100C_40h,141955.1077705462,0.7936973533266375,0,8.166666666666667e-09,1678.0559530990574
iso_1100C_40h,141955.1077705462,0.7936973533266375,1,1.0236517085738568e-08,4142.246754747607
iso_1100C_40h,141955.1077705462,0.7936973533266375,2,1.2830973311830731e-08,10225.051075192843
iso_1100C_40h,141955.1077705462,0.7936973533266375,3,1.6082997248964597e-08,25240.33508697407
iso_1100C_40h,141955.1077705462,0.7936973533266375,4,2.0159250138234185e-08,62308.291745499126
iso_1100C_40h,141955.1077705462,0.7936973533266375,5,2.526863369090349e-08,153872.00746481933
iso_1100C_40h,141955.1077705462,0.7936973533266375,6,3.167299598084116e-08,380203.1990679666
iso_1100C_40h,141955.1077705462,0.7936973533266375,7,3.970055075686648e-08,939814.7990871485
iso_1100C_40h,141955.1077705462,0.7936973533266375,8,4.976269789419122e-08,2323961.615197618
iso_1100C_40h,141955.1077705462,0.7936973533266375,9,6.237510700730634e-08,5749780.818432984
iso_1100C_40h,141955.1077705462,0.7936973533266375,10,7.818414472715056e-08,14237651.908972627
iso_1100C_40h,141955.1077705462,0.7936973533266375,11,9.8e-08,35328132.554635756
iso_1100C_40h,142555.1077705462,0.7941633889866739,0,8.166666666666667e-09,1678.1263617750685
iso_1100C_40h,142555.1077705462,0.7941633889866739,1,1.0236517085738568e-08,4142.420555974315
iso_1100C_40h,142555.1077705462,0.7941633889866739,2,1.2830973311830731e-08,10225.480095499388
iso_1100C_40h,142555.1077705462,0.7941633889866739,3,1.6082997248964597e-08,25241.393844357965
iso_1100C_40h,142555.1077705462,0.7941633889866739,4,2.0159250138234185e-08,62310.86247022472
iso_1100C_40h,142555.1077705462,0.7941633889866739,5,2.526863369090349e-08,153878.04348684897
iso_1100C_40h,142555.1077705462,0.7941633889866739,6,3.167299598084116e-08,380217.85025684524
iso_1100C_40h,142555.1077705462,0.7941633889866739,7,3.970055075686648e-08,939851.657404684
iso_1100C_40h,142555.1077705462,0.7941633889866739,8,4.976269789419122e-08,2324054.7902300474
iso_1100C_40h,142555.1077705462,0.7941633889866739,9,6.237510700730634e-08,5750014.922229597
iso_1100C_40h,142555.1077705462,0.7941633889866739,10,7.818414472715056e-08,14238236.537633108
iso_1100C_40h,142555.1077705462,0.7941633889866739,11,9.8e-08,35329587.26968079
iso_1100C_40h,143155.1077705462,0.7946271466645172,0,8.166666666666667e-09,1678.2011996937927
iso_1100C_40h,143155.1077705462,0.7946271466645172,1,1.0236517085738568e-08,4142.605290696774
iso_1100C_40h,143155.1077705462,0.7946271466645172,2,1.2830973311830731e-08,10225.936104918977
iso_1100C_40h,143155.1077705462,0.7946271466645172,3,1.6082997248964597e-08,25242.51923273388
iso_1100C_40h,143155.1077705462,0.7946271466645172,4,2.0159250138234185e-08,62313.59828340392
iso_1100C_40h,143155.1077705462,0.7946271466645172,5,2.526863369090349e-08,153884.48830425114
iso_1100C_40h,143155.1077705462,0.7946271466645172,6,3.167299598084116e-08,380233.5099052406
iso_1100C_40h,143155.1077705462,0.7946271466645172,7,3.970055075686648e-08,939891.0079790188
iso_1100C_40h,143155.1077705462,0.7946271466645172,8,4.976269789419122e-08,2324154.1379678203
iso_1100C_40h,143155.1077705462,0.7946271466645172,9,6.237510700730634e-08,5750264.341273807
iso_1100C_40h,143155.1077705462,0.7946271466645172,10,7.818414472715056e-08,14238859.24460642
iso_1100C_40h,143155.1077705462,0.7946271466645172,11,9.8e-08,35331137.114319585
iso_1100C_40h,143755.1077705462,0.7950886435823796,0,8.166666666666667e-09,1678.280411686853
iso_1100C_40h,143755.1077705462,0.7950886435823796,1,1.0236517085738568e-08,4142.800822733033
iso_1100C_40h,143755.1077705462,0.7950886435823796,2,1.2830973311830731e-08,10226.418767289493
iso_1100C_40h,143755.1077705462,0.7950886435823796,3,1.6082997248964597e-08,25243.710421978158
iso_1100C_40h,143755.1077705462,0.7950886435823796,4,2.0159250138234185e-08,62316.49712703957
iso_1100C_40h,143755.1077705462,0.7950886435823796,5,2.526863369090349e-08,153891.33683482662
iso_1100C_40h,143755.1077705462,0.7950886435823796,6,3.167299598084116e-08,380250.16546273784
iso_1100C_40h,143755.1077705462,0.7950886435823796,7,3.970055075686648e-08,939932.819757206
iso_1100C_40h,143755.1077705462,0.7950886435823796,8,4.976269789419122e-08,2324259.5814876147
iso_1100C_40h,143755.1077705462,0.7950886435823796,9,6.237510700730634e-08,5750528.884744133
iso_1100C_40h,143755.1077705462,0.7950886435823796,10,7.818414472715056e-08,14239519.555556213
iso_1100C_40h,143755.1077705462,0.7950886435823796,11,9.8e-08,35332780.90377721
iso_1100C_40h,144000.0,0.7952763175645885,0,8.166666666666667e-09,1678.3216409744668
iso_1100C_40h,144000.0,0.7952763175645885,1,1.0236517085738568e-08,4142.902595812308
iso_1100C_40h,144000.0,0.7952763175645885,2,1.2830973311830731e-08,10226.669989824297
iso_1100C_40h,144000.0,0.7952763175645885,3,1.6082997248964597e-08,25244.330436325727
iso_1100C_40h,144000.0,0.7952763175645885,4,2.0159250138234185e-08,62318.0070516029
iso_1100C_40h,144000.0,0.7952763175645885,5,2.526863369090349e-08,153894.91092768047
iso_1100C_40h,144000.0,0.7952763175645885,6,3.167299598084116e-08,380258.86284302524
iso_1100C_40h,144000.0,0.7952763175645885,7,3.970055075686648e-08,939954.6390363242
iso_1100C_40h,144000.0,0.7952763175645885,8,4.976269789419122e-08,2324314.5654805647
iso_1100C_40h,144000.0,0.7952763175645885,9,6.237510700730634e-08,5750666.769383987
iso_1100C_40h,144000.0,0.7952763175645885,10,7.818414472715056e-08,14239863.666471597
iso_1100C_40h,144000.0,0.7952763175645885,11,9.8e-08,35333637.6630163
iso_1500C_1h,0.0003107085793549375,0.4840600656316537,0,8.166666666666667e-09,0.22694574385697405
iso_1500C_1h,0.0003107085793549375,0.4840600656316537,1,1.0236517085738568e-08,0.560210941003312
iso_1500C_1h,0.0003107085793549375,0.4840600656316537,2,1.2830973311830731e-08,1.3828692844601596
iso_1500C_1h,0.0003107085793549375,0.4840600656316537,3,1.6082997248964597e-08,3.413584630226015
iso_1500C_1h,0.0003107085793549375,0.4840600656316537,4,2.0159250138234185e-08,8.426364052310614
iso_1500C_1h,0.0003107085793549375,0.4840600656316537,5,2.526863369090349e-08,20.80030783840718
iso_1500C_1h,0.0003107085793549375,0.4840600656316537,6,3.167299598084116e-08,51.345135752245874
iso_1500C_1h,0.0003107085793549375,0.4840600656316537,7,3.970055075686648e-08,126.74442060250176
iso_1500C_1h,0.0003107085793549375,0.4840600656316537,8,4.976269789419122e-08,312.86601773873775
iso_1500C_1h,0.0003107085793549375,0.4840600656316537,9,6.237510700730634e-08,772.3033848960496
iso_1500C_1h,0.0003107085793549375,0.4840600656316537,10,7.818414472715056e-08,1906.4151567470567
iso_1500C_1h,0.0003107085793549375,0.4840600656316537,11,9.8e-08,4705.946937755262
iso_1500C_1h,60.42874536727706,0.8732139842649167,0,8.166666666666667e-09,inf
iso_1500C_1h,60.42874536727706,0.8732139842649167,1,1.0236517085738568e-08,inf
iso_1500C_1h,60.42874536727706,0.8732139842649167,2,1.2830973311830731e-08,2.0826557143796203
iso_1500C_1h,60.42874536727706,0.8732139842649167,3,1.6082997248964597e-08,5.1409927743812815
iso_1500C_1h,60.42874536727706,0.8732139842649167,4,2.0159250138234185e-08,12.690434325090317
iso_1500C_1h,60.42874536727706,0.8732139842649167,5,2.526863369090349e-08,31.326072512154646
iso_1500C_1h,60.42874536727706,0.8732139842649167,6,3.167299598084116e-08,77.32774854744896
iso_1500C_1h,60.42874536727706,0.8732139842649167,7,3.970055075686648e-08,190.88188255376082
iso_1500C_1h,60.42874536727706,0.8732139842649167,8,4.976269789419122e-08,471.1876937563833
iso_1500C_1h,60.42874536727706,0.8732139842649167,9,6.237510700730634e-08,1163.1158913925956
iso_1500C_1h,60.42874536727706,0.8732139842649167,10,7.818414472715056e-08,2871.12273128445
iso_1500C_1h,60.42874536727706,0.8732139842649167,11,9.8e-08,7087.288023632595
iso_1500C_1h,120.64693497303813,0.9235284936935569,0,8.166666666666667e-09,inf
iso_1500C_1h,120.64693497303813,0.9235284936935569,1,1.0236517085738568e-08,inf
iso_1500C_1h,120.64693497303813,0.9235284936935569,2,1.2830973311830731e-08,2.4263933495713146
iso_1500C_1h,120.64693497303813,0.9235284936935569,3,1.6082997248964597e-08,5.989501882645797
iso_1500C_1h,120.64693497303813,0.9235284936935569,4,2.0159250138234185e-08,14.784960845514119
iso_1500C_1h,120.64693497303813,0.9235284936935569,5,2.526863369090349e-08,36.49637115340324
iso_1500C_1h,120.64693497303813,0.9235284936935569,6,3.167299598084116e-08,90.09120117396054
iso_1500C_1h,120.64693497303813,0.9235284936935569,7,3.970055075686648e-08,222.3959883287652
iso_1500C_1h,120.64693497303813,0.9235284936935569,8,4.976269789419122e-08,549.0134681506604
iso_1500C_1h,120.64693497303813,0.9235284936935569,9,6.237510700730634e-08,1355.3359145392062
iso_1500C_1h,120.64693497303813,0.9235284936935569,10,7.818414472715056e-08,3345.955576443934
iso_1500C_1h,120.64693497303813,0.9235284936935569,11,9.8e-08,8260.725011600869
iso_1500C_1h,180.89901327379368,0.9432890314403494,0,8.166666666666667e-09,inf
iso_1500C_1h,180.89901327379368,0.9432890314403494,1,1.0236517085738568e-08,inf
iso_1500C_1h,180.89901327379368,0.9432890314403494,2,1.2830973311830731e-08,3.0123063044832334
iso_1500C_1h,180.89901327379368,0.9432890314403494,3,1.6082997248964597e-08,7.435815699073658
iso_1500C_1h,180.89901327379368,0.9432890314403494,4,2.0159250138234185e-08,18.355155592439903
iso_1500C_1h,180.89901327379368,0.9432890314403494,5,2.526863369090349e-08,45.30931498655178
iso_1500C_1h,180.89901327379368,0.9432890314403494,6,3.167299598084116e-08,111.84634599940512
iso_1500C_1h,180.89901327379368,0.9432890314403494,7,3.970055075686648e-08,276.11732938926497
iso_1500C_1h,180.89901327379368,0.9432890314403494,8,4.976269789419122e-08,681.7405823881135
iso_1500C_1h,180.89901327379368,0.9432890314403494,9,6.237510700730634e-08,1683.377288097181
iso_1500C_1h,180.89901327379368,0.9432890314403494,10,7.818414472715056e-08,4156.988771680858
iso_1500C_1h,180.89901327379368,0.9432890314403494,11,9.8e-08,10267.539705994039
iso_1500C_1h,242.2611827959928,0.9538298713103163,0,8.166666666666667e-09,inf
iso_1500C_1h,242.2611827959928,0.9538298713103163,1,1.0236517085738568e-08,inf
iso_1500C_1h,242.2611827959928,0.9538298713103163,2,1.2830973311830731e-08,inf
iso_1500C_1h,242.2611827959928,0.9538298713103163,3,1.6082997248964597e-08,8.998115948086161
iso_1500C_1h,242.2611827959928,0.9538298713103163,4,2.0159250138234185e-08,22.2116600597429
iso_1500C_1h,242.2611827959928,0.9538298713103163,5,2.526863369090349e-08,54.82900855762242
iso_1500C_1h,242.2611827959928,0.9538298713103163,6,3.167299598084116e-08,135.3453452075622
iso_1500C_1h,242.2611827959928,0.9538298713103163,7,3.970055075686648e-08,334.13666841308185
iso_1500C_1h,242.2611827959928,0.9538298713103163,8,4.976269789419122e-08,825.0834573998342
iso_1500C_1h,242.2611827959928,0.9538298713103163,9,6.237510700730634e-08,2037.7012982752588
iso_1500C_1h,242.2611827959928,0.9538298713103163,10,7.818414472715056e-08,5033.154666257009
iso_1500C_1h,242.2611827959928,0.9538298713103163,11,9.8e-08,12435.97607764531
iso_1500C_1h,305.2869318510825,0.9604621166743201,0,8.166666666666667e-09,inf
iso_1500C_1h,305.2869318510825,0.9604621166743201,1,1.0236517085738568e-08,inf
iso_1500C_1h,305.2869318510825,0.9604621166743201,2,1.2830973311830731e-08,inf
iso_1500C_1h,305.2869318510825,0.9604621166743201,3,1.6082997248964597e-08,10.66832458042659
iso_1500C_1h,305.2869318510825,0.9604621166743201,4,2.0159250138234185e-08,26.334533665805406
iso_1500C_1h,305.2869318510825,0.9604621166743201,5,2.526863369090349e-08,65.00622841803795
iso_1500C_1h,305.2869318510825,0.9604621166743201,6,3.167299598084116e-08,160.46733720757135
iso_1500C_1h,305.2869318510825,0.9604621166743201,7,3.970055075686648e-08,396.15817236468683
iso_1500C_1h,305.2869318510825,0.9604621166743201,8,4.976269789419122e-08,978.3082907408682
iso_1500C_1h,305.2869318510825,0.9604621166743201,9,6.237510700730634e-08,2416.488056607213
iso_1500C_1h,305.2869318510825,0.9604621166743201,10,7.818414472715056e-08,5969.954689631763
iso_1500C_1h,305.2869318510825,0.9604621166743201,11,9.8e-08,14754.93358616144
iso_1500C_1h,366.1429529684867,0.9648055046765504,0,8.166666666666667e-09,inf
iso_1500C_1h,366.1429529684867,0.9648055046765504,1,1.0236517085738568e-08,inf
iso_1500C_1h,366.1429529684867,0.9648055046765504,2,1.2830973311830731e-08,inf
iso_1500C_1h,366.1429529684867,0.9648055046765504,3,1.6082997248964597e-08,12.336391871321373
iso_1500C_1h,366.1429529684867,0.9648055046765504,4,2.0159250138234185e-08,30.4521210222764
iso_1500C_1h,366.1429529684867,0.9648055046765504,5,2.526863369090349e-08,75.1703981156649
iso_1500C_1h,366.1429529684867,0.9648055046765504,6,3.167299598084116e-08,185.55715286558492
iso_1500C_1h,366.1429529684867,0.9648055046765504,7,3.970055075686648e-08,458.0974151997696
iso_1500C_1h,366.1429529684867,0.9648055046765504,8,4.976269789419122e-08,1131.324143463693
iso_1500C_1h,366.1429529684867,0.9648055046765504,9,6.237510700730634e-08,2794.78512732421
iso_1500C_1h,366.1429529684867,0.9648055046765504,10,7.818414472715056e-08,6905.664960518873
iso_1500C_1h,366.1429529684867,0.9648055046765504,11,9.8e-08,17071.59553354362
iso_1500C_1h,432.2820651639805,0.9682079370155723,0,8.166666666666667e-09,inf
iso_1500C_1h,432.2820651639805,0.9682079370155723,1,1.0236517085738568e-08,inf
iso_1500C_1h,432.2820651639805,0.9682079370155723,2,1.2830973311830731e-08,inf
iso_1500C_1h,432.2820651639805,0.9682079370155723,3,1.6082997248964597e-08,14.210219162981375
iso_1500C_1h,432.2820651639805,0.9682079370155723,4,2.0159250138234185e-08,35.07762193462205
iso_1500C_1h,432.2820651639805,0.9682079370155723,5,2.526863369090349e-08,86.5883390053911
iso_1500C_1h,432.2820651639805,0.9682079370155723,6,3.167299598084116e-08,213.7418992596083
iso_1500C_1h,432.2820651639805,0.9682079370155723,7,3.970055075686648e-08,527.6752407685309
iso_1500C_1h,432.2820651639805,0.9682079370155723,8,4.976269789419122e-08,1303.2047384936052
iso_1500C_1h,432.2820651639805,0.9682079370155723,9,6.237510700730634e-08,3219.7455602300806
iso_1500C_1h,432.2820651639805,0.9682079370155723,10,7.818414472715056e-08,7956.917272639077
iso_1500C_1h,432.2820651639805,0.9682079370155723,11,9.8e-08,19674.732970787456
iso_1500C_1h,492.56616187856207,0.9705542267062084,0,8.166666666666667e-09,inf
iso_1500C_1h,492.56616187856207,0.9705542267062084,1,1.0236517085738568e-08,inf
iso_1500C_1h,492.56616187856207,0.9705542267062084,2,1.2830973311830731e-08,inf
iso_1500C_1h,492.56616187856207,0.9705542267062084,3,1.6082997248964597e-08,15.973790730831961
iso_1500C_1h,492.56616187856207,0.9705542267062084,4,2.0159250138234185e-08,39.43095859205024
iso_1500C_1h,492.56616187856207,0.9705542267062084,5,2.526863369090349e-08,97.33444704082864
iso_1500C_1h,492.56616187856207,0.9705542267062084,6,3.167299598084116e-08,240.2682866731831
iso_1500C_1h,492.56616187856207,0.9705542267062084,7,3.970055075686648e-08,593.1581304658779
iso_1500C_1h,492.56616187856207,0.9705542267062084,8,4.976269789419122e-08,1464.9650554954308
iso_1500C_1h,492.56616187856207,0.9705542267062084,9,6.237510700730634e-08,3619.703882766328
iso_1500C_1h,492.56616187856207,0.9705542267062084,10,7.818414472715056e-08,8946.421745164678
iso_1500C_1h,492.56616187856207,0.9705542267062084,11,9.8e-08,22125.322203765896
iso_1500C_1h,561.8593453495437,0.9726624857892254,0,8.166666666666667e-09,inf
iso_1500C_1h,561.8593453495437,0.9726624857892254,1,1.0236517085738568e-08,inf
iso_1500C_1h,561.8593453495437,0.9726624857892254,2,1.2830973311830731e-08,inf
iso_1500C_1h,561.8593453495437,0.9726624857892254,3,1.6082997248964597e-08,18.066144294585957
iso_1500C_1h,561.8593453495437,0.9726624857892254,4,2.0159250138234185e-08,44.595885618168055
iso_1500C_1h,561.8593453495437,0.9726624857892254,5,2.526863369090349e-08,110.08394437844923
iso_1500C_1h,561.8593453495437,0.9726624857892254,6,3.167299598084116e-08,271.73999603658814
iso_1500C_1h,561.8593453495437,0.9726624857892254,7,3.970055075686648e-08,670.8482269111796
iso_1500C_1h,561.8593453495437,0.9726624857892254,8,4.976269789419122e-08,1656.8761955814257
iso_1500C_1h,561.8593453495437,0.9726624857892254,9,6.237510700730634e-08,4094.232131751107
iso_1500C_1h,561.8593453495437,0.9726624857892254,10,7.818414472715056e-08,10120.526577412928
iso_1500C_1h,561.8593453495437,0.9726624857892254,11,9.8e-08,25033.489386873156
iso_1500C_1h,629.439950126126,0.9742966096734023,0,8.166666666666667e-09,inf
iso_1500C_1h,629.439950126126,0.9742966096734023,1,1.0236517085738568e-08,inf
iso_1500C_1h,629.439950126126,0.9742966096734023,2,1.2830973311830731e-08,inf
iso_1500C_1h,629.439950126126,0.9742966096734023,3,1.6082997248964597e-08,20.17284001154846
iso_1500C_1h,629.439950126126,0.9742966096734023,4,2.0159250138234185e-08,49.79621529013
iso_1500C_1h,629.439950126126,0.9742966096734023,5,2.526863369090349e-08,122.9208298415559
iso_1500C_1h,629.439950126126,0.9742966096734023,6,3.167299598084116e-08,303.4274359569365
iso_1500C_1h,629.439950126126,0.9742966096734023,7,3.970055075686648e-08,749.0703329765421
iso_1500C_1h,629.439950126126,0.9742966096734023,8,4.976269789419122e-08,1850.0979544842473
iso_1500C_1h,629.439950126126,0.9742966096734023,9,6.237510700730634e-08,4572.021370015089
iso_1500C_1h,629.439950126126,0.9742966096734023,10,7.818414472715056e-08,11302.811460599329
iso_1500C_1h,629.439950126126,0.9742966096734023,11,9.8e-08,27962.318029095615
iso_1500C_1h,692.2593400787343,0.9755464847120243,0,8.166666666666667e-09,inf
iso_1500C_1h,692.2593400787343,0.9755464847120243,1,1.0236517085738568e-08,inf
iso_1500C_1h,692.2593400787343,0.9755464847120243,2,1.2830973311830731e-08,inf
iso_1500C_1h,692.2593400787343,0.9755464847120243,3,1.6082997248964597e-08,22.18812610321226
iso_1500C_1h,692.2593400787343,0.9755464847120243,4,2.0159250138234185e-08,54.77090182161818
iso_1500C_1h,692.2593400787343,0.9755464847120243,5,2.526863369090349e-08,135.20071847879618
iso_1500C_1h,692.2593400787343,0.9755464847120243,6,3.167299598084116e-08,333.7399539343487
iso_1500C_1h,692.2593400787343,0.9755464847120243,7,3.970055075686648e-08,823.8980456939634
iso_1500C_1h,692.2593400787343,0.9755464847120243,8,4.976269789419122e-08,2034.932437194005
iso_1500C_1h,692.2593400787343,0.9755464847120243,9,6.237510700730634e-08,5029.088172486814
iso_1500C_1h,692.2593400787343,0.9755464847120243,10,7.818414472715056e-08,12433.91424535489
iso_1500C_1h,692.2593400787343,0.9755464847120243,11,9.8e-08,30764.70083563306
iso_1500C_1h,761.6507002799669,0.9767023887666716,0,8.166666666666667e-09,inf
iso_1500C_1h,761.6507002799669,0.9767023887666716,1,1.0236517085738568e-08,inf
iso_1500C_1h,761.6507002799669,0.9767023887666716,2,1.2830973311830731e-08,inf
iso_1500C_1h,761.6507002799669,0.9767023887666716,3,1.6082997248964597e-08,24.47618069576324
iso_1500C_1h,761.6507002799669,0.9767023887666716,4,2.0159250138234185e-08,60.41891030702666
iso_1500C_1h,761.6507002799669,0.9767023887666716,5,2.526863369090349e-08,149.1426827019545
iso_1500C_1h,761.6507002799669,0.9767023887666716,6,3.167299598084116e-08,368.1552551349424
iso_1500C_1h,761.6507002799669,0.9767023887666716,7,3.970055075686648e-08,908.8533842904225
iso_1500C_1h,761.6507002799669,0.9767023887666716,8,4.976269789419122e-08,2244.781175635407
iso_1500C_1h,761.6507002799669,0.9767023887666716,9,6.237510700730634e-08,5548.0299964997
iso_1500C_1h,761.6507002799669,0.9767023887666716,10,7.818414472715056e-08,13718.242970284275
iso_1500C_1h,761.6507002799669,0.9767023887666716,11,9.8e-08,33947.090526211716
iso_1500C_1h,822.3553585964552,0.9775641031770651,0,8.166666666666667e-09,inf
iso_1500C_1h,822.3553585964552,0.9775641031770651,1,1.0236517085738568e-08,inf
iso_1500C_1h,822.3553585964552,0.9775641031770651,2,1.2830973311830731e-08,inf
iso_1500C_1h,822.3553585964552,0.9775641031770651,3,1.6082997248964597e-08,26.52947572848156
iso_1500C_1h,822.3553585964552,0.9775641031770651,4,2.0159250138234185e-08,65.48741975047058
iso_1500C_1h,822.3553585964552,0.9775641031770651,5,2.526863369090349e-08,161.65416591708967
iso_1500C_1h,822.3553585964552,0.9775641031770651,6,3.167299598084116e-08,399.0394572369935
iso_1500C_1h,822.3553585964552,0.9775641031770651,7,3.970055075686648e-08,985.0919094727618
iso_1500C_1h,822.3553585964552,0.9775641031770651,8,4.976269789419122e-08,2433.0967892584476
iso_1500C_1h,822.3553585964552,0.9775641031770651,9,6.237510700730634e-08,6013.7375135663215
iso_1500C_1h,822.3553585964552,0.9775641031770651,10,7.818414472715056e-08,14870.90939143499
iso_1500C_1h,822.3553585964552,0.9775641031770651,11,9.8e-08,36803.559654439894
iso_1500C_1h,888.0896954014776,0.9783734634111149,0,8.166666666666667e-09,inf
iso_1500C_1h,888.0896954014776,0.9783734634111149,1,1.0236517085738568e-08,inf
iso_1500C_1h,888.0896954014776,0.9783734634111149,2,1.2830973311830731e-08,inf
iso_1500C_1h,888.0896954014776,0.9783734634111149,3,1.6082997248964597e-08,28.80554463388838
iso_1500C_1h,888.0896954014776,0.9783734634111149,4,2.0159250138234185e-08,71.10584044026412
iso_1500C_1h,888.0896954014776,0.9783734634111149,5,2.526863369090349e-08,175.52308795198076
iso_1500C_1h,888.0896954014776,0.9783734634111149,6,3.167299598084116e-08,433.27444992853833
iso_1500C_1h,888.0896954014776,0.9783734634111149,7,3.970055075686648e-08,1069.6018077089009
iso_1500C_1h,888.0896954014776,0.9783734634111149,8,4.976269789419122e-08,2641.8419341104895
iso_1500C_1h,888.0896954014776,0.9783734634111149,9,6.237510700730634e-08,6529.983713937678
iso_1500C_1h,888.0896954014776,0.9783734634111149,10,7.818414472715056e-08,16148.753262926903
iso_1500C_1h,888.0896954014776,0.9783734634111149,11,9.8e-08,39970.56770594449
iso_1500C_1h,959.2704925832198,0.9791336756728816,0,8.166666666666667e-09,inf
iso_1500C_1h,959.2704925832198,0.9791336756728816,1,1.0236517085738568e-08,inf
iso_1500C_1h,959.2704925832198,0.9791336756728816,2,1.2830973311830731e-08,inf
iso_1500C_1h,959.2704925832198,0.9791336756728816,3,1.6082997248964597e-08,31.329980758826622
iso_1500C_1h,959.2704925832198,0.9791336756728816,4,2.0159250138234185e-08,77.3373486991034
iso_1500C_1h,959.2704925832198,0.9791336756728816,5,2.526863369090349e-08,190.9053969829328
iso_1500C_1h,959.2704925832198,0.9791336756728816,6,3.167299598084116e-08,471.245182746327
iso_1500C_1h,959.2704925832198,0.9791336756728816,7,3.970055075686648e-08,1163.3333241460293
iso_1500C_1h,959.2704925832198,0.9791336756728816,8,4.976269789419122e-08,2873.363661910521
iso_1500C_1h,959.2704925832198,0.9791336756728816,9,6.237510700730634e-08,7102.577084627773
iso_1500C_1h,959.2704925832198,0.9791336756728816,10,7.818414472715056e-08,17566.174389075215
iso_1500C_1h,959.2704925832198,0.9791336756728816,11,9.8e-08,43483.887005591656
iso_1500C_1h,1036.3490667213714,0.9798477872659173,0,8.166666666666667e-09,inf
iso_1500C_1h,1036.3490667213714,0.9798477872659173,1,1.0236517085738568e-08,inf
iso_1500C_1h,1036.3490667213714,0.9798477872659173,2,1.2830973311830731e-08,inf
iso_1500C_1h,1036.3490667213714,0.9798477872659173,3,1.6082997248964597e-08,34.13135780858065
iso_1500C_1h,1036.3490667213714,0.9798477872659173,4,2.0159250138234185e-08,84.25247772745635
iso_1500C_1h,1036.3490667213714,0.9798477872659173,5,2.526863369090349e-08,207.9752011932362
iso_1500C_1h,1036.3490667213714,0.9798477872659173,6,3.167299598084116e-08,513.381431706518
iso_1500C_1h,1036.3490667213714,0.9798477872659173,7,3.970055075686648e-08,1267.347353454139
iso_1500C_1h,1036.3490667213714,0.9798477872659173,8,4.976269789419122e-08,3130.2823331226355
iso_1500C_1h,1036.3490667213714,0.9798477872659173,9,6.237510700730634e-08,7738.002863388167
iso_1500C_1h,1036.3490667213714,0.9798477872659173,10,7.818414472715056e-08,19139.252280801615
iso_1500C_1h,1036.3490667213714,0.9798477872659173,11,9.8e-08,47383.47023229056
iso_1500C_1h,1098.3209145246358,0.9803548608239789,0,8.166666666666667e-09,inf
iso_1500C_1h,1098.3209145246358,0.9803548608239789,1,1.0236517085738568e-08,inf
iso_1500C_1h,1098.3209145246358,0.9803548608239789,2,1.2830973311830731e-08,inf
iso_1500C_1h,1098.3209145246358,0.9803548608239789,3,1.6082997248964597e-08,36.433197308508674
iso_1500C_1h,1098.3209145246358,0.9803548608239789,4,2.0159250138234185e-08,89.93450999516719
iso_1500C_1h,1098.3209145246358,0.9803548608239789,5,2.526863369090349e-08,222.0011369920328
iso_1500C_1h,1098.3209145246358,0.9803548608239789,6,3.167299598084116e-08,548.0039820085382
iso_1500C_1h,1098.3209145246358,0.9803548608239789,7,3.970055075686648e-08,1352.8135935335795
iso_1500C_1h,1098.3209145246358,0.9803548608239789,8,4.976269789419122e-08,3341.3863671945956
iso_1500C_1h,1098.3209145246358,0.9803548608239789,9,6.237510700730634e-08,8260.133104609775
iso_1500C_1h,1098.3209145246358,0.9803548608239789,10,7.818414472715056e-08,20431.940429062364
iso_1500C_1h,1098.3209145246358,0.9803548608239789,11,9.8e-08,50588.308915958725
iso_1500C_1h,1164.1053107956234,0.9808387908844665,0,8.166666666666667e-09,inf
iso_1500C_1h,1164.1053107956234,0.9808387908844665,1,1.0236517085738568e-08,inf
iso_1500C_1h,1164.1053107956234,0.9808387908844665,2,1.2830973311830731e-08,inf
iso_1500C_1h,1164.1053107956234,0.9808387908844665,3,1.6082997248964597e-08,38.92352572826664
iso_1500C_1h,1164.1053107956234,0.9808387908844665,4,2.0159250138234185e-08,96.08182151434923
iso_1500C_1h,1164.1053107956234,0.9808387908844665,5,2.526863369090349e-08,237.1755981405363
iso_1500C_1h,1164.1053107956234,0.9808387908844665,6,3.167299598084116e-08,585.4616177703896
iso_1500C_1h,1164.1053107956234,0.9808387908844665,7,3.970055075686648e-08,1445.2781911340865
iso_1500C_1h,1164.1053107956234,0.9808387908844665,8,4.976269789419122e-08,3569.7758184629797
iso_1500C_1h,1164.1053107956234,0.9808387908844665,9,6.237510700730634e-08,8825.03109017488
iso_1500C_1h,1164.1053107956234,0.9808387908844665,10,7.818414472715056e-08,21830.59705690138
iso_1500C_1h,1164.1053107956234,0.9808387908844665,11,9.8e-08,54056.18041908696
iso_1500C_1h,1233.936830229335,0.9813006884714948,0,8.166666666666667e-09,inf
iso_1500C_1h,1233.936830229335,0.9813006884714948,1,1.0236517085738568e-08,inf
iso_1500C_1h,1233.936830229335,0.9813006884714948,2,1.2830973311830731e-08,inf
iso_1500C_1h,1233.936830229335,0.9813006884714948,3,1.6082997248964597e-08,41.61847120974701
iso_1500C_1h,1233.936830229335,0.9813006884714948,4,2.0159250138234185e-08,102.73422397699728
iso_1500C_1h,1233.936830229335,0.9813006884714948,5,2.526863369090349e-08,253.596857835244
iso_1500C_1h,1233.936830229335,0.9813006884714948,6,3.167299598084116e-08,625.9969197864417
iso_1500C_1h,1233.936830229335,0.9813006884714948,7,3.970055075686648e-08,1545.3399465750535
iso_1500C_1h,1233.936830229335,0.9813006884714948,8,4.976269789419122e-08,3816.929711122805
iso_1500C_1h,1233.936830229335,0.9813006884714948,9,6.237510700730634e-08,9436.357882722155
iso_1500C_1h,1233.936830229335,0.9813006884714948,10,7.818414472715056e-08,23344.30245986303
iso_1500C_1h,1233.936830229335,0.9813006884714948,11,9.8e-08,57809.65824113164
iso_1500C_1h,1308.064484203935,0.9817416162549921,0,8.166666666666667e-09,inf
iso_1500C_1h,1308.064484203935,0.9817416162549921,1,1.0236517085738568e-08,inf
iso_1500C_1h,1308.064484203935,0.9817416162549921,2,1.2830973311830731e-08,inf
iso_1500C_1h,1308.064484203935,0.9817416162549921,3,1.6082997248964597e-08,44.53557640736426
iso_1500C_1h,1308.064484203935,0.9817416162549921,4,2.0159250138234185e-08,109.9350207194698
iso_1500C_1h,1308.064484203935,0.9817416162549921,5,2.526863369090349e-08,271.3718081279565
iso_1500C_1h,1308.064484203935,0.9817416162549921,6,3.167299598084116e-08,669.873743562402
iso_1500C_1h,1308.064484203935,0.9817416162549921,7,3.970055075686648e-08,1653.6501739448308
iso_1500C_1h,1308.064484203935,0.9817416162549921,8,4.976269789419122e-08,4084.45678202222
iso_1500C_1h,1308.064484203935,0.9817416162549921,9,6.237510700730634e-08,10098.095810812018
iso_1500C_1h,1308.064484203935,0.9817416162549921,10,7.818414472715056e-08,24982.934746717303
iso_1500C_1h,1308.064484203935,0.9817416162549921,11,9.8e-08,61873.3030804267
iso_1500C_1h,1386.7526110085905,0.9821625895814847,0,8.166666666666667e-09,inf
iso_1500C_1h,1386.7526110085905,0.9821625895814847,1,1.0236517085738568e-08,inf
iso_1500C_1h,1386.7526110085905,0.9821625895814847,2,1.2830973311830731e-08,inf
iso_1500C_1h,1386.7526110085905,0.9821625895814847,3,1.6082997248964597e-08,47.69392787312559
iso_1500C_1h,1386.7526110085905,0.9821625895814847,4,2.0159250138234185e-08,117.73132609791159
iso_1500C_1h,1386.7526110085905,0.9821625895814847,5,2.526863369090349e-08,290.6167482626443
iso_1500C_1h,1386.7526110085905,0.9821625895814847,6,3.167299598084116e-08,717.3791651734397
iso_1500C_1h,1386.7526110085905,0.9821625895814847,7,3.970055075686648e-08,1770.917503979186
iso_1500C_1h,1386.7526110085905,0.9821625895814847,8,4.976269789419122e-08,4374.107344500817
iso_1500C_1h,1386.7526110085905,0.9821625895814847,9,6.237510700730634e-08,10814.577873083179
iso_1500C_1h,1386.7526110085905,0.9821625895814847,10,7.818414472715056e-08,26757.24296906818
iso_1500C_1h,1386.7526110085905,0.9821625895814847,11,9.8e-08,66273.84540748289
iso_1500C_1h,1470.2818215210034,0.9825645776477349,0,8.166666666666667e-09,inf
iso_1500C_1h,1470.2818215210034,0.9825645776477349,1,1.0236517085738568e-08,inf
iso_1500C_1h,1470.2818215210034,0.9825645776477349,2,1.2830973311830731e-08,inf
iso_1500C_1h,1470.2818215210034,0.9825645776477349,3,1.6082997248964597e-08,51.114297313412166
iso_1500C_1h,1470.2818215210034,0.9825645776477349,4,2.0159250138234185e-08,126.17441416713085
iso_1500C_1h,1470.2818215210034,0.9825645776477349,5,2.526863369090349e-08,311.45824534100973
iso_1500C_1h,1470.2818215210034,0.9825645776477349,6,3.167299598084116e-08,768.8256056397003
iso_1500C_1h,1470.2818215210034,0.9825645776477349,7,3.970055075686648e-08,1897.9131275192885
iso_1500C_1h,1470.2818215210034,0.9825645776477349,8,4.976269789419122e-08,4687.786240541891
iso_1500C_1h,1470.2818215210034,0.9825645776477349,9,6.237510700730634e-08,11590.519842278993
iso_1500C_1h,1470.2818215210034,0.9825645776477349,10,7.818414472715056e-08,28678.92697925494
iso_1500C_1h,1470.2818215210034,0.9825645776477349,11,9.8e-08,71040.38488837535
iso_1500C_1h,1558.8038153403575,0.9829478936577025,0,8.166666666666667e-09,inf
iso_1500C_1h,1558.8038153403575,0.9829478936577025,1,1.0236517085738568e-08,inf
iso_1500C_1h,1558.8038153403575,0.9829478936577025,2,1.2830973311830731e-08,inf
iso_1500C_1h,1558.8038153403575,0.9829478936577025,3,1.6082997248964597e-08,54.8192957621444
iso_1500C_1h,1558.8038153403575,0.9829478936577025,4,2.0159250138234185e-08,135.3200992413892
iso_1500C_1h,1558.8038153403575,0.9829478936577025,5,2.526863369090349e-08,334.0340736804638
iso_1500C_1h,1558.8038153403575,0.9829478936577025,6,3.167299598084116e-08,824.5531495234961
iso_1500C_1h,1558.8038153403575,0.9829478936577025,7,3.970055075686648e-08,2035.476518297919
iso_1500C_1h,1558.8038153403575,0.9829478936577025,8,4.976269789419122e-08,5027.566976941865
iso_1500C_1h,1558.8038153403575,0.9829478936577025,9,6.237510700730634e-08,12431.055306843218
iso_1500C_1h,1558.8038153403575,0.9829478936577025,10,7.818414472715056e-08,30760.724610566147
iso_1500C_1h,1558.8038153403575,0.9829478936577025,11,9.8e-08,76204.60815229126
iso_1500C_1h,1618.8038153403575,0.9831860129675085,0,8.166666666666667e-09,inf
iso_1500C_1h,1618.8038153403575,0.9831860129675085,1,1.0236517085738568e-08,inf
iso_1500C_1h,1618.8038153403575,0.9831860129675085,2,1.2830973311830731e-08,inf
iso_1500C_1h,1618.8038153403575,0.9831860129675085,3,1.6082997248964597e-08,57.4202254241592
iso_1500C_1h,1618.8038153403575,0.9831860129675085,4,2.0159250138234185e-08,141.74042021328617
iso_1500C_1h,1618.8038153403575,0.9831860129675085,5,2.526863369090349e-08,349.88242416979347
iso_1500C_1h,1618.8038153403575,0.9831860129675085,6,3.167299598084116e-08,863.6741620469572
iso_1500C_1h,1618.8038153403575,0.9831860129675085,7,3.970055075686648e-08,2132.04661773472
iso_1500C_1h,1618.8038153403575,0.9831860129675085,8,4.976269789419122e-08,5266.094299594282
iso_1500C_1h,1618.8038153403575,0.9831860129675085,9,6.237510700730634e-08,13021.129634682951
iso_1500C_1h,1618.8038153403575,0.9831860129675085,10,7.818414472715056e-08,32222.276687198497
iso_1500C_1h,1618.8038153403575,0.9831860129675085,11,9.8e-08,79830.53536926667
iso_1500C_1h,1678.8038153403575,0.9834086475557295,0,8.166666666666667e-09,inf
iso_1500C_1h,1678.8038153403575,0.9834086475557295,1,1.0236517085738568e-08,inf
iso_1500C_1h,1678.8038153403575,0.9834086475557295,2,1.2830973311830731e-08,inf
iso_1500C_1h,1678.8038153403575,0.9834086475557295,3,1.6082997248964597e-08,60.05577178471048
iso_1500C_1h,1678.8038153403575,0.9834086475557295,4,2.0159250138234185e-08,148.24619053450388
iso_1500C_1h,1678.8038153403575,0.9834086475557295,5,2.526863369090349e-08,365.94169972893616
iso_1500C_1h,1678.8038153403575,0.9834086475557295,6,3.167299598084116e-08,903.315820174892
iso_1500C_1h,1678.8038153403575,0.9834086475557295,7,3.970055075686648e-08,2229.901864324172
iso_1500C_1h,1678.8038153403575,0.9834086475557295,8,4.976269789419122e-08,5507.795804798726
iso_1500C_1h,1678.8038153403575,0.9834086475557295,9,6.237510700730634e-08,13619.068801511652
iso_1500C_1h,1678.8038153403575,0.9834086475557295,10,7.818414472715056e-08,33703.37752978063
iso_1500C_1h,1678.8038153403575,0.9834086475557295,11,9.8e-08,83505.21971308277
iso_1500C_1h,1738.8038153403575,0.9836173389101992,0,8.166666666666667e-09,inf
iso_1500C_1h,1738.8038153403575,0.9836173389101992,1,1.0236517085738568e-08,inf
iso_1500C_1h,1738.8038153403575,0.9836173389101992,2,1.2830973311830731e-08,inf
iso_1500C_1h,1738.8038153403575,0.9836173389101992,3,1.6082997248964597e-08,62.725316405054976
iso_1500C_1h,1738.8038153403575,0.9836173389101992,4,2.0159250138234185e-08,154.83588356797185
iso_1500C_1h,1738.8038153403575,0.9836173389101992,5,2.526863369090349e-08,382.2081317549384
iso_1500C_1h,1738.8038153403575,0.9836173389101992,6,3.167299598084116e-08,943.4688206246386
iso_1500C_1h,1738.8038153403575,0.9836173389101992,7,3.970055075686648e-08,2329.0192907283313
iso_1500C_1h,1738.8038153403575,0.9836173389101992,8,4.976269789419122e-08,5752.614788653126
iso_1500C_1h,1738.8038153403575,0.9836173389101992,9,6.237510700730634e-08,14224.732589250603
iso_1500C_1h,1738.8038153403575,0.9836173389101992,10,7.818414472715056e-08,35203.680090727525
iso_1500C_1h,1738.8038153403575,0.9836173389101992,11,9.8e-08,87227.80141138677
iso_1500C_1h,1798.8038153403575,0.9838134264877458,0,8.166666666666667e-09,inf
iso_1500C_1h,1798.8038153403575,0.9838134264877458,1,1.0236517085738568e-08,inf
iso_1500C_1h,1798.8038153403575,0.9838134264877458,2,1.2830973311830731e-08,inf
iso_1500C_1h,1798.8038153403575,0.9838134264877458,3,1.6082997248964597e-08,65.42827475619022
iso_1500C_1h,1798.8038153403575,0.9838134264877458,4,2.0159250138234185e-08,161.50805638224918
iso_1500C_1h,1798.8038153403575,0.9838134264877458,5,2.526863369090349e-08,398.6781582709728
iso_1500C_1h,1798.8038153403575,0.9838134264877458,6,3.167299598084116e-08,984.1243701778394
iso_1500C_1h,1798.8038153403575,0.9838134264877458,7,3.970055075686648e-08,2429.377188725511
iso_1500C_1h,1798.8038153403575,0.9838134264877458,8,4.976269789419122e-08,6000.49765464227
iso_1500C_1h,1798.8038153403575,0.9838134264877458,9,6.237510700730634e-08,14837.988463420794
iso_1500C_1h,1798.8038153403575,0.9838134264877458,10,7.818414472715056e-08,36722.85633787743
iso_1500C_1h,1798.8038153403575,0.9838134264877458,11,9.8e-08,90997.46778864662
iso_1500C_1h,1858.8038153403575,0.9839980800783094,0,8.166666666666667e-09,inf
iso_1500C_1h,1858.8038153403575,0.9839980800783094,1,1.0236517085738568e-08,inf
iso_1500C_1h,1858.8038153403575,0.9839980800783094,2,1.2830973311830731e-08,inf
iso_1500C_1h,1858.8038153403575,0.9839980800783094,3,1.6082997248964597e-08,68.16409310971375
iso_1500C_1h,1858.8038153403575,0.9839980800783094,4,2.0159250138234185e-08,168.26134207666706
iso_1500C_1h,1858.8038153403575,0.9839980800783094,5,2.526863369090349e-08,415.34840498108565
iso_1500C_1h,1858.8038153403575,0.9839980800783094,6,3.167299598084116e-08,1025.2741389123157
iso_1500C_1h,1858.8038153403575,0.9839980800783094,7,3.970055075686648e-08,2530.9549937639586
iso_1500C_1h,1858.8038153403575,0.9839980800783094,8,4.976269789419122e-08,6251.393628804513
iso_1500C_1h,1858.8038153403575,0.9839980800783094,9,6.237510700730634e-08,15458.710868800998
iso_1500C_1h,1858.8038153403575,0.9839980800783094,10,7.818414472715056e-08,38260.59551143511
iso_1500C_1h,1858.8038153403575,0.9839980800783094,11,9.8e-08,94813.44894957426
iso_1500C_1h,1918.8038153403575,0.9841723261073257,0,8.166666666666667e-09,inf
iso_1500C_1h,1918.8038153403575,0.9841723261073257,1,1.0236517085738568e-08,inf
iso_1500C_1h,1918.8038153403575,0.9841723261073257,2,1.2830973311830731e-08,inf
iso_1500C_1h,1918.8038153403575,0.9841723261073257,3,1.6082997248964597e-08,70.93224580641855
iso_1500C_1h,1918.8038153403575,0.9841723261073257,4,2.0159250138234185e-08,175.09444303890703
iso_1500C_1h,1918.8038153403575,0.9841723261073257,5,2.526863369090349e-08,432.2156686266438
iso_1500C_1h,1918.8038153403575,0.9841723261073257,6,3.167299598084116e-08,1066.9102191161326
iso_1500C_1h,1918.8038153403575,0.9841723261073257,7,3.970055075686648e-08,2633.7331835410305
iso_1500C_1h,1918.8038153403575,0.9841723261073257,8,4.976269789419122e-08,6505.254509491785
iso_1500C_1h,1918.8038153403575,0.9841723261073257,9,6.237510700730634e-08,16086.78061062277
iso_1500C_1h,1918.8038153403575,0.9841723261073257,10,7.818414472715056e-08,39816.60259253809
iso_1500C_1h,1918.8038153403575,0.9841723261073257,11,9.8e-08,98675.01398635906
iso_1500C_1h,1978.8038153403575,0.9843370691652659,0,8.166666666666667e-09,inf
iso_1500C_1h,1978.8038153403575,0.9843370691652659,1,1.0236517085738568e-08,inf
iso_1500C_1h,1978.8038153403575,0.9843370691652659,2,1.2830973311830731e-08,inf
iso_1500C_1h,1978.8038153403575,0.9843370691652659,3,1.6082997248964597e-08,73.73223284769072
iso_1500C_1h,1978.8038153403575,0.9843370691652659,4,2.0159250138234185e-08,182.00612499940996
iso_1500C_1h,1978.8038153403575,0.9843370691652659,5,2.526863369090349e-08,449.2769023097455
iso_1500C_1h,1978.8038153403575,0.9843370691652659,6,3.167299598084116e-08,1109.0250890574357
iso_1500C_1h,1978.8038153403575,0.9843370691652659,7,3.970055075686648e-08,2737.6931885682634
iso_1500C_1h,1978.8038153403575,0.9843370691652659,8,4.976269789419122e-08,6762.034446694302
iso_1500C_1h,1978.8038153403575,0.9843370691652659,9,6.237510700730634e-08,16722.084308870446
iso_1500C_1h,1978.8038153403575,0.9843370691652659,10,7.818414472715056e-08,41390.5969527013
iso_1500C_1h,1978.8038153403575,0.9843370691652659,11,9.8e-08,102581.46763366666
iso_1500C_1h,2038.8038153403575,0.9844931097485529,0,8.166666666666667e-09,inf
iso_1500C_1h,2038.8038153403575,0.9844931097485529,1,1.0236517085738568e-08,inf
iso_1500C_1h,2038.8038153403575,0.9844931097485529,2,1.2830973311830731e-08,inf
iso_1500C_1h,2038.8038153403575,0.9844931097485529,3,1.6082997248964597e-08,76.56357776358358
iso_1500C_1h,2038.8038153403575,0.9844931097485529,4,2.0159250138234185e-08,188.99521176875618
iso_1500C_1h,2038.8038153403575,0.9844931097485529,5,2.526863369090349e-08,466.5292025025325
iso_1500C_1h,2038.8038153403575,0.9844931097485529,6,3.167299598084116e-08,1151.6115809161763
iso_1500C_1h,2038.8038153403575,0.9844931097485529,7,3.970055075686648e-08,2842.81731300974
iso_1500C_1h,2038.8038153403575,0.9844931097485529,8,4.976269789419122e-08,7021.6897467071085
iso_1500C_1h,2038.8038153403575,0.9844931097485529,9,6.237510700730634e-08,17364.51391524554
iso_1500C_1h,2038.8038153403575,0.9844931097485529,10,7.818414472715056e-08,42982.31115831751
iso_1500C_1h,2038.8038153403575,0.9844931097485529,11,9.8e-08,106532.14730752204
iso_1500C_1h,2098.8038153403577,0.9846411589702424,0,8.166666666666667e-09,inf
iso_1500C_1h,2098.8038153403577,0.9846411589702424,1,1.0236517085738568e-08,inf
iso_1500C_1h,2098.8038153403577,0.9846411589702424,2,1.2830973311830731e-08,inf
iso_1500C_1h,2098.8038153403577,0.9846411589702424,3,1.6082997248964597e-08,79.42582571880092
iso_1500C_1h,2098.8038153403577,0.9846411589702424,4,2.0159250138234185e-08,196.06058056231947
iso_1500C_1h,2098.8038153403577,0.9846411589702424,5,2.526863369090349e-08,483.96979750617805
iso_1500C_1h,2098.8038153403577,0.9846411589702424,6,3.167299598084116e-08,1194.6628522945398
iso_1500C_1h,2098.8038153403577,0.9846411589702424,7,3.970055075686648e-08,2949.088664354328
iso_1500C_1h,2098.8038153403577,0.9846411589702424,8,4.976269789419122e-08,7284.178698588891
iso_1500C_1h,2098.8038153403577,0.9846411589702424,9,6.237510700730634e-08,18013.966284019345
iso_1500C_1h,2098.8038153403577,0.9846411589702424,10,7.818414472715056e-08,44591.489908505035
iso_1500C_1h,2098.8038153403577,0.9846411589702424,11,9.8e-08,110526.4204743615
iso_1500C_1h,2158.8038153403577,0.9847818508297702,0,8.166666666666667e-09,inf
iso_1500C_1h,2158.8038153403577,0.9847818508297702,1,1.0236517085738568e-08,inf
iso_1500C_1h,2158.8038153403577,0.9847818508297702,2,1.2830973311830731e-08,inf
iso_1500C_1h,2158.8038153403577,0.9847818508297702,3,1.6082997248964597e-08,82.31854182393987
iso_1500C_1h,2158.8038153403577,0.9847818508297702,4,2.0159250138234185e-08,203.20115783160085
iso_1500C_1h,2158.8038153403577,0.9847818508297702,5,2.526863369090349e-08,501.5960371606055
iso_1500C_1h,2158.8038153403577,0.9847818508297702,6,3.167299598084116e-08,1238.1723608149393
iso_1500C_1h,2158.8038153403577,0.9847818508297702,7,3.970055075686648e-08,3056.4910907095077
iso_1500C_1h,2158.8038153403577,0.9847818508297702,8,4.976269789419122e-08,7549.461419423313
iso_1500C_1h,2158.8038153403577,0.9847818508297702,9,6.237510700730634e-08,18670.342789381244
iso_1500C_1h,2158.8038153403577,0.9847818508297702,10,7.818414472715056e-08,46217.889088015705
iso_1500C_1h,2158.8038153403577,0.9847818508297702,11,9.8e-08,114563.68230499905
iso_1500C_1h,2218.8038153403577,0.984915752503322,0,8.166666666666667e-09,inf
iso_1500C_1h,2218.8038153403577,0.984915752503322,1,1.0236517085738568e-08,inf
iso_1500C_1h,2218.8038153403577,0.984915752503322,2,1.2830973311830731e-08,inf
iso_1500C_1h,2218.8038153403577,0.984915752503322,3,1.6082997248964597e-08,85.24130962442953
iso_1500C_1h,2218.8038153403577,0.984915752503322,4,2.0159250138234185e-08,210.41591553420128
iso_1500C_1h,2218.8038153403577,0.984915752503322,5,2.526863369090349e-08,519.4053836369783
iso_1500C_1h,2218.8038153403577,0.984915752503322,6,3.167299598084116e-08,1282.1338413909314
iso_1500C_1h,2218.8038153403577,0.984915752503322,7,3.970055075686648e-08,3165.009124693321
iso_1500C_1h,2218.8038153403577,0.984915752503322,8,4.976269789419122e-08,7817.499715858631
iso_1500C_1h,2218.8038153403577,0.984915752503322,9,6.237510700730634e-08,19333.54898304135
iso_1500C_1h,2218.8038153403577,0.984915752503322,10,7.818414472715056e-08,47861.27491976155
iso_1500C_1h,2218.8038153403577,0.984915752503322,11,9.8e-08,118643.35357528897
iso_1500C_1h,2278.8038153403577,0.9850433730190178,0,8.166666666666667e-09,inf
iso_1500C_1h,2278.8038153403577,0.9850433730190178,1,1.0236517085738568e-08,inf
iso_1500C_1h,2278.8038153403577,0.9850433730190178,2,1.2830973311830731e-08,inf
iso_1500C_1h,2278.8038153403577,0.9850433730190178,3,1.6082997248964597e-08,88.19372974384035
iso_1500C_1h,2278.8038153403577,0.9850433730190178,4,2.0159250138234185e-08,217.70386778485494
iso_1500C_1h,2278.8038153403577,0.9850433730190178,5,2.526863369090349e-08,537.3954031708331
iso_1500C_1h,2278.8038153403577,0.9850433730190178,6,3.167299598084116e-08,1326.5412858201896
iso_1500C_1h,2278.8038153403577,0.9850433730190178,7,3.970055075686648e-08,3274.6279330583834
iso_1500C_1h,2278.8038153403577,0.9850433730190178,8,4.976269789419122e-08,8088.256959789422
iso_1500C_1h,2278.8038153403577,0.9850433730190178,9,6.237510700730634e-08,20003.494286805064
iso_1500C_1h,2278.8038153403577,0.9850433730190178,10,7.818414472715056e-08,49521.423203891296
iso_1500C_1h,2278.8038153403577,0.9850433730190178,11,9.8e-08,122764.87878113297
iso_1500C_1h,2338.8038153403577,0.9851651706062869,0,8.166666666666667e-09,inf
iso_1500C_1h,2338.8038153403577,0.9851651706062869,1,1.0236517085738568e-08,inf
iso_1500C_1h,2338.8038153403577,0.9851651706062869,2,1.2830973311830731e-08,inf
iso_1500C_1h,2338.8038153403577,0.9851651706062869,3,1.6082997248964597e-08,91.17541866174908
iso_1500C_1h,2338.8038153403577,0.9851651706062869,4,2.0159250138234185e-08,225.06406783861206
iso_1500C_1h,2338.8038153403577,0.9851651706062869,5,2.526863369090349e-08,555.5637586151169
iso_1500C_1h,2338.8038153403577,0.9851651706062869,6,3.167299598084116e-08,1371.3889244014729
iso_1500C_1h,2338.8038153403577,0.9851651706062869,7,3.970055075686648e-08,3385.333271312164
iso_1500C_1h,2338.8038153403577,0.9851651706062869,8,4.976269789419122e-08,8361.697976365514
iso_1500C_1h,2338.8038153403577,0.9851651706062869,9,6.237510700730634e-08,20680.09171563191
iso_1500C_1h,2338.8038153403577,0.9851651706062869,10,7.818414472715056e-08,51198.11863231233
iso_1500C_1h,2338.8038153403577,0.9851651706062869,11,9.8e-08,126927.72444034343
iso_1500C_1h,2398.8038153403577,0.985281558950887,0,8.166666666666667e-09,inf
iso_1500C_1h,2398.8038153403577,0.985281558950887,1,1.0236517085738568e-08,inf
iso_1500C_1h,2398.8038153403577,0.985281558950887,2,1.2830973311830731e-08,inf
iso_1500C_1h,2398.8038153403577,0.985281558950887,3,1.6082997248964597e-08,94.18600760929574
iso_1500C_1h,2398.8038153403577,0.985281558950887,4,2.0159250138234185e-08,232.49560536454044
iso_1500C_1h,2398.8038153403577,0.985281558950887,5,2.526863369090349e-08,573.9082027103653
iso_1500C_1h,2398.8038153403577,0.985281558950887,6,3.167299598084116e-08,1416.6712093219014
iso_1500C_1h,2398.8038153403577,0.985281558950887,7,3.970055075686648e-08,3497.11144270739
iso_1500C_1h,2398.8038153403577,0.985281558950887,8,4.976269789419122e-08,8637.788942783543
iso_1500C_1h,2398.8038153403577,0.985281558950887,9,6.237510700730634e-08,21363.257627358973
iso_1500C_1h,2398.8038153403577,0.985281558950887,10,7.818414472715056e-08,52891.15416920683
iso_1500C_1h,2398.8038153403577,0.985281558950887,11,9.8e-08,131131.37755796063
iso_1500C_1h,2458.8038153403577,0.9853929125418434,0,8.166666666666667e-09,inf
iso_1500C_1h,2458.8038153403577,0.9853929125418434,1,1.0236517085738568e-08,inf
iso_1500C_1h,2458.8038153403577,0.9853929125418434,2,1.2830973311830731e-08,inf
iso_1500C_1h,2458.8038153403577,0.9853929125418434,3,1.6082997248964597e-08,97.22514156801165
iso_1500C_1h,2458.8038153403577,0.9853929125418434,4,2.0159250138234185e-08,239.99760397435108
iso_1500C_1h,2458.8038153403577,0.9853929125418434,5,2.526863369090349e-08,592.4265719841576
iso_1500C_1h,2458.8038153403577,0.9853929125418434,6,3.167299598084116e-08,1462.3827995976396
iso_1500C_1h,2458.8038153403577,0.9853929125418434,7,3.970055075686648e-08,3609.9492610671027
iso_1500C_1h,2458.8038153403577,0.9853929125418434,8,4.976269789419122e-08,8916.497296540165
iso_1500C_1h,2458.8038153403577,0.9853929125418434,9,6.237510700730634e-08,22052.911495822445
iso_1500C_1h,2458.8038153403577,0.9853929125418434,10,7.818414472715056e-08,54600.3304894585
iso_1500C_1h,2458.8038153403577,0.9853929125418434,11,9.8e-08,135375.34423500975
iso_1500C_1h,2518.8038153403577,0.9854995712611117,0,8.166666666666667e-09,inf
iso_1500C_1h,2518.8038153403577,0.9854995712611117,1,1.0236517085738568e-08,inf
iso_1500C_1h,2518.8038153403577,0.9854995712611117,2,1.2830973311830731e-08,inf
iso_1500C_1h,2518.8038153403577,0.9854995712611117,3,1.6082997248964597e-08,100.29247835956109
iso_1500C_1h,2518.8038153403577,0.9854995712611117,4,2.0159250138234185e-08,247.56921897544197
iso_1500C_1h,2518.8038153403577,0.9854995712611117,5,2.526863369090349e-08,611.1167812045427
iso_1500C_1h,2518.8038153403577,0.9854995712611117,6,3.167299598084116e-08,1508.5185473820889
iso_1500C_1h,2518.8038153403577,0.9854995712611117,7,3.970055075686648e-08,3723.8340169854932
iso_1500C_1h,2518.8038153403577,0.9854995712611117,8,4.976269789419122e-08,9197.791652014983
iso_1500C_1h,2518.8038153403577,0.9854995712611117,9,6.237510700730634e-08,22748.97570457798
iso_1500C_1h,2518.8038153403577,0.9854995712611117,10,7.818414472715056e-08,56325.455468062966
iso_1500C_1h,2518.8038153403577,0.9854995712611117,11,9.8e-08,139659.14840354252
iso_1500C_1h,2578.8038153403577,0.9856018443387287,0,8.166666666666667e-09,inf
iso_1500C_1h,2578.8038153403577,0.9856018443387287,1,1.0236517085738568e-08,inf
iso_1500C_1h,2578.8038153403577,0.9856018443387287,2,1.2830973311830731e-08,inf
iso_1500C_1h,2578.8038153403577,0.9856018443387287,3,1.6082997248964597e-08,103.38768781576806
iso_1500C_1h,2578.8038153403577,0.9856018443387287,4,2.0159250138234185e-08,255.20963532212446
iso_1500C_1h,2578.8038153403577,0.9856018443387287,5,2.526863369090349e-08,629.9768183226764
iso_1500C_1h,2578.8038153403577,0.9856018443387287,6,3.167299598084116e-08,1555.0734854817154
iso_1500C_1h,2578.8038153403577,0.9856018443387287,7,3.970055075686648e-08,3838.7534470098904
iso_1500C_1h,2578.8038153403577,0.9856018443387287,8,4.976269789419122e-08,9481.641724409536
iso_1500C_1h,2578.8038153403577,0.9856018443387287,9,6.237510700730634e-08,23451.375358812158
iso_1500C_1h,2578.8038153403577,0.9856018443387287,10,7.818414472715056e-08,58066.34371456242
iso_1500C_1h,2578.8038153403577,0.9856018443387287,11,9.8e-08,143982.33067320794
iso_1500C_1h,2638.8038153403577,0.9857000137739232,0,8.166666666666667e-09,inf
iso_1500C_1h,2638.8038153403577,0.9857000137739232,1,1.0236517085738568e-08,inf
iso_1500C_1h,2638.8038153403577,0.9857000137739232,2,1.2830973311830731e-08,inf
iso_1500C_1h,2638.8038153403577,0.9857000137739232,3,1.6082997248964597e-08,106.51045101975002
iso_1500C_1h,2638.8038153403577,0.9857000137739232,4,2.0159250138234185e-08,262.9180657423755
iso_1500C_1h,2638.8038153403577,0.9857000137739232,5,2.526863369090349e-08,649.0047398487426
iso_1500C_1h,2638.8038153403577,0.9857000137739232,6,3.167299598084116e-08,1602.0428159414616
iso_1500C_1h,2638.8038153403577,0.9857000137739232,7,3.970055075686648e-08,3954.695705463077
iso_1500C_1h,2638.8038153403577,0.9857000137739232,8,4.976269789419122e-08,9768.01826020153
iso_1500C_1h,2638.8038153403577,0.9857000137739232,9,6.237510700730634e-08,24160.038113365652
iso_1500C_1h,2638.8038153403577,0.9857000137739232,10,7.818414472715056e-08,59822.81614735893
iso_1500C_1h,2638.8038153403577,0.9857000137739232,11,9.8e-08,148344.44727660465
iso_1500C_1h,2698.8038153403577,0.9857943373048286,0,8.166666666666667e-09,inf
iso_1500C_1h,2698.8038153403577,0.9857943373048286,1,1.0236517085738568e-08,inf
iso_1500C_1h,2698.8038153403577,0.9857943373048286,2,1.2830973311830731e-08,inf
iso_1500C_1h,2698.8038153403577,0.9857943373048286,3,1.6082997248964597e-08,109.66045961022482
iso_1500C_1h,2698.8038153403577,0.9857943373048286,4,2.0159250138234185e-08,270.69374902053244
iso_1500C_1h,2698.8038153403577,0.9857943373048286,5,2.526863369090349e-08,668.1986666128137
iso_1500C_1h,2698.8038153403577,0.9857943373048286,6,3.167299598084116e-08,1649.4218995803963
iso_1500C_1h,2698.8038153403577,0.9857943373048286,7,3.970055075686648e-08,4071.6493386113507
iso_1500C_1h,2698.8038153403577,0.9857943373048286,8,4.976269789419122e-08,10056.89297338755
iso_1500C_1h,2698.8038153403577,0.9857943373048286,9,6.237510700730634e-08,24874.894015070797
iso_1500C_1h,2698.8038153403577,0.9857943373048286,10,7.818414472715056e-08,61594.6996034576
iso_1500C_1h,2698.8038153403577,0.9857943373048286,11,9.8e-08,152745.06910239925
iso_1500C_1h,2758.8038153403577,0.9858850509950918,0,8.166666666666667e-09,inf
iso_1500C_1h,2758.8038153403577,0.9858850509950918,1,1.0236517085738568e-08,inf
iso_1500C_1h,2758.8038153403577,0.9858850509950918,2,1.2830973311830731e-08,inf
iso_1500C_1h,2758.8038153403577,0.9858850509950918,3,1.6082997248964597e-08,112.83741514208059
iso_1500C_1h,2758.8038153403577,0.9858850509950918,4,2.0159250138234185e-08,278.53594841887167
iso_1500C_1h,2758.8038153403577,0.9858850509950918,5,2.526863369090349e-08,687.5567798685457
iso_1500C_1h,2758.8038153403577,0.9858850509950918,6,3.167299598084116e-08,1697.2062463736586
iso_1500C_1h,2758.8038153403577,0.9858850509950918,7,3.970055075686648e-08,4189.6032609217355
iso_1500C_1h,2758.8038153403577,0.9858850509950918,8,4.976269789419122e-08,10348.238486881099
iso_1500C_1h,2758.8038153403577,0.9858850509950918,9,6.237510700730634e-08,25595.875357837784
iso_1500C_1h,2758.8038153403577,0.9858850509950918,10,7.818414472715056e-08,63381.82647976443
iso_1500C_1h,2758.8038153403577,0.9858850509950918,11,9.8e-08,157183.78080661033
iso_1500C_1h,2818.8038153403577,0.9859723714940869,0,8.166666666666667e-09,inf
iso_1500C_1h,2818.8038153403577,0.9859723714940869,1,1.0236517085738568e-08,inf
iso_1500C_1h,2818.8038153403577,0.9859723714940869,2,1.2830973311830731e-08,inf
iso_1500C_1h,2818.8038153403577,0.9859723714940869,3,1.6082997248964597e-08,116.04102849721066
iso_1500C_1h,2818.8038153403577,0.9859723714940869,4,2.0159250138234185e-08,286.44395022326563
iso_1500C_1h,2818.8038153403577,0.9859723714940869,5,2.526863369090349e-08,707.0773177031591
iso_1500C_1h,2818.8038153403577,0.9859723714940869,6,3.167299598084116e-08,1745.3915065904805
iso_1500C_1h,2818.8038153403577,0.9859723714940869,7,3.970055075686648e-08,4308.546733185631
iso_1500C_1h,2818.8038153403577,0.9859723714940869,8,4.976269789419122e-08,10642.028278516495
iso_1500C_1h,2818.8038153403577,0.9859723714940869,9,6.237510700730634e-08,26322.916549130714
iso_1500C_1h,2818.8038153403577,0.9859723714940869,10,7.818414472715056e-08,65184.03440257542
iso_1500C_1h,2818.8038153403577,0.9859723714940869,11,9.8e-08,161660.17999372678
iso_1500C_1h,2878.8038153403577,0.9860564980180099,0,8.166666666666667e-09,inf
iso_1500C_1h,2878.8038153403577,0.9860564980180099,1,1.0236517085738568e-08,inf
iso_1500C_1h,2878.8038153403577,0.9860564980180099,2,1.2830973311830731e-08,inf
iso_1500C_1h,2878.8038153403577,0.9860564980180099,3,1.6082997248964597e-08,119.27101934035453
iso_1500C_1h,2878.8038153403577,0.9860564980180099,4,2.0159250138234185e-08,294.41706239993584
iso_1500C_1h,2878.8038153403577,0.9860564980180099,5,2.526863369090349e-08,726.7585717216568
iso_1500C_1h,2878.8038153403577,0.9860564980180099,6,3.167299598084116e-08,1793.9734626091777
iso_1500C_1h,2878.8038153403577,0.9860564980180099,7,3.970055075686648e-08,4428.46934231361
iso_1500C_1h,2878.8038153403577,0.9860564980180099,8,4.976269789419122e-08,10938.236631176806
iso_1500C_1h,2878.8038153403577,0.9860564980180099,9,6.237510700730634e-08,27055.95398664167
iso_1500C_1h,2878.8038153403577,0.9860564980180099,10,7.818414472715056e-08,67001.16592230731
iso_1500C_1h,2878.8038153403577,0.9860564980180099,11,9.8e-08,166173.8764603553
iso_1500C_1h,2938.8038153403577,0.9861376140914458,0,8.166666666666667e-09,inf
iso_1500C_1h,2938.8038153403577,0.9861376140914458,1,1.0236517085738568e-08,inf
iso_1500C_1h,2938.8038153403577,0.9861376140914458,2,1.2830973311830731e-08,inf
iso_1500C_1h,2938.8038153403577,0.9861376140914458,3,1.6082997248964597e-08,122.52711561534346
iso_1500C_1h,2938.8038153403577,0.9861376140914458,4,2.0159250138234185e-08,302.4546133519461
iso_1500C_1h,2938.8038153403577,0.9861376140914458,5,2.526863369090349e-08,746.5988839772506
iso_1500C_1h,2938.8038153403577,0.9861376140914458,6,3.167299598084116e-08,1842.9480213399
iso_1500C_1h,2938.8038153403577,0.9861376140914458,7,3.970055075686648e-08,4549.3609826305465
iso_1500C_1h,2938.8038153403577,0.9861376140914458,8,4.976269789419122e-08,11236.838586624253
iso_1500C_1h,2938.8038153403577,0.9861376140914458,9,6.237510700730634e-08,27794.925944120565
iso_1500C_1h,2938.8038153403577,0.9861376140914458,10,7.818414472715056e-08,68833.06823088972
iso_1500C_1h,2938.8038153403577,0.9861376140914458,11,9.8e-08,170724.49149500264
iso_1500C_1h,2998.8038153403577,0.9862158890826864,0,8.166666666666667e-09,inf
iso_1500C_1h,2998.8038153403577,0.9862158890826864,1,1.0236517085738568e-08,inf
iso_1500C_1h,2998.8038153403577,0.9862158890826864,2,1.2830973311830731e-08,inf
iso_1500C_1h,2998.8038153403577,0.9862158890826864,3,1.6082997248964597e-08,125.80905307770108
iso_1500C_1h,2998.8038153403577,0.9862158890826864,4,2.0159250138234185e-08,310.5559507654348
iso_1500C_1h,2998.8038153403577,0.9862158890826864,5,2.526863369090349e-08,766.596644123308
iso_1500C_1h,2998.8038153403577,0.9862158890826864,6,3.167299598084116e-08,1892.3112071942203
iso_1500C_1h,2998.8038153403577,0.9862158890826864,7,3.970055075686648e-08,4671.211838520641
iso_1500C_1h,2998.8038153403577,0.9862158890826864,8,4.976269789419122e-08,11537.80990266199
iso_1500C_1h,2998.8038153403577,0.9862158890826864,9,6.237510700730634e-08,28539.7724654428
iso_1500C_1h,2998.8038153403577,0.9862158890826864,10,7.818414472715056e-08,70679.59289954668
iso_1500C_1h,2998.8038153403577,0.9862158890826864,11,9.8e-08,175311.6572283663
iso_1500C_1h,3058.8038153403577,0.9862914795608785,0,8.166666666666667e-09,inf
iso_1500C_1h,3058.8038153403577,0.9862914795608785,1,1.0236517085738568e-08,inf
iso_1500C_1h,3058.8038153403577,0.9862914795608785,2,1.2830973311830731e-08,inf
iso_1500C_1h,3058.8038153403577,0.9862914795608785,3,1.6082997248964597e-08,129.11657486003975
iso_1500C_1h,3058.8038153403577,0.9862914795608785,4,2.0159250138234185e-08,318.72044053680526
iso_1500C_1h,3058.8038153403577,0.9862914795608785,5,2.526863369090349e-08,786.7502867651407
iso_1500C_1h,3058.8038153403577,0.9862914795608785,6,3.167299598084116e-08,1942.0591555480376
iso_1500C_1h,3058.8038153403577,0.9862914795608785,7,3.970055075686648e-08,4794.01236829024
iso_1500C_1h,3058.8038153403577,0.9862914795608785,8,4.976269789419122e-08,11841.127013301213
iso_1500C_1h,3058.8038153403577,0.9862914795608785,9,6.237510700730634e-08,29290.435266108485
iso_1500C_1h,3058.8038153403577,0.9862914795608785,10,7.818414472715056e-08,72540.59563497179
iso_1500C_1h,3058.8038153403577,0.9862914795608785,11,9.8e-08,179935.0160291881
iso_1500C_1h,3118.8038153403577,0.9863645304987839,0,8.166666666666667e-09,inf
iso_1500C_1h,3118.8038153403577,0.9863645304987839,1,1.0236517085738568e-08,inf
iso_1500C_1h,3118.8038153403577,0.9863645304987839,2,1.2830973311830731e-08,inf
iso_1500C_1h,3118.8038153403577,0.9863645304987839,3,1.6082997248964597e-08,132.44943106709334
iso_1500C_1h,3118.8038153403577,0.9863645304987839,4,2.0159250138234185e-08,326.94746577307143
iso_1500C_1h,3118.8038153403577,0.9863645304987839,5,2.526863369090349e-08,807.0582889923802
iso_1500C_1h,3118.8038153403577,0.9863645304987839,6,3.167299598084116e-08,1992.188106650251
iso_1500C_1h,3118.8038153403577,0.9863645304987839,7,3.970055075686648e-08,4917.753289131099
iso_1500C_1h,3118.8038153403577,0.9863645304987839,8,4.976269789419122e-08,12146.766991644092
iso_1500C_1h,3118.8038153403577,0.9863645304987839,9,6.237510700730634e-08,30046.8576414573
iso_1500C_1h,3118.8038153403577,0.9863645304987839,10,7.818414472715056e-08,74415.93605212447
iso_1500C_1h,3118.8038153403577,0.9863645304987839,11,9.8e-08,184594.21994127985
iso_1500C_1h,3178.8038153403577,0.986435176341361,0,8.166666666666667e-09,inf
iso_1500C_1h,3178.8038153403577,0.986435176341361,1,1.0236517085738568e-08,inf
iso_1500C_1h,3178.8038153403577,0.986435176341361,2,1.2830973311830731e-08,inf
iso_1500C_1h,3178.8038153403577,0.986435176341361,3,1.6082997248964597e-08,135.80737839759033
iso_1500C_1h,3178.8038153403577,0.986435176341361,4,2.0159250138234185e-08,335.2364258584602
iso_1500C_1h,3178.8038153403577,0.986435176341361,5,2.526863369090349e-08,827.5191680749001
iso_1500C_1h,3178.8038153403577,0.986435176341361,6,3.167299598084116e-08,2042.6943999351734
iso_1500C_1h,3178.8038153403577,0.986435176341361,7,3.970055075686648e-08,5042.425563080288
iso_1500C_1h,3178.8038153403577,0.986435176341361,8,4.976269789419122e-08,12454.707515226306
iso_1500C_1h,3178.8038153403577,0.986435176341361,9,6.237510700730634e-08,30808.984380965183
iso_1500C_1h,3178.8038153403577,0.986435176341361,10,7.818414472715056e-08,76305.47746207926
iso_1500C_1h,3178.8038153403577,0.986435176341361,11,9.8e-08,189288.93015783507
iso_1500C_1h,3238.8038153403577,0.9865035419573984,0,8.166666666666667e-09,inf
iso_1500C_1h,3238.8038153403577,0.9865035419573984,1,1.0236517085738568e-08,inf
iso_1500C_1h,3238.8038153403577,0.9865035419573984,2,1.2830973311830731e-08,inf
iso_1500C_1h,3238.8038153403577,0.9865035419573984,3,1.6082997248964597e-08,139.1901797904943
iso_1500C_1h,3238.8038153403577,0.9865035419573984,4,2.0159250138234185e-08,343.5867355811627
iso_1500C_1h,3238.8038153403577,0.9865035419573984,5,2.526863369090349e-08,848.1314793072245
iso_1500C_1h,3238.8038153403577,0.9865035419573984,6,3.167299598084116e-08,2093.574468701461
iso_1500C_1h,3238.8038153403577,0.9865035419573984,7,3.970055075686648e-08,5168.020383884903
iso_1500C_1h,3238.8038153403577,0.9865035419573984,8,4.976269789419122e-08,12764.926833592654
iso_1500C_1h,3238.8038153403577,0.9865035419573984,9,6.237510700730634e-08,31576.7616880628
iso_1500C_1h,3238.8038153403577,0.9865035419573984,10,7.818414472715056e-08,78209.0866735406
iso_1500C_1h,3238.8038153403577,0.9865035419573984,11,9.8e-08,194018.81652959096
iso_1500C_1h,3298.8038153403577,0.98656974348894,0,8.166666666666667e-09,inf
iso_1500C_1h,3298.8038153403577,0.98656974348894,1,1.0236517085738568e-08,inf
iso_1500C_1h,3298.8038153403577,0.98656974348894,2,1.2830973311830731e-08,inf
iso_1500C_1h,3298.8038153403577,0.98656974348894,3,1.6082997248964597e-08,142.59760409339518
iso_1500C_1h,3298.8038153403577,0.98656974348894,4,2.0159250138234185e-08,351.9978243147651
iso_1500C_1h,3298.8038153403577,0.98656974348894,5,2.526863369090349e-08,868.8938139879043
iso_1500C_1h,3298.8038153403577,0.98656974348894,6,3.167299598084116e-08,2144.8248351242382
iso_1500C_1h,3298.8038153403577,0.98656974348894,7,3.970055075686648e-08,5294.529164689268
iso_1500C_1h,3298.8038153403577,0.98656974348894,8,4.976269789419122e-08,13077.40373790255
iso_1500C_1h,3298.8038153403577,0.98656974348894,9,6.237510700730634e-08,32350.137104973204
iso_1500C_1h,3298.8038153403577,0.98656974348894,10,7.818414472715056e-08,80126.6338067799
iso_1500C_1h,3298.8038153403577,0.98656974348894,11,9.8e-08,198783.55710375807
iso_1500C_1h,3358.8038153403577,0.9866338891111497,0,8.166666666666667e-09,inf
iso_1500C_1h,3358.8038153403577,0.9866338891111497,1,1.0236517085738568e-08,inf
iso_1500C_1h,3358.8038153403577,0.9866338891111497,2,1.2830973311830731e-08,inf
iso_1500C_1h,3358.8038153403577,0.9866338891111497,3,1.6082997248964597e-08,146.02942575107764
iso_1500C_1h,3358.8038153403577,0.9866338891111497,4,2.0159250138234185e-08,360.4691352494869
iso_1500C_1h,3358.8038153403577,0.9866338891111497,5,2.526863369090349e-08,889.8047975218484
iso_1500C_1h,3358.8038153403577,0.9866338891111497,6,3.167299598084116e-08,2196.442105570718
iso_1500C_1h,3358.8038153403577,0.9866338891111497,7,3.970055075686648e-08,5421.943526471394
iso_1500C_1h,3358.8038153403577,0.9866338891111497,8,4.976269789419122e-08,13392.11753238465
iso_1500C_1h,3358.8038153403577,0.9866338891111497,9,6.237510700730634e-08,33129.05944212175
iso_1500C_1h,3358.8038153403577,0.9866338891111497,10,7.818414472715056e-08,82057.9921188881
iso_1500C_1h,3358.8038153403577,0.9866338891111497,11,9.8e-08,203582.83769097706
iso_1500C_1h,3418.8038153403577,0.9866960797134974,0,8.166666666666667e-09,inf
iso_1500C_1h,3418.8038153403577,0.9866960797134974,1,1.0236517085738568e-08,inf
iso_1500C_1h,3418.8038153403577,0.9866960797134974,2,1.2830973311830731e-08,inf
iso_1500C_1h,3418.8038153403577,0.9866960797134974,3,1.6082997248964597e-08,149.48542451250557
iso_1500C_1h,3418.8038153403577,0.9866960797134974,4,2.0159250138234185e-08,369.0001246688782
iso_1500C_1h,3418.8038153403577,0.9866960797134974,5,2.526863369090349e-08,910.8630876348655
iso_1500C_1h,3418.8038153403577,0.9866960797134974,6,3.167299598084116e-08,2248.4229661928334
iso_1500C_1h,3418.8038153403577,0.9866960797134974,7,3.970055075686648e-08,5550.255287163209
iso_1500C_1h,3418.8038153403577,0.9866960797134974,8,4.976269789419122e-08,13709.048007479147
iso_1500C_1h,3418.8038153403577,0.9866960797134974,9,6.237510700730634e-08,33913.47871171874
iso_1500C_1h,3418.8038153403577,0.9866960797134974,10,7.818414472715056e-08,84003.03783935483
iso_1500C_1h,3418.8038153403577,0.9866960797134974,11,9.8e-08,208416.35145785203
iso_1500C_1h,3478.8038153403577,0.9867564095116597,0,8.166666666666667e-09,inf
iso_1500C_1h,3478.8038153403577,0.9867564095116597,1,1.0236517085738568e-08,inf
iso_1500C_1h,3478.8038153403577,0.9867564095116597,2,1.2830973311830731e-08,inf
iso_1500C_1h,3478.8038153403577,0.9867564095116597,3,1.6082997248964597e-08,152.9653851546313
iso_1500C_1h,3478.8038153403577,0.9867564095116597,4,2.0159250138234185e-08,377.590261268049
iso_1500C_1h,3478.8038153403577,0.9867564095116597,5,2.526863369090349e-08,932.067372690732
iso_1500C_1h,3478.8038153403577,0.9867564095116597,6,3.167299598084116e-08,2300.7641787729453
iso_1500C_1h,3478.8038153403577,0.9867564095116597,7,3.970055075686648e-08,5679.456451395574
iso_1500C_1h,3478.8038153403577,0.9867564095116597,8,4.976269789419122e-08,14028.175414522002
iso_1500C_1h,3478.8038153403577,0.9867564095116597,9,6.237510700730634e-08,34703.34606515477
iso_1500C_1h,3478.8038153403577,0.9867564095116597,10,7.818414472715056e-08,85961.65001508278
iso_1500C_1h,3478.8038153403577,0.9867564095116597,11,9.8e-08,213283.79854285042
iso_1500C_1h,3538.8038153403577,0.9868149665982622,0,8.166666666666667e-09,inf
iso_1500C_1h,3538.8038153403577,0.9868149665982622,1,1.0236517085738568e-08,inf
iso_1500C_1h,3538.8038153403577,0.9868149665982622,2,1.2830973311830731e-08,inf
iso_1500C_1h,3538.8038153403577,0.9868149665982622,3,1.6082997248964597e-08,156.4690972216236
iso_1500C_1h,3538.8038153403577,0.9868149665982622,4,2.0159250138234185e-08,386.23902550996036
iso_1500C_1h,3538.8038153403577,0.9868149665982622,5,2.526863369090349e-08,953.416370102211
iso_1500C_1h,3538.8038153403577,0.9868149665982622,6,3.167299598084116e-08,2353.462576801475
iso_1500C_1h,3538.8038153403577,0.9868149665982622,7,3.970055075686648e-08,5809.539200815819
iso_1500C_1h,3538.8038153403577,0.9868149665982622,8,4.976269789419122e-08,14349.480441842219
iso_1500C_1h,3538.8038153403577,0.9868149665982622,9,6.237510700730634e-08,35498.61373388964
iso_1500C_1h,3538.8038153403577,0.9868149665982622,10,7.818414472715056e-08,87933.71036404734
iso_1500C_1h,3538.8038153403577,0.9868149665982622,11,9.8e-08,218184.88569361516
iso_1500C_1h,3598.8038153403577,0.9868718334395172,0,8.166666666666667e-09,inf
iso_1500C_1h,3598.8038153403577,0.9868718334395172,1,1.0236517085738568e-08,inf
iso_1500C_1h,3598.8038153403577,0.9868718334395172,2,1.2830973311830731e-08,inf
iso_1500C_1h,3598.8038153403577,0.9868718334395172,3,1.6082997248964597e-08,159.99635477821465
iso_1500C_1h,3598.8038153403577,0.9868718334395172,4,2.0159250138234185e-08,394.94590901656665
iso_1500C_1h,3598.8038153403577,0.9868718334395172,5,2.526863369090349e-08,974.9088248281041
iso_1500C_1h,3598.8038153403577,0.9868718334395172,6,3.167299598084116e-08,2406.5150617669105
iso_1500C_1h,3598.8038153403577,0.9868718334395172,7,3.970055075686648e-08,5940.495884929529
iso_1500C_1h,3598.8038153403577,0.9868718334395172,8,4.976269789419122e-08,14672.944192153049
iso_1500C_1h,3598.8038153403577,0.9868718334395172,9,6.237510700730634e-08,36299.234973540544
iso_1500C_1h,3598.8038153403577,0.9868718334395172,10,7.818414472715056e-08,89919.10313687321
iso_1500C_1h,3598.8038153403577,0.9868718334395172,11,9.8e-08,223119.32592388097
iso_1500C_1h,3600.0,0.9868729428578121,0,8.166666666666667e-09,inf
iso_1500C_1h,3600.0,0.9868729428578121,1,1.0236517085738568e-08,inf
iso_1500C_1h,3600.0,0.9868729428578121,2,1.2830973311830731e-08,inf
iso_1500C_1h,3600.0,0.9868729428578121,3,1.6082997248964597e-08,161.7687499386779
iso_1500C_1h,3600.0,0.9868729428578121,4,2.0159250138234185e-08,399.32098953471865
iso_1500C_1h,3600.0,0.9868729428578121,5,2.526863369090349e-08,985.7084636637967
iso_1500C_1h,3600.0,0.9868729428578121,6,3.167299598084116e-08,2433.1731362906753
iso_1500C_1h,3600.0,0.9868729428578121,7,3.970055075686648e-08,6006.29960547135
iso_1500C_1h,3600.0,0.9868729428578121,8,4.976269789419122e-08,14835.479791042299
iso_1500C_1h,3600.0,0.9868729428578121,9,6.237510700730634e-08,36701.5388417913
iso_1500C_1h,3600.0,0.9868729428578121,10,7.818414472715056e-08,90916.76367066322
iso_1500C_1h,3600.0,0.9868729428578121,11,9.8e-08,225598.96539366522
two_level_best_map_case,0.028294740938732535,0.48405897190489333,0,8.166666666666667e-09,21.558236110475768
two_level_best_map_case,0.028294740938732535,0.48405897190489333,1,1.0236517085738568e-08,53.21606623918731
two_level_best_map_case,0.028294740938732535,0.48405897190489333,2,1.2830973311830731e-08,131.3627743683738
two_level_best_map_case,0.028294740938732535,0.48405897190489333,3,1.6082997248964597e-08,324.2663298724729
two_level_best_map_case,0.028294740938732535,0.48405897190489333,4,2.0159250138234185e-08,800.4448230737545
two_level_best_map_case,0.028294740938732535,0.48405897190489333,5,2.526863369090349e-08,1975.8817236008802
two_level_best_map_case,0.028294740938732535,0.48405897190489333,6,3.167299598084116e-08,4877.423743661242
two_level_best_map_case,0.028294740938732535,0.48405897190489333,7,3.970055075686648e-08,12039.821053068777
two_level_best_map_case,0.028294740938732535,0.48405897190489333,8,4.976269789419122e-08,29720.052757008343
two_level_best_map_case,0.028294740938732535,0.48405897190489333,9,6.237510700730634e-08,73363.34418012688
two_level_best_map_case,0.028294740938732535,0.48405897190489333,10,7.818414472715056e-08,181095.91905432017
two_level_best_map_case,0.028294740938732535,0.48405897190489333,11,9.8e-08,447031.58308614645
two_level_best_map_case,611.731901381473,0.6242691518412384,0,8.166666666666667e-09,41.64768053598355
two_level_best_map_case,611.731901381473,0.6242691518412384,1,1.0236517085738568e-08,102.80645061338593
two_level_best_map_case,611.731901381473,0.6242691518412384,2,1.2830973311830731e-08,253.77708740411586
two_level_best_map_case,611.731901381473,0.6242691518412384,3,1.6082997248964597e-08,626.48976488874
two_level_best_map_case,611.731901381473,0.6242691518412384,4,2.0159250138234185e-08,1546.7704575264838
two_level_best_map_case,611.731901381473,0.6242691518412384,5,2.526863369090349e-08,3819.205301964811
two_level_best_map_case,611.731901381473,0.6242691518412384,6,3.167299598084116e-08,9430.858511025168
two_level_best_map_case,611.731901381473,0.6242691518412384,7,3.970055075686648e-08,23290.26631414934
two_level_best_map_case,611.731901381473,0.6242691518412384,8,4.976269789419122e-08,57526.4290531142
two_level_best_map_case,611.731901381473,0.6242691518412384,9,6.237510700730634e-08,142123.06702818593
two_level_best_map_case,611.731901381473,0.6242691518412384,10,7.818414472715056e-08,351247.70489144576
two_level_best_map_case,611.731901381473,0.6242691518412384,11,9.8e-08,868795.8862395711
two_level_best_map_case,1231.613778449812,0.6916265233131684,0,8.166666666666667e-09,38.35542084771518
two_level_best_map_case,1231.613778449812,0.6916265233131684,1,1.0236517085738568e-08,94.67957402825486
two_level_best_map_case,1231.613778449812,0.6916265233131684,2,1.2830973311830731e-08,233.71460970017466
two_level_best_map_case,1231.613778449812,0.6916265233131684,3,1.6082997248964597e-08,576.9275735680762
two_level_best_map_case,1231.613778449812,0.6916265233131684,4,2.0159250138234185e-08,1424.291308107711
two_level_best_map_case,1231.613778449812,0.6916265233131684,5,2.526863369090349e-08,3516.6733955664395
two_level_best_map_case,1231.613778449812,0.6916265233131684,6,3.167299598084116e-08,8683.659786256489
two_level_best_map_case,1231.613778449812,0.6916265233131684,7,3.970055075686648e-08,21444.258153552477
two_level_best_map_case,1231.613778449812,0.6916265233131684,8,4.976269789419122e-08,52963.360090970644
two_level_best_map_case,1231.613778449812,0.6916265233131684,9,6.237510700730634e-08,130835.83685389663
two_level_best_map_case,1231.613778449812,0.6916265233131684,10,7.818414472715056e-08,323300.6795280645
two_level_best_map_case,1231.613778449812,0.6916265233131684,11,9.8e-08,799449.9703344001
two_level_best_map_case,1860.4580008354976,0.7373756129451932,0,8.166666666666667e-09,37.04388904960337
two_level_best_map_case,1860.4580008354976,0.7373756129451932,1,1.0236517085738568e-08,91.44208414723649
two_level_best_map_case,1860.4580008354976,0.7373756129451932,2,1.2830973311830731e-08,225.72291782437523
two_level_best_map_case,1860.4580008354976,0.7373756129451932,3,1.6082997248964597e-08,557.1935850944122
two_level_best_map_case,1860.4580008354976,0.7373756129451932,4,2.0159250138234185e-08,1375.4984476830764
two_level_best_map_case,1860.4580008354976,0.7373756129451932,5,2.526863369090349e-08,3396.066979395267
two_level_best_map_case,1860.4580008354976,0.7373756129451932,6,3.167299598084116e-08,8385.77607131478
two_level_best_map_case,1860.4580008354976,0.7373756129451932,7,3.970055075686648e-08,20708.49160048641
two_level_best_map_case,1860.4580008354976,0.7373756129451932,8,4.976269789419122e-08,51145.07674507416
two_level_best_map_case,1860.4580008354976,0.7373756129451932,9,6.237510700730634e-08,126338.92018875909
two_level_best_map_case,1860.4580008354976,0.7373756129451932,10,7.818414472715056e-08,312167.8965744136
two_level_best_map_case,1860.4580008354976,0.7373756129451932,11,9.8e-08,771829.5771757176
two_level_best_map_case,2469.295419568022,0.7695172449165638,0,8.166666666666667e-09,inf
two_level_best_map_case,2469.295419568022,0.7695172449165638,1,1.0236517085738568e-08,90.3643012744711
two_level_best_map_case,2469.295419568022,0.7695172449165638,2,1.2830973311830731e-08,223.06243054448524
two_level_best_map_case,2469.295419568022,0.7695172449165638,3,1.6082997248964597e-08,550.6252250798742
two_level_best_map_case,2469.295419568022,0.7695172449165638,4,2.0159250138234185e-08,1359.2457118951156
two_level_best_map_case,2469.295419568022,0.7695172449165638,5,2.526863369090349e-08,3355.817828089383
two_level_best_map_case,2469.295419568022,0.7695172449165638,6,3.167299598084116e-08,8286.336833719342
two_level_best_map_case,2469.295419568022,0.7695172449165638,7,3.970055075686648e-08,20463.040622418255
two_level_best_map_case,2469.295419568022,0.7695172449165638,8,4.976269789419122e-08,50538.9101604794
two_level_best_map_case,2469.295419568022,0.7695172449165638,9,6.237510700730634e-08,124840.43783338122
two_level_best_map_case,2469.295419568022,0.7695172449165638,10,7.818414472715056e-08,308459.0252880977
two_level_best_map_case,2469.295419568022,0.7695172449165638,11,9.8e-08,762628.2824288436
two_level_best_map_case,3092.6620863364637,0.7946537238233661,0,8.166666666666667e-09,inf
two_level_best_map_case,3092.6620863364637,0.7946537238233661,1,1.0236517085738568e-08,90.34863095416716
two_level_best_map_case,3092.6620863364637,0.7946537238233661,2,1.2830973311830731e-08,223.02374603503412
two_level_best_map_case,3092.6620863364637,0.7946537238233661,3,1.6082997248964597e-08,550.5295676411463
two_level_best_map_case,3092.6620863364637,0.7946537238233661,4,2.0159250138234185e-08,1358.990001859309
two_level_best_map_case,3092.6620863364637,0.7946537238233661,5,2.526863369090349e-08,3355.0781433929615
two_level_best_map_case,3092.6620863364637,0.7946537238233661,6,3.167299598084116e-08,8284.450471793149
two_level_best_map_case,3092.6620863364637,0.7946537238233661,7,3.970055075686648e-08,20458.612219904782
two_level_best_map_case,3092.6620863364637,0.7946537238233661,8,4.976269789419122e-08,50528.58517287646
two_level_best_map_case,3092.6620863364637,0.7946537238233661,9,6.237510700730634e-08,124815.85882782943
two_level_best_map_case,3092.6620863364637,0.7946537238233661,10,7.818414472715056e-08,308399.08912841487
two_level_best_map_case,3092.6620863364637,0.7946537238233661,11,9.8e-08,762478.2403871898
two_level_best_map_case,3701.5794697712176,0.8140710335695065,0,8.166666666666667e-09,inf
two_level_best_map_case,3701.5794697712176,0.8140710335695065,1,1.0236517085738568e-08,90.90355262474202
two_level_best_map_case,3701.5794697712176,0.8140710335695065,2,1.2830973311830731e-08,224.3935562728649
two_level_best_map_case,3701.5794697712176,0.8140710335695065,3,1.6082997248964597e-08,553.9108840079946
two_level_best_map_case,3701.5794697712176,0.8140710335695065,4,2.0159250138234185e-08,1367.3272626406222
two_level_best_map_case,3701.5794697712176,0.8140710335695065,5,2.526863369090349e-08,3375.5724545445373
two_level_best_map_case,3701.5794697712176,0.8140710335695065,6,3.167299598084116e-08,8334.98486678422
two_level_best_map_case,3701.5794697712176,0.8140710335695065,7,3.970055075686648e-08,20583.678369490142
two_level_best_map_case,3701.5794697712176,0.8140710335695065,8,4.976269789419122e-08,50838.38345031891
two_level_best_map_case,3701.5794697712176,0.8140710335695065,9,6.237510700730634e-08,125583.18848557092
two_level_best_map_case,3701.5794697712176,0.8140710335695065,10,7.818414472715056e-08,310299.81995977135
two_level_best_map_case,3701.5794697712176,0.8140710335695065,11,9.8e-08,767192.2215579775
two_level_best_map_case,4330.318881984891,0.8303452210952204,0,8.166666666666667e-09,inf
two_level_best_map_case,4330.318881984891,0.8303452210952204,1,1.0236517085738568e-08,91.82544332724879
two_level_best_map_case,4330.318881984891,0.8303452210952204,2,1.2830973311830731e-08,226.6692222299673
two_level_best_map_case,4330.318881984891,0.8303452210952204,3,1.6082997248964597e-08,559.5283062448997
two_level_best_map_case,4330.318881984891,0.8303452210952204,4,2.0159250138234185e-08,1381.1888816892545
two_level_best_map_case,4330.318881984891,0.8303452210952204,5,2.526863369090349e-08,3409.718112705201
two_level_best_map_case,4330.318881984891,0.8303452210952204,6,3.167299598084116e-08,8419.211849498986
two_level_best_map_case,4330.318881984891,0.8303452210952204,7,3.970055075686648e-08,20791.975730695114
two_level_best_map_case,4330.318881984891,0.8303452210952204,8,4.976269789419122e-08,51353.98616816127
two_level_best_map_case,4330.318881984891,0.8303452210952204,9,6.237510700730634e-08,126859.76020362308
two_level_best_map_case,4330.318881984891,0.8303452210952204,10,7.818414472715056e-08,313461.6560216548
two_level_best_map_case,4330.318881984891,0.8303452210952204,11,9.8e-08,775035.4957243998
two_level_best_map_case,4966.575415817312,0.843942422749223,0,8.166666666666667e-09,inf
two_level_best_map_case,4966.575415817312,0.843942422749223,1,1.0236517085738568e-08,93.00972709329616
two_level_best_map_case,4966.575415817312,0.843942422749223,2,1.2830973311830731e-08,229.59260038563124
two_level_best_map_case,4966.575415817312,0.843942422749223,3,1.6082997248964597e-08,566.7445967436304
two_level_best_map_case,4966.575415817312,0.843942422749223,4,2.0159250138234185e-08,1398.9996943273618
two_level_best_map_case,4966.575415817312,0.843942422749223,5,2.526863369090349e-08,3453.6263138151307
two_level_best_map_case,4966.575415817312,0.843942422749223,6,3.167299598084116e-08,8527.532125753109
two_level_best_map_case,4966.575415817312,0.843942422749223,7,3.970055075686648e-08,21059.7801407839
two_level_best_map_case,4966.575415817312,0.843942422749223,8,4.976269789419122e-08,52016.73523064346
two_level_best_map_case,4966.575415817312,0.843942422749223,9,6.237510700730634e-08,128500.47362710795
two_level_best_map_case,4966.575415817312,0.843942422749223,10,7.818414472715056e-08,317525.3932775019
two_level_best_map_case,4966.575415817312,0.843942422749223,11,9.8e-08,785117.149322049
two_level_best_map_case,5596.056299318643,0.8552462092931173,0,8.166666666666667e-09,inf
two_level_best_map_case,5596.056299318643,0.8552462092931173,1,1.0236517085738568e-08,94.37351577445708
two_level_best_map_case,5596.056299318643,0.8552462092931173,2,1.2830973311830731e-08,232.95908304932638
two_level_best_map_case,5596.056299318643,0.8552462092931173,3,1.6082997248964597e-08,575.0546831796216
two_level_best_map_case,5596.056299318643,0.8552462092931173,4,2.0159250138234185e-08,1419.511751119693
two_level_best_map_case,5596.056299318643,0.8552462092931173,5,2.526863369090349e-08,3504.2149828845045
two_level_best_map_case,5596.056299318643,0.8552462092931173,6,3.167299598084116e-08,8652.340028517001
two_level_best_map_case,5596.056299318643,0.8552462092931173,7,3.970055075686648e-08,21368.294577778146
two_level_best_map_case,5596.056299318643,0.8552462092931173,8,4.976269789419122e-08,52780.1437632553
two_level_best_map_case,5596.056299318643,0.8552462092931173,9,6.237510700730634e-08,130390.30460141349
two_level_best_map_case,5596.056299318643,0.8552462092931173,10,7.818414472715056e-08,322206.20466912945
two_level_best_map_case,5596.056299318643,0.8552462092931173,11,9.8e-08,796730.4946167478
two_level_best_map_case,6202.674383109885,0.864567655672956,0,8.166666666666667e-09,inf
two_level_best_map_case,6202.674383109885,0.864567655672956,1,1.0236517085738568e-08,95.83042822237093
two_level_best_map_case,6202.674383109885,0.864567655672956,2,1.2830973311830731e-08,236.55544009021867
two_level_best_map_case,6202.674383109885,0.864567655672956,3,1.6082997248964597e-08,583.932210877807
two_level_best_map_case,6202.674383109885,0.864567655672956,4,2.0159250138234185e-08,1441.4251356190584
two_level_best_map_case,6202.674383109885,0.864567655672956,5,2.526863369090349e-08,3558.2733122478057
two_level_best_map_case,6202.674383109885,0.864567655672956,6,3.167299598084116e-08,8785.71258415374
two_level_best_map_case,6202.674383109885,0.864567655672956,7,3.970055075686648e-08,21697.94016794909
two_level_best_map_case,6202.674383109885,0.864567655672956,8,4.976269789419122e-08,53595.78702768695
two_level_best_map_case,6202.674383109885,0.864567655672956,9,6.237510700730634e-08,132409.41915751976
two_level_best_map_case,6202.674383109885,0.864567655672956,10,7.818414472715056e-08,327207.3273040789
two_level_best_map_case,6202.674383109885,0.864567655672956,11,9.8e-08,809139.2020871607
two_level_best_map_case,6867.903431473524,0.8733863693673364,0,8.166666666666667e-09,inf
two_level_best_map_case,6867.903431473524,0.8733863693673364,1,1.0236517085738568e-08,inf
two_level_best_map_case,6867.903431473524,0.8733863693673364,2,1.2830973311830731e-08,240.80367339029212
two_level_best_map_case,6867.903431473524,0.8733863693673364,3,1.6082997248964597e-08,594.41888182191
two_level_best_map_case,6867.903431473524,0.8733863693673364,4,2.0159250138234185e-08,1467.3109180048764
two_level_best_map_case,6867.903431473524,0.8733863693673364,5,2.526863369090349e-08,3622.1419515772664
two_level_best_map_case,6867.903431473524,0.8733863693673364,6,3.167299598084116e-08,8943.292688166086
two_level_best_map_case,6867.903431473524,0.8733863693673364,7,3.970055075686648e-08,22087.37868775667
two_level_best_map_case,6867.903431473524,0.8733863693673364,8,4.976269789419122e-08,54559.336742177016
two_level_best_map_case,6867.903431473524,0.8733863693673364,9,6.237510700730634e-08,134794.68807534655
two_level_best_map_case,6867.903431473524,0.8733863693673364,10,7.818414472715056e-08,333115.5391016517
two_level_best_map_case,6867.903431473524,0.8733863693673364,11,9.8e-08,823799.3290750877
two_level_best_map_case,7490.230052266506,0.8805650663440603,0,8.166666666666667e-09,inf
two_level_best_map_case,7490.230052266506,0.8805650663440603,1,1.0236517085738568e-08,inf
two_level_best_map_case,7490.230052266506,0.8805650663440603,2,1.2830973311830731e-08,244.99069785531492
two_level_best_map_case,7490.230052266506,0.8805650663440603,3,1.6082997248964597e-08,604.7544608130476
two_level_best_map_case,7490.230052266506,0.8805650663440603,4,2.0159250138234185e-08,1492.8239088026212
two_level_best_map_case,7490.230052266506,0.8805650663440603,5,2.526863369090349e-08,3685.098109778322
two_level_best_map_case,7490.230052266506,0.8805650663440603,6,3.167299598084116e-08,9098.623770661434
two_level_best_map_case,7490.230052266506,0.8805650663440603,7,3.970055075686648e-08,22471.225875461143
two_level_best_map_case,7490.230052266506,0.8805650663440603,8,4.976269789419122e-08,55509.02848984022
two_level_best_map_case,7490.230052266506,0.8805650663440603,9,6.237510700730634e-08,137145.69498798394
two_level_best_map_case,7490.230052266506,0.8805650663440603,10,7.818414472715056e-08,338939.0935310128
two_level_best_map_case,7490.230052266506,0.8805650663440603,11,9.8e-08,838250.1946204162
two_level_best_map_case,8166.241137994549,0.8874096492968581,0,8.166666666666667e-09,inf
two_level_best_map_case,8166.241137994549,0.8874096492968581,1,1.0236517085738568e-08,inf
two_level_best_map_case,8166.241137994549,0.8874096492968581,2,1.2830973311830731e-08,249.70263015798164
two_level_best_map_case,8166.241137994549,0.8874096492968581,3,1.6082997248964597e-08,616.3857639252781
two_level_best_map_case,8166.241137994549,0.8874096492968581,4,2.0159250138234185e-08,1521.5354365526748
two_level_best_map_case,8166.241137994549,0.8874096492968581,5,2.526863369090349e-08,3755.9528365793444
two_level_best_map_case,8166.241137994549,0.8874096492968581,6,3.167299598084116e-08,9273.444698904827
two_level_best_map_case,8166.241137994549,0.8874096492968581,7,3.970055075686648e-08,22903.20156882002
two_level_best_map_case,8166.241137994549,0.8874096492968581,8,4.976269789419122e-08,56577.780199721296
two_level_best_map_case,8166.241137994549,0.8874096492968581,9,6.237510700730634e-08,139791.51227048153
two_level_best_map_case,8166.241137994549,0.8874096492968581,10,7.818414472715056e-08,345493.18080425926
two_level_best_map_case,8166.241137994549,0.8874096492968581,11,9.8e-08,854514.8005165722
two_level_best_map_case,8774.96713789586,0.8928693641954901,0,8.166666666666667e-09,inf
two_level_best_map_case,8774.96713789586,0.8928693641954901,1,1.0236517085738568e-08,inf
two_level_best_map_case,8774.96713789586,0.8928693641954901,2,1.2830973311830731e-08,254.04602073676813
two_level_best_map_case,8774.96713789586,0.8928693641954901,3,1.6082997248964597e-08,627.1073300636898
two_level_best_map_case,8774.96713789586,0.8928693641954901,4,2.0159250138234185e-08,1548.001345838917
two_level_best_map_case,8774.96713789586,0.8928693641954901,5,2.526863369090349e-08,3821.269670809551
two_level_best_map_case,8774.96713789586,0.8928693641954901,6,3.167299598084116e-08,9434.603233553327
two_level_best_map_case,8774.96713789586,0.8928693641954901,7,3.970055075686648e-08,23301.389161768257
two_level_best_map_case,8774.96713789586,0.8928693641954901,8,4.976269789419122e-08,57562.926179856026
two_level_best_map_case,8774.96713789586,0.8928693641954901,9,6.237510700730634e-08,142230.4305661605
two_level_best_map_case,8774.96713789586,0.8928693641954901,10,7.818414472715056e-08,351535.016472031
two_level_best_map_case,8774.96713789586,0.8928693641954901,11,9.8e-08,869509.0992541863
two_level_best_map_case,9429.22320273598,0.8981163707205078,0,8.166666666666667e-09,inf
two_level_best_map_case,9429.22320273598,0.8981163707205078,1,1.0236517085738568e-08,inf
two_level_best_map_case,9429.22320273598,0.8981163707205078,2,1.2830973311830731e-08,258.78556108352745
two_level_best_map_case,9429.22320273598,0.8981163707205078,3,1.6082997248964597e-08,638.8067835955102
two_level_best_map_case,9429.22320273598,0.8981163707205078,4,2.0159250138234185e-08,1576.8811663825682
two_level_best_map_case,9429.22320273598,0.8981163707205078,5,2.526863369090349e-08,3892.547052521059
two_level_best_map_case,9429.22320273598,0.8981163707205078,6,3.167299598084116e-08,9610.46985574273
two_level_best_map_case,9429.22320273598,0.8981163707205078,7,3.970055075686648e-08,23735.887828157855
two_level_best_map_case,9429.22320273598,0.8981163707205078,8,4.976269789419122e-08,58637.899054477726
two_level_best_map_case,9429.22320273598,0.8981163707205078,9,6.237510700730634e-08,144891.81982942414
two_level_best_map_case,9429.22320273598,0.8981163707205078,10,7.818414472715056e-08,358128.2657584248
two_level_best_map_case,9429.22320273598,0.8981163707205078,11,9.8e-08,885872.820709702
two_level_best_map_case,10304.675406383594,0.9005473475330565,0,8.166666666666667e-09,inf
two_level_best_map_case,10304.675406383594,0.9005473475330565,1,1.0236517085738568e-08,inf
two_level_best_map_case,10304.675406383594,0.9005473475330565,2,1.2830973311830731e-08,2880.967290807729
two_level_best_map_case,10304.675406383594,0.9005473475330565,3,1.6082997248964597e-08,7111.60753664153
two_level_best_map_case,10304.675406383594,0.9005473475330565,4,2.0159250138234185e-08,17554.852783898037
two_level_best_map_case,10304.675406383594,0.9005473475330565,5,2.526863369090349e-08,43334.669503383804
two_level_best_map_case,10304.675406383594,0.9005473475330565,6,3.167299598084116e-08,107007.1667974433
two_level_best_map_case,10304.675406383594,0.9005473475330565,7,3.970055075686648e-08,264414.158224081
two_level_best_map_case,10304.675406383594,0.9005473475330565,8,4.976269789419122e-08,653705.2252578115
two_level_best_map_case,10304.675406383594,0.9005473475330565,9,6.237510700730634e-08,1616818.6072601008
two_level_best_map_case,10304.675406383594,0.9005473475330565,10,7.818414472715056e-08,4001213.115674385
two_level_best_map_case,10304.675406383594,0.9005473475330565,11,9.8e-08,9916988.761556791
two_level_best_map_case,10904.675406383594,0.900933611973517,0,8.166666666666667e-09,inf
two_level_best_map_case,10904.675406383594,0.900933611973517,1,1.0236517085738568e-08,inf
two_level_best_map_case,10904.675406383594,0.900933611973517,2,1.2830973311830731e-08,2886.7465565983953
two_level_best_map_case,10904.675406383594,0.900933611973517,3,1.6082997248964597e-08,7125.873528786662
two_level_best_map_case,10904.675406383594,0.900933611973517,4,2.0159250138234185e-08,17590.06805070755
two_level_best_map_case,10904.675406383594,0.900933611973517,5,2.526863369090349e-08,43421.583292798256
two_level_best_map_case,10904.675406383594,0.900933611973517,6,3.167299598084116e-08,107221.60013969026
two_level_best_map_case,10904.675406383594,0.900933611973517,7,3.970055075686648e-08,264944.26001046726
two_level_best_map_case,10904.675406383594,0.900933611973517,8,4.976269789419122e-08,655018.7278197787
two_level_best_map_case,10904.675406383594,0.900933611973517,9,6.237510700730634e-08,1620077.2976364866
two_level_best_map_case,10904.675406383594,0.900933611973517,10,7.818414472715056e-08,4009307.086929993
two_level_best_map_case,10904.675406383594,0.900933611973517,11,9.8e-08,9937157.26063661
two_level_best_map_case,11504.675406383594,0.9013163388745687,0,8.166666666666667e-09,inf
two_level_best_map_case,11504.675406383594,0.9013163388745687,1,1.0236517085738568e-08,inf
two_level_best_map_case,11504.675406383594,0.9013163388745687,2,1.2830973311830731e-08,2892.488123887893
two_level_best_map_case,11504.675406383594,0.9013163388745687,3,1.6082997248964597e-08,7140.046462991781
two_level_best_map_case,11504.675406383594,0.9013163388745687,4,2.0159250138234185e-08,17625.053606729147
two_level_best_map_case,11504.675406383594,0.9013163388745687,5,2.526863369090349e-08,43507.93026555634
two_level_best_map_case,11504.675406383594,0.9013163388745687,6,3.167299598084116e-08,107434.63303302201
two_level_best_map_case,11504.675406383594,0.9013163388745687,7,3.970055075686648e-08,265470.8912249617
two_level_best_map_case,11504.675406383594,0.9013163388745687,8,4.976269789419122e-08,656323.6292244338
two_level_best_map_case,11504.675406383594,0.9013163388745687,9,6.237510700730634e-08,1623314.6682767926
two_level_best_map_case,11504.675406383594,0.9013163388745687,10,7.818414472715056e-08,4017348.1473651007
two_level_best_map_case,11504.675406383594,0.9013163388745687,11,9.8e-08,9957193.975865
two_level_best_map_case,12104.675406383594,0.9016955825645442,0,8.166666666666667e-09,inf
two_level_best_map_case,12104.675406383594,0.9016955825645442,1,1.0236517085738568e-08,inf
two_level_best_map_case,12104.675406383594,0.9016955825645442,2,1.2830973311830731e-08,2898.1931594026332
two_level_best_map_case,12104.675406383594,0.9016955825645442,3,1.6082997248964597e-08,7154.1292192960445
two_level_best_map_case,12104.675406383594,0.9016955825645442,4,2.0159250138234185e-08,17659.816561243486
two_level_best_map_case,12104.675406383594,0.9016955825645442,5,2.526863369090349e-08,43593.72796843643
two_level_best_map_case,12104.675406383594,0.9016955825645442,6,3.167299598084116e-08,107646.3088596851
two_level_best_map_case,12104.675406383594,0.9016955825645442,7,3.970055075686648e-08,265994.15926532546
two_level_best_map_case,12104.675406383594,0.9016955825645442,8,4.976269789419122e-08,657620.1954415264
two_level_best_map_case,12104.675406383594,0.9016955825645442,9,6.237510700730634e-08,1626531.378389483
two_level_best_map_case,12104.675406383594,0.9016955825645442,10,7.818414472715056e-08,4025337.9330978985
two_level_best_map_case,12104.675406383594,0.9016955825645442,11,9.8e-08,9977102.98212533
two_level_best_map_case,12704.675406383594,0.9020713960975639,0,8.166666666666667e-09,inf
two_level_best_map_case,12704.675406383594,0.9020713960975639,1,1.0236517085738568e-08,inf
two_level_best_map_case,12704.675406383594,0.9020713960975639,2,1.2830973311830731e-08,2903.862787340762
two_level_best_map_case,12704.675406383594,0.9020713960975639,3,1.6082997248964597e-08,7168.124572758507
two_level_best_map_case,12704.675406383594,0.9020713960975639,4,2.0159250138234185e-08,17694.36376439166
two_level_best_map_case,12704.675406383594,0.9020713960975639,5,2.526863369090349e-08,43678.99330848431
two_level_best_map_case,12704.675406383594,0.9020713960975639,6,3.167299598084116e-08,107856.6694200845
two_level_best_map_case,12704.675406383594,0.9020713960975639,7,3.970055075686648e-08,266514.1676147721
two_level_best_map_case,12704.675406383594,0.9020713960975639,8,4.976269789419122e-08,658908.682748943
two_level_best_map_case,12704.675406383594,0.9020713960975639,9,6.237510700730634e-08,1629728.0631677657
two_level_best_map_case,12704.675406383594,0.9020713960975639,10,7.818414472715056e-08,4033278.020661335
two_level_best_map_case,12704.675406383594,0.9020713960975639,11,9.8e-08,9996888.205974953
two_level_best_map_case,13304.675406383594,0.9024438312960363,0,8.166666666666667e-09,inf
two_level_best_map_case,13304.675406383594,0.9024438312960363,1,1.0236517085738568e-08,inf
two_level_best_map_case,13304.675406383594,0.9024438312960363,2,1.2830973311830731e-08,2909.4980912131446
two_level_best_map_case,13304.675406383594,0.9024438312960363,3,1.6082997248964597e-08,7182.035198002516
two_level_best_map_case,13304.675406383594,0.9024438312960363,4,2.0159250138234185e-08,17728.701818392936
two_level_best_map_case,13304.675406383594,0.9024438312960363,5,2.526863369090349e-08,43763.74258071043
two_level_best_map_case,13304.675406383594,0.9024438312960363,6,3.167299598084116e-08,108065.75500126636
two_level_best_map_case,13304.675406383594,0.9024438312960363,7,3.970055075686648e-08,267031.0160113969
two_level_best_map_case,13304.675406383594,0.9024438312960363,8,4.976269789419122e-08,660189.3381520702
two_level_best_map_case,13304.675406383594,0.9024438312960363,9,6.237510700730634e-08,1632905.3348283644
two_level_best_map_case,13304.675406383594,0.9024438312960363,10,7.818414472715056e-08,4041169.9295793585
two_level_best_map_case,13304.675406383594,0.9024438312960363,11,9.8e-08,10016553.432053896
two_level_best_map_case,13904.675406383594,0.9028129387912947,0,8.166666666666667e-09,inf
two_level_best_map_case,13904.675406383594,0.9028129387912947,1,1.0236517085738568e-08,inf
two_level_best_map_case,13904.675406383594,0.9028129387912947,2,1.2830973311830731e-08,2915.1001155934505
two_level_best_map_case,13904.675406383594,0.9028129387912947,3,1.6082997248964597e-08,7195.863673535788
two_level_best_map_case,13904.675406383594,0.9028129387912947,4,2.0159250138234185e-08,17762.837088208675
two_level_best_map_case,13904.675406383594,0.9028129387912947,5,2.526863369090349e-08,43847.99149442001
two_level_best_map_case,13904.675406383594,0.9028129387912947,6,3.167299598084116e-08,108273.6044420205
two_level_best_map_case,13904.675406383594,0.9028129387912947,7,3.970055075686648e-08,267544.80060924444
two_level_best_map_case,13904.675406383594,0.9028129387912947,8,4.976269789419122e-08,661462.3997824667
two_level_best_map_case,13904.675406383594,0.9028129387912947,9,6.237510700730634e-08,1636063.783599073
two_level_best_map_case,13904.675406383594,0.9028129387912947,10,7.818414472715056e-08,4049015.1248161844
two_level_best_map_case,13904.675406383594,0.9028129387912947,11,9.8e-08,10036102.30917801
two_level_best_map_case,14504.675406383594,0.9031787680624692,0,8.166666666666667e-09,inf
two_level_best_map_case,14504.675406383594,0.9031787680624692,1,1.0236517085738568e-08,inf
two_level_best_map_case,14504.675406383594,0.9031787680624692,2,1.2830973311830731e-08,2920.6698677821605
two_level_best_map_case,14504.675406383594,0.9031787680624692,3,1.6082997248964597e-08,7209.612485857956
two_level_best_map_case,14504.675406383594,0.9031787680624692,4,2.0159250138234185e-08,17796.775711681646
two_level_best_map_case,14504.675406383594,0.9031787680624692,5,2.526863369090349e-08,43931.755198247476
two_level_best_map_case,14504.675406383594,0.9031787680624692,6,3.167299598084116e-08,108480.25519477959
two_level_best_map_case,14504.675406383594,0.9031787680624692,7,3.970055075686648e-08,268055.61413145374
two_level_best_map_case,14504.675406383594,0.9031787680624692,8,4.976269789419122e-08,662728.0972769352
two_level_best_map_case,14504.675406383594,0.9031787680624692,9,6.237510700730634e-08,1639203.978657767
two_level_best_map_case,14504.675406383594,0.9031787680624692,10,7.818414472715056e-08,4056815.019105256
two_level_best_map_case,14504.675406383594,0.9031787680624692,11,9.8e-08,10055538.35613306
two_level_best_map_case,15104.675406383594,0.903541367473692,0,8.166666666666667e-09,inf
two_level_best_map_case,15104.675406383594,0.903541367473692,1,1.0236517085738568e-08,inf
two_level_best_map_case,15104.675406383594,0.903541367473692,2,1.2830973311830731e-08,2926.2083193891744
two_level_best_map_case,15104.675406383594,0.903541367473692,3,1.6082997248964597e-08,7223.284033367222
two_level_best_map_case,15104.675406383594,0.903541367473692,4,2.0159250138234185e-08,17830.523609179447
two_level_best_map_case,15104.675406383594,0.903541367473692,5,2.526863369090349e-08,44015.04830396629
two_level_best_map_case,15104.675406383594,0.903541367473692,6,3.167299598084116e-08,108685.74338449117
two_level_best_map_case,15104.675406383594,0.903541367473692,7,3.970055075686648e-08,268563.5460159154
two_level_best_map_case,15104.675406383594,0.903541367473692,8,4.976269789419122e-08,663986.6521380646
two_level_best_map_case,15104.675406383594,0.903541367473692,9,6.237510700730634e-08,1642326.4690255397
two_level_best_map_case,15104.675406383594,0.903541367473692,10,7.818414472715056e-08,4064570.9751644796
two_level_best_map_case,15104.675406383594,0.903541367473692,11,9.8e-08,10074864.96718612
two_level_best_map_case,15704.675406383594,0.9039007843097182,0,8.166666666666667e-09,inf
two_level_best_map_case,15704.675406383594,0.9039007843097182,1,1.0236517085738568e-08,inf
two_level_best_map_case,15704.675406383594,0.9039007843097182,2,1.2830973311830731e-08,2931.7164078392834
two_level_best_map_case,15704.675406383594,0.9039007843097182,3,1.6082997248964597e-08,7236.880630076564
two_level_best_map_case,15704.675406383594,0.9039007843097182,4,2.0159250138234185e-08,17864.086492767827
two_level_best_map_case,15704.675406383594,0.9039007843097182,5,2.526863369090349e-08,44097.88490913829
two_level_best_map_case,15704.675406383594,0.9039007843097182,6,3.167299598084116e-08,108890.10386461968
two_level_best_map_case,15704.675406383594,0.9039007843097182,7,3.970055075686648e-08,269068.6825538303
two_level_best_map_case,15704.675406383594,0.9039007843097182,8,4.976269789419122e-08,665238.278077208
two_level_best_map_case,15704.675406383594,0.9039007843097182,9,6.237510700730634e-08,1645431.784416346
two_level_best_map_case,15704.675406383594,0.9039007843097182,10,7.818414472715056e-08,4072284.307803634
two_level_best_map_case,15704.675406383594,0.9039007843097182,11,9.8e-08,10094085.417328939
two_level_best_map_case,16304.675406383594,0.9042570648100507,0,8.166666666666667e-09,inf
two_level_best_map_case,16304.675406383594,0.9042570648100507,1,1.0236517085738568e-08,inf
two_level_best_map_case,16304.675406383594,0.9042570648100507,2,1.2830973311830731e-08,2937.1950378046668
two_level_best_map_case,16304.675406383594,0.9042570648100507,3,1.6082997248964597e-08,7250.404509149837
two_level_best_map_case,16304.675406383594,0.9042570648100507,4,2.0159250138234185e-08,17897.469874939412
two_level_best_map_case,16304.675406383594,0.9042570648100507,5,2.526863369090349e-08,44180.278618664735
two_level_best_map_case,16304.675406383594,0.9042570648100507,6,3.167299598084116e-08,109093.37027043392
two_level_best_map_case,16304.675406383594,0.9042570648100507,7,3.970055075686648e-08,269571.1070215541
two_level_best_map_case,16304.675406383594,0.9042570648100507,8,4.976269789419122e-08,666483.1813408457
two_level_best_map_case,16304.675406383594,0.9042570648100507,9,6.237510700730634e-08,1648520.436045499
two_level_best_map_case,16304.675406383594,0.9042570648100507,10,7.818414472715056e-08,4079956.2859297786
two_level_best_map_case,16304.675406383594,0.9042570648100507,11,9.8e-08,10113202.867267728
two_level_best_map_case,16904.675406383594,0.9046102542016414,0,8.166666666666667e-09,inf
two_level_best_map_case,16904.675406383594,0.9046102542016414,1,1.0236517085738568e-08,inf
two_level_best_map_case,16904.675406383594,0.9046102542016414,2,1.2830973311830731e-08,2942.6450825682527
two_level_best_map_case,16904.675406383594,0.9046102542016414,3,1.6082997248964597e-08,7263.857826267203
two_level_best_map_case,16904.675406383594,0.9046102542016414,4,2.0159250138234185e-08,17930.679076921144
two_level_best_map_case,16904.675406383594,0.9046102542016414,5,2.526863369090349e-08,44262.242565297434
two_level_best_map_case,16904.675406383594,0.9046102542016414,6,3.167299598084116e-08,109295.5750697228
two_level_best_map_case,16904.675406383594,0.9046102542016414,7,3.970055075686648e-08,270070.89980607876
two_level_best_map_case,16904.675406383594,0.9046102542016414,8,4.976269789419122e-08,667721.561021204
two_level_best_map_case,16904.675406383594,0.9046102542016414,9,6.237510700730634e-08,1651592.9173991827
two_level_best_map_case,16904.675406383594,0.9046102542016414,10,7.818414472715056e-08,4087588.1344560166
two_level_best_map_case,16904.675406383594,0.9046102542016414,11,9.8e-08,10132220.36817265
two_level_best_map_case,17504.675406383594,0.9049603967302461,0,8.166666666666667e-09,inf
two_level_best_map_case,17504.675406383594,0.9049603967302461,1,1.0236517085738568e-08,inf
two_level_best_map_case,17504.675406383594,0.9049603967302461,2,1.2830973311830731e-08,2948.0673853216285
two_level_best_map_case,17504.675406383594,0.9049603967302461,3,1.6082997248964597e-08,7277.242662828976
two_level_best_map_case,17504.675406383594,0.9049603967302461,4,2.0159250138234185e-08,17963.719236582823
two_level_best_map_case,17504.675406383594,0.9049603967302461,5,2.526863369090349e-08,44343.789429164775
two_level_best_map_case,17504.675406383594,0.9049603967302461,6,3.167299598084116e-08,109496.74961107587
two_level_best_map_case,17504.675406383594,0.9049603967302461,7,3.970055075686648e-08,270568.13852449204
two_level_best_map_case,17504.675406383594,0.9049603967302461,8,4.976269789419122e-08,668953.6093519699
two_level_best_map_case,17504.675406383594,0.9049603967302461,9,6.237510700730634e-08,1654649.7049670555
two_level_best_map_case,17504.675406383594,0.9049603967302461,10,7.818414472715056e-08,4095181.036118741
two_level_best_map_case,17504.675406383594,0.9049603967302461,11,9.8e-08,10151140.866199788
two_level_best_map_case,18104.675406383594,0.9053075356904979,0,8.166666666666667e-09,inf
two_level_best_map_case,18104.675406383594,0.9053075356904979,1,1.0236517085738568e-08,inf
two_level_best_map_case,18104.675406383594,0.9053075356904979,2,1.2830973311830731e-08,2953.4627604009142
two_level_best_map_case,18104.675406383594,0.9053075356904979,3,1.6082997248964597e-08,7290.561029006376
two_level_best_map_case,18104.675406383594,0.9053075356904979,4,2.0159250138234185e-08,17996.595315967832
two_level_best_map_case,18104.675406383594,0.9053075356904979,5,2.526863369090349e-08,44424.931456364575
two_level_best_map_case,18104.675406383594,0.9053075356904979,6,3.167299598084116e-08,109696.92416985662
two_level_best_map_case,18104.675406383594,0.9053075356904979,7,3.970055075686648e-08,271062.89813772927
two_level_best_map_case,18104.675406383594,0.9053075356904979,8,4.976269789419122e-08,670179.5119898821
two_level_best_map_case,18104.675406383594,0.9053075356904979,9,6.237510700730634e-08,1657691.2589398737
two_level_best_map_case,18104.675406383594,0.9053075356904979,10,7.818414472715056e-08,4102736.1332081594
two_level_best_map_case,18104.675406383594,0.9053075356904979,11,9.8e-08,10169967.206797464
two_level_best_map_case,18704.675406383594,0.9056517134547666,0,8.166666666666667e-09,inf
two_level_best_map_case,18704.675406383594,0.9056517134547666,1,1.0236517085738568e-08,inf
two_level_best_map_case,18704.675406383594,0.9056517134547666,2,1.2830973311830731e-08,2958.8319944638843
two_level_best_map_case,18704.675406383594,0.9056517134547666,3,1.6082997248964597e-08,7303.814866647201
two_level_best_map_case,18704.675406383594,0.9056517134547666,4,2.0159250138234185e-08,18029.312108465605
two_level_best_map_case,18704.675406383594,0.9056517134547666,5,2.526863369090349e-08,44505.68047667278
two_level_best_map_case,18704.675406383594,0.9056517134547666,6,3.167299598084116e-08,109896.12799198966
two_level_best_map_case,18704.675406383594,0.9056517134547666,7,3.970055075686648e-08,271555.25105891627
two_level_best_map_case,18704.675406383594,0.9056517134547666,8,4.976269789419122e-08,671399.4482829364
two_level_best_map_case,18704.675406383594,0.9056517134547666,9,6.237510700730634e-08,1660718.023873969
two_level_best_map_case,18704.675406383594,0.9056517134547666,10,7.818414472715056e-08,4110254.5292166295
two_level_best_map_case,18704.675406383594,0.9056517134547666,11,9.8e-08,10188702.138808193
two_level_best_map_case,19304.675406383594,0.9059929715008618,0,8.166666666666667e-09,inf
two_level_best_map_case,19304.675406383594,0.9059929715008618,1,1.0236517085738568e-08,inf
two_level_best_map_case,19304.675406383594,0.9059929715008618,2,1.2830973311830731e-08,2964.1758476114424
two_level_best_map_case,19304.675406383594,0.9059929715008618,3,1.6082997248964597e-08,7317.006052044195
two_level_best_map_case,19304.675406383594,0.9059929715008618,4,2.0159250138234185e-08,18061.87424564529
two_level_best_map_case,19304.675406383594,0.9059929715008618,5,2.526863369090349e-08,44586.04792041515
two_level_best_map_case,19304.675406383594,0.9059929715008618,6,3.167299598084116e-08,110094.38933567847
two_level_best_map_case,19304.675406383594,0.9059929715008618,7,3.970055075686648e-08,272045.2672565942
two_level_best_map_case,19304.675406383594,0.9059929715008618,8,4.976269789419122e-08,672613.5915259251
two_level_best_map_case,19304.675406383594,0.9059929715008618,9,6.237510700730634e-08,1663730.4293243524
two_level_best_map_case,19304.675406383594,0.9059929715008618,10,7.818414472715056e-08,4117737.290409211
two_level_best_map_case,19304.675406383594,0.9059929715008618,11,9.8e-08,10207348.3183772
two_level_best_map_case,19904.675406383594,0.90633135043864,0,8.166666666666667e-09,inf
two_level_best_map_case,19904.675406383594,0.90633135043864,1,1.0236517085738568e-08,inf
two_level_best_map_case,19904.675406383594,0.90633135043864,2,1.2830973311830731e-08,2969.495054456255
two_level_best_map_case,19904.675406383594,0.90633135043864,3,1.6082997248964597e-08,7330.136398572921
two_level_best_map_case,19904.675406383594,0.90633135043864,4,2.0159250138234185e-08,18094.28620376721
two_level_best_map_case,19904.675406383594,0.90633135043864,5,2.526863369090349e-08,44666.044834543485
two_level_best_map_case,19904.675406383594,0.90633135043864,6,3.167299598084116e-08,110291.73551115651
two_level_best_map_case,19904.675406383594,0.90633135043864,7,3.970055075686648e-08,272533.0143530793
two_level_best_map_case,19904.675406383594,0.90633135043864,8,4.976269789419122e-08,673822.1092039346
two_level_best_map_case,19904.675406383594,0.90633135043864,9,6.237510700730634e-08,1666728.8904480024
two_level_best_map_case,19904.675406383594,0.90633135043864,10,7.818414472715056e-08,4125185.44732027
two_level_best_map_case,19904.675406383594,0.90633135043864,11,9.8e-08,10225908.312677069
two_level_best_map_case,20504.675406383594,0.9066668900355658,0,8.166666666666667e-09,inf
two_level_best_map_case,20504.675406383594,0.9066668900355658,1,1.0236517085738568e-08,inf
two_level_best_map_case,20504.675406383594,0.9066668900355658,2,1.2830973311830731e-08,2974.7903251414527
two_level_best_map_case,20504.675406383594,0.9066668900355658,3,1.6082997248964597e-08,7343.207659206418
two_level_best_map_case,20504.675406383594,0.9066668900355658,4,2.0159250138234185e-08,18126.5523099902
two_level_best_map_case,20504.675406383594,0.9066668900355658,5,2.526863369090349e-08,44745.681897961
two_level_best_map_case,20504.675406383594,0.9066668900355658,6,3.167299598084116e-08,110488.1929185818
two_level_best_map_case,20504.675406383594,0.9066668900355658,7,3.970055075686648e-08,273018.5577182287
two_level_best_map_case,20504.675406383594,0.9066668900355658,8,4.976269789419122e-08,675025.1632244755
two_level_best_map_case,20504.675406383594,0.9066668900355658,9,6.237510700730634e-08,1669713.808578989
two_level_best_map_case,20504.675406383594,0.9066668900355658,10,7.818414472715056e-08,4132599.996180268
two_level_best_map_case,20504.675406383594,0.9066668900355658,11,9.8e-08,10244384.603458697
two_level_best_map_case,21104.675406383594,0.9069996292412816,0,8.166666666666667e-09,inf
two_level_best_map_case,21104.675406383594,0.9069996292412816,1,1.0236517085738568e-08,inf
two_level_best_map_case,21104.675406383594,0.9069996292412816,2,1.2830973311830731e-08,2980.0623463118245
two_level_best_map_case,21104.675406383594,0.9069996292412816,3,1.6082997248964597e-08,7356.22152891256
two_level_best_map_case,21104.675406383594,0.9069996292412816,4,2.0159250138234185e-08,18158.67674828943
two_level_best_map_case,21104.675406383594,0.9069996292412816,5,2.526863369090349e-08,44824.969436132735
two_level_best_map_case,21104.675406383594,0.9069996292412816,6,3.167299598084116e-08,110683.78708416359
two_level_best_map_case,21104.675406383594,0.9069996292412816,7,3.970055075686648e-08,273501.96055883466
two_level_best_map_case,21104.675406383594,0.9069996292412816,8,4.976269789419122e-08,676222.9101387925
two_level_best_map_case,21104.675406383594,0.9069996292412816,9,6.237510700730634e-08,1672685.5717768038
two_level_best_map_case,21104.675406383594,0.9069996292412816,10,7.818414472715056e-08,4139981.900276089
two_level_best_map_case,21104.675406383594,0.9069996292412816,11,9.8e-08,10262779.590437023
two_level_best_map_case,21704.675406383594,0.9073296062112306,0,8.166666666666667e-09,inf
two_level_best_map_case,21704.675406383594,0.9073296062112306,1,1.0236517085738568e-08,inf
two_level_best_map_case,21704.675406383594,0.9073296062112306,2,1.2830973311830731e-08,2985.3117820400685
two_level_best_map_case,21704.675406383594,0.9073296062112306,3,1.6082997248964597e-08,7369.179646940516
two_level_best_map_case,21704.675406383594,0.9073296062112306,4,2.0159250138234185e-08,18190.663565100367
two_level_best_map_case,21704.675406383594,0.9073296062112306,5,2.526863369090349e-08,44903.91743501967
two_level_best_map_case,21704.675406383594,0.9073296062112306,6,3.167299598084116e-08,110878.54269461741
two_level_best_map_case,21704.675406383594,0.9073296062112306,7,3.970055075686648e-08,273983.2840038818
two_level_best_map_case,21704.675406383594,0.9073296062112306,8,4.976269789419122e-08,677415.5013529343
two_level_best_map_case,21704.675406383594,0.9073296062112306,9,6.237510700730634e-08,1675644.5553493304
two_level_best_map_case,21704.675406383594,0.9073296062112306,10,7.818414472715056e-08,4147332.091248479
two_level_best_map_case,21704.675406383594,0.9073296062112306,11,9.8e-08,10281095.594520275
two_level_best_map_case,22304.675406383594,0.9076568583293796,0,8.166666666666667e-09,inf
two_level_best_map_case,22304.675406383594,0.9076568583293796,1,1.0236517085738568e-08,inf
two_level_best_map_case,22304.675406383594,0.9076568583293796,2,1.2830973311830731e-08,2990.5392747103715
two_level_best_map_case,22304.675406383594,0.9076568583293796,3,1.6082997248964597e-08,7382.083599001802
two_level_best_map_case,22304.675406383594,0.9076568583293796,4,2.0159250138234185e-08,18222.516674702707
two_level_best_map_case,22304.675406383594,0.9076568583293796,5,2.526863369090349e-08,44982.53555437099
two_level_best_map_case,22304.675406383594,0.9076568583293796,6,3.167299598084116e-08,111072.48363003264
two_level_best_map_case,22304.675406383594,0.9076568583293796,7,3.970055075686648e-08,274462.58718587674
two_level_best_map_case,22304.675406383594,0.9076568583293796,8,4.976269789419122e-08,678603.0833291047
two_level_best_map_case,22304.675406383594,0.9076568583293796,9,6.237510700730634e-08,1678591.122351733
two_level_best_map_case,22304.675406383594,0.9076568583293796,10,7.818414472715056e-08,4154651.4703297853
two_level_best_map_case,22304.675406383594,0.9076568583293796,11,9.8e-08,10299334.860890776
two_level_best_map_case,22904.675406383594,0.9079814222300844,0,8.166666666666667e-09,inf
two_level_best_map_case,22904.675406383594,0.9079814222300844,1,1.0236517085738568e-08,inf
two_level_best_map_case,22904.675406383594,0.9079814222300844,2,1.2830973311830731e-08,2995.745445861506
two_level_best_map_case,22904.675406383594,0.9079814222300844,3,1.6082997248964597e-08,7394.934919351494
two_level_best_map_case,22904.675406383594,0.9079814222300844,4,2.0159250138234185e-08,18254.239864357696
two_level_best_map_case,22904.675406383594,0.9079814222300844,5,2.526863369090349e-08,45060.83314040722
two_level_best_map_case,22904.675406383594,0.9079814222300844,6,3.167299598084116e-08,111265.63299523406
two_level_best_map_case,22904.675406383594,0.9079814222300844,7,3.970055075686648e-08,274939.9273184544
two_level_best_map_case,22904.675406383594,0.9079814222300844,8,4.976269789419122e-08,679785.797777796
two_level_best_map_case,22904.675406383594,0.9079814222300844,9,6.237510700730634e-08,1681525.6240625232
two_level_best_map_case,22904.675406383594,0.9079814222300844,10,7.818414472715056e-08,4161940.909525065
two_level_best_map_case,22904.675406383594,0.9079814222300844,11,9.8e-08,10317499.561944844
two_level_best_map_case,23504.675406383594,0.9083033338191364,0,8.166666666666667e-09,inf
two_level_best_map_case,23504.675406383594,0.9083033338191364,1,1.0236517085738568e-08,inf
two_level_best_map_case,23504.675406383594,0.9083033338191364,2,1.2830973311830731e-08,3000.930896991508
two_level_best_map_case,23504.675406383594,0.9083033338191364,3,1.6082997248964597e-08,7407.735092774527
two_level_best_map_case,23504.675406383594,0.9083033338191364,4,2.0159250138234185e-08,18285.836799211287
two_level_best_map_case,23504.675406383594,0.9083033338191364,5,2.526863369090349e-08,45138.81923792525
two_level_best_map_case,23504.675406383594,0.9083033338191364,6,3.167299598084116e-08,111458.01314971436
two_level_best_map_case,23504.675406383594,0.9083033338191364,7,3.970055075686648e-08,275415.3597704463
two_level_best_map_case,23504.675406383594,0.9083033338191364,8,4.976269789419122e-08,680963.7818411659
two_level_best_map_case,23504.675406383594,0.9083033338191364,9,6.237510700730634e-08,1684448.4004379278
two_level_best_map_case,23504.675406383594,0.9083033338191364,10,7.818414472715056e-08,4169201.2527394164
two_level_best_map_case,23504.675406383594,0.9083033338191364,11,9.8e-08,10335591.800098918
two_level_best_map_case,24104.675406383594,0.9086226282940312,0,8.166666666666667e-09,inf
two_level_best_map_case,24104.675406383594,0.9086226282940312,1,1.0236517085738568e-08,inf
two_level_best_map_case,24104.675406383594,0.9086226282940312,2,1.2830973311830731e-08,3006.096210325932
two_level_best_map_case,24104.675406383594,0.9086226282940312,3,1.6082997248964597e-08,7420.48555648213
two_level_best_map_case,24104.675406383594,0.9086226282940312,4,2.0159250138234185e-08,18317.31102697538
two_level_best_map_case,24104.675406383594,0.9086226282940312,5,2.526863369090349e-08,45216.5026018555
two_level_best_map_case,24104.675406383594,0.9086226282940312,6,3.167299598084116e-08,111649.64573621174
two_level_best_map_case,24104.675406383594,0.9086226282940312,7,3.970055075686648e-08,275888.938136597
two_level_best_map_case,24104.675406383594,0.9086226282940312,8,4.976269789419122e-08,682137.1682681196
two_level_best_map_case,24104.675406383594,0.9086226282940312,9,6.237510700730634e-08,1687359.7805457183
two_level_best_map_case,24104.675406383594,0.9086226282940312,10,7.818414472715056e-08,4176433.3168543386
two_level_best_map_case,24104.675406383594,0.9086226282940312,11,9.8e-08,10353613.610468917
two_level_best_map_case,24704.675406383594,0.9089393401634906,0,8.166666666666667e-09,inf
two_level_best_map_case,24704.675406383594,0.9089393401634906,1,1.0236517085738568e-08,inf
two_level_best_map_case,24704.675406383594,0.9089393401634906,2,1.2830973311830731e-08,3011.241949551447
two_level_best_map_case,24704.675406383594,0.9089393401634906,3,1.6082997248964597e-08,7433.187701922687
two_level_best_map_case,24704.675406383594,0.9089393401634906,4,2.0159250138234185e-08,18348.665982397877
two_level_best_map_case,24704.675406383594,0.9089393401634906,5,2.526863369090349e-08,45293.89170829745
two_level_best_map_case,24704.675406383594,0.9089393401634906,6,3.167299598084116e-08,111840.55170799777
two_level_best_map_case,24704.675406383594,0.9089393401634906,7,3.970055075686648e-08,276360.7143050921
two_level_best_map_case,24704.675406383594,0.9089393401634906,8,4.976269789419122e-08,683306.085581497
two_level_best_map_case,24704.675406383594,0.9089393401634906,9,6.237510700730634e-08,1690260.0829794777
two_level_best_map_case,24704.675406383594,0.9089393401634906,10,7.818414472715056e-08,4183637.8927555913
two_level_best_map_case,24704.675406383594,0.9089393401634906,11,9.8e-08,10371566.963428894
two_level_best_map_case,25304.675406383594,0.9092535032662781,0,8.166666666666667e-09,inf
two_level_best_map_case,25304.675406383594,0.9092535032662781,1,1.0236517085738568e-08,inf
two_level_best_map_case,25304.675406383594,0.9092535032662781,2,1.2830973311830731e-08,3016.3686605166045
two_level_best_map_case,25304.675406383594,0.9092535032662781,3,1.6082997248964597e-08,7445.842876511567
two_level_best_map_case,25304.675406383594,0.9092535032662781,4,2.0159250138234185e-08,18379.90499153271
two_level_best_map_case,25304.675406383594,0.9092535032662781,5,2.526863369090349e-08,45370.99476506148
two_level_best_map_case,25304.675406383594,0.9092535032662781,6,3.167299598084116e-08,112030.75135494467
two_level_best_map_case,25304.675406383594,0.9092535032662781,7,3.970055075686648e-08,276830.73852206295
two_level_best_map_case,25304.675406383594,0.9092535032662781,8,4.976269789419122e-08,684470.6582377804
two_level_best_map_case,25304.675406383594,0.9092535032662781,9,6.237510700730634e-08,1693149.616254339
two_level_best_map_case,25304.675406383594,0.9092535032662781,10,7.818414472715056e-08,4190815.7463151026
two_level_best_map_case,25304.675406383594,0.9092535032662781,11,9.8e-08,10389453.7670554
two_level_best_map_case,25904.675406383594,0.9095651507893329,0,8.166666666666667e-09,inf
two_level_best_map_case,25904.675406383594,0.9095651507893329,1,1.0236517085738568e-08,inf
two_level_best_map_case,25904.675406383594,0.9095651507893329,2,1.2830973311830731e-08,3021.4768719013728
two_level_best_map_case,25904.675406383594,0.9095651507893329,3,1.6082997248964597e-08,7458.4523852838665
two_level_best_map_case,25904.675406383594,0.9095651507893329,4,2.0159250138234185e-08,18411.031275819558
two_level_best_map_case,25904.675406383594,0.9095651507893329,5,2.526863369090349e-08,45447.8197217406
two_level_best_map_case,25904.675406383594,0.9095651507893329,6,3.167299598084116e-08,112220.26432843029
two_level_best_map_case,25904.675406383594,0.9095651507893329,7,3.970055075686648e-08,277299.0594532185
two_level_best_map_case,25904.675406383594,0.9095651507893329,8,4.976269789419122e-08,685631.0067796861
two_level_best_map_case,25904.675406383594,0.9095651507893329,9,6.237510700730634e-08,1696028.679185102
two_level_best_map_case,25904.675406383594,0.9095651507893329,10,7.818414472715056e-08,4197967.619329154
two_level_best_map_case,25904.675406383594,0.9095651507893329,11,9.8e-08,10407275.869463062
two_level_best_map_case,26504.675406383594,0.9098743152852591,0,8.166666666666667e-09,inf
two_level_best_map_case,26504.675406383594,0.9098743152852591,1,1.0236517085738568e-08,inf
two_level_best_map_case,26504.675406383594,0.9098743152852591,2,1.2830973311830731e-08,3026.567095857051
two_level_best_map_case,26504.675406383594,0.9098743152852591,3,1.6082997248964597e-08,7471.017492474006
two_level_best_map_case,26504.675406383594,0.9098743152852591,4,2.0159250138234185e-08,18442.047955983024
two_level_best_map_case,26504.675406383594,0.9098743152852591,5,2.526863369090349e-08,45524.37427933668
two_level_best_map_case,26504.675406383594,0.9098743152852591,6,3.167299598084116e-08,112409.10966514125
two_level_best_map_case,26504.675406383594,0.9098743152852591,7,3.970055075686648e-08,277765.7242427495
two_level_best_map_case,26504.675406383594,0.9098743152852591,8,4.976269789419122e-08,686787.2479820091
two_level_best_map_case,26504.675406383594,0.9098743152852591,9,6.237510700730634e-08,1698897.5612476303
two_level_best_map_case,26504.675406383594,0.9098743152852591,10,7.818414472715056e-08,4205094.230415103
two_level_best_map_case,26504.675406383594,0.9098743152852591,11,9.8e-08,10425035.061036987
two_level_best_map_case,27104.675406383594,0.910181028689195,0,8.166666666666667e-09,inf
two_level_best_map_case,27104.675406383594,0.910181028689195,1,1.0236517085738568e-08,inf
two_level_best_map_case,27104.675406383594,0.910181028689195,2,1.2830973311830731e-08,3031.639828617965
two_level_best_map_case,27104.675406383594,0.910181028689195,3,1.6082997248964597e-08,7483.539423025709
two_level_best_map_case,27104.675406383594,0.910181028689195,4,2.0159250138234185e-08,18472.958055759984
two_level_best_map_case,27104.675406383594,0.910181028689195,5,2.526863369090349e-08,45600.665899462074
two_level_best_map_case,27104.675406383594,0.910181028689195,6,3.167299598084116e-08,112597.30580982659
two_level_best_map_case,27104.675406383594,0.910181028689195,7,3.970055075686648e-08,278230.778569637
two_level_best_map_case,27104.675406383594,0.910181028689195,8,4.976269789419122e-08,687939.4949910386
two_level_best_map_case,27104.675406383594,0.910181028689195,9,6.237510700730634e-08,1701756.5429243217
two_level_best_map_case,27104.675406383594,0.910181028689195,10,7.818414472715056e-08,4212196.275868609
two_level_best_map_case,27104.675406383594,0.910181028689195,11,9.8e-08,10442733.076566892
two_level_best_map_case,27704.675406383594,0.9104853223350914,0,8.166666666666667e-09,inf
two_level_best_map_case,27704.675406383594,0.9104853223350914,1,1.0236517085738568e-08,inf
two_level_best_map_case,27704.675406383594,0.9104853223350914,2,1.2830973311830731e-08,3036.6955510864373
two_level_best_map_case,27704.675406383594,0.9104853223350914,3,1.6082997248964597e-08,7496.019364035962
two_level_best_map_case,27704.675406383594,0.9104853223350914,4,2.0159250138234185e-08,18503.7645054639
two_level_best_map_case,27704.675406383594,0.9104853223350914,5,2.526863369090349e-08,45676.701813139094
two_level_best_map_case,27704.675406383594,0.9104853223350914,6,3.167299598084116e-08,112784.87063705675
two_level_best_map_case,27704.675406383594,0.9104853223350914,7,3.970055075686648e-08,278694.26670149906
two_level_best_map_case,27704.675406383594,0.9104853223350914,8,4.976269789419122e-08,689087.8574578819
two_level_best_map_case,27704.675406383594,0.9104853223350914,9,6.237510700730634e-08,1704605.8960344917
two_level_best_map_case,27704.675406383594,0.9104853223350914,10,7.818414472715056e-08,4219274.4304834185
two_level_best_map_case,27704.675406383594,0.9104853223350914,11,9.8e-08,10460371.597288083
two_level_best_map_case,28304.675406383594,0.910787226971423,0,8.166666666666667e-09,inf
two_level_best_map_case,28304.675406383594,0.910787226971423,1,1.0236517085738568e-08,inf
two_level_best_map_case,28304.675406383594,0.910787226971423,2,1.2830973311830731e-08,3041.7347293922585
two_level_best_map_case,28304.675406383594,0.910787226971423,3,1.6082997248964597e-08,7508.458466136089
two_level_best_map_case,28304.675406383594,0.910787226971423,4,2.0159250138234185e-08,18534.47014539397
two_level_best_map_case,28304.675406383594,0.910787226971423,5,2.526863369090349e-08,45752.48902921607
two_level_best_map_case,28304.675406383594,0.910787226971423,6,3.167299598084116e-08,112971.82147203466
two_level_best_map_case,28304.675406383594,0.910787226971423,7,3.970055075686648e-08,279156.2315460926
two_level_best_map_case,28304.675406383594,0.910787226971423,8,4.976269789419122e-08,690232.4416659838
two_level_best_map_case,28304.675406383594,0.910787226971423,9,6.237510700730634e-08,1707445.884050372
two_level_best_map_case,28304.675406383594,0.910787226971423,10,7.818414472715056e-08,4226329.348335487
two_level_best_map_case,28304.675406383594,0.910787226971423,11,9.8e-08,10477952.252833674
two_level_best_map_case,28904.675406383594,0.9110867727763609,0,8.166666666666667e-09,inf
two_level_best_map_case,28904.675406383594,0.9110867727763609,1,1.0236517085738568e-08,inf
two_level_best_map_case,28904.675406383594,0.9110867727763609,2,1.2830973311830731e-08,3046.7578154279918
two_level_best_map_case,28904.675406383594,0.9110867727763609,3,1.6082997248964597e-08,7520.8578448131
two_level_best_map_case,28904.675406383594,0.9110867727763609,4,2.0159250138234185e-08,18565.077729096905
two_level_best_map_case,28904.675406383594,0.9110867727763609,5,2.526863369090349e-08,45828.03434241953
two_level_best_map_case,28904.675406383594,0.9110867727763609,6,3.167299598084116e-08,113158.1751105072
two_level_best_map_case,28904.675406383594,0.9110867727763609,7,3.970055075686648e-08,279616.7147005894
two_level_best_map_case,28904.675406383594,0.9110867727763609,8,4.976269789419122e-08,691373.350653134
two_level_best_map_case,28904.675406383594,0.9110867727763609,9,6.237510700730634e-08,1710276.7623994567
two_level_best_map_case,28904.675406383594,0.9110867727763609,10,7.818414472715056e-08,4233361.663533213
two_level_best_map_case,28904.675406383594,0.9110867727763609,11,9.8e-08,10495476.623102516
two_level_best_map_case,29504.675406383594,0.9113839893724249,0,8.166666666666667e-09,inf
two_level_best_map_case,29504.675406383594,0.9113839893724249,1,1.0236517085738568e-08,inf
two_level_best_map_case,29504.675406383594,0.9113839893724249,2,1.2830973311830731e-08,3051.765247361246
two_level_best_map_case,29504.675406383594,0.9113839893724249,3,1.6082997248964597e-08,7533.218581674278
two_level_best_map_case,29504.675406383594,0.9113839893724249,4,2.0159250138234185e-08,18595.589926488356
two_level_best_map_case,29504.675406383594,0.9113839893724249,5,2.526863369090349e-08,45903.34434106019
two_level_best_map_case,29504.675406383594,0.9113839893724249,6,3.167299598084116e-08,113343.9478378205
two_level_best_map_case,29504.675406383594,0.9113839893724249,7,3.970055075686648e-08,280075.7564987336
two_level_best_map_case,29504.675406383594,0.9113839893724249,8,4.976269789419122e-08,692510.6843282317
two_level_best_map_case,29504.675406383594,0.9113839893724249,9,6.237510700730634e-08,1713098.7787538574
two_level_best_map_case,29504.675406383594,0.9113839893724249,10,7.818414472715056e-08,4240371.990935473
two_level_best_map_case,29504.675406383594,0.9113839893724249,11,9.8e-08,10512946.240046933
two_level_best_map_case,30104.675406383594,0.9116789058406417,0,8.166666666666667e-09,inf
two_level_best_map_case,30104.675406383594,0.9116789058406417,1,1.0236517085738568e-08,inf
two_level_best_map_case,30104.675406383594,0.9116789058406417,2,1.2830973311830731e-08,3056.757450125064
two_level_best_map_case,30104.675406383594,0.9116789058406417,3,1.6082997248964597e-08,7545.541725657637
two_level_best_map_case,30104.675406383594,0.9116789058406417,4,2.0159250138234185e-08,18626.00932684103
two_level_best_map_case,30104.675406383594,0.9116789058406417,5,2.526863369090349e-08,45978.425414409416
two_level_best_map_case,30104.675406383594,0.9116789058406417,6,3.167299598084116e-08,113529.15544716034
two_level_best_map_case,30104.675406383594,0.9116789058406417,7,3.970055075686648e-08,280533.3960559828
two_level_best_map_case,30104.675406383594,0.9116789058406417,8,4.976269789419122e-08,693644.5395830594
two_level_best_map_case,30104.675406383594,0.9116789058406417,9,6.237510700730634e-08,1715912.1733072954
two_level_best_map_case,30104.675406383594,0.9116789058406417,10,7.818414472715056e-08,4247360.92683896
two_level_best_map_case,30104.675406383594,0.9116789058406417,11,9.8e-08,10530362.589384133
two_level_best_map_case,30704.675406383594,0.911971550734227,0,8.166666666666667e-09,inf
two_level_best_map_case,30704.675406383594,0.911971550734227,1,1.0236517085738568e-08,inf
two_level_best_map_case,30704.675406383594,0.911971550734227,2,1.2830973311830731e-08,3061.734835887473
two_level_best_map_case,30704.675406383594,0.911971550734227,3,1.6082997248964597e-08,7557.828294191037
two_level_best_map_case,30704.675406383594,0.911971550734227,4,2.0159250138234185e-08,18656.33844164583
two_level_best_map_case,30704.675406383594,0.911971550734227,5,2.526863369090349e-08,46053.283759762366
two_level_best_map_case,30704.675406383594,0.911971550734227,6,3.167299598084116e-08,113713.8132570182
two_level_best_map_case,30704.675406383594,0.911971550734227,7,3.970055075686648e-08,280989.6713127334
two_level_best_map_case,30704.675406383594,0.911971550734227,8,4.976269789419122e-08,694775.0103993113
two_level_best_map_case,30704.675406383594,0.911971550734227,9,6.237510700730634e-08,1718717.1790403363
two_level_best_map_case,30704.675406383594,0.911971550734227,10,7.818414472715056e-08,4254329.049636381
two_level_best_map_case,30704.675406383594,0.911971550734227,11,9.8e-08,10547727.112235043
two_level_best_map_case,31304.675406383594,0.9122619520918126,0,8.166666666666667e-09,inf
two_level_best_map_case,31304.675406383594,0.9122619520918126,1,1.0236517085738568e-08,inf
two_level_best_map_case,31304.675406383594,0.9122619520918126,2,1.2830973311830731e-08,3066.697804501205
two_level_best_map_case,31304.675406383594,0.9122619520918126,3,1.6082997248964597e-08,7570.079274302293
two_level_best_map_case,31304.675406383594,0.9122619520918126,4,2.0159250138234185e-08,18686.57970735218
two_level_best_map_case,31304.675406383594,0.9122619520918126,5,2.526863369090349e-08,46127.9253892028
two_level_best_map_case,31304.675406383594,0.9122619520918126,6,3.167299598084116e-08,113897.93612791927
two_level_best_map_case,31304.675406383594,0.9122619520918126,7,3.970055075686648e-08,281444.6190757195
two_level_best_map_case,31304.675406383594,0.9122619520918126,8,4.976269789419122e-08,695902.1879511024
two_level_best_map_case,31304.675406383594,0.9122619520918126,9,6.237510700730634e-08,1721514.0219744283
two_level_best_map_case,31304.675406383594,0.9122619520918126,10,7.818414472715056e-08,4261276.920446847
two_level_best_map_case,31304.675406383594,0.9122619520918126,11,9.8e-08,10565041.206693994
two_level_best_map_case,31904.675406383594,0.9125501374502388,0,8.166666666666667e-09,inf
two_level_best_map_case,31904.675406383594,0.9125501374502388,1,1.0236517085738568e-08,inf
two_level_best_map_case,31904.675406383594,0.9125501374502388,2,1.2830973311830731e-08,3071.646743934561
two_level_best_map_case,31904.675406383594,0.9125501374502388,3,1.6082997248964597e-08,7582.295623682755
two_level_best_map_case,31904.675406383594,0.9125501374502388,4,2.0159250138234185e-08,18716.735487993385
two_level_best_map_case,31904.675406383594,0.9125501374502388,5,2.526863369090349e-08,46202.35613608408
two_level_best_map_case,31904.675406383594,0.9125501374502388,6,3.167299598084116e-08,114081.53847844878
two_level_best_map_case,31904.675406383594,0.9125501374502388,7,3.970055075686648e-08,281898.2750576761
two_level_best_map_case,31904.675406383594,0.9125501374502388,8,4.976269789419122e-08,697026.1607031804
two_level_best_map_case,31904.675406383594,0.9125501374502388,9,6.237510700730634e-08,1724302.92141529
two_level_best_map_case,31904.675406383594,0.9125501374502388,10,7.818414472715056e-08,4268205.08371988
two_level_best_map_case,31904.675406383594,0.9125501374502388,11,9.8e-08,10582306.229332661
two_level_best_map_case,32504.675406383594,0.9128361338569266,0,8.166666666666667e-09,inf
two_level_best_map_case,32504.675406383594,0.9128361338569266,1,1.0236517085738568e-08,inf
two_level_best_map_case,32504.675406383594,0.9128361338569266,2,1.2830973311830731e-08,3076.5820306842966
two_level_best_map_case,32504.675406383594,0.9128361338569266,3,1.6082997248964597e-08,7594.478271706513
two_level_best_map_case,32504.675406383594,0.9128361338569266,4,2.0159250138234185e-08,18746.808077702543
two_level_best_map_case,32504.675406383594,0.9128361338569266,5,2.526863369090349e-08,46276.58166123984
two_level_best_map_case,32504.675406383594,0.9128361338569266,6,3.167299598084116e-08,114264.63430061007
two_level_best_map_case,32504.675406383594,0.9128361338569266,7,3.970055075686648e-08,282350.67391534784
two_level_best_map_case,32504.675406383594,0.9128361338569266,8,4.976269789419122e-08,698147.0145050412
two_level_best_map_case,32504.675406383594,0.9128361338569266,9,6.237510700730634e-08,1727084.0901861538
two_level_best_map_case,32504.675406383594,0.9128361338569266,10,7.818414472715056e-08,4275114.067814219
two_level_best_map_case,32504.675406383594,0.9128361338569266,11,9.8e-08,10599523.496641388
two_level_best_map_case,33104.6754063836,0.9131199678818499,0,8.166666666666667e-09,inf
two_level_best_map_case,33104.6754063836,0.9131199678818499,1,1.0236517085738568e-08,inf
two_level_best_map_case,33104.6754063836,0.9131199678818499,2,1.2830973311830731e-08,3081.5040301714
two_level_best_map_case,33104.6754063836,0.9131199678818499,3,1.6082997248964597e-08,7606.628120407353
two_level_best_map_case,33104.6754063836,0.9131199678818499,4,2.0159250138234185e-08,18776.79970312408
two_level_best_map_case,33104.6754063836,0.9131199678818499,5,2.526863369090349e-08,46350.607458937164
two_level_best_map_case,33104.6754063836,0.9131199678818499,6,3.167299598084116e-08,114447.23717454575
two_level_best_map_case,33104.6754063836,0.9131199678818499,7,3.970055075686648e-08,282801.8492859229
two_level_best_map_case,33104.6754063836,0.9131199678818499,8,4.976269789419122e-08,699264.8326811456
two_level_best_map_case,33104.6754063836,0.9131199678818499,9,6.237510700730634e-08,1729857.7348513452
two_level_best_map_case,33104.6754063836,0.9131199678818499,10,7.818414472715056e-08,4282004.385552668
two_level_best_map_case,33104.6754063836,0.9131199678818499,11,9.8e-08,10616694.286410775
two_level_best_map_case,33704.6754063836,0.9134016656291228,0,8.166666666666667e-09,inf
two_level_best_map_case,33704.6754063836,0.9134016656291228,1,1.0236517085738568e-08,inf
two_level_best_map_case,33704.6754063836,0.9134016656291228,2,1.2830973311830731e-08,3086.4130971205736
two_level_best_map_case,33704.6754063836,0.9134016656291228,3,1.6082997248964597e-08,7618.746045415522
two_level_best_map_case,33704.6754063836,0.9134016656291228,4,2.0159250138234185e-08,18806.712525726158
two_level_best_map_case,33704.6754063836,0.9134016656291228,5,2.526863369090349e-08,46424.43886258472
two_level_best_map_case,33704.6754063836,0.9134016656291228,6,3.167299598084116e-08,114629.36028265306
two_level_best_map_case,33704.6754063836,0.9134016656291228,7,3.970055075686648e-08,283251.83382196684
two_level_best_map_case,33704.6754063836,0.9134016656291228,8,4.976269789419122e-08,700379.6961174225
two_level_best_map_case,33704.6754063836,0.9134016656291228,9,6.237510700730634e-08,1732624.0559306645
two_level_best_map_case,33704.6754063836,0.9134016656291228,10,7.818414472715056e-08,4288876.534754117
two_level_best_map_case,33704.6754063836,0.9134016656291228,11,9.8e-08,10633819.839056518
two_level_best_map_case,34304.6754063836,0.9136812527482175,0,8.166666666666667e-09,inf
two_level_best_map_case,34304.6754063836,0.9136812527482175,1,1.0236517085738568e-08,inf
two_level_best_map_case,34304.6754063836,0.9136812527482175,2,1.2830973311830731e-08,3091.3095759241633
two_level_best_map_case,34304.6754063836,0.9136812527482175,3,1.6082997248964597e-08,7630.832896856054
two_level_best_map_case,34304.6754063836,0.9136812527482175,4,2.0159250138234185e-08,18836.548644018138
two_level_best_map_case,34304.6754063836,0.9136812527482175,5,2.526863369090349e-08,46498.0810502068
two_level_best_map_case,34304.6754063836,0.9136812527482175,6,3.167299598084116e-08,114811.01642312037
two_level_best_map_case,34304.6754063836,0.9136812527482175,7,3.970055075686648e-08,283700.6592249246
two_level_best_map_case,34304.6754063836,0.9136812527482175,8,4.976269789419122e-08,701491.6833442275
two_level_best_map_case,34304.6754063836,0.9136812527482175,9,6.237510700730634e-08,1735383.2481049828
two_level_best_map_case,34304.6754063836,0.9136812527482175,10,7.818414472715056e-08,4295730.998743772
two_level_best_map_case,34304.6754063836,0.9136812527482175,11,9.8e-08,10650901.358889977
two_level_best_map_case,34904.6754063836,0.9139587544448268,0,8.166666666666667e-09,inf
two_level_best_map_case,34904.6754063836,0.9139587544448268,1,1.0236517085738568e-08,inf
two_level_best_map_case,34904.6754063836,0.9139587544448268,2,1.2830973311830731e-08,3096.193800991318
two_level_best_map_case,34904.6754063836,0.9139587544448268,3,1.6082997248964597e-08,7642.889500210687
two_level_best_map_case,34904.6754063836,0.9139587544448268,4,2.0159250138234185e-08,18866.31009567819
two_level_best_map_case,34904.6754063836,0.9139587544448268,5,2.526863369090349e-08,46571.539049695275
two_level_best_map_case,34904.6754063836,0.9139587544448268,6,3.167299598084116e-08,114992.21802291444
two_level_best_map_case,34904.6754063836,0.9139587544448268,7,3.970055075686648e-08,284148.35627726384
two_level_best_map_case,34904.6754063836,0.9139587544448268,8,4.976269789419122e-08,702600.8706159365
two_level_best_map_case,34904.6754063836,0.9139587544448268,9,6.237510700730634e-08,1738135.5004135012
two_level_best_map_case,34904.6754063836,0.9139587544448268,10,7.818414472715056e-08,4302568.246842696
two_level_best_map_case,34904.6754063836,0.9139587544448268,11,9.8e-08,10667940.015337273
two_level_best_map_case,35504.6754063836,0.9142341954913868,0,8.166666666666667e-09,inf
two_level_best_map_case,35504.6754063836,0.9142341954913868,1,1.0236517085738568e-08,inf
two_level_best_map_case,35504.6754063836,0.9142341954913868,2,1.2830973311830731e-08,3101.066097083017
two_level_best_map_case,35504.6754063836,0.9142341954913868,3,1.6082997248964597e-08,7654.916657144853
two_level_best_map_case,35504.6754063836,0.9142341954913868,4,2.0159250138234185e-08,18895.998859594714
two_level_best_map_case,35504.6754063836,0.9142341954913868,5,2.526863369090349e-08,46644.817743848886
two_level_best_map_case,35504.6754063836,0.9142341954913868,6,3.167299598084116e-08,115172.97715024187
two_level_best_map_case,35504.6754063836,0.9142341954913868,7,3.970055075686648e-08,284594.95487331616
two_level_best_map_case,35504.6754063836,0.9142341954913868,8,4.976269789419122e-08,703707.3319873173
two_level_best_map_case,35504.6754063836,0.9142341954913868,9,6.237510700730634e-08,1740880.9964430276
two_level_best_map_case,35504.6754063836,0.9142341954913868,10,7.818414472715056e-08,4309388.734837547
two_level_best_map_case,35504.6754063836,0.9142341954913868,11,9.8e-08,10684936.94410904
two_level_best_map_case,36104.6754063836,0.9145076002372725,0,8.166666666666667e-09,inf
two_level_best_map_case,36104.6754063836,0.9145076002372725,1,1.0236517085738568e-08,inf
two_level_best_map_case,36104.6754063836,0.9145076002372725,2,1.2830973311830731e-08,3105.9267796336553
two_level_best_map_case,36104.6754063836,0.9145076002372725,3,1.6082997248964597e-08,7666.91514630151
two_level_best_map_case,36104.6754063836,0.9145076002372725,4,2.0159250138234185e-08,18925.616857825844
two_level_best_map_case,36104.6754063836,0.9145076002372725,5,2.526863369090349e-08,46717.92187521027
two_level_best_map_case,36104.6754063836,0.9145076002372725,6,3.167299598084116e-08,115353.30552651055
two_level_best_map_case,36104.6754063836,0.9145076002372725,7,3.970055075686648e-08,285040.4840488817
two_level_best_map_case,36104.6754063836,0.9145076002372725,8,4.976269789419122e-08,704811.1393868383
two_level_best_map_case,36104.6754063836,0.9145076002372725,9,6.237510700730634e-08,1743619.9145096627
two_level_best_map_case,36104.6754063836,0.9145076002372725,10,7.818414472715056e-08,4316192.905431481
two_level_best_map_case,36104.6754063836,0.9145076002372725,11,9.8e-08,10701893.248323342
two_level_best_map_case,36704.6754063836,0.9147789926186776,0,8.166666666666667e-09,inf
two_level_best_map_case,36704.6754063836,0.9147789926186776,1,1.0236517085738568e-08,inf
two_level_best_map_case,36704.6754063836,0.9147789926186776,2,1.2830973311830731e-08,3110.7761550597916
two_level_best_map_case,36704.6754063836,0.9147789926186776,3,1.6082997248964597e-08,7678.885724063277
two_level_best_map_case,36704.6754063836,0.9147789926186776,4,2.0159250138234185e-08,18955.1659574808
two_level_best_map_case,36704.6754063836,0.9147789926186776,5,2.526863369090349e-08,46790.85605070998
two_level_best_map_case,36704.6754063836,0.9147789926186776,6,3.167299598084116e-08,115533.2145378136
two_level_best_map_case,36704.6754063836,0.9147789926186776,7,3.970055075686648e-08,285484.972009652
two_level_best_map_case,36704.6754063836,0.9147789926186776,8,4.976269789419122e-08,705912.3626870522
two_level_best_map_case,36704.6754063836,0.9147789926186776,9,6.237510700730634e-08,1746352.4278332382
two_level_best_map_case,36704.6754063836,0.9147789926186776,10,7.818414472715056e-08,4322981.188677072
two_level_best_map_case,36704.6754063836,0.9147789926186776,11,9.8e-08,10718809.999583803
two_level_best_map_case,37304.6754063836,0.9150483961681926,0,8.166666666666667e-09,inf
two_level_best_map_case,37304.6754063836,0.9150483961681926,1,1.0236517085738568e-08,inf
two_level_best_map_case,37304.6754063836,0.9150483961681926,2,1.2830973311830731e-08,3115.6145210566574
two_level_best_map_case,37304.6754063836,0.9150483961681926,3,1.6082997248964597e-08,7690.829125284379
two_level_best_map_case,37304.6754063836,0.9150483961681926,4,2.0159250138234185e-08,18984.647972526614
two_level_best_map_case,37304.6754063836,0.9150483961681926,5,2.526863369090349e-08,46863.6247461264
two_level_best_map_case,37304.6754063836,0.9150483961681926,6,3.167299598084116e-08,115712.71524595813
two_level_best_map_case,37304.6754063836,0.9150483961681926,7,3.970055075686648e-08,285928.44615850673
two_level_best_map_case,37304.6754063836,0.9150483961681926,8,4.976269789419122e-08,707011.0697721902
two_level_best_map_case,37304.6754063836,0.9150483961681926,9,6.237510700730634e-08,1749078.704704843
two_level_best_map_case,37304.6754063836,0.9150483961681926,10,7.818414472715056e-08,4329754.002392088
two_level_best_map_case,37304.6754063836,0.9150483961681926,11,9.8e-08,10735688.239015048
two_level_best_map_case,37904.6754063836,0.9153158340240926,0,8.166666666666667e-09,inf
two_level_best_map_case,37904.6754063836,0.9153158340240926,1,1.0236517085738568e-08,inf
two_level_best_map_case,37904.6754063836,0.9153158340240926,2,1.2830973311830731e-08,3120.442166883007
two_level_best_map_case,37904.6754063836,0.9153158340240926,3,1.6082997248964597e-08,7702.74606399376
two_level_best_map_case,37904.6754063836,0.9153158340240926,4,2.0159250138234185e-08,19014.064665523783
two_level_best_map_case,37904.6754063836,0.9153158340240926,5,2.526863369090349e-08,46936.23231036996
two_level_best_map_case,37904.6754063836,0.9153158340240926,6,3.167299598084116e-08,115891.81839905995
two_level_best_map_case,37904.6754063836,0.9153158340240926,7,3.970055075686648e-08,286370.9331217355
two_level_best_map_case,37904.6754063836,0.9153158340240926,8,4.976269789419122e-08,708107.3266030969
two_level_best_map_case,37904.6754063836,0.9153158340240926,9,6.237510700730634e-08,1751798.9086477603
two_level_best_map_case,37904.6754063836,0.9153158340240926,10,7.818414472715056e-08,4336511.7525589
two_level_best_map_case,37904.6754063836,0.9153158340240926,11,9.8e-08,10752528.978257414
two_level_best_map_case,38504.6754063836,0.9155813289393444,0,8.166666666666667e-09,inf
two_level_best_map_case,38504.6754063836,0.9155813289393444,1,1.0236517085738568e-08,inf
two_level_best_map_case,38504.6754063836,0.9155813289393444,2,1.2830973311830731e-08,3125.2593736347853
two_level_best_map_case,38504.6754063836,0.9155813289393444,3,1.6082997248964597e-08,7714.637234070663
two_level_best_map_case,38504.6754063836,0.9155813289393444,4,2.0159250138234185e-08,19043.417749293887
two_level_best_map_case,38504.6754063836,0.9155813289393444,5,2.526863369090349e-08,47008.68296959966
two_level_best_map_case,38504.6754063836,0.9155813289393444,6,3.167299598084116e-08,116070.53444172272
two_level_best_map_case,38504.6754063836,0.9155813289393444,7,3.970055075686648e-08,286812.4587742325
two_level_best_map_case,38504.6754063836,0.9155813289393444,8,4.976269789419122e-08,709201.1972796199
two_level_best_map_case,38504.6754063836,0.9155813289393444,9,6.237510700730634e-08,1754513.198572097
two_level_best_map_case,38504.6754063836,0.9155813289393444,10,7.818414472715056e-08,4343254.833708268
two_level_best_map_case,38504.6754063836,0.9155813289393444,11,9.8e-08,10769333.20042276
two_level_best_map_case,39104.6754063836,0.9158449032903451,0,8.166666666666667e-09,inf
two_level_best_map_case,39104.6754063836,0.9158449032903451,1,1.0236517085738568e-08,inf
two_level_best_map_case,39104.6754063836,0.9158449032903451,2,1.2830973311830731e-08,3130.0664145081982
two_level_best_map_case,39104.6754063836,0.9158449032903451,3,1.6082997248964597e-08,7726.503309893974
two_level_best_map_case,39104.6754063836,0.9158449032903451,4,2.0159250138234185e-08,19072.708888522495
two_level_best_map_case,39104.6754063836,0.9158449032903451,5,2.526863369090349e-08,47080.98083117962
two_level_best_map_case,39104.6754063836,0.9158449032903451,6,3.167299598084116e-08,116248.87352482247
two_level_best_map_case,39104.6754063836,0.9158449032903451,7,3.970055075686648e-08,287253.04826371366
two_level_best_map_case,39104.6754063836,0.9158449032903451,8,4.976269789419122e-08,710292.7441005806
two_level_best_map_case,39104.6754063836,0.9158449032903451,9,6.237510700730634e-08,1757221.72892342
two_level_best_map_case,39104.6754063836,0.9158449032903451,10,7.818414472715056e-08,4349983.629288221
two_level_best_map_case,39104.6754063836,0.9158449032903451,11,9.8e-08,10786101.86101318
two_level_best_map_case,39704.6754063836,0.9161065790854003,0,8.166666666666667e-09,inf
two_level_best_map_case,39704.6754063836,0.9161065790854003,1,1.0236517085738568e-08,inf
two_level_best_map_case,39704.6754063836,0.9161065790854003,2,1.2830973311830731e-08,3134.8635550525883
two_level_best_map_case,39704.6754063836,0.9161065790854003,3,1.6082997248964597e-08,7738.344946966481
two_level_best_map_case,39704.6754063836,0.9161065790854003,4,2.0159250138234185e-08,19101.939701300093
two_level_best_map_case,39704.6754063836,0.9161065790854003,5,2.526863369090349e-08,47153.12988748271
two_level_best_map_case,39704.6754063836,0.9161065790854003,6,3.167299598084116e-08,116426.84551491338
two_level_best_map_case,39704.6754063836,0.9161065790854003,7,3.970055075686648e-08,287692.726033997
two_level_best_map_case,39704.6754063836,0.9161065790854003,8,4.976269789419122e-08,711382.0276214243
two_level_best_map_case,39704.6754063836,0.9161065790854003,9,6.237510700730634e-08,1759924.64982564
two_level_best_map_case,39704.6754063836,0.9161065790854003,10,7.818414472715056e-08,4356698.512018706
two_level_best_map_case,39704.6754063836,0.9161065790854003,11,9.8e-08,10802835.888804233
two_level_best_map_case,40304.6754063836,0.9163663779729544,0,8.166666666666667e-09,inf
two_level_best_map_case,40304.6754063836,0.9163663779729544,1,1.0236517085738568e-08,inf
two_level_best_map_case,40304.6754063836,0.9163663779729544,2,1.2830973311830731e-08,3139.651053413639
two_level_best_map_case,40304.6754063836,0.9163663779729544,3,1.6082997248964597e-08,7750.162782515184
two_level_best_map_case,40304.6754063836,0.9163663779729544,4,2.0159250138234185e-08,19131.11176060398
two_level_best_map_case,40304.6754063836,0.9163663779729544,5,2.526863369090349e-08,47225.1340195484
two_level_best_map_case,40304.6754063836,0.9163663779729544,6,3.167299598084116e-08,116604.46000327342
two_level_best_map_case,40304.6754063836,0.9163663779729544,7,3.970055075686648e-08,288131.51584739145
two_level_best_map_case,40304.6754063836,0.9163663779729544,8,4.976269789419122e-08,712469.1067096648
two_level_best_map_case,40304.6754063836,0.9163663779729544,9,6.237510700730634e-08,1762622.1072184318
two_level_best_map_case,40304.6754063836,0.9163663779729544,10,7.818414472715056e-08,4363399.844232627
two_level_best_map_case,40304.6754063836,0.9163663779729544,11,9.8e-08,10819536.186694387
two_level_best_map_case,40904.6754063836,0.9166243212495797,0,8.166666666666667e-09,inf
two_level_best_map_case,40904.6754063836,0.9166243212495797,1,1.0236517085738568e-08,inf
two_level_best_map_case,40904.6754063836,0.9166243212495797,2,1.2830973311830731e-08,3144.429160567278
two_level_best_map_case,40904.6754063836,0.9166243212495797,3,1.6082997248964597e-08,7761.957436068703
two_level_best_map_case,40904.6754063836,0.9166243212495797,4,2.0159250138234185e-08,19160.226595723503
two_level_best_map_case,40904.6754063836,0.9166243212495797,5,2.526863369090349e-08,47296.99700060079
two_level_best_map_case,40904.6754063836,0.9166243212495797,6,3.167299598084116e-08,116781.72631460382
two_level_best_map_case,40904.6754063836,0.9166243212495797,7,3.970055075686648e-08,288569.4408062294
two_level_best_map_case,40904.6754063836,0.9166243212495797,8,4.976269789419122e-08,713554.0385982076
two_level_best_map_case,40904.6754063836,0.9166243212495797,9,6.237510700730634e-08,1765314.2429893955
two_level_best_map_case,40904.6754063836,0.9166243212495797,10,7.818414472715056e-08,4370087.978203893
two_level_best_map_case,40904.6754063836,0.9166243212495797,11,9.8e-08,10836203.632522002
two_level_best_map_case,41504.6754063836,0.9168804298677332,0,8.166666666666667e-09,inf
two_level_best_map_case,41504.6754063836,0.9168804298677332,1,1.0236517085738568e-08,inf
two_level_best_map_case,41504.6754063836,0.9168804298677332,2,1.2830973311830731e-08,3149.198120544766
two_level_best_map_case,41504.6754063836,0.9168804298677332,3,1.6082997248964597e-08,7773.729510012895
two_level_best_map_case,41504.6754063836,0.9168804298677332,4,2.0159250138234185e-08,19189.285693631675
two_level_best_map_case,41504.6754063836,0.9168804298677332,5,2.526863369090349e-08,47368.72249943423
two_level_best_map_case,41504.6754063836,0.9168804298677332,6,3.167299598084116e-08,116958.65351540162
two_level_best_map_case,41504.6754063836,0.9168804298677332,7,3.970055075686648e-08,289006.5233735899
two_level_best_map_case,41504.6754063836,0.9168804298677332,8,4.976269789419122e-08,714636.878936667
two_level_best_map_case,41504.6754063836,0.9168804298677332,9,6.237510700730634e-08,1768001.1951012511
two_level_best_map_case,41504.6754063836,0.9168804298677332,10,7.818414472715056e-08,4376763.256463086
two_level_best_map_case,41504.6754063836,0.9168804298677332,11,9.8e-08,10852839.079851585
two_level_best_map_case,42104.6754063836,0.917134724443292,0,8.166666666666667e-09,inf
two_level_best_map_case,42104.6754063836,0.917134724443292,1,1.0236517085738568e-08,inf
two_level_best_map_case,42104.6754063836,0.917134724443292,2,1.2830973311830731e-08,3153.9581706492722
two_level_best_map_case,42104.6754063836,0.917134724443292,3,1.6082997248964597e-08,7785.479590125474
two_level_best_map_case,42104.6754063836,0.917134724443292,4,2.0159250138234185e-08,19218.29050030476
two_level_best_map_case,42104.6754063836,0.917134724443292,5,2.526863369090349e-08,47440.31408367042
two_level_best_map_case,42104.6754063836,0.917134724443292,6,3.167299598084116e-08,117135.25042201408
two_level_best_map_case,42104.6754063836,0.917134724443292,7,3.970055075686648e-08,289442.7853932349
two_level_best_map_case,42104.6754063836,0.917134724443292,8,4.976269789419122e-08,715717.6818407397
two_level_best_map_case,42104.6754063836,0.917134724443292,9,6.237510700730634e-08,1770683.0977142095
two_level_best_map_case,42104.6754063836,0.917134724443292,10,7.818414472715056e-08,4383426.012101201
two_level_best_map_case,42104.6754063836,0.917134724443292,11,9.8e-08,10869443.358730288
two_level_best_map_case,42704.6754063836,0.9173872252628715,0,8.166666666666667e-09,inf
two_level_best_map_case,42704.6754063836,0.9173872252628715,1,1.0236517085738568e-08,inf
two_level_best_map_case,42704.6754063836,0.9173872252628715,2,1.2830973311830731e-08,3158.7095416644042
two_level_best_map_case,42704.6754063836,0.9173872252628715,3,1.6082997248964597e-08,7797.208246090743
two_level_best_map_case,42704.6754063836,0.9173872252628715,4,2.0159250138234185e-08,19247.242421992964
two_level_best_map_case,42704.6754063836,0.9173872252628715,5,2.526863369090349e-08,47511.775222894954
two_level_best_map_case,42704.6754063836,0.9173872252628715,6,3.167299598084116e-08,117311.52560839508
two_level_best_map_case,42704.6754063836,0.9173872252628715,7,3.970055075686648e-08,289878.248108807
two_level_best_map_case,42704.6754063836,0.9173872252628715,8,4.976269789419122e-08,716796.4999397456
two_level_best_map_case,42704.6754063836,0.9173872252628715,9,6.237510700730634e-08,1773360.0813038077
two_level_best_map_case,42704.6754063836,0.9173872252628715,10,7.818414472715056e-08,4390076.569062111
two_level_best_map_case,42704.6754063836,0.9173872252628715,11,9.8e-08,10886017.276416352
two_level_best_map_case,43304.6754063836,0.9176379522909381,0,8.166666666666667e-09,inf
two_level_best_map_case,43304.6754063836,0.9176379522909381,1,1.0236517085738568e-08,inf
two_level_best_map_case,43304.6754063836,0.9176379522909381,2,1.2830973311830731e-08,3163.452458054973
two_level_best_map_case,43304.6754063836,0.9176379522909381,3,1.6082997248964597e-08,7808.916031995202
two_level_best_map_case,43304.6754063836,0.9176379522909381,4,2.0159250138234185e-08,19276.14282644377
two_level_best_map_case,43304.6754063836,0.9176379522909381,5,2.526863369090349e-08,47583.10929167683
two_level_best_map_case,43304.6754063836,0.9176379522909381,6,3.167299598084116e-08,117487.48741357199
two_level_best_map_case,43304.6754063836,0.9176379522909381,7,3.970055075686648e-08,290312.9321823125
two_level_best_map_case,43304.6754063836,0.9176379522909381,8,4.976269789419122e-08,717873.3844224003
two_level_best_map_case,43304.6754063836,0.9176379522909381,9,6.237510700730634e-08,1776032.2727743587
two_level_best_map_case,43304.6754063836,0.9176379522909381,10,7.818414472715056e-08,4396715.242424143
two_level_best_map_case,43304.6754063836,0.9176379522909381,11,9.8e-08,10902561.618080445
two_level_best_map_case,43904.6754063836,0.9178869251767204,0,8.166666666666667e-09,inf
two_level_best_map_case,43904.6754063836,0.9178869251767204,1,1.0236517085738568e-08,inf
two_level_best_map_case,43904.6754063836,0.9178869251767204,2,1.2830973311830731e-08,3168.1871381603564
two_level_best_map_case,43904.6754063836,0.9178869251767204,3,1.6082997248964597e-08,7820.603486804847
two_level_best_map_case,43904.6754063836,0.9178869251767204,4,2.0159250138234185e-08,19304.993044080165
two_level_best_map_case,43904.6754063836,0.9178869251767204,5,2.526863369090349e-08,47654.3195724766
two_level_best_map_case,43904.6754063836,0.9178869251767204,6,3.167299598084116e-08,117663.14394883742
two_level_best_map_case,43904.6754063836,0.9178869251767204,7,3.970055075686648e-08,290746.8577119216
two_level_best_map_case,43904.6754063836,0.9178869251767204,8,4.976269789419122e-08,718948.3850808972
two_level_best_map_case,43904.6754063836,0.9178869251767204,9,6.237510700730634e-08,1778699.7955682138
two_level_best_map_case,43904.6754063836,0.9178869251767204,10,7.818414472715056e-08,4403342.338671286
two_level_best_map_case,43904.6754063836,0.9178869251767204,11,9.8e-08,10919077.14748117
two_level_best_map_case,44504.6754063836,0.9181341632609277,0,8.166666666666667e-09,inf
two_level_best_map_case,44504.6754063836,0.9181341632609277,1,1.0236517085738568e-08,inf
two_level_best_map_case,44504.6754063836,0.9181341632609277,2,1.2830973311830731e-08,3172.9137943808028
two_level_best_map_case,44504.6754063836,0.9181341632609277,3,1.6082997248964597e-08,7832.2711348250605
two_level_best_map_case,44504.6754063836,0.9181341632609277,4,2.0159250138234185e-08,19333.794369135823
two_level_best_map_case,44504.6754063836,0.9181341632609277,5,2.526863369090349e-08,47725.40925844837
two_level_best_map_case,44504.6754063836,0.9181341632609277,6,3.167299598084116e-08,117838.50310467824
two_level_best_map_case,44504.6754063836,0.9181341632609277,7,3.970055075686648e-08,291180.04424912017
two_level_best_map_case,44504.6754063836,0.9181341632609277,8,4.976269789419122e-08,720021.550353383
two_level_best_map_case,44504.6754063836,0.9181341632609277,9,6.237510700730634e-08,1781362.7697710425
two_level_best_map_case,44504.6754063836,0.9181341632609277,10,7.818414472715056e-08,4409958.155954493
two_level_best_map_case,44504.6754063836,0.9181341632609277,11,9.8e-08,10935564.607615905
two_level_best_map_case,45104.6754063836,0.9183796855822828,0,8.166666666666667e-09,inf
two_level_best_map_case,45104.6754063836,0.9183796855822828,1,1.0236517085738568e-08,inf
two_level_best_map_case,45104.6754063836,0.9183796855822828,2,1.2830973311830731e-08,3177.632633356946
two_level_best_map_case,45104.6754063836,0.9183796855822828,3,1.6082997248964597e-08,7843.91948614375
two_level_best_map_case,45104.6754063836,0.9183796855822828,4,2.0159250138234185e-08,19362.54806074903
two_level_best_map_case,45104.6754063836,0.9183796855822828,5,2.526863369090349e-08,47796.38145613983
two_level_best_map_case,45104.6754063836,0.9183796855822828,6,3.167299598084116e-08,118013.57255745245
two_level_best_map_case,45104.6754063836,0.9183796855822828,7,3.970055075686648e-08,291612.51081523584
two_level_best_map_case,45104.6754063836,0.9183796855822828,8,4.976269789419122e-08,721092.9273648851
two_level_best_map_case,45104.6754063836,0.9183796855822828,9,6.237510700730634e-08,1784021.3122132756
two_level_best_map_case,45104.6754063836,0.9183796855822828,10,7.818414472715056e-08,4416562.984343477
two_level_best_map_case,45104.6754063836,0.9183796855822828,11,9.8e-08,10952024.72134798
two_level_best_map_case,45704.6754063836,0.918623510883874,0,8.166666666666667e-09,inf
two_level_best_map_case,45704.6754063836,0.918623510883874,1,1.0236517085738568e-08,inf
two_level_best_map_case,45704.6754063836,0.918623510883874,2,1.2830973311830731e-08,3182.3438561428434
two_level_best_map_case,45704.6754063836,0.918623510883874,3,1.6082997248964597e-08,7855.549037058466
two_level_best_map_case,45704.6754063836,0.918623510883874,4,2.0159250138234185e-08,19391.255344016976
two_level_best_map_case,45704.6754063836,0.918623510883874,5,2.526863369090349e-08,47867.239188094456
two_level_best_map_case,45704.6754063836,0.918623510883874,6,3.167299598084116e-08,118188.3597758244
two_level_best_map_case,45704.6754063836,0.918623510883874,7,3.970055075686648e-08,292044.2759173673
two_level_best_map_case,45704.6754063836,0.918623510883874,8,4.976269789419122e-08,722162.5619667608
two_level_best_map_case,45704.6754063836,0.918623510883874,9,6.237510700730634e-08,1786675.5365678864
two_level_best_map_case,45704.6754063836,0.918623510883874,10,7.818414472715056e-08,4423157.106069404
two_level_best_map_case,45704.6754063836,0.918623510883874,11,9.8e-08,10968458.192011207
two_level_best_map_case,46304.6754063836,0.9188656576193347,0,8.166666666666667e-09,inf
two_level_best_map_case,46304.6754063836,0.9188656576193347,1,1.0236517085738568e-08,inf
two_level_best_map_case,46304.6754063836,0.9188656576193347,2,1.2830973311830731e-08,3187.047658372776
two_level_best_map_case,46304.6754063836,0.9188656576193347,3,1.6082997248964597e-08,7867.160270488163
two_level_best_map_case,46304.6754063836,0.9188656576193347,4,2.0159250138234185e-08,19419.917411012182
two_level_best_map_case,46304.6754063836,0.9188656576193347,5,2.526863369090349e-08,47937.985395360374
two_level_best_map_case,46304.6754063836,0.9188656576193347,6,3.167299598084116e-08,118362.87202696865
two_level_best_map_case,46304.6754063836,0.9188656576193347,7,3.970055075686648e-08,292475.3575637407
two_level_best_map_case,46304.6754063836,0.9188656576193347,8,4.976269789419122e-08,723230.498774727
two_level_best_map_case,46304.6754063836,0.9188656576193347,9,6.237510700730634e-08,1789325.553444652
two_level_best_map_case,46304.6754063836,0.9188656576193347,10,7.818414472715056e-08,4429740.795758869
two_level_best_map_case,46304.6754063836,0.9188656576193347,11,9.8e-08,10984865.703992637
two_level_best_map_case,46904.6754063836,0.9191061439588536,0,8.166666666666667e-09,inf
two_level_best_map_case,46904.6754063836,0.9191061439588536,1,1.0236517085738568e-08,inf
two_level_best_map_case,46904.6754063836,0.9191061439588536,2,1.2830973311830731e-08,3191.744230422178
two_level_best_map_case,46904.6754063836,0.9191061439588536,3,1.6082997248964597e-08,7878.753656370451
two_level_best_map_case,46904.6754063836,0.9191061439588536,4,2.0159250138234185e-08,19448.53542176309
two_level_best_map_case,46904.6754063836,0.9191061439588536,5,2.526863369090349e-08,48008.62293991053
two_level_best_map_case,46904.6754063836,0.9191061439588536,6,3.167299598084116e-08,118537.11638255532
two_level_best_map_case,46904.6754063836,0.9191061439588536,7,3.970055075686648e-08,292905.7732785244
two_level_best_map_case,46904.6754063836,0.9191061439588536,8,4.976269789419122e-08,724296.7812055509
two_level_best_map_case,46904.6754063836,0.9191061439588536,9,6.237510700730634e-08,1791971.4704810965
two_level_best_map_case,46904.6754063836,0.9191061439588536,10,7.818414472715056e-08,4436314.320659625
two_level_best_map_case,46904.6754063836,0.9191061439588536,11,9.8e-08,11001247.923294863
two_level_best_map_case,47504.6754063836,0.9193449877950246,0,8.166666666666667e-09,inf
two_level_best_map_case,47504.6754063836,0.9193449877950246,1,1.0236517085738568e-08,inf
two_level_best_map_case,47504.6754063836,0.9193449877950246,2,1.2830973311830731e-08,3196.4337575627806
two_level_best_map_case,47504.6754063836,0.9193449877950246,3,1.6082997248964597e-08,7890.329652044553
two_level_best_map_case,47504.6754063836,0.9193449877950246,4,2.0159250138234185e-08,19477.110505199398
two_level_best_map_case,47504.6754063836,0.9193449877950246,5,2.526863369090349e-08,48079.154606976
two_level_best_map_case,47504.6754063836,0.9193449877950246,6,3.167299598084116e-08,118711.09972451968
two_level_best_map_case,47504.6754063836,0.9193449877950246,7,3.970055075686648e-08,293335.54011611175
two_level_best_map_case,47504.6754063836,0.9193449877950246,8,4.976269789419122e-08,725361.4515124199
two_level_best_map_case,47504.6754063836,0.9193449877950246,9,6.237510700730634e-08,1794613.3924301635
two_level_best_map_case,47504.6754063836,0.9193449877950246,10,7.818414472715056e-08,4442877.9408582
two_level_best_map_case,47504.6754063836,0.9193449877950246,11,9.8e-08,11017605.498078058
two_level_best_map_case,48104.6754063836,0.9195822067485391,0,8.166666666666667e-09,inf
two_level_best_map_case,48104.6754063836,0.9195822067485391,1,1.0236517085738568e-08,inf
two_level_best_map_case,48104.6754063836,0.9195822067485391,2,1.2830973311830731e-08,3201.116420112375
two_level_best_map_case,48104.6754063836,0.9195822067485391,3,1.6082997248964597e-08,7901.888702620997
two_level_best_map_case,48104.6754063836,0.9195822067485391,4,2.0159250138234185e-08,19505.643760064642
two_level_best_map_case,48104.6754063836,0.9195822067485391,5,2.526863369090349e-08,48149.583107298386
two_level_best_map_case,48104.6754063836,0.9195822067485391,6,3.167299598084116e-08,118884.82875063246
two_level_best_map_case,48104.6754063836,0.9195822067485391,7,3.970055075686648e-08,293764.6746749081
two_level_best_map_case,48104.6754063836,0.9195822067485391,8,4.976269789419122e-08,726424.5508190879
two_level_best_map_case,48104.6754063836,0.9195822067485391,9,6.237510700730634e-08,1797251.4212448525
two_level_best_map_case,48104.6754063836,0.9195822067485391,10,7.818414472715056e-08,4449431.909489971
two_level_best_map_case,48104.6754063836,0.9195822067485391,11,9.8e-08,11033939.059183266
two_level_best_map_case,48704.6754063836,0.9198178181737272,0,8.166666666666667e-09,inf
two_level_best_map_case,48704.6754063836,0.9198178181737272,1,1.0236517085738568e-08,inf
two_level_best_map_case,48704.6754063836,0.9198178181737272,2,1.2830973311830731e-08,3205.792393579298
two_level_best_map_case,48704.6754063836,0.9198178181737272,3,1.6082997248964597e-08,7913.4312413382795
two_level_best_map_case,48704.6754063836,0.9198178181737272,4,2.0159250138234185e-08,19534.136255796595
two_level_best_map_case,48704.6754063836,0.9198178181737272,5,2.526863369090349e-08,48219.91107930274
two_level_best_map_case,48704.6754063836,0.9198178181737272,6,3.167299598084116e-08,119058.30997987307
two_level_best_map_case,48704.6754063836,0.9198178181737272,7,3.970055075686648e-08,294193.1931106322
two_level_best_map_case,48704.6754063836,0.9198178181737272,8,4.976269789419122e-08,727486.1191528158
two_level_best_map_case,48704.6754063836,0.9198178181737272,9,6.237510700730634e-08,1799885.656159869
two_level_best_map_case,48704.6754063836,0.9198178181737272,10,7.818414472715056e-08,4455976.472941839
two_level_best_map_case,48704.6754063836,0.9198178181737272,11,9.8e-08,11050249.220637256
two_level_best_map_case,49304.6754063836,0.9200518391639527,0,8.166666666666667e-09,inf
two_level_best_map_case,49304.6754063836,0.9200518391639527,1,1.0236517085738568e-08,inf
two_level_best_map_case,49304.6754063836,0.9200518391639527,2,1.2830973311830731e-08,3210.461848801946
two_level_best_map_case,49304.6754063836,0.9200518391639527,3,1.6082997248964597e-08,7924.957689907251
two_level_best_map_case,49304.6754063836,0.9200518391639527,4,2.0159250138234185e-08,19562.589033377335
two_level_best_map_case,49304.6754063836,0.9200518391639527,5,2.526863369090349e-08,48290.14109119571
two_level_best_map_case,49304.6754063836,0.9200518391639527,6,3.167299598084116e-08,119231.54975761837
two_level_best_map_case,49304.6754063836,0.9200518391639527,7,3.970055075686648e-08,294621.1111491599
two_level_best_map_case,49304.6754063836,0.9200518391639527,8,4.976269789419122e-08,728546.1954761806
two_level_best_map_case,49304.6754063836,0.9200518391639527,9,6.237510700730634e-08,1802516.1937704687
two_level_best_map_case,49304.6754063836,0.9200518391639527,10,7.818414472715056e-08,4462511.871047937
two_level_best_map_case,49304.6754063836,0.9200518391639527,11,9.8e-08,11066536.580140008
two_level_best_map_case,49904.6754063836,0.920284286556867,0,8.166666666666667e-09,inf
two_level_best_map_case,49904.6754063836,0.920284286556867,1,1.0236517085738568e-08,inf
two_level_best_map_case,49904.6754063836,0.920284286556867,2,1.2830973311830731e-08,3215.1249520834485
two_level_best_map_case,49904.6754063836,0.920284286556867,3,1.6082997248964597e-08,7936.4684588435575
two_level_best_map_case,49904.6754063836,0.920284286556867,4,2.0159250138234185e-08,19591.003106153916
two_level_best_map_case,49904.6754063836,0.920284286556867,5,2.526863369090349e-08,48360.275642991015
two_level_best_map_case,49904.6754063836,0.920284286556867,6,3.167299598084116e-08,119404.5542606512
two_level_best_map_case,49904.6754063836,0.920284286556867,7,3.970055075686648e-08,295048.444098922
two_level_best_map_case,49904.6754063836,0.920284286556867,8,4.976269789419122e-08,729604.8177177801
two_level_best_map_case,49904.6754063836,0.920284286556867,9,6.237510700730634e-08,1805143.1281085685
two_level_best_map_case,49904.6754063836,0.920284286556867,10,7.818414472715056e-08,4469038.337278548
two_level_best_map_case,49904.6754063836,0.920284286556867,11,9.8e-08,11082801.719535308
two_level_best_map_case,50504.6754063836,0.9205151769395252,0,8.166666666666667e-09,inf
two_level_best_map_case,50504.6754063836,0.9205151769395252,1,1.0236517085738568e-08,inf
two_level_best_map_case,50504.6754063836,0.9205151769395252,2,1.2830973311830731e-08,3219.7818653217814
two_level_best_map_case,50504.6754063836,0.9205151769395252,3,1.6082997248964597e-08,7947.963947788803
two_level_best_map_case,50504.6754063836,0.9205151769395252,4,2.0159250138234185e-08,19619.37946063115
two_level_best_map_case,50504.6754063836,0.9205151769395252,5,2.526863369090349e-08,48430.31716846608
two_level_best_map_case,50504.6754063836,0.9205151769395252,6,3.167299598084116e-08,119577.32950199924
two_level_best_map_case,50504.6754063836,0.9205151769395252,7,3.970055075686648e-08,295475.2068628824
two_level_best_map_case,50504.6754063836,0.9205151769395252,8,4.976269789419122e-08,730662.0228018976
two_level_best_map_case,50504.6754063836,0.9205151769395252,9,6.237510700730634e-08,1807766.550716274
two_level_best_map_case,50504.6754063836,0.9205151769395252,10,7.818414472715056e-08,4475556.0989226075
two_level_best_map_case,50504.6754063836,0.9205151769395252,11,9.8e-08,11099045.20526539
two_level_best_map_case,51104.6754063836,0.9207445266533711,0,8.166666666666667e-09,inf
two_level_best_map_case,51104.6754063836,0.9207445266533711,1,1.0236517085738568e-08,inf
two_level_best_map_case,51104.6754063836,0.9207445266533711,2,1.2830973311830731e-08,3224.4327461353973
two_level_best_map_case,51104.6754063836,0.9207445266533711,3,1.6082997248964597e-08,7959.444545820697
two_level_best_map_case,51104.6754063836,0.9207445266533711,4,2.0159250138234185e-08,19647.719057237162
two_level_best_map_case,51104.6754063836,0.9207445266533711,5,2.526863369090349e-08,48500.26803705148
two_level_best_map_case,51104.6754063836,0.9207445266533711,6,3.167299598084116e-08,119749.88133560713
two_level_best_map_case,51104.6754063836,0.9207445266533711,7,3.970055075686648e-08,295901.41395010403
two_level_best_map_case,51104.6754063836,0.9207445266533711,8,4.976269789419122e-08,731717.8466771449
two_level_best_map_case,51104.6754063836,0.9207445266533711,9,6.237510700730634e-08,1810386.5507168814
two_level_best_map_case,51104.6754063836,0.9207445266533711,10,7.818414472715056e-08,4482065.377263966
two_level_best_map_case,51104.6754063836,0.9207445266533711,11,9.8e-08,11115267.588809963
two_level_best_map_case,51704.6754063836,0.9209723517990929,0,8.166666666666667e-09,inf
two_level_best_map_case,51704.6754063836,0.9209723517990929,1,1.0236517085738568e-08,inf
two_level_best_map_case,51704.6754063836,0.9209723517990929,2,1.2830973311830731e-08,3229.0777479846815
two_level_best_map_case,51704.6754063836,0.9209723517990929,3,1.6082997248964597e-08,7970.910631752845
two_level_best_map_case,51704.6754063836,0.9209723517990929,4,2.0159250138234185e-08,19676.022831063423
two_level_best_map_case,51704.6754063836,0.9209723517990929,5,2.526863369090349e-08,48570.1305556575
two_level_best_map_case,51704.6754063836,0.9209723517990929,6,3.167299598084116e-08,119922.2154608536
two_level_best_map_case,51704.6754063836,0.9209723517990929,7,3.970055075686648e-08,296327.07948692923
two_level_best_map_case,51704.6754063836,0.9209723517990929,8,4.976269789419122e-08,732772.324344155
two_level_best_map_case,51704.6754063836,0.9209723517990929,9,6.237510700730634e-08,1813003.2148835184
two_level_best_map_case,51704.6754063836,0.9209723517990929,10,7.818414472715056e-08,4488566.387751753
two_level_best_map_case,51704.6754063836,0.9209723517990929,11,9.8e-08,11131469.407110633
two_level_best_map_case,52304.6754063836,0.9211986682413558,0,8.166666666666667e-09,inf
two_level_best_map_case,52304.6754063836,0.9211986682413558,1,1.0236517085738568e-08,inf
two_level_best_map_case,52304.6754063836,0.9211986682413558,2,1.2830973311830731e-08,3233.717020289301
two_level_best_map_case,52304.6754063836,0.9211986682413558,3,1.6082997248964597e-08,7982.362574424422
two_level_best_map_case,52304.6754063836,0.9211986682413558,4,2.0159250138234185e-08,19704.291692579813
two_level_best_map_case,52304.6754063836,0.9211986682413558,5,2.526863369090349e-08,48639.906970438824
two_level_best_map_case,52304.6754063836,0.9211986682413558,6,3.167299598084116e-08,120094.3374269152
two_level_best_map_case,52304.6754063836,0.9211986682413558,7,3.970055075686648e-08,296752.21722778305
two_level_best_map_case,52304.6754063836,0.9211986682413558,8,4.976269789419122e-08,733825.4898823356
two_level_best_map_case,52304.6754063836,0.9211986682413558,9,6.237510700730634e-08,1815616.6277054609
two_level_best_map_case,52304.6754063836,0.9211986682413558,10,7.818414472715056e-08,4495059.340165
two_level_best_map_case,52304.6754063836,0.9211986682413558,11,9.8e-08,11147651.182980962
two_level_best_map_case,52904.6754063836,0.921423491613414,0,8.166666666666667e-09,inf
two_level_best_map_case,52904.6754063836,0.921423491613414,1,1.0236517085738568e-08,inf
two_level_best_map_case,52904.6754063836,0.921423491613414,2,1.2830973311830731e-08,3238.35070854165
two_level_best_map_case,52904.6754063836,0.921423491613414,3,1.6082997248964597e-08,7993.8007329802185
two_level_best_map_case,52904.6754063836,0.921423491613414,4,2.0159250138234185e-08,19732.52652832589
two_level_best_map_case,52904.6754063836,0.921423491613414,5,2.526863369090349e-08,48709.59946850067
two_level_best_map_case,52904.6754063836,0.921423491613414,6,3.167299598084116e-08,120266.25263698559
two_level_best_map_case,52904.6754063836,0.921423491613414,7,3.970055075686648e-08,297176.84056561755
two_level_best_map_case,52904.6754063836,0.921423491613414,8,4.976269789419122e-08,734877.3764757357
two_level_best_map_case,52904.6754063836,0.921423491613414,9,6.237510700730634e-08,1818226.8714522498
two_level_best_map_case,52904.6754063836,0.921423491613414,10,7.818414472715056e-08,4501544.438771789
two_level_best_map_case,52904.6754063836,0.921423491613414,11,9.8e-08,11163813.425502947
two_level_best_map_case,53504.6754063836,0.921646837321607,0,8.166666666666667e-09,inf
two_level_best_map_case,53504.6754063836,0.921646837321607,1,1.0236517085738568e-08,inf
two_level_best_map_case,53504.6754063836,0.921646837321607,2,1.2830973311830731e-08,3242.978954416559
two_level_best_map_case,53504.6754063836,0.921646837321607,3,1.6082997248964597e-08,8005.225457141453
two_level_best_map_case,53504.6754063836,0.921646837321607,4,2.0159250138234185e-08,19760.728201579393
two_level_best_map_case,53504.6754063836,0.921646837321607,5,2.526863369090349e-08,48779.21017954868
two_level_best_map_case,53504.6754063836,0.921646837321607,6,3.167299598084116e-08,120437.96635235533
two_level_best_map_case,53504.6754063836,0.921646837321607,7,3.970055075686648e-08,297600.96254201035
two_level_best_map_case,53504.6754063836,0.921646837321607,8,4.976269789419122e-08,735928.0164380581
two_level_best_map_case,53504.6754063836,0.921646837321607,9,6.237510700730634e-08,1820834.026235692
two_level_best_map_case,53504.6754063836,0.921646837321607,10,7.818414472715056e-08,4508021.882483162
two_level_best_map_case,53504.6754063836,0.921646837321607,11,9.8e-08,11179956.630410386
two_level_best_map_case,54104.6754063836,0.921868720549743,0,8.166666666666667e-09,inf
two_level_best_map_case,54104.6754063836,0.921868720549743,1,1.0236517085738568e-08,inf
two_level_best_map_case,54104.6754063836,0.921868720549743,2,1.2830973311830731e-08,3247.6018958774002
two_level_best_map_case,54104.6754063836,0.921868720549743,3,1.6082997248964597e-08,8016.637087467689
two_level_best_map_case,54104.6754063836,0.921868720549743,4,2.0159250138234185e-08,19788.897553002786
two_level_best_map_case,54104.6754063836,0.921868720549743,5,2.526863369090349e-08,48848.74117748454
two_level_best_map_case,54104.6754063836,0.921868720549743,6,3.167299598084116e-08,120609.48369635764
two_level_best_map_case,54104.6754063836,0.921868720549743,7,3.970055075686648e-08,298024.5958569338
two_level_best_map_case,54104.6754063836,0.921868720549743,8,4.976269789419122e-08,736977.4412368522
two_level_best_map_case,54104.6754063836,0.921868720549743,9,6.237510700730634e-08,1823438.170069829
two_level_best_map_case,54104.6754063836,0.921868720549743,10,7.818414472715056e-08,4514491.865001975
two_level_best_map_case,54104.6754063836,0.921868720549743,11,9.8e-08,11196081.280459723
two_level_best_map_case,54704.6754063836,0.9220891562633731,0,8.166666666666667e-09,inf
two_level_best_map_case,54704.6754063836,0.9220891562633731,1,1.0236517085738568e-08,inf
two_level_best_map_case,54704.6754063836,0.9220891562633731,2,1.2830973311830731e-08,3252.2196672787168
two_level_best_map_case,54704.6754063836,0.9220891562633731,3,1.6082997248964597e-08,8028.035955610169
two_level_best_map_case,54704.6754063836,0.9220891562633731,4,2.0159250138234185e-08,19817.035401268568
two_level_best_map_case,54704.6754063836,0.9220891562633731,5,2.526863369090349e-08,48918.1944819493
two_level_best_map_case,54704.6754063836,0.9220891562633731,6,3.167299598084116e-08,120780.8096581851
two_level_best_map_case,54704.6754063836,0.9220891562633731,7,3.970055075686648e-08,298447.75287820114
two_level_best_map_case,54704.6754063836,0.9220891562633731,8,4.976269789419122e-08,738025.6815169111
two_level_best_map_case,54704.6754063836,0.9220891562633731,9,6.237510700730634e-08,1826039.3789289354
two_level_best_map_case,54704.6754063836,0.9220891562633731,10,7.818414472715056e-08,4520954.574966866
two_level_best_map_case,54704.6754063836,0.9220891562633731,11,9.8e-08,11212187.845788661
two_level_best_map_case,55304.6754063836,0.9223081592139598,0,8.166666666666667e-09,inf
two_level_best_map_case,55304.6754063836,0.9223081592139598,1,1.0236517085738568e-08,inf
two_level_best_map_case,55304.6754063836,0.9223081592139598,2,1.2830973311830731e-08,3256.832399465548
two_level_best_map_case,55304.6754063836,0.9223081592139598,3,1.6082997248964597e-08,8039.422384557011
two_level_best_map_case,55304.6754063836,0.9223081592139598,4,2.0159250138234185e-08,19845.142543664555
two_level_best_map_case,55304.6754063836,0.9223081592139598,5,2.526863369090349e-08,48987.572059817176
two_level_best_map_case,55304.6754063836,0.9223081592139598,6,3.167299598084116e-08,120951.94909658337
two_level_best_map_case,55304.6754063836,0.9223081592139598,7,3.970055075686648e-08,298870.4456506121
two_level_best_map_case,55304.6754063836,0.9223081592139598,8,4.976269789419122e-08,739072.7671229206
two_level_best_map_case,55304.6754063836,0.9223081592139598,9,6.237510700730634e-08,1828637.7268036564
two_level_best_map_case,55304.6754063836,0.9223081592139598,10,7.818414472715056e-08,4527410.196091609
two_level_best_map_case,55304.6754063836,0.9223081592139598,11,9.8e-08,11228276.784263346
two_level_best_map_case,55904.6754063836,0.9225257439429441,0,8.166666666666667e-09,inf
two_level_best_map_case,55904.6754063836,0.9225257439429441,1,1.0236517085738568e-08,inf
two_level_best_map_case,55904.6754063836,0.9225257439429441,2,1.2830973311830731e-08,3261.4402198695493
two_level_best_map_case,55904.6754063836,0.9225257439429441,3,1.6082997248964597e-08,8050.796688870457
two_level_best_map_case,55904.6754063836,0.9225257439429441,4,2.0159250138234185e-08,19873.219756679555
two_level_best_map_case,55904.6754063836,0.9225257439429441,5,2.526863369090349e-08,49056.87582664091
two_level_best_map_case,55904.6754063836,0.9225257439429441,6,3.167299598084116e-08,121122.9067434255
two_level_best_map_case,55904.6754063836,0.9225257439429441,7,3.970055075686648e-08,299292.68590480014
two_level_best_map_case,55904.6754063836,0.9225257439429441,8,4.976269789419122e-08,740118.727121371
two_level_best_map_case,55904.6754063836,0.9225257439429441,9,6.237510700730634e-08,1831233.2857553323
two_level_best_map_case,55904.6754063836,0.9225257439429441,10,7.818414472715056e-08,4533858.907299963
two_level_best_map_case,55904.6754063836,0.9225257439429441,11,9.8e-08,11244348.541814242
two_level_best_map_case,56504.6754063836,0.9227419247857118,0,8.166666666666667e-09,inf
two_level_best_map_case,56504.6754063836,0.9227419247857118,1,1.0236517085738568e-08,inf
two_level_best_map_case,56504.6754063836,0.9227419247857118,2,1.2830973311830731e-08,3266.0432526020395
two_level_best_map_case,56504.6754063836,0.9227419247857118,3,1.6082997248964597e-08,8062.1591749165755
two_level_best_map_case,56504.6754063836,0.9227419247857118,4,2.0159250138234185e-08,19901.26779657032
two_level_best_map_case,56504.6754063836,0.9227419247857118,5,2.526863369090349e-08,49126.107648051104
two_level_best_map_case,56504.6754063836,0.9227419247857118,6,3.167299598084116e-08,121293.68720717222
two_level_best_map_case,56504.6754063836,0.9227419247857118,7,3.970055075686648e-08,299714.4850657983
two_level_best_map_case,56504.6754063836,0.9227419247857118,8,4.976269789419122e-08,741163.5898217749
two_level_best_map_case,56504.6754063836,0.9227419247857118,9,6.237510700730634e-08,1833826.1259685818
two_level_best_map_case,56504.6754063836,0.9227419247857118,10,7.818414472715056e-08,4540300.882856199
two_level_best_map_case,56504.6754063836,0.9227419247857118,11,9.8e-08,11260403.552761354
two_level_best_map_case,57104.6754063836,0.9229567158754645,0,8.166666666666667e-09,inf
two_level_best_map_case,57104.6754063836,0.9229567158754645,1,1.0236517085738568e-08,inf
two_level_best_map_case,57104.6754063836,0.9229567158754645,2,1.2830973311830731e-08,3270.6416185441053
two_level_best_map_case,57104.6754063836,0.9229567158754645,3,1.6082997248964597e-08,8073.5101410876805
two_level_best_map_case,57104.6754063836,0.9229567158754645,4,2.0159250138234185e-08,19929.287399910598
two_level_best_map_case,57104.6754063836,0.9229567158754645,5,2.526863369090349e-08,49195.26934111116
two_level_best_map_case,57104.6754063836,0.9229567158754645,6,3.167299598084116e-08,121464.29497622258
two_level_best_map_case,57104.6754063836,0.9229567158754645,7,3.970055075686648e-08,300135.85426133446
two_level_best_map_case,57104.6754063836,0.9229567158754645,8,4.976269789419122e-08,742207.3827972086
two_level_best_map_case,57104.6754063836,0.9229567158754645,9,6.237510700730634e-08,1836416.3158022335
two_level_best_map_case,57104.6754063836,0.9229567158754645,10,7.818414472715056e-08,4546736.292491521
two_level_best_map_case,57104.6754063836,0.9229567158754645,11,9.8e-08,11276442.240129141
two_level_best_map_case,57704.6754063836,0.9231701311469971,0,8.166666666666667e-09,inf
two_level_best_map_case,57704.6754063836,0.9231701311469971,1,1.0236517085738568e-08,inf
two_level_best_map_case,57704.6754063836,0.9231701311469971,2,1.2830973311830731e-08,3275.2354354338545
two_level_best_map_case,57704.6754063836,0.9231701311469971,3,1.6082997248964597e-08,8084.849878017703
two_level_best_map_case,57704.6754063836,0.9231701311469971,4,2.0159250138234185e-08,19957.27928412281
two_level_best_map_case,57704.6754063836,0.9231701311469971,5,2.526863369090349e-08,49264.36267562939
two_level_best_map_case,57704.6754063836,0.9231701311469971,6,3.167299598084116e-08,121634.73442215857
two_level_best_map_case,57704.6754063836,0.9231701311469971,7,3.970055075686648e-08,300556.80432986305
two_level_best_map_case,57704.6754063836,0.9231701311469971,8,4.976269789419122e-08,743250.1329042064
two_level_best_map_case,57704.6754063836,0.9231701311469971,9,6.237510700730634e-08,1839003.921838631
two_level_best_map_case,57704.6754063836,0.9231701311469971,10,7.818414472715056e-08,4553165.3015264785
two_level_best_map_case,57704.6754063836,0.9231701311469971,11,9.8e-08,11292465.015951438
two_level_best_map_case,58304.6754063836,0.9233821843403847,0,8.166666666666667e-09,inf
two_level_best_map_case,58304.6754063836,0.9233821843403847,1,1.0236517085738568e-08,inf
two_level_best_map_case,58304.6754063836,0.9233821843403847,2,1.2830973311830731e-08,3279.824817950929
two_level_best_map_case,58304.6754063836,0.9233821843403847,3,1.6082997248964597e-08,8096.178668790829
two_level_best_map_case,58304.6754063836,0.9233821843403847,4,2.0159250138234185e-08,19985.244147993024
two_level_best_map_case,58304.6754063836,0.9233821843403847,5,2.526863369090349e-08,49333.38937542995
two_level_best_map_case,58304.6754063836,0.9233821843403847,6,3.167299598084116e-08,121805.00980288783
two_level_best_map_case,58304.6754063836,0.9233821843403847,7,3.970055075686648e-08,300977.3458283454
two_level_best_map_case,58304.6754063836,0.9233821843403847,8,4.976269789419122e-08,744291.8663020302
two_level_best_map_case,58304.6754063836,0.9233821843403847,9,6.237510700730634e-08,1841589.0089314033
two_level_best_map_case,58304.6754063836,0.9233821843403847,10,7.818414472715056e-08,4559588.070989524
two_level_best_map_case,58304.6754063836,0.9233821843403847,11,9.8e-08,11308472.281566871
two_level_best_map_case,58904.6754063836,0.9235928890045813,0,8.166666666666667e-09,inf
two_level_best_map_case,58904.6754063836,0.9235928890045813,1,1.0236517085738568e-08,inf
two_level_best_map_case,58904.6754063836,0.9235928890045813,2,1.2830973311830731e-08,3284.4098777984236
two_level_best_map_case,58904.6754063836,0.9235928890045813,3,1.6082997248964597e-08,8107.496789143685
two_level_best_map_case,58904.6754063836,0.9235928890045813,4,2.0159250138234185e-08,20013.18267217006
two_level_best_map_case,58904.6754063836,0.9235928890045813,5,2.526863369090349e-08,49402.35111958462
two_level_best_map_case,58904.6754063836,0.9235928890045813,6,3.167299598084116e-08,121975.12526568984
two_level_best_map_case,58904.6754063836,0.9235928890045813,7,3.970055075686648e-08,301397.4890397902
two_level_best_map_case,58904.6754063836,0.9235928890045813,8,4.976269789419122e-08,745332.6084713442
two_level_best_map_case,58904.6754063836,0.9235928890045813,9,6.237510700730634e-08,1844171.6402517597
two_level_best_map_case,58904.6754063836,0.9235928890045813,10,7.818414472715056e-08,4566004.757731955
two_level_best_map_case,58904.6754063836,0.9235928890045813,11,9.8e-08,11324464.427905142
two_level_best_map_case,59504.6754063836,0.9238022585009343,0,8.166666666666667e-09,inf
two_level_best_map_case,59504.6754063836,0.9238022585009343,1,1.0236517085738568e-08,inf
two_level_best_map_case,59504.6754063836,0.9238022585009343,2,1.2830973311830731e-08,3288.990723782234
two_level_best_map_case,59504.6754063836,0.9238022585009343,3,1.6082997248964597e-08,8118.80450766124
two_level_best_map_case,59504.6754063836,0.9238022585009343,4,2.0159250138234185e-08,20041.095519649058
two_level_best_map_case,59504.6754063836,0.9238022585009343,5,2.526863369090349e-08,49471.24954360614
two_level_best_map_case,59504.6754063836,0.9238022585009343,6,3.167299598084116e-08,122145.08485016672
two_level_best_map_case,59504.6754063836,0.9238022585009343,7,3.970055075686648e-08,301817.24398055876
two_level_best_map_case,59504.6754063836,0.9238022585009343,8,4.976269789419122e-08,746372.3842323102
two_level_best_map_case,59504.6754063836,0.9238022585009343,9,6.237510700730634e-08,1846751.8773333388
two_level_best_map_case,59504.6754063836,0.9238022585009343,10,7.818414472715056e-08,4572415.514539228
two_level_best_map_case,59504.6754063836,0.9238022585009343,11,9.8e-08,11340441.835764378
two_level_best_map_case,60104.6754063836,0.9240103060066149,0,8.166666666666667e-09,inf
two_level_best_map_case,60104.6754063836,0.9240103060066149,1,1.0236517085738568e-08,inf
two_level_best_map_case,60104.6754063836,0.9240103060066149,2,1.2830973311830731e-08,3293.5674618879743
two_level_best_map_case,60104.6754063836,0.9240103060066149,3,1.6082997248964597e-08,8130.102085966655
two_level_best_map_case,60104.6754063836,0.9240103060066149,4,2.0159250138234185e-08,20068.98333624012
two_level_best_map_case,60104.6754063836,0.9240103060066149,5,2.526863369090349e-08,49540.08624060472
two_level_best_map_case,60104.6754063836,0.9240103060066149,6,3.167299598084116e-08,122314.89249110303
two_level_best_map_case,60104.6754063836,0.9240103060066149,7,3.970055075686648e-08,302236.6204074451
two_level_best_map_case,60104.6754063836,0.9240103060066149,8,4.976269789419122e-08,747411.2177621208
two_level_best_map_case,60104.6754063836,0.9240103060066149,9,6.237510700730634e-08,1849329.7801156787
two_level_best_map_case,60104.6754063836,0.9240103060066149,10,7.818414472715056e-08,4578820.490238878
two_level_best_map_case,60104.6754063836,0.9240103060066149,11,9.8e-08,11356404.876079956
two_level_best_map_case,60704.6754063836,0.9242170445179694,0,8.166666666666667e-09,inf
two_level_best_map_case,60704.6754063836,0.9242170445179694,1,1.0236517085738568e-08,inf
two_level_best_map_case,60704.6754063836,0.9242170445179694,2,1.2830973311830731e-08,3298.1401953555946
two_level_best_map_case,60704.6754063836,0.9242170445179694,3,1.6082997248964597e-08,8141.389778905471
two_level_best_map_case,60704.6754063836,0.9242170445179694,4,2.0159250138234185e-08,20096.84675102301
two_level_best_map_case,60704.6754063836,0.9242170445179694,5,2.526863369090349e-08,49608.86276241027
two_level_best_map_case,60704.6754063836,0.9242170445179694,6,3.167299598084116e-08,122484.5520212407
two_level_best_map_case,60704.6754063836,0.9242170445179694,7,3.970055075686648e-08,302655.6278245449
two_level_best_map_case,60704.6754063836,0.9242170445179694,8,4.976269789419122e-08,748449.1326120138
two_level_best_map_case,60704.6754063836,0.9242170445179694,9,6.237510700730634e-08,1851905.406986388
two_level_best_map_case,60704.6754063836,0.9242170445179694,10,7.818414472715056e-08,4585219.829805206
two_level_best_map_case,60704.6754063836,0.9242170445179694,11,9.8e-08,11372353.91018533
two_level_best_map_case,61304.6754063836,0.9244224868537914,0,8.166666666666667e-09,inf
two_level_best_map_case,61304.6754063836,0.9244224868537914,1,1.0236517085738568e-08,inf
two_level_best_map_case,61304.6754063836,0.9244224868537914,2,1.2830973311830731e-08,3302.7090247516526
two_level_best_map_case,61304.6754063836,0.9244224868537914,3,1.6082997248964597e-08,8152.667834724029
two_level_best_map_case,61304.6754063836,0.9244224868537914,4,2.0159250138234185e-08,20124.686376787493
two_level_best_map_case,61304.6754063836,0.9244224868537914,5,2.526863369090349e-08,49677.58062065897
two_level_best_map_case,61304.6754063836,0.9244224868537914,6,3.167299598084116e-08,122654.0671739664
two_level_best_map_case,61304.6754063836,0.9244224868537914,7,3.970055075686648e-08,303074.2754899085
two_level_best_map_case,61304.6754063836,0.9244224868537914,8,4.976269789419122e-08,749486.1517237499
two_level_best_map_case,61304.6754063836,0.9244224868537914,9,6.237510700730634e-08,1854478.8148219965
two_level_best_map_case,61304.6754063836,0.9244224868537914,10,7.818414472715056e-08,4591613.674460671
two_level_best_map_case,61304.6754063836,0.9244224868537914,11,9.8e-08,11388289.290064612
two_level_best_map_case,61904.6754063836,0.9246266456585196,0,8.166666666666667e-09,inf
two_level_best_map_case,61904.6754063836,0.9246266456585196,1,1.0236517085738568e-08,inf
two_level_best_map_case,61904.6754063836,0.9246266456585196,2,1.2830973311830731e-08,3307.2740480395055
two_level_best_map_case,61904.6754063836,0.9246266456585196,3,1.6082997248964597e-08,8163.936495242719
two_level_best_map_case,61904.6754063836,0.9246266456585196,4,2.0159250138234185e-08,20152.502810461083
two_level_best_map_case,61904.6754063836,0.9246266456585196,5,2.526863369090349e-08,49746.24128784898
two_level_best_map_case,61904.6754063836,0.9246266456585196,6,3.167299598084116e-08,122823.44158592136
two_level_best_map_case,61904.6754063836,0.9246266456585196,7,3.970055075686648e-08,303492.5724220025
two_level_best_map_case,61904.6754063836,0.9246266456585196,8,4.976269789419122e-08,750522.2974456156
two_level_best_map_case,61904.6754063836,0.9246266456585196,9,6.237510700730634e-08,1857050.0590276227
two_level_best_map_case,61904.6754063836,0.9246266456585196,10,7.818414472715056e-08,4598002.161774377
two_level_best_map_case,61904.6754063836,0.9246266456585196,11,9.8e-08,11404211.358597932
two_level_best_map_case,62504.6754063836,0.9248295334053613,0,8.166666666666667e-09,inf
two_level_best_map_case,62504.6754063836,0.9248295334053613,1,1.0236517085738568e-08,inf
two_level_best_map_case,62504.6754063836,0.9248295334053613,2,1.2830973311830731e-08,3311.8353606473297
two_level_best_map_case,62504.6754063836,0.9248295334053613,3,1.6082997248964597e-08,8175.195996023898
two_level_best_map_case,62504.6754063836,0.9248295334053613,4,2.0159250138234185e-08,20180.296633523485
two_level_best_map_case,62504.6754063836,0.9248295334053613,5,2.526863369090349e-08,49814.846198363084
two_level_best_map_case,62504.6754063836,0.9248295334053613,6,3.167299598084116e-08,122992.67879953078
two_level_best_map_case,62504.6754063836,0.9248295334053613,7,3.970055075686648e-08,303910.52740597044
two_level_best_map_case,62504.6754063836,0.9248295334053613,8,4.976269789419122e-08,751557.5915479318
two_level_best_map_case,62504.6754063836,0.9248295334053613,9,6.237510700730634e-08,1859619.1935754193
two_level_best_map_case,62504.6754063836,0.9248295334053613,10,7.818414472715056e-08,4604385.425757502
two_level_best_map_case,62504.6754063836,0.9248295334053613,11,9.8e-08,11420120.44979917
two_level_best_map_case,63104.6754063836,0.925031162399344,0,8.166666666666667e-09,inf
two_level_best_map_case,63104.6754063836,0.925031162399344,1,1.0236517085738568e-08,inf
two_level_best_map_case,63104.6754063836,0.925031162399344,2,1.2830973311830731e-08,3316.393055534147
two_level_best_map_case,63104.6754063836,0.925031162399344,3,1.6082997248964597e-08,8186.446566534858
two_level_best_map_case,63104.6754063836,0.925031162399344,4,2.0159250138234185e-08,20208.06841240892
two_level_best_map_case,63104.6754063836,0.925031162399344,5,2.526863369090349e-08,49883.39674946163
two_level_best_map_case,63104.6754063836,0.925031162399344,6,3.167299598084116e-08,123161.78226545881
two_level_best_map_case,63104.6754063836,0.925031162399344,7,3.970055075686648e-08,304328.14899971173
two_level_best_map_case,63104.6754063836,0.925031162399344,8,4.976269789419122e-08,752592.055238107
two_level_best_map_case,63104.6754063836,0.925031162399344,9,6.237510700730634e-08,1862186.271041888
two_level_best_map_case,63104.6754063836,0.925031162399344,10,7.818414472715056e-08,4610763.59695593
two_level_best_map_case,63104.6754063836,0.925031162399344,11,9.8e-08,11436016.88904676
two_level_best_map_case,63704.6754063836,0.9252315447802989,0,8.166666666666667e-09,inf
two_level_best_map_case,63704.6754063836,0.9252315447802989,1,1.0236517085738568e-08,inf
two_level_best_map_case,63704.6754063836,0.9252315447802989,2,1.2830973311830731e-08,3320.947223253914
two_level_best_map_case,63704.6754063836,0.9252315447802989,3,1.6082997248964597e-08,8197.688430306054
two_level_best_map_case,63704.6754063836,0.9252315447802989,4,2.0159250138234185e-08,20235.818698896666
two_level_best_map_case,63704.6754063836,0.9252315447802989,5,2.526863369090349e-08,49951.8943022463
two_level_best_map_case,63704.6754063836,0.9252315447802989,6,3.167299598084116e-08,123330.75534499163
two_level_best_map_case,63704.6754063836,0.9252315447802989,7,3.970055075686648e-08,304745.4455397807
two_level_best_map_case,63704.6754063836,0.9252315447802989,8,4.976269789419122e-08,753625.709175251
two_level_best_map_case,63704.6754063836,0.9252315447802989,9,6.237510700730634e-08,1864751.3426441068
two_level_best_map_case,63704.6754063836,0.9252315447802989,10,7.818414472715056e-08,4617136.802540183
two_level_best_map_case,63704.6754063836,0.9252315447802989,11,9.8e-08,11451900.9933077
two_level_best_map_case,64304.6754063836,0.9254306925257754,0,8.166666666666667e-09,inf
two_level_best_map_case,64304.6754063836,0.9254306925257754,1,1.0236517085738568e-08,inf
two_level_best_map_case,64304.6754063836,0.9254306925257754,2,1.2830973311830731e-08,3325.497952017693
two_level_best_map_case,64304.6754063836,0.9254306925257754,3,1.6082997248964597e-08,8208.921805084548
two_level_best_map_case,64304.6754063836,0.9254306925257754,4,2.0159250138234185e-08,20263.54803048986
two_level_best_map_case,64304.6754063836,0.9254306925257754,5,2.526863369090349e-08,50020.3401825948
two_level_best_map_case,64304.6754063836,0.9254306925257754,6,3.167299598084116e-08,123499.6013123491
two_level_best_map_case,64304.6754063836,0.9254306925257754,7,3.970055075686648e-08,305162.4251471093
two_level_best_map_case,64304.6754063836,0.9254306925257754,8,4.976269789419122e-08,754658.5734843467
two_level_best_map_case,64304.6754063836,0.9254306925257754,9,6.237510700730634e-08,1867314.4582748616
two_level_best_map_case,64304.6754063836,0.9254306925257754,10,7.818414472715056e-08,4623505.166392635
two_level_best_map_case,64304.6754063836,0.9254306925257754,11,9.8e-08,11467773.071354855
two_level_best_map_case,64904.6754063836,0.9256286174538918,0,8.166666666666667e-09,inf
two_level_best_map_case,64904.6754063836,0.9256286174538918,1,1.0236517085738568e-08,inf
two_level_best_map_case,64904.6754063836,0.9256286174538918,2,1.2830973311830731e-08,3330.0453277540573
two_level_best_map_case,64904.6754063836,0.9256286174538918,3,1.6082997248964597e-08,8220.146902983128
two_level_best_map_case,64904.6754063836,0.9256286174538918,4,2.0159250138234185e-08,20291.256930783573
two_level_best_map_case,64904.6754063836,0.9256286174538918,5,2.526863369090349e-08,50088.73568206937
two_level_best_map_case,64904.6754063836,0.9256286174538918,6,3.167299598084116e-08,123668.32335693076
two_level_best_map_case,64904.6754063836,0.9256286174538918,7,3.970055075686648e-08,305579.09573256783
two_level_best_map_case,64904.6754063836,0.9256286174538918,8,4.976269789419122e-08,755690.6677700253
two_level_best_map_case,64904.6754063836,0.9256286174538918,9,6.237510700730634e-08,1869875.6665367908
two_level_best_map_case,64904.6754063836,0.9256286174538918,10,7.818414472715056e-08,4629868.809192266
two_level_best_map_case,64904.6754063836,0.9256286174538918,11,9.8e-08,11483633.423978107
two_level_best_map_case,65504.6754063836,0.9258253312261205,0,8.166666666666667e-09,inf
two_level_best_map_case,65504.6754063836,0.9258253312261205,1,1.0236517085738568e-08,inf
two_level_best_map_case,65504.6754063836,0.9258253312261205,2,1.2830973311830731e-08,3334.5894341677135
two_level_best_map_case,65504.6754063836,0.9258253312261205,3,1.6082997248964597e-08,8231.363930625013
two_level_best_map_case,65504.6754063836,0.9258253312261205,4,2.0159250138234185e-08,20318.94590982203
two_level_best_map_case,65504.6754063836,0.9258253312261205,5,2.526863369090349e-08,50157.08205879807
two_level_best_map_case,65504.6754063836,0.9258253312261205,6,3.167299598084116e-08,123836.92458549546
two_level_best_map_case,65504.6754063836,0.9258253312261205,7,3.970055075686648e-08,305995.4650023612
two_level_best_map_case,65504.6754063836,0.9258253312261205,8,4.976269789419122e-08,756722.0111299289
two_level_best_map_case,65504.6754063836,0.9258253312261205,9,6.237510700730634e-08,1872435.014775517
two_level_best_map_case,65504.6754063836,0.9258253312261205,10,7.818414472715056e-08,4636227.848496921
two_level_best_map_case,65504.6754063836,0.9258253312261205,11,9.8e-08,11499482.344189277
two_level_best_map_case,66104.6754063836,0.9260208453500127,0,8.166666666666667e-09,inf
two_level_best_map_case,66104.6754063836,0.9260208453500127,1,1.0236517085738568e-08,inf
two_level_best_map_case,66104.6754063836,0.9260208453500127,2,1.2830973311830731e-08,3339.1303527964255
two_level_best_map_case,66104.6754063836,0.9260208453500127,3,1.6082997248964597e-08,8242.573089284384
two_level_best_map_case,66104.6754063836,0.9260208453500127,4,2.0159250138234185e-08,20346.615464445476
two_level_best_map_case,66104.6754063836,0.9260208453500127,5,2.526863369090349e-08,50225.38053833096
two_level_best_map_case,66104.6754063836,0.9260208453500127,6,3.167299598084116e-08,124005.40802427805
two_level_best_map_case,66104.6754063836,0.9260208453500127,7,3.970055075686648e-08,306411.54046326847
two_level_best_map_case,66104.6754063836,0.9260208453500127,8,4.976269789419122e-08,757752.622167691
two_level_best_map_case,66104.6754063836,0.9260208453500127,9,6.237510700730634e-08,1874992.5491118198
two_level_best_map_case,66104.6754063836,0.9260208453500127,10,7.818414472715056e-08,4642582.398823171
two_level_best_map_case,66104.6754063836,0.9260208453500127,11,9.8e-08,11515320.11742109
two_level_best_map_case,66704.6754063836,0.9262151711818618,0,8.166666666666667e-09,inf
two_level_best_map_case,66704.6754063836,0.9262151711818618,1,1.0236517085738568e-08,inf
two_level_best_map_case,66704.6754063836,0.9262151711818618,2,1.2830973311830731e-08,3343.6681630663666
two_level_best_map_case,66704.6754063836,0.9262151711818618,3,1.6082997248964597e-08,8253.774575022991
two_level_best_map_case,66704.6754063836,0.9262151711818618,4,2.0159250138234185e-08,20374.266078627446
two_level_best_map_case,66704.6754063836,0.9262151711818618,5,2.526863369090349e-08,50293.63231447223
two_level_best_map_case,66704.6754063836,0.9262151711818618,6,3.167299598084116e-08,124173.77662104726
two_level_best_map_case,66704.6754063836,0.9262151711818618,7,3.970055075686648e-08,306827.3294277384
two_level_best_map_case,66704.6754063836,0.9262151711818618,8,4.976269789419122e-08,758782.5190055555
two_level_best_map_case,66704.6754063836,0.9262151711818618,9,6.237510700730634e-08,1877548.3144729186
two_level_best_map_case,66704.6754063836,0.9262151711818618,10,7.818414472715056e-08,4648932.5717239715
two_level_best_map_case,66704.6754063836,0.9262151711818618,11,9.8e-08,11531147.021720663
two_level_best_map_case,67304.6754063836,0.9264083199293089,0,8.166666666666667e-09,inf
two_level_best_map_case,67304.6754063836,0.9264083199293089,1,1.0236517085738568e-08,inf
two_level_best_map_case,67304.6754063836,0.9264083199293089,2,1.2830973311830731e-08,3348.2029423458193
two_level_best_map_case,67304.6754063836,0.9264083199293089,3,1.6082997248964597e-08,8264.968578822736
two_level_best_map_case,67304.6754063836,0.9264083199293089,4,2.0159250138234185e-08,20401.89822380194
two_level_best_map_case,67304.6754063836,0.9264083199293089,5,2.526863369090349e-08,50361.83855008771
two_level_best_map_case,67304.6754063836,0.9264083199293089,6,3.167299598084116e-08,124342.03324710234
two_level_best_map_case,67304.6754063836,0.9264083199293089,7,3.970055075686648e-08,307242.83901883196
two_level_best_map_case,67304.6754063836,0.9264083199293089,8,4.976269789419122e-08,759811.7192966192
two_level_best_map_case,67304.6754063836,0.9264083199293089,9,6.237510700730634e-08,1880102.3546228255
two_level_best_map_case,67304.6754063836,0.9264083199293089,10,7.818414472715056e-08,4655278.47586401
two_level_best_map_case,67304.6754063836,0.9264083199293089,11,9.8e-08,11546963.327937217
two_level_best_map_case,67904.6754063836,0.9266003026538912,0,8.166666666666667e-09,inf
two_level_best_map_case,67904.6754063836,0.9266003026538912,1,1.0236517085738568e-08,inf
two_level_best_map_case,67904.6754063836,0.9266003026538912,2,1.2830973311830731e-08,3352.734765997425
two_level_best_map_case,67904.6754063836,0.9266003026538912,3,1.6082997248964597e-08,8276.15528671463
two_level_best_map_case,67904.6754063836,0.9266003026538912,4,2.0159250138234185e-08,20429.512359181885
two_level_best_map_case,67904.6754063836,0.9266003026538912,5,2.526863369090349e-08,50430.00037789057
two_level_best_map_case,67904.6754063836,0.9266003026538912,6,3.167299598084116e-08,124510.18069921569
two_level_best_map_case,67904.6754063836,0.9266003026538912,7,3.970055075686648e-08,307658.0761750322
two_level_best_map_case,67904.6754063836,0.9266003026538912,8,4.976269789419122e-08,760840.2402367451
two_level_best_map_case,67904.6754063836,0.9266003026538912,9,6.237510700730634e-08,1882654.7121918732
two_level_best_map_case,67904.6754063836,0.9266003026538912,10,7.818414472715056e-08,4661620.217093022
two_level_best_map_case,67904.6754063836,0.9266003026538912,11,9.8e-08,11562769.29990472
two_level_best_map_case,68504.6754063836,0.926791130273534,0,8.166666666666667e-09,inf
two_level_best_map_case,68504.6754063836,0.926791130273534,1,1.0236517085738568e-08,inf
two_level_best_map_case,68504.6754063836,0.926791130273534,2,1.2830973311830731e-08,3357.2637074289155
two_level_best_map_case,68504.6754063836,0.926791130273534,3,1.6082997248964597e-08,8287.334879904041
two_level_best_map_case,68504.6754063836,0.926791130273534,4,2.0159250138234185e-08,20457.108932068186
two_level_best_map_case,68504.6754063836,0.926791130273534,5,2.526863369090349e-08,50498.11890120409
two_level_best_map_case,68504.6754063836,0.926791130273534,6,3.167299598084116e-08,124678.22170151923
two_level_best_map_case,68504.6754063836,0.926791130273534,7,3.970055075686648e-08,308073.04765491415
two_level_best_map_case,68504.6754063836,0.926791130273534,8,4.976269789419122e-08,761868.0985761288
two_level_best_map_case,68504.6754063836,0.926791130273534,9,6.237510700730634e-08,1885205.4287053917
two_level_best_map_case,68504.6754063836,0.926791130273534,10,7.818414472715056e-08,4667957.898516962
two_level_best_map_case,68504.6754063836,0.926791130273534,11,9.8e-08,11578565.194619229
two_level_best_map_case,69104.6754063836,0.9269808135649906,0,8.166666666666667e-09,inf
two_level_best_map_case,69104.6754063836,0.9269808135649906,1,1.0236517085738568e-08,inf
two_level_best_map_case,69104.6754063836,0.9269808135649906,2,1.2830973311830731e-08,3361.7898381424584
two_level_best_map_case,69104.6754063836,0.9269808135649906,3,1.6082997248964597e-08,8298.50753489249
two_level_best_map_case,69104.6754063836,0.9269808135649906,4,2.0159250138234185e-08,20484.688378150433
two_level_best_map_case,69104.6754063836,0.9269808135649906,5,2.526863369090349e-08,50566.19519470366
two_level_best_map_case,69104.6754063836,0.9269808135649906,6,3.167299598084116e-08,124846.1589073387
two_level_best_map_case,69104.6754063836,0.9269808135649906,7,3.970055075686648e-08,308487.76004168607
two_level_best_map_case,69104.6754063836,0.9269808135649906,8,4.976269789419122e-08,762895.3106305475
two_level_best_map_case,69104.6754063836,0.9269808135649906,9,6.237510700730634e-08,1887754.5446115942
two_level_best_map_case,69104.6754063836,0.9269808135649906,10,7.818414472715056e-08,4674291.620567241
two_level_best_map_case,69104.6754063836,0.9269808135649906,11,9.8e-08,11594351.262411375
two_level_best_map_case,69704.6754063836,0.927169363166228,0,8.166666666666667e-09,inf
two_level_best_map_case,69704.6754063836,0.927169363166228,1,1.0236517085738568e-08,inf
two_level_best_map_case,69704.6754063836,0.927169363166228,2,1.2830973311830731e-08,3366.313227782618
two_level_best_map_case,69704.6754063836,0.927169363166228,3,1.6082997248964597e-08,8309.673423596045
two_level_best_map_case,69704.6754063836,0.927169363166228,4,2.0159250138234185e-08,20512.251121799145
two_level_best_map_case,69704.6754063836,0.927169363166228,5,2.526863369090349e-08,50634.23030513794
two_level_best_map_case,69704.6754063836,0.927169363166228,6,3.167299598084116e-08,125013.99490097725
two_level_best_map_case,69704.6754063836,0.927169363166228,7,3.970055075686648e-08,308902.2197476054
two_level_best_map_case,69704.6754063836,0.927169363166228,8,4.976269789419122e-08,763921.892292296
two_level_best_map_case,69704.6754063836,0.927169363166228,9,6.237510700730634e-08,1890302.0993086852
two_level_best_map_case,69704.6754063836,0.927169363166228,10,7.818414472715056e-08,4680621.481068027
two_level_best_map_case,69704.6754063836,0.927169363166228,11,9.8e-08,11610127.747114025
two_level_best_map_case,70304.6754063836,0.9273567895787621,0,8.166666666666667e-09,inf
two_level_best_map_case,70304.6754063836,0.9273567895787621,1,1.0236517085738568e-08,inf
two_level_best_map_case,70304.6754063836,0.9273567895787621,2,1.2830973311830731e-08,3370.833944182994
two_level_best_map_case,70304.6754063836,0.9273567895787621,3,1.6082997248964597e-08,8320.832713460444
two_level_best_map_case,70304.6754063836,0.9273567895787621,4,2.0159250138234185e-08,20539.797576349953
two_level_best_map_case,70304.6754063836,0.9273567895787621,5,2.526863369090349e-08,50702.225252030104
two_level_best_map_case,70304.6754063836,0.9273567895787621,6,3.167299598084116e-08,125181.73219944886
two_level_best_map_case,70304.6754063836,0.9273567895787621,7,3.970055075686648e-08,309316.43301826983
two_level_best_map_case,70304.6754063836,0.9273567895787621,8,4.976269789419122e-08,764947.8590408189
two_level_best_map_case,70304.6754063836,0.9273567895787621,9,6.237510700730634e-08,1892848.131171221
two_level_best_map_case,70304.6754063836,0.9273567895787621,10,7.818414472715056e-08,4686947.575301669
two_level_best_map_case,70304.6754063836,0.9273567895787621,11,9.8e-08,11625894.886225313
two_level_best_map_case,70904.6754063836,0.9275431031699432,0,8.166666666666667e-09,inf
two_level_best_map_case,70904.6754063836,0.9275431031699432,1,1.0236517085738568e-08,inf
two_level_best_map_case,70904.6754063836,0.9275431031699432,2,1.2830973311830731e-08,3375.352053411566
two_level_best_map_case,70904.6754063836,0.9275431031699432,3,1.6082997248964597e-08,8331.985567573034
two_level_best_map_case,70904.6754063836,0.9275431031699432,4,2.0159250138234185e-08,20567.328144379913
two_level_best_map_case,70904.6754063836,0.9275431031699432,5,2.526863369090349e-08,50770.18102835966
two_level_best_map_case,70904.6754063836,0.9275431031699432,6,3.167299598084116e-08,125349.3732541647
two_level_best_map_case,70904.6754063836,0.9275431031699432,7,3.970055075686648e-08,309730.4059367934
two_level_best_map_case,70904.6754063836,0.9275431031699432,8,4.976269789419122e-08,765973.2259530484
two_level_best_map_case,70904.6754063836,0.9275431031699432,9,6.237510700730634e-08,1895392.6775757365
two_level_best_map_case,70904.6754063836,0.9275431031699432,10,7.818414472715056e-08,4693269.996072336
two_level_best_map_case,70904.6754063836,0.9275431031699432,11,9.8e-08,11641652.911067158
two_level_best_map_case,71504.6754063836,0.927728314175193,0,8.166666666666667e-09,inf
two_level_best_map_case,71504.6754063836,0.927728314175193,1,1.0236517085738568e-08,inf
two_level_best_map_case,71504.6754063836,0.927728314175193,2,1.2830973311830731e-08,3379.8676198148455
two_level_best_map_case,71504.6754063836,0.927728314175193,3,1.6082997248964597e-08,8343.132144771758
two_level_best_map_case,71504.6754063836,0.927728314175193,4,2.0159250138234185e-08,20594.84321797652
two_level_best_map_case,71504.6754063836,0.927728314175193,5,2.526863369090349e-08,50838.098601226346
two_level_best_map_case,71504.6754063836,0.927728314175193,6,3.167299598084116e-08,125516.92045257428
two_level_best_map_case,71504.6754063836,0.927728314175193,7,3.970055075686648e-08,310144.14442786836
two_level_best_map_case,71504.6754063836,0.927728314175193,8,4.976269789419122e-08,766998.0077134708
two_level_best_map_case,71504.6754063836,0.927728314175193,9,6.237510700730634e-08,1897935.7749257016
two_level_best_map_case,71504.6754063836,0.927728314175193,10,7.818414472715056e-08,4699588.833767956
two_level_best_map_case,71504.6754063836,0.927728314175193,11,9.8e-08,11657402.046939593
two_level_best_map_case,72000.0,0.9278803589941074,0,8.166666666666667e-09,inf
two_level_best_map_case,72000.0,0.9278803589941074,1,1.0236517085738568e-08,inf
two_level_best_map_case,72000.0,0.9278803589941074,2,1.2830973311830731e-08,3384.380706060752
two_level_best_map_case,72000.0,0.9278803589941074,3,1.6082997248964597e-08,8354.272599750982
two_level_best_map_case,72000.0,0.9278803589941074,4,2.0159250138234185e-08,20622.343178998974
two_level_best_map_case,72000.0,0.9278803589941074,5,2.526863369090349e-08,50905.97891249474
two_level_best_map_case,72000.0,0.9278803589941074,6,3.167299598084116e-08,125684.37611975962
two_level_best_map_case,72000.0,0.9278803589941074,7,3.970055075686648e-08,310557.65426171245
two_level_best_map_case,72000.0,0.9278803589941074,8,4.976269789419122e-08,768022.2186239017
two_level_best_map_case,72000.0,0.9278803589941074,9,6.237510700730634e-08,1900477.45867575
two_level_best_map_case,72000.0,0.9278803589941074,10,7.818414472715056e-08,4705904.176420377
two_level_best_map_case,72000.0,0.9278803589941074,11,9.8e-08,11673142.513270669
