property_id,candidate_id,exact_two_attained,reduction_TS_exact,span_TS_20_exact,Chen_window_width_C_exact,lower_boundary_present_exact,upper_boundary_present_exact,two_step_pass_exact,success_T2_C,closed_fraction_switch_exact,closed_accommodation_fraction_exact,two_artifact_reasons,topology_parameters_modified
LHS11014,693168,True,0.0001705053415773,0.0,50.0,True,False,False,1250.0,6.146434226905368e-07,0.3410620234926148,numerical instability,False
LHS13244,693168,True,-0.0007669978653257,0.0,50.0,True,False,False,1250.0,3.804463870199321e-07,0.3640295406272116,numerical instability,False
LHS43517,693168,True,0.1958933136120918,0.0138999999999984,250.0,True,False,False,1100.0,1.5444785373029095e-06,0.1731468460912635,numerical instability,False
LHS32390,693168,True,0.7868723846394913,0.0299999999999966,500.0,False,False,False,1100.0,0.667356531894201,0.0170134948894356,,False
LHS29426,693168,True,0.524390540174399,0.0299999999999966,500.0,False,False,False,1100.0,0.1612772437611574,0.0033292176901095,,False
LHS39966,693168,True,4.369770214440738e-05,0.0,0.0,True,False,False,1300.0,2.998772542687084e-07,0.3716500540638446,numerical instability,False
LHS10944,693168,True,0.7656431590098902,0.0299999999999966,250.0,True,False,False,1100.0,0.0280838945532809,0.0511045911220684,numerical instability,False
LHS27059,693168,True,0.5848408464776924,0.0299999999999966,150.0,True,False,False,1150.0,3.680823986289519e-07,0.230084508868972,numerical instability,False
LHS23911,693168,True,0.7034486012529505,0.0299999999999966,300.0,True,False,False,1100.0,0.0540770139998279,0.0350092298479835,numerical instability,False
LHS40534,693168,True,0.0894821886171911,0.0,300.0,True,False,False,1100.0,1.1993219588822383e-06,0.2185942683000188,numerical instability,False
LHS36588,693168,True,0.3452527739212587,0.0274999999999969,200.0,True,False,False,1100.0,7.791523326233847e-07,0.223129746710234,numerical instability,False
LHS18873,693168,True,0.7907528250049192,0.0299999999999966,500.0,False,False,False,1100.0,0.8772894360271869,0.0170144068027764,,False
LHS16026,693168,True,0.3918583507254748,0.0299999999999966,200.0,True,False,False,1100.0,7.515914319491894e-07,0.2136123689294062,numerical instability,False
LHS11572,693168,True,0.0112126743869543,0.0,150.0,True,False,False,1150.0,5.39993686756423e-07,0.2917238882699085,numerical instability,False
LHS27275,693168,True,0.002596223382323,0.0,0.0,True,False,False,1300.0,3.0723248870434697e-07,0.3689868687507446,numerical instability,False
LHS10654,693168,True,0.606889796361758,0.0299999999999966,250.0,True,False,False,1100.0,0.005605091303636,0.081794446646723,numerical instability,False
LHS33216,693168,True,0.3141636171649286,0.0299999999999966,350.0,True,False,False,1100.0,0.1917294032962253,0.0956136756698161,numerical instability,False
LHS15393,693168,False,,0.0,0.0,True,False,False,1100.0,3.79411584147508e-07,0.3898894792934633,unattained interval;numerical instability;unsupported interpolation,False
LHS25791,693168,True,0.0025465697800949,0.0,200.0,True,False,False,1100.0,3.373375269179438e-07,0.3313822356997641,numerical instability,False
LHS27859,693168,True,0.6505905458278503,0.0299999999999966,500.0,False,False,False,1100.0,0.4667488759432903,0.0029838257041024,,False
LHS02364,693168,True,0.8951997723458363,0.0299999999999966,450.0,False,True,False,1100.0,0.1342635589350707,0.003798394693327,,False
LHS41262,693168,True,0.1293249920036394,0.0090999999999989,100.0,True,False,False,1200.0,5.27437596395151e-07,0.2861093097370229,numerical instability,False
LHS09757,693168,True,0.6655051262052639,0.0299999999999966,400.0,True,False,False,1100.0,0.2950082769715169,0.0467677874161842,numerical instability,False
LHS19702,693168,True,0.5672152166655948,0.0299999999999966,150.0,True,False,False,1150.0,1.739236016132267e-06,0.1615860468597427,numerical instability,False
LHS20220,693168,True,0.8543140181009369,0.0299999999999966,500.0,False,False,False,1100.0,0.3096644469698037,0.0039401626482321,,False
LHS15683,693168,True,0.7385059571897219,0.0299999999999966,500.0,False,False,False,1100.0,0.2256593371753706,0.0033053576261853,,False
LHS43831,693168,False,,0.0,0.0,True,False,False,1100.0,3.510193880918993e-07,0.3831694481216282,unattained interval;numerical instability;unsupported interpolation,False
LHS23238,693168,True,0.4319178896666473,0.0299999999999966,300.0,True,False,False,1100.0,0.0213272524056467,0.0752539978591565,numerical instability,False
LHS12049,693168,True,0.0004378105172408,0.0,0.0,True,False,False,1300.0,3.64071896348343e-07,0.3822916036850207,numerical instability,False
LHS49259,693168,True,0.6161399068666278,0.0299999999999966,500.0,False,False,False,1100.0,0.5782647606615972,0.0089472730950468,,False
LHS36805,693168,True,0.6188364471582553,0.0299999999999966,500.0,False,False,False,1100.0,0.7172979364353842,0.0011250981233788,,False
LHS44427,693168,True,0.0078399131534836,0.0,200.0,True,False,False,1100.0,5.35785945672828e-07,0.2936645464022064,numerical instability,False
LHS02067,693168,True,0.8486177372835316,0.0299999999999966,250.0,True,False,False,1100.0,0.0183999551925369,0.040328923774383,numerical instability,False
LHS32759,693168,True,0.0008087044004717,0.0,50.0,True,False,False,1250.0,1.839623458933465e-07,0.3378257299431151,numerical instability,False
LHS31308,693168,True,0.2088926025913939,0.0154999999999982,100.0,True,False,False,1200.0,0.0020149112494513,0.2513781517729442,numerical instability,False
LHS08719,693168,True,0.4617371873034037,0.0299999999999966,500.0,False,False,False,1100.0,0.4374182074522897,0.0116953453248607,,False
LHS17474,693168,False,-0.0003525472756358,0.0,0.0,True,False,False,1300.0,4.356276303261299e-07,0.3547915331133539,unattained interval;numerical instability;unsupported interpolation,False
LHS11765,693168,True,0.4521542814484907,0.0299999999999966,300.0,True,False,False,1100.0,0.1975866419272934,0.0690328679740288,numerical instability,False
LHS36645,693168,False,,0.0,0.0,True,False,False,1100.0,2.04273387789262e-07,0.3781827108336479,unattained interval;numerical instability;unsupported interpolation,False
LHS25198,693168,True,0.0126114807674291,0.0,150.0,True,False,False,1150.0,5.686428008524588e-07,0.3140326299982271,numerical instability,False
LHS05076,693168,True,0.5507442672129172,0.0299999999999966,300.0,True,False,False,1100.0,0.0274171532968384,0.0391343561605677,numerical instability,False
LHS34400,693168,True,0.3041709350141925,0.0299999999999966,350.0,True,False,False,1100.0,0.004046383769265,0.1312220844548743,numerical instability,False
LHS45745,693168,False,,0.0,0.0,True,False,False,1100.0,3.383183738473434e-07,0.3821942782388986,unattained interval;numerical instability;unsupported interpolation,False
LHS06235,693168,False,,0.0,0.0,True,False,False,1100.0,3.767010472968281e-07,0.3904352578929785,unattained interval;numerical instability;unsupported interpolation,False
LHS25861,693168,True,0.6266452531047735,0.0299999999999966,500.0,False,False,False,1100.0,0.3857700438367867,0.0103350333114759,,False
LHS04584,693168,True,0.4460149725448549,0.0299999999999966,300.0,True,False,False,1100.0,0.0553794001022157,0.0988149876715406,numerical instability,False
LHS49453,693168,True,4.70544651065552e-05,0.0,50.0,True,False,False,1250.0,5.8860825683928767e-08,0.3539193329462411,numerical instability,False
LHS41570,693168,True,0.5101446619557469,0.0299999999999966,250.0,True,False,False,1100.0,0.0071541982117371,0.1365233541844043,numerical instability,False
LHS49344,693168,True,0.5902293371824014,0.0299999999999966,250.0,True,False,False,1100.0,0.0237605421515771,0.088647181202417,numerical instability,False
LHS10483,693168,True,0.6090405705132353,0.0299999999999966,350.0,True,False,False,1100.0,0.0320986052299357,0.0457902134035361,numerical instability,False
LHS31732,693168,True,0.8573851275194861,0.0299999999999966,250.0,True,False,False,1100.0,0.0565625798499731,0.0386996383433714,numerical instability,False
LHS38714,693168,True,0.8125413456555929,0.0299999999999966,200.0,True,False,False,1100.0,0.0016593131480146,0.1428226966257256,numerical instability,False
LHS15807,693168,True,0.009355262214109,0.0,50.0,True,False,False,1250.0,1.9945155965941925e-07,0.3309747037170584,numerical instability,False
LHS43228,693168,True,0.5806125148124921,0.0299999999999966,150.0,True,False,False,1150.0,4.719382205532683e-07,0.1892081121617052,numerical instability,False
LHS46162,693168,True,0.0165548038260787,0.0,50.0,True,False,False,1250.0,7.345283071465059e-07,0.3058571641785989,numerical instability,False
LHS19930,693168,True,0.4873983388018693,0.0299999999999966,250.0,True,False,False,1100.0,0.0671746721801601,0.1366986463805524,numerical instability,False
LHS49876,693168,True,0.8168077356954979,0.0299999999999966,500.0,False,False,False,1100.0,0.4513991954543115,0.0056917394735667,,False
LHS35378,693168,True,0.8729795976272354,0.0299999999999966,400.0,True,True,True,1100.0,0.1480930435087783,0.0016758829171584,,False
LHS15123,693168,False,,0.0,0.0,True,False,False,1100.0,3.030779181213401e-07,0.3708858384909686,unattained interval;numerical instability;unsupported interpolation,False
LHS33154,693168,True,0.0087199948414822,0.0,50.0,True,False,False,1250.0,2.045942558696132e-07,0.3840326291688223,numerical instability,False
LHS39809,693168,True,0.4961060813184665,0.0299999999999966,300.0,True,False,False,1100.0,0.00046039902289,0.1217053868197016,numerical instability,False
LHS05506,693168,True,-0.0004185673487042,0.0,100.0,True,False,False,1200.0,1.9266132453555505e-07,0.3413183956725293,numerical instability,False
LHS23656,693168,True,0.0005249628509896,0.0,150.0,True,False,False,1150.0,4.83180341206685e-07,0.3545247966112331,numerical instability,False
LHS10959,693168,True,0.357824853454131,0.0294999999999967,250.0,True,False,False,1100.0,1.3364291523369951e-06,0.1982280061803043,numerical instability,False
LHS28649,693168,True,0.5619580651145695,0.0299999999999966,250.0,True,False,False,1100.0,0.0011140464332515,0.1121198253824895,numerical instability,False
LHS45432,693168,True,0.8023632726896552,0.0299999999999966,150.0,True,False,False,1150.0,1.1391496546843844e-06,0.1795722509026059,numerical instability,False
LHS40125,693168,True,0.6273440942016109,0.0299999999999966,400.0,True,True,True,1100.0,0.0587442183617835,0.012839170768216,,False
LHS00577,693168,True,0.8664762288113901,0.0299999999999966,450.0,False,True,False,1100.0,0.6116619728269738,0.0166689301474806,,False
LHS01002,693168,False,,0.0,0.0,True,False,False,1100.0,3.582046019388295e-07,0.4049424168526804,unattained interval;numerical instability;unsupported interpolation,False
LHS46999,693168,True,0.8303176033733417,0.0299999999999966,150.0,True,False,False,1150.0,1.741557156053815e-05,0.1291309384926913,numerical instability,False
LHS32809,693168,True,0.0471425427405013,0.0,100.0,True,False,False,1200.0,9.61430525437685e-07,0.2777887182690142,numerical instability,False
LHS02529,693168,True,0.3227185376655582,0.0299999999999966,500.0,False,False,False,1100.0,0.5776154743777903,0.0254542478669064,,False
LHS38545,693168,True,0.7876465637716531,0.0299999999999966,500.0,False,False,False,1100.0,0.6659985315607445,0.0170197319098606,,False
LHS13840,693168,False,,0.0,0.0,True,False,False,1100.0,5.148496007570956e-07,0.3675042531065454,unattained interval;numerical instability;unsupported interpolation,False
LHS38649,693168,True,0.0011749613783971,0.0,150.0,True,False,False,1150.0,6.556978186468009e-07,0.3219951740275623,numerical instability,False
LHS07328,693168,True,0.5606910864278569,0.0299999999999966,150.0,True,False,False,1150.0,1.3866011440040563e-06,0.1861018144693449,numerical instability,False
LHS39887,693168,True,0.0033403031159155,0.0,0.0,True,False,False,1300.0,3.346437372790922e-07,0.3783940203223975,numerical instability,False
LHS14682,693168,True,0.7185393252072216,0.0299999999999966,250.0,True,False,False,1100.0,0.0031615181932262,0.1134437667407101,numerical instability,False
LHS10925,693168,True,0.0055195901814509,0.0,50.0,True,False,False,1250.0,5.670254245853689e-07,0.3612820545200685,numerical instability,False
LHS35197,693168,True,0.6921489220272414,0.0299999999999966,450.0,False,True,False,1100.0,0.7653732973844037,0.0170147721184384,,False
LHS46805,693168,True,0.6345658490499082,0.0299999999999966,450.0,True,False,False,1100.0,0.1308151787545071,0.0170542417366645,numerical instability,False
LHS03789,693168,True,0.0055742051803906,0.0,200.0,True,False,False,1100.0,4.801165881497183e-07,0.2986406671040902,numerical instability,False
LHS14982,693168,True,0.3156693686198597,0.0299999999999966,350.0,True,False,False,1100.0,0.0031252434914677,0.0859984290070411,numerical instability,False
LHS19494,693168,True,0.4221977230357784,0.0299999999999966,450.0,True,False,False,1100.0,0.241429703592288,0.0298874556538738,numerical instability,False
LHS40835,693168,True,0.2682560172758179,0.0299999999999966,300.0,True,False,False,1100.0,0.0015447265296118,0.1143488413805296,numerical instability,False
LHS49047,693168,True,0.7445562861676476,0.0299999999999966,500.0,False,False,False,1100.0,0.6227593677535567,0.0141004376586872,,False
LHS14059,693168,False,,0.0,0.0,True,False,False,1100.0,4.2402091215426586e-07,0.3780171944935496,unattained interval;numerical instability;unsupported interpolation,False
LHS34948,693168,True,-0.0010318990688353,0.0,0.0,True,False,False,1300.0,6.821275323741571e-07,0.3624003995797152,numerical instability,False
LHS05067,693168,True,0.7108767513721264,0.0299999999999966,150.0,True,False,False,1150.0,0.000185014388746,0.2043780306768489,numerical instability,False
LHS38765,693168,True,0.6849417866466143,0.0299999999999966,250.0,True,False,False,1100.0,0.0040654673669944,0.0916830864835509,numerical instability,False
LHS23222,693168,True,0.2031673305670543,0.0161999999999982,200.0,True,False,False,1100.0,1.1111593531962909e-06,0.2387166912495373,numerical instability,False
LHS30967,693168,True,-0.0005042142057587,0.0,50.0,True,False,False,1250.0,2.3622645027381545e-07,0.360450026501535,numerical instability,False
LHS19286,693168,True,0.722433950997578,0.0299999999999966,450.0,True,False,False,1100.0,0.3015752313600436,0.0338665851930168,numerical instability,False
LHS10012,693168,True,0.439203377862324,0.0299999999999966,200.0,True,False,False,1100.0,1.1967438404253343e-06,0.2052341594405919,numerical instability,False
LHS41650,693168,True,0.848515110851636,0.0299999999999966,500.0,False,False,False,1100.0,0.5597800521387074,0.0088245952752929,,False
LHS23861,693168,True,0.8378902543159508,0.0299999999999966,350.0,True,False,False,1100.0,0.2521829638071034,0.036447180323203,numerical instability,False
LHS40977,693168,True,0.1010157085669486,0.0,300.0,True,False,False,1100.0,0.0001695302015703,0.1891671913098971,numerical instability,False
LHS06773,693168,True,0.7147642293135131,0.0299999999999966,350.0,True,False,False,1100.0,0.2977654041249593,0.0490505931851133,numerical instability,False
LHS03572,693168,True,0.8579398477816923,0.0299999999999966,450.0,False,True,False,1100.0,0.6869654516768225,0.0141086075286227,,False
LHS28347,693168,True,0.0659082245308491,0.0,250.0,True,False,False,1100.0,8.951104877586662e-07,0.2337965368130615,numerical instability,False
LHS26687,693168,True,-0.000754512332951,0.0,50.0,True,False,False,1250.0,2.403087063102117e-07,0.3320049075348103,numerical instability,False
LHS48270,693168,True,0.9025240148555592,0.0299999999999966,400.0,True,True,True,1100.0,0.4099620591684946,0.0387023842113533,,False
LHS09515,693168,True,6.799442289207036e-05,0.0,100.0,True,False,False,1200.0,4.652823835118517e-07,0.3553097791800577,numerical instability,False
LHS06386,693168,True,0.5822458947539688,0.0299999999999966,250.0,True,False,False,1100.0,0.1251413332438181,0.1009337559777289,numerical instability,False
LHS48312,693168,True,0.5061080581131314,0.0299999999999966,300.0,True,False,False,1100.0,1.9914579459251604e-06,0.1470506315357251,numerical instability,False
LHS33567,693168,True,0.9322893399024064,0.0299999999999966,450.0,False,True,False,1100.0,0.3323557302139961,0.0023393762458763,,False
LHS34114,693168,True,0.0123858264017727,0.0,100.0,True,False,False,1200.0,5.241192276763489e-07,0.3581231996128182,numerical instability,False
LHS29552,693168,True,0.0708783403590496,0.0,300.0,True,False,False,1100.0,9.093552468380372e-07,0.2176142499954929,numerical instability,False
LHS13256,693168,True,0.2277966688113815,0.017499999999998,150.0,True,False,False,1150.0,3.68944299044639e-07,0.2371449673072715,numerical instability,False
LHS11409,693168,True,0.0376091911052951,0.0020999999999997,100.0,True,False,False,1200.0,6.94125437038939e-07,0.2826157447570745,numerical instability,False
LHS33869,693168,True,0.5374051828485825,0.0299999999999966,250.0,True,False,False,1100.0,0.0010551384186626,0.1304517980179335,numerical instability,False
LHS16351,693168,True,0.551235035161206,0.0272999999999969,150.0,True,False,False,1150.0,1.071844604101724e-06,0.2480899830982012,numerical instability,False
LHS07022,693168,True,0.0897195577667713,0.0,150.0,True,False,False,1150.0,7.450691089573726e-07,0.2173929263800215,numerical instability,False
LHS08692,693168,True,0.6274865441686425,0.0299999999999966,500.0,False,False,False,1100.0,0.227878255492863,0.0187928312525551,,False
LHS03154,693168,True,0.5921207194817858,0.0299999999999966,500.0,False,False,False,1100.0,0.4156461139812483,0.0060232215051101,,False
LHS15716,693168,False,0.0016187449514459,0.0,0.0,True,False,False,1300.0,3.8955809496461427e-07,0.3843970728962132,unattained interval;numerical instability;unsupported interpolation,False
LHS22638,693168,False,-0.0006624753492043,0.0,0.0,True,False,False,1300.0,5.644430526777266e-07,0.3520761220435219,unattained interval;numerical instability;unsupported interpolation,False
LHS18871,693168,True,0.0291871073388918,0.0,50.0,True,False,False,1250.0,3.660968450154973e-07,0.3042971504173819,numerical instability,False
LHS35065,693168,True,0.830336873462973,0.0299999999999966,450.0,False,True,False,1100.0,0.6023330600823998,0.0007252513993223,,False
LHS34492,693168,True,0.6721989875576777,0.0299999999999966,250.0,True,False,False,1100.0,0.049583905995022,0.0600487210754617,numerical instability,False
LHS43874,693168,True,0.4607845098625538,0.0299999999999966,500.0,False,False,False,1100.0,0.7263584953972021,0.0019227136075073,,False
LHS18611,693168,False,,0.0,0.0,True,False,False,1100.0,4.396770251914496e-07,0.3888497609687156,unattained interval;numerical instability;unsupported interpolation,False
LHS38453,693168,True,0.0154118589275125,0.0,200.0,True,False,False,1100.0,5.770201146549995e-07,0.308554680596527,numerical instability,False
LHS33317,693168,True,0.8229219901686139,0.0299999999999966,300.0,True,False,False,1100.0,0.0275024074835198,0.0520040734714132,numerical instability,False
LHS38166,693168,True,0.7264542313677316,0.0299999999999966,500.0,False,False,False,1100.0,0.6978836623388569,0.0002194400279403,,False
LHS24119,693168,True,0.3756754043182324,0.0299999999999966,300.0,True,False,False,1100.0,0.0016143722462026,0.1180544305123878,numerical instability,False
LHS32963,693168,True,0.216033188977693,0.018099999999998,200.0,True,False,False,1100.0,0.0017118586068541,0.1827178813531777,numerical instability,False
LHS28670,693168,True,0.1544656845567561,0.0,400.0,True,False,False,1100.0,0.0011305392529785,0.1630583218492531,numerical instability,False
LHS40006,693168,True,0.5744519214728546,0.0299999999999966,400.0,True,False,False,1100.0,0.1637162396276077,0.0018169990901417,numerical instability,False
LHS31303,693168,True,0.002959209085749,0.0,200.0,True,False,False,1100.0,4.129820781323988e-07,0.3251895534335035,numerical instability,False
LHS11360,693168,True,0.6837978893120423,0.0299999999999966,400.0,True,False,False,1100.0,0.0628425595125709,0.0207969178791381,numerical instability,False
LHS13963,693168,True,0.7559146561009493,0.0299999999999966,200.0,True,True,True,1100.0,0.0226468169601121,0.0498769716020691,,False
LHS46773,693168,True,0.6339926975912624,0.0299999999999966,500.0,False,False,False,1100.0,0.6133300887848517,0.017169471052749,,False
LHS30801,693168,True,0.4926107740312346,0.0299999999999966,500.0,False,False,False,1100.0,0.6144262810276804,0.0001646523520078,,False
LHS01971,693168,True,0.0066592026445381,0.0,250.0,True,False,False,1100.0,0.0003499999734671,0.2628642823650787,numerical instability,False
LHS48261,693168,True,0.5567554885522477,0.0299999999999966,450.0,True,False,False,1100.0,0.1262127534822537,0.003310042571953,numerical instability,False
LHS20037,693168,True,0.9270712909982732,0.0299999999999966,450.0,False,True,False,1100.0,0.6353823577755994,0.0141049511874758,,False
LHS10856,693168,True,0.005820242241126,0.0,150.0,True,False,False,1150.0,5.21994903148869e-07,0.2793659815917881,numerical instability,False
LHS48624,693168,True,0.011719017022834,0.0,100.0,True,False,False,1200.0,5.079923766318678e-07,0.3281479773419659,numerical instability,False
LHS45508,693168,True,0.062390651651902,0.0052999999999994,100.0,True,False,False,1200.0,8.054154138441573e-07,0.2831365033632178,numerical instability,False
LHS40598,693168,True,0.739382051546922,0.0299999999999966,100.0,True,False,False,1200.0,5.905709836950506e-07,0.2430084837369427,numerical instability,False
LHS46837,693168,True,0.7158685507550375,0.0299999999999966,250.0,True,False,False,1100.0,0.0682796179807926,0.0579163109830596,numerical instability,False
LHS20973,693168,True,0.5442876971713351,0.0299999999999966,350.0,True,False,False,1100.0,0.0942682428112387,0.0708416372375165,numerical instability,False
LHS22895,693168,True,0.5877737624722816,0.0299999999999966,350.0,True,False,False,1100.0,0.0724805313628574,0.0126043321346924,numerical instability,False
LHS31580,693168,True,0.8053032887376914,0.0299999999999966,400.0,True,False,False,1100.0,0.0816293858007844,0.011825420437182,numerical instability,False
LHS48641,693168,True,0.7253205424567886,0.0299999999999966,500.0,False,False,False,1100.0,0.6752952185026899,0.0470099085642052,,False
LHS07089,693168,True,0.4585997181962602,0.0299999999999966,150.0,True,False,False,1150.0,0.0025068086614526,0.2265104910195226,numerical instability,False
LHS14942,693168,True,0.7638155032443813,0.0299999999999966,150.0,True,False,False,1150.0,0.0035399829357599,0.1963515580503723,numerical instability,False
LHS23589,693168,True,0.0133657250173259,0.0,100.0,True,False,False,1200.0,6.173936382312548e-07,0.334854848376835,numerical instability,False
LHS01493,693168,True,0.8212505307699971,0.0299999999999966,350.0,True,True,True,1100.0,0.0425300212080193,0.0178652899093221,,False
LHS30439,693168,True,0.0014728931927169,0.0,50.0,True,False,False,1250.0,2.673104010236138e-07,0.3410786225391406,numerical instability,False
LHS49572,693168,True,0.0244318278221259,0.0,50.0,True,False,False,1250.0,3.524130020053729e-07,0.3372417348120167,numerical instability,False
LHS24560,693168,True,0.4383455392224055,0.0299999999999966,350.0,True,False,False,1100.0,0.0019404631646808,0.0977837790596282,numerical instability,False
LHS31864,693168,True,0.0005499281644628,0.0,100.0,True,False,False,1200.0,4.896974282853189e-07,0.3617195101981885,numerical instability,False
LHS27834,693168,False,,0.0,0.0,True,False,False,1100.0,3.225326961182441e-07,0.3725440958396444,unattained interval;numerical instability;unsupported interpolation,False
LHS14395,693168,True,0.0067476015295739,0.0,150.0,True,False,False,1150.0,6.363070732863706e-07,0.3169334914572218,numerical instability,False
LHS03625,693168,True,0.7111922492147494,0.0299999999999966,200.0,True,False,False,1100.0,2.441433544486986e-06,0.2015519519983077,numerical instability,False
LHS47773,693168,True,0.0267831683333931,0.0,150.0,True,False,False,1150.0,7.222773503271019e-07,0.2717726263478708,numerical instability,False
LHS41027,693168,True,0.9143946625925128,0.0299999999999966,450.0,False,True,False,1100.0,0.3167709800462535,0.0050723047539406,,False
LHS31846,693168,True,0.4526564063110508,0.0299999999999966,400.0,True,False,False,1100.0,0.0059188991386844,0.0800057875612508,numerical instability,False
LHS28101,693168,True,0.6682460235541423,0.0299999999999966,500.0,False,False,False,1100.0,0.4853574946410661,0.0090061653522626,,False
LHS28721,693168,True,0.8400644618401973,0.0299999999999966,450.0,False,True,False,1100.0,0.4117380210428116,0.0010358500983472,,False
LHS45964,693168,True,0.0007763748644475,0.0,50.0,True,False,False,1250.0,3.0327325474870125e-07,0.3361291892140188,numerical instability,False
LHS38784,693168,True,0.7294360088093669,0.0299999999999966,500.0,False,False,False,1100.0,0.6937218991441855,0.0019078111263823,,False
LHS05138,693168,True,0.1380095438361508,0.0051999999999994,250.0,True,False,False,1100.0,8.507987187246447e-07,0.224000191296059,numerical instability,False
LHS21579,693168,True,0.0012883085818516,0.0,150.0,True,False,False,1150.0,4.956641220741781e-07,0.3341566291334136,numerical instability,False
LHS44459,693168,True,0.8684191587861803,0.0299999999999966,450.0,False,True,False,1100.0,0.5524054578350314,0.0203915512817432,,False
LHS42715,693168,True,0.6917921684253039,0.0299999999999966,350.0,True,False,False,1100.0,0.1847624821605151,0.0313283180953575,numerical instability,False
LHS42323,693168,True,0.0021208806439937,0.0,50.0,True,False,False,1250.0,4.436110811464763e-07,0.33270423267126,numerical instability,False
LHS09796,693168,True,0.6540950778948849,0.0299999999999966,500.0,False,False,False,1100.0,0.5576194426613987,0.0105404705777487,,False
LHS41675,693168,True,0.6438144960799108,0.0299999999999966,150.0,True,False,False,1150.0,3.01952924628141e-05,0.2067466340671539,numerical instability,False
LHS45475,693168,True,0.8321583612863264,0.0299999999999966,200.0,True,True,True,1100.0,0.012034153183375,0.0789920593873864,,False
LHS20031,693168,True,0.8892689938100893,0.0299999999999966,450.0,False,True,False,1100.0,0.3510870499571509,0.0055922379593444,,False
LHS12018,693168,True,-0.0008561132193529,0.0,50.0,True,False,False,1250.0,3.98050349213921e-07,0.3341183586237019,numerical instability,False
LHS05002,693168,True,0.898014050946254,0.0299999999999966,450.0,False,True,False,1100.0,0.8007334490588014,0.0170150787676912,,False
LHS01961,693168,True,0.5152413941575652,0.0299999999999966,400.0,True,False,False,1100.0,0.3300682605539398,0.0084071695808423,numerical instability,False
LHS34250,693168,True,0.0029495318950019,0.0,200.0,True,False,False,1100.0,6.633527310680438e-07,0.325295558214504,numerical instability,False
LHS05200,693168,True,0.1501023968272516,0.0121999999999986,150.0,True,False,False,1150.0,5.365344564695524e-07,0.2595624795740303,numerical instability,False
LHS31985,693168,True,0.0176643168430491,0.0,200.0,True,False,False,1100.0,5.626094526427392e-07,0.2693313759152268,numerical instability,False
LHS23668,693168,True,0.8086196975527908,0.0299999999999966,500.0,False,False,False,1100.0,0.942092467643879,0.0170198475052035,,False
LHS34651,693168,True,0.7791822348006561,0.0299999999999966,150.0,True,False,False,1150.0,1.0924742153612727e-05,0.192769870358607,numerical instability,False
LHS26872,693168,True,0.7041081751566087,0.0299999999999966,450.0,False,True,False,1100.0,0.6151282697786137,0.0225627031242441,,False
LHS18138,693168,True,0.6535614164816799,0.0299999999999966,300.0,True,True,True,1100.0,0.0042427297088642,0.09320557871134,,False
LHS15533,693168,True,0.7404292054675372,0.0299999999999966,250.0,True,False,False,1100.0,0.3788460607080243,0.112807656509137,numerical instability,False
LHS01125,693168,True,0.0124564474527248,0.0,50.0,True,False,False,1250.0,4.391152075349529e-07,0.2994685223338316,numerical instability,False
LHS31059,693168,True,0.2312718827165808,0.0251999999999972,400.0,True,False,False,1100.0,0.0050783627457601,0.0724909557561646,numerical instability,False
LHS37709,693168,True,0.0046736907555123,0.0,150.0,True,False,False,1150.0,6.185203343154873e-07,0.30528613665483,numerical instability,False
LHS14791,693168,True,0.3938199258150328,0.0299999999999966,200.0,True,False,False,1100.0,0.0008599800928756,0.1691445535583343,numerical instability,False
LHS47444,693168,False,,0.0,0.0,True,False,False,1100.0,2.946661462093743e-07,0.3907096946839964,unattained interval;numerical instability;unsupported interpolation,False
LHS31966,693168,True,-0.0027897645446564,0.0,50.0,True,False,False,1250.0,3.320576095719043e-07,0.3580467102653025,numerical instability,False
LHS39576,693168,True,0.4308102610961326,0.0234999999999974,150.0,True,False,False,1150.0,0.0008782417044622,0.2496934547204293,numerical instability,False
LHS34155,693168,True,0.0060887689193648,0.0,100.0,True,False,False,1200.0,7.381586192925261e-07,0.2955457960278613,numerical instability,False
LHS23118,693168,True,0.300622982068959,0.0209999999999976,100.0,True,False,False,1200.0,8.59381521943556e-07,0.2701736433133644,numerical instability,False
LHS07727,693168,True,0.7894556768540348,0.0299999999999966,300.0,True,False,False,1100.0,0.0145783400349902,0.0397481387002144,numerical instability,False
LHS02074,693168,True,0.8530794571945378,0.0299999999999966,450.0,True,False,False,1100.0,0.2483920189991129,0.0122077892830545,numerical instability,False
LHS47578,693168,True,0.6214125556853092,0.0299999999999966,500.0,False,False,False,1100.0,0.8233074798774443,0.0018648805317545,,False
LHS37236,693168,False,,0.0,0.0,True,False,False,1100.0,2.764333572223758e-07,0.3835853295997743,unattained interval;numerical instability;unsupported interpolation,False
LHS45656,693168,True,0.382742271006487,0.0288999999999968,300.0,True,False,False,1100.0,5.499669627998058e-07,0.2145090327351091,numerical instability,False
LHS24959,693168,True,0.8629353753496171,0.0299999999999966,250.0,True,True,True,1100.0,0.0491405945572602,0.0200007300654698,,False
LHS36583,693168,True,0.044428864062349,0.0,100.0,True,False,False,1200.0,6.904254997863344e-07,0.3173226859069111,numerical instability,False
LHS40171,693168,True,0.8552616211661063,0.0299999999999966,150.0,True,True,True,1100.0,1.1033785359408845e-06,0.1687327627226483,,False
LHS23779,693168,True,0.001094388212035,0.0,100.0,True,False,False,1200.0,0.0003166395923136,0.3138340510687916,numerical instability,False
LHS31695,693168,True,0.7018586976404828,0.0299999999999966,350.0,True,False,False,1100.0,0.2786312241550241,0.0336026009121747,numerical instability,False
LHS24397,693168,True,0.5839924218668069,0.0299999999999966,300.0,True,False,False,1100.0,0.0594865823739704,0.0361722841713482,numerical instability,False
LHS19998,693168,True,0.0076799233002716,0.0,100.0,True,False,False,1200.0,6.344818032145242e-07,0.3406490733413819,numerical instability,False
LHS09298,693168,True,0.0131844879944309,0.0,50.0,True,False,False,1250.0,2.098643969073634e-07,0.3143110234908325,numerical instability,False
LHS23880,693168,True,0.6803813593833472,0.0299999999999966,200.0,True,False,False,1100.0,0.000241218567196,0.1375892656225537,numerical instability,False
LHS35449,693168,True,0.2520257189890413,0.0227999999999974,200.0,True,False,False,1100.0,0.0026142669271518,0.2104581656799982,numerical instability,False
LHS13184,693168,True,0.8611584154074043,0.0299999999999966,200.0,True,True,True,1100.0,0.0234818209781277,0.0535875377121026,,False
LHS12780,693168,True,0.0085210859640262,0.0,200.0,True,False,False,1100.0,8.263724652048592e-07,0.3253379841344737,numerical instability,False
LHS43951,693168,False,,0.0,0.0,True,False,False,1100.0,1.4019506123465372e-07,0.3844775695102995,unattained interval;numerical instability;unsupported interpolation,False
LHS49994,693168,True,0.7198185592436059,0.0299999999999966,400.0,True,True,True,1100.0,0.0619422504281188,0.0225442473281668,,False
LHS42918,693168,True,0.7147994783032414,0.0299999999999966,450.0,True,False,False,1100.0,0.1690125358827094,0.0170834967446788,numerical instability,False
LHS15777,693168,True,0.8938505217132369,0.0299999999999966,450.0,False,True,False,1100.0,0.6172099226902308,0.0140185555893872,,False
LHS46423,693168,True,0.7842606306824058,0.0299999999999966,400.0,True,True,True,1100.0,0.2054502345296468,0.003490998619068,,False
LHS46072,693168,True,0.6810716523993391,0.0299999999999966,400.0,True,True,True,1100.0,0.1044981106465766,0.0076202731248869,,False
LHS49207,693168,True,0.6272595233512042,0.0299999999999966,150.0,True,False,False,1150.0,0.0006456336931169,0.2082760366800029,numerical instability,False
LHS03651,693168,True,0.5905107773125089,0.0299999999999966,250.0,True,False,False,1100.0,0.0071278324914393,0.1028269759783187,numerical instability,False
LHS17537,693168,True,0.0081906833816873,0.0,100.0,True,False,False,1200.0,3.685474720069076e-07,0.3384432190190378,numerical instability,False
LHS03426,693168,True,0.0111502888917771,0.0,0.0,True,False,False,1300.0,3.402601353847257e-07,0.3355189149348289,numerical instability,False
LHS19660,693168,True,0.8352769870304765,0.0299999999999966,450.0,False,True,False,1100.0,0.8283213976830747,0.0170106442610889,,False
LHS14994,693168,True,0.7367148700711482,0.0299999999999966,300.0,True,False,False,1100.0,0.1745663445435961,0.0258690337647102,numerical instability,False
LHS09922,693168,False,,0.0,0.0,True,False,False,1100.0,1.963139565901034e-07,0.3957795113988126,unattained interval;numerical instability;unsupported interpolation,False
LHS36085,693168,True,0.8361852708772467,0.0299999999999966,450.0,False,True,False,1100.0,0.861802667540596,0.000601617908617,,False
LHS08888,693168,True,0.4478716815496086,0.0299999999999966,300.0,True,False,False,1100.0,0.0995105848658189,0.094141736715952,numerical instability,False
LHS35796,693168,True,0.7271720493237588,0.0299999999999966,100.0,True,False,False,1200.0,0.0013822336163306,0.2279835146917541,numerical instability,False
LHS44230,693168,True,0.8146599551481295,0.0299999999999966,450.0,False,True,False,1100.0,0.7972026207030461,0.0170151735830813,,False
LHS33406,693168,True,0.3808076939953564,0.0299999999999966,350.0,True,False,False,1100.0,0.007733748754325,0.056510410224424,numerical instability,False
LHS38847,693168,True,-0.0045792924284684,0.0,50.0,True,False,False,1250.0,1.958918285346582e-05,0.3329748765916759,numerical instability,False
LHS28429,693168,True,0.6058932436661713,0.0299999999999966,450.0,True,False,False,1100.0,0.0871750504304244,0.0238780648261357,numerical instability,False
LHS27397,693168,True,0.0049727289825666,0.0,200.0,True,False,False,1100.0,4.674950549975758e-07,0.3419136379650415,numerical instability,False
LHS28013,693168,True,0.6420743272216674,0.0299999999999966,500.0,False,False,False,1100.0,0.8765797249561457,0.0064724471332609,,False
LHS06669,693168,True,0.5465071090775832,0.0299999999999966,300.0,True,False,False,1100.0,0.0742347638794336,0.0837661905442621,numerical instability,False
LHS08587,693168,True,0.455593395504051,0.0299999999999966,350.0,True,False,False,1100.0,0.4333160920676218,0.0661061728718581,numerical instability,False
LHS05966,693168,True,0.5213188906761543,0.0299999999999966,300.0,True,False,False,1100.0,0.0029151907992341,0.1599194330291073,numerical instability,False
LHS03671,693168,True,0.0149997176921076,0.0,50.0,True,False,False,1250.0,6.846313261377324e-07,0.3418259729120713,numerical instability,False
LHS15655,693168,True,0.786998037766208,0.0299999999999966,400.0,True,True,True,1100.0,0.1876899973669015,0.001705495873483,,False
LHS22131,693168,True,0.5471769627597176,0.0299999999999966,150.0,True,False,False,1150.0,0.1500927317610795,0.1831395763517682,numerical instability,False
LHS14241,693168,True,0.5152451767322481,0.0299999999999966,500.0,False,False,False,1100.0,0.8693934445238805,0.0047123011139501,,False
LHS40654,693168,True,0.6652971991371293,0.0299999999999966,250.0,True,False,False,1100.0,0.0113597365584822,0.1092364259463312,numerical instability,False
LHS24108,693168,True,0.6421963463962213,0.0299999999999966,150.0,True,False,False,1150.0,0.0101004237682141,0.2091711883750773,numerical instability,False
LHS15751,693168,True,0.715810120767167,0.0299999999999966,450.0,False,True,False,1100.0,0.5693623050031423,0.0066806483982828,,False
LHS17115,693168,True,0.3741470598540684,0.0299999999999966,400.0,True,False,False,1100.0,0.0020371081517356,0.0891229285306613,numerical instability,False
LHS01658,693168,True,0.0135598222908281,0.0,200.0,True,False,False,1100.0,8.602189813269814e-07,0.2676444122614823,numerical instability,False
LHS35958,693168,True,0.0175082929134189,0.0,150.0,True,False,False,1150.0,6.764352711775647e-07,0.310401339110366,numerical instability,False
LHS31096,693168,False,,0.0,0.0,True,False,False,1100.0,5.396331483346773e-07,0.3923417005353489,unattained interval;numerical instability;unsupported interpolation,False
LHS15308,693168,True,0.8169151978873714,0.0299999999999966,450.0,False,True,False,1100.0,0.6189894895467815,0.0140994854930525,,False
LHS02599,693168,True,0.9243124329714854,0.0299999999999966,250.0,True,True,True,1100.0,0.0213883054722969,0.0391082582245192,,False
LHS38055,693168,False,,0.0,0.0,True,False,False,1100.0,1.839191870266337e-07,0.3809699750450412,unattained interval;numerical instability;unsupported interpolation,False
LHS03676,693168,True,0.5464026287966868,0.0299999999999966,450.0,True,False,False,1100.0,0.2438634229810645,0.0151775928769034,numerical instability,False
LHS05688,693168,True,0.8804523063297619,0.0299999999999966,400.0,True,True,True,1100.0,0.3259663634840435,0.0281962177619874,,False
LHS48556,693168,True,0.386745451691349,0.0299999999999966,300.0,True,False,False,1100.0,0.0062010183177953,0.1172757862725913,numerical instability,False
LHS19768,693168,False,,0.0,0.0,True,False,False,1100.0,2.7448364024401413e-07,0.3754547519276627,unattained interval;numerical instability;unsupported interpolation,False
LHS36676,693168,True,0.5097150808413038,0.0299999999999966,450.0,True,False,False,1100.0,0.0233531351895872,0.035826561342704,numerical instability,False
LHS48049,693168,True,0.6771576381568711,0.0299999999999966,200.0,True,False,False,1100.0,0.0025655619229127,0.1351041136540073,numerical instability,False
LHS15821,693168,True,0.1077554276790403,0.0,300.0,True,False,False,1100.0,1.9696854013910716e-06,0.163597645142841,numerical instability,False
LHS00215,693168,True,0.8458723192528298,0.0299999999999966,200.0,True,True,True,1100.0,0.0142772047428265,0.0518820825153634,,False
LHS23928,693168,True,0.004095599455074,0.0,50.0,True,False,False,1250.0,2.9518969923952885e-07,0.3274927838307351,numerical instability,False
LHS07440,693168,True,0.8601169165446756,0.0299999999999966,400.0,True,True,True,1100.0,0.3060872620825791,0.0237982936178151,,False
LHS03177,693168,True,0.4855896507663523,0.0299999999999966,350.0,True,False,False,1100.0,0.0004103705994103,0.125106845264429,numerical instability,False
LHS35840,693168,True,0.9187854013518668,0.0299999999999966,450.0,False,True,False,1100.0,0.6835068003837319,0.0141077413002387,,False
LHS11832,693168,False,,0.0,0.0,True,False,False,1100.0,4.538624287597452e-07,0.356323470631859,unattained interval;numerical instability;unsupported interpolation,False
LHS21540,693168,True,0.0299975652182968,0.0,250.0,True,False,False,1100.0,6.945658785566668e-07,0.2520692380746475,numerical instability,False
LHS01395,693168,True,0.4589901356103325,0.0299999999999966,450.0,True,False,False,1100.0,0.0096758986186574,0.1403608292248763,numerical instability,False
LHS31175,693168,True,0.0077871868723266,0.0,50.0,True,False,False,1250.0,2.2007967393303398e-07,0.3331968645274809,numerical instability,False
LHS25829,693168,True,0.6971765405252917,0.0299999999999966,400.0,True,False,False,1100.0,0.2884588549088657,0.0293263387094149,numerical instability,False
LHS38991,693168,True,0.9125223673762948,0.0299999999999966,100.0,True,True,True,1150.0,0.0030828795244451,0.1360711227544037,,False
LHS36087,693168,True,0.3995772570110726,0.0299999999999966,300.0,True,False,False,1100.0,1.3493801368813377e-06,0.1822206599443881,numerical instability,False
LHS21779,693168,True,0.8352829216363415,0.0299999999999966,500.0,False,False,False,1100.0,0.6165556695732566,0.0141310818570429,,False
LHS37533,693168,False,,0.0,0.0,True,False,False,1100.0,3.512278352615301e-07,0.3456008012314197,unattained interval;numerical instability;unsupported interpolation,False
LHS06814,693168,True,0.0072990095754104,0.0,250.0,True,False,False,1100.0,5.837549302861962e-07,0.2803300117357262,numerical instability,False
LHS37879,693168,True,0.6082322427654889,0.0299999999999966,250.0,True,False,False,1100.0,0.0012828131911965,0.1415531836526215,numerical instability,False
LHS46954,693168,True,0.6864553740802792,0.0299999999999966,100.0,True,False,False,1200.0,5.235082520004832e-05,0.2487789890754043,numerical instability,False
LHS46030,693168,True,0.0142041425084002,0.0,100.0,True,False,False,1200.0,0.0375661509369577,0.2784334955979929,numerical instability,False
LHS01327,693168,True,0.0047300833048621,0.0,50.0,True,False,False,1250.0,4.1770553270967675e-07,0.3205108657026819,numerical instability,False
LHS40335,693168,True,0.336406957854291,0.0230999999999974,100.0,True,False,False,1200.0,5.961501164359369e-07,0.2900456036488281,numerical instability,False
LHS19117,693168,True,0.5190734745834604,0.0299999999999966,250.0,True,False,False,1100.0,0.0044785946944718,0.1606019271590232,numerical instability,False
LHS11885,693168,True,0.4427253761962972,0.0299999999999966,500.0,False,False,False,1100.0,0.556723664027582,0.0144208678917039,,False
LHS09051,693168,True,0.0036182860749794,0.0,150.0,True,False,False,1150.0,7.132319238889401e-07,0.3106937786473135,numerical instability,False
LHS35813,693168,True,0.0018827403960659,0.0,250.0,True,False,False,1100.0,3.437296628420555e-07,0.2605074129668688,numerical instability,False
LHS10240,693168,True,0.0488074701118553,0.0074999999999991,150.0,True,False,False,1150.0,0.0027168657856539,0.2692733482000275,numerical instability,False
LHS03705,693168,True,0.8380507498344159,0.0299999999999966,450.0,False,True,False,1100.0,0.6766864109306064,0.0170163300859647,,False
LHS46465,693168,True,0.8419519839590126,0.0299999999999966,200.0,True,True,True,1100.0,0.0037781355345225,0.0895004393810051,,False
LHS49257,693168,True,-0.0051274625339419,0.0,50.0,True,False,False,1250.0,5.038376361887083e-07,0.3670924372313482,numerical instability,False
LHS48053,693168,True,0.0048100957706843,0.0,0.0,True,False,False,1300.0,5.2987564545201e-07,0.3671534759303312,numerical instability,False
LHS17076,693168,True,0.0105173077786615,0.0,100.0,True,False,False,1200.0,5.257592031332213e-07,0.3290190032075955,numerical instability,False
LHS03305,693168,True,0.4596532214551586,0.0299999999999966,200.0,True,False,False,1100.0,8.60532791993365e-07,0.2088326787988038,numerical instability,False
LHS47502,693168,True,0.0259431041872789,0.0,50.0,True,False,False,1250.0,3.834843602555071e-07,0.3426905704531964,numerical instability,False
LHS08657,693168,True,0.0157529953864509,0.0,250.0,True,False,False,1100.0,6.042572904931054e-07,0.3026899982279117,numerical instability,False
LHS07469,693168,True,0.831379342628413,0.0299999999999966,350.0,True,True,True,1100.0,0.011783639352503,0.0545064402714005,,False
LHS06741,693168,False,0.0033120380789452,0.0,0.0,True,False,False,1300.0,3.017479120705838e-07,0.3588726508949523,unattained interval;numerical instability;unsupported interpolation,False
LHS05943,693168,True,0.4474807059290889,0.0299999999999966,350.0,True,False,False,1100.0,0.0084343271802706,0.0808082425183887,numerical instability,False
LHS33893,693168,True,0.7515434415728268,0.0299999999999966,450.0,False,True,False,1100.0,0.2243198578872613,0.0111601818777382,,False
LHS40462,693168,False,,0.0,0.0,True,False,False,1100.0,2.955187305209368e-07,0.3726204024538031,unattained interval;numerical instability;unsupported interpolation,False
LHS47390,693168,True,0.0025361513830413,0.0,250.0,True,False,False,1100.0,4.398126902825628e-07,0.288142637566939,numerical instability,False
LHS03312,693168,True,0.5346295185255421,0.0299999999999966,400.0,True,False,False,1100.0,0.0040299769945572,0.0665388589565281,numerical instability,False
LHS01501,693168,True,0.8081937280265775,0.0299999999999966,250.0,True,False,False,1100.0,0.0532519356011541,0.0186348178003389,numerical instability,False
LHS11227,693168,True,0.3223172424028191,0.0299999999999966,450.0,True,False,False,1100.0,0.0327348621339651,0.0587900922108047,numerical instability,False
LHS44895,693168,True,-0.0027721286473336,0.0,50.0,True,False,False,1250.0,3.687805844241146e-07,0.3505798201876856,numerical instability,False
LHS18464,693168,False,,0.0,0.0,True,False,False,1100.0,2.52957167251441e-07,0.3982289979067087,unattained interval;numerical instability;unsupported interpolation,False
LHS15320,693168,True,0.8505935479344339,0.0299999999999966,400.0,True,True,True,1100.0,0.2795379879591966,0.0260292539828744,,False
LHS38774,693168,True,0.8092778415346324,0.0299999999999966,500.0,False,False,False,1100.0,0.8969461418096987,0.0170147430721873,,False
LHS04716,693168,True,0.7202999742121188,0.0299999999999966,200.0,True,False,False,1100.0,0.467455546844281,0.1464005749354552,numerical instability,False
LHS06514,693168,True,0.7417190773720723,0.0299999999999966,200.0,True,True,True,1100.0,0.0021267549742311,0.1265156652399405,,False
LHS14206,693168,True,0.3866670696198575,0.0293999999999967,200.0,True,False,False,1100.0,0.0011237245148037,0.2109180523706399,numerical instability,False
LHS27669,693168,False,,0.0,0.0,True,False,False,1100.0,2.880837299062071e-07,0.3743159089632252,unattained interval;numerical instability;unsupported interpolation,False
LHS01699,693168,True,0.6820597090391978,0.0299999999999966,500.0,False,False,False,1100.0,0.5312468487059985,0.00333939299299,,False
LHS04298,693168,True,0.6281496640310189,0.0299999999999966,400.0,True,False,False,1100.0,0.0038476424565746,0.080412506140785,numerical instability,False
LHS42563,693168,True,0.0288444184465297,0.0,200.0,True,False,False,1100.0,6.970747959079614e-07,0.2887304207220134,numerical instability,False
LHS16652,693168,True,0.9194655787465784,0.0299999999999966,450.0,False,True,False,1100.0,0.3996547766600885,0.0142374341911612,,False
LHS42683,693168,False,,0.0,0.0,True,False,False,1100.0,2.91936389944123e-07,0.394125857943323,unattained interval;numerical instability;unsupported interpolation,False
LHS42084,693168,True,0.8568294469656778,0.0299999999999966,250.0,True,True,True,1100.0,0.0386598572592952,0.0496202848493382,,False
LHS25904,693168,True,0.5638530738923668,0.0299999999999966,250.0,True,False,False,1100.0,0.0075403615060086,0.1254670913632147,numerical instability,False
LHS16462,693168,True,0.8063931245275032,0.0299999999999966,350.0,True,True,True,1100.0,0.2718419876764559,0.0332661208366396,,False
LHS24318,693168,True,0.623535370686098,0.0299999999999966,450.0,True,False,False,1100.0,0.5063973247439806,0.0317989531194228,numerical instability,False
LHS26324,693168,True,0.3764163880137676,0.0299999999999966,300.0,True,False,False,1100.0,0.3149548371909224,0.1543192570715152,numerical instability,False
LHS49556,693168,True,0.0299076096534303,0.0,200.0,True,False,False,1100.0,5.296147389269761e-07,0.2606239377890696,numerical instability,False
LHS35018,693168,True,0.0002764796920918,0.0,0.0,True,False,False,1300.0,4.5176187924229547e-07,0.3733071690255,numerical instability,False
LHS06709,693168,True,0.4719886273930875,0.0299999999999966,500.0,False,False,False,1100.0,0.5488950330831247,0.014002902280244,,False
LHS22425,693168,True,0.2913235616933856,0.0286999999999968,300.0,True,False,False,1100.0,0.0020338553679785,0.2002825064605365,numerical instability,False
LHS04565,693168,True,0.7966665149600949,0.0299999999999966,350.0,True,True,True,1100.0,0.1435200316667947,0.0357567313084798,,False
LHS41060,693168,True,0.7604326005090036,0.0299999999999966,450.0,False,True,False,1100.0,0.8369141801010027,0.0011833579588597,,False
LHS33095,693168,True,0.6795751689270642,0.0299999999999966,400.0,True,True,True,1100.0,0.0331625191174697,0.0256355703239989,,False
LHS25089,693168,True,0.0102489861395701,0.0,250.0,True,False,False,1100.0,6.415230240722564e-07,0.2307741604122807,numerical instability,False
LHS46177,693168,True,0.6494084979865826,0.0299999999999966,350.0,True,False,False,1100.0,0.0883237002481354,0.1134761676696953,numerical instability,False
LHS25383,693168,True,0.2427951488107763,0.017899999999998,100.0,True,False,False,1200.0,9.725189839373863e-07,0.2420775538306082,numerical instability,False
LHS02405,693168,True,0.011702686684182,0.0,150.0,True,False,False,1150.0,4.839441962431531e-07,0.3003500618038017,numerical instability,False
LHS28203,693168,True,0.5205691595451627,0.0299999999999966,450.0,True,False,False,1100.0,0.0627856423575795,0.0381293749900586,numerical instability,False
LHS46854,693168,True,0.933756497285152,0.0299999999999966,450.0,False,True,False,1100.0,0.6507422068765927,0.0141034553145984,,False
LHS02694,693168,True,0.0185006166765153,0.0,150.0,True,False,False,1150.0,1.719846928088447e-07,0.307050679908724,numerical instability,False
LHS26225,693168,True,0.6590568355867448,0.0299999999999966,250.0,True,False,False,1100.0,0.0038688241014333,0.1371560116971813,numerical instability,False
LHS15235,693168,True,0.667167204659094,0.0299999999999966,400.0,True,True,True,1100.0,0.1983904905765298,0.0030218619083359,,False
LHS08401,693168,True,0.670429681424245,0.0299999999999966,150.0,True,False,False,1150.0,6.560766294170723e-07,0.2272792637660284,numerical instability,False
LHS24256,693168,True,-0.001584583258563,0.0,0.0,True,False,False,1300.0,3.134562644845141e-07,0.3621881877769762,numerical instability,False
LHS26515,693168,True,0.0109259305546056,0.0,150.0,True,False,False,1150.0,2.765140648718349e-07,0.2974643405507937,numerical instability,False
LHS16103,693168,True,0.3954007837858807,0.0299999999999966,300.0,True,False,False,1100.0,0.0067806405804958,0.1307795178262107,numerical instability,False
LHS18984,693168,True,0.4606127354658517,0.0299999999999966,300.0,True,False,False,1100.0,0.0025475346872811,0.1592458321289472,numerical instability,False
LHS39217,693168,True,0.6111091028349511,0.0299999999999966,350.0,True,False,False,1100.0,0.3898489062362547,0.089536485793872,numerical instability,False
LHS21068,693168,True,0.0068815477136437,0.0,50.0,True,False,False,1250.0,6.425452077882236e-07,0.3429430080362671,numerical instability,False
LHS06863,693168,True,0.5251530839751188,0.0299999999999966,300.0,True,False,False,1100.0,0.0017094993610432,0.2064517219101423,numerical instability,False
LHS07498,693168,True,0.7289635991918793,0.0299999999999966,200.0,True,False,False,1100.0,0.0064560434024748,0.1020814751192799,numerical instability,False
LHS08264,693168,True,0.0049666812108035,0.0,0.0,True,False,False,1300.0,2.604148192895765e-07,0.3764945728222454,numerical instability,False
LHS40086,693168,True,0.4809632797451063,0.0299999999999966,250.0,True,False,False,1100.0,8.537720071027583e-05,0.1123496691029036,numerical instability,False
LHS32201,693168,True,0.3954497826642015,0.0299999999999966,400.0,True,False,False,1100.0,0.0794852928804698,0.0197184289758964,numerical instability,False
LHS36195,693168,True,0.9373474654996544,0.0299999999999966,200.0,True,True,True,1100.0,0.0177027078261618,0.0370688867246828,,False
LHS47003,693168,True,0.656571237755827,0.0299999999999966,150.0,True,False,False,1150.0,0.3856345811553303,0.2147199471950163,numerical instability,False
LHS00520,693168,True,0.0228074315857425,0.0,100.0,True,False,False,1200.0,8.027783533656786e-07,0.3354977458004702,numerical instability,False
LHS30664,693168,True,0.0392020387341277,0.0,100.0,True,False,False,1200.0,7.650440461139047e-07,0.3149174261531303,numerical instability,False
LHS12200,693168,True,0.7504422375081679,0.0299999999999966,450.0,False,True,False,1100.0,0.6154394731986864,0.0141211420651757,,False
LHS27964,693168,True,0.5234581447123989,0.0299999999999966,500.0,False,False,False,1100.0,0.2175491549858427,0.0257657147067991,numerical instability,False
LHS02442,693168,True,0.1141788269143453,0.0073999999999991,100.0,True,False,False,1200.0,6.296692561768947e-07,0.2584114763764286,numerical instability,False
LHS14470,693168,True,0.5179657832000365,0.0299999999999966,250.0,True,False,False,1100.0,3.998060403517571e-07,0.222857507653916,numerical instability,False
LHS32680,693168,True,0.432215582795767,0.0299999999999966,500.0,False,False,False,1100.0,0.9185414725719128,0.0265344633624469,,False
LHS29395,693168,True,0.0376247720531569,0.0033999999999996,250.0,True,False,False,1100.0,5.886567497956906e-07,0.2610252503696478,numerical instability,False
LHS33435,693168,True,0.4079766675728734,0.0299999999999966,450.0,True,False,False,1100.0,0.0989803751998369,0.0123782607340542,numerical instability,False
LHS04427,693168,True,0.0004945890494723,0.0,150.0,True,False,False,1150.0,3.520733148495059e-07,0.334664023162124,numerical instability,False
LHS32300,693168,True,0.0625963495171404,0.0,200.0,True,False,False,1100.0,4.584688892015954e-07,0.2259505624200831,numerical instability,False
LHS16049,693168,True,0.8433438852705211,0.0299999999999966,200.0,True,True,True,1100.0,0.0052591026747555,0.0824860379871696,,False
LHS27760,693168,True,0.6661929566090703,0.0299999999999966,150.0,True,False,False,1150.0,2.8337894205287425e-07,0.2269343372313734,numerical instability,False
LHS02813,693168,True,0.006500701996037,0.0,200.0,True,False,False,1100.0,5.89563113995119e-07,0.2782025340501291,numerical instability,False
LHS20050,693168,True,0.5656202030398865,0.0299999999999966,500.0,False,False,False,1100.0,0.7596980194610113,0.0020380747108445,,False
LHS11747,693168,True,0.0040914369312579,0.0,0.0,True,False,False,1300.0,1.9464060980737186e-07,0.3687646008270839,numerical instability,False
LHS18670,693168,True,0.5519971019744019,0.0299999999999966,250.0,True,False,False,1100.0,0.0042620190854137,0.1444505026442342,numerical instability,False
LHS39684,693168,True,0.9212346256599458,0.0299999999999966,450.0,False,True,False,1100.0,0.5830157404476486,0.0131866844525923,,False
LHS35917,693168,True,0.0585272553620201,0.0010999999999998,150.0,True,False,False,1150.0,5.240923608107797e-07,0.2837573571824835,numerical instability,False
LHS09584,693168,False,,0.0,0.0,True,False,False,1100.0,3.736346534908207e-07,0.3524520070232544,unattained interval;numerical instability;unsupported interpolation,False
LHS33594,693168,True,0.0047535819673778,0.0,50.0,True,False,False,1250.0,4.123886206112497e-07,0.3584815063374553,numerical instability,False
LHS45453,693168,True,0.7980106704509495,0.0299999999999966,450.0,False,True,False,1100.0,0.7067029519756012,0.0003839522320644,,False
LHS16583,693168,True,-0.0051330728141552,0.0,0.0,True,False,False,1300.0,5.168592286162791e-07,0.3663965875674699,numerical instability,False
LHS07824,693168,True,0.7001052777900807,0.0299999999999966,350.0,True,False,False,1100.0,0.4502840703854235,0.0505006837126407,numerical instability,False
LHS34585,693168,True,0.0159856686039444,0.0,150.0,True,False,False,1150.0,4.7265210205587393e-07,0.3561229330335135,numerical instability,False
LHS49402,693168,True,0.8502895010436978,0.0299999999999966,450.0,False,True,False,1100.0,0.2626211689668918,0.0067901952960232,,False
LHS06593,693168,True,0.7080168611670903,0.0299999999999966,450.0,False,True,False,1100.0,0.6430520458316301,0.0179432222165983,,False
LHS33794,693168,True,0.0044209967063459,0.0,100.0,True,False,False,1200.0,4.097979134993756e-07,0.3202126432180814,numerical instability,False
LHS36495,693168,True,0.0075682633835106,0.0,200.0,True,False,False,1100.0,4.147493879578241e-07,0.3385647711205272,numerical instability,False
LHS26132,693168,True,0.5850332798380826,0.0286999999999968,150.0,True,False,False,1150.0,1.2035117666643706e-06,0.2287556639274664,numerical instability,False
LHS01429,693168,False,,0.0,0.0,True,False,False,1100.0,2.3758331408455005e-07,0.3873788877314346,unattained interval;numerical instability;unsupported interpolation,False
LHS05521,693168,True,0.0019507868602008,0.0,200.0,True,False,False,1100.0,6.978396269831429e-07,0.2787166651853698,numerical instability,False
LHS20938,693168,True,0.422300987909874,0.0299999999999966,400.0,True,False,False,1100.0,0.1124440485481032,0.0064185320375169,numerical instability,False
LHS37401,693168,True,0.8956524332523901,0.0299999999999966,450.0,False,True,False,1100.0,0.7419493071276833,0.017013602499869,,False
LHS30330,693168,True,0.031294371336215,0.0,100.0,True,False,False,1200.0,8.014303908390051e-07,0.2799524858873922,numerical instability,False
LHS37580,693168,True,0.4969444768614056,0.0274999999999969,200.0,True,True,True,1100.0,1.1822941401924412e-06,0.2305280316682991,,False
LHS43511,693168,True,0.0137498989170566,0.0,150.0,True,False,False,1150.0,2.925068126254935e-07,0.3259115738305549,numerical instability,False
LHS31095,693168,True,0.495751127791518,0.0299999999999966,350.0,True,False,False,1100.0,0.5737566253793642,0.1178610050921897,numerical instability,False
LHS05953,693168,True,0.8921379396933664,0.0299999999999966,450.0,True,False,False,1100.0,0.6139568994641669,0.0144930921653461,numerical instability,False
LHS31420,693168,False,,0.0,0.0,True,False,False,1100.0,1.8613453197295394e-07,0.3654775638793698,unattained interval;numerical instability;unsupported interpolation,False
LHS49600,693168,False,,0.0,0.0,True,False,False,1100.0,4.500269887291914e-07,0.363185477139319,unattained interval;numerical instability;unsupported interpolation,False
LHS47659,693168,True,0.8303026898439536,0.0299999999999966,300.0,True,True,True,1100.0,0.3182953116459415,0.0397088915322651,,False
LHS21078,693168,True,0.559196097567459,0.0299999999999966,500.0,False,False,False,1100.0,0.8543167946248358,0.0284559520638628,,False
LHS18560,693168,True,0.1776494865182155,0.0070999999999992,200.0,True,False,False,1100.0,2.365990652404275e-06,0.1324359842339096,numerical instability,False
LHS04857,693168,True,0.0046759673027021,0.0,0.0,True,False,False,1300.0,1.7553277374030982e-07,0.3305122663503977,numerical instability,False
LHS24369,693168,False,,0.0,0.0,True,False,False,1100.0,3.065536680689682e-07,0.3548544912350556,unattained interval;numerical instability;unsupported interpolation,False
LHS38499,693168,True,-0.0038893961052854,0.0,0.0,True,False,False,1300.0,4.548679716015682e-07,0.3819942477851023,numerical instability,False
LHS44867,693168,True,0.0707559264700744,0.0,100.0,True,False,False,1200.0,7.470998545830338e-07,0.310110395308752,numerical instability,False
LHS49570,693168,True,0.6303585497967079,0.0299999999999966,200.0,True,False,False,1100.0,0.0021460633736051,0.1843844714155599,numerical instability,False
LHS26662,693168,True,0.5976328745514057,0.0299999999999966,250.0,True,False,False,1100.0,0.0087419823603998,0.055234801290396,numerical instability,False
LHS14491,693168,True,0.8754641674051019,0.0299999999999966,450.0,False,True,False,1100.0,0.6211809800210996,0.0032480201025793,,False
LHS28389,693168,False,,0.0,0.0,True,False,False,1100.0,4.597731048902949e-07,0.3282120359415263,unattained interval;numerical instability;unsupported interpolation,False
LHS11171,693168,True,0.5232565761015247,0.0299999999999966,150.0,True,False,False,1150.0,0.0036681026373714,0.1877106208220765,numerical instability,False
LHS18248,693168,True,0.7786419353984407,0.0299999999999966,450.0,False,True,False,1100.0,0.5363195574150299,0.0063305899655096,,False
LHS21384,693168,True,0.7055630644544584,0.0299999999999966,350.0,True,False,False,1100.0,0.0177120023645965,0.0472524592057798,numerical instability,False
LHS37519,693168,True,0.3880209303349533,0.0299999999999966,250.0,True,False,False,1100.0,1.5164723449894934e-06,0.1316691119191074,numerical instability,False
LHS05838,693168,True,0.6543569204297155,0.0299999999999966,150.0,True,False,False,1150.0,0.0018695793830637,0.195995968330826,numerical instability,False
LHS00621,693168,False,,0.0,0.0,True,False,False,1100.0,2.238558137357584e-07,0.3808938480373034,unattained interval;numerical instability;unsupported interpolation,False
LHS03891,693168,False,,0.0,0.0,True,False,False,1100.0,3.724143624442044e-07,0.3869141953348223,unattained interval;numerical instability;unsupported interpolation,False
LHS09572,693168,True,0.5266627842082028,0.0299999999999966,350.0,True,False,False,1100.0,0.574534500591749,0.1083509740695982,numerical instability,False
LHS45573,693168,True,0.0547358655211676,0.0003999999999999,100.0,True,False,False,1200.0,4.6877866105505154e-07,0.3094457075378095,numerical instability,False
LHS04257,693168,True,0.2310662903429748,0.0252999999999972,300.0,True,False,False,1100.0,0.004118321028979,0.1162881063310154,numerical instability,False
LHS11353,693168,False,,0.0,0.0,True,False,False,1100.0,3.039638767921423e-07,0.3645087222302787,unattained interval;numerical instability;unsupported interpolation,False
LHS48463,693168,True,0.7503214660457428,0.0299999999999966,400.0,True,True,True,1100.0,0.2842607932430033,0.0031568241256287,,False
LHS14475,693168,True,0.1582265112867937,0.0115999999999987,100.0,True,False,False,1200.0,6.918566249312839e-07,0.3097824295384933,numerical instability,False
LHS13310,693168,True,0.8462690147288472,0.0299999999999966,500.0,False,False,False,1100.0,0.8357694432210715,0.0170139782356264,,False
LHS25332,693168,True,0.6891591799671047,0.0299999999999966,300.0,True,True,True,1100.0,0.0942537929157402,0.045885151837506,,False
LHS29754,693168,False,,0.0,0.0,True,False,False,1100.0,2.6593766742030756e-07,0.3630796971320689,unattained interval;numerical instability;unsupported interpolation,False
LHS13637,693168,True,0.0142623931985143,0.0,50.0,True,False,False,1250.0,6.356039722923529e-07,0.324319023318701,numerical instability,False
LHS31209,693168,False,,0.0,0.0,True,False,False,1100.0,2.158074454372064e-07,0.3608208371837991,unattained interval;numerical instability;unsupported interpolation,False
LHS02865,693168,True,0.4022303764913938,0.0249999999999972,150.0,True,False,False,1150.0,0.1125432573074273,0.2492096527320724,numerical instability,False
LHS04739,693168,True,0.7557802117053748,0.0299999999999966,450.0,False,True,False,1100.0,0.6110472692556209,0.0173060428148779,,False
LHS27231,693168,True,0.9163508383893624,0.0299999999999966,400.0,True,True,True,1100.0,0.2991332738182444,0.0033901629616956,,False
LHS05712,693168,True,0.6658351514562864,0.0299999999999966,450.0,False,True,False,1100.0,0.6398375067970513,0.0098619202768478,,False
LHS13551,693168,True,0.5712013428321778,0.0299999999999966,450.0,False,True,False,1100.0,0.465660168376054,0.0128091745524077,,False
LHS12842,693168,True,0.2511295358859056,0.017999999999998,250.0,True,False,False,1100.0,7.30446624070245e-07,0.2441694848172223,numerical instability,False
LHS36439,693168,True,0.8642614886341526,0.0299999999999966,400.0,True,True,True,1100.0,0.2776741465886243,0.0196455122164716,,False
LHS42322,693168,True,0.8565000490881802,0.0299999999999966,150.0,True,False,False,1150.0,0.0036115374219537,0.2040142390961631,numerical instability,False
LHS20438,693168,True,0.005034378026879,0.0,150.0,True,False,False,1150.0,4.33082841380556e-07,0.3103044735360223,numerical instability,False
LHS44303,693168,False,,0.0,0.0,True,False,False,1100.0,2.617893012133442e-07,0.373452272300768,unattained interval;numerical instability;unsupported interpolation,False
LHS37935,693168,True,0.8451798685151074,0.0299999999999966,350.0,True,True,True,1100.0,0.0904825118515022,0.0197562237833448,,False
LHS48218,693168,True,0.8459070395261863,0.0299999999999966,150.0,True,False,False,1150.0,0.0027222834325166,0.1243015675956466,numerical instability,False
LHS14035,693168,True,0.7327756419224654,0.0299999999999966,250.0,True,True,True,1100.0,0.01846265023439,0.0613508320880937,,False
LHS12826,693168,True,0.5783791012263777,0.0299999999999966,450.0,True,False,False,1100.0,0.3621320311642345,0.0011245677176322,numerical instability,False
LHS28550,693168,True,0.7304864613284436,0.0299999999999966,450.0,False,True,False,1100.0,0.5836614944366573,0.0226532512801005,,False
LHS00743,693168,False,,0.0,0.0,True,False,False,1100.0,4.232638938024712e-07,0.3702679973637912,unattained interval;numerical instability;unsupported interpolation,False
LHS30421,693168,False,,0.0,0.0,True,False,False,1100.0,6.053625215966271e-07,0.3714457931410697,unattained interval;numerical instability;unsupported interpolation,False
LHS24670,693168,False,,0.0,0.0,True,False,False,1100.0,2.8938391351319177e-07,0.3671539445070301,unattained interval;numerical instability;unsupported interpolation,False
LHS44391,693168,True,0.1798862662554144,0.0120999999999986,200.0,True,False,False,1100.0,1.0925295866021738e-06,0.2201464949862857,numerical instability,False
LHS06434,693168,True,0.0102227840739819,0.0,150.0,True,False,False,1150.0,6.395110544018416e-07,0.3184413471576298,numerical instability,False
LHS26220,693168,True,0.7042253549650974,0.0299999999999966,200.0,True,False,False,1100.0,0.0005061428703747,0.1255301316075314,numerical instability,False
LHS15094,693168,True,0.0041206097177376,0.0,150.0,True,False,False,1150.0,3.714815684452085e-07,0.3360628907646016,numerical instability,False
LHS42262,693168,True,0.0124970941230766,0.0,100.0,True,False,False,1200.0,5.73460162088596e-07,0.3278356293257447,numerical instability,False
LHS01685,693168,True,0.682296828625446,0.0299999999999966,500.0,False,False,False,1100.0,0.9488776521466904,0.001566098721037,,False
LHS18730,693168,True,0.9134572058725688,0.0299999999999966,450.0,False,True,False,1100.0,0.6892037999718222,0.0176640854171166,,False
LHS46124,693168,True,0.0045759939996888,0.0,0.0,True,False,False,1300.0,4.207132779979778e-07,0.3577532209491489,numerical instability,False
LHS02711,693168,True,0.8260698672000902,0.0299999999999966,200.0,True,False,False,1100.0,0.2763906247397865,0.101274364826909,numerical instability,False
LHS16514,693168,True,0.890666455773661,0.0299999999999966,300.0,True,True,True,1100.0,0.0886991645566994,0.0101049736394757,,False
LHS25387,693168,True,0.2013045043330739,0.0149999999999983,150.0,True,False,False,1150.0,1.072686004152754e-06,0.2344116312600208,numerical instability,False
LHS33521,693168,True,0.8335431081875705,0.0299999999999966,450.0,False,True,False,1100.0,0.8683479913812583,0.0027910810357668,,False
LHS12143,693168,True,0.6320048252291913,0.0299999999999966,500.0,False,False,False,1100.0,0.9001017727687289,0.0046941833446848,,False
LHS02359,693168,True,0.9133425118070088,0.0299999999999966,100.0,True,True,True,1150.0,0.00242670778047,0.125776112517206,,False
LHS22898,693168,True,0.0128653519280718,0.0,0.0,True,False,False,1300.0,4.350359092846325e-07,0.3569749354128411,numerical instability,False
LHS24301,693168,True,0.507339518645969,0.0222999999999975,100.0,True,False,False,1200.0,6.802182354436829e-07,0.2646929110496016,numerical instability,False
LHS44394,693168,True,0.8992029905524298,0.0299999999999966,400.0,True,True,True,1100.0,0.2701292581502355,0.0028754445340495,,False
LHS30833,693168,True,0.1222914466628362,0.008899999999999,100.0,True,False,False,1200.0,4.761790726158443e-07,0.2831205398293377,numerical instability,False
LHS39842,693168,True,0.962792444741202,0.0299999999999966,150.0,True,True,True,1100.0,0.0052997627482015,0.0799000244345146,,False
LHS19385,693168,True,0.5573118591255464,0.0299999999999966,150.0,True,False,False,1150.0,0.0006936948418883,0.2316498490234585,numerical instability,False
LHS02641,693168,True,0.2377426767598455,0.0158999999999982,150.0,True,False,False,1150.0,5.911619486636709e-07,0.2595971497055784,numerical instability,False
LHS14673,693168,True,0.6897623643628003,0.0299999999999966,500.0,False,False,False,1100.0,0.4460925715800866,0.000692228558133,,False
LHS28235,693168,True,0.0068041341680613,0.0,0.0,True,False,False,1300.0,4.771228086282953e-07,0.342277389698767,numerical instability,False
LHS11623,693168,True,0.906805120809438,0.0299999999999966,250.0,True,False,False,1100.0,0.1096665288222023,0.0586657999967621,numerical instability,False
LHS21939,693168,True,0.2528580358006606,0.0299999999999966,400.0,True,False,False,1100.0,0.0061793960230931,0.1229613869962524,numerical instability,False
LHS40652,693168,True,0.4824799967472624,0.0299999999999966,500.0,False,False,False,1100.0,0.769816435476636,0.0365740138114737,,False
LHS46736,693168,True,-0.0006923037289563,0.0,100.0,True,False,False,1200.0,2.3506217154086773e-07,0.3498421013740618,numerical instability,False
LHS08817,693168,False,,0.0,0.0,True,False,False,1100.0,3.3831374314603556e-07,0.3614331789367799,unattained interval;numerical instability;unsupported interpolation,False
LHS24727,693168,True,0.885618994384731,0.0299999999999966,350.0,True,True,True,1100.0,0.1882233932385519,0.0155671039241633,,False
LHS49395,693168,True,0.9397141314940431,0.0299999999999966,100.0,True,True,True,1150.0,0.0108984168876445,0.1267330626131891,,False
LHS25647,693168,True,0.948726642330872,0.0299999999999966,450.0,False,True,False,1100.0,0.3037819822258591,0.0096562067964271,,False
LHS41026,693168,True,0.7885825027330372,0.0299999999999966,250.0,True,False,False,1100.0,0.0182276627756012,0.0707158026971519,numerical instability,False
LHS10800,693168,True,0.5865464291487028,0.0253999999999972,100.0,True,False,False,1200.0,6.952679207655508e-07,0.2494561997517669,numerical instability,False
LHS48177,693168,True,0.8276820084016269,0.0299999999999966,250.0,True,True,True,1100.0,0.0097943321373467,0.0562977908973535,,False
LHS18693,693168,True,0.6494931474091237,0.0299999999999966,500.0,False,False,False,1100.0,0.8464661401646959,0.0381102310492468,,False
LHS01893,693168,True,0.29582043015632,0.0201999999999977,150.0,True,False,False,1150.0,9.588151175933255e-07,0.2707984437997424,numerical instability,False
LHS15546,693168,True,0.5087474269518264,0.0299999999999966,150.0,True,False,False,1150.0,0.0002133004350156,0.1654935897942631,numerical instability,False
LHS04297,693168,True,0.0065115430829171,0.0,0.0,True,False,False,1300.0,2.709036789134191e-07,0.3396242552323457,numerical instability,False
LHS39208,693168,True,0.6271788287079683,0.0299999999999966,400.0,True,False,False,1100.0,0.005677835811964,0.0832703907747011,numerical instability,False
LHS45212,693168,True,-0.0030512284195109,0.0,50.0,True,False,False,1250.0,2.156676998274243e-07,0.3482152883994496,numerical instability,False
LHS03884,693168,True,0.8475348758129424,0.0299999999999966,500.0,False,False,False,1100.0,0.92721470424523,0.0014591007881819,,False
LHS22647,693168,True,0.5970716548199047,0.0299999999999966,500.0,False,False,False,1100.0,0.8731985367855025,0.0266653742369454,,False
LHS43896,693168,True,0.04619801353986,0.0,50.0,True,False,False,1250.0,3.970979157989293e-07,0.3269596586356083,numerical instability,False
LHS36815,693168,True,0.1520323647394175,0.0118999999999986,50.0,True,False,False,1250.0,4.892540875494736e-07,0.3128138622146973,numerical instability,False
LHS00643,693168,True,0.9271522875774882,0.0299999999999966,450.0,False,True,False,1100.0,0.3935599873335128,0.0021910924941542,,False
LHS47626,693168,True,0.7667524520040487,0.0299999999999966,450.0,False,True,False,1100.0,0.5121012133316906,0.0044729214415212,,False
LHS09428,693168,True,0.0027995576906256,0.0,250.0,True,False,False,1100.0,7.423642594124328e-07,0.2838924155756614,numerical instability,False
LHS33856,693168,False,,0.0,0.0,True,False,False,1100.0,2.291575504943142e-07,0.3749230793147422,unattained interval;numerical instability;unsupported interpolation,False
LHS37271,693168,True,0.6574672172623085,0.0299999999999966,300.0,True,False,False,1100.0,0.0051470965895337,0.1475308985430977,numerical instability,False
LHS16779,693168,True,0.4376322274357516,0.0299999999999966,400.0,True,False,False,1100.0,0.1556788538872195,0.0528669517491993,numerical instability,False
LHS14348,693168,True,0.2605684606114501,0.0161999999999982,150.0,True,False,False,1150.0,0.0026054881204312,0.2529476096902529,numerical instability,False
LHS19216,693168,True,-0.000127463389167,0.0,100.0,True,False,False,1200.0,3.0964760082217285e-07,0.3489524942744684,numerical instability,False
LHS06091,693168,True,-0.0090310382386966,0.0,50.0,True,False,False,1250.0,4.084767249777773e-07,0.3676227538780398,numerical instability,False
LHS22975,693168,True,0.694051572009203,0.0299999999999966,200.0,True,False,False,1100.0,0.00013429124515,0.1157050223848915,numerical instability,False
LHS27022,693168,True,0.0124681028228899,0.0,200.0,True,False,False,1100.0,9.865181085061874e-07,0.2253757188162962,numerical instability,False
LHS16848,693168,True,0.0028600593309732,0.0,0.0,True,False,False,1300.0,5.274652213052051e-07,0.3475768696039129,numerical instability,False
LHS03677,693168,True,0.6342732106499532,0.0299999999999966,250.0,True,False,False,1100.0,0.0103439889503764,0.104598101360808,numerical instability,False
LHS33195,693168,True,0.0110906947315417,0.0,300.0,True,False,False,1100.0,7.426921473883548e-07,0.2326690847728799,numerical instability,False
LHS06742,693168,True,0.8556278639417222,0.0299999999999966,250.0,True,False,False,1100.0,0.5188544542553936,0.0926896273681902,numerical instability,False
LHS37454,693168,True,0.9277007583242062,0.0299999999999966,350.0,True,True,True,1100.0,0.0951263847149685,0.0107162051591286,,False
LHS19314,693168,True,0.5170949547028949,0.0299999999999966,100.0,True,False,False,1200.0,1.307432819255593e-06,0.2686335601674801,numerical instability,False
LHS33979,693168,True,0.495007624101484,0.0299999999999966,350.0,True,False,False,1100.0,0.0941940751451245,0.0092332999615457,numerical instability,False
LHS27847,693168,True,0.5681990227598935,0.0299999999999966,250.0,True,False,False,1100.0,0.0039009685893315,0.0758385415673924,numerical instability,False
LHS41430,693168,True,0.9094694041006228,0.0299999999999966,450.0,False,True,False,1100.0,0.8558432743763306,0.0170162947229645,,False
LHS11489,693168,False,,0.0,0.0,True,False,False,1100.0,2.3826724868101917e-07,0.3609782293202644,unattained interval;numerical instability;unsupported interpolation,False
LHS23597,693168,True,0.8663515946018031,0.0299999999999966,450.0,False,True,False,1100.0,0.8801041721179286,0.0004732504107712,,False
LHS10812,693168,False,,0.0,0.0,True,False,False,1100.0,4.545734441191786e-07,0.3806461503190412,unattained interval;numerical instability;unsupported interpolation,False
LHS04916,693168,True,0.7562960756381761,0.0299999999999966,250.0,True,False,False,1100.0,0.007827670983365,0.0560107304342179,numerical instability,False
LHS10637,693168,True,0.070639216170217,0.0026999999999997,100.0,True,False,False,1200.0,5.128027091984694e-07,0.2948420966746943,numerical instability,False
LHS33766,693168,True,0.4929724111399715,0.0299999999999966,250.0,True,False,False,1100.0,0.000119712487608,0.1833887428296389,numerical instability,False
LHS23041,693168,True,0.6384682698631137,0.0299999999999966,450.0,True,False,False,1100.0,0.3213191174417973,0.0081567829978255,numerical instability,False
LHS47114,693168,True,0.3344704520145826,0.0299999999999966,300.0,True,False,False,1100.0,0.0041604621531571,0.1904214971842902,numerical instability,False
LHS00101,693168,True,0.0299145130673781,0.0,250.0,True,False,False,1100.0,4.2057488509798826e-07,0.3185286422381848,numerical instability,False
LHS32837,693168,False,,0.0,0.0,True,False,False,1100.0,3.891973178548135e-07,0.3910890687739098,unattained interval;numerical instability;unsupported interpolation,False
LHS23667,693168,True,0.0043697363749539,0.0,100.0,True,False,False,1200.0,3.276214312777696e-07,0.3715559783650923,numerical instability,False
LHS25692,693168,True,0.028059703775664,0.0,150.0,True,False,False,1150.0,5.479165691670168e-07,0.3510889349233762,numerical instability,False
LHS19915,693168,True,0.9601825216490852,0.0299999999999966,450.0,False,True,False,1100.0,0.2330007851460408,0.0098559179899639,,False
LHS46271,693168,True,0.8413355225177985,0.0299999999999966,400.0,True,True,True,1100.0,0.1284390838669559,0.0127069999663448,,False
LHS47396,693168,True,-0.0023026209779257,0.0,50.0,True,False,False,1250.0,2.942631740075811e-07,0.3531040857235887,numerical instability,False
LHS48610,693168,True,0.7143821820519325,0.0299999999999966,200.0,True,False,False,1100.0,0.4402686104258888,0.1713938827608518,numerical instability,False
LHS43529,693168,True,0.7329389793793453,0.0299999999999966,300.0,True,False,False,1100.0,0.4687946805630705,0.0512775031671825,numerical instability,False
LHS44569,693168,True,0.6280073687194729,0.0299999999999966,450.0,False,True,False,1100.0,0.7188131397898837,0.0149553866943998,,False
LHS35680,693168,True,0.0776853386533871,0.0,250.0,True,False,False,1100.0,9.07160610943718e-07,0.253852924293507,numerical instability,False
LHS23457,693168,False,,0.0,0.0,True,False,False,1100.0,3.923294311960383e-07,0.3577996796560159,unattained interval;numerical instability;unsupported interpolation,False
LHS08391,693168,True,0.9247457018667894,0.0299999999999966,250.0,True,True,True,1100.0,0.0457329717455763,0.0406653004546855,,False
LHS34487,693168,False,,0.0,0.0,True,False,False,1100.0,4.627905561431987e-07,0.3474791415214511,unattained interval;numerical instability;unsupported interpolation,False
LHS22051,693168,True,0.0078533064443528,0.0,0.0,True,False,False,1300.0,2.636032615909295e-07,0.3620724635660109,numerical instability,False
LHS04915,693168,True,0.0048044534849156,0.0,100.0,True,False,False,1200.0,5.746155088802409e-07,0.3232180344620869,numerical instability,False
LHS28612,693168,True,0.0068300085596793,0.0,100.0,True,False,False,1200.0,5.090278892852543e-07,0.3424577065309319,numerical instability,False
LHS02000,693168,True,0.0165591456460941,0.0,100.0,True,False,False,1200.0,4.21922100964233e-07,0.3481434336331985,numerical instability,False
LHS21889,693168,True,0.6149674572880303,0.0299999999999966,300.0,True,False,False,1100.0,0.2339210387813301,0.1045359559441589,numerical instability,False
LHS27826,693168,False,,0.0,0.0,True,False,False,1100.0,3.027076495444794e-07,0.3622764789516288,unattained interval;numerical instability;unsupported interpolation,False
LHS23678,693168,False,,0.0,0.0,True,False,False,1100.0,3.110100420051544e-07,0.3700807401805924,unattained interval;numerical instability;unsupported interpolation,False
LHS43028,693168,True,0.0754029221008485,0.0,200.0,True,False,False,1100.0,0.2898065199251639,0.3315752872412616,numerical instability,False
LHS38452,693168,True,0.0042149459416936,0.0,150.0,True,False,False,1150.0,4.3997584104096564e-07,0.3117501454108994,numerical instability,False
LHS47402,693168,True,0.8504988624438128,0.0299999999999966,450.0,False,True,False,1100.0,0.8930431609752196,0.0170201637540187,,False
LHS14966,693168,False,,0.0,100.0,True,False,False,1200.0,2.960413958670969e-07,0.3291261639671852,unattained interval;numerical instability;unsupported interpolation,False
LHS00245,693168,True,0.0053282185398222,0.0,100.0,True,False,False,1200.0,3.928745637952925e-07,0.3061767376098649,numerical instability,False
LHS49460,693168,True,0.3529948279270439,0.0299999999999966,300.0,True,False,False,1100.0,0.0004520675716277,0.1197348795998273,numerical instability,False
LHS40608,693168,True,0.1610509037491948,0.0139999999999984,150.0,True,False,False,1150.0,8.020805831779268e-07,0.2105555236858912,numerical instability,False
LHS08375,693168,True,0.508906579108462,0.0299999999999966,400.0,True,False,False,1100.0,0.0140640078186264,0.0765843396986353,numerical instability,False
LHS24944,693168,True,0.5198955660716232,0.0299999999999966,350.0,True,False,False,1100.0,0.0055381421429427,0.1291372906281335,numerical instability,False
LHS36581,693168,True,0.2086592357983165,0.0151999999999983,250.0,True,False,False,1100.0,0.0731694147670297,0.239295470300218,numerical instability,False
LHS12962,693168,True,0.2071216642398229,0.0166999999999981,400.0,True,False,False,1100.0,0.0037569029484306,0.1751047842574167,numerical instability,False
LHS26868,693168,True,0.901154088911324,0.0299999999999966,450.0,False,True,False,1100.0,0.8764808457827512,0.0086811584428032,,False
LHS14775,693168,True,0.0083962712211879,0.0,50.0,True,False,False,1250.0,5.810196218989779e-07,0.3482672984346815,numerical instability,False
LHS12846,693168,True,0.8883479087814893,0.0299999999999966,400.0,True,True,True,1100.0,0.1660860853795402,0.0028845231367001,,False
LHS13290,693168,True,0.0483285104591774,0.0001999999999999,50.0,True,False,False,1250.0,3.800608300281829e-07,0.3177397932044815,numerical instability,False
LHS40532,693168,True,-0.0024414848489875,0.0,50.0,True,False,False,1250.0,2.1847759264009569e-07,0.3492827924791541,numerical instability,False
LHS18467,693168,True,0.1192982598950568,0.0077999999999991,200.0,True,False,False,1100.0,6.494043541895629e-07,0.281470915516733,numerical instability,False
LHS05285,693168,True,0.7647855579884496,0.0299999999999966,200.0,True,False,False,1100.0,0.006272557685115,0.1436241862401286,numerical instability,False
LHS28699,693168,True,0.8305048767815059,0.0299999999999966,450.0,False,True,False,1100.0,0.5097733385950719,0.0015741258961184,,False
LHS07101,693168,True,0.3891571384630432,0.0227999999999974,150.0,True,False,False,1150.0,7.403073576364762e-07,0.2231355728303061,numerical instability,False
LHS39404,693168,True,0.1012755228574044,0.0058999999999993,250.0,True,False,False,1100.0,1.0470921843051133e-06,0.2310100052384907,numerical instability,False
LHS32583,693168,True,0.7597537575476545,0.0299999999999966,450.0,False,True,False,1100.0,0.3108000748449704,0.00218159388454,,False
LHS18612,693168,True,0.0021865150702216,0.0,0.0,True,False,False,1300.0,3.2265069260591386e-07,0.3432932682742767,numerical instability,False
LHS13361,693168,True,0.5506262664582173,0.0299999999999966,350.0,True,False,False,1100.0,0.0077362228036338,0.1114785409539401,numerical instability,False
LHS33535,693168,True,0.6502746254973515,0.0299999999999966,150.0,True,False,False,1150.0,0.0015863827945254,0.2281325053945413,numerical instability,False
LHS13764,693168,True,0.9029250934412932,0.0299999999999966,150.0,True,True,True,1100.0,0.0033126609657701,0.0856036311758441,,False
LHS28562,693168,False,,0.0,0.0,True,False,False,1100.0,4.625363951240635e-07,0.3891028529882184,unattained interval;numerical instability;unsupported interpolation,False
LHS39436,693168,True,0.7551477466251011,0.0299999999999966,250.0,True,False,False,1100.0,0.004691839583774,0.0562141324693957,numerical instability,False
LHS14094,693168,True,0.3768517745551065,0.0299999999999966,450.0,True,False,False,1100.0,0.0084047624606934,0.0760151448168896,numerical instability,False
LHS30063,693168,True,0.0052698274845334,0.0,200.0,True,False,False,1100.0,4.865728413318185e-07,0.3142712814515759,numerical instability,False
LHS07946,693168,True,0.0079723851167242,0.0,150.0,True,False,False,1150.0,8.583283382597042e-07,0.2967868991144324,numerical instability,False
LHS44450,693168,True,0.6886903507034965,0.0299999999999966,500.0,False,False,False,1100.0,0.6820996286364246,0.0233518659130818,,False
LHS48355,693168,True,0.1296977141754081,0.0109999999999987,100.0,True,False,False,1200.0,0.1085609335161845,0.2794665247426019,numerical instability,False
LHS07716,693168,True,0.0060148401052521,0.0,150.0,True,False,False,1150.0,4.896278902084938e-07,0.2868765183967508,numerical instability,False
LHS11246,693168,True,0.003404070670953,0.0,200.0,True,False,False,1100.0,7.885348049331392e-07,0.2692227591443136,numerical instability,False
LHS19207,693168,True,0.3422990054032436,0.0299999999999966,300.0,True,False,False,1100.0,0.0028502050906738,0.172904347412627,numerical instability,False
LHS41068,693168,True,0.003232503558043,0.0,100.0,True,False,False,1200.0,5.721541802071293e-07,0.3268434307914992,numerical instability,False
LHS19570,693168,True,0.5802698223050441,0.0299999999999966,450.0,False,True,False,1100.0,0.3670029090682684,0.0420218124605334,,False
LHS07207,693168,True,0.6581910034376504,0.0299999999999966,450.0,False,True,False,1100.0,0.591627207611994,0.0384221549264239,,False
LHS40469,693168,True,0.0744289548085749,0.0,250.0,True,False,False,1100.0,8.943694903496509e-07,0.2750495215595385,numerical instability,False
LHS45484,693168,True,0.7859928396297612,0.0299999999999966,300.0,True,False,False,1100.0,0.6235340696723158,0.114707493709088,numerical instability,False
LHS43671,693168,True,0.54680912447109,0.0299999999999966,450.0,True,False,False,1100.0,0.2097875559040163,0.041996160854007,numerical instability,False
LHS15781,693168,True,0.0371600547893178,0.0,50.0,True,False,False,1250.0,8.28049936879689e-07,0.3008663036437737,numerical instability,False
LHS41328,693168,True,0.8712915549408853,0.0299999999999966,150.0,True,True,True,1100.0,0.006297850425213,0.1077127274533057,,False
LHS23510,693168,True,0.0269750409247604,0.0,250.0,True,False,False,1100.0,1.0898085912326737e-06,0.206098524975521,numerical instability,False
LHS47744,693168,True,0.9509501712982203,0.0299999999999966,200.0,True,True,True,1100.0,0.1052978817896195,0.0268929949136254,,False
LHS01239,693168,True,0.3656915419055715,0.0212999999999976,100.0,True,False,False,1200.0,0.0020558129134677,0.2486326202121871,numerical instability,False
LHS39406,693168,False,,0.0,0.0,True,False,False,1100.0,3.0401158522197696e-07,0.3726207335771149,unattained interval;numerical instability;unsupported interpolation,False
LHS29066,693168,True,0.787653883294399,0.0299999999999966,300.0,True,True,True,1100.0,0.0137696414158013,0.060890713348624,,False
LHS49716,693168,True,0.8065477972653015,0.0299999999999966,450.0,False,True,False,1100.0,0.7280784977274346,0.017140128601063,,False
LHS22622,693168,True,0.5258901687052253,0.0299999999999966,500.0,False,False,False,1100.0,0.5963557803721755,0.0048267555579939,,False
LHS47654,693168,True,0.0129782230668626,0.0,150.0,True,False,False,1150.0,6.235232631643447e-07,0.319984935623514,numerical instability,False
LHS26123,693168,True,0.3935887119057606,0.0299999999999966,450.0,True,False,False,1100.0,0.2231004734182391,0.0143564371379762,numerical instability,False
LHS41699,693168,True,0.4544735193590024,0.0299999999999966,400.0,True,False,False,1100.0,0.0130674685403199,0.03711132193831,numerical instability,False
LHS48642,693168,True,-0.0043881321389476,0.0,0.0,True,False,False,1300.0,3.9417315594893826e-07,0.3781896686170158,numerical instability,False
LHS00663,693168,False,,0.0,0.0,True,False,False,1100.0,4.106785157593555e-07,0.387005628470874,unattained interval;numerical instability;unsupported interpolation,False
LHS01448,693168,True,0.8549235513545236,0.0299999999999966,450.0,False,True,False,1100.0,0.8808598463651705,0.0170155299234491,,False
LHS46676,693168,False,,0.0,0.0,True,False,False,1100.0,1.7895207102447985e-07,0.3490646402833351,unattained interval;numerical instability;unsupported interpolation,False
LHS39500,693168,True,0.7817314514977605,0.0299999999999966,450.0,False,True,False,1100.0,0.6454182915355295,0.0054151622596239,,False
LHS05372,693168,True,0.9607063982556808,0.0299999999999966,450.0,False,True,False,1100.0,0.247612306619596,0.0054021990739272,,False
LHS29327,693168,True,0.4663683791741657,0.0299999999999966,250.0,True,False,False,1100.0,0.2165827977351185,0.1751908297627497,numerical instability,False
LHS08860,693168,True,0.0615755658911637,0.0,50.0,True,False,False,1250.0,2.050256695251705e-07,0.3513706781687448,numerical instability,False
LHS42827,693168,True,0.2166742299612615,0.0164999999999981,200.0,True,False,False,1100.0,0.1355352578933273,0.2886786269204638,numerical instability,False
LHS05080,693168,True,0.9188734147678772,0.0299999999999966,150.0,True,True,True,1100.0,0.0150620656579381,0.0608781415823389,,False
LHS18274,693168,True,0.8132189738390503,0.0299999999999966,200.0,True,True,True,1100.0,0.0083862911998594,0.0588648563927776,,False
LHS46447,693168,True,-0.0025888135856002,0.0,50.0,True,False,False,1250.0,1.646428385406378e-07,0.324623183075768,numerical instability,False
LHS41240,693168,True,0.1722108656770072,0.0128999999999985,100.0,True,False,False,1200.0,7.721306596056131e-07,0.2771194263013516,numerical instability,False
LHS05512,693168,True,0.8405002279437215,0.0299999999999966,200.0,True,False,False,1100.0,0.0050909467687682,0.1475173274757808,numerical instability,False
LHS28853,693168,True,0.7069066250502551,0.0299999999999966,150.0,True,False,False,1150.0,9.877008529685468e-05,0.2009408410566548,numerical instability,False
LHS15199,693168,True,0.8843951926186557,0.0299999999999966,450.0,False,True,False,1100.0,0.3885117613296348,0.0085436078571009,,False
LHS05194,693168,True,0.7499589971434131,0.0299999999999966,450.0,True,False,False,1100.0,0.2218612584266341,0.0056518123440616,numerical instability,False
LHS30189,693168,True,0.0090882716837422,0.0,150.0,True,False,False,1150.0,3.217375437291862e-07,0.3411952917375473,numerical instability,False
LHS29567,693168,True,0.6891619384731335,0.0299999999999966,150.0,True,False,False,1150.0,1.1497971395185388e-06,0.2149568773362987,numerical instability,False
LHS19696,693168,True,0.011186036780499,0.0,150.0,True,False,False,1150.0,4.364166444825925e-07,0.3091992069356482,numerical instability,False
LHS39877,693168,True,0.7706465076421637,0.0299999999999966,450.0,False,True,False,1100.0,0.2882732239213083,0.0048690690265742,,False
LHS37371,693168,True,-3.8763180023826393e-05,0.0,50.0,True,False,False,1250.0,4.1525967512049394e-07,0.3333369433440148,numerical instability,False
LHS22050,693168,True,0.0240315034748965,0.0,100.0,True,False,False,1200.0,1.398148729530147e-07,0.3284709531021264,numerical instability,False
LHS47332,693168,True,0.4212313014634948,0.0212999999999976,100.0,True,False,False,1200.0,0.1947929886844635,0.3030717551217804,numerical instability,False
LHS29011,693168,True,0.6626137472662714,0.0299999999999966,450.0,True,False,False,1100.0,0.1366499791001404,0.0246412687145959,numerical instability,False
LHS39280,693168,True,-0.0037454198427397,0.0,0.0,True,False,False,1300.0,1.931798420565536e-07,0.3611649556784675,numerical instability,False
LHS04863,693168,True,0.776755195375705,0.0299999999999966,450.0,False,True,False,1100.0,0.9180475344357064,0.0060112026272126,,False
LHS14155,693168,True,0.4229792685460497,0.0299999999999966,450.0,True,False,False,1100.0,0.3367328810040478,0.0208131926448475,numerical instability,False
LHS11842,693168,True,0.7301717629678315,0.0299999999999966,150.0,True,False,False,1150.0,0.0034674880764362,0.1302801795696954,numerical instability,False
LHS01282,693168,True,0.1751113808479016,0.0140999999999984,100.0,True,False,False,1200.0,0.1290255894359477,0.3056972062313434,numerical instability,False
LHS20136,693168,True,0.0150964183138371,0.0,200.0,True,False,False,1100.0,9.637229171253238e-07,0.232420593141311,numerical instability,False
LHS29278,693168,True,0.3419305187829239,0.0299999999999966,400.0,True,False,False,1100.0,0.2596156528734171,0.0762640328811885,numerical instability,False
LHS00439,693168,True,0.7194576697575401,0.0299999999999966,350.0,True,False,False,1100.0,0.1264020368452089,0.0103813647265345,numerical instability,False
LHS22553,693168,True,0.7687380781741995,0.0299999999999966,250.0,True,True,True,1100.0,0.0001873298437617,0.1348266137056368,,False
LHS25889,693168,True,-0.0015246088350391,0.0,0.0,True,False,False,1300.0,5.132031869092892e-07,0.3666095242726834,numerical instability,False
LHS41983,693168,True,0.9234194606703428,0.0299999999999966,350.0,True,True,True,1100.0,0.1080453845457012,0.00496513612474,,False
LHS10147,693168,True,0.8779407759737005,0.0299999999999966,350.0,True,True,True,1100.0,0.0629436612573544,0.0174166564920102,,False
LHS12700,693168,False,,0.0,0.0,True,False,False,1100.0,3.1029381090451066e-07,0.3507380096447863,unattained interval;numerical instability;unsupported interpolation,False
LHS11045,693168,True,0.5964914507456989,0.0299999999999966,200.0,True,True,True,1100.0,9.162381680937798e-07,0.1937280487694768,,False
LHS40175,693168,True,0.9026951726691697,0.0299999999999966,250.0,True,True,True,1100.0,0.0513965476518763,0.0237176860156936,,False
LHS28121,693168,True,0.3631936831057537,0.0299999999999966,300.0,True,False,False,1100.0,0.134192617259017,0.2211414205018052,numerical instability,False
LHS05419,693168,True,-0.001897592332329,0.0,100.0,True,False,False,1200.0,2.9955501182746026e-07,0.3313639199491445,numerical instability,False
LHS45559,693168,False,,0.0,0.0,True,False,False,1100.0,2.8066028417672633e-07,0.3960679007523714,unattained interval;numerical instability;unsupported interpolation,False
LHS05446,693168,True,0.89299941568238,0.0299999999999966,300.0,True,True,True,1100.0,0.2084289997664201,0.0356668718392926,,False
LHS44987,693168,True,0.4722327422822874,0.0299999999999966,350.0,True,False,False,1100.0,0.0334477070107436,0.0508484089764658,numerical instability,False
LHS18443,693168,True,0.6696185617743193,0.0299999999999966,300.0,True,False,False,1100.0,0.0208522554000719,0.0295472351844605,numerical instability,False
LHS08201,693168,True,0.1521956077383079,0.0112999999999987,150.0,True,False,False,1150.0,6.39401462398445e-07,0.2606702940964319,numerical instability,False
LHS49336,693168,True,0.8636655580735172,0.0299999999999966,450.0,False,True,False,1100.0,0.6426752099261945,0.0062234774284932,,False
LHS07960,693168,True,0.0017422862057268,0.0,100.0,True,False,False,1200.0,0.2621753194965252,0.4011021990035769,numerical instability,False
LHS15630,693168,True,0.0184105336134904,0.0,150.0,True,False,False,1150.0,3.717423225692479e-07,0.3377497381835314,numerical instability,False
LHS40575,693168,True,0.1704945502398656,0.0129999999999985,100.0,True,False,False,1200.0,7.761056458861512e-07,0.2816902383840021,numerical instability,False
LHS38096,693168,True,0.8620080982663326,0.0299999999999966,450.0,False,True,False,1100.0,0.6446691130567486,0.0170613997016616,,False
LHS25492,693168,True,0.0064160348956658,0.0,100.0,True,False,False,1200.0,2.829945875839652e-07,0.3515693957883924,numerical instability,False
LHS21648,693168,True,0.0062573119898959,0.0,200.0,True,False,False,1100.0,6.08488229369076e-07,0.2545734148363238,numerical instability,False
LHS34224,693168,True,0.8175415199948737,0.0299999999999966,350.0,True,True,True,1100.0,0.079657360297935,0.0067851299799688,,False
LHS11972,693168,True,0.5902395950081828,0.0249999999999972,100.0,True,False,False,1200.0,0.0439614958765861,0.2477570778389617,numerical instability,False
LHS43508,693168,True,0.0085406448096811,0.0,50.0,True,False,False,1250.0,5.138564105558691e-07,0.323485073541057,numerical instability,False
LHS44701,693168,False,,0.0,0.0,True,False,False,1100.0,2.424725978869843e-07,0.3846233824785573,unattained interval;numerical instability;unsupported interpolation,False
LHS30448,693168,True,0.5311495142702243,0.0299999999999966,500.0,False,False,False,1100.0,0.96125743332652,0.038761300253299,,False
LHS44442,693168,True,0.0066144819729468,0.0,100.0,True,False,False,1200.0,5.000163363324058e-07,0.3466775492525846,numerical instability,False
LHS19214,693168,True,0.3471017783159353,0.0299999999999966,500.0,False,False,False,1100.0,0.7848324499001055,0.1200385449070747,,False
LHS23983,693168,False,,0.0,0.0,True,False,False,1100.0,4.878137417653598e-07,0.3351512022501631,unattained interval;numerical instability;unsupported interpolation,False
LHS13442,693168,True,0.0409504063946376,0.0,300.0,True,False,False,1100.0,6.665827270624238e-07,0.1862400356909266,numerical instability,False
LHS17006,693168,True,0.8585491532538034,0.0299999999999966,150.0,True,True,True,1100.0,1.2990695436034135e-06,0.2046285971247537,,False
LHS22477,693168,True,0.7514938456894142,0.0299999999999966,500.0,False,False,False,1100.0,0.928454790089843,0.0260538154537557,,False
LHS28986,693168,True,0.6539070192573313,0.0299999999999966,500.0,False,False,False,1100.0,0.7368821005538037,0.0082147599418026,,False
LHS25125,693168,True,0.7114992376347145,0.0299999999999966,400.0,True,False,False,1100.0,0.114370011401478,0.0149660495872155,numerical instability,False
LHS35896,693168,True,0.0530227401404246,0.0019999999999997,150.0,True,False,False,1150.0,1.0426562691279582e-06,0.2490744359808733,numerical instability,False
LHS17504,693168,True,0.8664906370103282,0.0299999999999966,150.0,True,True,True,1100.0,0.0245541619178332,0.0854954004976355,,False
LHS12021,693168,True,0.0887297398367118,0.0058999999999993,200.0,True,False,False,1100.0,8.282230720532893e-07,0.2398540628707539,numerical instability,False
LHS32174,693168,True,0.0221935496435673,0.0,0.0,True,False,False,1300.0,3.259764413906517e-07,0.3702603425501468,numerical instability,False
LHS09041,693168,True,0.8142163892644326,0.0299999999999966,450.0,False,True,False,1100.0,0.2763788601034811,0.0384876570526317,,False
LHS43750,693168,False,,0.0,0.0,True,False,False,1100.0,2.6232934917896717e-07,0.3736687768152722,unattained interval;numerical instability;unsupported interpolation,False
LHS14652,693168,True,0.5099908182780404,0.0299999999999966,200.0,True,False,False,1100.0,0.0022927773598711,0.129489224341199,numerical instability,False
LHS40007,693168,True,0.8345759620406191,0.0299999999999966,200.0,True,True,True,1100.0,0.0039147961018363,0.1683557589566608,,False
LHS35005,693168,True,0.8436179027318937,0.0299999999999966,100.0,True,False,False,1200.0,6.671165853869554e-07,0.2543149669308488,numerical instability,False
LHS20315,693168,True,-0.0004104615203899,0.0,100.0,True,False,False,1200.0,3.1265485694855993e-07,0.3416504774196154,numerical instability,False
LHS13498,693168,True,0.8324278166558999,0.0299999999999966,500.0,False,False,False,1100.0,0.6728453199411469,0.0141368418470249,,False
LHS02295,693168,True,0.0027644560314269,0.0,50.0,True,False,False,1250.0,4.5316335721433323e-07,0.2976655927958042,numerical instability,False
LHS33123,693168,True,0.5469009153592188,0.0299999999999966,350.0,True,False,False,1100.0,0.2863890570170328,0.1846605462938672,numerical instability,False
LHS31094,693168,True,0.0576932496261376,0.0,50.0,True,False,False,1250.0,3.842842655661625e-07,0.3653438767462196,numerical instability,False
LHS01062,693168,True,0.0027340862036838,0.0,200.0,True,False,False,1100.0,6.520922488096533e-07,0.2910666158165783,numerical instability,False
LHS18478,693168,True,0.0979098232026627,0.0,150.0,True,False,False,1150.0,6.502216034413889e-07,0.2135286818135064,numerical instability,False
LHS45048,693168,True,0.8790398605526613,0.0299999999999966,350.0,True,True,True,1100.0,0.1085115814268892,0.0149702879173168,,False
LHS37277,693168,True,0.0333071103923681,0.0,100.0,True,False,False,1200.0,8.270824320030328e-07,0.2510487031930937,numerical instability,False
LHS22458,693168,True,0.0107250118299967,0.0,0.0,True,False,False,1300.0,2.490872526220965e-07,0.3649487690829587,numerical instability,False
LHS01152,693168,True,0.0152717297624017,0.0,0.0,True,False,False,1300.0,3.238151299838903e-07,0.3394448415226475,numerical instability,False
LHS42382,693168,True,0.0213998935275191,0.0,150.0,True,False,False,1150.0,7.265680435851845e-07,0.2760791808086378,numerical instability,False
LHS33909,693168,True,0.4491444010022345,0.0299999999999966,500.0,False,False,False,1100.0,0.5955477577358449,0.0133969840515452,,False
LHS41895,693168,True,0.7925567016830403,0.0299999999999966,400.0,True,True,True,1100.0,0.3036354529706289,0.0438306668297351,,False
LHS02345,693168,True,-0.0130024263033057,0.0,0.0,True,False,False,1300.0,2.5730984523597913e-07,0.3654291147741674,numerical instability,False
LHS48210,693168,True,0.8543274802104396,0.0299999999999966,450.0,False,True,False,1100.0,0.2872334932389148,0.0112927069000072,,False
LHS44695,693168,True,0.6512562646153824,0.0299999999999966,300.0,True,True,True,1100.0,0.0018007169363701,0.1662804086902668,,False
LHS44027,693168,True,0.0027497470459724,0.0,50.0,True,False,False,1250.0,3.525266162068458e-07,0.3239817758384092,numerical instability,False
LHS26769,693168,False,,0.0,0.0,True,False,False,1100.0,3.6511958761326404e-07,0.3708620152068007,unattained interval;numerical instability;unsupported interpolation,False
LHS18316,693168,True,0.908391877222099,0.0299999999999966,300.0,True,True,True,1100.0,0.0776726579618298,0.0119861596028104,,False
LHS25430,693168,True,0.7278884904650695,0.0299999999999966,350.0,True,False,False,1100.0,0.1474593401584802,0.0086577511803042,numerical instability,False
LHS24475,693168,True,0.839405724303447,0.0299999999999966,400.0,True,True,True,1100.0,0.6157235358173602,0.0067712541199162,,False
LHS03946,693168,True,0.7383266608704151,0.0299999999999966,200.0,True,False,False,1100.0,1.097460428534788e-06,0.1729421461105014,numerical instability,False
LHS01108,693168,True,0.8291143488391859,0.0299999999999966,300.0,True,False,False,1100.0,0.0670363607497509,0.0252609184265227,numerical instability,False
LHS01264,693168,True,0.8253531945721303,0.0299999999999966,450.0,False,True,False,1100.0,0.8223423071922978,0.0058920411171465,,False
LHS29238,693168,True,0.8532109547686919,0.0299999999999966,250.0,True,True,True,1100.0,0.0205110049772257,0.0381454657836279,,False
LHS24750,693168,True,0.8909479413259092,0.0299999999999966,400.0,True,True,True,1100.0,0.6434173562725917,0.0140974376677187,,False
LHS11211,693168,True,0.5957500746809212,0.0299999999999966,500.0,False,False,False,1100.0,0.6302557476078057,0.0107599671246691,,False
LHS18300,693168,False,,0.0,0.0,True,False,False,1100.0,3.213131098559816e-07,0.3786329708630458,unattained interval;numerical instability;unsupported interpolation,False
LHS00448,693168,False,,0.0,0.0,True,False,False,1100.0,6.359325134855038e-07,0.3333089006128428,unattained interval;numerical instability;unsupported interpolation,False
LHS43467,693168,True,0.8135944562001238,0.0299999999999966,200.0,True,True,True,1100.0,0.032242672963874,0.0714842382104889,,False
LHS05314,693168,True,0.8378941460012992,0.0299999999999966,450.0,False,True,False,1100.0,0.6750114939463161,0.024579744176772,,False
LHS00687,693168,False,,0.0,0.0,True,False,False,1100.0,2.2353958333241601e-07,0.3820492518599094,unattained interval;numerical instability;unsupported interpolation,False
LHS32451,693168,True,0.2395111604382443,0.0207999999999977,350.0,True,False,False,1100.0,1.0189261881725542e-06,0.1760351673851152,numerical instability,False
LHS00026,693168,True,0.8074889729178996,0.0299999999999966,500.0,False,False,False,1100.0,0.718512626418795,0.0010193689253823,,False
LHS06078,693168,True,0.6192991196213354,0.0299999999999966,500.0,False,False,False,1100.0,0.2634929016197062,0.0222270623002271,,False
LHS40389,693168,True,0.7408917989533848,0.0299999999999966,200.0,True,False,False,1100.0,0.2053299144992752,0.1029835306662412,numerical instability,False
LHS47416,693168,True,0.0022109292595365,0.0,200.0,True,False,False,1100.0,6.24660412580327e-07,0.2949910231172133,numerical instability,False
LHS24432,693168,True,0.0052547621047368,0.0,200.0,True,False,False,1100.0,6.134298444932478e-07,0.3143572546081656,numerical instability,False
LHS49914,693168,True,0.8278338734712851,0.0299999999999966,350.0,True,False,False,1100.0,0.2843601547759156,0.0126572023874274,numerical instability,False
LHS46590,693168,True,0.0025276881942928,0.0,50.0,True,False,False,1250.0,4.022639331019998e-07,0.3408961703260216,numerical instability,False
LHS01909,693168,True,0.8339581276570629,0.0299999999999966,200.0,True,True,True,1100.0,0.0090446742746031,0.1045827453587586,,False
LHS17033,693168,True,0.6272605382766603,0.0299999999999966,500.0,False,False,False,1100.0,0.7402123718529424,0.0030724451792866,,False
LHS02444,693168,True,0.0113915486102895,0.0,50.0,True,False,False,1250.0,3.740682960586811e-07,0.3278064456688908,numerical instability,False
LHS47250,693168,True,0.6975464806646625,0.0299999999999966,200.0,True,False,False,1100.0,0.0007561313235914,0.1483657541392817,numerical instability,False
LHS29761,693168,True,0.6691669512438656,0.0299999999999966,300.0,True,False,False,1100.0,0.3178665701396894,0.1112873091095041,numerical instability,False
LHS18958,693168,True,0.2567078965065392,0.0165999999999981,250.0,True,False,False,1100.0,6.622096666784768e-07,0.2594015597056608,numerical instability,False
LHS27314,693168,True,0.0094990699190611,0.0,50.0,True,False,False,1250.0,1.871016783280299e-07,0.3678267380718352,numerical instability,False
LHS24889,693168,True,0.9485638288674209,0.0299999999999966,400.0,False,True,False,1100.0,0.2301606300134243,0.0004185941809913,,False
LHS09606,693168,True,0.2126216460548287,0.0170999999999981,200.0,True,False,False,1100.0,1.320669852554172e-06,0.2071563815572571,numerical instability,False
LHS16755,693168,False,,0.0,0.0,True,False,False,1100.0,3.422823440739379e-07,0.3700087075513713,unattained interval;numerical instability;unsupported interpolation,False
LHS13795,693168,True,0.0977160026671961,0.0107999999999988,150.0,True,False,False,1150.0,0.1522447949908784,0.3168326167264857,numerical instability,False
LHS00418,693168,True,0.2269554274539099,0.0231999999999974,400.0,True,False,False,1100.0,0.0003685531870963,0.1158717413774923,numerical instability,False
LHS36657,693168,True,0.2362556020405499,0.0182999999999979,250.0,True,False,False,1100.0,1.2079727710522333e-06,0.229270762647366,numerical instability,False
LHS05556,693168,True,0.865247363840339,0.0299999999999966,250.0,True,False,False,1100.0,0.4915342934706405,0.0841799979280871,numerical instability,False
LHS32309,693168,True,0.0036491323548168,0.0,100.0,True,False,False,1200.0,6.030519308231884e-07,0.3181349681023904,numerical instability,False
LHS01166,693168,True,0.4632790687432759,0.0292999999999967,200.0,True,False,False,1100.0,0.1031754473466165,0.2494551993062928,numerical instability,False
LHS32548,693168,True,0.9464539513088386,0.0299999999999966,150.0,True,True,True,1100.0,0.0137059988327155,0.0975354364050903,,False
LHS18277,693168,True,0.9183859745549317,0.0299999999999966,250.0,True,True,True,1100.0,0.0584740923081929,0.0253141111072438,,False
LHS38986,693168,True,0.5591857782766068,0.0299999999999966,350.0,True,False,False,1100.0,0.034386867807858,0.1093843364343246,numerical instability,False
LHS26007,693168,False,,0.0,0.0,True,False,False,1100.0,2.705644520670754e-07,0.378301419261114,unattained interval;numerical instability;unsupported interpolation,False
LHS48227,693168,True,4.280762455799447e-05,0.0,150.0,True,False,False,1150.0,0.1394545953998384,0.3619428742155181,numerical instability,False
LHS30034,693168,True,0.8144848089216247,0.0299999999999966,300.0,True,True,True,1100.0,0.0325238185677213,0.0459334380484942,,False
LHS19781,693168,True,0.592545977771668,0.0299999999999966,250.0,True,False,False,1100.0,0.003974812499309,0.15315884611487,numerical instability,False
LHS35555,693168,True,0.494612850278702,0.0243999999999973,150.0,True,False,False,1150.0,3.3544175687440345e-07,0.2505411417105098,numerical instability,False
LHS06467,693168,False,,0.0,0.0,True,False,False,1100.0,2.8396588607548024e-07,0.3222653742158106,unattained interval;numerical instability;unsupported interpolation,False
LHS05882,693168,True,0.8451216536409095,0.0299999999999966,450.0,False,True,False,1100.0,0.7672443053702765,0.0065244416847047,,False
LHS49851,693168,True,0.0923801787494325,0.0001999999999999,200.0,True,False,False,1100.0,0.0026611927597441,0.2197537761783126,numerical instability,False
LHS10737,693168,True,0.3576141744719425,0.0299999999999966,350.0,True,False,False,1100.0,1.0324633053439115e-06,0.1784724075347738,numerical instability,False
LHS08744,693168,True,0.780706769901732,0.0299999999999966,100.0,True,False,False,1200.0,0.0096925656735176,0.231558992176118,numerical instability,False
LHS31248,693168,True,0.0090748421796794,0.0,250.0,True,False,False,1100.0,5.697567466236246e-07,0.2699325044376711,numerical instability,False
LHS16593,693168,True,0.8404857599835956,0.0299999999999966,450.0,False,True,False,1100.0,0.683108182650396,7.327623721033305e-05,,False
LHS39492,693168,True,0.0098013104607661,0.0,0.0,True,False,False,1300.0,2.894311399149589e-07,0.3562092368295658,numerical instability,False
LHS11778,693168,True,0.8813230735655195,0.0299999999999966,400.0,False,True,False,1100.0,0.6178204328940964,0.0088581682603819,,False
LHS09530,693168,True,0.1074441607545688,0.0104999999999988,100.0,True,False,False,1200.0,6.582199523441878e-07,0.2660243054383563,numerical instability,False
LHS36364,693168,True,0.6727121408714135,0.0299999999999966,400.0,True,True,True,1100.0,0.0121411815517307,0.0346196107642179,,False
LHS00783,693168,True,0.8247020996146035,0.0299999999999966,450.0,False,True,False,1100.0,0.5281486224259722,0.0001690835411083,,False
LHS21616,693168,True,0.5783788192479227,0.0299999999999966,450.0,False,True,False,1100.0,0.8952066908701685,0.0093924228123704,,False
LHS41037,693168,True,0.0013585033861608,0.0,0.0,True,False,False,1300.0,2.4238179608462434e-07,0.3520707778566316,numerical instability,False
LHS20213,693168,True,0.8550538070641668,0.0299999999999966,350.0,True,True,True,1100.0,0.1891516345395582,0.0049226473698858,,False
LHS16539,693168,True,0.0017690624123103,0.0,200.0,True,False,False,1100.0,4.619845634093212e-07,0.282747421535767,numerical instability,False
LHS26956,693168,True,0.0030050069901043,0.0,0.0,True,False,False,1300.0,4.377429891974693e-07,0.3531963829746636,numerical instability,False
LHS39415,693168,False,,0.0,0.0,True,False,False,1100.0,1.9329709434819802e-07,0.380907292582866,unattained interval;numerical instability;unsupported interpolation,False
LHS19215,693168,True,0.0791060349526227,0.0011999999999998,150.0,True,False,False,1150.0,6.292591010782047e-07,0.3089074424179214,numerical instability,False
LHS26260,693168,False,,0.0,0.0,True,False,False,1100.0,3.0485278121698285e-07,0.3255857762822583,unattained interval;numerical instability;unsupported interpolation,False
LHS14515,693168,True,0.5982437491577398,0.0299999999999966,300.0,True,False,False,1100.0,0.1254307996075166,0.0401482273340468,numerical instability,False
LHS41652,693168,True,0.7447292303801817,0.0299999999999966,200.0,True,False,False,1100.0,0.011072842010247,0.0531638815255592,numerical instability,False
LHS41381,693168,True,0.3886592727560967,0.0259999999999971,200.0,True,False,False,1100.0,1.0374752107960664e-06,0.2029889681934396,numerical instability,False
LHS00895,693168,True,0.7490605631005696,0.0299999999999966,350.0,True,True,True,1100.0,0.0028021326576095,0.1164608441169015,,False
LHS17317,693168,False,,0.0,0.0,True,False,False,1100.0,2.3721109715164105e-07,0.3822960109621695,unattained interval;numerical instability;unsupported interpolation,False
LHS36944,693168,True,0.0031332336872706,0.0,100.0,True,False,False,1200.0,3.333871424106253e-07,0.3239465943781578,numerical instability,False
LHS21565,693168,True,0.8974796428903142,0.0299999999999966,250.0,True,True,True,1100.0,0.0566950913256077,0.0234606277448153,,False
LHS31771,693168,True,0.5504288344253095,0.0299999999999966,500.0,False,False,False,1100.0,0.92023099449003,0.0292546443735328,,False
LHS29871,693168,True,0.655171245789985,0.0299999999999966,500.0,False,False,False,1100.0,0.7569914084425433,0.0026534711017965,,False
LHS23882,693168,False,,0.0,0.0,True,False,False,1100.0,2.954471801242993e-07,0.321578460110623,unattained interval;numerical instability;unsupported interpolation,False
LHS36993,693168,False,,0.0,0.0,True,False,False,1100.0,2.5737702005397356e-07,0.3477271191794316,unattained interval;numerical instability;unsupported interpolation,False
LHS49100,693168,True,0.7051256281096752,0.0299999999999966,350.0,True,False,False,1100.0,0.1582532763721009,0.0070269863790513,numerical instability,False
LHS12828,693168,True,0.3759766292175861,0.0299999999999966,300.0,True,False,False,1100.0,0.0998550169341487,0.1723113127103379,numerical instability,False
LHS15882,693168,True,0.0436292961297032,0.0,100.0,True,False,False,1200.0,1.1325396911263352e-06,0.2217504194159871,numerical instability,False
LHS41316,693168,True,0.7681215858301843,0.0299999999999966,450.0,False,True,False,1100.0,0.8363546849187385,0.0076206870481858,,False
LHS22390,693168,True,-0.0102514723712847,0.0,0.0,True,False,False,1300.0,4.6811785256009924e-07,0.3744699697549395,numerical instability,False
LHS15932,693168,True,0.0948826977764741,0.0070999999999992,250.0,True,False,False,1100.0,7.70267065389489e-07,0.2293470589077927,numerical instability,False
LHS00060,693168,True,0.6665069333192157,0.0299999999999966,500.0,False,False,False,1100.0,0.997936538389912,0.0321683887692744,,False
LHS32049,693168,True,0.8555709530215543,0.0299999999999966,350.0,True,True,True,1100.0,0.0319857202527568,0.0495212311093351,,False
LHS28705,693168,True,0.7441329217394732,0.0299999999999966,200.0,True,True,True,1100.0,5.921298074284411e-07,0.211510357106783,,False
LHS03443,693168,True,0.111189434727752,0.0067999999999992,150.0,True,False,False,1150.0,1.138400984370646e-06,0.2771173414373018,numerical instability,False
LHS48772,693168,True,0.701380235774754,0.0299999999999966,400.0,True,False,False,1100.0,0.1420511747826905,0.0019129435654294,numerical instability,False
LHS14487,693168,False,,0.0,0.0,True,False,False,1100.0,2.537703873917758e-07,0.358194009572151,unattained interval;numerical instability;unsupported interpolation,False
LHS02227,693168,True,0.0069881559652987,0.0,100.0,True,False,False,1200.0,2.709716970895004e-07,0.3207413310438853,numerical instability,False
LHS17856,693168,True,0.7842616172265584,0.0299999999999966,500.0,False,False,False,1100.0,0.9061977533445708,0.0044218827975098,,False
LHS16628,693168,True,-0.0041870964054737,0.0,0.0,True,False,False,1300.0,4.435331428908877e-07,0.36604623025513,numerical instability,False
LHS07555,693168,True,0.0059061464577451,0.0,150.0,True,False,False,1150.0,5.297083802790128e-07,0.3256086760687917,numerical instability,False
LHS26274,693168,False,-0.0032767630202868,0.0,50.0,True,False,False,1250.0,4.701258367260042e-07,0.3627274748646826,unattained interval;numerical instability;unsupported interpolation,False
LHS01411,693168,True,0.5254364058362162,0.0299999999999966,150.0,True,False,False,1150.0,0.0012905396048889,0.2138354049561825,numerical instability,False
LHS20187,693168,True,0.7359605018444169,0.0299999999999966,300.0,True,True,True,1100.0,0.0034127048315357,0.1160868378491733,,False
LHS03130,693168,False,,0.0,0.0,True,False,False,1100.0,3.970908688900007e-07,0.3741214847258826,unattained interval;numerical instability;unsupported interpolation,False
LHS33271,693168,True,-0.0023464523196474,0.0,50.0,True,False,False,1250.0,4.160357498956058e-07,0.3251173734427815,numerical instability,False
LHS15857,693168,True,0.0814281458630711,0.0041999999999995,200.0,True,False,False,1100.0,6.215259841015112e-07,0.2734197830943447,numerical instability,False
LHS18242,693168,True,0.9115474727256324,0.0299999999999966,450.0,False,True,False,1100.0,0.8501871559305522,0.0002695972774348,,False
LHS33873,693168,True,0.4763836033522678,0.0299999999999966,450.0,True,False,False,1100.0,0.3757695514904241,0.0228516284247559,numerical instability,False
LHS29797,693168,True,0.893810386728327,0.0299999999999966,200.0,True,False,False,1100.0,0.0137649677844412,0.0579624430741357,numerical instability,False
LHS37165,693168,True,0.8835933799799265,0.0299999999999966,250.0,True,False,False,1100.0,0.0899617068301876,0.0190151328068547,numerical instability,False
LHS22901,693168,True,0.8135897621656913,0.0299999999999966,500.0,False,False,False,1100.0,0.990383991016724,0.0057242967315223,,False
LHS02939,693168,True,0.0016725063854604,0.0,100.0,True,False,False,1200.0,0.0004445430391047,0.2790012466011176,numerical instability,False
LHS41169,693168,True,0.8221403196957139,0.0299999999999966,450.0,False,True,False,1100.0,0.6884611937838886,0.0170197296363705,,False
LHS10786,693168,True,0.0099657680685258,0.0,50.0,True,False,False,1250.0,0.0003545445039568,0.2860885008282637,numerical instability,False
LHS27641,693168,True,0.6628201793776387,0.0299999999999966,400.0,True,False,False,1100.0,0.2171374082077852,0.0083346239187839,numerical instability,False
LHS26901,693168,True,0.9200502046127872,0.0299999999999966,450.0,False,True,False,1100.0,0.738873542701094,0.0032916035320542,,False
LHS08768,693168,True,0.8678814269101339,0.0299999999999966,200.0,True,True,True,1100.0,0.0052062536922389,0.0956566570704636,,False
LHS34275,693168,True,0.0119983615737054,0.0,50.0,True,False,False,1250.0,3.4773889775266684e-07,0.3426328935104803,numerical instability,False
LHS29100,693168,True,0.0422478516940645,0.0074999999999991,100.0,True,False,False,1200.0,0.3181241287034757,0.4179598465348441,numerical instability,False
LHS38304,693168,True,0.1541875690530294,0.0064999999999992,200.0,True,False,False,1100.0,9.781305790297805e-07,0.1909607478502653,numerical instability,False
LHS05678,693168,True,0.0064128297947146,0.0,200.0,True,False,False,1100.0,4.294393377846791e-07,0.3066264239761181,numerical instability,False
LHS35580,693168,True,0.2828517616248557,0.0299999999999966,450.0,True,False,False,1100.0,0.538415682448367,0.0791210222440064,numerical instability,False
LHS17172,693168,True,0.0049115595023837,0.0,100.0,True,False,False,1200.0,4.182227443072711e-07,0.3305435713862094,numerical instability,False
LHS35663,693168,True,0.6781562596686517,0.0299999999999966,450.0,False,True,False,1100.0,0.9544148396041706,0.0073354265944464,,False
LHS23628,693168,True,0.4848552511678337,0.0299999999999966,450.0,True,False,False,1100.0,0.4286276870467607,0.1093000479216908,numerical instability,False
LHS35462,693168,True,0.6624315365138971,0.0299999999999966,250.0,True,False,False,1100.0,0.0049031432652551,0.1102680310998717,numerical instability,False
LHS29560,693168,True,0.5307787555314716,0.0299999999999966,500.0,False,False,False,1100.0,0.5262914815560438,0.0137096213691856,,False
LHS48421,693168,True,0.8347980532657637,0.0299999999999966,150.0,True,False,False,1150.0,0.0001860073366505,0.142396281248391,numerical instability,False
LHS44051,693168,True,0.0042791578221135,0.0,0.0,True,False,False,1300.0,4.44310346454057e-07,0.3438033778459014,numerical instability,False
LHS15650,693168,True,0.8949625585160944,0.0299999999999966,450.0,False,True,False,1100.0,0.5814026396582791,0.0568709553414847,,False
LHS49480,693168,True,0.5432112447511404,0.0299999999999966,350.0,True,False,False,1100.0,0.007074372312459,0.1381809254687039,numerical instability,False
LHS03959,693168,True,0.7159743163882684,0.0299999999999966,450.0,False,True,False,1100.0,0.5573336144593314,0.0297467006219748,,False
LHS41687,693168,True,0.915120737236408,0.0299999999999966,450.0,False,True,False,1100.0,0.5667582486873903,0.0053935389404752,,False
LHS01878,693168,True,0.0036913478186063,0.0,50.0,True,False,False,1250.0,5.306636687644407e-07,0.3149544883186524,numerical instability,False
LHS13601,693168,True,0.7414489072092163,0.0299999999999966,150.0,True,False,False,1150.0,0.4691523119656733,0.2613403385304165,numerical instability,False
LHS48951,693168,True,0.0011041427498588,0.0,100.0,True,False,False,1200.0,3.665315899255907e-07,0.3085795192966849,numerical instability,False
LHS01581,693168,True,0.4634270112134996,0.026599999999997,200.0,True,False,False,1100.0,7.137019820600602e-07,0.228190737638659,numerical instability,False
LHS41197,693168,True,0.4314810435314635,0.0299999999999966,300.0,True,False,False,1100.0,0.0016360376059031,0.1322277760976742,numerical instability,False
LHS46230,693168,True,0.7072380140126135,0.0299999999999966,400.0,True,True,True,1100.0,0.3413376034398086,0.0050973336142047,,False
LHS04683,693168,True,0.6001332732136432,0.0299999999999966,250.0,True,False,False,1100.0,0.3457611568412558,0.1924494463938444,numerical instability,False
LHS41702,693168,True,0.9146569728061434,0.0299999999999966,150.0,True,True,True,1100.0,0.0026668238388395,0.10758618446053,,False
LHS26488,693168,False,,0.0,0.0,True,False,False,1100.0,5.078962481920825e-07,0.3594880693073566,unattained interval;numerical instability;unsupported interpolation,False
LHS24838,693168,True,0.6954537525840904,0.0299999999999966,250.0,True,False,False,1100.0,0.014263867718778,0.0743902595586886,numerical instability,False
LHS07454,693168,False,,0.0,0.0,True,False,False,1100.0,2.9053744056175885e-07,0.3498300786692718,unattained interval;numerical instability;unsupported interpolation,False
LHS18219,693168,True,0.700981132329958,0.0299999999999966,450.0,False,True,False,1100.0,0.5453206534319549,0.0077273604548131,,False
LHS00717,693168,True,0.8685881105847063,0.0299999999999966,100.0,True,True,True,1150.0,0.2221589328702185,0.1751018315609016,,False
LHS38928,693168,True,0.6442224926917428,0.0299999999999966,500.0,False,False,False,1100.0,0.954495431692394,0.0045999191592642,,False
LHS29581,693168,True,0.6955649715288337,0.0299999999999966,300.0,True,False,False,1100.0,0.0664310325834419,0.0339979818304424,numerical instability,False
LHS02900,693168,True,0.6711420348076926,0.0299999999999966,500.0,False,False,False,1100.0,0.9249479848912748,0.0166088758979661,,False
LHS21354,693168,True,0.0053507007471478,0.0,150.0,True,False,False,1150.0,4.6584412305492826e-07,0.2808145191754377,numerical instability,False
LHS28803,693168,True,0.5821159129690024,0.0299999999999966,400.0,True,False,False,1100.0,0.2620151640260464,0.0060157944421502,numerical instability,False
LHS10160,693168,True,0.9091043474957258,0.0299999999999966,200.0,True,True,True,1100.0,0.0071655308035825,0.0602791302702717,,False
LHS07053,693168,True,0.1030553448893374,0.0060999999999993,250.0,True,False,False,1100.0,7.834567277886107e-07,0.3054540794024021,numerical instability,False
LHS11661,693168,True,0.6041038857232308,0.0299999999999966,500.0,False,False,False,1100.0,0.4557491846748656,0.0065253394191889,,False
LHS08985,693168,True,0.9316137412324976,0.0299999999999966,400.0,False,True,False,1100.0,0.7446329542472975,0.0170114069880204,,False
LHS44845,693168,True,0.828886055648997,0.0299999999999966,200.0,True,True,True,1100.0,0.0113188713408011,0.1000976062826214,,False
LHS31698,693168,True,0.0143766756560184,0.0,100.0,True,False,False,1200.0,3.553634522752424e-07,0.3587300462902121,numerical instability,False
LHS21020,693168,True,0.3922315464982884,0.0299999999999966,250.0,True,False,False,1100.0,0.0789101823464594,0.146393445260839,numerical instability,False
LHS03575,693168,True,0.1593627588296552,0.0071999999999992,250.0,True,False,False,1100.0,1.4670646495782746e-06,0.1346445511864171,numerical instability,False
LHS05624,693168,True,0.6132007698629566,0.0299999999999966,450.0,False,True,False,1100.0,0.7103168887471981,0.0002751382039275,,False
LHS40912,693168,False,,0.0,0.0,True,False,False,1100.0,1.9114421123555285e-07,0.3815646975512761,unattained interval;numerical instability;unsupported interpolation,False
LHS08309,693168,True,0.8487118164833953,0.0299999999999966,500.0,False,False,False,1100.0,0.9492722716819056,0.0016277798501836,,False
LHS48598,693168,True,0.0571681031729262,0.0,300.0,True,False,False,1100.0,6.212573385299174e-07,0.2043783336860437,numerical instability,False
LHS03641,693168,True,0.6188651635542866,0.0299999999999966,200.0,True,False,False,1100.0,0.0001119330557286,0.1177566043526773,numerical instability,False
LHS22456,693168,True,0.4209237317301708,0.0299999999999966,400.0,True,False,False,1100.0,0.0284292607479423,0.0361676874460422,numerical instability,False
LHS35665,693168,False,,0.0,0.0,True,False,False,1100.0,3.628456654926891e-07,0.3537337337505604,unattained interval;numerical instability;unsupported interpolation,False
LHS37287,693168,True,0.7250616978150817,0.0299999999999966,450.0,False,True,False,1100.0,0.7506007697448241,0.0447505303498661,,False
LHS39704,693168,True,0.5165128661190412,0.0299999999999966,350.0,True,False,False,1100.0,0.0455843491028002,0.0423577702347655,numerical instability,False
LHS48889,693168,True,0.2833818815917737,0.0247999999999972,300.0,True,False,False,1100.0,1.0290001722701904e-06,0.1837231734283536,numerical instability,False
LHS16147,693168,True,0.0414965266193378,0.0,150.0,True,False,False,1150.0,8.091602603204144e-07,0.2179071145606752,numerical instability,False
LHS26837,693168,True,0.0076605437914563,0.0,200.0,True,False,False,1100.0,9.481029645658636e-07,0.2565438030222209,numerical instability,False
LHS29499,693168,True,0.173553790362548,0.0130999999999985,100.0,True,False,False,1200.0,4.533108024734654e-07,0.3090659340088009,numerical instability,False
LHS48821,693168,True,0.7340499733591936,0.0299999999999966,300.0,True,True,True,1100.0,0.3533957290212093,0.0642997412756691,,False
LHS28783,693168,True,0.9003227014497743,0.0299999999999966,450.0,False,True,False,1100.0,0.5928288358579216,0.0082640855045357,,False
LHS17169,693168,True,0.923782046569154,0.0299999999999966,350.0,True,True,True,1100.0,0.2817617189418342,0.0276687669105807,,False
LHS27563,693168,True,0.8107759554417602,0.0299999999999966,450.0,False,True,False,1100.0,0.4824594565557147,0.0006987214234745,,False
LHS27154,693168,True,0.5817251557430807,0.0299999999999966,250.0,True,False,False,1100.0,0.0081989806719426,0.1182129148519261,numerical instability,False
LHS29030,693168,True,0.6743187599516057,0.0299999999999966,250.0,True,False,False,1100.0,0.3037558829928581,0.1471587364990593,numerical instability,False
LHS31387,693168,True,0.722898696898838,0.0299999999999966,200.0,True,False,False,1100.0,7.394069617059382e-07,0.1692040708267366,numerical instability,False
LHS32307,693168,True,0.8351645662958036,0.0299999999999966,450.0,False,True,False,1100.0,0.8165437745880663,0.0109386863926459,,False
LHS46187,693168,True,0.69422452325189,0.0299999999999966,150.0,True,True,True,1100.0,1.2589940483659838e-06,0.2028106419328866,,False
LHS19266,693168,True,0.8336291937305721,0.0299999999999966,150.0,True,False,False,1150.0,0.005035312254551,0.1871238047643663,numerical instability,False
LHS12899,693168,True,0.8457691320070516,0.0299999999999966,300.0,True,True,True,1100.0,0.042103276621514,0.0305541280338929,,False
LHS13845,693168,True,0.0077043368212378,0.0,100.0,True,False,False,1200.0,5.010935917781125e-07,0.2792676013205075,numerical instability,False
LHS03904,693168,True,0.8732808454545866,0.0299999999999966,250.0,True,True,True,1100.0,0.0192140083269739,0.0313274633490704,,False
LHS12072,693168,True,0.0168283704274557,0.0,250.0,True,False,False,1100.0,7.64903802519315e-07,0.2787114571215214,numerical instability,False
LHS14005,693168,True,0.8324095405712106,0.0299999999999966,450.0,False,True,False,1100.0,0.4022390223142936,0.0209114222209256,,False
LHS27554,693168,True,0.7146598729676259,0.0299999999999966,250.0,True,False,False,1100.0,0.0119795227456436,0.0498611726731192,numerical instability,False
LHS11986,693168,True,0.9301364177619044,0.0299999999999966,450.0,False,True,False,1100.0,0.7323898301707694,0.0301040832028342,,False
LHS11600,693168,False,,0.0,0.0,True,False,False,1100.0,5.681272278891494e-07,0.3769392559936542,unattained interval;numerical instability;unsupported interpolation,False
LHS12044,693168,True,-0.0036485495422624,0.0,0.0,True,False,False,1300.0,4.823571556601156e-07,0.3816007852892708,numerical instability,False
LHS11654,693168,True,-0.0042231780156387,0.0,50.0,True,False,False,1250.0,4.378965482971579e-07,0.3463937631618968,numerical instability,False
LHS29297,693168,True,0.0029166572498821,0.0,150.0,True,False,False,1150.0,5.657035542555318e-07,0.3018562322596,numerical instability,False
LHS45613,693168,True,0.0051665465846586,0.0,50.0,True,False,False,1250.0,3.3458814393689813e-07,0.32887630903632,numerical instability,False
LHS22955,693168,True,0.1263264886336043,0.0,250.0,True,False,False,1100.0,0.0004851311527766,0.1175863583439434,numerical instability,False
LHS38696,693168,False,,0.0,0.0,True,False,False,1100.0,3.625264490793871e-07,0.3697519100376779,unattained interval;numerical instability;unsupported interpolation,False
LHS16175,693168,True,0.0172467269556044,0.0,200.0,True,False,False,1100.0,6.511899815397474e-05,0.2555490253701126,numerical instability,False
LHS11585,693168,False,0.0027840698164574,0.0,200.0,True,False,False,1100.0,0.2744859344463297,0.4189347207578887,unattained interval;numerical instability;unsupported interpolation,False
LHS16354,693168,True,0.055752822869894,0.0065999999999992,200.0,True,False,False,1100.0,0.0001161833028014,0.2712392005847323,numerical instability,False
LHS33671,693168,True,0.856297858497237,0.0299999999999966,250.0,True,True,True,1100.0,0.0186159175788214,0.0593342125384149,,False
LHS34880,693168,False,,0.0,0.0,True,False,False,1100.0,3.818518746151181e-07,0.3906112532433481,unattained interval;numerical instability;unsupported interpolation,False
LHS22534,693168,True,-0.0031176531879573,0.0,50.0,True,False,False,1250.0,4.08348015177974e-07,0.3574023287564917,numerical instability,False
LHS01021,693168,True,0.6295396510753403,0.0299999999999966,250.0,True,False,False,1100.0,0.0309513180544511,0.0662832128783398,numerical instability,False
LHS15080,693168,True,0.7851962210902677,0.0299999999999966,400.0,True,True,True,1100.0,0.6117741914148018,0.0148890985139477,,False
LHS21577,693168,True,0.0888845968839173,0.0053999999999994,50.0,True,False,False,1250.0,3.7377570326050507e-07,0.3191192608689135,numerical instability,False
LHS16295,693168,True,0.8673060275026521,0.0299999999999966,250.0,True,True,True,1100.0,0.0042062864116253,0.0868948428185119,,False
LHS24020,693168,True,0.509759044858727,0.0299999999999966,250.0,True,False,False,1100.0,0.0034169290578425,0.1308204711998556,numerical instability,False
LHS32153,693168,False,,0.0,0.0,True,False,False,1100.0,1.0601952863411437e-07,0.3240392217930465,unattained interval;numerical instability;unsupported interpolation,False
LHS12793,693168,True,0.0200749130593383,0.0,150.0,True,False,False,1150.0,5.304961755481535e-07,0.339230890462565,numerical instability,False
LHS22930,693168,True,0.6855648438550495,0.0299999999999966,400.0,True,False,False,1100.0,0.3280952799074514,0.0365582863758388,numerical instability,False
LHS22587,693168,True,0.0036486186658746,0.0,0.0,True,False,False,1300.0,3.816009150873854e-07,0.3623292492268431,numerical instability,False
LHS00147,693168,True,0.5037802948260838,0.0299999999999966,300.0,True,False,False,1100.0,7.86211586107051e-07,0.1740465010111616,numerical instability,False
LHS39530,693168,True,0.7778160401648861,0.0299999999999966,500.0,False,False,False,1100.0,0.6066056313871527,0.0153988862683622,,False
LHS38287,693168,True,0.0436415082260327,0.0,150.0,True,False,False,1150.0,1.07731073987075e-06,0.2827870036731331,numerical instability,False
LHS19402,693168,True,0.9300807081737444,0.0299999999999966,400.0,False,True,False,1100.0,0.2841202458262781,0.0012753379995647,,False
LHS29323,693168,True,0.9433105328732582,0.0299999999999966,400.0,True,True,True,1100.0,0.2330877695383129,0.0056099763427173,,False
LHS36468,693168,True,0.7006436190529506,0.0299999999999966,400.0,True,False,False,1100.0,0.3975629543683817,0.0223799510810658,numerical instability,False
LHS49077,693168,True,0.6688260475052528,0.0299999999999966,150.0,True,False,False,1150.0,0.2631914202073347,0.2216169988035485,numerical instability,False
LHS19628,693168,True,0.8049174876972051,0.0299999999999966,300.0,True,True,True,1100.0,0.0443233322059611,0.0374266249430331,,False
LHS14039,693168,True,0.6748689934155283,0.0299999999999966,500.0,False,False,False,1100.0,0.5339460011622499,0.0004734652962771,,False
LHS20722,693168,True,0.6446700487448508,0.0299999999999966,250.0,True,False,False,1100.0,0.0043910471937781,0.0980525750406391,numerical instability,False
LHS21014,693168,True,0.38923033074063,0.0299999999999966,350.0,True,False,False,1100.0,0.470272104686968,0.0893811299029326,numerical instability,False
LHS01537,693168,False,,0.0,0.0,True,False,False,1100.0,4.592122661632288e-07,0.375696674551939,unattained interval;numerical instability;unsupported interpolation,False
LHS11560,693168,True,0.8605821320309721,0.0299999999999966,450.0,False,True,False,1100.0,0.5141414219971775,0.0054469469981402,,False
LHS31979,693168,True,0.8655313348136513,0.0299999999999966,450.0,False,True,False,1100.0,0.7080646750910498,0.0003093280706431,,False
LHS11314,693168,True,0.788921705568923,0.0299999999999966,350.0,True,True,True,1100.0,0.0104439333907053,0.0400693579358271,,False
LHS21741,693168,True,0.7604988257353507,0.0299999999999966,200.0,True,True,True,1100.0,0.1033722679095233,0.0743341376705299,,False
LHS01054,693168,True,0.0075428739172387,0.0,200.0,True,False,False,1100.0,0.0037516814228923,0.2803138929910344,numerical instability,False
LHS14664,693168,True,0.846279842152099,0.0299999999999966,450.0,False,True,False,1100.0,0.438064791067713,0.0219133892821007,,False
LHS29493,693168,False,,0.0,0.0,True,False,False,1100.0,3.112189110067059e-07,0.3833902101501569,unattained interval;numerical instability;unsupported interpolation,False
LHS34683,693168,True,0.7281307975295812,0.0299999999999966,450.0,False,True,False,1100.0,0.8772161167520346,0.0040746765882405,,False
LHS16637,693168,True,0.1959857773226851,0.0136999999999984,150.0,True,False,False,1150.0,8.188275200680614e-07,0.2451424969691061,numerical instability,False
LHS20719,693168,True,0.6473564667698369,0.0299999999999966,500.0,False,False,False,1100.0,0.9775604554085476,0.0205206882272995,,False
LHS48576,693168,True,0.0128616185075363,0.0,150.0,True,False,False,1150.0,5.030497150317125e-07,0.3037117622476031,numerical instability,False
LHS49217,693168,True,0.9529769110258411,0.0299999999999966,100.0,True,True,True,1100.0,0.0884110125201609,0.0911401176161059,,False
LHS44457,693168,True,0.9313752383442804,0.0299999999999966,450.0,False,True,False,1100.0,0.8115685904987129,0.0100797327290349,,False
LHS40799,693168,True,0.8070677083082939,0.0299999999999966,300.0,True,True,True,1100.0,0.0283344116627384,0.0480118874200764,,False
LHS46635,693168,True,0.8854720135062106,0.0299999999999966,150.0,True,True,True,1100.0,0.0025327523653917,0.1166135732367192,,False
BASE,693168,True,0.9062874073435776,0.0299999999999966,250.0,True,True,True,1100.0,0.649417504348451,0.1674003340096851,,False
OAT0001,693168,True,0.9062874073435776,0.0299999999999966,250.0,True,True,True,1100.0,0.649417504348451,0.1674003340096851,,False
OAT0002,693168,True,0.9062874073435776,0.0299999999999966,250.0,True,True,True,1100.0,0.649417504348451,0.1674003340096851,,False
OAT0003,693168,True,0.9062874073435776,0.0299999999999966,250.0,True,True,True,1100.0,0.649417504348451,0.1674003340096851,,False
OAT0004,693168,True,0.9062874073435776,0.0299999999999966,250.0,True,True,True,1100.0,0.649417504348451,0.1674003340096851,,False
OAT0005,693168,True,0.9062874073435776,0.0299999999999966,250.0,True,True,True,1100.0,0.649417504348451,0.1674003340096851,,False
OAT0006,693168,True,0.9062874073435776,0.0299999999999966,250.0,True,True,True,1100.0,0.649417504348451,0.1674003340096851,,False
OAT0007,693168,True,0.9062874073435776,0.0299999999999966,250.0,True,True,True,1100.0,0.649417504348451,0.1674003340096851,,False
OAT0008,693168,True,0.9062874073435776,0.0299999999999966,250.0,True,True,True,1100.0,0.649417504348451,0.1674003340096851,,False
OAT0009,693168,True,0.9062874073435776,0.0299999999999966,250.0,True,True,True,1100.0,0.649417504348451,0.1674003340096851,,False
OAT0010,693168,True,0.9062874073435776,0.0299999999999966,250.0,True,True,True,1100.0,0.649417504348451,0.1674003340096851,,False
OAT0011,693168,True,0.9062874073435776,0.0299999999999966,250.0,True,True,True,1100.0,0.649417504348451,0.1674003340096851,,False
OAT0012,693168,True,0.9062874073435776,0.0299999999999966,250.0,True,True,True,1100.0,0.649417504348451,0.1674003340096851,,False
OAT0013,693168,True,0.9062874073435776,0.0299999999999966,250.0,True,True,True,1100.0,0.649417504348451,0.1674003340096851,,False
OAT0014,693168,True,0.9062874073435776,0.0299999999999966,250.0,True,True,True,1100.0,0.649417504348451,0.1674003340096851,,False
OAT0015,693168,True,0.9062874073435776,0.0299999999999966,250.0,True,True,True,1100.0,0.649417504348451,0.1674003340096851,,False
OAT0016,693168,True,0.9062874073435776,0.0299999999999966,250.0,True,True,True,1100.0,0.649417504348451,0.1674003340096851,,False
OAT0017,693168,True,0.9062874073435776,0.0299999999999966,250.0,True,True,True,1100.0,0.649417504348451,0.1674003340096851,,False
OAT0018,693168,True,0.9062874073435776,0.0299999999999966,250.0,True,True,True,1100.0,0.649417504348451,0.1674003340096851,,False
OAT0019,693168,True,0.9062874073435776,0.0299999999999966,250.0,True,True,True,1100.0,0.649417504348451,0.1674003340096851,,False
OAT0020,693168,True,0.9062874073435776,0.0299999999999966,250.0,True,True,True,1100.0,0.649417504348451,0.1674003340096851,,False
OAT0021,693168,True,0.9062874073435776,0.0299999999999966,250.0,True,True,True,1100.0,0.649417504348451,0.1674003340096851,,False
OAT0022,693168,True,0.9062874073435776,0.0299999999999966,250.0,True,True,True,1100.0,0.649417504348451,0.1674003340096851,,False
OAT0023,693168,True,0.9062874073435776,0.0299999999999966,250.0,True,True,True,1100.0,0.649417504348451,0.1674003340096851,,False
OAT0024,693168,True,0.858271102047229,0.0299999999999966,200.0,True,True,True,1100.0,0.6492790995231288,0.1675142213326729,,False
OAT0025,693168,True,0.8728230738191195,0.0299999999999966,250.0,True,True,True,1100.0,0.6493069459891463,0.1674912833713336,,False
OAT0026,693168,True,0.8855511750507036,0.0299999999999966,250.0,True,True,True,1100.0,0.6493393585889771,0.1674645980170551,,False
OAT0027,693168,True,0.8966472276959343,0.0299999999999966,250.0,True,True,True,1100.0,0.6493763266210054,0.1674341828175145,,False
OAT0028,693168,True,0.9062874073435776,0.0299999999999966,250.0,True,True,True,1100.0,0.649417504348451,0.1674003340096851,,False
OAT0029,693168,True,0.9146332090063962,0.0299999999999966,250.0,True,True,True,1100.0,0.6494621417674142,0.1673636830468404,,False
OAT0030,693168,True,0.9218325718571958,0.0299999999999966,250.0,True,True,True,1100.0,0.6495090621548493,0.1673252136179624,,False
OAT0031,693168,True,0.928020957091144,0.0299999999999966,250.0,True,True,True,1100.0,0.6495567114037791,0.167286218188192,,False
OAT0032,693168,True,0.9333222580111716,0.0299999999999966,250.0,True,True,True,1100.0,0.6496032977908457,0.1672481804677234,,False
OAT0033,693168,True,0.7564554342314023,0.0299999999999966,300.0,True,True,True,1100.0,0.3617387821378296,0.2810980077773532,,False
OAT0034,693168,True,0.7910385368903631,0.0299999999999966,300.0,True,True,True,1100.0,0.4182320685389295,0.2576869484048155,,False
OAT0035,693168,True,0.8119997468341519,0.0299999999999966,250.0,True,True,True,1100.0,0.4854209304681231,0.2305160750136528,,False
OAT0036,693168,True,0.88162483368635,0.0299999999999966,250.0,True,True,True,1100.0,0.5631331602243248,0.2000410443903056,,False
OAT0037,693168,True,0.9062874073435776,0.0299999999999966,250.0,True,True,True,1100.0,0.649417504348451,0.1674003340096851,,False
OAT0038,693168,True,0.9269065992175858,0.0299999999999966,200.0,True,True,True,1100.0,0.7396306409045937,0.1345131398782406,,False
OAT0039,693168,True,0.943873953128095,0.0299999999999966,300.0,True,True,True,1100.0,0.8260359621416542,0.103856183532571,,False
OAT0040,693168,True,0.9557514300625152,0.0299999999999966,300.0,True,True,True,1100.0,0.8991454824073091,0.0777296480822703,,False
OAT0041,693168,True,0.9635978523600128,0.0299999999999966,300.0,True,True,True,1100.0,0.9514745892333262,0.0573069127496761,,False
OAT0042,693168,True,0.9051317022991464,0.0299999999999966,400.0,False,True,False,1100.0,0.9220246108768356,0.1427520009863949,,False
OAT0043,693168,True,0.9080153214211992,0.0299999999999966,400.0,False,True,False,1100.0,0.8733460071692887,0.1494651901258422,,False
OAT0044,693168,True,0.9096166608941753,0.0299999999999966,400.0,False,True,False,1100.0,0.8099811916166143,0.1567156129430497,,False
OAT0045,693168,True,0.909075686696071,0.0299999999999966,250.0,True,True,True,1100.0,0.7342312456933373,0.1631084023233196,,False
OAT0046,693168,True,0.9062874073435776,0.0299999999999966,250.0,True,True,True,1100.0,0.649417504348451,0.1674003340096851,,False
OAT0047,693168,True,0.9038118762172096,0.0299999999999966,200.0,True,True,True,1100.0,0.5589777747296383,0.1687951343418736,,False
OAT0048,693168,True,0.9009671156079446,0.0299999999999966,200.0,True,True,True,1100.0,0.465943772296315,0.1669864071534565,,False
OAT0049,693168,True,0.8956718966348138,0.0299999999999966,200.0,True,True,True,1100.0,0.3727593793845304,0.1620412463445067,,False
OAT0050,693168,True,0.885199182046886,0.0299999999999966,200.0,True,True,True,1100.0,0.2812765258231424,0.1542479176947834,,False
OAT0051,693168,True,0.9062874073435776,0.0299999999999966,250.0,True,True,True,1100.0,0.649417504348451,0.1674003340096851,,False
OAT0052,693168,True,0.9062874073435776,0.0299999999999966,250.0,True,True,True,1100.0,0.649417504348451,0.1674003340096851,,False
OAT0053,693168,True,0.9062874073435776,0.0299999999999966,250.0,True,True,True,1100.0,0.649417504348451,0.1674003340096851,,False
OAT0054,693168,True,0.9062874073435776,0.0299999999999966,250.0,True,True,True,1100.0,0.649417504348451,0.1674003340096851,,False
OAT0055,693168,True,0.9062874073435776,0.0299999999999966,250.0,True,True,True,1100.0,0.649417504348451,0.1674003340096851,,False
OAT0056,693168,True,0.9062874073435776,0.0299999999999966,250.0,True,True,True,1100.0,0.649417504348451,0.1674003340096851,,False
OAT0057,693168,True,0.9062874073435776,0.0299999999999966,250.0,True,True,True,1100.0,0.649417504348451,0.1674003340096851,,False
OAT0058,693168,True,0.9062874073435776,0.0299999999999966,250.0,True,True,True,1100.0,0.649417504348451,0.1674003340096851,,False
OAT0059,693168,True,0.9062874073435776,0.0299999999999966,250.0,True,True,True,1100.0,0.649417504348451,0.1674003340096851,,False
OAT0060,693168,True,0.9062874073435776,0.0299999999999966,250.0,True,True,True,1100.0,0.649417504348451,0.1674003340096851,,False
OAT0061,693168,True,0.9062874073435776,0.0299999999999966,250.0,True,True,True,1100.0,0.649417504348451,0.1674003340096851,,False
OAT0062,693168,True,0.9062874073435776,0.0299999999999966,250.0,True,True,True,1100.0,0.649417504348451,0.1674003340096851,,False
OAT0063,693168,True,0.9062874073435776,0.0299999999999966,250.0,True,True,True,1100.0,0.649417504348451,0.1674003340096851,,False
OAT0064,693168,True,0.9062874073435776,0.0299999999999966,250.0,True,True,True,1100.0,0.649417504348451,0.1674003340096851,,False
OAT0065,693168,True,0.9062874073435776,0.0299999999999966,250.0,True,True,True,1100.0,0.649417504348451,0.1674003340096851,,False
OAT0066,693168,True,0.9062874073435776,0.0299999999999966,250.0,True,True,True,1100.0,0.649417504348451,0.1674003340096851,,False
OAT0067,693168,True,0.9062874073435776,0.0299999999999966,250.0,True,True,True,1100.0,0.649417504348451,0.1674003340096851,,False
OAT0068,693168,True,0.9062874073435776,0.0299999999999966,250.0,True,True,True,1100.0,0.649417504348451,0.1674003340096851,,False
OAT0069,693168,True,0.9062874073435776,0.0299999999999966,250.0,True,True,True,1100.0,0.649417504348451,0.1674003340096851,,False
OAT0070,693168,True,0.9062874073435776,0.0299999999999966,250.0,True,True,True,1100.0,0.649417504348451,0.1674003340096851,,False
OAT0071,693168,True,0.9062874073435776,0.0299999999999966,250.0,True,True,True,1100.0,0.649417504348451,0.1674003340096851,,False
OAT0072,693168,True,0.577674798554757,0.0299999999999966,350.0,True,False,False,1100.0,0.6491667539319025,0.1676068537411217,numerical instability,False
OAT0073,693168,True,0.7469497420848502,0.0299999999999966,300.0,True,True,True,1100.0,0.6491922537503152,0.1675858174503203,,False
OAT0074,693168,True,0.8452821120260933,0.0299999999999966,250.0,True,True,True,1100.0,0.6492569947977268,0.1675324366968721,,False
OAT0075,693168,True,0.9062874073435776,0.0299999999999966,250.0,True,True,True,1100.0,0.649417504348451,0.1674003340096851,,False
OAT0076,693168,True,0.9349007499508868,0.0299999999999966,200.0,True,True,True,1100.0,0.6496257467533423,0.1672298894215681,,False
OAT0077,693168,True,0.9498732753663216,0.0299999999999966,200.0,True,True,True,1100.0,0.6497782634970309,0.1671068694088203,,False
OAT0078,693168,True,0.9562391843162446,0.0299999999999966,150.0,True,True,True,1100.0,0.6498261834991027,0.1670692423391901,,False
OAT0079,693168,False,,0.0,0.0,True,True,False,1100.0,0.1500714477369908,0.3722355324597688,unattained interval;numerical instability;unsupported interpolation,False
OAT0080,693168,True,0.0546080623764779,0.0,100.0,True,False,False,1200.0,0.1957215751966718,0.3523553596340885,numerical instability,False
OAT0081,693168,True,0.7965954110525617,0.0299999999999966,100.0,True,True,True,1100.0,0.3183020296552085,0.2994382074501166,,False
OAT0082,693168,True,0.9062874073435776,0.0299999999999966,250.0,True,True,True,1100.0,0.649417504348451,0.1674003340096851,,False
OAT0083,693168,True,0.9204455545768976,0.0299999999999966,250.0,True,True,True,1100.0,0.9688300794353631,0.0492419614487995,,False
OAT0084,693168,True,0.9202236895863996,0.0299999999999966,300.0,True,True,True,1100.0,0.9997751980074452,0.0120669784581146,,False
OAT0085,693168,True,0.9173370697000892,0.0299999999999966,350.0,True,True,True,1100.0,0.9999041140104048,0.0044150084611261,,False
OAT0086,693168,True,0.7146607675327292,0.0299999999999966,200.0,True,True,True,1100.0,0.9999998221835742,0.1744857223513236,,False
OAT0087,693168,True,0.8314389733889228,0.0299999999999966,300.0,True,True,True,1100.0,0.9997557691732408,0.140736422499796,,False
OAT0088,693168,True,0.902124211927642,0.0299999999999966,250.0,True,True,True,1100.0,0.9569301629433744,0.1450051660818087,,False
OAT0089,693168,True,0.9062874073435776,0.0299999999999966,250.0,True,True,True,1100.0,0.649417504348451,0.1674003340096851,,False
OAT0090,693168,True,0.7972985055270393,0.0299999999999966,150.0,True,True,True,1100.0,0.2124507672833827,0.1482741077136307,,False
OAT0091,693168,True,0.8051652581121844,0.0299999999999966,100.0,True,True,True,1100.0,0.0001305181864107,0.1473706960629875,,False
OAT0092,693168,True,0.677163333075842,0.0299999999999966,200.0,True,True,True,1100.0,1.4954100755972037e-06,0.1538576280643076,,False
