candidate_id,T1_C,T2_C,rho_switch,rho_target,rho_final,growth_fraction,classification
554030,1400,800,0.88,0.98,0.8803454487670315,1.6896296398140036,mixed
554030,1400,850,0.88,0.98,0.8803466355370944,1.6896296502331882,mixed
554030,1400,900,0.88,0.98,0.8803567675642551,1.6896297501381214,mixed
554030,1400,950,0.88,0.98,0.8804290420205448,1.689630543319705,mixed
554030,1400,1000,0.88,0.98,0.880868014695227,1.689635875284233,mixed
554030,1400,1050,0.88,0.98,0.8831532521547292,1.68966680161157,mixed
554030,1400,1100,0.88,0.98,0.8930038404422905,1.6898240888789484,mixed
554030,1400,1150,0.88,0.98,0.922617139015993,1.6905351980940733,mixed
554030,1400,1200,0.88,0.98,0.9612350863833027,1.693425547666104,mixed
554030,1400,1250,0.88,0.98,0.9753103686907982,1.7040700033771423,mixed
554030,1400,1300,0.88,0.98,0.9784023649732287,1.739617902058935,mixed
554030,1400,1350,0.88,0.98,0.9792383411046024,1.845743514022982,mixed
554030,1400,1400,0.88,0.98,0.9795647242374639,2.118256133599065,mixed
554030,1400,1450,0.88,0.98,0.979564900723103,2.6916284694121697,mixed
554030,1400,1500,0.88,0.98,0.9795649725462509,3.673965605569143,mixed
932748,1400,800,0.88,0.98,0.880135190862285,4.451003400063205,mixed
932748,1400,850,0.88,0.98,0.8801486214051759,4.451003468801045,mixed
932748,1400,900,0.88,0.98,0.8802632320278193,4.451004127743496,mixed
932748,1400,950,0.88,0.98,0.8810780644902443,4.451009359439768,mixed
932748,1400,1000,0.88,0.98,0.8859259085122692,4.451044528157481,mixed
932748,1400,1050,0.88,0.98,0.9085206975613072,4.4512485111505224,mixed
932748,1400,1100,0.88,0.98,0.967528018591991,4.452285896554356,mixed
932748,1400,1150,0.88,0.98,0.9949853415648537,4.454698840766342,grain_growth
932748,1400,1200,0.88,0.98,0.9949629685873134,4.458213670756386,grain_growth
932748,1400,1250,0.88,0.98,0.9949191110343694,4.472660840780944,grain_growth
932748,1400,1300,0.88,0.98,0.9948656743556239,4.521827007019101,grain_growth
932748,1400,1350,0.88,0.98,0.9946225505842244,4.673988746478854,grain_growth
932748,1400,1400,0.88,0.98,0.9946225505842244,5.101163220584709,grain_growth
932748,1400,1450,0.88,0.98,0.9946225505842244,6.145212618744224,grain_growth
932748,1400,1500,0.88,0.98,0.9946225505842244,8.324145191900243,grain_growth
690517,1400,800,0.88,0.98,0.880302236720632,2.307984221290144,mixed
690517,1400,850,0.88,0.98,0.8803095131347469,2.307986712738864,mixed
690517,1400,900,0.88,0.98,0.8803716224092701,2.308010248274977,mixed
690517,1400,950,0.88,0.98,0.8808139909562187,2.308177019900082,mixed
690517,1400,1000,0.88,0.98,0.8834754974738792,2.3087959432173677,mixed
690517,1400,1050,0.88,0.98,0.8966404040105176,2.3094740516854197,mixed
690517,1400,1100,0.88,0.98,0.9411959921984225,2.3097180897240928,mixed
690517,1400,1150,0.88,0.98,0.9941718784170995,2.3099069307133426,grain_growth
690517,1400,1200,0.88,0.98,0.9949497254712063,2.3119748909816407,grain_growth
690517,1400,1250,0.88,0.98,0.9948344617402484,2.3201707948603985,grain_growth
690517,1400,1300,0.88,0.98,0.9948099471237613,2.3478564073985178,grain_growth
690517,1400,1350,0.88,0.98,0.9948181485987531,2.432873003267159,grain_growth
690517,1400,1400,0.88,0.98,0.9948181486047513,2.6614682919785166,grain_growth
690517,1400,1450,0.88,0.98,0.9948181486058272,3.1759138886455966,grain_growth
690517,1400,1500,0.88,0.98,0.9948181486062991,4.122220861619343,grain_growth
534192,1400,800,0.88,0.98,0.8816347418923052,0.9337005351460035,mixed
534192,1400,850,0.88,0.98,0.8816366029191143,0.9337005489471641,mixed
534192,1400,900,0.88,0.98,0.8816524913722356,0.9337006798935255,mixed
534192,1400,950,0.88,0.98,0.8817658264744211,0.9337016403681648,mixed
534192,1400,1000,0.88,0.98,0.8824541319987537,0.9337065485985299,mixed
534192,1400,1050,0.88,0.98,0.8860356213599496,0.9337363750331118,mixed
534192,1400,1100,0.88,0.98,0.9014240051117792,0.9338880576697193,mixed
534192,1400,1150,0.88,0.98,0.9464340744520234,0.9345736044480275,mixed
534192,1400,1200,0.88,0.98,0.9942170314318547,0.9373562999299543,grain_growth
534192,1400,1250,0.88,0.98,0.9949082044461081,0.9415457335942004,grain_growth
534192,1400,1300,0.88,0.98,0.9948242537971074,0.9558822500586885,grain_growth
534192,1400,1350,0.88,0.98,0.9948333394235261,0.9992610644499549,grain_growth
534192,1400,1400,0.88,0.98,0.9948744738208742,1.1124666779754135,grain_growth
534192,1400,1450,0.88,0.98,0.9948149210641273,1.3565599649129507,grain_growth
534192,1400,1500,0.88,0.98,0.9948154343034316,1.7736626123739558,grain_growth
65841,1400,800,0.88,0.98,0.8821560902050642,16.481285139817043,mixed
65841,1400,850,0.88,0.98,0.8821677869772763,16.48128624712439,mixed
65841,1400,900,0.88,0.98,0.8822676078991625,16.48129682780956,mixed
65841,1400,950,0.88,0.98,0.8829775805102187,16.48137866862378,mixed
65841,1400,1000,0.88,0.98,0.8872122629748078,16.48189722085321,mixed
65841,1400,1050,0.88,0.98,0.9072210669293361,16.484649298225587,mixed
65841,1400,1100,0.88,0.98,0.9628210573820183,16.49888203741339,mixed
65841,1400,1150,0.88,0.98,0.9949691319129196,16.528555424089912,grain_growth
65841,1400,1200,0.88,0.98,0.9948321599480864,16.53885067663305,grain_growth
65841,1400,1250,0.88,0.98,0.99488216800649,16.611505640272977,grain_growth
65841,1400,1300,0.88,0.98,0.9947227885989935,16.87118614160333,grain_growth
65841,1400,1350,0.88,0.98,0.9948352591741448,17.69041321321787,grain_growth
65841,1400,1400,0.88,0.98,0.9948357107759607,19.930864863503476,grain_growth
65841,1400,1450,0.88,0.98,0.9948357107759607,25.125109293098316,grain_growth
65841,1400,1500,0.88,0.98,0.9948357107759607,35.30121914537639,grain_growth
976005,1400,800,0.88,0.98,0.8933153159731302,5.477690396120946,mixed
976005,1400,850,0.88,0.98,0.8933177964167773,5.477691513708221,mixed
976005,1400,900,0.88,0.98,0.893338972308782,5.477702219321692,mixed
976005,1400,950,0.88,0.98,0.893489981495218,5.477786635381229,mixed
976005,1400,1000,0.88,0.98,0.8944055002981597,5.478329815158799,mixed
976005,1400,1050,0.88,0.98,0.899125078503844,5.480955011486454,mixed
976005,1400,1100,0.88,0.98,0.9185459638572369,5.4912684881714435,mixed
976005,1400,1150,0.88,0.98,0.9667354113022136,5.539694250856389,mixed
976005,1400,1200,0.88,0.98,0.9949411509970806,5.553209443498729,grain_growth
976005,1400,1250,0.88,0.98,0.9948733802100735,5.56168818019417,grain_growth
976005,1400,1300,0.88,0.98,0.9944433930756471,5.595869766782197,grain_growth
976005,1400,1350,0.88,0.98,0.9945816940410253,5.722525578492111,grain_growth
976005,1400,1400,0.88,0.98,0.9949235995942867,6.099929580240504,grain_growth
976005,1400,1450,0.88,0.98,0.9937859866719962,7.046400022709728,grain_growth
976005,1400,1500,0.88,0.98,0.9937881017022998,9.164525901443195,grain_growth
569105,1400,800,0.88,0.98,0.8802325210600694,3.3800224460931876,mixed
569105,1400,850,0.88,0.98,0.8802363066710293,3.380024283003496,mixed
569105,1400,900,0.88,0.98,0.8802686221404943,3.3800386346597007,mixed
569105,1400,950,0.88,0.98,0.8804989234948745,3.380080829898038,mixed
569105,1400,1000,0.88,0.98,0.8818896777042162,3.380113798777362,mixed
569105,1400,1050,0.88,0.98,0.8889102073108688,3.380130896330609,mixed
569105,1400,1100,0.88,0.98,0.915205631327094,3.3803092403595505,mixed
569105,1400,1150,0.88,0.98,0.9630396041633376,3.3813585473288335,mixed
569105,1400,1200,0.88,0.98,0.9846355355427913,3.3856214845493,grain_growth
569105,1400,1250,0.88,0.98,0.988328641999117,3.4012928260860527,grain_growth
569105,1400,1300,0.88,0.98,0.9891620686445591,3.453316616475126,grain_growth
569105,1400,1350,0.88,0.98,0.9894494589545083,3.605973594054203,grain_growth
569105,1400,1400,0.88,0.98,0.9894494589545385,3.9826978526479193,grain_growth
569105,1400,1450,0.88,0.98,0.9894494589545496,4.723970981018298,grain_growth
569105,1400,1500,0.88,0.98,0.9894494589545538,5.89336890829223,grain_growth
932668,1400,800,0.88,0.98,0.8840059487457651,2.5958059117132097,mixed
932668,1400,850,0.88,0.98,0.8840079173188982,2.595805955765476,mixed
932668,1400,900,0.88,0.98,0.8840247238318513,2.5958062930271955,mixed
932668,1400,950,0.88,0.98,0.8841446017314205,2.5958086103223845,mixed
932668,1400,1000,0.88,0.98,0.8848724208455354,2.595824543420126,mixed
932668,1400,1050,0.88,0.98,0.8886532993122888,2.5959169580277295,mixed
932668,1400,1100,0.88,0.98,0.9047749804992183,2.5963869627790763,mixed
932668,1400,1150,0.88,0.98,0.9506340167294729,2.598511813533317,mixed
932668,1400,1200,0.88,0.98,0.9949949979340187,2.606617797229859,grain_growth
932668,1400,1250,0.88,0.98,0.9949407579447972,2.6142945124552392,grain_growth
932668,1400,1300,0.88,0.98,0.9947344014605043,2.6431148261756396,grain_growth
932668,1400,1350,0.88,0.98,0.9948125168068127,2.7351805675825647,grain_growth
932668,1400,1400,0.88,0.98,0.9947840053816815,2.991483797387961,grain_growth
932668,1400,1450,0.88,0.98,0.9946745495910101,3.632264741384457,grain_growth
932668,1400,1500,0.88,0.98,0.9946745514692578,4.982483482347341,grain_growth
298414,1400,800,0.88,0.98,0.8812391235713463,9.354444825006365,mixed
298414,1400,850,0.88,0.98,0.8812406544442932,9.354450142232047,mixed
298414,1400,900,0.88,0.98,0.881253724359818,9.354500924383759,mixed
298414,1400,950,0.88,0.98,0.8813469616063037,9.35489187822987,mixed
298414,1400,1000,0.88,0.98,0.8819134836522463,9.357057726312535,mixed
298414,1400,1050,0.88,0.98,0.8848690461043522,9.362707584048263,mixed
298414,1400,1100,0.88,0.98,0.8977298411518799,9.367260477775387,mixed
298414,1400,1150,0.88,0.98,0.9374843781822705,9.368790582385294,mixed
298414,1400,1200,0.88,0.98,0.9887236658004035,9.369970128398553,grain_growth
298414,1400,1250,0.88,0.98,0.9949526397230628,9.395235978050524,grain_growth
298414,1400,1300,0.88,0.98,0.994936921557162,9.474586073307162,grain_growth
298414,1400,1350,0.88,0.98,0.9948328853307583,9.7148750764895,grain_growth
298414,1400,1400,0.88,0.98,0.994724844833194,10.361280565135203,grain_growth
298414,1400,1450,0.88,0.98,0.9947859528639572,11.85153208066625,grain_growth
298414,1400,1500,0.88,0.98,0.9948031140167045,14.638168137543039,grain_growth
175423,1400,800,0.88,0.98,0.8877415350575373,355.4226065918754,mixed
175423,1400,850,0.88,0.98,0.8877424499296659,355.4226172795994,mixed
175423,1400,900,0.88,0.98,0.8877502608811476,355.4227197471531,mixed
175423,1400,950,0.88,0.98,0.8878059913620253,355.423533273549,mixed
175423,1400,1000,0.88,0.98,0.8881449675819384,355.4290019653154,mixed
175423,1400,1050,0.88,0.98,0.8899233287687256,355.46072010955066,mixed
175423,1400,1100,0.88,0.98,0.897870508132822,355.6220021337888,mixed
175423,1400,1150,0.88,0.98,0.9253589890941866,356.3504995446699,mixed
175423,1400,1200,0.88,0.98,0.9772554307973241,359.30031050968023,mixed
175423,1400,1250,0.88,0.98,0.994995675774932,363.6434095000688,grain_growth
175423,1400,1300,0.88,0.98,0.9949204785164485,366.3987993851621,grain_growth
175423,1400,1350,0.88,0.98,0.9946783553261006,376.5848010157068,grain_growth
175423,1400,1400,0.88,0.98,0.9945668136933883,406.86792327785815,grain_growth
175423,1400,1450,0.88,0.98,0.994732539175872,482.0826437337481,grain_growth
175423,1400,1500,0.88,0.98,0.9941904559008646,635.5621365765872,grain_growth
83750,1400,800,0.88,0.98,0.8864079377108136,1.742824391756686,mixed
83750,1400,850,0.88,0.98,0.8864098789466929,1.7428244309842795,mixed
83750,1400,900,0.88,0.98,0.8864264520400148,1.7428247964770174,mixed
83750,1400,950,0.88,0.98,0.8865446634242754,1.7428276820598403,mixed
83750,1400,1000,0.88,0.98,0.8872623054855584,1.7428471001916268,mixed
83750,1400,1050,0.88,0.98,0.8909887129515167,1.742959727561837,mixed
83750,1400,1100,0.88,0.98,0.9068504381322284,1.7435325042149028,mixed
83750,1400,1150,0.88,0.98,0.9517947774837237,1.74612142112086,mixed
83750,1400,1200,0.88,0.98,0.9949488475311825,1.7557685339747842,grain_growth
83750,1400,1250,0.88,0.98,0.9948941144850649,1.7621127965782324,grain_growth
83750,1400,1300,0.88,0.98,0.9948852289078394,1.7877138288978238,grain_growth
83750,1400,1350,0.88,0.98,0.9948950970096536,1.8708992766691734,grain_growth
83750,1400,1400,0.88,0.98,0.9949833673610748,2.1038549225604437,grain_growth
83750,1400,1450,0.88,0.98,0.994966226288156,2.677016152113002,grain_growth
83750,1400,1500,0.88,0.98,0.9949662262884936,3.8583418891433476,grain_growth
771101,1400,800,0.88,0.98,0.8840109809638187,2.579408205251789,mixed
771101,1400,850,0.88,0.98,0.8840127802836948,2.5794082602291057,mixed
771101,1400,900,0.88,0.98,0.8840281418824691,2.579408787616795,mixed
771101,1400,950,0.88,0.98,0.8841377171020322,2.5794129747379735,mixed
771101,1400,1000,0.88,0.98,0.8848031228758876,2.5794411215477617,mixed
771101,1400,1050,0.88,0.98,0.8882636847191021,2.5796043757918836,mixed
771101,1400,1100,0.88,0.98,0.9031025058844984,2.5804346082675687,mixed
771101,1400,1150,0.88,0.98,0.9464103141257747,2.5841869645385898,mixed
771101,1400,1200,0.88,0.98,0.9930229688629277,2.5994181278997592,grain_growth
771101,1400,1250,0.88,0.98,0.994988071789604,2.6094206571500056,grain_growth
771101,1400,1300,0.88,0.98,0.9948323395418524,2.640089375957193,grain_growth
771101,1400,1350,0.88,0.98,0.9948572093772138,2.742871262593052,grain_growth
771101,1400,1400,0.88,0.98,0.9949882906729066,3.0234427303174582,grain_growth
771101,1400,1450,0.88,0.98,0.9947205159605739,3.6771147148514096,grain_growth
771101,1400,1500,0.88,0.98,0.9944525766835574,5.0131731329622005,grain_growth
739417,1400,800,0.88,0.98,0.8824162010965095,12.31948366093482,mixed
739417,1400,850,0.88,0.98,0.8824172424058665,12.319491776850638,mixed
739417,1400,900,0.88,0.98,0.8824261328218391,12.319567545532141,mixed
739417,1400,950,0.88,0.98,0.8824895638786718,12.320062289863637,mixed
739417,1400,1000,0.88,0.98,0.8828753285360653,12.32145729925837,mixed
739417,1400,1050,0.88,0.98,0.8848977368897649,12.322649847704078,mixed
739417,1400,1100,0.88,0.98,0.8939045578791929,12.323257773437179,mixed
739417,1400,1150,0.88,0.98,0.9245686939412335,12.325500475883581,mixed
739417,1400,1200,0.88,0.98,0.9789235977647174,12.344698005606803,mixed
739417,1400,1250,0.88,0.98,0.9949504968052413,12.385572523048559,grain_growth
739417,1400,1300,0.88,0.98,0.994844752536958,12.481219875166722,grain_growth
739417,1400,1350,0.88,0.98,0.9948441339424161,12.783613173666474,grain_growth
739417,1400,1400,0.88,0.98,0.994836472382409,13.600733873139966,grain_growth
739417,1400,1450,0.88,0.98,0.994671977232585,15.472563914972625,grain_growth
739417,1400,1500,0.88,0.98,0.9946719772325854,19.010723734971776,grain_growth
234920,1400,800,0.88,0.98,0.882630205055662,0.4566863579888656,mixed
234920,1400,850,0.88,0.98,0.8826340784496018,0.456686364993673,mixed
234920,1400,900,0.88,0.98,0.8826671446754983,0.4566864321516082,mixed
234920,1400,950,0.88,0.98,0.8829028693606022,0.45668696534272724,mixed
234920,1400,1000,0.88,0.98,0.8843291028107824,0.4566905495794622,mixed
234920,1400,1050,0.88,0.98,0.8916015597193112,0.45671133853862367,mixed
234920,1400,1100,0.88,0.98,0.9200180688127275,0.4568170621096419,mixed
234920,1400,1150,0.88,0.98,0.9774777198317802,0.457294914787302,mixed
234920,1400,1200,0.88,0.98,0.9949007143612184,0.45826508241091823,grain_growth
234920,1400,1250,0.88,0.98,0.9949801333647749,0.46054943462064935,grain_growth
234920,1400,1300,0.88,0.98,0.9948581629412893,0.4685057916203643,grain_growth
234920,1400,1350,0.88,0.98,0.994927269861639,0.4929327842280662,grain_growth
234920,1400,1400,0.88,0.98,0.9949773872338774,0.5592524307864997,grain_growth
234920,1400,1450,0.88,0.98,0.9949773872338917,0.7077284920397549,grain_growth
234920,1400,1500,0.88,0.98,0.9949773872338967,0.9756936859833261,grain_growth
317117,1400,800,0.88,0.98,0.8833782861276338,9.174248804726888,mixed
317117,1400,850,0.88,0.98,0.8833852986974614,9.174250160567983,mixed
317117,1400,900,0.88,0.98,0.883445156105628,9.174262988341798,mixed
317117,1400,950,0.88,0.98,0.8838714977640635,9.174355835066002,mixed
317117,1400,1000,0.88,0.98,0.8864370192497399,9.174816198685333,mixed
317117,1400,1050,0.88,0.98,0.8991385755394908,9.176918307332107,mixed
317117,1400,1100,0.88,0.98,0.9423023136131031,9.18742089214286,mixed
317117,1400,1150,0.88,0.98,0.9943211149828266,9.178525386051072,grain_growth
317117,1400,1200,0.88,0.98,0.9948303123474906,9.182869432395293,grain_growth
317117,1400,1250,0.88,0.98,0.9948498425491417,9.199814271615187,grain_growth
317117,1400,1300,0.88,0.98,0.9949048103814477,9.257625651472079,grain_growth
317117,1400,1350,0.88,0.98,0.9945458156030257,9.432997917438318,grain_growth
317117,1400,1400,0.88,0.98,0.9945458160143689,9.921556095560701,grain_growth
317117,1400,1450,0.88,0.98,0.9945458160873338,11.07889382247761,grain_growth
317117,1400,1500,0.88,0.98,0.9945458161090086,13.350412662386761,grain_growth
827351,1400,800,0.88,0.98,0.8829378461755515,5.258119604054082,mixed
827351,1400,850,0.88,0.98,0.8829384435114622,5.258119793417315,mixed
827351,1400,900,0.88,0.98,0.8829435434752186,5.2581216084176905,mixed
827351,1400,950,0.88,0.98,0.8829799342903522,5.258135986237318,mixed
827351,1400,1000,0.88,0.98,0.8832013921870029,5.2582312030258676,mixed
827351,1400,1050,0.88,0.98,0.8843664469817564,5.258742180639538,mixed
827351,1400,1100,0.88,0.98,0.889641904926319,5.260791348552126,mixed
827351,1400,1150,0.88,0.98,0.9089220215858174,5.267893827611428,mixed
827351,1400,1200,0.88,0.98,0.9532525208419942,5.294990570690065,mixed
827351,1400,1250,0.88,0.98,0.988432784669826,5.280789233604727,grain_growth
827351,1400,1300,0.88,0.98,0.9947787246269438,5.322118680151524,grain_growth
827351,1400,1350,0.88,0.98,0.9949131528345728,5.449727418757794,grain_growth
827351,1400,1400,0.88,0.98,0.994975571243554,5.785808016547104,grain_growth
827351,1400,1450,0.88,0.98,0.9948279135343806,6.513812074867438,grain_growth
827351,1400,1500,0.88,0.98,0.9948279135343806,7.788545864038182,grain_growth
899464,1400,800,0.88,0.98,0.8828123594393442,4.119098309752336,mixed
899464,1400,850,0.88,0.98,0.8828131541502111,4.119100848828073,mixed
899464,1400,900,0.88,0.98,0.8828199392437293,4.119122703793737,mixed
899464,1400,950,0.88,0.98,0.882868352865616,4.119213530892146,mixed
899464,1400,1000,0.88,0.98,0.8831629213669541,4.119305777694438,mixed
899464,1400,1050,0.88,0.98,0.8847110392382902,4.1193335153001955,mixed
899464,1400,1100,0.88,0.98,0.8916869769375552,4.119626132519541,mixed
899464,1400,1150,0.88,0.98,0.916636371388508,4.121556964002593,mixed
899464,1400,1200,0.88,0.98,0.9691825359558937,4.129400497682761,mixed
899464,1400,1250,0.88,0.98,0.9949536452702312,4.147580918070592,grain_growth
899464,1400,1300,0.88,0.98,0.9949333522048824,4.17249113359356,grain_growth
899464,1400,1350,0.88,0.98,0.9949498023746697,4.256346259673368,grain_growth
899464,1400,1400,0.88,0.98,0.9948347904472881,4.488176681200648,grain_growth
899464,1400,1450,0.88,0.98,0.9948342502185045,5.048965104561746,grain_growth
899464,1400,1500,0.88,0.98,0.9948342502185055,6.166299523940896,grain_growth
500187,1400,800,0.88,0.98,0.8816940229844008,7.809690868725237,mixed
500187,1400,850,0.88,0.98,0.8817006066186776,7.809690909315869,mixed
500187,1400,900,0.88,0.98,0.8817568037547041,7.809691298353588,mixed
500187,1400,950,0.88,0.98,0.882157126906637,7.809694379303345,mixed
500187,1400,1000,0.88,0.98,0.8845680421831803,7.8097147403485625,mixed
500187,1400,1050,0.88,0.98,0.8965575040275637,7.809829740206675,mixed
500187,1400,1100,0.88,0.98,0.9382106395031631,7.810417484078069,mixed
500187,1400,1150,0.88,0.98,0.992768924502847,7.813074116532118,grain_growth
500187,1400,1200,0.88,0.98,0.994891492245281,7.816476630848317,grain_growth
500187,1400,1250,0.88,0.98,0.9948716796124539,7.828969466218091,grain_growth
500187,1400,1300,0.88,0.98,0.9949587180778429,7.871909582392121,grain_growth
500187,1400,1350,0.88,0.98,0.9947565862954617,8.002118031160244,grain_growth
500187,1400,1400,0.88,0.98,0.9947565873871308,8.358349691087675,grain_growth
500187,1400,1450,0.88,0.98,0.9947565876225603,9.171449253581255,grain_growth
500187,1400,1500,0.88,0.98,0.9947565876709645,10.675184052704486,grain_growth
939628,1400,800,0.88,0.98,0.8820478135000324,0.9124272675871341,mixed
939628,1400,850,0.88,0.98,0.882050550282065,0.9124272715796358,mixed
939628,1400,900,0.88,0.98,0.8820739144986458,0.9124273098638795,mixed
939628,1400,950,0.88,0.98,0.8822405252977737,0.9124276138164324,mixed
939628,1400,1000,0.88,0.98,0.8832504902799749,0.9124296570622308,mixed
939628,1400,1050,0.88,0.98,0.8884529337328283,0.9124415082759993,mixed
939628,1400,1100,0.88,0.98,0.909773379505031,0.9125017828111417,mixed
939628,1400,1150,0.88,0.98,0.9615269860853425,0.9127743059884015,mixed
939628,1400,1200,0.88,0.98,0.9948386353715952,0.9138344236802709,grain_growth
939628,1400,1250,0.88,0.98,0.994981921253094,0.9166216212900458,grain_growth
939628,1400,1300,0.88,0.98,0.9949036062643971,0.9260147447092086,grain_growth
939628,1400,1350,0.88,0.98,0.9949339750633103,0.9547590124539249,grain_growth
939628,1400,1400,0.88,0.98,0.994679460903789,1.0319605466499726,grain_growth
939628,1400,1450,0.88,0.98,0.9946794613665684,1.208870629007802,grain_growth
939628,1400,1500,0.88,0.98,0.9946794615001237,1.5355922870471388,grain_growth
21167,1400,800,0.88,0.98,0.8802596694173758,114.40278457591772,mixed
21167,1400,850,0.88,0.98,0.8802617128974948,114.40278530039201,mixed
21167,1400,900,0.88,0.98,0.8802791588545401,114.40279198189096,mixed
21167,1400,950,0.88,0.98,0.8804035942974155,114.40283221506387,mixed
21167,1400,1000,0.88,0.98,0.881158952828976,114.40304377753628,mixed
21167,1400,1050,0.88,0.98,0.8850793869131655,114.40432949096878,mixed
21167,1400,1100,0.88,0.98,0.9017380799923838,114.41086869680474,mixed
21167,1400,1150,0.88,0.98,0.9486609263280832,114.44043790843787,mixed
21167,1400,1200,0.88,0.98,0.9939336904369143,114.56070648028538,grain_growth
21167,1400,1250,0.88,0.98,0.9947538017551679,114.82360018807566,grain_growth
21167,1400,1300,0.88,0.98,0.994972679436222,115.71891622094847,grain_growth
21167,1400,1350,0.88,0.98,0.9949917876462433,118.47761446230984,grain_growth
21167,1400,1400,0.88,0.98,0.9946639516838536,126.19962459552093,grain_growth
21167,1400,1450,0.88,0.98,0.9946639517952185,145.44266877107285,grain_growth
21167,1400,1500,0.88,0.98,0.9946639518283306,186.33703932327964,grain_growth
55275,1400,800,0.88,0.98,0.8887549362592553,2.207774117448691,mixed
55275,1400,850,0.88,0.98,0.8887643490368796,2.207774944430943,mixed
55275,1400,900,0.88,0.98,0.8888446838045115,2.207781146032305,mixed
55275,1400,950,0.88,0.98,0.8894163511471758,2.2077992763565715,mixed
55275,1400,1000,0.88,0.98,0.8928368163013101,2.2078197104532866,mixed
55275,1400,1050,0.88,0.98,0.9092698572709872,2.207967152603419,mixed
55275,1400,1100,0.88,0.98,0.958384324525566,2.2087842795628045,mixed
55275,1400,1150,0.88,0.98,0.9949882010542316,2.2112511398519854,grain_growth
55275,1400,1200,0.88,0.98,0.9947659513194828,2.2121384121224748,grain_growth
55275,1400,1250,0.88,0.98,0.9945378677076093,2.2159929455322613,grain_growth
55275,1400,1300,0.88,0.98,0.994486948571021,2.230587035299397,grain_growth
55275,1400,1350,0.88,0.98,0.9944546971589051,2.276118045093318,grain_growth
55275,1400,1400,0.88,0.98,0.9948236951487609,2.4131526028096215,grain_growth
55275,1400,1450,0.88,0.98,0.9948236951487609,2.738043100613829,grain_growth
55275,1400,1500,0.88,0.98,0.9948236951487609,3.3919817577562643,grain_growth
820489,1400,800,0.88,0.98,0.8857311329937365,2.253740089762996,mixed
820489,1400,850,0.88,0.98,0.885740297734563,2.2537401747195434,mixed
820489,1400,900,0.88,0.98,0.8858185151225513,2.253740919360413,mixed
820489,1400,950,0.88,0.98,0.8863750905766536,2.253744305300275,mixed
820489,1400,1000,0.88,0.98,0.8897043440228651,2.2537668197214606,mixed
820489,1400,1050,0.88,0.98,0.9056753472361847,2.25389941000614,mixed
820489,1400,1100,0.88,0.98,0.9530705136413182,2.2545737021334684,mixed
820489,1400,1150,0.88,0.98,0.9907469145416407,2.257621216734438,grain_growth
820489,1400,1200,0.88,0.98,0.9921556082159045,2.2699942778253597,grain_growth
820489,1400,1250,0.88,0.98,0.9923112191046838,2.3153890311041,grain_growth
820489,1400,1300,0.88,0.98,0.9927867793084134,2.465156076762044,grain_growth
820489,1400,1350,0.88,0.98,0.9940285009006997,2.898484811094788,grain_growth
820489,1400,1400,0.88,0.98,0.9949845345727285,3.301267217404382,grain_growth
820489,1400,1450,0.88,0.98,0.9949855267886626,3.359181447797189,grain_growth
820489,1400,1500,0.88,0.98,0.9949103897673403,3.7665473778433665,grain_growth
693222,1400,800,0.88,0.98,0.884128851502511,0.47989713267257894,mixed
693222,1400,850,0.88,0.98,0.8841294879783633,0.4798971435377857,mixed
693222,1400,900,0.88,0.98,0.8841349221205432,0.4798972476538921,mixed
693222,1400,950,0.88,0.98,0.8841736978579945,0.4798980743166916,mixed
693222,1400,1000,0.88,0.98,0.8844096840797078,0.4799036313389755,mixed
693222,1400,1050,0.88,0.98,0.8856515885693844,0.4799358626524839,mixed
693222,1400,1100,0.88,0.98,0.8912838880311149,0.480099776664189,mixed
693222,1400,1150,0.88,0.98,0.9119966194546764,0.4808406324489971,mixed
693222,1400,1200,0.88,0.98,0.9604811424440135,0.48384830395038025,mixed
693222,1400,1250,0.88,0.98,0.994935836603325,0.4925147957654472,grain_growth
693222,1400,1300,0.88,0.98,0.9949522671252216,0.49966334443212634,grain_growth
693222,1400,1350,0.88,0.98,0.9948264115313382,0.5247403134280679,grain_growth
693222,1400,1400,0.88,0.98,0.9948208954491616,0.596568135518601,grain_growth
693222,1400,1450,0.88,0.98,0.9949473381680829,0.7685003832637207,grain_growth
693222,1400,1500,0.88,0.98,0.994717472276783,1.1027019347349296,grain_growth
253097,1400,800,0.88,0.98,0.8810443288034229,8.677843042174842,mixed
253097,1400,850,0.88,0.98,0.8810492498438734,8.677899238879899,mixed
253097,1400,900,0.88,0.98,0.8810912578602899,8.678436595105552,mixed
253097,1400,950,0.88,0.98,0.8813906384203808,8.682613264393582,mixed
253097,1400,1000,0.88,0.98,0.8831986799178384,8.707098824680639,mixed
253097,1400,1050,0.88,0.98,0.8923276030802403,8.783887656826373,mixed
253097,1400,1100,0.88,0.98,0.9264391319071269,8.863656081778776,mixed
253097,1400,1150,0.88,0.98,0.9851625206696012,8.894200635250947,grain_growth
253097,1400,1200,0.88,0.98,0.99493710970116,8.764135108105245,grain_growth
253097,1400,1250,0.88,0.98,0.9946096932396864,8.71777649394438,grain_growth
253097,1400,1300,0.88,0.98,0.9944728611500436,8.757725962986683,grain_growth
253097,1400,1350,0.88,0.98,0.9947398493947619,8.889507204546357,grain_growth
253097,1400,1400,0.88,0.98,0.9944278063404149,9.279037262647472,grain_growth
253097,1400,1450,0.88,0.98,0.9944278063404149,10.303913903799561,grain_growth
253097,1400,1500,0.88,0.98,0.9944278063404149,12.613531017719641,grain_growth
576207,1400,800,0.88,0.98,0.8803907003512309,10.2799613017717,mixed
576207,1400,850,0.88,0.98,0.8803915972390491,10.279961320755955,mixed
576207,1400,900,0.88,0.98,0.8803992546904891,10.279961502345197,mixed
576207,1400,950,0.88,0.98,0.8804538923274146,10.27996292588247,mixed
576207,1400,1000,0.88,0.98,0.880786310942414,10.279972510574469,mixed
576207,1400,1050,0.88,0.98,0.8825328100257315,10.280028103892759,mixed
576207,1400,1100,0.88,0.98,0.8903917176876266,10.280310855544744,mixed
576207,1400,1150,0.88,0.98,0.9183327184492893,10.281589435385053,mixed
576207,1400,1200,0.88,0.98,0.9743772146710403,10.286790272093581,mixed
576207,1400,1250,0.88,0.98,0.9949778804399331,10.299146302307484,grain_growth
576207,1400,1300,0.88,0.98,0.9949331179622021,10.325969287215523,grain_growth
576207,1400,1350,0.88,0.98,0.9949087541267743,10.409691665134341,grain_growth
576207,1400,1400,0.88,0.98,0.9942206037651776,10.646274632194139,grain_growth
576207,1400,1450,0.88,0.98,0.9942206037651776,11.266147001776751,grain_growth
576207,1400,1500,0.88,0.98,0.9942206037651776,12.636738884670931,grain_growth
130760,1400,800,0.88,0.98,0.9342603668274065,0.7755003195521484,mixed
130760,1400,850,0.88,0.98,0.934264518181356,0.7755039714709622,mixed
130760,1400,900,0.88,0.98,0.9342999505111949,0.7755389685325556,mixed
130760,1400,950,0.88,0.98,0.9345521915949149,0.7758158509792821,mixed
130760,1400,1000,0.88,0.98,0.9360652350193278,0.7776346062285162,mixed
130760,1400,1050,0.88,0.98,0.9434326162866399,0.787027547100021,mixed
130760,1400,1100,0.88,0.98,0.9668085726216458,0.8200648629798675,mixed
130760,1400,1150,0.88,0.98,0.9899459609646685,0.8908423012880449,grain_growth
130760,1400,1200,0.88,0.98,0.9919695198533043,1.0092986171711873,grain_growth
130760,1400,1250,0.88,0.98,0.9936212045131028,1.2077836769295547,grain_growth
130760,1400,1300,0.88,0.98,0.9949994107210945,1.3449192033765063,grain_growth
130760,1400,1350,0.88,0.98,0.9949984766344833,1.3744199609064007,grain_growth
130760,1400,1400,0.88,0.98,0.9948710039294734,1.3722428593333134,grain_growth
130760,1400,1450,0.88,0.98,0.9946666445809873,1.3515866405189336,grain_growth
130760,1400,1500,0.88,0.98,0.9943833009758971,1.3457383426727891,grain_growth
65584,1400,800,0.88,0.98,0.8825616127236252,0.27555366128948755,mixed
65584,1400,850,0.88,0.98,0.882572089160965,0.2755536821117326,mixed
65584,1400,900,0.88,0.98,0.8826615004597649,0.27555388010819915,mixed
65584,1400,950,0.88,0.98,0.8832976825906457,0.2755553596729994,mixed
65584,1400,1000,0.88,0.98,0.887101362528772,0.275563113524222,mixed
65584,1400,1050,0.88,0.98,0.9052994222140042,0.2756053153655116,mixed
65584,1400,1100,0.88,0.98,0.9585210362351588,0.27582393624665946,mixed
65584,1400,1150,0.88,0.98,0.9949325439895571,0.2760723821681663,grain_growth
65584,1400,1200,0.88,0.98,0.9948550952070351,0.2764772837874794,grain_growth
65584,1400,1250,0.88,0.98,0.9948405745591852,0.27812368172046953,grain_growth
65584,1400,1300,0.88,0.98,0.9948233343703206,0.2837766843751732,grain_growth
65584,1400,1350,0.88,0.98,0.9944955294208778,0.3012417817982682,grain_growth
65584,1400,1400,0.88,0.98,0.9944955357567954,0.3518074925515353,grain_growth
65584,1400,1450,0.88,0.98,0.9944955367907462,0.4818688774023354,grain_growth
65584,1400,1500,0.88,0.98,0.9944955371198559,0.7751859801429652,grain_growth
941159,1400,800,0.88,0.98,0.8840819337585342,0.9259200798352294,mixed
941159,1400,850,0.88,0.98,0.8840877888691239,0.9259200882893663,mixed
941159,1400,900,0.88,0.98,0.8841377685797196,0.9259201693426065,mixed
941159,1400,950,0.88,0.98,0.8844938621875064,0.9259208128537009,mixed
941159,1400,1000,0.88,0.98,0.8866406792966656,0.9259251386940199,mixed
941159,1400,1050,0.88,0.98,0.897377953337766,0.9259502292627035,mixed
941159,1400,1100,0.88,0.98,0.9356963617105509,0.9260778350148788,mixed
941159,1400,1150,0.88,0.98,0.9908395528790823,0.9266547184189731,grain_growth
941159,1400,1200,0.88,0.98,0.994930865908738,0.9271570758346035,grain_growth
941159,1400,1250,0.88,0.98,0.9948164302526994,0.9286662593435704,grain_growth
941159,1400,1300,0.88,0.98,0.9946481953912529,0.9339610247932322,grain_growth
941159,1400,1350,0.88,0.98,0.9944444645562637,0.950397632674491,grain_growth
941159,1400,1400,0.88,0.98,0.9945265073255654,0.9979080626291161,grain_growth
941159,1400,1450,0.88,0.98,0.9946638440311459,1.1183438171938915,grain_growth
941159,1400,1500,0.88,0.98,0.9947850346258981,1.3800577575935464,grain_growth
929805,1400,800,0.88,0.98,0.8838321721829832,1.1407750345135348,mixed
929805,1400,850,0.88,0.98,0.8838330185874234,1.1407750498726865,mixed
929805,1400,900,0.88,0.98,0.883840245010622,1.1407751973388187,mixed
929805,1400,950,0.88,0.98,0.8838918065867084,1.140776368126093,mixed
929805,1400,1000,0.88,0.98,0.8842054883807231,1.140784238451594,mixed
929805,1400,1050,0.88,0.98,0.8858529200504204,1.1408298877603955,mixed
929805,1400,1100,0.88,0.98,0.8932523752292633,1.1410620553452433,mixed
929805,1400,1150,0.88,0.98,0.9193764094559869,1.1421117289880356,mixed
929805,1400,1200,0.88,0.98,0.9721744019122525,1.1463786034903074,mixed
929805,1400,1250,0.88,0.98,0.9949815052867412,1.1552359667079166,grain_growth
929805,1400,1300,0.88,0.98,0.9949050750137018,1.1669575396056593,grain_growth
929805,1400,1350,0.88,0.98,0.9948187217573182,1.2075612945487793,grain_growth
929805,1400,1400,0.88,0.98,0.9949828469044297,1.3261585428106155,grain_growth
929805,1400,1450,0.88,0.98,0.9948388464342829,1.6196346557736887,grain_growth
929805,1400,1500,0.88,0.98,0.994993430840791,2.2847116997982515,grain_growth
210897,1400,800,0.88,0.98,0.8808818572368659,0.44686645367691313,mixed
210897,1400,850,0.88,0.98,0.8808855816623491,0.44686645631055644,mixed
210897,1400,900,0.88,0.98,0.8809173765250353,0.446866481549963,mixed
210897,1400,950,0.88,0.98,0.8811440556987702,0.4468666819434781,mixed
210897,1400,1000,0.88,0.98,0.8825162283651736,0.4468680290410094,mixed
210897,1400,1050,0.88,0.98,0.8895308487783076,0.44687584252257695,mixed
210897,1400,1100,0.88,0.98,0.9172228293506544,0.44691558298852807,mixed
210897,1400,1150,0.88,0.98,0.9747139226819884,0.44709529721635044,mixed
210897,1400,1200,0.88,0.98,0.994866548899756,0.4475884693176906,grain_growth
210897,1400,1250,0.88,0.98,0.9947391506353442,0.44894828867304937,grain_growth
210897,1400,1300,0.88,0.98,0.9947224539887479,0.45364310764493676,grain_growth
210897,1400,1350,0.88,0.98,0.9949303860551886,0.468753815573302,grain_growth
210897,1400,1400,0.88,0.98,0.9949303860551886,0.5121359767146083,grain_growth
210897,1400,1450,0.88,0.98,0.9949303860551886,0.6253401224387671,grain_growth
210897,1400,1500,0.88,0.98,0.9949303860551886,0.8873327973538587,grain_growth
964181,1400,800,0.88,0.98,0.8870583922597691,2.8730993285647046,mixed
964181,1400,850,0.88,0.98,0.887065048310538,2.8730993446656736,mixed
964181,1400,900,0.88,0.98,0.8871218626909195,2.8730994985888416,mixed
964181,1400,950,0.88,0.98,0.8875265364183428,2.873100693008955,mixed
964181,1400,1000,0.88,0.98,0.8899619167523634,2.8731076703857266,mixed
964181,1400,1050,0.88,0.98,0.902026757384946,2.8731466518743303,mixed
964181,1400,1100,0.88,0.98,0.9432221681058673,2.8733469504758733,mixed
964181,1400,1150,0.88,0.98,0.9941667492406875,2.874252551379624,grain_growth
964181,1400,1200,0.88,0.98,0.9948632255591485,2.8752431035194843,grain_growth
964181,1400,1250,0.88,0.98,0.9947624007465516,2.879178542646756,grain_growth
964181,1400,1300,0.88,0.98,0.9948109961294943,2.892802479196153,grain_growth
964181,1400,1350,0.88,0.98,0.994575079236342,2.9351433882083215,grain_growth
964181,1400,1400,0.88,0.98,0.994575079236342,3.0552662723634647,grain_growth
964181,1400,1450,0.88,0.98,0.994575079236342,3.3534257542581427,grain_growth
964181,1400,1500,0.88,0.98,0.994575079236342,3.980948818706521,grain_growth
574894,1400,800,0.88,0.98,0.8835858233163043,4.951274246167299,mixed
574894,1400,850,0.88,0.98,0.883589050247502,4.95127428566106,mixed
574894,1400,900,0.88,0.98,0.8836165985157748,4.951274664303921,mixed
574894,1400,950,0.88,0.98,0.883813024750293,4.951277670487431,mixed
574894,1400,1000,0.88,0.98,0.8850029279452304,4.951297878809693,mixed
574894,1400,1050,0.88,0.98,0.8911099824490736,4.9514150908399195,mixed
574894,1400,1100,0.88,0.98,0.9157047921922171,4.952011221875977,mixed
574894,1400,1150,0.88,0.98,0.9713859010886338,4.954706505260441,mixed
574894,1400,1200,0.88,0.98,0.9948477393377503,4.960106743248999,grain_growth
574894,1400,1250,0.88,0.98,0.9947168136325846,4.966221825242868,grain_growth
574894,1400,1300,0.88,0.98,0.9947587111637635,4.989326683521861,grain_growth
574894,1400,1350,0.88,0.98,0.9946054287984722,5.061799655532618,grain_growth
574894,1400,1400,0.88,0.98,0.9947540439943224,5.279896639659036,grain_growth
574894,1400,1450,0.88,0.98,0.9947540439943224,5.843707891462519,grain_growth
574894,1400,1500,0.88,0.98,0.9947540439943224,7.126518693312253,grain_growth
53595,1400,800,0.88,0.98,0.896887132916272,5.445955987275474,mixed
53595,1400,850,0.88,0.98,0.8968928140020587,5.445956061620158,mixed
53595,1400,900,0.88,0.98,0.8969413068958727,5.445956773237915,mixed
53595,1400,950,0.88,0.98,0.8972867385327691,5.445962350072676,mixed
53595,1400,1000,0.88,0.98,0.8993667187303219,5.445997376193578,mixed
53595,1400,1050,0.88,0.98,0.9097033242281087,5.446202655755973,mixed
53595,1400,1100,0.88,0.98,0.9456334366096778,5.447246652726401,mixed
53595,1400,1150,0.88,0.98,0.9935570169441151,5.451966066825861,grain_growth
53595,1400,1200,0.88,0.98,0.9949059607337432,5.453540458380951,grain_growth
53595,1400,1250,0.88,0.98,0.9947097183944922,5.457238496469323,grain_growth
53595,1400,1300,0.88,0.98,0.9944372274062807,5.472308023497856,grain_growth
53595,1400,1350,0.88,0.98,0.9945515353195075,5.522668457177458,grain_growth
53595,1400,1400,0.88,0.98,0.9942063498432983,5.675514079118196,grain_growth
53595,1400,1450,0.88,0.98,0.9942063498432983,6.078924248724325,grain_growth
53595,1400,1500,0.88,0.98,0.9942063498432983,7.0333594988999995,grain_growth
318527,1400,800,0.88,0.98,0.8888189518800766,1.2283656897515538,mixed
318527,1400,850,0.88,0.98,0.888820393442131,1.2283659803571951,mixed
318527,1400,900,0.88,0.98,0.8888327008590069,1.2283677072784691,mixed
318527,1400,950,0.88,0.98,0.888920498553536,1.2283711752536992,mixed
318527,1400,1000,0.88,0.98,0.8894539658224012,1.2284006210763776,mixed
318527,1400,1050,0.88,0.98,0.8922370129456876,1.2285739625195755,mixed
318527,1400,1100,0.88,0.98,0.9043483185517915,1.2294549920009565,mixed
318527,1400,1150,0.88,0.98,0.941919829618927,1.2334265279524605,mixed
318527,1400,1200,0.88,0.98,0.9912477920272357,1.2493764069486404,grain_growth
318527,1400,1250,0.88,0.98,0.994930294168195,1.257166372188531,grain_growth
318527,1400,1300,0.88,0.98,0.9947920934458304,1.2670361383571493,grain_growth
318527,1400,1350,0.88,0.98,0.9945987309852115,1.3031851662220428,grain_growth
318527,1400,1400,0.88,0.98,0.9948197557326216,1.4103161611665525,grain_growth
318527,1400,1450,0.88,0.98,0.9945587180030616,1.6446801091527892,grain_growth
318527,1400,1500,0.88,0.98,0.9949186549179356,2.099851970995035,grain_growth
986679,1400,800,0.88,0.98,0.883764419361249,5.712313709773445,mixed
986679,1400,850,0.88,0.98,0.8837661486907512,5.712313809801386,mixed
986679,1400,900,0.88,0.98,0.8837809128130087,5.712314759616914,mixed
986679,1400,950,0.88,0.98,0.8838862294490104,5.712321753402939,mixed
986679,1400,1000,0.88,0.98,0.8845258973552788,5.712358454557226,mixed
986679,1400,1050,0.88,0.98,0.8878560432086067,5.712580382696717,mixed
986679,1400,1100,0.88,0.98,0.9022046891840596,5.713708932602902,mixed
986679,1400,1150,0.88,0.98,0.9448863627462334,5.718808127719159,mixed
986679,1400,1200,0.88,0.98,0.9936528778634995,5.7394826100089835,grain_growth
986679,1400,1250,0.88,0.98,0.9948226375106586,5.754191106326861,grain_growth
986679,1400,1300,0.88,0.98,0.9948575496705032,5.81132450194906,grain_growth
986679,1400,1350,0.88,0.98,0.994858814486047,5.9921294065879,grain_growth
986679,1400,1400,0.88,0.98,0.9947713823196692,6.47162864614648,grain_growth
986679,1400,1450,0.88,0.98,0.994782797382595,7.565453673466649,grain_growth
986679,1400,1500,0.88,0.98,0.9947828041319292,9.558303379318398,grain_growth
399863,1400,800,0.88,0.98,0.9404743848469878,0.6849228921322115,mixed
399863,1400,850,0.88,0.98,0.9404763960017534,0.6849249112175968,mixed
399863,1400,900,0.88,0.98,0.9404935623217326,0.6849442201501761,mixed
399863,1400,950,0.88,0.98,0.9406158132142822,0.6850945150287684,mixed
399863,1400,1000,0.88,0.98,0.9413507912833127,0.6859963562307534,mixed
399863,1400,1050,0.88,0.98,0.9449733946583441,0.6897745831239472,mixed
399863,1400,1100,0.88,0.98,0.9571222629243104,0.7035351070069016,mixed
399863,1400,1150,0.88,0.98,0.9718742995682005,0.7029479927886604,mixed
399863,1400,1200,0.88,0.98,0.975867272136816,0.7579127994940777,mixed
399863,1400,1250,0.88,0.98,0.9810108483452817,0.9477005823155635,grain_growth
399863,1400,1300,0.88,0.98,0.9882233017794883,1.4332916012818675,grain_growth
399863,1400,1350,0.88,0.98,0.9949803446674755,2.063663167253253,grain_growth
399863,1400,1400,0.88,0.98,0.9949764903865695,2.1137968896890027,grain_growth
399863,1400,1450,0.88,0.98,0.994948705179396,2.165674934981656,grain_growth
399863,1400,1500,0.88,0.98,0.9949066948798769,2.209378503944969,grain_growth
144180,1400,800,0.88,0.98,0.8805412840591349,5.7325974497276455,mixed
144180,1400,850,0.88,0.98,0.8805463181920394,5.732597470052449,mixed
144180,1400,900,0.88,0.98,0.8805892917995347,5.732597664789995,mixed
144180,1400,950,0.88,0.98,0.8808955635507951,5.732599202927771,mixed
144180,1400,1000,0.88,0.98,0.8827455696339517,5.732609192728484,mixed
144180,1400,1050,0.88,0.98,0.8920935487503072,5.732663806566223,mixed
144180,1400,1100,0.88,0.98,0.9270067375722771,5.732944668239996,mixed
144180,1400,1150,0.88,0.98,0.9857165831621812,5.734214583998318,grain_growth
144180,1400,1200,0.88,0.98,0.9949310474670363,5.736467015966656,grain_growth
144180,1400,1250,0.88,0.98,0.9947474819985074,5.74335129932751,grain_growth
144180,1400,1300,0.88,0.98,0.9949513062485268,5.76763354746093,grain_growth
144180,1400,1350,0.88,0.98,0.9948118520131988,5.843054087089043,grain_growth
144180,1400,1400,0.88,0.98,0.9948121944096078,6.05667462172908,grain_growth
144180,1400,1450,0.88,0.98,0.9948124654997892,6.58576774511302,grain_growth
144180,1400,1500,0.88,0.98,0.9948125305532399,7.695450336833771,grain_growth
93028,1400,800,0.88,0.98,0.8823310190555992,1.1158179566852935,mixed
93028,1400,850,0.88,0.98,0.8823325499792309,1.1158179600356006,mixed
93028,1400,900,0.88,0.98,0.8823456203592198,1.1158179921563725,mixed
93028,1400,950,0.88,0.98,0.8824388625675484,1.1158182471748863,mixed
93028,1400,1000,0.88,0.98,0.8830054770297934,1.1158199614744864,mixed
93028,1400,1050,0.88,0.98,0.8859632702092305,1.1158299047639577,mixed
93028,1400,1100,0.88,0.98,0.8988687106992668,1.1158804764050831,mixed
93028,1400,1150,0.88,0.98,0.9390743712300887,1.1161091436514505,mixed
93028,1400,1200,0.88,0.98,0.9904212491433116,1.11703905681222,grain_growth
93028,1400,1250,0.88,0.98,0.9948026738494044,1.118884442010465,grain_growth
93028,1400,1300,0.88,0.98,0.9947705197002334,1.1246776645470793,grain_growth
93028,1400,1350,0.88,0.98,0.9946951248034014,1.1425282002953967,grain_growth
93028,1400,1400,0.88,0.98,0.9944261976109068,1.1926332203863939,grain_growth
93028,1400,1450,0.88,0.98,0.9944261976109068,1.3160017192299422,grain_growth
93028,1400,1500,0.88,0.98,0.9944261976109068,1.567521231110721,grain_growth
635251,1400,800,0.88,0.98,0.8909042274336113,0.6320443776924483,mixed
635251,1400,850,0.88,0.98,0.8909051432865701,0.6320444264427516,mixed
635251,1400,900,0.88,0.98,0.8909129626027417,0.6320448857799223,mixed
635251,1400,950,0.88,0.98,0.8909687522759335,0.6320481327346434,mixed
635251,1400,1000,0.88,0.98,0.8913080700321956,0.6320668644989209,mixed
635251,1400,1050,0.88,0.98,0.8930876995581267,0.6321783906735652,mixed
635251,1400,1100,0.88,0.98,0.901029510851149,0.632534188908485,mixed
635251,1400,1150,0.88,0.98,0.9283437781184761,0.6343235657772988,mixed
635251,1400,1200,0.88,0.98,0.9789364327084419,0.6415662877107591,mixed
635251,1400,1250,0.88,0.98,0.9949760720546835,0.6515391666230201,grain_growth
635251,1400,1300,0.88,0.98,0.9949776864792548,0.6564302638608583,grain_growth
635251,1400,1350,0.88,0.98,0.9949072838490368,0.6739045346784098,grain_growth
635251,1400,1400,0.88,0.98,0.9943802970966419,0.7265379251177775,grain_growth
635251,1400,1450,0.88,0.98,0.9945630394887062,0.8634581330331599,grain_growth
635251,1400,1500,0.88,0.98,0.9945118825010717,1.1586731849433232,grain_growth
634292,1400,800,0.88,0.98,0.8859374215959552,0.4338555948868099,mixed
634292,1400,850,0.88,0.98,0.8859405711427117,0.43385562708947134,mixed
634292,1400,900,0.88,0.98,0.8859674587045534,0.4338557640483163,mixed
634292,1400,950,0.88,0.98,0.8861591699694497,0.4338570054687716,mixed
634292,1400,1000,0.88,0.98,0.887320363987881,0.43386535054231357,mixed
634292,1400,1050,0.88,0.98,0.8932763240908079,0.43391375121233033,mixed
634292,1400,1100,0.88,0.98,0.9172149822706821,0.43415985221056896,mixed
634292,1400,1150,0.88,0.98,0.9714269160584253,0.4352712782680195,mixed
634292,1400,1200,0.88,0.98,0.994987618154867,0.437440453478523,grain_growth
634292,1400,1250,0.88,0.98,0.9947665283301194,0.4390832285738586,grain_growth
634292,1400,1300,0.88,0.98,0.9947281752273537,0.4457896179974534,grain_growth
634292,1400,1350,0.88,0.98,0.9946446340643027,0.46725823621007545,grain_growth
634292,1400,1400,0.88,0.98,0.9949830593795116,0.5271196690789315,grain_growth
634292,1400,1450,0.88,0.98,0.994519103902951,0.6607169157061907,grain_growth
634292,1400,1500,0.88,0.98,0.9945191039029465,0.9099357398725962,grain_growth
225837,1400,800,0.88,0.98,0.8841567225725785,0.4719194736493124,mixed
225837,1400,850,0.88,0.98,0.8841689652155488,0.47191948762103575,mixed
225837,1400,900,0.88,0.98,0.8842734415496466,0.4719196215736352,mixed
225837,1400,950,0.88,0.98,0.8850163661607056,0.4719206850710689,mixed
225837,1400,1000,0.88,0.98,0.8894417011864676,0.47192783412276906,mixed
225837,1400,1050,0.88,0.98,0.9102039600576486,0.4719692983814183,mixed
225837,1400,1100,0.88,0.98,0.9661340206726688,0.4721801408130071,mixed
225837,1400,1150,0.88,0.98,0.994992768245189,0.47266000997894775,grain_growth
225837,1400,1200,0.88,0.98,0.994682823411642,0.472915413932,grain_growth
225837,1400,1250,0.88,0.98,0.9948798573640842,0.4740115102776312,grain_growth
225837,1400,1300,0.88,0.98,0.9948627660979968,0.47788225657498185,grain_growth
225837,1400,1350,0.88,0.98,0.9934236493855209,0.4892103389188074,grain_growth
225837,1400,1400,0.88,0.98,0.9934236494403037,0.522556692739558,grain_growth
225837,1400,1450,0.88,0.98,0.9934236494591365,0.6045787558029636,grain_growth
225837,1400,1500,0.88,0.98,0.9934236494624917,0.7737694157797703,grain_growth
936213,1400,800,0.88,0.98,0.8839084165930758,1.1506976448035973,mixed
936213,1400,850,0.88,0.98,0.8839116063437915,1.1506976624882914,mixed
936213,1400,900,0.88,0.98,0.8839388371556552,1.1506978320350103,mixed
936213,1400,950,0.88,0.98,0.884132997405622,1.1506991778941238,mixed
936213,1400,1000,0.88,0.98,0.8853090840264721,1.1507082143253866,mixed
936213,1400,1050,0.88,0.98,0.8913430380171957,1.1507602606933642,mixed
936213,1400,1100,0.88,0.98,0.9156233526766078,1.1510207143241038,mixed
936213,1400,1150,0.88,0.98,0.9708026787945883,1.152201664386864,mixed
936213,1400,1200,0.88,0.98,0.9949109388082438,1.1544893292493499,grain_growth
936213,1400,1250,0.88,0.98,0.9948573848431973,1.1559211329819203,grain_growth
936213,1400,1300,0.88,0.98,0.9945628183275397,1.1614828490341478,grain_growth
936213,1400,1350,0.88,0.98,0.9948724775832748,1.180590997354313,grain_growth
936213,1400,1400,0.88,0.98,0.994864380271629,1.2360927509734752,grain_growth
936213,1400,1450,0.88,0.98,0.994864380271629,1.3783290704506261,grain_growth
936213,1400,1500,0.88,0.98,0.994864380271629,1.6852918418115461,grain_growth
643253,1400,800,0.88,0.98,0.963403222064783,0.21026349032629876,mixed
643253,1400,850,0.88,0.98,0.9634032512472543,0.21026759754336588,mixed
643253,1400,900,0.88,0.98,0.9634035004724533,0.21029108588247603,mixed
643253,1400,950,0.88,0.98,0.9634052827363225,0.21032251269323,mixed
643253,1400,1000,0.88,0.98,0.9634162650678487,0.21036568388200783,mixed
643253,1400,1050,0.88,0.98,0.9634757352087521,0.21087422518137866,mixed
643253,1400,1100,0.88,0.98,0.9637477524584344,0.2134542945577207,mixed
643253,1400,1150,0.88,0.98,0.9648136412499124,0.22498828287307848,mixed
643253,1400,1200,0.88,0.98,0.9685188800483907,0.26983351081233775,mixed
643253,1400,1250,0.88,0.98,0.9785726302958206,0.41325810257526996,mixed
643253,1400,1300,0.88,0.98,0.9937238475668727,0.7605649369867684,grain_growth
643253,1400,1350,0.88,0.98,0.994971877476235,0.8324612189240306,grain_growth
643253,1400,1400,0.88,0.98,0.9948856795964593,0.849790342996156,grain_growth
643253,1400,1450,0.88,0.98,0.9947213062035607,0.85822730354879,grain_growth
643253,1400,1500,0.88,0.98,0.9947342019428143,0.861300521023036,grain_growth
828467,1400,800,0.88,0.98,0.9452026525581937,1.3834222243732675,mixed
828467,1400,850,0.88,0.98,0.9452095679018713,1.38342334296614,mixed
828467,1400,900,0.88,0.98,0.9452685670867994,1.3834336959316094,mixed
828467,1400,950,0.88,0.98,0.9456873307157038,1.383497448142117,mixed
828467,1400,1000,0.88,0.98,0.9481533659877727,1.3836445516816394,mixed
828467,1400,1050,0.88,0.98,0.9590484467490131,1.3846872046087157,mixed
828467,1400,1100,0.88,0.98,0.9818971383609781,1.3900275676019227,grain_growth
828467,1400,1150,0.88,0.98,0.9888870766385469,1.413890445511465,grain_growth
828467,1400,1200,0.88,0.98,0.9893909272662756,1.5064709057027694,grain_growth
828467,1400,1250,0.88,0.98,0.9909221432938983,1.8008128643670762,grain_growth
828467,1400,1300,0.88,0.98,0.9944769229625374,2.5067786463373283,grain_growth
828467,1400,1350,0.88,0.98,0.9949879662204807,2.649257534555696,grain_growth
828467,1400,1400,0.88,0.98,0.9949845519446354,2.6918307271788176,grain_growth
828467,1400,1450,0.88,0.98,0.9948145150984906,2.7016172886331473,grain_growth
828467,1400,1500,0.88,0.98,0.9944970957307219,2.6964791619301924,grain_growth
453790,1400,800,0.88,0.98,0.8897533562814939,0.5884067022498245,mixed
453790,1400,850,0.88,0.98,0.8897553951717385,0.588406870702449,mixed
453790,1400,900,0.88,0.98,0.8897728018546507,0.5884080553730877,mixed
453790,1400,950,0.88,0.98,0.8898969525624201,0.5884112966361896,mixed
453790,1400,1000,0.88,0.98,0.8906504082408061,0.5884222985280767,mixed
453790,1400,1050,0.88,0.98,0.894556009386335,0.5884997129547538,mixed
453790,1400,1100,0.88,0.98,0.9110476819212416,0.5888932854063753,mixed
453790,1400,1150,0.88,0.98,0.9563577783772281,0.5906695987053152,mixed
453790,1400,1200,0.88,0.98,0.994960348358832,0.59648804593962,grain_growth
453790,1400,1250,0.88,0.98,0.9949307263919484,0.5980825283170979,grain_growth
453790,1400,1300,0.88,0.98,0.9947440893885096,0.6034169153250892,grain_growth
453790,1400,1350,0.88,0.98,0.9947765606422718,0.6223352130333639,grain_growth
453790,1400,1400,0.88,0.98,0.9944921953647818,0.6747883373205712,grain_growth
453790,1400,1450,0.88,0.98,0.9947542610626189,0.8062157307593634,grain_growth
453790,1400,1500,0.88,0.98,0.9947542610985867,1.0564772032949206,grain_growth
557822,1400,800,0.88,0.98,0.8822999126054528,25.382663190244372,mixed
557822,1400,850,0.88,0.98,0.8823005641456843,25.382663537845907,mixed
557822,1400,900,0.88,0.98,0.8823061268957155,25.382666571185638,mixed
557822,1400,950,0.88,0.98,0.8823458198187863,25.382680761978257,mixed
557822,1400,1000,0.88,0.98,0.8825873688110113,25.38270855135183,mixed
557822,1400,1050,0.88,0.98,0.8838580011198216,25.38293365436648,mixed
557822,1400,1100,0.88,0.98,0.8896085431081657,25.384078519454512,mixed
557822,1400,1150,0.88,0.98,0.9105509984661092,25.38925498033291,mixed
557822,1400,1200,0.88,0.98,0.9574164871345127,25.41030222032841,mixed
557822,1400,1250,0.88,0.98,0.989994487678899,25.487911348486303,grain_growth
557822,1400,1300,0.88,0.98,0.9941253710784077,25.748166389479074,grain_growth
557822,1400,1350,0.88,0.98,0.9949621293650882,26.467492701757557,grain_growth
557822,1400,1400,0.88,0.98,0.9949061366998142,28.036452744304853,grain_growth
557822,1400,1450,0.88,0.98,0.9947782847447216,31.392948151240468,grain_growth
557822,1400,1500,0.88,0.98,0.9947528496882506,37.849476046351576,grain_growth
593463,1400,800,0.88,0.98,0.8885382752041195,0.962381541436554,mixed
593463,1400,850,0.88,0.98,0.8885541689431933,0.9623816861321544,mixed
593463,1400,900,0.88,0.98,0.8886897789694231,0.9623830734363565,mixed
593463,1400,950,0.88,0.98,0.8896528496361257,0.9623940876483501,mixed
593463,1400,1000,0.88,0.98,0.8953438933997039,0.9624681232964618,mixed
593463,1400,1050,0.88,0.98,0.9209463619225086,0.9628973840172699,mixed
593463,1400,1100,0.88,0.98,0.9787544698371052,0.9650763637719026,mixed
593463,1400,1150,0.88,0.98,0.9949703738452966,0.9678947865199208,grain_growth
593463,1400,1200,0.88,0.98,0.9948225619255782,0.9687787437578113,grain_growth
593463,1400,1250,0.88,0.98,0.9949033512975143,0.9717919356525342,grain_growth
593463,1400,1300,0.88,0.98,0.9948035189507827,0.9832192922822267,grain_growth
593463,1400,1350,0.88,0.98,0.9932849721197703,1.018945684874053,grain_growth
593463,1400,1400,0.88,0.98,0.9932849721197703,1.1217178955096565,grain_growth
593463,1400,1450,0.88,0.98,0.9932849721197703,1.3491327626109335,grain_growth
593463,1400,1500,0.88,0.98,0.9932849721197703,1.7536445106638126,grain_growth
73348,1400,800,0.88,0.98,0.8892972780725168,0.4476483715003854,mixed
73348,1400,850,0.88,0.98,0.8893127058648521,0.4476483834539211,mixed
73348,1400,900,0.88,0.98,0.8894443426107457,0.44764849746020996,mixed
73348,1400,950,0.88,0.98,0.8903793154256539,0.44764937000804794,mixed
73348,1400,1000,0.88,0.98,0.8959086672685084,0.4476552605544264,mixed
73348,1400,1050,0.88,0.98,0.9208841064107014,0.4476894281854171,mixed
73348,1400,1100,0.88,0.98,0.9781546182203886,0.44786318751521326,mixed
73348,1400,1150,0.88,0.98,0.994941780831013,0.4481202810175693,grain_growth
73348,1400,1200,0.88,0.98,0.9948977582920786,0.44838751602222593,grain_growth
73348,1400,1250,0.88,0.98,0.9947147477124798,0.44951210829357846,grain_growth
73348,1400,1300,0.88,0.98,0.9947047652754727,0.45346305115945706,grain_growth
73348,1400,1350,0.88,0.98,0.9942313726084431,0.46580299267627434,grain_growth
73348,1400,1400,0.88,0.98,0.9942313726084431,0.5013004669999901,grain_growth
73348,1400,1450,0.88,0.98,0.9942313726084431,0.5911824610743486,grain_growth
73348,1400,1500,0.88,0.98,0.9942313726084431,0.7868485764458075,grain_growth
212572,1400,800,0.88,0.98,0.8908506989531962,22.00516392613427,mixed
212572,1400,850,0.88,0.98,0.8908514318308438,22.005283912763026,mixed
212572,1400,900,0.88,0.98,0.890857689001206,22.00630050034668,mixed
212572,1400,950,0.88,0.98,0.8909023356004874,22.010309249188364,mixed
212572,1400,1000,0.88,0.98,0.8911739788311882,22.014617666691635,mixed
212572,1400,1050,0.88,0.98,0.8926014707629013,22.01686995685381,mixed
212572,1400,1100,0.88,0.98,0.8990313270396143,22.0183664164123,mixed
212572,1400,1150,0.88,0.98,0.9220157348704026,22.049778764317434,mixed
212572,1400,1200,0.88,0.98,0.9707149901009661,22.191840412800783,mixed
212572,1400,1250,0.88,0.98,0.9949779982771836,22.473472018293737,grain_growth
212572,1400,1300,0.88,0.98,0.9947966090081866,22.535066783838055,grain_growth
212572,1400,1350,0.88,0.98,0.9944964646354457,22.686581579151447,grain_growth
212572,1400,1400,0.88,0.98,0.9933292022858806,23.133067532400467,grain_growth
212572,1400,1450,0.88,0.98,0.9946443775063034,24.536693319159422,grain_growth
212572,1400,1500,0.88,0.98,0.9930534359475559,27.88581897531971,grain_growth
130900,1400,800,0.88,0.98,0.8203751767294682,0.7905502680433565,mixed
130900,1400,850,0.88,0.98,0.8203751767294682,0.7905502680433565,mixed
130900,1400,900,0.88,0.98,0.8203751767294682,0.7905502680433565,mixed
130900,1400,950,0.88,0.98,0.8203751767294682,0.7905502680433565,mixed
130900,1400,1000,0.88,0.98,0.8203751767294682,0.7905502680433565,mixed
130900,1400,1050,0.88,0.98,0.8203751767294682,0.7905502680433565,mixed
130900,1400,1100,0.88,0.98,0.8203751767294682,0.7905502680433565,mixed
130900,1400,1150,0.88,0.98,0.8203751767294682,0.7905502680433565,mixed
130900,1400,1200,0.88,0.98,0.8203751767294682,0.7905502680433565,mixed
130900,1400,1250,0.88,0.98,0.8203751767294682,0.7905502680433565,mixed
130900,1400,1300,0.88,0.98,0.8203751767294682,0.7905502680433565,mixed
130900,1400,1350,0.88,0.98,0.8203751767294682,0.7905502680433565,mixed
130900,1400,1400,0.88,0.98,0.8203751767294682,0.7905502680433565,mixed
130900,1400,1450,0.88,0.98,0.8203751767294682,0.7905502680433565,mixed
130900,1400,1500,0.88,0.98,0.8203751767294682,0.7905502680433565,mixed
518296,1400,800,0.88,0.98,0.8869799368445248,97.42094899809499,mixed
518296,1400,850,0.88,0.98,0.8869913454974604,97.42096785867078,mixed
518296,1400,900,0.88,0.98,0.8870887041797997,97.42114825879753,mixed
518296,1400,950,0.88,0.98,0.8877809875497858,97.42255429123477,mixed
518296,1400,1000,0.88,0.98,0.8919036432206471,97.43105111955617,mixed
518296,1400,1050,0.88,0.98,0.911221299349754,97.4676208769055,mixed
518296,1400,1100,0.88,0.98,0.9630134587410192,97.56538187916047,mixed
518296,1400,1150,0.88,0.98,0.9935646116178674,97.70273431427522,grain_growth
518296,1400,1200,0.88,0.98,0.9941890731067606,98.59804946726946,grain_growth
518296,1400,1250,0.88,0.98,0.9946092566560443,101.84395342887179,grain_growth
518296,1400,1300,0.88,0.98,0.9949955988209882,105.35826533765932,grain_growth
518296,1400,1350,0.88,0.98,0.9949976139146547,105.94478829193051,grain_growth
518296,1400,1400,0.88,0.98,0.9949806973403788,111.66433480996578,grain_growth
518296,1400,1450,0.88,0.98,0.9948998247027936,127.19752482693215,grain_growth
518296,1400,1500,0.88,0.98,0.9949734471414817,156.42644342827376,grain_growth
940870,1400,800,0.88,0.98,0.8883491511156697,2.0620631474346656,mixed
940870,1400,850,0.88,0.98,0.8883541135909139,2.0620632757921142,mixed
940870,1400,900,0.88,0.98,0.8883964742007777,2.062064504514993,mixed
940870,1400,950,0.88,0.98,0.8886983101161938,2.0620742518697726,mixed
940870,1400,1000,0.88,0.98,0.8905190272223026,2.062139783339295,mixed
940870,1400,1050,0.88,0.98,0.8996535154251516,2.062519848168064,mixed
940870,1400,1100,0.88,0.98,0.932796683448414,2.0644516100782475,mixed
940870,1400,1150,0.88,0.98,0.9842545036565854,2.0731578604385636,grain_growth
940870,1400,1200,0.88,0.98,0.9947862610047669,2.10809085483811,grain_growth
940870,1400,1250,0.88,0.98,0.9949999954612293,2.127814911195657,grain_growth
940870,1400,1300,0.88,0.98,0.9949985887943741,2.13406553428081,grain_growth
940870,1400,1350,0.88,0.98,0.994969001372313,2.1531953481966313,grain_growth
940870,1400,1400,0.88,0.98,0.9947968719987494,2.249490702872898,grain_growth
940870,1400,1450,0.88,0.98,0.9949004958868084,2.487092609634829,grain_growth
940870,1400,1500,0.88,0.98,0.9934427395063824,2.90726280611135,grain_growth
205450,1400,800,0.88,0.98,0.8910535660481516,19.466057823121602,mixed
205450,1400,850,0.88,0.98,0.8910539934747812,19.46605869354663,mixed
205450,1400,900,0.88,0.98,0.8910576428105952,19.466064654344986,mixed
205450,1400,950,0.88,0.98,0.8910836843175024,19.46610783367818,mixed
205450,1400,1000,0.88,0.98,0.8912422236740412,19.466403141196302,mixed
205450,1400,1050,0.88,0.98,0.892078055955928,19.46811591564402,mixed
205450,1400,1100,0.88,0.98,0.8959013034915939,19.476825257960293,mixed
205450,1400,1150,0.88,0.98,0.9104782774446047,19.516167540530308,mixed
205450,1400,1200,0.88,0.98,0.9494387063664413,19.67551951984171,mixed
205450,1400,1250,0.88,0.98,0.993032323260365,20.2549490957417,grain_growth
205450,1400,1300,0.88,0.98,0.9949692351134117,20.432677700115192,grain_growth
205450,1400,1350,0.88,0.98,0.9947811270826082,20.626875927090854,grain_growth
205450,1400,1400,0.88,0.98,0.9948097683262069,21.338219308224925,grain_growth
205450,1400,1450,0.88,0.98,0.994515436894527,23.376669761233956,grain_growth
205450,1400,1500,0.88,0.98,0.99414182587586,28.04085864075166,grain_growth
209441,1400,800,0.88,0.98,0.8921595234417239,34.52210045286602,mixed
209441,1400,850,0.88,0.98,0.8921634341936558,34.52210228955524,mixed
209441,1400,900,0.88,0.98,0.8921968184884658,34.52211989864032,mixed
209441,1400,950,0.88,0.98,0.8924347666809741,34.522259703293656,mixed
209441,1400,1000,0.88,0.98,0.8938728047487088,34.5231994924078,mixed
209441,1400,1050,0.88,0.98,0.9011608775559428,34.52865000077586,mixed
209441,1400,1100,0.88,0.98,0.9288743419740579,34.556359163054594,mixed
209441,1400,1150,0.88,0.98,0.9798540829551377,34.681394842675424,mixed
209441,1400,1200,0.88,0.98,0.9949947633528106,35.03985203324091,grain_growth
209441,1400,1250,0.88,0.98,0.9949817972852926,35.111662976176305,grain_growth
209441,1400,1300,0.88,0.98,0.9949909017067853,35.42540312211497,grain_growth
209441,1400,1350,0.88,0.98,0.9948508341160974,36.603318085479366,grain_growth
209441,1400,1400,0.88,0.98,0.9948498122976142,39.603644018619995,grain_growth
209441,1400,1450,0.88,0.98,0.9939290103568149,45.83904083289391,grain_growth
209441,1400,1500,0.88,0.98,0.9937848224972342,58.52939118036861,grain_growth
225713,1400,800,0.88,0.98,0.8878886663319316,1.7531003967062957,mixed
225713,1400,850,0.88,0.98,0.887889254351788,1.7531004958549947,mixed
225713,1400,900,0.88,0.98,0.8878942747896509,1.7531014455152358,mixed
225713,1400,950,0.88,0.98,0.8879300988318342,1.753108926626541,mixed
225713,1400,1000,0.88,0.98,0.8881481335075401,1.753156655495732,mixed
225713,1400,1050,0.88,0.98,0.8892959144397996,1.7533671346020703,mixed
225713,1400,1100,0.88,0.98,0.8945088753998021,1.7537853257643667,mixed
225713,1400,1150,0.88,0.98,0.9137967353739282,1.7542437595610934,mixed
225713,1400,1200,0.88,0.98,0.9599497470474714,1.757888801631943,mixed
225713,1400,1250,0.88,0.98,0.994934637669905,1.7685428191051353,grain_growth
225713,1400,1300,0.88,0.98,0.9948387569576329,1.7731695223971928,grain_growth
225713,1400,1350,0.88,0.98,0.9946351975874976,1.789617500025682,grain_growth
225713,1400,1400,0.88,0.98,0.9947084499933246,1.8406403032558685,grain_growth
225713,1400,1450,0.88,0.98,0.9949311884884386,1.9717634124922632,grain_growth
225713,1400,1500,0.88,0.98,0.9943006990003131,2.2456646180948265,grain_growth
936199,1400,800,0.88,0.98,0.8802588403751123,3.1567162948738288,mixed
936199,1400,850,0.88,0.98,0.8802606022974586,3.1567163028294427,mixed
936199,1400,900,0.88,0.98,0.8802756447814044,3.156716377743898,mixed
936199,1400,950,0.88,0.98,0.8803829522841797,3.156716896568888,mixed
936199,1400,1000,0.88,0.98,0.8810349091938579,3.1567203743868246,mixed
936199,1400,1050,0.88,0.98,0.8844344496387764,3.1567406083334237,mixed
936199,1400,1100,0.88,0.98,0.8991807447243526,3.156843518173792,mixed
936199,1400,1150,0.88,0.98,0.9437067269406211,3.1573088371632076,mixed
936199,1400,1200,0.88,0.98,0.9940166649053311,3.15920107880428,grain_growth
936199,1400,1250,0.88,0.98,0.9948170268136235,3.161416276824995,grain_growth
936199,1400,1300,0.88,0.98,0.9947481098087274,3.1690451341085586,grain_growth
936199,1400,1350,0.88,0.98,0.9946758545487391,3.1928777196791245,grain_growth
936199,1400,1400,0.88,0.98,0.994252012992108,3.2609442767147048,grain_growth
936199,1400,1450,0.88,0.98,0.9942520129921513,3.435016598880492,grain_growth
936199,1400,1500,0.88,0.98,0.9942520129921616,3.810771768313163,grain_growth
133776,1400,800,0.88,0.98,0.8875635215524433,0.19619600097307166,mixed
133776,1400,850,0.88,0.98,0.8875643409036511,0.1961960096216564,mixed
133776,1400,900,0.88,0.98,0.8875713363498812,0.1961960925437416,mixed
133776,1400,950,0.88,0.98,0.8876212497599649,0.19619675089213673,mixed
133776,1400,1000,0.88,0.98,0.887924900499896,0.19620117646561264,mixed
133776,1400,1050,0.88,0.98,0.8895195332731642,0.19622684526635492,mixed
133776,1400,1100,0.88,0.98,0.8966796402799002,0.19635738552515392,mixed
133776,1400,1150,0.88,0.98,0.9219403384857678,0.196947404291425,mixed
133776,1400,1200,0.88,0.98,0.9730388458185738,0.19934280442653218,mixed
133776,1400,1250,0.88,0.98,0.9949327015564212,0.20367494049333246,grain_growth
133776,1400,1300,0.88,0.98,0.9948434403877914,0.20570654596190607,grain_growth
133776,1400,1350,0.88,0.98,0.9946241331213416,0.2128705170642069,grain_growth
133776,1400,1400,0.88,0.98,0.9946914584291776,0.235603175534014,grain_growth
133776,1400,1450,0.88,0.98,0.9944658758336076,0.2938116608496162,grain_growth
133776,1400,1500,0.88,0.98,0.9945041433551206,0.4310263606339355,grain_growth
185301,1400,800,0.88,0.98,0.8847389381701202,0.4638980396680321,mixed
185301,1400,850,0.88,0.98,0.8847395292381168,0.46389805812068574,mixed
185301,1400,900,0.88,0.98,0.8847445757026987,0.4638981803116322,mixed
185301,1400,950,0.88,0.98,0.8847805855709507,0.46389919670698343,mixed
185301,1400,1000,0.88,0.98,0.8849997553533598,0.4639060291308743,mixed
185301,1400,1050,0.88,0.98,0.8861536293383507,0.46394565703538415,mixed
185301,1400,1100,0.88,0.98,0.8913968454268568,0.4641471637713632,mixed
185301,1400,1150,0.88,0.98,0.9108392135134948,0.4650574512477912,mixed
185301,1400,1200,0.88,0.98,0.9577851524810528,0.4687449568601292,mixed
185301,1400,1250,0.88,0.98,0.9949732946012194,0.4799241963979519,grain_growth
185301,1400,1300,0.88,0.98,0.9948802105523346,0.4830281718892495,grain_growth
185301,1400,1350,0.88,0.98,0.9948588977234619,0.4934350372830547,grain_growth
185301,1400,1400,0.88,0.98,0.9947893140529515,0.5261949449001679,grain_growth
185301,1400,1450,0.88,0.98,0.9946855400671122,0.6088125685753183,grain_growth
185301,1400,1500,0.88,0.98,0.9937971865529233,0.7739990100832677,grain_growth
506536,1400,800,0.88,0.98,0.8963572573860432,0.6564853960324961,mixed
506536,1400,850,0.88,0.98,0.8963593883889468,0.6564874146012902,mixed
506536,1400,900,0.88,0.98,0.8963775812028247,0.656496712661228,mixed
506536,1400,950,0.88,0.98,0.8965073251268401,0.6565049014158035,mixed
506536,1400,1000,0.88,0.98,0.8972942080050367,0.6565134419671659,mixed
506536,1400,1050,0.88,0.98,0.9013586996702739,0.6566535157559175,mixed
506536,1400,1100,0.88,0.98,0.9182397815113591,0.6573657014729195,mixed
506536,1400,1150,0.88,0.98,0.961678542116586,0.6605796322700022,mixed
506536,1400,1200,0.88,0.98,0.9940954873034953,0.6735084612443762,grain_growth
506536,1400,1250,0.88,0.98,0.9949765923481301,0.6783917762161271,grain_growth
506536,1400,1300,0.88,0.98,0.9949319899717654,0.6813463965312629,grain_growth
506536,1400,1350,0.88,0.98,0.9947866218903231,0.6930868303805533,grain_growth
506536,1400,1400,0.88,0.98,0.9945822375781055,0.7336226463266022,grain_growth
506536,1400,1450,0.88,0.98,0.9926222419361581,0.8229258486961926,grain_growth
506536,1400,1500,0.88,0.98,0.9942101266115273,1.050826458617243,grain_growth
993282,1400,800,0.88,0.98,0.8873928450378404,51.64814538844416,mixed
993282,1400,850,0.88,0.98,0.8874014913797975,51.6481491349944,mixed
993282,1400,900,0.88,0.98,0.8874752874480236,51.648181704550396,mixed
993282,1400,950,0.88,0.98,0.8880005576822791,51.64833932838752,mixed
993282,1400,1000,0.88,0.98,0.8911483422116624,51.64948160743319,mixed
993282,1400,1050,0.88,0.98,0.9063979219600923,51.65610919167132,mixed
993282,1400,1100,0.88,0.98,0.9536883396225609,51.68980567803403,mixed
993282,1400,1150,0.88,0.98,0.994972187519096,51.80718982249651,grain_growth
993282,1400,1200,0.88,0.98,0.9948933486714692,51.819490336639326,grain_growth
993282,1400,1250,0.88,0.98,0.9946125618197612,51.918226639530914,grain_growth
993282,1400,1300,0.88,0.98,0.9945976022068751,52.31850154018362,grain_growth
993282,1400,1350,0.88,0.98,0.9946077632298873,53.581674387890835,grain_growth
993282,1400,1400,0.88,0.98,0.9939792076204967,57.10419716176206,grain_growth
993282,1400,1450,0.88,0.98,0.9942462558526577,65.98643148701531,grain_growth
993282,1400,1500,0.88,0.98,0.9943436172679826,84.72423942292347,grain_growth
122542,1400,800,0.88,0.98,0.8888902025556122,139.0838736864903,mixed
122542,1400,850,0.88,0.98,0.8888961584473332,139.08390781697713,mixed
122542,1400,900,0.88,0.98,0.8889469976242209,139.0842313713625,mixed
122542,1400,950,0.88,0.98,0.8893091727411752,139.08660193063392,mixed
122542,1400,1000,0.88,0.98,0.8914910886535803,139.09856489740088,mixed
122542,1400,1050,0.88,0.98,0.9023628503353502,139.15205597936313,mixed
122542,1400,1100,0.88,0.98,0.9405440659954861,139.4118862931305,mixed
122542,1400,1150,0.88,0.98,0.9927462248282033,140.58982337005787,grain_growth
122542,1400,1200,0.88,0.98,0.994917124343866,139.17324227069187,grain_growth
122542,1400,1250,0.88,0.98,0.9947529259935783,139.24271726659674,grain_growth
122542,1400,1300,0.88,0.98,0.9948989289806716,139.4962002159182,grain_growth
122542,1400,1350,0.88,0.98,0.9937088004146871,140.28540808475873,grain_growth
122542,1400,1400,0.88,0.98,0.9937088004147584,142.69032459034145,grain_growth
122542,1400,1450,0.88,0.98,0.9937088004148168,149.10309146459534,grain_growth
122542,1400,1500,0.88,0.98,0.9937088004148333,164.60005772073492,grain_growth
822410,1400,800,0.88,0.98,0.8876368901321531,7.5064248868816374,mixed
822410,1400,850,0.88,0.98,0.887643948631863,7.506431173494862,mixed
822410,1400,900,0.88,0.98,0.88770419669489,7.50648598948152,mixed
822410,1400,950,0.88,0.98,0.8881332488874676,7.50673927306887,mixed
822410,1400,1000,0.88,0.98,0.8907124270695069,7.507152366820083,mixed
822410,1400,1050,0.88,0.98,0.90341595381809,7.507518518017813,mixed
822410,1400,1100,0.88,0.98,0.9458334140970294,7.509526117978503,mixed
822410,1400,1150,0.88,0.98,0.9949913753928197,7.520642426373822,grain_growth
822410,1400,1200,0.88,0.98,0.9949835133678389,7.52222154927669,grain_growth
822410,1400,1250,0.88,0.98,0.9948828131582595,7.5255855311938,grain_growth
822410,1400,1300,0.88,0.98,0.9942423645304411,7.538760441951192,grain_growth
822410,1400,1350,0.88,0.98,0.9939224279030193,7.586973286907369,grain_growth
822410,1400,1400,0.88,0.98,0.9934333818771605,7.748095653486223,grain_growth
822410,1400,1450,0.88,0.98,0.9934333822978447,8.177129990685323,grain_growth
822410,1400,1500,0.88,0.98,0.9934333824251725,9.210854560824064,grain_growth
819365,1400,800,0.88,0.98,0.8808777065625792,0.4115494171276086,mixed
819365,1400,850,0.88,0.98,0.880882141860992,0.41154942608933687,mixed
819365,1400,900,0.88,0.98,0.8809200046206466,0.41154950239251775,mixed
819365,1400,950,0.88,0.98,0.8811899071034981,0.4115498063965686,mixed
819365,1400,1000,0.88,0.98,0.8828223212449507,0.4115505051023962,mixed
819365,1400,1050,0.88,0.98,0.8911284358011775,0.41155590445197876,mixed
819365,1400,1100,0.88,0.98,0.9231661724445186,0.41158336579964394,mixed
819365,1400,1150,0.88,0.98,0.9827265968229892,0.41170754092560125,grain_growth
819365,1400,1200,0.88,0.98,0.9949005127039178,0.4119451870283839,grain_growth
819365,1400,1250,0.88,0.98,0.9948864493331121,0.41259030789218487,grain_growth
819365,1400,1300,0.88,0.98,0.9946202992787269,0.4147632999248225,grain_growth
819365,1400,1350,0.88,0.98,0.9944399124282881,0.4216780972763947,grain_growth
819365,1400,1400,0.88,0.98,0.9944399124282881,0.44157115344692377,grain_growth
819365,1400,1450,0.88,0.98,0.9944399124282881,0.49238320601940266,grain_growth
819365,1400,1500,0.88,0.98,0.9944399124282881,0.6044315979889368,grain_growth
877222,1400,800,0.88,0.98,0.9316911777110444,0.5605837214758373,mixed
877222,1400,850,0.88,0.98,0.9316951775700177,0.5605840487320699,mixed
877222,1400,900,0.88,0.98,0.9317293156005486,0.5605858781327566,mixed
877222,1400,950,0.88,0.98,0.9319722767524454,0.5606011963410933,mixed
877222,1400,1000,0.88,0.98,0.9334272058517297,0.560704491362074,mixed
877222,1400,1050,0.88,0.98,0.9404484417448782,0.5613034939250474,mixed
877222,1400,1100,0.88,0.98,0.9618584073198206,0.5643466075854613,mixed
877222,1400,1150,0.88,0.98,0.9805431411952732,0.5780359734135414,grain_growth
877222,1400,1200,0.88,0.98,0.9818823900721716,0.6325681819322277,grain_growth
877222,1400,1250,0.88,0.98,0.9834478542782931,0.8202407292097944,grain_growth
877222,1400,1300,0.88,0.98,0.9875910793481464,1.3479473755952887,grain_growth
877222,1400,1350,0.88,0.98,0.9947179854874929,2.5201359050643033,grain_growth
877222,1400,1400,0.88,0.98,0.9949938758171957,2.0549138450896236,grain_growth
877222,1400,1450,0.88,0.98,0.994909376525607,1.800669221192086,grain_growth
877222,1400,1500,0.88,0.98,0.994795265459024,1.6851643558288036,grain_growth
765689,1400,800,0.88,0.98,0.918642255454856,0.34606285554722205,mixed
765689,1400,850,0.88,0.98,0.9186434311488935,0.3460732193500369,mixed
765689,1400,900,0.88,0.98,0.9186534685323972,0.3461405575016123,mixed
765689,1400,950,0.88,0.98,0.9187250635921227,0.3462603217765521,mixed
765689,1400,1000,0.88,0.98,0.9191597480181274,0.34631334157185845,mixed
765689,1400,1050,0.88,0.98,0.9214180818909821,0.34638126064324637,mixed
765689,1400,1100,0.88,0.98,0.9310562422088401,0.34749137011919706,mixed
765689,1400,1150,0.88,0.98,0.958698004374066,0.3526952011476763,mixed
765689,1400,1200,0.88,0.98,0.987148497204322,0.3734731335151946,grain_growth
765689,1400,1250,0.88,0.98,0.9907102219139745,0.44539175479634974,grain_growth
765689,1400,1300,0.88,0.98,0.9928632651527323,0.6480145136535027,grain_growth
765689,1400,1350,0.88,0.98,0.9949903782914727,0.8766655748730812,grain_growth
765689,1400,1400,0.88,0.98,0.9949788883384457,0.8960147545624708,grain_growth
765689,1400,1450,0.88,0.98,0.994929921122169,0.9085048781467946,grain_growth
765689,1400,1500,0.88,0.98,0.9947506720796664,0.916820245715291,grain_growth
684226,1400,800,0.88,0.98,0.9335114369787612,0.20777889047757236,mixed
684226,1400,850,0.88,0.98,0.9335125154039872,0.20777910362220786,mixed
684226,1400,900,0.88,0.98,0.9335217222267976,0.2077807807744012,mixed
684226,1400,950,0.88,0.98,0.9335873859218027,0.20778581949107777,mixed
684226,1400,1000,0.88,0.98,0.9339857903246159,0.20782315316499744,mixed
684226,1400,1050,0.88,0.98,0.9360481471179518,0.20804267767947016,mixed
684226,1400,1100,0.88,0.98,0.9447014328977701,0.20915732676690846,mixed
684226,1400,1150,0.88,0.98,0.9678922356889327,0.21415924469341596,mixed
684226,1400,1200,0.88,0.98,0.9873711020117335,0.23388874863775921,grain_growth
684226,1400,1250,0.88,0.98,0.989167174313027,0.2995435339097543,grain_growth
684226,1400,1300,0.88,0.98,0.9909887395450538,0.46852917656193505,grain_growth
684226,1400,1350,0.88,0.98,0.9947858606957971,0.7867864187151332,grain_growth
684226,1400,1400,0.88,0.98,0.9949916398486889,0.7999451642052904,grain_growth
684226,1400,1450,0.88,0.98,0.9949198951235375,0.809751962915841,grain_growth
684226,1400,1500,0.88,0.98,0.9949522182807704,0.8269536596978408,grain_growth
817972,1400,800,0.88,0.98,0.8897847525271582,63.592057422787576,mixed
817972,1400,850,0.88,0.98,0.8897887392628768,63.592063878600726,mixed
817972,1400,900,0.88,0.98,0.8898227724685924,63.59212059708001,mixed
817972,1400,950,0.88,0.98,0.8900653599314303,63.59247658739008,mixed
817972,1400,1000,0.88,0.98,0.8915319657481255,63.59495109017358,mixed
817972,1400,1050,0.88,0.98,0.8989792601801975,63.60930188535944,mixed
817972,1400,1100,0.88,0.98,0.9275524857504864,63.682241859259534,mixed
817972,1400,1150,0.88,0.98,0.9818721305422158,64.01102622367858,grain_growth
817972,1400,1200,0.88,0.98,0.9949466585716841,64.38338903822742,grain_growth
817972,1400,1250,0.88,0.98,0.9947985089646856,64.52328619478561,grain_growth
817972,1400,1300,0.88,0.98,0.994233984240033,64.95766059579125,grain_growth
817972,1400,1350,0.88,0.98,0.9949967621692872,66.62477079852654,grain_growth
817972,1400,1400,0.88,0.98,0.9940505891965834,71.0083218524871,grain_growth
817972,1400,1450,0.88,0.98,0.9915984916039403,81.85584894592479,grain_growth
817972,1400,1500,0.88,0.98,0.991635356357354,105.7600369109551,grain_growth
561631,1400,800,0.88,0.98,0.8948553663741882,0.5567103422446664,mixed
561631,1400,850,0.88,0.98,0.8948591020946797,0.5567104074624092,mixed
561631,1400,900,0.88,0.98,0.8948909925943557,0.5567110327439297,mixed
561631,1400,950,0.88,0.98,0.8951183127869878,0.5567159970740456,mixed
561631,1400,1000,0.88,0.98,0.8964928377285091,0.5567493682055624,mixed
561631,1400,1050,0.88,0.98,0.9034785567915448,0.5569429151290313,mixed
561631,1400,1100,0.88,0.98,0.9303873844965165,0.5579269667315068,mixed
561631,1400,1150,0.88,0.98,0.9822998693182425,0.562369654674092,grain_growth
561631,1400,1200,0.88,0.98,0.9949749542897501,0.5670704417170429,grain_growth
561631,1400,1250,0.88,0.98,0.9947031235918078,0.5683880697498276,grain_growth
561631,1400,1300,0.88,0.98,0.9940263549022784,0.5728341452474999,grain_growth
561631,1400,1350,0.88,0.98,0.9946372395044082,0.590621483418698,grain_growth
561631,1400,1400,0.88,0.98,0.9949785192340639,0.6442356189700706,grain_growth
561631,1400,1450,0.88,0.98,0.9922658836368832,0.7775090899289512,grain_growth
561631,1400,1500,0.88,0.98,0.992265884670864,1.0992320072773225,grain_growth
647202,1400,800,0.88,0.98,0.8951774256650253,11.545095341308524,mixed
647202,1400,850,0.88,0.98,0.8951802375284099,11.54509704865479,mixed
647202,1400,900,0.88,0.98,0.8952042423773776,11.545113338139856,mixed
647202,1400,950,0.88,0.98,0.8953754035992675,11.545237771255993,mixed
647202,1400,1000,0.88,0.98,0.8964122773903167,11.545900912066314,mixed
647202,1400,1050,0.88,0.98,0.9017347652146005,11.547554456984843,mixed
647202,1400,1100,0.88,0.98,0.923206820587898,11.55228222754291,mixed
647202,1400,1150,0.88,0.98,0.9725542709976251,11.578469958192578,mixed
647202,1400,1200,0.88,0.98,0.9949568904990168,11.627059758136916,grain_growth
647202,1400,1250,0.88,0.98,0.9948193165913537,11.6351565343229,grain_growth
647202,1400,1300,0.88,0.98,0.9946143521031585,11.653018092109564,grain_growth
647202,1400,1350,0.88,0.98,0.993609373823942,11.712245473224563,grain_growth
647202,1400,1400,0.88,0.98,0.9939130005447772,11.916459634649163,grain_growth
647202,1400,1450,0.88,0.98,0.990425467065005,12.43314794468756,grain_growth
647202,1400,1500,0.88,0.98,0.9905421404973794,13.642134542588282,grain_growth
634323,1400,800,0.88,0.98,0.8849274664038194,144.88969848460806,mixed
634323,1400,850,0.88,0.98,0.8849300727444566,144.88969897457207,mixed
634323,1400,900,0.88,0.98,0.8849523235432939,144.88970367205613,mixed
634323,1400,950,0.88,0.98,0.885111003628207,144.8897409670982,mixed
634323,1400,1000,0.88,0.98,0.8860732365034182,144.88999167399916,mixed
634323,1400,1050,0.88,0.98,0.8910392836470002,144.891445828962,mixed
634323,1400,1100,0.88,0.98,0.9115741251685736,144.89884176358746,mixed
634323,1400,1150,0.88,0.98,0.9632828688680224,144.9322855112918,mixed
634323,1400,1200,0.88,0.98,0.9948430631981311,145.01906491943996,grain_growth
634323,1400,1250,0.88,0.98,0.9946162210696052,145.09896006093157,grain_growth
634323,1400,1300,0.88,0.98,0.9943148224418014,145.41602147251615,grain_growth
634323,1400,1350,0.88,0.98,0.9946066848233259,146.47078698938668,grain_growth
634323,1400,1400,0.88,0.98,0.9944605565582239,149.624746033916,grain_growth
634323,1400,1450,0.88,0.98,0.9944605565582239,157.9709959565167,grain_growth
634323,1400,1500,0.88,0.98,0.9944605565582239,177.82234868379376,grain_growth
18459,1400,800,0.88,0.98,0.8805373755140027,1.5908213747193831,mixed
18459,1400,850,0.88,0.98,0.8805444203912294,1.5908214526627473,mixed
18459,1400,900,0.88,0.98,0.8806045532739458,1.5908222014444302,mixed
18459,1400,950,0.88,0.98,0.8810328419887845,1.590828146281063,mixed
18459,1400,1000,0.88,0.98,0.8836095493790024,1.5908681083408016,mixed
18459,1400,1050,0.88,0.98,0.8963567752432777,1.5910998741453342,mixed
18459,1400,1100,0.88,0.98,0.9397710484595674,1.5922780473410891,mixed
18459,1400,1150,0.88,0.98,0.993829998058418,1.5975930895932957,grain_growth
18459,1400,1200,0.88,0.98,0.9949391284738718,1.599165631145795,grain_growth
18459,1400,1250,0.88,0.98,0.9948645888608637,1.602651980131554,grain_growth
18459,1400,1300,0.88,0.98,0.9947368686089867,1.616505856596194,grain_growth
18459,1400,1350,0.88,0.98,0.9945522321999635,1.6611306143218805,grain_growth
18459,1400,1400,0.88,0.98,0.9947750899872321,1.7935548109747397,grain_growth
18459,1400,1450,0.88,0.98,0.9947750899872321,2.1058652130984505,grain_growth
18459,1400,1500,0.88,0.98,0.9947750899872321,2.715110219426643,grain_growth
877192,1400,800,0.88,0.98,0.9047229399167354,0.39298140609541377,mixed
877192,1400,850,0.88,0.98,0.9047243546790779,0.3929814637577811,mixed
877192,1400,900,0.88,0.98,0.9047364331822534,0.3929820146154035,mixed
877192,1400,950,0.88,0.98,0.9048225921731863,0.39298626590772123,mixed
877192,1400,1000,0.88,0.98,0.9053458873664297,0.3930126438829029,mixed
877192,1400,1050,0.88,0.98,0.9080698235129041,0.3931675485053969,mixed
877192,1400,1100,0.88,0.98,0.9198007721167939,0.3939546235259348,mixed
877192,1400,1150,0.88,0.98,0.9546869078544714,0.39749751521685317,mixed
877192,1400,1200,0.88,0.98,0.9947405353459681,0.41163975992321067,grain_growth
877192,1400,1250,0.88,0.98,0.9949910009617359,0.4136136832674635,grain_growth
877192,1400,1300,0.88,0.98,0.9946272445376177,0.41596020530782774,grain_growth
877192,1400,1350,0.88,0.98,0.9944416544362296,0.4246982442398808,grain_growth
877192,1400,1400,0.88,0.98,0.9943104854803767,0.45513784984398886,grain_growth
877192,1400,1450,0.88,0.98,0.9923972687427323,0.5299156212086729,grain_growth
877192,1400,1500,0.88,0.98,0.9924158788149887,0.7037152176613974,grain_growth
996327,1400,800,0.88,0.98,0.8872102127306903,151.99991222820668,mixed
996327,1400,850,0.88,0.98,0.8872107155674598,151.99991246442767,mixed
996327,1400,900,0.88,0.98,0.8872150087478397,151.9999147291387,mixed
996327,1400,950,0.88,0.98,0.8872456446281644,151.9999327071776,mixed
996327,1400,1000,0.88,0.98,0.8874321514579383,152.00005345301724,mixed
996327,1400,1050,0.88,0.98,0.8884153464001981,152.00075016507023,mixed
996327,1400,1100,0.88,0.98,0.8929104738523361,152.00420276367686,mixed
996327,1400,1150,0.88,0.98,0.9099885214960839,152.0183146280368,mixed
996327,1400,1200,0.88,0.98,0.954196087602206,152.0636356163097,mixed
996327,1400,1250,0.88,0.98,0.9948603002073586,152.1862929353931,grain_growth
996327,1400,1300,0.88,0.98,0.994686863169804,152.30102664735642,grain_growth
996327,1400,1350,0.88,0.98,0.9941736906227912,152.7014447927112,grain_growth
996327,1400,1400,0.88,0.98,0.9943319430898626,153.9000160133206,grain_growth
996327,1400,1450,0.88,0.98,0.9948490985723458,157.6600985154288,grain_growth
996327,1400,1500,0.88,0.98,0.9948490985723458,165.0176966200304,grain_growth
261238,1400,800,0.88,0.98,0.8999095077128778,1.6026580109731912,mixed
261238,1400,850,0.88,0.98,0.8999126893155843,1.602658487550773,mixed
261238,1400,900,0.88,0.98,0.8999398499943975,1.6026625653001196,mixed
261238,1400,950,0.88,0.98,0.9001334803975778,1.6026853630102686,mixed
261238,1400,1000,0.88,0.98,0.9013052373687815,1.6028324594502408,mixed
261238,1400,1050,0.88,0.98,0.907286218340653,1.6030085917073285,mixed
261238,1400,1100,0.88,0.98,0.9307898744388767,1.6044916353521752,mixed
261238,1400,1150,0.88,0.98,0.9796619931823954,1.6111778153062244,mixed
261238,1400,1200,0.88,0.98,0.9949666126442739,1.6200389933842443,grain_growth
261238,1400,1250,0.88,0.98,0.9948852373001492,1.622950190810343,grain_growth
261238,1400,1300,0.88,0.98,0.9943300582982936,1.6325766358768772,grain_growth
261238,1400,1350,0.88,0.98,0.9945361923367861,1.6700949112989258,grain_growth
261238,1400,1400,0.88,0.98,0.9945097005594778,1.7783430809373875,grain_growth
261238,1400,1450,0.88,0.98,0.9929113861527957,2.032292205705054,grain_growth
261238,1400,1500,0.88,0.98,0.9929113861527957,2.565847944185469,grain_growth
939436,1400,800,0.88,0.98,0.8921236383034105,6.516865465241194,mixed
939436,1400,850,0.88,0.98,0.892133172345189,6.516865592298975,mixed
939436,1400,900,0.88,0.98,0.8922145406038583,6.516866810453632,mixed
939436,1400,950,0.88,0.98,0.8927934869141911,6.516876481815554,mixed
939436,1400,1000,0.88,0.98,0.8962547087066719,6.516941494627114,mixed
939436,1400,1050,0.88,0.98,0.9128124439089071,6.517318563255811,mixed
939436,1400,1100,0.88,0.98,0.96137794881557,6.5192358350967705,mixed
939436,1400,1150,0.88,0.98,0.9949376877416143,6.5245294755605245,grain_growth
939436,1400,1200,0.88,0.98,0.9947490184918557,6.5259646561797915,grain_growth
939436,1400,1250,0.88,0.98,0.9949126239861034,6.531729363957099,grain_growth
939436,1400,1300,0.88,0.98,0.9947058602837462,6.553249597218772,grain_growth
939436,1400,1350,0.88,0.98,0.993392515596425,6.617293855178008,grain_growth
939436,1400,1400,0.88,0.98,0.9930992527865175,6.81340114600062,grain_growth
939436,1400,1450,0.88,0.98,0.9930992527865175,7.3085953829624835,grain_growth
939436,1400,1500,0.88,0.98,0.9930992527865175,8.381338532280735,grain_growth
846035,1400,800,0.88,0.98,0.8825087376684922,1.9746074560072224,mixed
846035,1400,850,0.88,0.98,0.8825276228823511,1.9746075046476643,mixed
846035,1400,900,0.88,0.98,0.8826887432649582,1.9746079674504027,mixed
846035,1400,950,0.88,0.98,0.8838322706791581,1.9746114320859083,mixed
846035,1400,1000,0.88,0.98,0.8905637304588396,1.9746329501142466,mixed
846035,1400,1050,0.88,0.98,0.9202419513008953,1.9747593890837694,mixed
846035,1400,1100,0.88,0.98,0.9819002890124903,1.9754022372276814,grain_growth
846035,1400,1150,0.88,0.98,0.9949194831346718,1.9760959072242765,grain_growth
846035,1400,1200,0.88,0.98,0.9949314714446283,1.9765061954729002,grain_growth
846035,1400,1250,0.88,0.98,0.9941799158333948,1.9781499723281892,grain_growth
846035,1400,1300,0.88,0.98,0.9946403508459674,1.984741502379734,grain_growth
846035,1400,1350,0.88,0.98,0.9949174088081212,2.007157509183062,grain_growth
846035,1400,1400,0.88,0.98,0.9949174110316791,2.070191693860733,grain_growth
846035,1400,1450,0.88,0.98,0.9949174126498694,2.22651884895555,grain_growth
846035,1400,1500,0.88,0.98,0.9949174129736569,2.553418343028683,grain_growth
426135,1400,800,0.88,0.98,0.885205835634734,5.479795063259946,mixed
426135,1400,850,0.88,0.98,0.885206099586148,5.47979507760119,mixed
426135,1400,900,0.88,0.98,0.8852083532031179,5.479795214942093,mixed
426135,1400,950,0.88,0.98,0.8852244359596746,5.479796295533233,mixed
426135,1400,1000,0.88,0.98,0.8853223863711803,5.479803142356264,mixed
426135,1400,1050,0.88,0.98,0.8858399130514353,5.479833146494192,mixed
426135,1400,1100,0.88,0.98,0.8882317586946447,5.479967140355017,mixed
426135,1400,1150,0.88,0.98,0.8977541935066302,5.480596569723994,mixed
426135,1400,1200,0.88,0.98,0.9274640205579343,5.4831570883637255,mixed
426135,1400,1250,0.88,0.98,0.9787846759909814,5.492616737840205,mixed
426135,1400,1300,0.88,0.98,0.9947609729751871,5.509005513611661,grain_growth
426135,1400,1350,0.88,0.98,0.9946388173148846,5.535459010579961,grain_growth
426135,1400,1400,0.88,0.98,0.9941470641836874,5.61103085412559,grain_growth
426135,1400,1450,0.88,0.98,0.993588582434727,5.813521491506857,grain_growth
426135,1400,1500,0.88,0.98,0.993588582434727,6.311020076118337,grain_growth
973131,1400,800,0.88,0.98,0.8891109248752129,3.4482026401780645,mixed
973131,1400,850,0.88,0.98,0.8891129398603157,3.4482122574953307,mixed
973131,1400,900,0.88,0.98,0.8891301424837148,3.4483020056052123,mixed
973131,1400,950,0.88,0.98,0.8892528391486785,3.448906658505396,mixed
973131,1400,1000,0.88,0.98,0.8899975225924222,3.451780086579862,mixed
973131,1400,1050,0.88,0.98,0.8938591098955891,3.4662681363210472,mixed
973131,1400,1100,0.88,0.98,0.9101938714934931,3.53899028926286,mixed
973131,1400,1150,0.88,0.98,0.9553913276623741,3.8567441375516065,mixed
973131,1400,1200,0.88,0.98,0.9949618215118168,3.497620517158955,grain_growth
973131,1400,1250,0.88,0.98,0.9949822454918293,3.5043606803453926,grain_growth
973131,1400,1300,0.88,0.98,0.994485836070005,3.518297999560202,grain_growth
973131,1400,1350,0.88,0.98,0.9943310716339573,3.5676968223155487,grain_growth
973131,1400,1400,0.88,0.98,0.993648306998197,3.7108063817825228,grain_growth
973131,1400,1450,0.88,0.98,0.9948028413072886,4.160768179008241,grain_growth
973131,1400,1500,0.88,0.98,0.9948028413072886,5.1826093487212175,grain_growth
841578,1400,800,0.88,0.98,0.8828814270499228,4.0356043156864665,mixed
841578,1400,850,0.88,0.98,0.8828996721434345,4.035604632638557,mixed
841578,1400,900,0.88,0.98,0.8830553286604554,4.035607671385762,mixed
841578,1400,950,0.88,0.98,0.8841599409121255,4.035631796982745,mixed
841578,1400,1000,0.88,0.98,0.8906573800908664,4.035793969642893,mixed
841578,1400,1050,0.88,0.98,0.9191912518226544,4.036734406432146,mixed
841578,1400,1100,0.88,0.98,0.9775664537250545,4.041512257044282,mixed
841578,1400,1150,0.88,0.98,0.9941451678449668,4.063008087388531,grain_growth
841578,1400,1200,0.88,0.98,0.9946511386684496,4.148668676026508,grain_growth
841578,1400,1250,0.88,0.98,0.9949970159821145,4.223853165159393,grain_growth
841578,1400,1300,0.88,0.98,0.994987018713905,4.2333769894267785,grain_growth
841578,1400,1350,0.88,0.98,0.9949518475935406,4.310056115566483,grain_growth
841578,1400,1400,0.88,0.98,0.9949663458163092,4.637434312191423,grain_growth
841578,1400,1450,0.88,0.98,0.9940162204360685,5.2611890432995585,grain_growth
841578,1400,1500,0.88,0.98,0.9929363247936764,6.412194878270978,grain_growth
681772,1400,800,0.88,0.98,0.8904311452149245,0.5667978496149277,mixed
681772,1400,850,0.88,0.98,0.8904316413793859,0.5667980049494938,mixed
681772,1400,900,0.88,0.98,0.8904358775813372,0.5667990070959774,mixed
681772,1400,950,0.88,0.98,0.8904661063065196,0.5668006812582729,mixed
681772,1400,1000,0.88,0.98,0.890650113233171,0.5668121234518841,mixed
681772,1400,1050,0.88,0.98,0.8916195291540654,0.5668829753387896,mixed
681772,1400,1100,0.88,0.98,0.896038977182215,0.5672431955743671,mixed
681772,1400,1150,0.88,0.98,0.9126534015503716,0.568869219209605,mixed
681772,1400,1200,0.88,0.98,0.9548332649773142,0.5754356113920978,mixed
681772,1400,1250,0.88,0.98,0.9949855124273046,0.5981686109838062,grain_growth
681772,1400,1300,0.88,0.98,0.9949293751775096,0.6009434270560436,grain_growth
681772,1400,1350,0.88,0.98,0.9949517067739904,0.6060750387771427,grain_growth
681772,1400,1400,0.88,0.98,0.9948676307076572,0.6199435828595847,grain_growth
681772,1400,1450,0.88,0.98,0.9941828641375882,0.6589858040845988,grain_growth
681772,1400,1500,0.88,0.98,0.9937289799758666,0.7562452057420634,grain_growth
252226,1400,800,0.88,0.98,0.8895144327421993,5.2691080901977285,mixed
252226,1400,850,0.88,0.98,0.889520100720233,5.269108234460429,mixed
252226,1400,900,0.88,0.98,0.8895684825901716,5.269109616447061,mixed
252226,1400,950,0.88,0.98,0.8899131680737495,5.269120517580456,mixed
252226,1400,1000,0.88,0.98,0.8919903273989574,5.269190800743457,mixed
252226,1400,1050,0.88,0.98,0.9023574895477046,5.269583907957782,mixed
252226,1400,1100,0.88,0.98,0.9391072066429526,5.271597556251345,mixed
252226,1400,1150,0.88,0.98,0.9916076192104887,5.279754820882723,grain_growth
252226,1400,1200,0.88,0.98,0.9949444953539669,5.284067674277652,grain_growth
252226,1400,1250,0.88,0.98,0.9945365861722861,5.29148832823285,grain_growth
252226,1400,1300,0.88,0.98,0.9947736766673075,5.321847550254137,grain_growth
252226,1400,1350,0.88,0.98,0.9946632039369752,5.418462652075956,grain_growth
252226,1400,1400,0.88,0.98,0.9941786060904845,5.6964122564450035,grain_growth
252226,1400,1450,0.88,0.98,0.9941786060904845,6.419622569896657,grain_growth
252226,1400,1500,0.88,0.98,0.9941786060904845,8.03248110597175,grain_growth
372154,1400,800,0.88,0.98,0.900947577277623,2.251396326244946,mixed
372154,1400,850,0.88,0.98,0.9009491835532634,2.2513965347960867,mixed
372154,1400,900,0.88,0.98,0.9009628970089816,2.251397740873864,mixed
372154,1400,950,0.88,0.98,0.901060713947897,2.251405937118256,mixed
372154,1400,1000,0.88,0.98,0.9016546419730325,2.2514627140190306,mixed
372154,1400,1050,0.88,0.98,0.9047413995925095,2.251791995402238,mixed
372154,1400,1100,0.88,0.98,0.9179370612697864,2.2534657656822272,mixed
372154,1400,1150,0.88,0.98,0.9560275998414713,2.261014092989053,mixed
372154,1400,1200,0.88,0.98,0.9949756247423011,2.288949568989963,grain_growth
372154,1400,1250,0.88,0.98,0.9949946523517456,2.291857755705491,grain_growth
372154,1400,1300,0.88,0.98,0.9947489637377602,2.2978324059897024,grain_growth
372154,1400,1350,0.88,0.98,0.9940275001867387,2.3200838547601723,grain_growth
372154,1400,1400,0.88,0.98,0.9947890058558199,2.406496383848176,grain_growth
372154,1400,1450,0.88,0.98,0.9941414065982784,2.633135623280313,grain_growth
372154,1400,1500,0.88,0.98,0.9941464662337912,3.1431603249238336,grain_growth
282436,1400,800,0.88,0.98,0.8965582115792717,1.8439488451777915,mixed
282436,1400,850,0.88,0.98,0.8965647834603157,1.8439506500683933,mixed
282436,1400,900,0.88,0.98,0.8966208777845597,1.8439671111212852,mixed
282436,1400,950,0.88,0.98,0.8970203396453091,1.8440596616817517,mixed
282436,1400,1000,0.88,0.98,0.8994212753683729,1.844229236728081,mixed
282436,1400,1050,0.88,0.98,0.9112372882814779,1.8443029734661116,mixed
282436,1400,1100,0.88,0.98,0.9505472124705177,1.8445199864944586,mixed
282436,1400,1150,0.88,0.98,0.9949665664995566,1.8464660628230471,grain_growth
282436,1400,1200,0.88,0.98,0.9949556500498509,1.8467781298350001,grain_growth
282436,1400,1250,0.88,0.98,0.9949537123174309,1.8474657882244538,grain_growth
282436,1400,1300,0.88,0.98,0.9940542332061171,1.849670203196252,grain_growth
282436,1400,1350,0.88,0.98,0.9926737471812527,1.8567664133566577,grain_growth
282436,1400,1400,0.88,0.98,0.9877175388074285,1.878088716375546,grain_growth
282436,1400,1450,0.88,0.98,0.9877175388074285,1.938175151810006,grain_growth
282436,1400,1500,0.88,0.98,0.9877175388074285,2.0801340422554904,grain_growth
389108,1400,800,0.88,0.98,0.888120549507397,0.8201897016283655,mixed
389108,1400,850,0.88,0.98,0.8881272648758272,0.8201897199036834,mixed
389108,1400,900,0.88,0.98,0.8881845848988613,0.8201898959612353,mixed
389108,1400,950,0.88,0.98,0.88859282512233,0.8201912937454161,mixed
389108,1400,1000,0.88,0.98,0.8910483824931608,0.820200689965225,mixed
389108,1400,1050,0.88,0.98,0.9031821764083244,0.8202551885079656,mixed
389108,1400,1100,0.88,0.98,0.9442894437599753,0.8205323299409932,mixed
389108,1400,1150,0.88,0.98,0.9945383547644516,0.821784663330706,grain_growth
389108,1400,1200,0.88,0.98,0.9948052996443605,0.822049388677953,grain_growth
389108,1400,1250,0.88,0.98,0.9946105007212546,0.8227419983062856,grain_growth
389108,1400,1300,0.88,0.98,0.9940471570309236,0.825497098643613,grain_growth
389108,1400,1350,0.88,0.98,0.9949258430519117,0.8355264784222092,grain_growth
389108,1400,1400,0.88,0.98,0.9934965662029828,0.863250348902568,grain_growth
389108,1400,1450,0.88,0.98,0.9934965662029828,0.9378275632677426,grain_growth
389108,1400,1500,0.88,0.98,0.9934965662029828,1.1091766351731462,grain_growth
276584,1400,800,0.88,0.98,0.8968278050842202,4.108582673265124,mixed
276584,1400,850,0.88,0.98,0.8968319585575207,4.1085872699904415,mixed
276584,1400,900,0.88,0.98,0.8968674144651511,4.108631038238013,mixed
276584,1400,950,0.88,0.98,0.8971201080345919,4.108960135958017,mixed
276584,1400,1000,0.88,0.98,0.898646503654675,4.110562444593671,mixed
276584,1400,1050,0.88,0.98,0.9063618543633348,4.113522340178961,mixed
276584,1400,1100,0.88,0.98,0.9353434560025558,4.11514014934932,mixed
276584,1400,1150,0.88,0.98,0.9863072443226554,4.118869983231005,grain_growth
276584,1400,1200,0.88,0.98,0.994992759935638,4.125542895272538,grain_growth
276584,1400,1250,0.88,0.98,0.9949675667244384,4.12908169775422,grain_growth
276584,1400,1300,0.88,0.98,0.9946127900221131,4.142295670873962,grain_growth
276584,1400,1350,0.88,0.98,0.9943281258353143,4.18961013795698,grain_growth
276584,1400,1400,0.88,0.98,0.9929480530733733,4.3189519848884395,grain_growth
276584,1400,1450,0.88,0.98,0.9929481532647081,4.653504632300328,grain_growth
276584,1400,1500,0.88,0.98,0.9929481742424507,5.326344003424671,grain_growth
518624,1400,800,0.88,0.98,0.8884010194344314,4.4953973769286915,mixed
518624,1400,850,0.88,0.98,0.888407527443081,4.49540990021189,mixed
518624,1400,900,0.88,0.98,0.8884630764376177,4.495527203668506,mixed
518624,1400,950,0.88,0.98,0.8888586472723629,4.496309743817332,mixed
518624,1400,1000,0.88,0.98,0.8912359135218437,4.498624735945981,mixed
518624,1400,1050,0.88,0.98,0.9029280785800006,4.500422392987299,mixed
518624,1400,1100,0.88,0.98,0.9417203497603306,4.50104543942347,mixed
518624,1400,1150,0.88,0.98,0.9860012087294939,4.5207239740218315,grain_growth
518624,1400,1200,0.88,0.98,0.9901857175060661,4.6000911285988435,grain_growth
518624,1400,1250,0.88,0.98,0.9905504891526851,4.875922380376584,grain_growth
518624,1400,1300,0.88,0.98,0.9916243334585095,5.660625056557714,grain_growth
518624,1400,1350,0.88,0.98,0.9941368811150617,7.372069792500543,grain_growth
518624,1400,1400,0.88,0.98,0.9949906223811212,8.062365501722347,grain_growth
518624,1400,1450,0.88,0.98,0.994987631061275,8.195058019278633,grain_growth
518624,1400,1500,0.88,0.98,0.9949324801497814,8.30125518933921,grain_growth
197220,1400,800,0.88,0.98,0.8823790652977124,2.7586717019390155,mixed
197220,1400,850,0.88,0.98,0.8823818855419828,2.758675093171047,mixed
197220,1400,900,0.88,0.98,0.882405962319418,2.75870459803063,mixed
197220,1400,950,0.88,0.98,0.8825776561888494,2.7588338644893406,mixed
197220,1400,1000,0.88,0.98,0.8836185007010863,2.7589802692143777,mixed
197220,1400,1050,0.88,0.98,0.8889818351573401,2.7590332307418373,mixed
197220,1400,1100,0.88,0.98,0.9109977427308998,2.7590524723456293,mixed
197220,1400,1150,0.88,0.98,0.9648811265918578,2.7596922018744823,mixed
197220,1400,1200,0.88,0.98,0.9949307995768905,2.7616518907975403,grain_growth
197220,1400,1250,0.88,0.98,0.9947744344773909,2.7633755510676714,grain_growth
197220,1400,1300,0.88,0.98,0.9945530029730503,2.7700414061838434,grain_growth
197220,1400,1350,0.88,0.98,0.9944760957781813,2.7914257810406626,grain_growth
197220,1400,1400,0.88,0.98,0.9946960953817952,2.855360844873351,grain_growth
197220,1400,1450,0.88,0.98,0.9946960953817952,3.0165410975033504,grain_growth
197220,1400,1500,0.88,0.98,0.9946960953817952,3.3634463031523554,grain_growth
583734,1400,800,0.88,0.98,0.8904075359855845,196.40479220212083,mixed
583734,1400,850,0.88,0.98,0.89040795606551,196.40496370001333,mixed
583734,1400,900,0.88,0.98,0.8904115426773719,196.4065763108182,mixed
583734,1400,950,0.88,0.98,0.8904371366743024,196.4178511872402,mixed
583734,1400,1000,0.88,0.98,0.8905929548509671,196.47203154256667,mixed
583734,1400,1050,0.88,0.98,0.8914145330842517,196.733048388406,mixed
583734,1400,1100,0.88,0.98,0.8951745846869443,198.03463817814543,mixed
583734,1400,1150,0.88,0.98,0.9095426440105314,203.88733664161128,mixed
583734,1400,1200,0.88,0.98,0.9482544135311066,197.47324441788663,mixed
583734,1400,1250,0.88,0.98,0.9925668632911565,200.45504032999386,grain_growth
583734,1400,1300,0.88,0.98,0.994862804479115,201.52647927778446,grain_growth
583734,1400,1350,0.88,0.98,0.9948897038278324,202.75797753547806,grain_growth
583734,1400,1400,0.88,0.98,0.9944654762106319,206.62890871102715,grain_growth
583734,1400,1450,0.88,0.98,0.9944384842601511,218.23974094626837,grain_growth
583734,1400,1500,0.88,0.98,0.9943867251092942,247.9420913026113,grain_growth
76465,1400,800,0.88,0.98,0.8925966885313357,3.1074471762123297,mixed
76465,1400,850,0.88,0.98,0.8926045472452967,3.1074472199928103,mixed
76465,1400,900,0.88,0.98,0.8926716223293167,3.107447631251338,mixed
76465,1400,950,0.88,0.98,0.8931491249686462,3.107450449738505,mixed
76465,1400,1000,0.88,0.98,0.8960133077065598,3.10746068599009,mixed
76465,1400,1050,0.88,0.98,0.9099573900584619,3.1075189218646946,mixed
76465,1400,1100,0.88,0.98,0.9541397132947669,3.1078225885114517,mixed
76465,1400,1150,0.88,0.98,0.994924701616709,3.108902717098469,grain_growth
76465,1400,1200,0.88,0.98,0.9947799958561365,3.1092021850352536,grain_growth
76465,1400,1250,0.88,0.98,0.9942017519860262,3.1103955769896663,grain_growth
76465,1400,1300,0.88,0.98,0.9947232201929578,3.1154288256805156,grain_growth
76465,1400,1350,0.88,0.98,0.9942166253291409,3.131744175927931,grain_growth
76465,1400,1400,0.88,0.98,0.9942166253291409,3.180159293624315,grain_growth
76465,1400,1450,0.88,0.98,0.9942166253291409,3.307895559112545,grain_growth
76465,1400,1500,0.88,0.98,0.9942166253291409,3.6089870730513516,grain_growth
394266,1400,800,0.88,0.98,0.9888125339838542,0.5986926011604212,grain_growth
394266,1400,850,0.88,0.98,0.9888125346465961,0.5986926526012502,grain_growth
394266,1400,900,0.88,0.98,0.9888125403052264,0.5986931457852578,grain_growth
394266,1400,950,0.88,0.98,0.9888125806958596,0.5986970613379836,grain_growth
394266,1400,1000,0.88,0.98,0.9888128270361781,0.598723381995041,grain_growth
394266,1400,1050,0.88,0.98,0.9888141383823201,0.5988760235189405,grain_growth
394266,1400,1100,0.88,0.98,0.9888203377361802,0.5996517279994764,grain_growth
394266,1400,1150,0.88,0.98,0.9888456258554501,0.6031459081041657,grain_growth
394266,1400,1200,0.88,0.98,0.9889367060760511,0.6171364648573607,grain_growth
394266,1400,1250,0.88,0.98,0.9892440457970458,0.665990530607163,grain_growth
394266,1400,1300,0.88,0.98,0.9901675290611859,0.8060778373445419,grain_growth
394266,1400,1350,0.88,0.98,0.9924626359796488,1.111196659172208,grain_growth
394266,1400,1400,0.88,0.98,0.9949994961871621,1.4368419962676948,grain_growth
394266,1400,1450,0.88,0.98,0.9949698325986411,1.459430585851707,grain_growth
394266,1400,1500,0.88,0.98,0.9949878646308458,1.4873457307835767,grain_growth
179871,1400,800,0.88,0.98,0.8916901627917125,15.689847538340775,mixed
179871,1400,850,0.88,0.98,0.8916921456544414,15.689847909093135,mixed
179871,1400,900,0.88,0.98,0.8917090740277599,15.689851464199535,mixed
179871,1400,950,0.88,0.98,0.8918298140862191,15.689879689627407,mixed
179871,1400,1000,0.88,0.98,0.8925626021151769,15.690069425958374,mixed
179871,1400,1050,0.88,0.98,0.8963619404985345,15.691169859886404,mixed
179871,1400,1100,0.88,0.98,0.9124220752409995,15.696764676710107,mixed
179871,1400,1150,0.88,0.98,0.9567314677639235,15.722020920726319,mixed
179871,1400,1200,0.88,0.98,0.9949965339616481,15.805301067913025,grain_growth
179871,1400,1250,0.88,0.98,0.9949999842792165,15.824430293284216,grain_growth
179871,1400,1300,0.88,0.98,0.9947737035340436,15.879971513576812,grain_growth
179871,1400,1350,0.88,0.98,0.994902110313644,16.086386537849346,grain_growth
179871,1400,1400,0.88,0.98,0.9944661210458747,16.67224984542027,grain_growth
179871,1400,1450,0.88,0.98,0.994750530261451,18.24525069010148,grain_growth
179871,1400,1500,0.88,0.98,0.9947506315904422,21.459861545194663,grain_growth
927670,1400,800,0.88,0.98,0.9046316646358864,0.25145360348667056,mixed
927670,1400,850,0.88,0.98,0.9046366200359811,0.2514536364426727,mixed
927670,1400,900,0.88,0.98,0.9046789181674032,0.2514539526850088,mixed
927670,1400,950,0.88,0.98,0.9049802006725151,0.25145646344024164,mixed
927670,1400,1000,0.88,0.98,0.9067935315681211,0.2514733410102459,mixed
927670,1400,1050,0.88,0.98,0.9157836339145896,0.2515712217442432,mixed
927670,1400,1100,0.88,0.98,0.9467076469494607,0.25206871062117164,mixed
927670,1400,1150,0.88,0.98,0.9866777708575118,0.2543112616019827,grain_growth
927670,1400,1200,0.88,0.98,0.992546366935594,0.2633166488191514,grain_growth
927670,1400,1250,0.88,0.98,0.9949982695712283,0.2939964616301096,grain_growth
927670,1400,1300,0.88,0.98,0.9949951388803404,0.2965128429560222,grain_growth
927670,1400,1350,0.88,0.98,0.9949755910732199,0.29869395476942096,grain_growth
927670,1400,1400,0.88,0.98,0.9944395775770208,0.30933649717987377,grain_growth
927670,1400,1450,0.88,0.98,0.9948720667960226,0.3709344754913948,grain_growth
927670,1400,1500,0.88,0.98,0.9946219125788047,0.4922896801731895,grain_growth
973759,1400,800,0.88,0.98,0.8879477289418606,6.725891759914515,mixed
973759,1400,850,0.88,0.98,0.8879536166505801,6.725891838877684,mixed
973759,1400,900,0.88,0.98,0.8880038738959745,6.725892430787832,mixed
973759,1400,950,0.88,0.98,0.8883619072908726,6.725896818063651,mixed
973759,1400,1000,0.88,0.98,0.8905190253076644,6.725926680367125,mixed
973759,1400,1050,0.88,0.98,0.901272277661948,6.7260998847471685,mixed
973759,1400,1100,0.88,0.98,0.9391695848139135,6.726980721416915,mixed
973759,1400,1150,0.88,0.98,0.9920785562839395,6.730961846264777,grain_growth
973759,1400,1200,0.88,0.98,0.9948446695961917,6.732851519131125,grain_growth
973759,1400,1250,0.88,0.98,0.9949004779481502,6.737290169175582,grain_growth
973759,1400,1300,0.88,0.98,0.9948833774793637,6.7541979364969595,grain_growth
973759,1400,1350,0.88,0.98,0.9945987485991726,6.807013108631501,grain_growth
973759,1400,1400,0.88,0.98,0.9944020266205783,6.966573850632245,grain_growth
973759,1400,1450,0.88,0.98,0.9944020266205783,7.375665166382269,grain_growth
973759,1400,1500,0.88,0.98,0.9944020266205783,8.286582024160833,grain_growth
375964,1400,800,0.88,0.98,0.881500677715451,0.4566197117302482,mixed
375964,1400,850,0.88,0.98,0.8815140221111983,0.4566197434450432,mixed
375964,1400,900,0.88,0.98,0.8816278966627669,0.4566200470738142,mixed
375964,1400,950,0.88,0.98,0.8824374482695148,0.4566224304461406,mixed
375964,1400,1000,0.88,0.98,0.8872521796901762,0.45663752209463504,mixed
375964,1400,1050,0.88,0.98,0.9096580964859963,0.45672585256521736,mixed
375964,1400,1100,0.88,0.98,0.9679881374918591,0.45713831499112834,mixed
375964,1400,1150,0.88,0.98,0.9949558690811379,0.45798215693504685,grain_growth
375964,1400,1200,0.88,0.98,0.9948872223742984,0.45819925530707284,grain_growth
375964,1400,1250,0.88,0.98,0.9941222180384519,0.45884569549483833,grain_growth
375964,1400,1300,0.88,0.98,0.9935414906702612,0.46149091404879394,grain_growth
375964,1400,1350,0.88,0.98,0.9943593156228202,0.4712877234167978,grain_growth
375964,1400,1400,0.88,0.98,0.9943593156228202,0.5001959665279445,grain_growth
375964,1400,1450,0.88,0.98,0.9943593156228202,0.5746263552734172,grain_growth
375964,1400,1500,0.88,0.98,0.9943593156228202,0.7416704161174823,grain_growth
881767,1400,800,0.88,0.98,0.8942846889578744,88.16287222227017,mixed
881767,1400,850,0.88,0.98,0.8942854839938765,88.16306583682602,mixed
881767,1400,900,0.88,0.98,0.8942922718342137,88.16488617710705,mixed
881767,1400,950,0.88,0.98,0.8943407035418139,88.17735182762715,mixed
881767,1400,1000,0.88,0.98,0.8946353248467318,88.21783105270535,mixed
881767,1400,1050,0.88,0.98,0.8961821021193684,88.25389416443377,mixed
881767,1400,1100,0.88,0.98,0.9031180566324069,88.26393302252734,mixed
881767,1400,1150,0.88,0.98,0.927453704888529,88.38325850359693,mixed
881767,1400,1200,0.88,0.98,0.9757653147977896,89.08412063337826,mixed
881767,1400,1250,0.88,0.98,0.9949327827345288,90.19185011866756,grain_growth
881767,1400,1300,0.88,0.98,0.994845109182156,90.39068073967063,grain_growth
881767,1400,1350,0.88,0.98,0.9947913233619672,90.81663503006308,grain_growth
881767,1400,1400,0.88,0.98,0.9931528199247731,91.99663103001642,grain_growth
881767,1400,1450,0.88,0.98,0.9937370365034796,96.16327621317839,grain_growth
881767,1400,1500,0.88,0.98,0.9909004055392113,106.32896071390938,grain_growth
924867,1400,800,0.88,0.98,0.9036892287553353,7.198106734978335,mixed
924867,1400,850,0.88,0.98,0.9036902257396715,7.198106834901216,mixed
924867,1400,900,0.88,0.98,0.9036987376192785,7.198107794774465,mixed
924867,1400,950,0.88,0.98,0.9037594626382035,7.198115415555778,mixed
924867,1400,1000,0.88,0.98,0.9041285710219236,7.198166644281704,mixed
924867,1400,1050,0.88,0.98,0.906058042634932,7.198463777532531,mixed
924867,1400,1100,0.88,0.98,0.9145346694144039,7.199974897195668,mixed
924867,1400,1150,0.88,0.98,0.9418666379674266,7.206805522739023,mixed
924867,1400,1200,0.88,0.98,0.982572182380077,7.234547695529265,grain_growth
924867,1400,1250,0.88,0.98,0.99237386947102,7.336427002086419,grain_growth
924867,1400,1300,0.88,0.98,0.9927152677851075,7.673574528891374,grain_growth
924867,1400,1350,0.88,0.98,0.9935652758635903,8.656797486131175,grain_growth
924867,1400,1400,0.88,0.98,0.9949984943118108,10.50199211955051,grain_growth
924867,1400,1450,0.88,0.98,0.9949806897093252,10.629884231387889,grain_growth
924867,1400,1500,0.88,0.98,0.994987784196208,10.78602039918619,grain_growth
69692,1400,800,0.88,0.98,0.8915807566304387,94.40809943575148,mixed
69692,1400,850,0.88,0.98,0.8915816162856525,94.40852429422031,mixed
69692,1400,900,0.88,0.98,0.8915889558162866,94.41258078254837,mixed
69692,1400,950,0.88,0.98,0.8916413231371414,94.44374262240208,mixed
69692,1400,1000,0.88,0.98,0.8919598578853682,94.61427390020785,mixed
69692,1400,1050,0.88,0.98,0.8936313938982651,95.0444604203315,mixed
69692,1400,1100,0.88,0.98,0.9011100492561339,95.38908524462335,mixed
69692,1400,1150,0.88,0.98,0.927107213550868,95.56779729726185,mixed
69692,1400,1200,0.88,0.98,0.9770688734036782,95.49137751484177,mixed
69692,1400,1250,0.88,0.98,0.9949392902716914,96.70628720692923,grain_growth
69692,1400,1300,0.88,0.98,0.9949626179395699,97.02927953140833,grain_growth
69692,1400,1350,0.88,0.98,0.9945486976274784,97.75283187978732,grain_growth
69692,1400,1400,0.88,0.98,0.9940750777715727,100.12819957719329,grain_growth
69692,1400,1450,0.88,0.98,0.9946948743122314,107.1774236176905,grain_growth
69692,1400,1500,0.88,0.98,0.9930432932003106,123.75573110148024,grain_growth
683373,1400,800,0.88,0.98,0.8906794433382452,0.29054598321486313,mixed
683373,1400,850,0.88,0.98,0.8906799725788638,0.29054599599341424,mixed
683373,1400,900,0.88,0.98,0.8906844911750367,0.2905461125014477,mixed
683373,1400,950,0.88,0.98,0.8907167346644568,0.29054704259522146,mixed
683373,1400,1000,0.88,0.98,0.8909129926423476,0.2905532948798075,mixed
683373,1400,1050,0.88,0.98,0.8919465778794073,0.2905895579236748,mixed
683373,1400,1100,0.88,0.98,0.8966504747994347,0.29077395270651607,mixed
683373,1400,1150,0.88,0.98,0.9142070636999283,0.29160690247576926,mixed
683373,1400,1200,0.88,0.98,0.9576233378500986,0.29498051775238343,mixed
683373,1400,1250,0.88,0.98,0.994953958712191,0.3056819517106033,grain_growth
683373,1400,1300,0.88,0.98,0.9948427227983305,0.3070289411407552,grain_growth
683373,1400,1350,0.88,0.98,0.9945570976462695,0.3105458044580487,grain_growth
683373,1400,1400,0.88,0.98,0.9938716354561978,0.3218841569893973,grain_growth
683373,1400,1450,0.88,0.98,0.9941325023075077,0.35585110879347637,grain_growth
683373,1400,1500,0.88,0.98,0.9926233924906336,0.43161175498397397,grain_growth
315580,1400,800,0.88,0.98,0.8838760242742878,2.943197437428956,mixed
315580,1400,850,0.88,0.98,0.8838802252745168,2.9431974523309092,mixed
315580,1400,900,0.88,0.98,0.883916087680563,2.943197595202025,mixed
315580,1400,950,0.88,0.98,0.8841717192078439,2.943198729507782,mixed
315580,1400,1000,0.88,0.98,0.8857173929825211,2.9432063545945697,mixed
315580,1400,1050,0.88,0.98,0.8935715394726156,2.9432505814469567,mixed
315580,1400,1100,0.88,0.98,0.9237792733939639,2.943475513838577,mixed
315580,1400,1150,0.88,0.98,0.981366629366905,2.944492460560249,grain_growth
315580,1400,1200,0.88,0.98,0.994940078767045,2.9457732802727357,grain_growth
315580,1400,1250,0.88,0.98,0.9943176862979449,2.947128024192712,grain_growth
315580,1400,1300,0.88,0.98,0.9943836167712993,2.952509500161241,grain_growth
315580,1400,1350,0.88,0.98,0.9940802028143723,2.9693776116754047,grain_growth
315580,1400,1400,0.88,0.98,0.9937670738489355,3.0214294443215435,grain_growth
315580,1400,1450,0.88,0.98,0.9937670738489355,3.1580702070934663,grain_growth
315580,1400,1500,0.88,0.98,0.9937670738489355,3.476764406259236,grain_growth
176892,1400,800,0.88,0.98,0.8914099162436687,81.6932234458242,mixed
176892,1400,850,0.88,0.98,0.8914239520068725,81.6938053780923,mixed
176892,1400,900,0.88,0.98,0.8915437168653605,81.69881628549501,mixed
176892,1400,950,0.88,0.98,0.892394653008256,81.7197008452861,mixed
176892,1400,1000,0.88,0.98,0.8974374940445091,81.74116756472036,mixed
176892,1400,1050,0.88,0.98,0.9204678655917712,81.74789775812637,mixed
176892,1400,1100,0.88,0.98,0.9758327958264775,81.74978317415551,mixed
176892,1400,1150,0.88,0.98,0.9949861576660227,81.7994718209276,grain_growth
176892,1400,1200,0.88,0.98,0.9947621072754386,81.81459585590825,grain_growth
176892,1400,1250,0.88,0.98,0.9938491338632659,81.86257081822572,grain_growth
176892,1400,1300,0.88,0.98,0.9934842066012957,82.0680021733848,grain_growth
176892,1400,1350,0.88,0.98,0.9906600605420208,82.70376019371794,grain_growth
176892,1400,1400,0.88,0.98,0.9906600605420208,84.71800647251393,grain_growth
176892,1400,1450,0.88,0.98,0.9906600605420208,90.03837824010492,grain_growth
176892,1400,1500,0.88,0.98,0.9906600605420208,102.64583714909666,grain_growth
