t_s,T_K,rho,G_m,A_closed,Gstar_J,r_nuc_sinv,tau_sink_s,Lambda,activity,edot_sinv,effective_eps_event,L_TJ_over_V_m2,A_GB_over_V_minv,rho_TL_area_minv,f_TL,eps_event,width_eff_m,G_dot_m_s,G_dot_clean_m_s,R_Z_eff_m,S_Z,Gamma_mobile,Gamma_growth,P_Z_Pa,bin_crossing_rate,isolation_rate,closure_rate,rho_dot_open_sinv,rho_dot_closed_sinv,sigma_eff_Pa,P_surf_W_m3,P_dens_W_m3,P_excess_W_m3,efficiency,stress_bound_hit,pore_D50_m,pore_D90_m,fine_pore_fraction,open_fraction,isolated_fraction,closed_fraction,pore_radii_m_json,phi_open_json,phi_iso_json,phi_closed_json,phi_open_dot_json,phi_iso_dot_json,phi_closed_dot_json,tau_remove_s_json,G_um,T_C,barrier_mode
180.0,298.15,0.4840336134453783,1.02e-08,1.0,6.600742786396043e-20,108641.51034426871,2.8577347033665345e+54,3.10468614336971e+59,1.0,2.439200611268241e-54,6.970588235294116,9.611687812379853e+16,196078431.37254903,490196078.43137246,0.012456747404844289,0.17647058823529407,8.160000000000002e-09,2.878078355373133e-66,2.878078355373133e-66,4.424498564604725e-08,1.0,0.5124229488106735,1.0,11300715.611028092,0.0,1.427752963568733e-67,1.1040804050106695e-68,1.2585455254778987e-54,0.0,298939.5809621783,3.762290966637935e-49,3.762290720081875e-49,2.4655605977808587e-56,0.9999999344665094,False,5.053726738180698e-08,7.940110151373295e-08,0.41289208067005273,0.5159663865546217,0.0,0.0,"[8.166666666666667e-09, 1.0236517085738568e-08, 1.2830973311830731e-08, 1.6082997248964597e-08, 2.0159250138234185e-08, 2.526863369090349e-08, 3.167299598084116e-08, 3.970055075686648e-08, 4.976269789419122e-08, 6.237510700730634e-08, 7.818414472715056e-08, 9.8e-08]","[0.001874758823462051, 0.008762297394610544, 0.028761433758050462, 0.06630145120008903, 0.10733849372413436, 0.12204160726945623, 0.0974496537655851, 0.054647794858610946, 0.021522114791318173, 0.005952743981744068, 0.0011562970711488803, 0.00015773991641190448]","[0.0, 0.0, 0.0, 0.0, 0.0, 0.0, 0.0, 0.0, 0.0, 0.0, 0.0, 0.0]","[0.0, 0.0, 0.0, 0.0, 0.0, 0.0, 0.0, 0.0, 0.0, 0.0, 0.0, 0.0]","[-1.2211920454124948e-55, -2.3122085651158722e-55, -3.074609779881891e-55, -2.8712629219543656e-55, -1.883110829580913e-55, -8.673587398817701e-56, -2.805702355692426e-56, -6.3738875079444e-57, -1.0169208499402968e-57, -1.139435822248141e-58, -8.966285139825963e-60, -4.955131480488317e-61]","[3.519714542209039e-69, 1.0470447738017206e-68, 2.1874746261600694e-68, 3.2095249382805585e-68, 3.3071846593993502e-68, 2.3932942357562886e-68, 1.2163364028815621e-68, 4.3414147179969913e-69, 1.088250320232984e-69, 1.915782901377799e-70, 2.368556460922489e-71, 2.0565588917864374e-72]","[1.0713114311719526e-69, 2.0284241748607007e-69, 2.697253569538121e-69, 2.518864090005286e-69, 1.651990909596858e-69, 7.609051634856837e-70, 2.4613499714558498e-70, 5.591600906599407e-71, 8.921110608520319e-72, 9.995893979532953e-73, 7.865825691792034e-74, 4.34697312181734e-75]","[1.535187549333237e+52, 3.789579161156441e+52, 9.354498885109028e+52, 2.3091389748090366e+53, 5.700062473116496e+53, 1.4070487983563958e+54, 3.473271267277218e+54, 8.573699298975397e+54, 2.1164001891181335e+55, 5.224290710817855e+55, 1.2896055089893385e+56, 3.1833649022842793e+56]",0.0102,25.0,fixed_lowT_slope
360.0,313.15,0.4840336134453783,1.02e-08,1.0,7.36734878465298e-20,39766.81270005294,1.895849180034227e+51,7.539187924997005e+55,1.0,3.6767630614837577e-51,6.970588235294116,9.611687812379853e+16,196078431.37254903,490196078.43137246,0.012456747404844289,0.17647058823529407,8.160000000000002e-09,7.240600498998364e-63,7.240600498998364e-63,4.424498564604725e-08,1.0,0.3922237844798027,1.0,11300715.611028092,0.0,2.2056162517852696e-64,1.7056015618292668e-65,1.8970861510512827e-51,4.0421147865779717e-70,306367.1980301151,5.81204894102961e-46,5.812049685193172e-46,0.0,1.0000001280380757,False,5.053726738180698e-08,7.940110151373295e-08,0.41289208067005273,0.5159663865546217,2.5699553344237194e-65,1.9873447290192048e-66,"[8.166666666666667e-09, 1.0236517085738568e-08, 1.2830973311830731e-08, 1.6082997248964597e-08, 2.0159250138234185e-08, 2.526863369090349e-08, 3.167299598084116e-08, 3.970055075686648e-08, 4.976269789419122e-08, 6.237510700730634e-08, 7.818414472715056e-08, 9.8e-08]","[0.001874758823462051, 0.008762297394610544, 0.028761433758050462, 0.06630145120008903, 0.10733849372413436, 0.12204160726945623, 0.0974496537655851, 0.054647794858610946, 0.021522114791318173, 0.005952743981744068, 0.0011562970711488803, 0.00015773991641190448]","[6.33548617597627e-67, 1.8846805928430972e-66, 3.9374543270881247e-66, 5.777144888905005e-66, 5.952932386918831e-66, 4.3079296243613197e-66, 2.189405525186812e-66, 7.814546492394585e-67, 1.9588505764193712e-67, 3.448409222480038e-68, 4.26340162966048e-69, 3.701806005215587e-70]","[1.9283605761095147e-67, 3.6511635147492615e-67, 4.855056425168618e-67, 4.533955362009515e-67, 2.973583637274344e-67, 1.3696292942742307e-67, 4.430429948620529e-68, 1.0064881631878933e-68, 1.6057999095336573e-69, 1.7992609163159317e-70, 1.4158486245225661e-71, 7.824551619271212e-73]","[-1.840780861897172e-52, -3.4853398295288886e-52, -4.634555933990494e-52, -4.328038211568325e-52, -2.8385333731460584e-52, -1.307425293811436e-52, -4.229214577625218e-53, -9.607768233166426e-54, -1.53286982638513e-54, -1.717544478637718e-55, -1.351545496034627e-56, -7.469186547466435e-58]","[5.437312892376626e-66, 1.6174919810157558e-65, 3.379246766728417e-65, 4.958126892405451e-65, 5.108993235211717e-65, 3.69720028350966e-65, 1.8790164729393388e-65, 6.706688833493679e-66, 1.6811469866025203e-66, 2.95953292340534e-67, 3.658984962233035e-68, 3.1770059878844755e-69]","[1.6548101686218903e-66, 3.1334131225998446e-66, 4.166691689076304e-66, 3.891156187907943e-66, 2.552015684468405e-66, 1.1754574942738815e-66, 3.802332183234961e-67, 8.637995429296782e-68, 1.3781477316976937e-68, 1.5441820897609124e-69, 1.2151256702584558e-70, 6.71527551396383e-72]","[1.0184584500350901e+49, 2.5140439162843236e+49, 6.205866142883293e+49, 1.5319054028421753e+50, 3.7814772494700975e+50, 9.334499481318566e+50, 2.3042021627643418e+51, 5.687876053250788e+51, 1.4040406054617446e+52, 3.465845604455919e+52, 8.555369201713175e+52, 2.1118754419838425e+53]",0.0102,40.0,fixed_lowT_slope
540.0,328.15,0.4840336134453783,1.02e-08,1.0,8.134179186035267e-20,15949.016633366677,2.458211019068004e+48,3.9206048431440844e+52,1.0,2.835634606315009e-48,6.970588235294116,9.611687812379853e+16,196078431.37254903,490196078.43137246,0.012456747404844289,0.17647058823529407,8.160000000000002e-09,8.903313488395253e-60,8.903313488395253e-60,4.424498564604725e-08,1.0,0.29295687127835685,1.0,11300715.611028092,0.0,1.7413039698075554e-61,1.3465491869310067e-62,1.4630921414095923e-48,6.247995375483886e-67,313618.9122503856,4.5885334248597824e-43,4.588533659109637e-43,0.0,1.0000000510511384,False,5.053726738180698e-08,7.940110151373295e-08,0.41289208067005273,0.5159663865546217,3.9726792085479085e-62,3.0719973979555407e-63,"[8.166666666666667e-09, 1.0236517085738568e-08, 1.2830973311830731e-08, 1.6082997248964597e-08, 2.0159250138234185e-08, 2.526863369090349e-08, 3.167299598084116e-08, 3.970055075686648e-08, 4.976269789419122e-08, 6.237510700730634e-08, 7.818414472715056e-08, 9.8e-08]","[0.001874758823462051, 0.008762297394610544, 0.028761433758050462, 0.06630145120008903, 0.10733849372413436, 0.12204160726945623, 0.0974496537655851, 0.054647794858610946, 0.021522114791318173, 0.005952743981744068, 0.0011562970711488803, 0.00015773991641190448]","[9.793498692453902e-64, 2.9133702464212035e-63, 6.086581634438239e-63, 8.930405551218717e-63, 9.202140755768009e-63, 6.65926843994175e-63, 3.384419056815997e-63, 1.2079854446781017e-63, 3.0280234264609557e-64, 5.330607671352092e-65, 6.590436333649123e-66, 5.722312584197272e-67]","[2.980586664095512e-64, 5.6437947841944694e-64, 7.504900096762517e-64, 7.008615093596306e-64, 4.596601815680403e-64, 2.117193118987261e-64, 6.848628359771551e-65, 1.5558456654366085e-65, 2.4822717169653824e-66, 2.781327022485958e-67, 2.188642055089743e-68, 1.2095320476754167e-69]","[-1.4196677423460491e-49, -2.6880030260616894e-49, -3.574314409594463e-49, -3.3379183605114428e-49, -2.1891656681366033e-49, -1.0083272558790307e-49, -3.261702484849958e-50, -7.409811194204833e-51, -1.1821971266540557e-51, -1.3246239912846492e-52, -1.042354135003363e-53, -5.7604701474762256e-55]","[4.2926844218334086e-63, 1.2769878737495043e-62, 2.6678692656080466e-62, 3.914373605819688e-62, 4.0334805272645495e-62, 2.918889233627104e-62, 1.4834578957308143e-62, 5.294839426656306e-63, 1.3272426330879145e-63, 2.3365109067049072e-64, 2.8887187583267892e-65, 2.5082029271083734e-66]","[1.306322021304978e-63, 2.473688721186519e-63, 3.2894933803972033e-63, 3.0719947561809584e-63, 2.014776281468675e-63, 9.28006678545356e-64, 3.0018881349378514e-64, 6.8195784647119776e-65, 1.088028773638904e-65, 1.219110678648119e-66, 9.5932514417782e-68, 5.301618468794533e-69]","[1.3205616832315627e+46, 3.259779587171287e+46, 8.046699439995178e+46, 1.9863113485474877e+47, 4.903169060544415e+47, 1.2103372844272058e+48, 2.987692906334095e+48, 7.375059016530764e+48, 1.8205182795725194e+49, 4.493912250502852e+49, 1.1093130753927021e+50, 2.738316706337128e+50]",0.0102,55.0,fixed_lowT_slope
720.0,343.15,0.4840336134453783,1.02e-08,1.0,8.901215800265861e-20,6925.437723795634,5.705340973756801e+45,3.951198360677227e+49,1.0,1.2217654067227793e-45,6.970588235294116,9.611687812379853e+16,196078431.37254903,490196078.43137246,0.012456747404844289,0.17647058823529407,8.160000000000002e-09,5.877653525486602e-57,5.877653525486602e-57,4.424498564604725e-08,1.0,0.2166288844345498,1.0,11300715.611028092,0.0,7.6721649742812975e-59,5.93288000673471e-60,6.303898821241901e-46,4.935482598207049e-64,320706.7143531749,2.0217024733148047e-40,2.0217026785753424e-40,0.0,1.0000001015285584,False,5.053726738180698e-08,7.940110151373295e-08,0.41289208067005273,0.5159663865546217,3.138319824862148e-59,2.426748069957009e-60,"[8.166666666666667e-09, 1.0236517085738568e-08, 1.2830973311830731e-08, 1.6082997248964597e-08, 2.0159250138234185e-08, 2.526863369090349e-08, 3.167299598084116e-08, 3.970055075686648e-08, 4.976269789419122e-08, 6.237510700730634e-08, 7.818414472715056e-08, 9.8e-08]","[0.001874758823462051, 0.008762297394610544, 0.028761433758050462, 0.06630145120008903, 0.10733849372413436, 0.12204160726945623, 0.0974496537655851, 0.054647794858610946, 0.021522114791318173, 0.005952743981744068, 0.0011562970711488803, 0.00015773991641190448]","[7.73662545799259e-61, 2.301491542995529e-60, 4.808251259728922e-60, 7.054802896026657e-60, 7.269467089831957e-60, 5.260659888968729e-60, 2.673608631372282e-60, 9.542790822428132e-61, 2.392064762984707e-61, 4.2110502397401845e-62, 5.206284201321869e-63, 4.5204875813792696e-64]","[2.3543602250130562e-61, 4.458283492919929e-61, 5.928592984811728e-61, 5.536599176219321e-61, 3.631193908459295e-61, 1.672529214500628e-61, 5.4102472712479045e-62, 1.2290799693135925e-62, 1.9609340642669927e-63, 2.1971805485891003e-64, 1.7289739015751658e-65, 9.555008564306913e-67]","[-6.116799861222838e-47, -1.1581566620376816e-46, -1.5400339975637025e-46, -1.4381800723744827e-46, -9.43226915399462e-47, -4.3444926125007973e-47, -1.4053415958941628e-47, -3.1926013906254045e-48, -5.093630716935101e-49, -5.707293054833458e-50, -4.4911012895155825e-51, -2.481964050295052e-52]","[1.8913517477636626e-60, 5.626393672464701e-60, 1.1754600856863452e-59, 1.7246684436227424e-59, 1.7771468142431652e-59, 1.286059190717609e-59, 6.536098180322202e-60, 2.3329000736227408e-60, 5.847815555761561e-61, 1.0294639793664958e-61, 1.2727661145017389e-62, 1.1051112832343348e-63]","[5.754725301967957e-61, 1.0898342224801371e-60, 1.4493091581709518e-60, 1.353503009403099e-60, 8.87704280557361e-61, 4.0887795107459405e-61, 1.3226274810420112e-61, 3.0046974600578666e-62, 4.7938415296173203e-63, 5.371387175369522e-64, 4.226775312368484e-65, 2.335886893782924e-66]","[3.0649340602869734e+43, 7.565727230022579e+43, 1.8675843392775985e+44, 4.610093859152362e+44, 1.1379922685802057e+45, 2.8091107099203023e+45, 6.934232506195889e+45, 1.711701154396412e+46, 4.2252993959225e+46, 1.0430065399748028e+47, 2.5746403757319853e+47, 6.355447267382967e+47]",0.0102,70.0,fixed_lowT_slope
900.0,358.15,0.4840336134453783,1.02e-08,1.0,9.66844262806232e-20,3223.591395242668,2.2029459532643886e+43,7.10139761912774e+46,1.0,3.164212097425676e-43,6.970588235294116,9.611687812379853e+16,196078431.37254903,490196078.43137246,0.012456747404844289,0.17647058823529407,8.160000000000002e-09,2.2525349841590138e-54,2.2525349841590138e-54,4.424498564604725e-08,1.0,0.1603124408350654,1.0,11300715.611028092,0.0,2.0299539903313497e-56,1.5697620533709135e-57,1.6326270822011465e-43,2.1765495800161406e-61,327641.198090394,5.349158961942931e-38,5.349158932472079e-38,2.947085168970966e-46,0.9999999944905635,False,5.053726738180698e-08,7.940110151373295e-08,0.41289208067005273,0.5159663865546217,1.3841280151954956e-56,1.0702563105954373e-57,"[8.166666666666667e-09, 1.0236517085738568e-08, 1.2830973311830731e-08, 1.6082997248964597e-08, 2.0159250138234185e-08, 2.526863369090349e-08, 3.167299598084116e-08, 3.970055075686648e-08, 4.976269789419122e-08, 6.237510700730634e-08, 7.818414472715056e-08, 9.8e-08]","[0.001874758823462051, 0.008762297394610544, 0.028761433758050462, 0.06630145120008903, 0.10733849372413436, 0.12204160726945623, 0.0974496537655851, 0.054647794858610946, 0.021522114791318173, 0.005952743981744068, 0.0011562970711488803, 0.00015773991641190448]","[3.412169771432585e-58, 1.0150523525866418e-57, 2.1206364054951503e-57, 3.111458001416963e-57, 3.206133732727529e-57, 2.3201672031806652e-57, 1.1791712810893686e-57, 4.208762923343361e-58, 1.0549988648000658e-58, 1.8572462130994325e-59, 2.296185290304452e-60, 1.993720797403182e-61]","[1.0382049145792453e-58, 1.9661598839571667e-58, 2.6146850776925252e-58, 2.4418420161017975e-58, 1.601498898911709e-58, 7.3765284114877e-59, 2.386139713146868e-59, 5.420746227797295e-60, 8.648524093953847e-61, 9.69046872115103e-62, 7.625485301279023e-63, 4.21415141737357e-64]","[-1.584170906453293e-44, -2.99947379469821e-44, -3.9884859881644946e-44, -3.7246976860234915e-44, -2.442833951511364e-44, -1.1251665832089472e-44, -3.6396503406261915e-45, -8.26841870533275e-46, -1.3191835229299893e-46, -1.478114016675209e-47, -1.1631363069256213e-48, -6.427961235525433e-50]","[5.0042680786496994e-58, 1.4886697985355414e-57, 3.1101128552540685e-57, 4.563245968858361e-57, 4.702096838468336e-57, 3.4027435472919714e-57, 1.729365651914364e-57, 6.172546900867972e-58, 1.5472551179404135e-58, 2.7238263512616534e-59, 3.3675718151946544e-60, 2.9239791723481326e-61]","[1.5222599792704114e-58, 2.883278256410987e-58, 3.8345307427017174e-58, 3.581133988166131e-58, 2.3487336701801872e-58, 1.0818344778151034e-58, 3.499494730508678e-59, 7.950031057506674e-60, 1.268387226243297e-60, 1.4211983317896805e-61, 1.1183491485968693e-62, 6.180449562947087e-64]","[1.1834321763043473e+41, 2.9212781955616844e+41, 7.211115657268863e+41, 1.7800491956401656e+42, 4.39401514203308e+42, 1.0846536778704945e+43, 2.6774454863930464e+43, 6.609219586734961e+43, 1.6314723779687761e+44, 4.027256297273909e+44, 9.941200049074055e+44, 2.453964960773609e+45]",0.0102,85.0,fixed_lowT_slope
1080.0,373.15,0.4840336134453783,1.02e-08,1.0,1.0435845362584837e-19,1595.0884199683785,1.3307948160086666e+41,2.1227354003693728e+44,1.0,5.237913577241288e-41,6.970588235294116,9.611687812379853e+16,196078431.37254903,490196078.43137246,0.012456747404844289,0.17647058823529407,8.160000000000002e-09,5.351025728135277e-52,5.351025728135277e-52,4.424498564604725e-08,1.0,0.11955995778462797,1.0,11300715.611028092,0.0,3.4299528356482766e-54,2.6523802174322974e-55,2.70258734153458e-41,5.766769464751942e-59,334431.96768767666,9.038314679661634e-36,9.038316024772165e-36,0.0,1.0000001488231576,False,5.053726738180698e-08,7.940110151373295e-08,0.41289208067005273,0.5159663865546217,3.6677584627483844e-54,2.8358824802491954e-55,"[8.166666666666667e-09, 1.0236517085738568e-08, 1.2830973311830731e-08, 1.6082997248964597e-08, 2.0159250138234185e-08, 2.526863369090349e-08, 3.167299598084116e-08, 3.970055075686648e-08, 4.976269789419122e-08, 6.237510700730634e-08, 7.818414472715056e-08, 9.8e-08]","[0.001874758823462051, 0.008762297394610544, 0.028761433758050462, 0.06630145120008903, 0.10733849372413436, 0.12204160726945623, 0.0974496537655851, 0.054647794858610946, 0.021522114791318173, 0.005952743981744068, 0.0011562970711488803, 0.00015773991641190448]","[9.041804239283784e-56, 2.6897561608898407e-55, 5.619409503512274e-55, 8.24495732395922e-55, 8.495835646570279e-55, 6.148140057157355e-55, 3.124649886256749e-55, 1.1152672050795782e-55, 2.795609200940745e-56, 4.9214598944019706e-57, 6.084591120253423e-58, 5.2830997182006705e-59]","[2.750450011832533e-56, 5.209562460379348e-56, 6.928302187640016e-56, 6.470459598860053e-56, 4.243735595313454e-56, 1.9546785884786737e-56, 6.322951912047088e-57, 1.4364263365789985e-57, 2.2917455313318883e-58, 2.567847465942576e-59, 2.0206539527756438e-60, 1.116695072747849e-61]","[-2.622374873774483e-42, -4.965212201360107e-42, -6.602384501039028e-42, -6.165719610456665e-42, -4.043772265448764e-42, -1.8625569782895397e-42, -6.024935544329388e-43, -1.3687218576218156e-43, -2.1837250705317037e-44, -2.4468124254227202e-45, -1.9254105814161447e-46, -1.0640596898335251e-47]","[8.455562819877974e-56, 2.515361048157286e-55, 5.255065118655023e-55, 7.710380888037502e-55, 7.944993069505332e-55, 5.749514488805175e-55, 2.922057667271651e-55, 1.0429568771826323e-55, 2.6143509185569106e-56, 4.602368310721374e-57, 5.690085859970999e-58, 4.940560574939398e-59]","[2.571242516612078e-56, 4.871117996291125e-56, 6.478730671722929e-56, 6.050798623179738e-56, 3.9685490022177632e-56, 1.8279367297774963e-56, 5.91298319004937e-57, 1.3432922659746964e-57, 2.1431556135012292e-58, 2.4013562789769363e-59, 1.8896411920482495e-60, 1.0442921493350766e-61]","[7.1490878066706e+38, 1.7647377472024888e+39, 4.356219143784223e+39, 1.075323812773549e+40, 2.6544149046489957e+40, 6.552369065322872e+40, 1.6174389426838564e+41, 3.992615048433777e+41, 9.855688832696263e+41, 2.4328566913810936e+42, 6.005457133711297e+42, 1.4824348475843803e+43]",0.0102,100.0,fixed_lowT_slope
1260.0,388.15,0.4840336134453783,1.02e-08,1.0,1.120341132795371e-19,833.131447312193,1.1941349399408748e+39,9.948713707989997e+41,1.0,5.8373538886980815e-39,6.970588235294116,9.611687812379853e+16,196078431.37254903,490196078.43137246,0.012456747404844289,0.17647058823529407,8.160000000000002e-09,8.328759336264068e-50,8.328759336264068e-50,4.424498564604725e-08,1.0,0.0902184970593593,1.0,11300715.611028092,0.0,3.8985574664879385e-52,3.014751862814229e-53,3.0118783929921186e-39,9.762907115736253e-57,341087.5214295229,1.0273141021836403e-33,1.0273141359128161e-33,0.0,1.0000000328323886,False,5.053726738180698e-08,7.940110151373295e-08,0.41289208067005273,0.5159663865546217,6.2105926887943824e-52,4.801605197676972e-53,"[8.166666666666667e-09, 1.0236517085738568e-08, 1.2830973311830731e-08, 1.6082997248964597e-08, 2.0159250138234185e-08, 2.526863369090349e-08, 3.167299598084116e-08, 3.970055075686648e-08, 4.976269789419122e-08, 6.237510700730634e-08, 7.818414472715056e-08, 9.8e-08]","[0.001874758823462051, 0.008762297394610544, 0.028761433758050462, 0.06630145120008903, 0.10733849372413436, 0.12204160726945623, 0.0974496537655851, 0.054647794858610946, 0.021522114791318173, 0.005952743981744068, 0.0011562970711488803, 0.00015773991641190448]","[1.531043111817319e-53, 4.554547448292014e-53, 9.515311308614163e-53, 1.3961135171707096e-52, 1.4385945881575299e-52, 1.0410607480420888e-52, 5.290950299951539e-53, 1.8884750509795339e-53, 4.7337877454118466e-54, 8.333477558242492e-55, 1.0303000459150333e-55, 8.945840032072924e-57]","[4.6557410300200656e-54, 8.820108017927819e-54, 1.173099823097767e-53, 1.095614211771213e-53, 7.185825559945108e-54, 3.30983289948428e-54, 1.0706599261209335e-54, 2.4322903421202433e-55, 3.8805975596155315e-56, 4.348119776817911e-57, 3.421560685214606e-58, 1.8908928195306165e-59]","[-2.922486203965574e-40, -5.533443865464805e-40, -7.357978376977866e-40, -6.871340432401213e-40, -4.506551971626681e-40, -2.0757127928534006e-40, -6.714444675387335e-41, -1.5253619099120234e-41, -2.4336361882148006e-42, -2.7268319371506664e-43, -2.1457595240985557e-44, -1.1858334194831355e-45]","[9.610772842759117e-54, 2.859012955888964e-53, 5.973018970489923e-53, 8.763783183287754e-53, 9.030448387043406e-53, 6.53502065860783e-53, 3.3212729976495783e-53, 1.1854470062987903e-53, 2.971526951516601e-54, 5.231149873201992e-55, 6.467472812976646e-56, 5.6155464057352e-57]","[2.921185837495159e-54, 5.535585225463945e-54, 7.363307563833648e-54, 6.877256344825626e-54, 4.510681471383728e-54, 2.07766140472291e-54, 6.72080900484866e-55, 1.526813350350249e-55, 2.4359555165392407e-56, 2.7294323375431965e-57, 2.1478063191840553e-58, 1.1869646787482718e-59]","[6.414944990734796e+36, 1.5835160900967265e+37, 3.908877178552353e+37, 9.648983608416525e+37, 2.3818319282666465e+38, 5.879503546427078e+38, 1.4513434614004552e+39, 3.582611739778057e+39, 8.84360402575447e+39, 2.183025620553732e+40, 5.388754229738984e+40, 1.3302029932725117e+41]",0.0102,115.0,fixed_lowT_slope
1440.0,403.15,0.4840336134453783,1.02e-08,1.0,1.1971129049061048e-19,456.5768962508968,1.5227820863672848e+37,6.9526711866004e+39,1.0,4.577534959005853e-37,6.970588235294116,9.611687812379853e+16,196078431.37254903,490196078.43137246,0.012456747404844289,0.17647058823529407,8.160000000000002e-09,8.904252354874193e-48,8.904252354874193e-48,4.424498564604725e-08,1.0,0.06901348346374597,1.0,11300715.611028092,0.0,3.1156822471342205e-50,2.409354983023224e-51,2.361854172125708e-37,1.1125858554646478e-54,347615.6591112958,8.210176040543691e-32,8.210174947682419e-32,1.0928612714502002e-38,0.9999998668894228,False,5.053726738180698e-08,7.940110151373295e-08,0.41289208067005273,0.5159663865546217,7.079509366566233e-50,5.472812081761548e-51,"[8.166666666666667e-09, 1.0236517085738568e-08, 1.2830973311830731e-08, 1.6082997248964597e-08, 2.0159250138234185e-08, 2.526863369090349e-08, 3.167299598084116e-08, 3.970055075686648e-08, 4.976269789419122e-08, 6.237510700730634e-08, 7.818414472715056e-08, 9.8e-08]","[0.001874758823462051, 0.008762297394610544, 0.028761433758050462, 0.06630145120008903, 0.10733849372413436, 0.12204160726945623, 0.0974496537655851, 0.054647794858610946, 0.021522114791318173, 0.005952743981744068, 0.0011562970711488803, 0.00015773991641190448]","[1.745249542814814e-51, 5.1917687950830554e-51, 1.0846587259968004e-50, 1.591442108163503e-50, 1.6398666555493882e-50, 1.1867143260298303e-50, 6.031200898768756e-51, 2.1526893618476178e-51, 5.396086390183999e-52, 9.49940454734601e-53, 1.1744481067949464e-53, 1.0197441930644088e-54]","[5.304691917791487e-52, 1.0052254486014378e-51, 1.3371263597210344e-51, 1.2488622841863247e-51, 8.19108490409016e-52, 3.7728888574960805e-52, 1.220452220133968e-52, 2.7725869340516508e-53, 4.423525905366788e-54, 4.956459405345933e-55, 3.9002669813834457e-56, 2.1554453499421955e-57]","[-2.2917546239171758e-38, -4.339214860161743e-38, -5.769977954126991e-38, -5.388366311908191e-38, -3.5339469883157764e-38, -1.6277320264133155e-38, -5.265331829787616e-39, -1.196157985431928e-39, -1.9084083201849277e-40, -2.13832650163775e-41, -1.6826612575603424e-42, -9.299066043865741e-44]","[7.680819016988808e-52, 2.284890241470431e-51, 4.7735679999906314e-51, 7.003914631660221e-51, 7.21703039265948e-51, 5.2227132793869747e-51, 2.654323145321029e-51, 9.473956006016915e-52, 2.374810131518113e-52, 4.180674757814116e-53, 5.1687298187674157e-54, 4.487880041452679e-55]","[2.333187172415807e-52, 4.422907538165856e-52, 5.884094740971772e-52, 5.496006176759473e-52, 3.604826799656343e-52, 1.660432271548986e-52, 5.371179027341136e-53, 1.2202103498426433e-53, 1.9467867639183112e-54, 2.181330520708205e-55, 1.7165019629334937e-56, 9.486084796671222e-58]","[8.180451798358867e+34, 2.0193278454720105e+35, 4.9846696099555764e+35, 1.2304555288597218e+36, 3.0373543824801454e+36, 7.497647357739418e+36, 1.8507789616274927e+37, 4.568610127104393e+37, 1.1277520939141916e+38, 2.783833047565395e+38, 6.871835112109094e+38, 1.696298484899565e+39]",0.0102,130.0,fixed_lowT_slope
1620.0,418.15,0.4840336134453783,1.02e-08,1.0,1.2738988153375915e-19,261.18464180621163,2.6572109056709426e+35,6.940226786012244e+37,1.0,2.6232724773248855e-35,6.970588235294116,9.611687812379853e+16,196078431.37254903,490196078.43137246,0.012456747404844289,0.17647058823529407,8.160000000000002e-09,6.808377138146535e-46,6.808377138146535e-46,4.424498564604725e-08,1.0,0.05355315637515168,1.0,11300715.611028092,0.0,1.8184342070003128e-48,1.4061939473981763e-49,1.353520421073512e-35,8.921834834635087e-53,354023.48203922156,4.7917803464558115e-30,4.79178012479638e-30,2.2165943137746362e-37,0.9999999537417379,False,5.053726738180698e-08,7.940110151373295e-08,0.41289208067005273,0.5159663865546217,5.679023138507259e-48,4.3895644357195825e-49,"[8.166666666666667e-09, 1.0236517085738568e-08, 1.2830973311830731e-08, 1.6082997248964597e-08, 2.0159250138234185e-08, 2.526863369090349e-08, 3.167299598084116e-08, 3.970055075686648e-08, 4.976269789419122e-08, 6.237510700730634e-08, 7.818414472715056e-08, 9.8e-08]","[0.001874758823462051, 0.008762297394610544, 0.028761433758050462, 0.06630145120008903, 0.10733849372413436, 0.12204160726945623, 0.0974496537655851, 0.054647794858610946, 0.021522114791318173, 0.005952743981744068, 0.0011562970711488803, 0.00015773991641190448]","[1.3999999184861337e-49, 4.164720122597607e-49, 8.700888272582816e-49, 1.2766190547804748e-48, 1.3154641372342003e-48, 9.519555335499538e-49, 4.83809367056554e-49, 1.7268389747015208e-49, 4.328619100634443e-50, 7.620208609538868e-51, 9.421158484460842e-52, 8.180158493921263e-53]","[4.2527838295263675e-50, 8.061756113558685e-50, 1.0725083169721295e-49, 1.0017697346585682e-49, 6.57059908842232e-50, 3.026506977363135e-50, 9.790167471227441e-51, 2.2241044990572745e-51, 3.548451434106628e-52, 3.9759595313282287e-53, 3.128706203094123e-54, 1.7290497169002418e-55]","[-1.3133480975117745e-36, -2.4866971017810878e-36, -3.306632171547629e-36, -3.087939943738466e-36, -2.025217929255825e-36, -9.328131108970696e-37, -3.0174319140676613e-37, -6.854886636185256e-38, -1.0936617779378608e-38, -1.2254222216795848e-39, -9.642916996045892e-41, -5.3290655857709614e-42]","[4.482826851524335e-50, 1.3335514486924019e-49, 2.786041275104101e-49, 4.087758936533262e-49, 4.2121416428276554e-49, 3.0481800540884653e-49, 1.5491669628133593e-49, 5.529371839122292e-50, 1.3860322188681186e-50, 2.440005554142902e-51, 3.0166731918295957e-52, 2.6193025915264236e-53]","[1.3607235944988412e-50, 2.580601258439858e-50, 3.433767197778975e-50, 3.2075251740237936e-50, 2.103875792993492e-50, 9.690854162155875e-51, 3.1348201277399524e-51, 7.121616055112701e-52, 1.1362203991959377e-52, 1.2731096594913986e-53, 1.001817695314195e-54, 5.536450476967769e-56]","[1.427465290438922e+33, 3.5236689616658904e+33, 8.69810497990438e+33, 2.1471094777776043e+34, 5.300095963676183e+34, 1.308317881082214e+35, 3.2295560112313424e+35, 7.972093159081394e+35, 1.9678949402345307e+36, 4.8577085321540315e+36, 1.1991154456924429e+37, 2.959992026239701e+37]",0.0102,145.0,fixed_lowT_slope
1800.0,433.15,0.4840336134453783,1.02e-08,1.0,1.3506979326871192e-19,155.26929793922963,6.141267487013943e+33,9.53550291165672e+35,1.0,1.135040649187455e-33,6.970588235294116,9.611687812379853e+16,196078431.37254903,490196078.43137246,0.012456747404844289,0.17647058823529407,8.160000000000002e-09,3.8551575823073475e-44,3.8551575823073475e-44,4.424498564604725e-08,1.0,0.042151058212652436,1.0,11300715.611028092,0.0,8.007901735097172e-47,6.192505017725428e-48,5.856428223538632e-34,5.2291821173778053e-51,360317.33482296113,2.1101729170551955e-28,2.1101726090874084e-28,3.0796778712365723e-35,0.999999854055663,False,5.053726738180698e-08,7.940110151373295e-08,0.41289208067005273,0.5159663865546217,3.3299718039856362e-46,2.5734388194036783e-47,"[8.166666666666667e-09, 1.0236517085738568e-08, 1.2830973311830731e-08, 1.6082997248964597e-08, 2.0159250138234185e-08, 2.526863369090349e-08, 3.167299598084116e-08, 3.970055075686648e-08, 4.976269789419122e-08, 6.237510700730634e-08, 7.818414472715056e-08, 9.8e-08]","[0.001874758823462051, 0.008762297394610544, 0.028761433758050462, 0.06630145120008903, 0.10733849372413436, 0.12204160726945623, 0.0974496537655851, 0.054647794858610946, 0.021522114791318173, 0.005952743981744068, 0.0011562970711488803, 0.00015773991641190448]","[8.209088324592416e-48, 2.442039808872299e-47, 5.10188317791321e-47, 7.485627991237919e-47, 7.7134013708132e-47, 5.581919650714232e-47, 2.8368814697697023e-47, 1.0125553207890278e-47, 2.538144184968958e-48, 4.468212083552612e-49, 5.52422333013788e-50, 4.7965462496867754e-51]","[2.4918303083931776e-48, 4.725699826327331e-48, 6.288031787699368e-48, 5.873722286708685e-48, 3.852682418272509e-48, 1.7746188189616887e-48, 5.740577904644189e-49, 1.304131934910859e-49, 2.0806812328937541e-50, 2.3313569823977998e-51, 1.8345589135964923e-52, 1.0138515830232008e-53]","[-5.682610137125512e-35, -1.0759470535887503e-34, -1.4307175327989126e-34, -1.336093520093267e-34, -8.762736974668931e-35, -4.036106840273377e-35, -1.3055860221256646e-35, -2.9659804861661084e-36, -4.732068762022032e-37, -5.302171413937032e-38, -4.17230877152902e-39, -2.3057864229966574e-40]","[1.9741179958157125e-48, 5.872606728753312e-48, 1.2268986513271542e-47, 1.8001405689855703e-47, 1.8549154124039657e-47, 1.3423376138688867e-47, 6.822120240430662e-48, 2.434988638799689e-48, 6.103718115094103e-49, 1.0745137017027264e-49, 1.3284628277491034e-50, 1.1534713594081304e-51]","[5.9868295994079586e-49, 1.1360101232654119e-48, 1.5119144156273175e-48, 1.4124236081451396e-48, 9.264683880392358e-49, 4.2675526975300964e-49, 1.3804860556782971e-49, 3.1361656364711235e-50, 5.0036098476543154e-51, 5.606435629153456e-52, 4.411738825288431e-53, 2.4381057761765584e-54]","[3.2991156849102057e+31, 8.143799795152076e+31, 2.0102803732183577e+32, 4.962336109186489e+32, 1.2249425497356065e+33, 3.0237457059285877e+33, 7.464054617169104e+33, 1.8424866621172511e+34, 4.548140754852786e+34, 1.1226992711131467e+35, 2.7713602575130933e+35, 6.841046284195817e+35]",0.0102,160.0,fixed_lowT_slope
1980.0,448.15,0.4840336134453783,1.02e-08,1.0,1.4275093989393573e-19,95.55567694470281,1.827552480242318e+32,1.7463301440152529e+34,1.0,3.814165836906569e-32,6.970588235294116,9.611687812379853e+16,196078431.37254903,490196078.43137246,0.012456747404844289,0.17647058823529407,8.160000000000002e-09,1.6660639277491804e-42,1.6660639277491804e-42,4.424498564604725e-08,1.0,0.03363442895776498,1.0,11300715.611028092,0.0,2.7371551385535978e-45,2.1166402249290854e-46,1.9679813645887667e-32,2.314599875314514e-49,366503.154620179,7.212714184340795e-27,7.212713783555077e-27,4.007857187027501e-34,0.9999999444334395,False,5.053726738180698e-08,7.940110151373295e-08,0.41289208067005273,0.5159663865546217,1.4747220303573472e-44,1.1394440386034859e-45,"[8.166666666666667e-09, 1.0236517085738568e-08, 1.2830973311830731e-08, 1.6082997248964597e-08, 2.0159250138234185e-08, 2.526863369090349e-08, 3.167299598084116e-08, 3.970055075686648e-08, 4.976269789419122e-08, 6.237510700730634e-08, 7.818414472715056e-08, 9.8e-08]","[0.001874758823462051, 0.008762297394610544, 0.028761433758050462, 0.06630145120008903, 0.10733849372413436, 0.12204160726945623, 0.0974496537655851, 0.054647794858610946, 0.021522114791318173, 0.005952743981744068, 0.0011562970711488803, 0.00015773991641190448]","[3.635503275714207e-46, 1.0814896092643191e-45, 2.2594364041680097e-45, 3.3151093040864057e-45, 3.4159817560352706e-45, 2.4720269014711382e-45, 1.2563504579752162e-45, 4.484235081918343e-46, 1.124050702566628e-46, 1.9788067839004338e-47, 2.446475323249765e-48, 2.1242139094315022e-49]","[1.1025476309773643e-46, 2.0920752201410147e-46, 2.7843262660061653e-46, 2.6010997175283383e-46, 1.7061699226533494e-46, 7.859056737450342e-47, 2.542280679267377e-47, 5.775511339139108e-48, 9.214565849067143e-49, 1.0324719830716e-49, 8.124585776878825e-51, 4.489975555420126e-52]","[-1.909571914010236e-33, -3.615589007368437e-33, -4.8077519864785364e-33, -4.489779518381249e-33, -2.9446110172800132e-33, -1.3562845379410988e-33, -4.387262787724252e-34, -9.966816123603112e-35, -1.5901540639023204e-35, -1.7817301153874352e-36, -1.4020535377992667e-37, -7.748314395694515e-39]","[6.747669233596732e-47, 2.0072968195727376e-46, 4.193622822875271e-46, 6.153002586086129e-46, 6.340226716808197e-46, 4.5882010282065645e-46, 2.3318469793509152e-46, 8.322956356718235e-47, 2.086292259280548e-47, 3.6727607272845444e-48, 4.540776067985527e-49, 3.942643357798466e-50]","[2.0441363074449488e-47, 3.881263431330344e-47, 5.166910834721622e-47, 4.82741324941015e-47, 3.1666397264275124e-47, 1.4586612806551307e-47, 4.718572473040736e-48, 1.0719606179335115e-48, 1.7102664509427418e-49, 1.9163171240514746e-50, 1.5079620658482654e-51, 8.333610509834204e-53]","[9.817691649668877e+29, 2.4234771642333532e+30, 5.982303962213518e+30, 1.4767195344147642e+31, 3.645252058565098e+31, 8.99823037536953e+31, 2.2211948196550566e+32, 5.482974119407671e+32, 1.3534609809128675e+33, 3.340990832637776e+33, 8.247167743421995e+33, 2.0357965404650513e+34]",0.0102,175.0,fixed_lowT_slope
2160.0,463.15,0.4840336134453783,1.02e-08,1.0,1.5043324361290249e-19,60.674334219867205,6.832617940193097e+30,4.145645444999366e+32,1.0,1.020192888920278e-30,6.970588235294116,9.611687812379853e+16,196078431.37254903,490196078.43137246,0.012456747404844289,0.17647058823529407,8.160000000000002e-09,5.64149102453574e-41,5.64149102453574e-41,4.424498564604725e-08,1.0,0.02718945281045436,1.0,11300715.611028092,0.0,7.442712452959608e-44,5.755444526553076e-45,5.263852384849164e-31,7.959336348680768e-48,372586.2965142587,1.961239131947743e-25,1.9612392654686987e-25,0.0,1.0000000680798957,False,5.053726738180698e-08,7.940110151373295e-08,0.41289208067005273,0.5159663865546217,5.07435145243221e-43,3.9197305289571365e-44,"[8.166666666666667e-09, 1.0236517085738568e-08, 1.2830973311830731e-08, 1.6082997248964597e-08, 2.0159250138234185e-08, 2.526863369090349e-08, 3.167299598084116e-08, 3.970055075686648e-08, 4.976269789419122e-08, 6.237510700730634e-08, 7.818414472715056e-08, 9.8e-08]","[0.001874758823462051, 0.008762297394610544, 0.028761433758050462, 0.06630145120008903, 0.10733849372413436, 0.12204160726945623, 0.0974496537655851, 0.054647794858610946, 0.021522114791318173, 0.005952743981744068, 0.0011562970711488803, 0.00015773991641190448]","[1.2509354948045536e-44, 3.7212832361573595e-44, 7.774464721592288e-44, 1.1406915585363671e-43, 1.1754006265858281e-43, 8.50596454091893e-44, 4.322959608629169e-44, 1.5429744950284656e-44, 3.867731136961649e-45, 6.808849987502224e-46, 8.418044454698926e-47, 7.309179434980389e-48]","[3.789700116498644e-45, 7.195481698408721e-45, 9.578872129099536e-45, 8.949453820691105e-45, 5.870568499834857e-45, 2.704180872553739e-45, 8.747658519400062e-46, 1.987284225671712e-46, 3.170625270187607e-47, 3.552618021599814e-48, 2.795577576295666e-49, 1.5449496473243582e-50]","[-5.107621878169663e-32, -9.670786096619232e-32, -1.2859520529594372e-31, -1.2009024602840502e-31, -7.876089684925186e-32, -3.627718091257017e-32, -1.1734818278092919e-32, -2.6658712204088892e-33, -4.253259920120781e-34, -4.7656774021332533e-35, -3.750138589433979e-36, -2.0724781211972427e-37]","[1.8347868239533257e-45, 5.458124322362988e-45, 1.1403054349094295e-44, 1.6730885409277715e-44, 1.7239974335072405e-44, 1.247596836888111e-44, 6.340622169038759e-45, 2.2631297016770517e-45, 5.672924110127679e-46, 9.986756547583388e-47, 1.23470131857983e-47, 1.0720605640267593e-48]","[5.551343452213988e-46, 1.0548344292333481e-45, 1.4046668528340418e-45, 1.312532458980605e-45, 8.610250658383947e-46, 3.966252249776295e-46, 1.2830395570522624e-46, 2.9148061748213153e-47, 4.650452448680781e-48, 5.210735722864949e-49, 4.100361799038222e-50, 2.2660265795507139e-51]","[3.670512164330141e+28, 9.060584431366668e+28, 2.2365867912306745e+29, 5.520968887382136e+29, 1.3628399119118708e+30, 3.364142532562898e+30, 8.304317242603446e+30, 2.0499037778062327e+31, 5.06014567543923e+31, 1.2490866417184365e+32, 3.083344904656988e+32, 7.611174023915883e+32]",0.0102,190.0,fixed_lowT_slope
2340.0,478.15,0.4840336134453783,1.02e-08,1.0,1.581166332719946e-19,39.633098010318506,3.1410543512793675e+29,1.244897149599926e+31,1.0,2.219187398796509e-29,6.970588235294116,9.611687812379853e+16,196078431.37254903,490196078.43137246,0.012456747404844289,0.17647058823529407,8.160000000000002e-09,1.5315100212457682e-39,1.5315100212457682e-39,4.424498564604725e-08,1.0,0.022248849508960257,1.0,11300715.611028092,0.0,1.6449935816069587e-42,1.2720724286089909e-43,1.145026103244585e-29,2.179382176395581e-46,378571.6499291593,4.334744630322949e-24,4.334744211172584e-24,4.191503648590133e-31,0.9999999033044848,False,5.053726738180698e-08,7.940110151373295e-08,0.41289208067005273,0.5159663865546217,1.3904317560570516e-41,1.0737446395263623e-42,"[8.166666666666667e-09, 1.0236517085738568e-08, 1.2830973311830731e-08, 1.6082997248964597e-08, 2.0159250138234185e-08, 2.526863369090349e-08, 3.167299598084116e-08, 3.970055075686648e-08, 4.976269789419122e-08, 6.237510700730634e-08, 7.818414472715056e-08, 9.8e-08]","[0.001874758823462051, 0.008762297394610544, 0.028761433758050462, 0.06630145120008903, 0.10733849372413436, 0.12204160726945623, 0.0974496537655851, 0.054647794858610946, 0.021522114791318173, 0.005952743981744068, 0.0011562970711488803, 0.00015773991641190448]","[3.4277098325964416e-43, 1.0196752103869115e-42, 2.1302944300528958e-42, 3.1256285295236254e-42, 3.220735442971615e-42, 2.3307339518077892e-42, 1.1845415865132684e-42, 4.227930912521539e-43, 1.0598036511925988e-43, 1.8657046784400321e-44, 2.3066428179906832e-45, 2.002800809597971e-46]","[1.0371388225635042e-43, 1.9706567896041138e-43, 2.6241890563922705e-43, 2.452052964372e-43, 1.6085508035074589e-43, 7.409672136852706e-44, 2.396947787888073e-44, 5.4453795372455384e-45, 8.687876934644166e-46, 9.73458610331689e-47, 7.660208995898365e-48, 4.233342807923721e-49]","[-1.111041865999247e-30, -2.1036498955396048e-30, -2.797283359232563e-30, -2.6122781642465966e-30, -1.7132563038226635e-30, -7.891239354769553e-31, -2.552631088957335e-31, -5.798969864813541e-32, -9.251957076987696e-33, -1.0366599642482121e-33, -8.157536081456826e-35, -4.5081840706715314e-36]","[4.0552588429236433e-44, 1.2063585063439605e-43, 2.520311154506083e-43, 3.6978721516937146e-43, 3.810391346905459e-43, 2.75744737162053e-43, 1.4014088059140226e-43, 5.00198530728193e-44, 1.2538337076817391e-44, 2.2072800105710466e-45, 2.7289456056545725e-46, 2.369475857174467e-47]","[1.2252095852368854e-44, 2.3300495726966677e-44, 3.1038738637657896e-44, 2.9006917824005174e-44, 1.9029701385363913e-44, 8.766101543992414e-45, 2.835765130702499e-45, 6.4423087082999976e-46, 1.0278452260997988e-46, 1.151680016930499e-47, 9.062647162153965e-49, 5.008387660576233e-50]","[1.6873881001558242e+27, 4.165283117304525e+27, 1.0281916439792208e+28, 2.5380701070634618e+28, 6.2651743048975115e+28, 1.5465455016985757e+29, 3.817616034966888e+29, 9.423707336400873e+29, 2.3262229398847864e+30, 5.742233892538727e+30, 1.4174587272464522e+31, 3.498967964464854e+31]",0.0102,205.0,fixed_lowT_slope
2520.0,493.15,0.4840336134453783,1.02e-08,1.0,1.6580104230544266e-19,26.564213357649773,1.742353879792536e+28,4.628426020733779e+29,1.0,4.000673064259547e-28,6.970588235294116,9.611687812379853e+16,196078431.37254903,490196078.43137246,0.012456747404844289,0.17647058823529407,8.160000000000002e-09,3.401162131825518e-38,3.401162131825518e-38,4.424498564604725e-08,1.0,0.01841393600292972,1.0,11300715.611028092,0.0,3.011693160168164e-41,2.328940292118157e-42,2.064212824752404e-28,4.8550480638575197e-45,384463.8714591274,7.936153003993021e-23,7.936152541198907e-23,4.627941136796818e-30,0.9999999416853338,False,5.053726738180698e-08,7.940110151373295e-08,0.41289208067005273,0.5159663865546217,3.1000316224982303e-40,2.3931819475313077e-41,"[8.166666666666667e-09, 1.0236517085738568e-08, 1.2830973311830731e-08, 1.6082997248964597e-08, 2.0159250138234185e-08, 2.526863369090349e-08, 3.167299598084116e-08, 3.970055075686648e-08, 4.976269789419122e-08, 6.237510700730634e-08, 7.818414472715056e-08, 9.8e-08]","[0.001874758823462051, 0.008762297394610544, 0.028761433758050462, 0.06630145120008903, 0.10733849372413436, 0.12204160726945623, 0.0974496537655851, 0.054647794858610946, 0.021522114791318173, 0.005952743981744068, 0.0011562970711488803, 0.00015773991641190448]","[7.642236900522202e-42, 2.2734128324578202e-41, 4.749589521116239e-41, 6.968732726001048e-41, 7.180777968726987e-41, 5.196478664097733e-41, 2.6409900092965677e-41, 9.426366644359627e-42, 2.3628810389463903e-42, 4.1596744868718866e-43, 5.142766371977299e-44, 4.465336623873838e-45]","[2.3090911356827443e-42, 4.391154909814413e-42, 5.849391860417648e-42, 5.466450504758131e-42, 3.58620132971625e-42, 1.6519949992871615e-42, 5.344072014053306e-43, 1.214069362866455e-43, 1.9370001763260793e-44, 2.1703698915080673e-45, 1.7078785791466973e-46, 9.438432069829591e-48]","[-2.00294723599205e-29, -3.7923861131699904e-29, -5.0428441484717387e-29, -4.7093232837039307e-29, -3.0885982637578627e-29, -1.422604902468919e-29, -4.601793632264418e-30, -1.0454179106818189e-30, -1.6679103121108246e-31, -1.8688541571628307e-32, -1.4706119406369233e-33, -8.127195833052241e-35]","[7.424463813417312e-43, 2.2086296888268785e-42, 4.6142452775448515e-42, 6.770151805427071e-42, 6.9761546095692e-42, 5.048399873098997e-42, 2.565732391033205e-42, 9.157753018395679e-43, 2.2955484104226914e-43, 4.041140454735872e-44, 4.996218165782829e-45, 4.338092447305969e-46]","[2.239539779330299e-43, 4.2631234927292456e-43, 5.6811396956705645e-43, 5.310084617766656e-43, 3.483851081320343e-43, 1.6048903010359089e-43, 5.191748783790701e-44, 1.1794697030401008e-44, 1.8818011461590098e-45, 2.1085220154167376e-46, 1.6592105600912532e-47, 9.169473883407972e-49]","[9.360001051318218e+25, 2.3104971733182227e+26, 5.703415158441248e+26, 1.4078764018923386e+27, 3.4753141897300956e+27, 8.578742211393623e+27, 2.117645021765845e+28, 5.227363554826585e+28, 1.290364034267577e+29, 3.185237306468647e+29, 7.862693340080505e+29, 1.940889817991058e+30]",0.0102,220.0,fixed_lowT_slope
2700.0,508.15,0.4840336134453783,1.02e-08,1.0,1.7348640998836159e-19,18.227831540084217,1.1469381750726638e+27,2.0906195842116132e+28,1.0,6.077562319217858e-27,6.970588235294116,9.611687812379853e+16,196078431.37254903,490196078.43137246,0.012456747404844289,0.17647058823529407,8.160000000000002e-09,6.289847863780695e-37,6.289847863780695e-37,4.424498564604725e-08,1.0,0.015401652794563746,1.0,11300715.611028092,0.0,4.644227752680602e-40,3.5913781928525797e-41,3.1358178689073645e-27,8.967298141479038e-44,390267.15203898493,1.2238066785198637e-21,1.2238067090114361e-21,0.0,1.0000000249153507,False,5.053726738180698e-08,7.940110151373295e-08,0.41289208067005273,0.5159663865546217,5.731050850552519e-39,4.422671634050869e-40,"[8.166666666666667e-09, 1.0236517085738568e-08, 1.2830973311830731e-08, 1.6082997248964597e-08, 2.0159250138234185e-08, 2.526863369090349e-08, 3.167299598084116e-08, 3.970055075686648e-08, 4.976269789419122e-08, 6.237510700730634e-08, 7.818414472715056e-08, 9.8e-08]","[0.001874758823462051, 0.008762297394610544, 0.028761433758050462, 0.06630145120008903, 0.10733849372413436, 0.12204160726945623, 0.0974496537655851, 0.054647794858610946, 0.021522114791318173, 0.005952743981744068, 0.0011562970711488803, 0.00015773991641190448]","[1.412825855420338e-40, 4.202874723134163e-40, 8.780600451692358e-40, 1.2883146522368833e-39, 1.3275156094097258e-39, 9.606767637987967e-40, 4.882417304789426e-40, 1.7426592097548186e-40, 4.3682752426554833e-41, 7.690020267211758e-42, 9.507469335606823e-43, 8.255100067538129e-44]","[4.262080716362813e-41, 8.112737777894083e-41, 1.0810990638248782e-40, 1.0104797362455795e-40, 6.629552079348242e-41, 3.054002041793352e-41, 9.879555012228594e-42, 2.244452401758827e-42, 3.5809420807188257e-43, 4.0123766169009343e-44, 3.1573668660789256e-45, 1.7448896197117307e-46]","[-3.0427471711187836e-28, -5.761146329909587e-28, -7.660760848528018e-28, -7.154097642655451e-28, -4.69199760278106e-28, -2.16112884294882e-28, -6.990745589815765e-29, -1.5881308969122938e-29, -2.533780866844215e-30, -2.8390416870489817e-31, -2.2340580130012423e-32, -1.2346307324417308e-33]","[1.1449008599906714e-41, 3.405851376861835e-41, 7.115467889980081e-41, 1.0440016705708975e-40, 1.0757686497831318e-40, 7.784962660660438e-41, 3.956527090469808e-41, 1.412185387367051e-41, 3.5398857281701384e-42, 6.231702784528255e-43, 7.704495056422006e-44, 6.689622171319584e-45]","[3.447358022470416e-42, 6.569243434659514e-42, 8.758107882984188e-42, 8.187519616260357e-42, 5.3720661102761243e-42, 2.4747972374274465e-42, 8.005952448237955e-43, 1.8188135400912372e-43, 2.901856612962866e-44, 3.251477082154268e-45, 2.5586106127178528e-46, 1.4139926988103563e-47]","[6.16140191093407e+24, 1.5209294978536079e+25, 3.7543834518182157e+25, 9.267618994291406e+25, 2.2876928509194515e+26, 5.647123153607664e+26, 1.3939808352853148e+27, 3.4410132669076163e+27, 8.494071082841364e+27, 2.096744126336376e+28, 5.175770120649223e+28, 1.2776283002444144e+29]",0.0102,235.0,fixed_lowT_slope
2880.0,523.15,0.4840336134453783,1.02e-08,1.0,1.811726798881384e-19,12.779040695965408,8.828481812963887e+25,1.1281952837145597e+27,1.0,7.895568437438916e-26,6.970588235294116,9.611687812379853e+16,196078431.37254903,490196078.43137246,0.012456747404844289,0.17647058823529407,8.160000000000002e-09,9.84002465691514e-36,9.84002465691514e-36,4.424498564604725e-08,1.0,0.013008780495218327,1.0,11300715.611028092,0.0,6.121877362296888e-39,4.734043640642046e-40,4.073847916460078e-26,1.3962634588376947e-42,395985.39156641345,1.6131841072467197e-20,1.6131842623814616e-20,0.0,1.0000000961667928,False,5.053726738180698e-08,7.940110151373295e-08,0.41289208067005273,0.5159663865546217,8.932715039880337e-38,6.890606773885067e-39,"[8.166666666666667e-09, 1.0236517085738568e-08, 1.2830973311830731e-08, 1.6082997248964597e-08, 2.0159250138234185e-08, 2.526863369090349e-08, 3.167299598084116e-08, 3.970055075686648e-08, 4.976269789419122e-08, 6.237510700730634e-08, 7.818414472715056e-08, 9.8e-08]","[0.001874758823462051, 0.008762297394610544, 0.028761433758050462, 0.06630145120008903, 0.10733849372413436, 0.12204160726945623, 0.0974496537655851, 0.054647794858610946, 0.021522114791318173, 0.005952743981744068, 0.0011562970711488803, 0.00015773991641190448]","[2.2021041335252425e-39, 6.550819950664719e-39, 1.3685902247133382e-38, 2.0080344722513039e-38, 2.0691351305506099e-38, 1.4973609552987584e-38, 7.609990493324597e-39, 2.7161996182361735e-39, 6.808621834971797e-40, 1.1986067038872036e-40, 1.4818838035120293e-41, 1.2866829915129065e-42]","[6.63145251208303e-40, 1.2635911960176533e-39, 1.684569325319642e-39, 1.574801504551422e-39, 1.0332674206431849e-39, 4.760035231548739e-40, 1.5398669908051177e-40, 3.4983096123401093e-41, 5.581436111405041e-42, 6.253896409567776e-43, 4.921235789500028e-44, 2.7196758198298144e-45]","[-3.9529365995022474e-27, -7.48450163679361e-27, -9.952355629681118e-27, -9.294132183078296e-27, -6.095534070282458e-27, -2.807596168560822e-27, -9.081915961368286e-28, -2.0631949991746263e-28, -3.291721119235978e-29, -3.68829585933769e-30, -2.9023409400647734e-31, -1.6039508821053624e-32]","[1.5091728980788326e-40, 4.489487930759557e-40, 9.379389667674466e-40, 1.376170707730503e-39, 1.4180449570705972e-39, 1.026189696470325e-39, 5.215371622220971e-40, 1.861499094074116e-40, 4.66616786652947e-41, 8.214437843438309e-42, 1.015582705792463e-42, 8.818053014149233e-44]","[4.5353020831438325e-41, 8.652464893409915e-41, 1.1540927031879018e-40, 1.0791117426118846e-40, 7.080914409006189e-41, 3.2621308036251917e-41, 1.0553106651339985e-41, 2.3974952595309495e-42, 3.825132137627151e-43, 4.285994020780395e-44, 3.37268056964761e-45, 1.863881258404125e-46]","[4.7426989436109854e+23, 1.1707255632807033e+24, 2.8899121804163266e+24, 7.133689288474205e+24, 1.760936654385076e+25, 4.34683622367297e+25, 1.0730076580768458e+26, 2.648697524008763e+26, 6.538255827794288e+26, 1.6139551187775392e+27, 3.9840153001565504e+27, 9.834460529418049e+27]",0.0102,250.0,fixed_lowT_slope
3060.0,538.15,0.4840336134453783,1.02e-08,1.0,1.8885979958270552e-19,9.137133984276808,7.84310436868058e+24,7.166349546930122e+25,1.0,8.887537265383549e-25,6.970588235294116,9.611687812379853e+16,196078431.37254903,490196078.43137246,0.012456747404844289,0.17647058823529407,8.160000000000002e-09,1.3205991589787667e-34,1.3205991589787667e-34,4.424498564604725e-08,1.0,0.011087734869286192,1.0,11300715.611028092,0.0,6.989099568428843e-38,5.4046659884935586e-39,4.5856704881894935e-25,1.8599708315400932e-41,401622.1989019541,1.8417069928895354e-19,1.841707064906462e-19,0.0,1.0000000391033572,False,5.053726738180698e-08,7.940110151373295e-08,0.41289208067005273,0.5159663865546217,1.1912650756122429e-36,9.185206488285112e-38,"[8.166666666666667e-09, 1.0236517085738568e-08, 1.2830973311830731e-08, 1.6082997248964597e-08, 2.0159250138234185e-08, 2.526863369090349e-08, 3.167299598084116e-08, 3.970055075686648e-08, 4.976269789419122e-08, 6.237510700730634e-08, 7.818414472715056e-08, 9.8e-08]","[0.001874758823462051, 0.008762297394610544, 0.028761433758050462, 0.06630145120008903, 0.10733849372413436, 0.12204160726945623, 0.0974496537655851, 0.054647794858610946, 0.021522114791318173, 0.005952743981744068, 0.0011562970711488803, 0.00015773991641190448]","[2.936721629894423e-38, 8.736160270433675e-38, 1.8251491626527377e-37, 2.6779107211400357e-37, 2.7593944357821356e-37, 1.9968775491764606e-37, 1.0148667969330207e-37, 3.622318331157026e-38, 9.079964343250226e-39, 1.598459482207616e-39, 1.976237250777636e-40, 1.7159178416981526e-41]","[8.826689000867201e-39, 1.68380280041555e-38, 2.2458237982701876e-38, 2.0998812871565344e-38, 1.3778913356854324e-38, 6.347838969680219e-39, 2.053545896321709e-39, 4.665322428389719e-40, 7.443381458869377e-41, 8.340178878361488e-42, 6.562948604315701e-43, 3.6269538471104066e-44]","[-4.4495683387642823e-26, -8.424825614126921e-26, -1.120273128375694e-25, -1.046181117686603e-25, -6.861353508782086e-26, -3.1603317445661185e-26, -1.0222932925893902e-26, -2.3224068775047676e-27, -3.70528029061704e-28, -4.151679154624288e-29, -3.26697988448344e-30, -1.8054650972262728e-31]","[1.7229616057989492e-39, 5.1254666342361215e-39, 1.0708069502044772e-38, 1.5711183890614555e-38, 1.61892452444626e-38, 1.1715592358805332e-38, 5.954178660708184e-39, 2.125198161457901e-39, 5.3271749648283934e-40, 9.378091162041812e-41, 1.1594496639989496e-41, 1.0067214167852886e-42]","[5.166742437888521e-40, 9.869587676999392e-40, 1.3171159651156312e-39, 1.2318018781003346e-39, 8.083524443163206e-40, 3.724155159260618e-40, 1.2047939954069794e-40, 2.737112728166336e-41, 4.366991694469247e-42, 4.893142777126542e-43, 3.850451891411616e-44, 2.1279175609700445e-45]","[4.213349881895964e+22, 1.0400568268045504e+23, 2.567359068922079e+23, 6.337473510007516e+23, 1.5643924130530233e+24, 3.861670771724989e+24, 9.532455555758625e+24, 2.353067216082543e+25, 5.808498440946311e+25, 1.4338159958998012e+26, 3.539345548592837e+26, 8.736802315051094e+26]",0.0102,265.0,fixed_lowT_slope
3240.0,553.15,0.4840336134453783,1.02e-08,1.0,1.9654771963353127e-19,6.652388419116391,7.94834089556352e+23,5.287545092483597e+24,1.0,8.769865720259746e-24,6.970588235294116,9.611687812379853e+16,196078431.37254903,490196078.43137246,0.012456747404844289,0.17647058823529407,8.160000000000002e-09,1.5395052070572111e-33,1.5395052070572111e-33,4.424498564604725e-08,1.0,0.009530100541597968,1.0,11300715.611028092,0.0,6.9920174713653965e-37,5.40692240086893e-38,4.5249559262516656e-24,2.14761066590521e-40,407181.0082838638,1.8424758934024275e-18,1.842476116491198e-18,0.0,1.000000121080971,False,5.053726738180698e-08,7.940110151373295e-08,0.41289208067005273,0.5159663865546217,1.3771644298784162e-35,1.0613439953149194e-36,"[8.166666666666667e-09, 1.0236517085738568e-08, 1.2830973311830731e-08, 1.6082997248964597e-08, 2.0159250138234185e-08, 2.526863369090349e-08, 3.167299598084116e-08, 3.970055075686648e-08, 4.976269789419122e-08, 6.237510700730634e-08, 7.818414472715056e-08, 9.8e-08]","[0.001874758823462051, 0.008762297394610544, 0.028761433758050462, 0.06630145120008903, 0.10733849372413436, 0.12204160726945623, 0.0974496537655851, 0.054647794858610946, 0.021522114791318173, 0.005952743981744068, 0.0011562970711488803, 0.00015773991641190448]","[3.3950030534275506e-37, 1.0099455968668387e-36, 2.109967426633333e-36, 3.095804172424623e-36, 3.190003587581482e-36, 2.3084943795026058e-36, 1.1732388386207752e-36, 4.187588523739924e-37, 1.049691137101613e-37, 1.8479023573882876e-38, 2.2846331202758728e-39, 1.9836903343833347e-40]","[1.0182805288286057e-37, 1.9449060619014455e-37, 2.595391117035155e-37, 2.4272315092962555e-37, 1.5928235333379204e-37, 7.338263183637134e-38, 2.3739837813647334e-38, 5.3933351535383765e-39, 8.604923195931582e-40, 9.641674886663924e-41, 7.587108264972479e-42, 4.192946994457121e-43]","[-4.390655777733943e-25, -8.313280399990477e-25, -1.1054406426104775e-24, -1.0323296147424747e-24, -6.77050876237933e-25, -3.118488756077597e-25, -1.0087580659324893e-25, -2.2916580662737548e-26, -3.656222149548957e-27, -4.096710664884775e-28, -3.223724868001937e-29, -1.781560627257525e-30]","[1.7236809308965388e-38, 5.127606482724014e-38, 1.0712540050380633e-37, 1.5717743206183361e-37, 1.6196004147491073e-37, 1.172048354128349e-37, 5.956664490997012e-38, 2.1260854176624177e-38, 5.329399025212883e-39, 9.382006453199569e-40, 1.1599337265804368e-40, 1.0071417163316846e-41]","[5.1570228156961353e-39, 9.864444290970136e-39, 1.3171634102477245e-38, 1.2321255397179376e-38, 8.086392270455835e-39, 3.725615325999115e-39, 1.2052845843184449e-39, 2.7382440377317285e-40, 4.3688075053668013e-41, 4.8951822823278704e-42, 3.852058361861465e-43, 2.1288057134478103e-44]","[4.2698834032250894e+21, 1.0540120112658033e+22, 2.601807157201211e+22, 6.422507913485424e+22, 1.5853829821558766e+23, 3.913485563531706e+23, 9.660359312765771e+23, 2.3846399976881577e+24, 5.886435208531628e+24, 1.453054528055497e+25, 3.5868354729215854e+25, 8.85403022487784e+25]",0.0102,280.0,fixed_lowT_slope
3420.0,568.15,0.4840336134453783,1.02e-08,1.0,2.0423639453452446e-19,4.924718032890615,9.093222315052699e+22,4.4781555912023375e+23,1.0,7.66569648666257e-23,6.970588235294116,9.611687812379853e+16,196078431.37254903,490196078.43137246,0.012456747404844289,0.17647058823529407,8.160000000000002e-09,1.57641710414861e-32,1.57641710414861e-32,4.424498564604725e-08,1.0,0.008255337716919468,1.0,11300715.611028092,0.0,6.194000743136745e-36,4.7898166024640754e-37,3.9552417166477453e-23,2.1745703201488823e-39,412664.90470583085,1.6321894359794257e-17,1.6321894460889687e-17,0.0,1.000000006193854,False,5.053726738180698e-08,7.940110151373295e-08,0.41289208067005273,0.5159663865546217,1.3962795878336128e-34,1.07551473248927e-35,"[8.166666666666667e-09, 1.0236517085738568e-08, 1.2830973311830731e-08, 1.6082997248964597e-08, 2.0159250138234185e-08, 2.526863369090349e-08, 3.167299598084116e-08, 3.970055075686648e-08, 4.976269789419122e-08, 6.237510700730634e-08, 7.818414472715056e-08, 9.8e-08]","[0.001874758823462051, 0.008762297394610544, 0.028761433758050462, 0.06630145120008903, 0.10733849372413436, 0.12204160726945623, 0.0974496537655851, 0.054647794858610946, 0.021522114791318173, 0.005952743981744068, 0.0011562970711488803, 0.00015773991641190448]","[3.4421259809565253e-36, 1.0239637265770064e-35, 2.1392539517318473e-35, 3.1387741943554676e-35, 3.234281105306541e-35, 2.340536475381289e-35, 1.1895234922415398e-35, 4.245712604166344e-36, 1.0642609382484802e-36, 1.8735513973147511e-37, 2.3163440198723733e-38, 2.011224122835366e-39]","[1.030092159708165e-36, 1.970090578564769e-36, 2.6304332501494197e-36, 2.4605491224219134e-36, 1.6148329620158424e-36, 7.439933905162121e-37, 2.406910629909674e-37, 5.468172783270949e-38, 8.724345829253401e-39, 9.77549559685656e-40, 7.692415877847884e-41, 4.2511449836517706e-42]","[-3.837850617457682e-24, -7.266597504181672e-24, -9.662602279869551e-24, -9.02354238164407e-24, -5.918068404718101e-24, -2.7258556816823026e-24, -8.817504632992539e-25, -2.0031270429470818e-25, -3.195885795777698e-26, -3.580914640247325e-27, -2.817842049453693e-28, -1.5572533806983908e-29]","[1.5269528445298496e-37, 4.542379720098609e-37, 9.489890622367443e-37, 1.3923837218404533e-36, 1.4347513022706375e-36, 1.0382794960387206e-36, 5.276815230361089e-37, 1.8834298842793913e-37, 4.721141166741767e-38, 8.311214206946735e-39, 1.0275475417291242e-39, 8.921940720185691e-41]","[4.5571953762326403e-38, 8.729797287540969e-38, 1.1663547918479026e-37, 1.0913187293766098e-37, 7.162989736840296e-38, 3.3003113881995075e-38, 1.0677105957499629e-38, 2.4257104288817385e-39, 3.8701773821598244e-40, 4.3364794994716776e-41, 3.4124121334625445e-42, 1.8858394784768997e-43]","[4.884918696246579e+20, 1.2058322192151347e+21, 2.976572244722335e+21, 7.34760789010768e+21, 1.813742024991806e+22, 4.477185204248834e+22, 1.1051840381342906e+23, 2.7281242620643218e+23, 6.734319111074778e+23, 1.6623529404579513e+24, 4.1034843360828426e+24, 1.0129367408479275e+25]",0.0102,295.0,fixed_lowT_slope
3600.0,583.15,0.4840336134453783,1.02e-08,1.0,2.1192578058490618e-19,3.702245974023242,1.1634422108561412e+22,4.3073492411508486e+22,1.0,5.991348921546069e-22,6.970588235294116,9.611687812379853e+16,196078431.37254903,490196078.43137246,0.012456747404844289,0.17647058823529407,8.160000000000002e-09,1.4321450609145533e-31,1.4321450609145533e-31,4.424498564604725e-08,1.0,0.007202962992153841,1.0,11300715.611028092,0.0,4.904591743497439e-35,3.792717491573221e-36,3.091334653638055e-22,1.951102861223229e-38,418076.91495411564,1.2924155426359304e-16,1.2924156550837475e-16,0.0,1.0000000870059307,False,5.053726738180698e-08,7.940110151373295e-08,0.41289208067005273,0.5159663865546217,1.2545480925479753e-33,9.65804235116193e-35,"[8.166666666666667e-09, 1.0236517085738568e-08, 1.2830973311830731e-08, 1.6082997248964597e-08, 2.0159250138234185e-08, 2.526863369090349e-08, 3.167299598084116e-08, 3.970055075686648e-08, 4.976269789419122e-08, 6.237510700730634e-08, 7.818414472715056e-08, 9.8e-08]","[0.001874758823462051, 0.008762297394610544, 0.028761433758050462, 0.06630145120008903, 0.10733849372413436, 0.12204160726945623, 0.0974496537655851, 0.054647794858610946, 0.021522114791318173, 0.005952743981744068, 0.0011562970711488803, 0.00015773991641190448]","[3.092727718249382e-35, 9.200247222754503e-35, 1.9221057071993244e-34, 2.8201681187483627e-34, 2.9059804546178017e-34, 2.102956740407826e-34, 1.06877909068915e-34, 3.8147450521195387e-35, 9.56231503838366e-36, 1.6833736969818874e-36, 2.081219977099661e-37, 1.807071741916961e-38]","[9.233043836926917e-36, 1.7683725696138515e-35, 2.3624819503411664e-35, 2.210428625120089e-35, 1.4508214488328375e-35, 6.684553889275325e-36, 2.1625701353409007e-36, 4.9130960503142244e-37, 7.838753870813024e-38, 8.783212658734677e-39, 6.911583428017369e-40, 3.819625559623597e-41]","[-2.999584212336969e-23, -5.679421458407223e-23, -7.55208895232815e-23, -7.052613028816403e-23, -4.6254391647171583e-23, -2.1304721008916274e-23, -6.891578210215298e-24, -1.5656024301721346e-24, -2.497837861077884e-25, -2.7987683970169405e-26, -2.2023667325540825e-27, -1.2171168502764472e-28]","[1.209086118094076e-36, 3.5967896994057566e-36, 7.514374169995086e-36, 1.1025303336435452e-35, 1.1360782284190008e-35, 8.221402054813682e-36, 4.178337311222884e-36, 1.4913551100439553e-36, 3.7383382641574114e-37, 6.581063559444531e-38, 8.136423287969391e-39, 7.06465475334062e-40]","[3.599067875109418e-37, 6.905096109618653e-37, 9.231509901394417e-37, 8.639852084430745e-37, 5.6714585312895635e-37, 2.613207488068503e-37, 8.45434650607443e-38, 1.920739604267797e-38, 3.0645142138593084e-39, 3.433749165460144e-40, 2.702047312599475e-41, 1.4932629054792342e-42]","[6.250062311140886e+19, 1.5428151368551376e+20, 3.8084077054182366e+20, 9.400976762681674e+20, 2.3206119441135923e+21, 5.728383263896317e+21, 1.4140397278106302e+22, 3.490528234080637e+22, 8.616297769636178e+22, 2.1269155347362017e+23, 5.250247627051303e+23, 1.296012920830704e+24]",0.0102,310.0,fixed_lowT_slope
3780.0,598.15,0.4840336134453783,1.02e-08,1.0,2.196158376387272e-19,2.823116823027203,1.650816087468878e+21,4.660446668257336e+21,1.0,4.222510483273642e-21,6.970588235294116,9.611687812379853e+16,196078431.37254903,490196078.43137246,0.012456747404844289,0.17647058823529407,8.160000000000002e-09,1.164766549876142e-30,1.164766549876142e-30,4.424498564604725e-08,1.0,0.006327080303215516,1.0,11300715.611028092,0.0,3.500772786171553e-34,2.7071452374684904e-35,2.1786734762437106e-21,1.5657704384587427e-37,423419.71657040995,9.224933280295092e-16,9.224933058105817e-16,2.221892747491224e-23,0.9999999759142676,False,5.053726738180698e-08,7.940110151373295e-08,0.41289208067005273,0.5159663865546217,1.0082813230843366e-32,7.757575868445973e-34,"[8.166666666666667e-09, 1.0236517085738568e-08, 1.2830973311830731e-08, 1.6082997248964597e-08, 2.0159250138234185e-08, 2.526863369090349e-08, 3.167299598084116e-08, 3.970055075686648e-08, 4.976269789419122e-08, 6.237510700730634e-08, 7.818414472715056e-08, 9.8e-08]","[0.001874758823462051, 0.008762297394610544, 0.028761433758050462, 0.06630145120008903, 0.10733849372413436, 0.12204160726945623, 0.0974496537655851, 0.054647794858610946, 0.021522114791318173, 0.005952743981744068, 0.0011562970711488803, 0.00015773991641190448]","[2.485627784394275e-34, 7.3942461812058125e-34, 1.544797921319048e-33, 2.2665714124332178e-33, 2.3355388566159816e-33, 1.6901480439072454e-33, 8.589786250890342e-34, 3.0659137032910737e-34, 7.685240379321707e-35, 1.3529288103982042e-35, 1.6726781895444565e-36, 1.4523450297930076e-37]","[7.401626558889644e-35, 1.4197545566927427e-34, 1.8979199772851116e-34, 1.776216237709543e-34, 1.1659446805154052e-34, 5.372228867450838e-35, 1.7380393846274875e-35, 3.948640892713457e-36, 6.300000972028057e-37, 7.059069763701728e-38, 5.554843505480792e-39, 3.0698357858249813e-40]","[-2.1140107090919625e-22, -4.0026740156648047e-22, -5.322469979530388e-22, -4.970455374674612e-22, -3.259861112833131e-22, -1.5014883790169173e-22, -4.8569632014396737e-23, -1.1033863593333669e-23, -1.7603959796081587e-24, -1.9724821657707364e-25, -1.5521574086230037e-26, -8.57784904027169e-28]","[8.630149051597113e-36, 2.567296964921869e-35, 5.363569074695398e-35, 7.869580975960352e-35, 8.109037312400525e-35, 5.868227588121913e-35, 2.982390852402235e-35, 1.0644913291063787e-35, 2.6683307286517886e-36, 4.697395709543778e-37, 5.80757190668516e-38, 5.042570798473078e-39]","[2.561798310745432e-36, 4.923077502594592e-36, 6.586166722098771e-36, 6.165747837576427e-36, 4.047834402500936e-36, 1.8651834289842814e-36, 6.034421932861135e-37, 1.3709681081273923e-37, 2.1873677771633772e-38, 2.450920742234226e-39, 1.9286519667340707e-40, 1.0658529194767011e-41]","[8.868256037677887e+18, 2.189110919429998e+19, 5.4037756659339846e+19, 1.333911004168897e+20, 3.292732113695695e+20, 8.128042079776975e+20, 2.00639061330956e+21, 4.952734316167142e+21, 1.2225723667074448e+22, 3.0178949574522854e+22, 7.449612163850632e+22, 1.8389215719621514e+23]",0.0102,325.0,fixed_lowT_slope
3960.0,613.15,0.4840336134453783,1.02e-08,1.0,2.2730652666617654e-19,2.1813260079284182,2.5779748019489597e+20,5.623403483275379e+20,1.0,2.7039008410882536e-20,6.970588235294116,9.611687812379853e+16,196078431.37254903,490196078.43137246,0.012456747404844289,0.17647058823529407,8.160000000000002e-09,8.549766775069579e-30,8.549766775069579e-30,4.424498564604725e-08,1.0,0.005592515641261606,1.0,11300715.611028092,0.0,2.2696674695894644e-33,1.7551323254131292e-34,1.3951219465783086e-20,1.1333415603167252e-36,428695.9870964056,5.98083116337187e-15,5.980831800082468e-15,0.0,1.0000001064585473,False,5.053726738180698e-08,7.940110151373295e-08,0.41289208067005273,0.5159663865546217,7.309672338193131e-32,5.620435146395622e-33,"[8.166666666666667e-09, 1.0236517085738568e-08, 1.2830973311830731e-08, 1.6082997248964597e-08, 2.0159250138234185e-08, 2.526863369090349e-08, 3.167299598084116e-08, 3.970055075686648e-08, 4.976269789419122e-08, 6.237510700730634e-08, 7.818414472715056e-08, 9.8e-08]","[0.001874758823462051, 0.008762297394610544, 0.028761433758050462, 0.06630145120008903, 0.10733849372413436, 0.12204160726945623, 0.0974496537655851, 0.054647794858610946, 0.021522114791318173, 0.005952743981744068, 0.0011562970711488803, 0.00015773991641190448]","[1.8019896077269077e-33, 5.360559154979946e-33, 1.1199222255770764e-32, 1.6431817169161851e-32, 1.6931806018936924e-32, 1.2252957702526689e-32, 6.227282159413057e-33, 2.2226757627205888e-33, 5.57151934950539e-34, 9.808241087577005e-35, 1.2126307621577745e-35, 1.052897246704455e-36]","[5.351399615230742e-34, 1.0281294061363008e-33, 1.3753020077062899e-33, 1.2874562345347111e-33, 8.452046605017089e-34, 3.89455305891679e-34, 1.2599998863777531e-34, 2.862606683900652e-35, 4.567262096096885e-36, 5.11756431239178e-37, 4.0270578906694065e-38, 2.2255188336405602e-39]","[-1.3537148947352662e-21, -2.5631277128689115e-21, -3.408264138437799e-21, -3.182850231257408e-21, -2.0874646113339683e-21, -9.614838629744614e-22, -3.1101750812767507e-22, -7.065577023112127e-23, -1.1272763415901984e-23, -1.2630865472533628e-24, -9.939299711160288e-26, -5.492858650463015e-27]","[5.595212759163188e-35, 1.664464037505057e-34, 3.477380279525417e-34, 5.10211117127955e-34, 5.257358681015732e-34, 3.8045671839997737e-34, 1.9335832151223865e-34, 6.901451447738726e-35, 1.7299675879707707e-35, 3.045477923004561e-36, 3.765242087682016e-37, 3.269266417290774e-38]","[1.6560455934150558e-35, 3.18796504575969e-35, 4.2679439158082014e-35, 3.9966661642481874e-35, 2.6241345446808214e-35, 1.2092210391007497e-35, 3.9122648162232797e-36, 8.888394794839227e-37, 1.4181402294351066e-37, 1.5890120645296511e-38, 1.250408792172016e-39, 6.910278094861022e-41]","[1.384899309857029e+18, 3.418595706572458e+18, 8.438733792279802e+18, 2.083084229002386e+19, 5.142050942628485e+19, 1.2693047899099048e+20, 3.1332529911975654e+20, 7.734371117865275e+20, 1.9092137391048132e+21, 4.712855183746966e+21, 1.163358692011811e+22, 2.871727208902562e+22]",0.0102,340.0,fixed_lowT_slope
4140.0,628.15,0.4840336134453783,1.02e-08,1.0,2.349978118832013e-19,1.706207652780363,4.400475528796506e+19,7.508125023105312e+19,1.0,1.5840534027922467e-19,6.970588235294116,9.611687812379853e+16,196078431.37254903,490196078.43137246,0.012456747404844289,0.17647058823529407,8.160000000000002e-09,5.705893896180578e-29,5.705893896180578e-29,4.424498564604725e-08,1.0,0.004972056695195151,1.0,11300715.611028092,0.0,1.34582821359722e-32,1.0407280510412136e-33,8.173183103482682e-20,7.455271921150402e-36,433908.0548292259,3.546409960170631e-14,3.5464099821952656e-14,0.0,1.0000000062104029,False,5.053726738180698e-08,7.940110151373295e-08,0.41289208067005273,0.5159663865546217,4.816368679080348e-31,3.700881552297493e-32,"[8.166666666666667e-09, 1.0236517085738568e-08, 1.2830973311830731e-08, 1.6082997248964597e-08, 2.0159250138234185e-08, 2.526863369090349e-08, 3.167299598084116e-08, 3.970055075686648e-08, 4.976269789419122e-08, 6.237510700730634e-08, 7.818414472715056e-08, 9.8e-08]","[0.0018747588234620507, 0.008762297394610544, 0.028761433758050462, 0.06630145120008903, 0.10733849372413436, 0.12204160726945623, 0.0974496537655851, 0.054647794858610946, 0.021522114791318173, 0.005952743981744068, 0.0011562970711488803, 0.00015773991641190448]","[1.1873372574220646e-32, 3.532091183007097e-32, 7.379206728722828e-32, 1.0826981825219375e-31, 1.115642622772201e-31, 8.073516701452261e-32, 4.1031780031616017e-32, 1.4645288368650293e-32, 3.671093593297927e-33, 6.46268437016591e-34, 7.990066519985403e-35, 6.937576797827847e-36]","[3.516022029670175e-33, 6.766466488503742e-33, 9.057601056161051e-33, 8.481455330181449e-33, 5.568646840927187e-33, 2.5660531762730284e-33, 8.302076555579656e-34, 1.8861717314611261e-34, 3.00937862259288e-35, 3.37197814739255e-36, 2.653441614976569e-37, 1.4664019404390398e-38]","[-7.930604010437369e-21, -1.5015828663772335e-20, -1.9966976318311565e-20, -1.8646411372734342e-20, -1.22292037139244e-20, -5.632757539516688e-21, -1.8220651238058195e-21, -4.139297993504453e-22, -6.604036278432812e-23, -7.399666854619515e-24, -5.822839835539031e-25, -3.217936584102495e-26]","[3.3177526193839407e-34, 9.869651357330472e-34, 2.0619568955792462e-33, 3.0253617568302183e-33, 3.1174177436622696e-33, 2.2559665349035364e-33, 1.1465427773525027e-33, 4.092303475106949e-34, 1.0258062996871188e-34, 1.8058548961836988e-35, 2.2326482185263634e-36, 1.938553132169477e-37]","[9.789625661189214e-35, 1.887960739221341e-34, 2.5294308857248638e-34, 2.369379373066892e-34, 1.555882261347785e-34, 7.169984072613359e-35, 2.3197949709407342e-35, 5.2704571416523304e-36, 8.409023801914261e-37, 9.422240572118505e-38, 7.414455304639053e-39, 4.097536726361498e-40]","[2.3639546508622848e+17, 5.835373851694739e+17, 1.4404501362418888e+18, 3.55572178875331e+18, 8.777226729972348e+18, 2.1666405204426367e+19, 5.348307944231881e+19, 1.3202189101718792e+20, 3.2589334588612424e+20, 8.044610789508514e+20, 1.9857957694311883e+21, 4.90189636399871e+21]",0.0102,355.0,fixed_lowT_slope
4320.0,643.15,0.48403361344537843,1.02e-08,1.0,2.426896583710629e-19,1.3498710425496732,8.15933720889895e+18,1.1014053024690766e+19,1.0,8.543081449914425e-19,6.970588235294116,9.611687812379853e+16,196078431.37254903,490196078.43137246,0.012456747404844289,0.17647058823529407,8.160000000000002e-09,3.4852991421141545e-28,3.4852991421141545e-28,4.424498564604725e-08,1.0,0.004444461311365881,1.0,11300715.611028092,0.0,7.344442560184909e-32,5.679452484663804e-33,4.407942865754164e-19,4.487515220187252e-35,439058.2480659941,1.935343900817941e-13,1.9353436722130208e-13,2.2860492033674392e-20,0.9999998818789155,False,5.053726738180698e-08,7.940110151373295e-08,0.4128920806700527,0.5159663865546217,2.9041276523830314e-30,2.2299791576458636e-31,"[8.166666666666667e-09, 1.0236517085738568e-08, 1.2830973311830731e-08, 1.6082997248964597e-08, 2.0159250138234185e-08, 2.526863369090349e-08, 3.167299598084116e-08, 3.970055075686648e-08, 4.976269789419122e-08, 6.237510700730634e-08, 7.818414472715056e-08, 9.8e-08]","[0.0018747588234620492, 0.008762297394610541, 0.02876143375805046, 0.06630145120008903, 0.10733849372413436, 0.12204160726945623, 0.0974496537655851, 0.054647794858610946, 0.021522114791318173, 0.005952743981744068, 0.0011562970711488803, 0.00015773991641190448]","[7.159291972313157e-32, 2.129746362620195e-31, 4.449443084914926e-31, 6.52834934481633e-31, 6.726994561364286e-31, 4.868091432971592e-31, 2.474094799550665e-31, 8.830675092057538e-32, 2.2135606987666067e-32, 3.8968072501472485e-33, 4.8177734453459945e-34, 4.183153317687843e-35]","[2.113734821981076e-32, 4.074975979448788e-32, 5.45873569992086e-32, 5.11302840453855e-32, 3.357452754518732e-32, 1.5472024506977076e-32, 5.005838603251287e-33, 1.1372994586435322e-33, 1.814562146603855e-34, 2.0332011177205856e-35, 1.5999461163326864e-36, 8.841968047889736e-38]","[-4.277115650820661e-20, -8.098303193973273e-20, -1.0768545094197206e-19, -1.0056340955745724e-19, -6.595426846815386e-20, -3.037846221780574e-20, -9.826720950368856e-21, -2.2323969533882058e-21, -3.5616741029937243e-22, -3.9907718091963477e-23, -3.140360981336356e-24, -1.735490374894547e-25]","[1.8105612065330745e-33, 5.386057949343793e-33, 1.1252494061393812e-32, 1.6509979076326248e-32, 1.701234624382827e-32, 1.2311241855312398e-32, 6.256903731088285e-33, 2.2332484568318876e-33, 5.598021626988004e-34, 9.854896355307954e-35, 1.2183989332663452e-35, 1.0579056067661169e-36]","[5.3252642601969385e-34, 1.0289360120241496e-33, 1.3796155156517929e-33, 1.292732855329113e-33, 8.489994375907085e-34, 3.912657046919606e-34, 1.265938140223594e-34, 2.876172519058009e-35, 4.5889545169856795e-36, 5.141892325149278e-37, 4.046208808576872e-38, 2.2361039868207045e-39]","[4.383231543206774e+16, 1.0819917684894053e+17, 2.6708746173658125e+17, 6.592999530530781e+17, 1.6274684901700175e+18, 4.0173727818890035e+18, 9.916802792891685e+18, 2.4479425478371852e+19, 6.0426962627568886e+19, 1.4916272506552605e+20, 3.6820514521130854e+20, 9.089068927938548e+20]",0.0102,370.0,fixed_lowT_slope
4500.0,658.15,0.48403361344537876,1.02e-08,1.0,2.5038203272844e-19,1.079356655510651,1.6341228900834883e+18,1.763801417333913e+18,1.0,4.2656450610871654e-18,6.970588235294116,9.611687812379853e+16,196078431.37254903,490196078.43137246,0.012456747404844289,0.17647058823529407,8.160000000000002e-09,1.9603451411416267e-27,1.9603451411416267e-27,4.4244985646047264e-08,1.0,0.003993006269405032,1.0,11300715.611028088,0.0,3.7096700754366296e-31,2.868685370546498e-32,2.2009294684937126e-18,2.4870224447098777e-34,444148.7786889775,9.775401326526713e-13,9.775401354120628e-13,0.0,1.0000000028227911,False,5.053726738180698e-08,7.940110151373295e-08,0.4128920806700526,0.5159663865546216,1.612412426071586e-29,1.237221835607734e-30,"[8.166666666666667e-09, 1.0236517085738568e-08, 1.2830973311830731e-08, 1.6082997248964597e-08, 2.0159250138234185e-08, 2.526863369090349e-08, 3.167299598084116e-08, 3.970055075686648e-08, 4.976269789419122e-08, 6.237510700730634e-08, 7.818414472715056e-08, 9.8e-08]","[0.0018747588234620414, 0.008762297394610527, 0.028761433758050438, 0.06630145120008901, 0.10733849372413434, 0.12204160726945623, 0.0974496537655851, 0.054647794858610946, 0.021522114791318173, 0.005952743981744068, 0.0011562970711488803, 0.00015773991641190448]","[3.97493936899085e-31, 1.1824650671439023e-30, 2.4703932395423786e-30, 3.6246311682203574e-30, 3.734921780025517e-30, 2.702832677253391e-30, 1.3736521515509578e-30, 4.9029147315031515e-31, 1.2289999627345014e-31, 2.1635620689701565e-32, 2.674895424414021e-33, 2.3225454239477948e-34]","[1.1699210490335565e-31, 2.259582419588348e-31, 3.0291814981653133e-31, 2.8382219800462583e-31, 1.8639442631151485e-31, 8.589985135152998e-32, 2.779272512727598e-32, 6.314409992947947e-33, 1.0074680277178079e-33, 1.1288607302989287e-34, 8.883121971771058e-36, 4.909183981066241e-37]","[-2.135606146164564e-19, -4.0435628789310607e-19, -5.376841069052072e-19, -5.021230498851809e-19, -3.293161854984031e-19, -1.5168266635700267e-19, -4.906578959169693e-20, -1.114657877773358e-20, -1.7783791054444084e-21, -1.9926318340316556e-22, -1.568013296912096e-23, -8.665475086050972e-25]","[9.145125273405447e-33, 2.720492104814716e-32, 5.683622705401081e-32, 8.339172758672975e-32, 8.592917877229284e-32, 6.218395082793801e-32, 3.160355376994281e-32, 1.1280114050093012e-32, 2.8275547315004998e-33, 4.977697600087844e-34, 6.154119969818755e-35, 5.343469895635062e-36]","[2.680803675082484e-33, 5.189982847964608e-33, 6.964503450546675e-33, 6.528087310591824e-33, 4.2878894897014596e-33, 1.9762046217666937e-33, 6.394142635224289e-34, 1.4527426989470715e-34, 2.3178702217724873e-35, 2.5971616799805457e-36, 2.0437348998094058e-37, 1.1294535424896405e-38]","[8778579453093490.0, 2.1669744373869836e+16, 5.349132211401038e+16, 1.3204223788421978e+17, 3.259435717126477e+17, 8.045850603800517e+17, 1.986101815063338e+18, 4.902651831409961e+18, 1.2102096074694883e+19, 2.98737773836524e+19, 7.374281030817707e+19, 1.8203262353823197e+20]",0.0102,385.0,fixed_lowT_slope
4680.0,673.15,0.48403361344538065,1.0200000000000002e-08,1.0,2.580749040596536e-19,0.871651890247463,3.516809673665354e+17,3.0654337996909696e+17,1.0,1.9820771898722345e-17,6.970588235294116,9.611687812379853e+16,196078431.37254903,490196078.43137246,0.012456747404844289,0.17647058823529407,8.160000000000002e-09,1.0209299813066785e-26,1.0209299813066785e-26,4.4244985646047324e-08,1.0,0.0036044195607526,1.0,11300715.611028073,0.0,1.7432699548234774e-30,1.348069481819553e-31,1.0226852055307147e-17,1.276233153766299e-33,449181.56754330266,4.593714018319994e-12,4.593713437236311e-12,5.810836827082949e-19,0.9999998735046021,False,5.053726738180698e-08,7.940110151373295e-08,0.4128920806700522,0.5159663865546212,8.28981856185752e-29,6.356089098586652e-30,"[8.166666666666667e-09, 1.0236517085738568e-08, 1.2830973311830731e-08, 1.6082997248964597e-08, 2.0159250138234185e-08, 2.526863369090349e-08, 3.167299598084116e-08, 3.970055075686648e-08, 4.976269789419122e-08, 6.237510700730634e-08, 7.818414472715056e-08, 9.8e-08]","[0.001874758823462003, 0.008762297394610454, 0.02876143375805034, 0.06630145120008892, 0.10733849372413429, 0.1220416072694562, 0.09744965376558509, 0.054647794858610946, 0.021522114791318173, 0.005952743981744068, 0.0011562970711488803, 0.00015773991641190448]","[2.0436164861120656e-30, 6.07935085581039e-30, 1.2700914109264325e-29, 1.8635142133831711e-29, 1.920217395903823e-29, 1.3895943826282232e-29, 7.062291830140663e-30, 2.5207120021670576e-30, 6.318598479435401e-31, 1.1123417749128276e-31, 1.3752311370087778e-32, 1.1940791236090906e-33]","[5.995367664182027e-31, 1.1601551545924642e-30, 1.5565287709149328e-30, 1.4588779139111542e-30, 9.582145344577776e-31, 4.416166832695348e-31, 1.4288729256131317e-31, 3.2463778573995235e-32, 5.179634426908285e-33, 5.80375175426391e-34, 4.5670350168340357e-35, 2.523934774587977e-36]","[-9.923320314383672e-19, -1.8788843500496675e-18, -2.4984061927131354e-18, -2.3331679720976264e-18, -1.5302025606550685e-18, -7.048095863104787e-19, -2.279893918974775e-19, -5.179375973402993e-20, -8.263427006625951e-21, -9.258975018987974e-22, -7.285939980280202e-23, -4.026504845457434e-24]","[4.2975309927926224e-32, 1.2784296318048571e-31, 2.670881370956428e-31, 3.9187930523891556e-31, 4.038034449162233e-31, 2.9221847481357465e-31, 1.4851327647056353e-31, 5.300817461023097e-32, 1.3287411302913854e-32, 2.3391488984121434e-33, 2.891980209453397e-34, 2.511034764316063e-35]","[1.2554091643241288e-32, 2.4354094835357707e-32, 3.270883043276729e-32, 3.066986618344615e-32, 2.014795567844857e-32, 9.28633322589014e-33, 3.004725397087013e-33, 6.8267699517167805e-34, 1.0892243547919795e-34, 1.220472186489877e-35, 9.604034998701668e-37, 5.307593519266582e-38]","[1889245498550091.2, 4663563989118770.0, 1.1511912611302394e+16, 2.84169215388641e+16, 7.0146591362507896e+16, 1.7315543040258128e+17, 4.2743064909531565e+17, 1.055103841451885e+18, 2.6045023177503555e+18, 6.42916086233778e+18, 1.5870252490117433e+19, 3.917539465769209e+19]",0.010200000000000002,400.0,fixed_lowT_slope
4860.0,688.15,0.48403361344538864,1.020000000000001e-08,1.0,2.657682413205181e-19,0.7104711790198032,8.094729183557638e+16,5.751071786888204e+16,1.0,8.611267995788018e-17,6.970588235294117,9.611687812379851e+16,196078431.37254897,490196078.4313725,0.012456747404844287,0.1764705882352941,8.16e-09,4.947847759925392e-26,4.947847759925392e-26,4.424498564604758e-08,1.0,0.0032680875180527607,1.0,11300715.611028006,0.0,7.657672440629166e-30,5.921672940223523e-31,4.443124831440183e-17,6.095136371736474e-33,454158.6518889526,2.0178835263515575e-11,2.017883583621203e-11,0.0,1.0000000283810462,False,5.053726738180698e-08,7.940110151373295e-08,0.4128920806700505,0.5159663865546193,3.9668677748680113e-28,3.0391617803660665e-29,"[8.166666666666667e-09, 1.0236517085738568e-08, 1.2830973311830731e-08, 1.6082997248964597e-08, 2.0159250138234185e-08, 2.526863369090349e-08, 3.167299598084116e-08, 3.970055075686648e-08, 4.976269789419122e-08, 6.237510700730634e-08, 7.818414472715056e-08, 9.8e-08]","[0.0018747588234618244, 0.008762297394610116, 0.02876143375804989, 0.0663014512000885, 0.10733849372413401, 0.12204160726945608, 0.09744965376558505, 0.05464779485861094, 0.021522114791318173, 0.005952743981744068, 0.0011562970711488803, 0.00015773991641190448]","[9.779172273138785e-30, 2.909108422829782e-29, 6.077677878648002e-29, 8.917341707683651e-29, 9.188679404395842e-29, 6.649526929272567e-29, 3.3794681594842103e-29, 1.2062183432008633e-29, 3.023593882468034e-30, 5.3228097920546855e-31, 6.580795514024893e-32, 5.7139416993780035e-33]","[2.8592732622016346e-30, 5.543892224956852e-30, 7.444118248813046e-30, 6.979453826931461e-30, 4.58484655657852e-30, 2.1131566639297604e-30, 6.837378640369754e-31, 1.553456377048973e-31, 2.478567281316392e-32, 2.77722511110817e-33, 2.1854298014497036e-34, 1.2077603109267822e-35]","[-4.311253419989511e-18, -8.162939745253968e-18, -1.0854494162851513e-17, -1.0136605571964288e-17, -6.648068200861295e-18, -3.062092770519892e-18, -9.905152856092973e-19, -2.250214814327939e-19, -3.5901015803667026e-20, -4.022624126962237e-21, -3.1654257509248434e-22, -1.7493421793936833e-23]","[1.887779030161012e-31, 5.615765551209063e-31, 1.1732396700793133e-30, 1.721410586741184e-30, 1.7737898269916642e-30, 1.283629856082277e-30, 6.523751649304045e-31, 2.3284932819365405e-31, 5.836769173936237e-32, 1.0275193468651688e-32, 1.2703618901651369e-33, 1.1030237548098017e-34]","[5.494824373006457e-32, 1.0682111771472507e-31, 1.4359283309063546e-31, 1.346903670927788e-31, 8.849516062635636e-32, 4.079047181727018e-32, 1.3198657706203764e-32, 2.998779316800931e-33, 4.78462943941853e-34, 5.361169653029202e-35, 4.2187683700439053e-36, 2.331469385562918e-37]","[434852383014493.6, 1073424240293409.2, 2649725848716488.0, 6540794226369459.0, 1.614581717290862e+16, 3.985562045814029e+16, 9.838278639550795e+16, 2.4285590207054227e+17, 5.994848421286131e+17, 1.4798161085558344e+18, 3.6528958886843095e+18, 9.017099014132081e+18]",0.01020000000000001,415.0,fixed_lowT_slope
5040.0,703.15,0.4840336134454213,1.020000000000005e-08,1.0,2.734620161435715e-19,0.5841424930811869,1.984151846647933e+16,1.1590274063525644e+16,1.0,3.5131324485423674e-16,6.9705882352941115,9.611687812379835e+16,196078431.37254882,490196078.4313721,0.012456747404844266,0.17647058823529396,8.160000000000007e-09,2.2417807534830387e-25,2.2417807534830387e-25,4.424498564604875e-08,1.0,0.0029754607906334845,1.0,11300715.611027708,0.0,3.1579602744855913e-29,2.44204855309611e-30,1.8126582549621594e-16,2.7218975293081983e-32,459081.71974134166,8.321583436953862e-11,8.321582689913675e-11,7.470401869656382e-18,0.999999910228601,False,5.053726738180698e-08,7.940110151373295e-08,0.4128920806700429,0.5159663865546114,1.775067816800051e-27,1.358846061807715e-28,"[8.166666666666667e-09, 1.0236517085738568e-08, 1.2830973311830731e-08, 1.6082997248964597e-08, 2.0159250138234185e-08, 2.526863369090349e-08, 3.167299598084116e-08, 3.970055075686648e-08, 4.976269789419122e-08, 6.237510700730634e-08, 7.818414472715056e-08, 9.8e-08]","[0.0018747588234610483, 0.008762297394608647, 0.028761433758047936, 0.06630145120008668, 0.10733849372413282, 0.12204160726945552, 0.09744965376558487, 0.0546477948586109, 0.021522114791318166, 0.005952743981744067, 0.0011562970711488803, 0.00015773991641190448]","[4.3759194816037e-29, 1.3017486415006096e-28, 2.719599194007564e-28, 3.9902732269024963e-28, 4.11168962902458e-28, 2.9754864338753555e-28, 1.5122221128231493e-28, 5.397506250686636e-29, 1.352977839555326e-29, 2.3818158035627723e-30, 2.944730953699736e-31, 2.5568369285954435e-32]","[1.2749957133613258e-29, 2.4771693413607363e-29, 3.329082820512743e-29, 3.1223719903631647e-29, 2.0513975469322664e-29, 9.455441591038393e-30, 3.059496251153653e-30, 6.9512591472906485e-31, 1.1090900272269746e-31, 1.2427330486560735e-32, 9.779212867528733e-34, 5.404405204940035e-35]","[-1.7588587756248724e-17, -3.3302283134809265e-17, -4.428299720166626e-17, -4.1354232582661904e-17, -2.712207322776848e-17, -1.2492396564388741e-17, -4.040997669975656e-18, -9.180184247283462e-19, -1.4646510086226344e-19, -1.6411069026807997e-20, -1.2913963337880523e-21, -7.136777971651429e-23]","[7.7850433411374676e-31, 2.315894896136822e-30, 4.83834258945731e-30, 7.098953750182912e-30, 7.314961370254549e-30, 5.2935825135902375e-30, 2.6903407933468894e-30, 9.602512174258427e-31, 2.407034947699993e-31, 4.2374041248480453e-32, 5.2388665282638946e-33, 4.54877800860498e-34]","[2.2576020003125247e-31, 4.39842196262204e-31, 5.917913295923749e-31, 5.553093283425638e-31, 3.649086695101991e-31, 1.682094056817082e-31, 5.442923317950161e-32, 1.2366630214376302e-32, 1.973135753852378e-33, 2.210899156020405e-34, 1.7397841035330364e-35, 9.614783583115092e-37]","[106589502775457.33, 263114014109436.28, 649491578608995.2, 1603256717859736.0, 3957606515649257.5, 9769270983387732.0, 2.4115246214970456e+16, 5.952799354193997e+16, 1.4694363820878858e+17, 3.627273745555559e+17, 8.953851276293426e+17, 2.2102399295378941e+18]",0.01020000000000005,430.0,fixed_lowT_slope
5220.0,718.15,0.48403361344554674,1.0200000000000222e-08,1.0,2.8115619986179465e-19,0.4842004297131335,5158846175158979.0,2497915534835932.5,0.9999999999999996,1.3511913320577483e-15,6.970588235294083,9.61168781237976e+16,196078431.37254807,490196078.43137014,0.012456747404844168,0.17647058823529324,8.16000000000004e-09,9.535836858604452e-25,9.535836858604452e-25,4.424498564605348e-08,1.0,0.0027196054956740595,1.0,11300715.611026501,4.337417583982779e-44,1.22747479550168e-28,9.49205432549423e-30,6.971693091457043e-16,1.1414401018177288e-31,463952.57553074043,3.2345352821704643e-10,3.234534965591365e-10,3.165790991187535e-17,0.9999999021253221,False,5.053726738180698e-08,7.940110151373295e-08,0.41289208067001193,0.5159663865545787,7.459396310874114e-27,5.705539301853168e-28,"[8.166666666666667e-09, 1.0236517085738568e-08, 1.2830973311830731e-08, 1.6082997248964597e-08, 2.0159250138234185e-08, 2.526863369090349e-08, 3.167299598084116e-08, 3.970055075686648e-08, 4.976269789419122e-08, 6.237510700730634e-08, 7.818414472715056e-08, 9.8e-08]","[0.0018747588234578824, 0.008762297394602651, 0.028761433758039967, 0.06630145120007924, 0.10733849372412793, 0.12204160726945328, 0.09744965376558415, 0.05464779485861073, 0.021522114791318138, 0.0059527439817440644, 0.0011562970711488801, 0.00015773991641190448]","[1.838899749565114e-28, 5.470359454546889e-28, 1.1428615855030724e-27, 1.6768389977231737e-27, 1.7278620095482768e-27, 1.2503934958337783e-27, 6.35483554084755e-28, 2.2682028164351806e-28, 5.685640745415313e-29, 1.0009143228289254e-29, 1.2374690704574746e-30, 1.0744637344084407e-31]","[5.33867931392387e-29, 1.039432887408041e-28, 1.3981326753175492e-28, 1.3117939900529315e-28, 8.61975359811585e-29, 3.9733134613745865e-29, 1.2856758223463943e-29, 2.921119353316799e-30, 4.660734384161255e-31, 5.222351529492803e-32, 4.109532673112339e-33, 2.27110156545472e-34]","[-6.764774077677757e-17, -1.2808442883541504e-16, -1.703175238988161e-16, -1.590531567712147e-16, -1.0431462744312981e-16, -4.804720061561835e-17, -1.554214395419087e-17, -3.530804933578091e-18, -5.633217011679532e-19, -6.311886768753237e-20, -4.96685951362353e-21, -2.7448872695138326e-22]","[3.0259862862513517e-30, 9.00170479345417e-30, 1.8806264374329338e-29, 2.7593085553305777e-29, 2.843269050786159e-29, 2.057574683836037e-29, 1.0457147107975495e-29, 3.7324224001906605e-30, 9.355959142567852e-31, 1.6470462923901052e-31, 2.0363070024653588e-32, 1.768074918803537e-33]","[8.74150220366464e-31, 1.7069084434175292e-30, 2.298746329981898e-30, 2.1578714691705347e-30, 1.4182190255327505e-30, 6.537884245538205e-31, 2.115584855931026e-31, 4.806779286841102e-32, 7.669404169071633e-33, 8.593584337523065e-34, 6.762403364368508e-35, 3.737191480278546e-36]","[27713546704304.105, 68410324926084.195, 168869492108908.53, 416850897813041.25, 1028987941146093.5, 2540035750382138.0, 6270026455346741.0, 1.5477432451424348e+16, 3.820572640233038e+16, 9.431005656205534e+16, 2.328024515244067e+17, 5.746681044567742e+17]",0.010200000000000223,445.0,fixed_lowT_slope
5400.0,733.15,0.4840336134460034,1.020000000000091e-08,1.0,2.8885076524271528e-19,0.4044360218549814,1417626247869200.8,573339120165423.4,0.9999999999999982,4.917084630572602e-15,6.970588235293966,9.611687812379435e+16,196078431.37254477,490196078.43136185,0.012456747404843748,0.17647058823529027,8.160000000000179e-09,3.822925407986165e-24,3.822925407986165e-24,4.424498564607167e-08,1.0,0.0024948612955865966,1.0,11300715.611021854,0.0,4.51327950743615e-28,3.4901160030111694e-29,2.5370503892189843e-15,4.512633277302844e-31,468772.84906513523,1.1893003309354832e-09,1.1893003391759936e-09,0.0,1.0000000069288726,False,5.053726738180698e-08,7.940110151373295e-08,0.4128920806698927,0.5159663865544533,2.955394262990436e-26,2.2585777869415588e-27,"[8.166666666666667e-09, 1.0236517085738568e-08, 1.2830973311830731e-08, 1.6082997248964597e-08, 2.0159250138234185e-08, 2.526863369090349e-08, 3.167299598084116e-08, 3.970055075686648e-08, 4.976269789419122e-08, 6.237510700730634e-08, 7.818414472715056e-08, 9.8e-08]","[0.0018747588234457057, 0.008762297394579597, 0.02876143375800931, 0.06630145120005061, 0.10733849372410915, 0.12204160726944463, 0.09744965376558135, 0.05464779485861009, 0.021522114791318037, 0.005952743981744053, 0.0011562970711488792, 0.00015773991641190443]","[7.285675064817547e-28, 2.1673428082764396e-27, 4.527989172882353e-27, 6.643594397318214e-27, 6.845746300963363e-27, 4.954027926738645e-27, 2.517770033520344e-27, 8.98656313677837e-28, 2.2526367202037447e-28, 3.965597649131115e-29, 4.90282167489512e-30, 4.2569985882548075e-31]","[2.107338328052022e-28, 4.111868085559593e-28, 5.535876069284966e-28, 5.195962634559894e-28, 3.414769605770536e-28, 1.5741505103343356e-28, 5.093728563022242e-29, 1.1573322069630783e-29, 1.8465661888490192e-30, 2.0690803337034323e-31, 1.6281858728975654e-32, 8.998046229956101e-34]","[-2.4617510383088766e-16, -4.661086564863415e-16, -6.197979954510415e-16, -5.788061350374466e-16, -3.796086010734988e-16, -1.748472966664062e-16, -5.655900489459871e-17, -1.2848858825958357e-17, -2.04996909998391e-18, -2.2969420158524653e-19, -1.8074767057223546e-20, -9.988846646199432e-22]","[1.112619334058072e-29, 3.309820285116489e-29, 6.914840770914814e-29, 1.014565089491701e-28, 1.0454363696976927e-28, 7.565458524781125e-29, 3.8449691938001677e-29, 1.3723675299583103e-29, 3.440075415424824e-30, 6.055994230178661e-31, 7.48725977817375e-32, 6.501002161426662e-33]","[3.2014687460422374e-30, 6.2657835014988066e-30, 8.446523858010753e-30, 7.932062251455902e-30, 5.2140430746806734e-30, 2.4037941655867822e-30, 7.778612820869464e-31, 1.7673827444268018e-31, 2.8199406542214054e-32, 3.159755383014768e-33, 2.486454435016679e-34, 1.3741207900419548e-35]","[7615550046578.184, 18798829999494.68, 46404528522359.84, 114548632411716.16, 282760963320023.8, 697989672109656.1, 1722973272729690.8, 4253124390175878.5, 1.0498750830676892e+16, 2.5915952342988544e+16, 6.397299990025417e+16, 1.579160457648246e+17]",0.01020000000000091,460.0,fixed_lowT_slope
5580.0,748.15,0.484033613447581,1.0200000000003519e-08,1.0,2.9654568604911845e-19,0.340246989661333,410350644781506.0,139620571592494.39,0.9999999999999928,1.6986906987815217e-14,6.970588235293494,9.611687812378138e+16,196078431.37253153,490196078.4313287,0.012456747404842065,0.17647058823527834,8.16000000000073e-09,1.4496117774747268e-23,1.4496117774747268e-23,4.424498564613787e-08,1.0,0.0022965788973872817,1.0,11300715.611004947,0.0,1.5750587559762144e-27,1.2179918750572626e-28,8.764673017231852e-15,1.6879732053391277e-30,473544.0537376562,4.1504584340867206e-09,4.150458790265026e-09,0.0,1.0000000858166178,False,5.053726738180698e-08,7.940110151373295e-08,0.4128920806694591,0.5159663865539966,1.1079297376375504e-25,8.459559193370215e-27,"[8.166666666666667e-09, 1.0236517085738568e-08, 1.2830973311830731e-08, 1.6082997248964597e-08, 2.0159250138234185e-08, 2.526863369090349e-08, 3.167299598084116e-08, 3.970055075686648e-08, 4.976269789419122e-08, 6.237510700730634e-08, 7.818414472715056e-08, 9.8e-08]","[0.0018747588234013942, 0.008762297394495697, 0.028761433757897747, 0.06630145119994643, 0.10733849372404082, 0.12204160726941315, 0.09744965376557116, 0.05464779485860778, 0.02152211479131767, 0.0059527439817440115, 0.001156297071148876, 0.00015773991641190424]","[2.7312823077862845e-27, 8.12501932148612e-27, 1.6974702560529017e-26, 2.4905766008168834e-26, 2.566360095552183e-26, 1.857185327134467e-26, 9.438714582360645e-27, 3.368917867602796e-27, 8.444772467968428e-28, 1.4866387263452706e-28, 1.8379889275607872e-29, 1.59588024788228e-30]","[7.869982070928049e-28, 1.5390278388257445e-27, 2.0739619013704324e-27, 1.947367468718052e-27, 1.2800047140195748e-27, 5.900980008390543e-28, 1.9095231640587277e-28, 4.338621146931322e-29, 6.92245936644755e-30, 7.756640023130015e-31, 6.103803855927588e-32, 3.373222045071129e-33]","[-8.504538574363372e-16, -1.6102518034121149e-15, -2.1411978216739776e-15, -1.99958445269685e-15, -1.3114226178134255e-15, -6.040397895714437e-16, -1.953927230575991e-16, -4.4388572940161314e-17, -7.081967679174686e-18, -7.93517771430482e-19, -6.24423636965446e-20, -3.450817336767499e-21]","[3.88285463209643e-29, 1.1550716972334414e-28, 2.4131633071805783e-28, 3.5406617850283454e-28, 3.6483973686945233e-28, 2.640217977376378e-28, 1.3418296795467283e-28, 4.7893322160128475e-29, 1.2005285503300125e-29, 2.1134402871995014e-30, 2.6129279280132405e-31, 2.2687405821264935e-32]","[1.1127298636061514e-29, 2.1829514124030583e-29, 2.945647999491376e-29, 2.7673738068521597e-29, 1.819404610680691e-29, 8.388447559054162e-30, 2.7145540507482367e-30, 6.167821848978955e-31, 9.841088861718038e-32, 1.1027001835580457e-32, 8.677304016004383e-34, 4.7954498123026263e-35]","[2204421565036.8003, 5441569682411.432, 13432403800697.035, 33157614878694.08, 81848896203276.97, 202042331277546.6, 498737374865513.0, 1231123039983208.5, 3039002120075448.0, 7501714764387625.0, 1.8517829926621796e+16, 4.571088557230465e+16]",0.010200000000003519,475.0,fixed_lowT_slope
5760.0,763.15,0.48403361345277107,1.0200000000012908e-08,1.0,3.0424093661696915e-19,0.2881878389916472,124738138715169.0,35948014636164.875,0.9999999999999721,5.588177206338134e-14,6.970588235291712,9.611687812373221e+16,196078431.37248138,490196078.43120337,0.012456747404835693,0.1764705882352332,8.160000000002816e-09,5.2161771643779485e-23,5.2161771643779485e-23,4.4244985646366576e-08,1.0,0.0021209170245950737,1.0,11300715.610946532,0.0,5.2331506175254175e-27,4.046791847560769e-28,2.883311600568879e-14,5.993730634978163e-30,478267.64473400544,1.378994531730593e-08,1.378994648238313e-08,0.0,1.0000000844874415,False,5.053726738180698e-08,7.940110151373295e-08,0.41289208066796107,0.515966386552419,3.9430354983947363e-25,3.007957776743991e-26,"[8.166666666666667e-09, 1.0236517085738568e-08, 1.2830973311830731e-08, 1.6082997248964597e-08, 2.0159250138234185e-08, 2.526863369090349e-08, 3.167299598084116e-08, 3.970055075686648e-08, 4.976269789419122e-08, 6.237510700730634e-08, 7.818414472715056e-08, 9.8e-08]","[0.0018747588232483124, 0.008762297394205852, 0.028761433757512334, 0.06630145119958651, 0.10733849372380476, 0.12204160726930442, 0.09744965376553599, 0.054647794858599795, 0.021522114791316396, 0.005952743981743868, 0.0011562970711488647, 0.0001577399164119036]","[9.72042064555986e-27, 2.8916309871688063e-26, 6.041164208977943e-26, 8.863767813867905e-26, 9.133475359202324e-26, 6.609577686411948e-26, 3.359164881420175e-26, 1.1989715856425921e-26, 3.005428637390865e-27, 5.290831243304373e-28, 6.54125919798462e-29, 5.679613295709968e-30]","[2.7899119615838775e-27, 5.46834038115125e-27, 7.376128300454909e-27, 6.92864032105194e-27, 4.554933013244819e-27, 2.1000185614688036e-27, 6.795720455405554e-28, 1.544070047509344e-28, 2.4636419317540017e-29, 2.7605243327174836e-30, 2.1722951084735477e-31, 1.2005031707215856e-32]","[-2.79773525825764e-15, -5.297240062944976e-15, -7.043891433532659e-15, -6.578026399297031e-15, -4.314182673807598e-15, -1.987107709647316e-15, -6.427827985842016e-16, -1.4602494245003787e-16, -2.3297525788420844e-17, -2.610432803560485e-18, -2.054164385398385e-19, -1.1352142446355812e-20]","[1.2900828643458781e-28, 3.837738841537837e-28, 8.017762514054027e-28, 1.176388902097867e-27, 1.212184172218188e-27, 8.772154236398149e-28, 4.458244360438597e-28, 1.591261071936007e-28, 3.988769752703573e-29, 7.021929373865781e-30, 8.681482737240316e-31, 7.537916368777857e-32]","[3.6816806567499934e-29, 7.240255024625909e-29, 9.779953899145263e-29, 9.191954089223844e-29, 6.044277972146965e-29, 2.786937658427879e-29, 9.018961508369242e-30, 2.0492496925337623e-30, 3.2697025345024384e-31, 3.6637291602838363e-32, 2.883042612759305e-33, 1.5932933125498006e-34]","[670098722784.752, 1654125033052.4937, 4083173914434.947, 10079231546816.52, 24880377545318.516, 61416704628942.89, 151605883013950.22, 374236030788352.6, 923794010865014.4, 2280366678515783.5, 5629038646411018.0, 1.3895167115572992e+16]",0.010200000000012907,490.0,fixed_lowT_slope
5940.0,778.15,0.48403361346907503,1.0200000000045065e-08,1.0,3.1193649179534406e-19,0.24565470369172643,39706681597917.2,9754133102518.076,0.9999999999998975,1.7555202184536675e-13,6.970588235285297,9.611687812355528e+16,196078431.3723009,490196078.4307522,0.012456747404812764,0.1764705882350708,8.160000000010326e-09,1.7865436144170019e-22,1.7865436144170019e-22,4.424498564711895e-08,1.0,0.001964684270510218,1.0,11300715.610754365,0.0,1.6600670292570366e-26,1.2837287155394505e-27,9.057894236261408e-14,2.0265138195594606e-29,482945.0190324569,4.374464873366502e-08,4.3744649043252476e-08,0.0,1.0000000070771504,False,5.053726738180698e-08,7.940110151373295e-08,0.4128920806630332,0.5159663865472289,1.336270660994049e-24,1.0184295950923766e-25,"[8.166666666666667e-09, 1.0236517085738568e-08, 1.2830973311830731e-08, 1.6082997248964597e-08, 2.0159250138234185e-08, 2.526863369090349e-08, 3.167299598084116e-08, 3.970055075686648e-08, 4.976269789419122e-08, 6.237510700730634e-08, 7.818414472715056e-08, 9.8e-08]","[0.00187475882274472, 0.00876229739325235, 0.028761433756244435, 0.06630145119840247, 0.1073384937230282, 0.12204160726894674, 0.0974496537654203, 0.05464779485857351, 0.0215221147913122, 0.005952743981743398, 0.0011562970711488276, 0.00015773991641190158]","[3.2941912203785663e-26, 9.799560901936913e-26, 2.0473136734275193e-25, 3.0038768051629513e-25, 3.095279045912971e-25, 2.2399455311928617e-25, 1.138400473020965e-25, 4.0632415151274046e-26, 1.0185214192257297e-26, 1.793030411626278e-27, 2.2167928125017187e-28, 1.924786275951011e-29]","[9.416937143733865e-27, 1.8500799425477885e-26, 2.4980045318916383e-26, 2.347415768165486e-26, 1.5434633363109356e-26, 7.116506346638985e-27, 2.302985117047019e-27, 5.232719494070116e-28, 8.349106493858391e-29, 9.355236821228389e-30, 7.361771811440296e-31, 4.0684311333112264e-32]","[-8.789057020450623e-15, -1.6641226089660005e-14, -2.212831370886695e-14, -2.0664803415300358e-14, -1.3552961244181603e-14, -6.242478775988325e-15, -2.0192956618599383e-15, -4.587358800863923e-16, -7.318894167718269e-17, -8.20064825540287e-18, -6.4531366447942e-19, -3.566264070112286e-20]","[4.092418094029029e-28, 1.2174126416089205e-27, 2.5434053346756734e-27, 3.73175658930134e-27, 3.84530682336694e-27, 2.782714484653626e-27, 1.4142502313130072e-27, 5.0478196283639225e-28, 1.2653228691273407e-28, 2.227505815829106e-29, 2.7539515505803965e-30, 2.3911878996076254e-31]","[1.1629306805602152e-28, 2.2926577531787515e-28, 3.100130950659249e-28, 2.915011098697306e-28, 1.9171408650423055e-28, 8.840325102620797e-29, 2.8609498664993704e-29, 6.50060463488983e-30, 1.037216004652079e-30, 1.1622115144022153e-31, 9.145621366450812e-33, 5.054265227542973e-34]","[213306025707.0217, 526541574884.1239, 1299757140767.5566, 3208423998329.0835, 7919929216141.564, 19550183772891.53, 48259229990946.99, 119126925167226.64, 294062385629794.06, 725887002630740.1, 1791837264257564.2, 4423113749031351.0]",0.010200000000045065,505.0,fixed_lowT_slope
6120.0,793.15,0.48403361351811536,1.0200000000150195e-08,1.0,3.196323268877093e-19,0.21066215542404718,13201117485417.01,2780975863484.025,0.9999999999996404,5.280301643373051e-13,6.970588235263321,9.611687812294922e+16,196078431.3716827,490196078.4292068,0.012456747404734217,0.17647058823451445,8.160000000036052e-09,5.84052591136855e-22,5.84052591136855e-22,4.4244985649482525e-08,1.0,0.001825215074641658,1.0,11300715.61015068,1.568605303075142e-38,5.0410911420673143e-26,3.8982723846981615e-27,2.7244581587244976e-13,6.542518873365318e-29,487577.5154038565,1.3283846812410387e-07,1.3283845398526564e-07,1.413883822702099e-14,0.999999893563676,False,5.053726738180698e-08,7.940110151373295e-08,0.41289208064755156,0.515966386530925,4.324391313656715e-24,3.292664034311317e-25,"[8.166666666666667e-09, 1.0236517085738568e-08, 1.2830973311830731e-08, 1.6082997248964597e-08, 2.0159250138234185e-08, 2.526863369090349e-08, 3.167299598084116e-08, 3.970055075686648e-08, 4.976269789419122e-08, 6.237510700730634e-08, 7.818414472715056e-08, 9.8e-08]","[0.0018747588211626897, 0.00876229739025693, 0.02876143375226134, 0.06630145119468281, 0.10733849372058867, 0.1220416072678231, 0.09744965376505682, 0.05464779485849094, 0.021522114791299028, 0.005952743981741922, 0.0011562970711487114, 0.00015773991641189516]","[1.0660543789630818e-25, 3.1712988450897483e-25, 6.625443275843732e-25, 9.721038665905364e-25, 1.0016831327973464e-24, 7.248831603569388e-25, 3.6840508893843783e-25, 1.3149316846182465e-25, 3.296102583654943e-26, 5.802540880118669e-27, 7.173905603546433e-28, 6.228924495244737e-29]","[3.034968939381774e-26, 5.976863898269542e-26, 8.078240243078287e-26, 7.594435745820637e-26, 4.9943168933870855e-26, 2.3029091531356418e-26, 7.452694876745885e-27, 1.693380783687181e-27, 2.7018994577595814e-28, 3.0275044080468265e-29, 2.382389027105176e-30, 1.3166108542888578e-31]","[-2.6435965652452065e-14, -5.005393417270504e-14, -6.655814613624258e-14, -6.215615992259116e-14, -4.0764966867404545e-14, -1.8776298101370952e-14, -6.0736926247846684e-15, -1.3797983050410152e-15, -2.201396970627094e-16, -2.466613372585102e-17, -1.9409920590953257e-18, -1.0726706440207818e-19]","[1.2427361199422252e-27, 3.6968917363760626e-27, 7.72350626612762e-27, 1.1332147892652655e-26, 1.1676963535457467e-26, 8.450211403124831e-27, 4.294624366777645e-27, 1.5328609248302337e-27, 3.8423797325931137e-28, 6.764220745398382e-29, 8.362867597419496e-30, 7.261270736864259e-31]","[3.5160489568479595e-28, 6.949303051342151e-28, 9.40700407487176e-28, 8.849232598992616e-28, 5.8210150827808115e-28, 2.6843872848394863e-28, 8.687608900614475e-29, 1.9740087252851552e-29, 3.1496817362853536e-30, 3.529258803359624e-31, 2.7772303510017063e-32, 1.5348179030758486e-33]","[70916979005.41026, 175057116589.95044, 432124922671.1863, 1066691560052.2003, 2633106364828.57, 6499769369283.3, 16044548149736.457, 39605639939430.5, 97765714582446.25, 241332672882707.47, 595724781938391.0, 1470534476646301.5]",0.010200000000150195,520.0,fixed_lowT_slope
6300.0,808.15,0.484033613659687,1.0200000000479097e-08,1.0,3.273284172517307e-19,0.1816834982822929,4572856688500.544,830812600310.3602,0.9999999999987964,1.524339971710062e-12,6.970588235191476,9.61168781209679e+16,196078431.36966178,490196078.4241544,0.01245674740447744,0.1764705882326956,8.160000000120156e-09,1.82723076627761e-21,1.82723076627761e-21,4.424498565659175e-08,1.0,0.0017002718284875305,1.0,11300715.608334895,0.0,1.468980221271544e-25,1.1359614157608963e-26,7.865081869731389e-13,2.022150303132459e-28,492166.4726190502,3.870929458484899e-07,3.8709296006857414e-07,0.0,1.000000036735581,False,5.053726738180698e-08,7.940110151373295e-08,0.41289208060098637,0.5159663864818846,1.339835536937788e-23,1.0191788987047435e-24,"[8.166666666666667e-09, 1.0236517085738568e-08, 1.2830973311830731e-08, 1.6082997248964597e-08, 2.0159250138234185e-08, 2.526863369090349e-08, 3.167299598084116e-08, 3.970055075686648e-08, 4.976269789419122e-08, 6.237510700730634e-08, 7.818414472715056e-08, 9.8e-08]","[0.001874758816404216, 0.008762297381247222, 0.028761433740280874, 0.0663014511834947, 0.10733849371325097, 0.12204160726444337, 0.09744965376396356, 0.054647794858242574, 0.021522114791259404, 0.005952743981737482, 0.001156297071148362, 0.00015773991641187586]","[3.3029793948590873e-25, 9.82570397056666e-25, 2.0527754554873448e-24, 3.011890487268014e-24, 3.1035365691796902e-24, 2.2459212129194083e-24, 1.1414374749584139e-24, 4.074081349312667e-25, 1.0212386102322547e-25, 1.7978138221835755e-26, 2.2227067278901526e-27, 1.9299211821600404e-28]","[9.3638570617081e-26, 1.8485609390685413e-25, 2.501084757784745e-25, 2.3523054424007344e-25, 1.5472144042392547e-25, 7.134806265846717e-26, 2.3090390897851938e-26, 5.246596489200461e-27, 8.371326583073218e-28, 9.38017025409415e-29, 7.381403658908247e-30, 4.079283079825385e-31]","[-7.631647162229605e-14, -1.4449782931568807e-13, -1.9214289155897908e-13, -1.794350502828271e-13, -1.1768204292984702e-13, -5.420421722667498e-14, -1.753379460796207e-14, -3.983260526296823e-15, -6.355086554169537e-16, -7.120724561550706e-17, -5.603338562336627e-18, -3.096631310862123e-19]","[3.621348483593743e-27, 1.077278843747843e-26, 2.2506393203980705e-26, 3.3022019739847546e-26, 3.4026816810083426e-26, 2.4624021010187654e-26, 1.2514588759404624e-26, 4.466775778607287e-27, 1.1196742276997963e-27, 1.9711023288143038e-28, 2.4369500075911145e-29, 2.1159433138443894e-30]","[1.0200152293036037e-27, 2.0212326836516588e-27, 2.739093034788673e-27, 2.5778642198595454e-27, 1.6960337528322446e-27, 7.82193154949129e-28, 2.5315267286820714e-28, 5.752236881981824e-29, 9.178179993417469e-30, 1.028428960417586e-30, 8.092879159061972e-32, 4.4724774116945195e-33]","[24565585601.005436, 60639647133.411316, 149687732431.42554, 369501115188.9766, 912105968259.2179, 2251514983678.876, 5557818826035.056, 13719362441263.111, 33865966431470.336, 83597447567065.16, 206358594663639.1, 509391983018992.3]",0.010200000000479097,535.0,fixed_lowT_slope
6480.0,823.15,0.48403361405282497,1.0200000001466181e-08,1.0,3.350247396141044e-19,0.15753532724400474,1646714299884.586,259415676109.7004,0.9999999999961452,4.233028300919223e-12,6.970588234966707,9.611687811476926e+16,196078431.36333916,490196078.4083479,0.012456747403674097,0.17647058822700523,8.160000000383277e-09,5.483804262869941e-21,5.483804262869941e-21,4.4244985677114983e-08,1.0,0.001587967126584611,1.0,11300715.60309301,0.0,4.1169803177444895e-25,3.1836581077102815e-26,2.1841003157015663e-12,5.99792554509816e-28,496712.99661917146,1.0848709943144887e-06,1.0848710127290034e-06,0.0,1.0000000169739212,False,5.053726738180698e-08,7.940110151373295e-08,0.41289208046655984,0.515966386340313,3.983999935226568e-23,3.0275107416179727e-24,"[8.166666666666667e-09, 1.0236517085738568e-08, 1.2830973311830731e-08, 1.6082997248964597e-08, 2.0159250138234185e-08, 2.526863369090349e-08, 3.167299598084116e-08, 3.970055075686648e-08, 4.976269789419122e-08, 6.237510700730634e-08, 7.818414472715056e-08, 9.8e-08]","[0.001874758802667251, 0.008762297355237612, 0.028761433705695155, 0.0663014511511964, 0.1073384936920682, 0.1220416072546866, 0.09744965376080747, 0.054647794857525585, 0.021522114791145013, 0.005952743981724665, 0.0011562970711473536, 0.00015773991641182013]","[9.821406665327824e-25, 2.9216723158027834e-24, 6.1039262322038715e-24, 8.955854040440572e-24, 9.228363594994707e-24, 6.678244994753186e-24, 3.394063451651246e-24, 1.2114277750805784e-24, 3.0366522200918883e-25, 5.345798014049322e-26, 6.609216741554159e-27, 5.738619147079941e-28]","[2.7724131189172966e-25, 5.486779769641527e-25, 7.431452220404357e-25, 6.992461038147917e-25, 4.600075159337295e-25, 2.1214283054931037e-25, 6.865787201412923e-26, 1.5600622876767746e-26, 2.4892050571224662e-27, 2.7891891541610695e-28, 2.1948586145219796e-29, 1.212974242087552e-30]","[-2.1192764625438376e-13, -4.012644235019893e-13, -5.335727679280482e-13, -4.982836249334682e-13, -3.2679810809106897e-13, -1.5052284274903315e-13, -4.869061382542807e-14, -1.1061347779656107e-14, -1.7647809396837923e-15, -1.9773954100999528e-16, -1.5560236684680772e-17, -8.599215554474879e-19]","[1.01492314986705e-26, 3.019193670813406e-26, 6.307666805920615e-26, 9.25478800795388e-26, 9.536393556026563e-26, 6.90115553926858e-26, 3.5073525768601845e-26, 1.2518635521189989e-26, 3.1380114547686983e-27, 5.524233329070155e-28, 6.829823219440841e-29, 5.930166286097761e-30]","[2.8457013000318256e-27, 5.653843731706792e-27, 7.670532471906658e-27, 7.222416410162568e-27, 4.752699066130107e-27, 2.192066524589852e-27, 7.094731892391383e-28, 1.6121142176448953e-28, 2.572277832899977e-29, 2.882282319908357e-30, 2.268118006144971e-31, 1.2534612044281793e-32]","[8846221037.235115, 21836716245.027817, 53903488773.20067, 133059662877.8421, 328455064562.8467, 810784629268.3076, 2001405324447.062, 4940428232265.975, 12195346349899.537, 30103963786503.215, 74311020749815.53, 183435239426851.06]",0.010200000001466182,550.0,fixed_lowT_slope
6660.0,838.15,0.48403361510519116,1.0200000004314308e-08,1.0,3.427212699530724e-19,0.13729337050130072,615171840177.6758,84459015375.48059,0.9999999999881599,1.1331123726658788e-11,6.9705882342921415,9.611687809616622e+16,196078431.34436408,490196078.3609101,0.012456747401263141,0.17647058820992764,8.160000001172945e-09,1.5822927796953143e-20,1.5822927796953143e-20,4.4244985734107126e-08,1.0,0.0014867016509845015,1.0,11300715.588536512,0.0,1.1120439883549111e-24,8.599428680132034e-26,5.846478957964421e-12,1.7111098797887684e-27,501218.3097602101,2.930361968771081e-06,2.930362301359561e-06,0.0,1.0000001134974055,False,5.053726738180698e-08,7.940110151373295e-08,0.41289208009326267,0.515966385947175,1.1394564507166647e-22,8.650132675684712e-24,"[8.166666666666667e-09, 1.0236517085738568e-08, 1.2830973311830731e-08, 1.6082997248964597e-08, 2.0159250138234185e-08, 2.526863369090349e-08, 3.167299598084116e-08, 3.970055075686648e-08, 4.976269789419122e-08, 6.237510700730634e-08, 7.818414472715056e-08, 9.8e-08]","[0.0018747587645202748, 0.008762297283010017, 0.028761433609652057, 0.06630145106150535, 0.10733849363324455, 0.12204160722759248, 0.09744965375204316, 0.054647794855534546, 0.021522114790827353, 0.005952743981689072, 0.0011562970711445526, 0.00015773991641166533]","[2.8090023362934724e-24, 8.356220923266913e-24, 1.7457726482860978e-23, 2.5614472454757556e-23, 2.6393871995842518e-23, 1.9100324965436628e-23, 9.70729808999958e-24, 3.464782168894776e-24, 8.685072838675546e-25, 1.5289418006375603e-25, 1.890289853654767e-26, 1.6412918462055912e-27]","[7.8946754589745835e-25, 1.5663698486713752e-24, 2.1238410669836343e-24, 1.999281057644054e-24, 1.3154933478371487e-24, 6.067148049754838e-25, 1.9636304607717412e-25, 4.461867879437586e-26, 7.119305156342425e-27, 7.977297329996112e-28, 6.277471025582927e-29, 3.4692044100582745e-30]","[-5.672956027511839e-13, -1.074119161760439e-12, -1.428286943640896e-12, -1.333823688004061e-12, -8.747850346793292e-13, -4.0292500781699207e-13, -1.3033680204622532e-13, -2.9609417149013677e-14, -4.7240296627291476e-15, -5.293163792902527e-16, -4.165220623450158e-17, -2.3018692259551194e-18]","[2.741424733041705e-26, 8.155191163275921e-26, 1.703773737539709e-25, 2.4998252556670256e-25, 2.5758901725282093e-25, 1.8640819125225752e-25, 9.473764883324048e-26, 3.381428213878022e-26, 8.476131804377854e-27, 1.4921593018594704e-27, 1.8448142284924242e-28, 1.6018064875814831e-29]","[7.650908369835714e-27, 1.52416857961465e-26, 2.0702202445545525e-26, 1.9502128393257972e-26, 1.283586416765926e-26, 5.920702357293719e-27, 1.916326782158594e-27, 4.3544679433439675e-28, 6.947994690936332e-29, 7.785366423806831e-30, 6.126445381906797e-31, 3.3857428521297273e-32]","[3304729942.252954, 8157658474.920937, 20137013600.59715, 49707807454.46132, 122702709097.66046, 302889135347.54736, 747675654321.1918, 1845622106659.9053, 4555880535769.896, 11246098202498.398, 27760764090972.984, 68526880082083.71]",0.010200000004314308,565.0,fixed_lowT_slope
6840.0,853.15,0.48403361782590926,1.0200000012231692e-08,1.0,3.5041798515442514e-19,0.12023049524347497,237946762081.5446,28608457046.645416,0.9999999999650453,2.929473875216371e-11,6.970588232345757,9.611687804248915e+16,196078431.28961346,490196078.2240336,0.012456747394306593,0.1764705881606521,8.160000003451447e-09,4.398546549506278e-20,4.398546549506278e-20,4.4244985886665786e-08,1.0,0.0013951142637217346,1.0,11300715.549571147,0.0,2.9006174034742473e-24,2.2430454905412776e-25,1.5115100450391773e-11,4.704837218763176e-27,505683.4597758716,7.64345545636992e-06,7.643456290613947e-06,0.0,1.0000001091448798,False,5.053726738180698e-08,7.940110151373295e-08,0.4128920790940072,0.5159663848948088,3.1411356297555054e-22,2.3821104521560393e-23,"[8.166666666666667e-09, 1.0236517085738568e-08, 1.2830973311830731e-08, 1.6082997248964597e-08, 2.0159250138234185e-08, 2.526863369090349e-08, 3.167299598084116e-08, 3.970055075686648e-08, 4.976269789419122e-08, 6.237510700730634e-08, 7.818414472715056e-08, 9.8e-08]","[0.0018747586624070663, 0.008762297089668568, 0.028761433352560407, 0.06630145082141709, 0.10733849347578324, 0.12204160715506598, 0.09744965372858254, 0.05464779485020485, 0.021522114789977027, 0.005952743981593795, 0.0011562970711370552, 0.000157739916411251]","[7.743566855768541e-24, 2.3035565017163573e-23, 4.8125653758575736e-23, 7.061132705676402e-23, 7.275989510135029e-23, 5.265379939084298e-23, 2.6760074879982866e-23, 9.551352953875217e-24, 2.3942110086555682e-24, 4.214828543984607e-25, 5.21095546494113e-26, 4.524543523852261e-27]","[2.1666310524678867e-24, 4.309873291977745e-24, 5.850237507181829e-24, 5.509664168430489e-24, 3.6259488980158156e-24, 1.672441229288353e-24, 5.41301866865721e-25, 1.2299910177456728e-25, 1.962569560002782e-26, 2.1990956892848408e-27, 1.7305072713015163e-28, 9.563541543891784e-30]","[-1.4666485115963296e-12, -2.7769566929095766e-12, -3.692598717912682e-12, -3.448379674941806e-12, -2.261611461214823e-12, -1.0416957084985633e-12, -3.369641614814995e-13, -7.655023190966226e-14, -1.2213194350671947e-14, -1.3684596149811474e-15, -1.0768486360417177e-16, -5.951100698893036e-18]","[7.150637911558559e-26, 2.12717206111131e-25, 4.444064974029072e-25, 6.520458482369037e-25, 6.718863617854315e-25, 4.862207359324439e-25, 2.4711043566833913e-25, 8.820001441064915e-26, 2.2108851646407616e-26, 3.8920971735426e-27, 4.811950195630738e-28, 4.178097134262041e-29]","[1.9862040583988615e-26, 3.9676127116257357e-26, 5.39541686258125e-26, 5.085147145615143e-26, 3.3476024273907554e-26, 1.5442495756769158e-26, 4.9983681201972285e-27, 1.135794096370377e-27, 1.8122844077152955e-28, 2.0307052550579897e-29, 1.598000053324728e-30, 8.831253494626728e-32]","[1278260365.4413023, 3155359646.7821784, 7788940946.396256, 19226841900.0399, 47461067171.16053, 117156676522.13843, 289198867025.30786, 713881506129.1427, 1762201940951.9116, 4349959557758.526, 10737786467254.805, 26506006937606.047]",0.010200000012231692,580.0,fixed_lowT_slope
7020.0,868.15,0.48403362463170885,1.0200000033476867e-08,1.0,3.581148619312015e-19,0.10577072890648935,95122700795.08583,10061197398.650122,0.9999999999006083,7.327996543389126e-11,6.97058822693509,9.611687789327461e+16,196078431.1374146,490196077.84353656,0.012456747374968389,0.17647058802367316,8.160000009785353e-09,1.1802874667482106e-19,1.1802874667482106e-19,4.4244986281080875e-08,1.0,0.0013120416890372829,1.0,11300715.448832667,8.444294754294022e-35,7.31932135588298e-24,5.660026315955901e-25,3.7809998650767295e-11,1.2492192084842488e-26,510109.49439986143,1.9287239570383636e-05,1.928723929500235e-05,2.753812870554158e-13,0.9999999857220995,False,5.053726738180698e-08,7.940110151373295e-08,0.4128920765105983,0.5159663821740907,8.362246956009149e-22,6.334905265192602e-23,"[8.166666666666667e-09, 1.0236517085738568e-08, 1.2830973311830731e-08, 1.6082997248964597e-08, 2.0159250138234185e-08, 2.526863369090349e-08, 3.167299598084116e-08, 3.970055075686648e-08, 4.976269789419122e-08, 6.237510700730634e-08, 7.818414472715056e-08, 9.8e-08]","[0.0018747583984103343, 0.008762296589816363, 0.02876143268789264, 0.06630145020070874, 0.10733849306869318, 0.12204160696756075, 0.09744965366792899, 0.05464779483642581, 0.021522114787778653, 0.005952743981347472, 0.0011562970711176718, 0.0001577399164101798]","[2.0614715096573946e-23, 6.132466211716715e-23, 1.2811882329109904e-22, 1.8797957973940667e-22, 1.9369944022272794e-22, 1.4017353185868288e-22, 7.12399533002839e-23, 2.5427355547792063e-23, 6.373804305008939e-24, 1.1220603456361289e-24, 1.387246581707646e-25, 1.2045118365523935e-26]","[5.7417983575858374e-24, 1.145157617290407e-23, 1.5561987859828078e-23, 1.4662929030537747e-23, 9.651633267319176e-24, 4.452090465506802e-24, 1.441008128501222e-24, 3.2744203912123514e-25, 5.224681493890314e-26, 5.854365148389222e-27, 4.606907367286027e-28, 2.545979783421989e-29]","[-3.668779603971005e-12, -6.94647889317867e-12, -9.236931922969122e-12, -8.626024968641457e-12, -5.657357623413226e-12, -2.605772597155948e-12, -8.429063994899535e-13, -1.914882582743998e-13, -3.0550963154332795e-14, -3.4231633492119216e-15, -2.6937066635235944e-16, -1.4886511503597506e-17]","[1.8043679287147937e-25, 5.367634908840203e-25, 1.1214005456994482e-24, 1.6453507866322591e-24, 1.6954156874660866e-24, 1.2269132282138804e-24, 6.235502524318767e-25, 2.2256098218544597e-25, 5.578874075059976e-26, 9.821188530132723e-27, 1.2142315045810252e-27, 1.05428713170758e-28]","[4.987806490751417e-26, 9.991243482871688e-26, 1.360309030953732e-25, 1.2827253996956513e-25, 8.446041364371844e-26, 3.8964858874043563e-26, 1.2612424591112012e-26, 2.865998261136187e-27, 4.57304093702599e-28, 5.124206324902835e-29, 4.032337754713675e-30, 2.2284486165346556e-31]","[511003276.5067538, 1261401168.0681555, 3113743061.846401, 7686211255.095728, 18973255751.849247, 46835094935.28415, 115611476822.21445, 285384573074.5346, 704465999289.6605, 1738959954311.8235, 4292587187667.7847, 10596163941569.523]",0.010200000033476866,595.0,fixed_lowT_slope
7200.0,883.15,0.48403364113173497,1.020000008860547e-08,1.0,3.6581187677551943e-19,0.09345484121178245,39235455759.02054,3666743287.8311796,0.9999999997272784,1.7766043685914634e-10,6.970588212416328,9.611687749287856e+16,196078430.72901064,490196076.8225266,0.01245674732307706,0.17647058765610957,8.160000026781494e-09,3.06270014897102e-19,3.06270014897102e-19,4.4244987267699114e-08,1.0,0.001236485770577968,1.0,11300715.196838198,3.6921656917431757e-33,1.7897658637732908e-23,1.3840247629036775e-24,9.166681165256089e-11,3.208778872608901e-26,514497.4613658851,4.7162346274911414e-05,4.716234188674731e-05,4.388164101022402e-12,0.999999906956196,False,5.053726738180698e-08,7.940110151373295e-08,0.4128920700482733,0.5159663753682912,2.1537025396598517e-21,1.6298093176386058e-22,"[8.166666666666667e-09, 1.0236517085738568e-08, 1.2830973311830731e-08, 1.6082997248964597e-08, 2.0159250138234185e-08, 2.526863369090349e-08, 3.167299598084116e-08, 3.970055075686648e-08, 4.976269789419122e-08, 6.237510700730634e-08, 7.818414472715056e-08, 9.8e-08]","[0.0018747577380300055, 0.008762295339450162, 0.028761431025244893, 0.06630144864802424, 0.10733849205036881, 0.12204160649852168, 0.09744965351620584, 0.05464779480195792, 0.02152211478227948, 0.0059527439807313025, 0.001156297071069185, 0.00015773991640750023]","[5.309333781344024e-23, 1.579420904762908e-22, 3.299709215169997e-22, 4.841427213332134e-22, 4.988742639666235e-22, 3.610179129371813e-22, 1.834789987380217e-22, 6.548833234117234e-23, 1.6415777640116896e-23, 2.889874281060019e-24, 3.5728632899534914e-25, 3.1022286736260373e-26]","[1.471985004093839e-23, 2.9435814442073105e-23, 4.004755041699525e-23, 3.7751986225059467e-23, 2.4854507723188494e-23, 1.1465765062834643e-23, 3.711244554901384e-24, 8.433217261257489e-25, 1.3456155180537096e-25, 1.5077936533214327e-26, 1.1865115325770642e-27, 6.55718729318437e-29]","[-8.894611212032341e-12, -1.684108849924696e-11, -2.239407958678506e-11, -2.0912993396445674e-11, -1.3715736355754618e-11, -6.317452868709904e-12, -2.0435480323565015e-12, -4.642454417421105e-13, -7.406796384469561e-14, -8.299140617650195e-15, -6.530640844179175e-16, -3.6090960226528303e-17]","[4.41215100013562e-25, 1.312527246646491e-24, 2.7421181220018537e-24, 4.0233138654464746e-24, 4.145735726099532e-24, 3.0001244351697768e-24, 1.5247438124680086e-24, 5.442199397320329e-25, 1.364180946825228e-25, 2.4015380325425264e-26, 2.9691143081058645e-27, 2.578008391211258e-28]","[1.2136805387852012e-25, 2.4380202145749427e-25, 3.3234378194675054e-25, 3.135492236772863e-25, 2.0649820730677965e-25, 9.527374867681054e-26, 3.0839957667252397e-26, 7.008050340535199e-27, 1.1182241083316924e-27, 1.2530008676728005e-28, 9.860117070353122e-30, 5.449139902696513e-31]","[210774557.0142396, 520292696.03576773, 1284331910.7527537, 3170347132.5770464, 7825937249.466999, 19318166519.767635, 47686500132.72873, 117713153190.8824, 290572518334.73737, 717272336375.5647, 1770572136270.216, 4370621214216.27]",0.01020000008860547,610.0,fixed_lowT_slope
7380.0,898.15,0.48403367996303415,1.0200000227172958e-08,1.0,3.7350900624018964e-19,0.08291439014649478,16671757973.057665,1382328645.0060382,0.999999999276583,4.181075673581687e-10,6.970588174741936,9.611687645390029e+16,196078429.6692528,490196074.17313194,0.012456747188425477,0.1764705867023275,8.160000070884377e-09,7.698193794023319e-19,7.698193794023319e-19,4.424498965966306e-08,1.0,0.001167586742152624,1.0,11300714.585901152,4.39639461579978e-33,4.2476709661433523e-23,3.2847212497350667e-24,2.1572943914506215e-10,7.986838830748654e-26,518848.35020022,0.00011193086555986656,0.00011193086359003428,1.9698322833994197e-12,0.9999999824013486,False,5.053726738180698e-08,7.940110151373295e-08,0.4128920543809695,0.515966358868265,5.375281094451775e-21,4.063295871158265e-22,"[8.166666666666667e-09, 1.0236517085738568e-08, 1.2830973311830731e-08, 1.6082997248964597e-08, 2.0159250138234185e-08, 2.526863369090349e-08, 3.167299598084116e-08, 3.970055075686648e-08, 4.976269789419122e-08, 6.237510700730634e-08, 7.818414472715056e-08, 9.8e-08]","[0.0018747561369999873, 0.008762292308054233, 0.028761426994310568, 0.06630144488368543, 0.10733848958153627, 0.12204160536138016, 0.09744965314836719, 0.05464779471839375, 0.021522114768947245, 0.0059527439792374575, 0.0011562970709516334, 0.00015773991640100386]","[1.325120558158814e-22, 3.941969948726592e-22, 8.2355218347733345e-22, 1.2083392171135787e-21, 1.2451066946645393e-21, 9.010403112677411e-22, 4.579328849822633e-22, 1.6344792149293826e-22, 4.0971034682970996e-23, 7.212642739636567e-24, 8.917269044544047e-25, 7.742643777806302e-26]","[3.656609973907201e-23, 7.332017830442207e-23, 9.986943116741035e-23, 9.419084648697101e-23, 6.202418503840883e-23, 2.861503982466054e-23, 9.262436935006816e-24, 2.1047707874220846e-24, 3.3584189130507556e-25, 3.7631952151324735e-26, 2.961332605240626e-27, 1.6365639118038095e-28]","[-2.09326384811989e-11, -3.963395227486334e-11, -5.2702416728611e-11, -4.9216820036896635e-11, -3.2278733985997735e-11, -1.4867549077873148e-11, -4.80930391787259e-12, -1.0925593093418817e-12, -1.743121982899037e-13, -1.953127061175936e-14, -1.536926767376917e-15, -8.493678363170612e-17]","[1.0471398367598827e-24, 3.1150345149026688e-24, 6.5078986922166076e-24, 9.548575247817726e-24, 9.839120734587373e-24, 7.120228806308861e-24, 3.618691527819669e-24, 1.2916032670520444e-24, 3.237625894854241e-25, 5.699597067820971e-26, 7.046632190586464e-27, 6.11841614471187e-28]","[2.8661135231598776e-25, 5.773870857294572e-25, 7.880599625912112e-25, 7.438817458467598e-25, 4.9001273777043165e-25, 2.261008373739156e-25, 7.319106206433307e-26, 1.663212406606065e-26, 2.653883643690888e-27, 2.973756612983016e-28, 2.340111412990043e-29, 1.2932503045800558e-30]","[89561387.05036348, 221080457.66637957, 545732601.645507, 1347129798.9992218, 3325362439.1867065, 8208589372.878573, 20262735483.656925, 50018149359.15159, 123468781761.06293, 304780170095.715, 752343635035.4501, 1857144921863.0525]",0.010200000227172958,625.0,fixed_lowT_slope
7560.0,913.15,0.4840337688029416,1.0200000565078283e-08,1.0,3.8120622720835627e-19,0.07385200904863055,7287107557.652072,538167533.2860649,0.9999999981418426,9.565644546818876e-10,6.970588080046166,9.611687384239565e+16,196078427.00551802,490196067.5137951,0.012456746849974476,0.17647058430496623,8.160000181738365e-09,1.877251803215512e-18,1.877251803215512e-18,4.424499528893155e-08,1.0,0.001104601292028532,1.0,11300713.14811692,0.0,9.798826504054667e-23,7.57742678206421e-24,4.935550415603805e-10,1.9294012320278623e-25,523163.0340142874,0.00025820973985367796,0.0002582097529957764,0.0,1.0000000508969895,False,5.053726738180698e-08,7.940110151373295e-08,0.4128920175094035,0.5159663200369659,1.302108883350981e-20,9.832031021727911e-22,"[8.166666666666667e-09, 1.0236517085738568e-08, 1.2830973311830731e-08, 1.6082997248964597e-08, 2.0159250138234185e-08, 2.526863369090349e-08, 3.167299598084116e-08, 3.970055075686648e-08, 4.976269789419122e-08, 6.237510700730634e-08, 7.818414472715056e-08, 9.8e-08]","[0.0018747523691250607, 0.008762285173942824, 0.028761417507875555, 0.06630143602465782, 0.10733848377136415, 0.12204160268522132, 0.09744965228269249, 0.05464779452173307, 0.021522114737571048, 0.005952743975721829, 0.0011562970706749866, 0.00015773991638571522]","[3.209972264326603e-22, 9.549032075551396e-22, 1.994973948076323e-21, 2.9270827617207696e-21, 3.0161484268902667e-21, 2.182681496403336e-21, 1.1092973599898036e-21, 3.9593650956230624e-22, 9.924830079034733e-23, 1.7471917461714314e-23, 2.1601206987599683e-24, 1.8755792838287668e-25]","[8.81561431559498e-23, 1.7724985373572436e-22, 2.417202244338284e-22, 2.280895607393878e-22, 1.5022647783708654e-22, 6.931319055196535e-23, 2.243682810658677e-23, 5.098553119313002e-24, 8.135409471694354e-25, 9.115957118501903e-26, 7.173533148622703e-27, 3.96441446004791e-28]","[-4.789051203026674e-11, -9.067622026311773e-11, -1.205748603921159e-10, -1.1260038415029795e-10, -7.384869914169022e-11, -3.4014630024142854e-11, -1.1002936308953407e-11, -2.4996050911435764e-12, -3.987990908146836e-13, -4.4684497387992625e-14, -3.5162484567271646e-15, -1.9432209832391242e-16]","[2.4156115595601354e-24, 7.185976614701964e-24, 1.501287714161446e-23, 2.2027327403245765e-23, 2.2697580045540992e-23, 1.6425448252682438e-23, 8.347854096392343e-24, 2.9795619764389896e-24, 7.468784941146525e-25, 1.314823459230439e-25, 1.625567071805093e-26, 1.4114396138266601e-27]","[6.578345635856381e-25, 1.3290717256669454e-24, 1.8163190864131254e-24, 1.7154087336931595e-24, 1.1302274455143576e-24, 5.215539612016754e-25, 1.688382325730431e-25, 3.836779296147452e-26, 6.122144201161763e-27, 6.860063583431424e-28, 5.398333084452449e-29, 2.9833616551360192e-30]","[39146634.471985176, 96632668.9458058, 238535772.83309215, 588820691.1990573, 1453491869.4426637, 3587915041.2219334, 8856695117.229288, 21862571297.905125, 53967311443.97738, 133217207839.09763, 328843961086.6517, 811744612405.2297]",0.010200000565078284,640.0,fixed_lowT_slope
7740.0,928.15,0.4840339666633835,1.0200001365678386e-08,1.0,3.8890351649556304e-19,0.06602633176058974,3271931571.404531,216033639.43150327,0.9999999953710913,2.1304198039405417e-09,6.970587849124724,9.61168674740817e+16,196078420.50983754,490196051.27459383,0.012456746024640987,0.17647057845885378,8.160000452062627e-09,4.447778351501815e-18,4.447778351501815e-18,4.424500816781606e-08,1.0,0.0010468844570516776,1.0,11300709.858693197,5.77102843967169e-31,2.2002090114194624e-22,1.7014205906073594e-23,1.0992246771067774e-09,4.530193611254058e-25,527442.3277120804,0.0005797776627824416,0.0005797776223717587,4.041068293793998e-11,0.9999999302996898,False,5.053726738180698e-08,7.940110151373295e-08,0.4128919331530437,0.5159662311970584,3.0658976540808215e-20,2.3124107007678473e-21,"[8.166666666666667e-09, 1.0236517085738568e-08, 1.2830973311830731e-08, 1.6082997248964597e-08, 2.0159250138234185e-08, 2.526863369090349e-08, 3.167299598084116e-08, 3.970055075686648e-08, 4.976269789419122e-08, 6.237510700730634e-08, 7.818414472715056e-08, 9.8e-08]","[0.0018747437488328953, 0.008762268852223176, 0.028761395804400684, 0.06630141575658867, 0.1073384704785983, 0.12204159656258792, 0.09744965030216396, 0.05464779407180416, 0.021522114665787212, 0.0059527439676786194, 0.001156297070042062, 0.00015773991635073724]","[7.558073071534847e-22, 2.2483789982014934e-21, 4.697291833566926e-21, 6.892001694305006e-21, 7.101712835087646e-21, 5.139262181886175e-21, 2.6119110973404254e-21, 9.322576653213245e-22, 2.336864297309848e-22, 4.113873972786222e-23, 5.086141428009135e-24, 4.416170588716756e-25]","[2.0656636460136465e-22, 4.164827643557745e-22, 5.68657659988191e-22, 5.3686313280415645e-22, 3.536674180296709e-22, 1.6319290356826693e-22, 5.282770996973453e-23, 1.2004755852378414e-23, 1.915526903378553e-24, 2.1464071568678463e-25, 1.689053270063711e-26, 9.334465439292745e-28]","[-1.0665932306818757e-10, -2.0195003805161082e-10, -2.685392549059229e-10, -2.5077894958724464e-10, -1.644728186925055e-10, -7.575600591518054e-11, -2.4505294703796503e-11, -5.567019423016873e-12, -8.881892196439095e-13, -9.951950708536834e-14, -7.831246493520856e-15, -4.3278632620425233e-16]","[5.423943772287072e-24, 1.6135226530164564e-23, 3.370960621847837e-23, 4.9459731078444104e-23, 5.096471254942798e-23, 3.6881390381064334e-23, 1.8744114025111358e-23, 6.690252304557189e-24, 1.677026902095357e-24, 2.952279834519018e-25, 3.6500176931850435e-26, 3.1692199321473703e-27]","[1.4695111627037027e-24, 2.9776914649168175e-24, 4.07459541302774e-24, 3.850305198111957e-24, 2.537406249835124e-24, 1.1710158335439539e-24, 3.790969577952883e-25, 8.614950785618358e-26, 1.3746500876813606e-26, 1.5403443309155315e-27, 1.2121316247988217e-28, 6.698787214739459e-30]","[17576932.75096418, 43388300.08035884, 107103134.00726697, 264381902.33157015, 652621334.8314762, 1610982457.2751446, 3976677345.858097, 9816346938.87766, 24231452251.149593, 59814845772.6215, 147651727090.79184, 364475277521.3427]",0.010200001365678387,655.0,fixed_lowT_slope
7920.0,943.15,0.48403439619234556,1.0200003211204449e-08,1.0,3.966008501335235e-19,0.05924038407499051,1507198769.7991033,89287034.00025208,0.9999999888001657,4.624862601806406e-09,6.970587302001919,9.61168523856188e+16,196078405.11960393,490196012.7990098,0.012456744069176197,0.17647056460764352,8.160001092542709e-09,1.0252922571758464e-17,1.0252922571758464e-17,4.424503685113247e-08,1.0,0.000993874572394595,1.0,11300702.532632252,4.348240232193733e-30,4.814828593014357e-22,3.723305917392011e-23,2.386272011380915e-09,1.0352632924781916e-24,531687.1044050204,0.0012687501818953928,0.0012687500560538626,1.2584153012175359e-10,0.9999999008145718,False,5.053726738180698e-08,7.940110151373295e-08,0.4128917452781012,0.5159660333366165,7.026273874635854e-20,5.293424278858521e-21,"[8.166666666666667e-09, 1.0236517085738568e-08, 1.2830973311830731e-08, 1.6082997248964597e-08, 2.0159250138234185e-08, 2.526863369090349e-08, 3.167299598084116e-08, 3.970055075686648e-08, 4.976269789419122e-08, 6.237510700730634e-08, 7.818414472715056e-08, 9.8e-08]","[0.001874724550154743, 0.008762232501216327, 0.0287613474673348, 0.06630137061637774, 0.10733844087349094, 0.12204158292650685, 0.09744964589121091, 0.054647793069740665, 0.021522114505913154, 0.0059527439497651085, 0.0011562970686324375, 0.0001577399162728357]","[1.7321171861651576e-21, 5.152719773631115e-21, 1.0765020952893033e-20, 1.5794753288424943e-20, 1.6275361093984683e-20, 1.1777912450477754e-20, 5.9858516218604695e-21, 2.1365030801416185e-21, 5.35551272108149e-22, 9.427977674920455e-23, 1.1656173275742213e-23, 1.0120766466582023e-24]","[4.710783738880311e-22, 9.524672280408017e-22, 1.302084834333184e-21, 1.2299180684643087e-21, 8.104005429999932e-22, 3.7397575360617865e-22, 1.2106516237288644e-22, 2.751166726649146e-23, 4.389897061205002e-24, 4.919026952515803e-25, 3.87089019470159e-26, 2.139228242582377e-27]","[-2.3154152187138308e-10, -4.3840615781401765e-10, -5.82963760016037e-10, -5.444089937615409e-10, -3.570495774817648e-10, -1.6445668382672336e-10, -5.3197891340388136e-11, -1.2085294460228584e-11, -1.9281463844923018e-12, -2.160442554099118e-13, -1.7000645101685806e-14, -9.39524346230748e-16]","[1.1869381281695604e-23, 3.530942254141157e-23, 7.376838899605152e-23, 1.0823526996997786e-22, 1.115287433965063e-22, 8.070948687944882e-23, 4.101873356460315e-23, 1.4640632455738454e-23, 3.669926580058908e-24, 6.460629982032534e-25, 7.98752662604487e-26, 6.935371479826519e-27]","[3.1990589847649438e-24, 6.501616649483963e-24, 8.908342137953574e-24, 8.422619284894789e-24, 5.55188572503922e-24, 2.5624383202561953e-24, 8.295780502629177e-25, 1.8852387761197582e-25, 3.008211768206405e-26, 3.370816737249105e-27, 2.6525742481398896e-28, 1.4659330211664144e-29]","[8096709.976693152, 19986563.475537393, 49336424.388616525, 121785957.57258688, 300626152.90161747, 742089528.2984889, 1831832868.4811347, 4521842082.5062, 11162074974.706923, 27553354466.52198, 68014893653.52245, 167893378075.4785]",0.010200003211204449,670.0,fixed_lowT_slope
8100.0,958.15,0.48403530617110224,1.0200007355667542e-08,1.0,4.0429820462003564e-19,0.053332577359456304,711428538.8952318,37942317.58635492,0.9999999736442042,9.79801269695445e-09,6.970586040786578,9.611681760403366e+16,196078369.64237913,490195924.1059478,0.012456739561482763,0.1764705326781412,8.160002568963559e-09,2.3024794962500522e-17,2.3024794962500522e-17,4.4245099118908694e-08,1.0,0.0009450806369255427,1.0,11300686.6287326,1.9449130612623874e-29,1.0281360317927811e-21,7.9505794644728e-23,5.055437537299168e-09,2.3055811382431022e-24,535898.0625822442,0.002709199420936439,0.0027091991817441755,2.3919226365201607e-10,0.99999991171109,False,5.053726738180698e-08,7.940110151373295e-08,0.412891337426032,0.5159656038076544,1.5692965342061697e-19,1.1809027537518067e-20,"[8.166666666666667e-09, 1.0236517085738568e-08, 1.2830973311830731e-08, 1.6082997248964597e-08, 2.0159250138234185e-08, 2.526863369090349e-08, 3.167299598084116e-08, 3.970055075686648e-08, 4.976269789419122e-08, 6.237510700730634e-08, 7.818414472715056e-08, 9.8e-08]","[0.0018746828726808062, 0.00876215358810792, 0.028761242533857995, 0.06630127262275887, 0.10733837660456699, 0.12204155332430376, 0.09744963631559048, 0.05464779089438766, 0.021522114158846806, 0.005952743910877143, 0.0011562970655723214, 0.00015773991610372134]","[3.868605816870366e-21, 1.1508415831085197e-20, 2.4043330972182306e-20, 3.527710188302096e-20, 3.635053490535582e-20, 2.630562008877854e-20, 1.3369223663489038e-20, 4.77181692217454e-21, 1.1961380565187525e-21, 2.1057111642579017e-22, 2.603372120262298e-23, 2.2604435130269757e-24]","[1.046908991145721e-21, 2.1227582249479153e-21, 2.9055864191648274e-21, 2.745989539745371e-21, 1.8097399735070528e-21, 8.352146512522938e-22, 2.703892114202116e-22, 6.144596523664712e-23, 9.804678243976532e-24, 1.0986497079564192e-24, 8.645523841353391e-26, 4.777907680681923e-27]","[-4.905240055644341e-10, -9.287819609336161e-10, -1.235039963342686e-09, -1.1533621283801153e-09, -7.564309690395877e-10, -3.484114836371488e-10, -1.127029834937867e-10, -2.5603436289847984e-11, -4.0848962716103935e-12, -4.577029985850364e-13, -3.601690892635963e-14, -1.9904399311418127e-15]","[2.5344817514969576e-23, 7.539758688945851e-23, 1.5752136166171103e-22, 2.311207326322386e-22, 2.3815367721338874e-22, 1.7234362503730598e-22, 8.758968158969073e-23, 3.1262993724844403e-23, 7.836607790465541e-24, 1.3795759296470621e-24, 1.7056230652702506e-25, 1.4809502533940675e-26]","[6.794998537329373e-24, 1.38515749337828e-23, 1.9004461163420316e-23, 1.7978360538298336e-23, 1.1853426080504418e-23, 5.471390957431231e-24, 1.77140640888194e-24, 4.0256319580728047e-25, 6.423605221538152e-26, 7.197914534474888e-27, 5.664212547788002e-28, 3.130302457589746e-29]","[3821796.387974232, 9434026.452559609, 23287701.92667654, 57485217.3409563, 141901086.81146482, 350279939.2553986, 864658887.4105792, 2134392832.108089, 5268705183.145842, 13005691309.167128, 32104283794.494766, 79248769900.44814]",0.010200007355667543,685.0,fixed_lowT_slope
8280.0,973.15,0.4840371896708634,1.0200016433559464e-08,1.0,4.1199555651144983e-19,0.04816969387115841,343713040.9254794,16556551.960905286,0.9999999396009542,2.028023949488562e-08,6.970583208500719,9.611673949575229e+16,196078289.97189087,490195724.92972714,0.012456729438649497,0.17647046097470176,8.160005884534034e-09,5.043273289482273e-17,5.043273289482273e-17,4.4245231036660666e-08,1.0,0.0009000715384294677,1.0,11300652.935583284,7.718340372505252e-30,2.1447058783117672e-21,1.6585043278585627e-22,1.046388756175538e-08,5.009872464899343e-24,540075.7843180327,0.005651292323351598,0.005651292281930742,4.142085546082752e-11,0.9999999926705516,False,5.053726738180698e-08,7.940110151373295e-08,0.4128904733694708,0.5159646938288978,3.419941391433175e-19,2.570506596868535e-20,"[8.166666666666667e-09, 1.0236517085738568e-08, 1.2830973311830731e-08, 1.6082997248964597e-08, 2.0159250138234185e-08, 2.526863369090349e-08, 3.167299598084116e-08, 3.970055075686648e-08, 4.976269789419122e-08, 6.237510700730634e-08, 7.818414472715056e-08, 9.8e-08]","[0.0018745945783598045, 0.008761986407354951, 0.028761020226664595, 0.06630106501757575, 0.10733824044699257, 0.12204149061023671, 0.09744961602905344, 0.05464778628576913, 0.021522113423565477, 0.005952743828490603, 0.0011562970590892777, 0.00015773991574544215]","[8.43067296956489e-21, 2.5079981471187727e-20, 5.239717607129029e-20, 7.687883375682391e-20, 7.92181968037658e-20, 5.732747259549362e-20, 2.913536634963337e-20, 1.0399155792646532e-20, 2.6067274588025497e-21, 4.588947837622613e-22, 5.673493637748749e-23, 4.9261539691362976e-24]","[2.2700087278650083e-21, 4.61604171302882e-21, 6.326389428580484e-21, 5.982094436639071e-21, 3.9433566679978484e-21, 1.8200650235899155e-21, 5.892423650189607e-22, 1.3390734048195759e-22, 2.1367167642745206e-23, 2.394274324161899e-24, 1.8841106427371795e-25, 1.0412452104343467e-26]","[-1.01526371254037e-09, -1.92240345536087e-09, -2.5563287641382364e-09, -2.3872801115404505e-09, -1.5656973013902553e-09, -7.211594364580775e-10, -2.332783181007762e-10, -5.299529000753345e-11, -8.455125748536691e-12, -9.473769295114485e-13, -7.454962929141622e-14, -4.119913782489712e-15]","[5.2867403593135733e-23, 1.5727816317378546e-22, 3.285907766331385e-22, 4.821218496123082e-22, 4.967936191721496e-22, 3.5951272655092764e-22, 1.8271412630204434e-22, 6.521534486431727e-23, 1.6347350153330195e-23, 2.877828244873754e-24, 3.5579703641335765e-25, 3.089297534254517e-26]","[1.409825466392202e-23, 2.88275129080135e-23, 3.960552342159463e-23, 3.7488634092781314e-23, 2.4722708156708903e-23, 1.1412787543837244e-23, 3.6951254643012315e-24, 8.397537189862128e-25, 1.3399836647599636e-25, 1.5015108643514418e-26, 1.1815763601995089e-27, 6.529933216230952e-29]","[1846411.4842332306, 4557829.0982161015, 11250908.18917426, 27772637.445043422, 68556189.2146598, 169229555.1308802, 417739706.0405555, 1031181946.1314538, 2545451606.9486322, 6283395386.839708, 15510433386.184736, 38287188536.77518]",0.010200016433559464,700.0,fixed_lowT_slope
8460.0,988.15,0.48404100256877747,1.0200035849727253e-08,1.0,4.1969288331021407e-19,0.043641379304458466,169786985.4886647,7409738.234671401,0.9999998650424842,4.105483140519702e-08,6.970577004765518,9.611656841034464e+16,196078115.46457157,490195288.66142887,0.012456707265980665,0.17647030391811439,8.160013146847572e-09,1.07867598827211e-16,1.07867598827211e-16,4.424550408515856e-08,1.0,0.0008584666165495609,1.0,11300583.19682964,2.4645417137077742e-28,4.375211599466145e-21,3.3833685118308144e-22,2.118276618941435e-08,1.0633564494903383e-23,544220.5606495263,0.011528097483638727,0.011528096891710906,5.919278209948198e-10,0.9999999486534684,False,5.053726738180698e-08,7.940110151373295e-08,0.41288868491480774,0.5159628103291366,7.280411972394356e-19,5.465636682645758e-20,"[8.166666666666667e-09, 1.0236517085738568e-08, 1.2830973311830731e-08, 1.6082997248964597e-08, 2.0159250138234185e-08, 2.526863369090349e-08, 3.167299598084116e-08, 3.970055075686648e-08, 4.976269789419122e-08, 6.237510700730634e-08, 7.818414472715056e-08, 9.8e-08]","[0.0018744118308915473, 0.008761640374732987, 0.02876056008748705, 0.06630063530715567, 0.10733795862147832, 0.12204136080153814, 0.09744957403895618, 0.05464777674661692, 0.021522111901642844, 0.005952743657962756, 0.0011562970456703444, 0.00015773991500385768]","[1.7946805616329322e-20, 5.339005084246911e-20, 1.1154351586525522e-19, 1.636607666870394e-19, 1.686410482547527e-19, 1.220397633746606e-19, 6.202390908400136e-20, 2.2137917868223638e-20, 5.549250486401985e-21, 9.769038678395371e-22, 1.2077840293189186e-22, 1.0486889530794429e-23]","[4.8076945673709725e-21, 9.80499403647125e-21, 1.3455383644467518e-20, 1.2730048573339708e-20, 8.393444136205451e-21, 3.8743667814806195e-21, 1.2543649485931825e-21, 2.850630098994759e-22, 4.5486873608424553e-23, 5.096993879994494e-24, 4.0109480910962955e-25, 2.216633189355918e-26]","[-2.055114095308836e-09, -3.8915875072134585e-09, -5.174985919107777e-09, -4.832812867433663e-09, -3.1696118116382066e-09, -1.4599239815549618e-09, -4.722517785263628e-10, -1.072844085066442e-10, -1.7116676950877843e-11, -1.9178834256997167e-12, -1.509193399087719e-13, -8.340412671892391e-15]","[1.0784035789950792e-22, 3.2083885306186134e-22, 6.70322965986906e-22, 9.83534679223814e-22, 1.0134691825001718e-21, 7.334144886667601e-22, 3.7274138690995242e-22, 1.3304096850959145e-22, 3.334901513337516e-23, 5.870843948817324e-24, 7.258351562685495e-25, 6.302246911947519e-26]","[2.860284309355055e-23, 5.866930814088499e-23, 8.07170920599341e-23, 7.644776171542271e-23, 5.042737491569061e-23, 2.3281177144605635e-23, 7.538063837245403e-24, 1.7131272458821984e-24, 2.733632024267709e-25, 3.063163570947186e-26, 2.4104824451171095e-27, 1.3321438052141438e-28]","[912071.9064553283, 2251430.902810841, 5557611.274128004, 13718850.103617372, 33864701.73645679, 83594325.69328175, 206350888.38213065, 509372960.221266, 1257376765.5607395, 3103808906.3160706, 7661688994.725962, 18912723052.11577]",0.010200035849727253,715.0,fixed_lowT_slope
8640.0,1003.15,0.4840485592537188,1.0200076444238959e-08,1.0,4.273901633621327e-19,0.03965580218265592,85669090.12129153,3397276.4910180597,0.9999997056466531,8.136612253405932e-08,6.970563735999144,9.611620248738694e+16,196077742.22219813,490194355.5554953,0.012456659842365348,0.17646996799997833,8.160028679781802e-09,2.255250650309283e-16,2.255250650309283e-16,4.424605684171537e-08,1.0,0.0008199270171068551,1.0,11300442.021052549,4.521452701538207e-28,8.737507663617361e-21,6.7567926736430795e-22,4.198158300753925e-08,2.2069728211823096e-23,548332.3915767251,0.023019862310607143,0.0230198618127008,4.97906341156984e-10,0.999999978370577,False,5.053726738180698e-08,7.940110151373295e-08,0.41288506439883654,0.5159589974312225,1.5155792851433415e-18,1.1364295843032965e-19,"[8.166666666666667e-09, 1.0236517085738568e-08, 1.2830973311830731e-08, 1.6082997248964597e-08, 2.0159250138234185e-08, 2.526863369090349e-08, 3.167299598084116e-08, 3.970055075686648e-08, 4.976269789419122e-08, 6.237510700730634e-08, 7.818414472715056e-08, 9.8e-08]","[0.0018740419103543916, 0.00876093988898169, 0.02875962859002161, 0.06629976540083954, 0.10733738809135222, 0.12204109801522146, 0.09744948903363605, 0.05464775743542339, 0.021522108820640994, 0.00595274331274374, 0.0011562970185048631, 0.0001577399135025834]","[3.735807003824075e-20, 1.1114104439360415e-19, 2.3220164974289826e-19, 3.4069700894732593e-19, 3.510655011047836e-19, 2.540543713346774e-19, 1.291173587277928e-19, 4.60852921999501e-20, 1.1552073210409513e-20, 2.0336557786266556e-21, 2.514287310602308e-22, 2.183093397229996e-23]","[9.95620632421007e-21, 2.0365469501830548e-20, 2.7984460215255657e-20, 2.6490645682115797e-20, 1.747037162102976e-20, 8.064978667509634e-21, 2.611216439297355e-21, 5.934259141582717e-22, 9.469225004524331e-23, 1.061068830769943e-23, 8.349816492307093e-25, 4.614492038741377e-26]","[-4.0723604252407504e-09, -7.71237371534536e-09, -1.02563089460284e-08, -9.57834043906442e-09, -6.282026388222109e-09, -2.89351205189022e-09, -9.35985695380894e-10, -2.1263387111367784e-10, -3.392465034243648e-11, -3.8011776667910075e-12, -2.991168474852888e-13, -1.6530406119705477e-14]","[2.153242456575377e-22, 6.40692387549376e-22, 1.3386509930569417e-21, 1.9641801195846137e-21, 2.0239769882770422e-21, 1.464690557269553e-21, 7.443969235503658e-22, 2.6569450706194597e-22, 6.660092826154787e-23, 1.1724594816512053e-23, 1.4495570787807974e-24, 1.2586145314427628e-25]","[5.679997101062221e-23, 1.168829077399884e-22, 1.6103870136501205e-22, 1.526135010695872e-22, 1.0069386919592436e-22, 4.6492815623071217e-23, 1.5054235174338408e-23, 3.42133654461248e-24, 5.459453630234104e-25, 6.11759206033262e-26, 4.814096404509011e-27, 2.6604929718142637e-28]","[460185.6698977232, 1135958.9423876063, 2804091.4856760767, 6921842.653497861, 17086427.445226002, 42177497.7351474, 104114293.10784449, 257004009.51740998, 634409156.863701, 1566026067.329051, 3865703413.9868445, 9542410050.92704]",0.010200076444238959,730.0,fixed_lowT_slope
8820.0,1018.15,0.4840632349146542,1.020015949285191e-08,1.0,4.350873783062862e-19,0.03613620415595258,44111270.542450435,1594013.877900446,0.9999993726532833,1.5802155629884912e-07,6.970535994380467,9.61154374377201e+16,196076961.86724243,490192404.668106,0.012456560691928523,0.17646926568051816,8.160061155391168e-09,4.613811830615278e-16,4.613811830615278e-16,4.424715235822229e-08,1.0,0.000784147194312186,1.0,11300162.233086323,0.0,1.7098499597905363e-20,1.3222590246579225e-21,8.153144964136079e-08,4.4834685646620864e-23,552410.5204030639,0.04503882879085725,0.04503883052560031,0.0,1.0000000385166112,False,5.053726738180698e-08,7.940110151373295e-08,0.41287788889520677,0.5159514407462812,3.0883306645944667e-18,2.3129267547777693e-19,"[8.166666666666667e-09, 1.0236517085738568e-08, 1.2830973311830731e-08, 1.6082997248964597e-08, 2.0159250138234185e-08, 2.526863369090349e-08, 3.167299598084116e-08, 3.970055075686648e-08, 4.976269789419122e-08, 6.237510700730634e-08, 7.818414472715056e-08, 9.8e-08]","[0.0018733088854778483, 0.008759551661712927, 0.028757782454411324, 0.0662980412995605, 0.10733625732660235, 0.12204057718305213, 0.09744932055621089, 0.05464771916132659, 0.021522102714203933, 0.00595274262853176, 0.0011562969646638306, 0.00015773991052711028]","[7.611643425659754e-20, 2.2646567415249183e-19, 4.731588284931478e-19, 6.942494304725564e-19, 7.153813589946512e-19, 5.17698671643197e-19, 2.631088049668587e-19, 9.391030347110038e-20, 2.3540240297488128e-20, 4.144082845598826e-21, 5.123490052407743e-22, 4.448599553826969e-23]","[2.018020110612207e-20, 4.140439289502846e-20, 5.697142646095782e-20, 5.396107587464149e-20, 3.559526807629614e-20, 1.6433685479662453e-20, 5.320978770678268e-21, 1.209266492188518e-21, 1.9296241538945717e-22, 2.1622354016298148e-23, 1.7015190020423313e-24, 9.403379388007052e-26]","[-7.906458514462903e-09, -1.497700372341738e-08, -1.9919063195746205e-08, -1.8603072099184763e-08, -1.2201153061551833e-08, -5.61990709723152e-09, -1.8179174348083937e-09, -4.129883832634952e-10, -6.589021900316112e-11, -7.382846062710893e-12, -5.809604244601059e-13, -3.21062223761683e-14]","[4.212219057483429e-22, 1.2536279374591501e-21, 2.6195543025021736e-21, 3.843774819987832e-21, 3.960854740944218e-21, 2.8663680117393023e-21, 1.4567725150077992e-21, 5.199603076207468e-22, 1.3033710767361494e-22, 2.2944875917665843e-23, 2.836764093167758e-24, 2.463092113516126e-25]","[1.105034735917415e-22, 2.281639191887909e-22, 3.1483229584689524e-22, 2.9855006169257644e-22, 1.9703371440412637e-22, 9.098495173430495e-23, 2.946192948817618e-23, 6.695852795936426e-24, 1.0684700858766855e-24, 1.1972778540023232e-25, 9.421709842642171e-27, 5.206876338420726e-28]","[236934.0055413046, 584866.7613013196, 1443731.6741157116, 3563822.198080169, 8797222.425218107, 21715764.170402706, 53604921.043337665, 132322654.5247889, 326635774.47164655, 806293748.7749791, 1990319677.5208783, 4913063538.867063]",0.01020015949285191,745.0,fixed_lowT_slope
9000.0,1033.15,0.48409118805708895,1.0200325898809649e-08,1.0,4.427845154593528e-19,0.0330181520667194,23157966.115722787,764633.2467648702,0.9999986921851798,3.0099664582330217e-07,6.9704792410183005,9.611387232076821e+16,196075365.42948806,490188413.57372016,0.01245635785277156,0.17646782888653925,8.16012759428153e-09,9.24477542988853e-16,9.24477542988853e-16,4.424928001935315e-08,1.0,0.0007508457229790287,1.0,11299618.881512122,3.299039362821054e-27,3.281894839275357e-20,2.5380133758440064e-21,1.552952357476141e-07,8.923576955662042e-23,556452.9680759879,0.08641449567759223,0.08641449485982011,8.177721139146499e-10,0.9999999905366327,False,5.053726738180698e-08,7.940110151373295e-08,0.4128639531579451,0.5159367650853458,6.166060592217432e-18,4.612290564998113e-19,"[8.166666666666667e-09, 1.0236517085738568e-08, 1.2830973311830731e-08, 1.6082997248964597e-08, 2.0159250138234185e-08, 2.526863369090349e-08, 3.167299598084116e-08, 3.970055075686648e-08, 4.976269789419122e-08, 6.237510700730634e-08, 7.818414472715056e-08, 9.8e-08]","[0.0018718857229452451, 0.008756855801042712, 0.02875419702303609, 0.06629469274658265, 0.10733406111905126, 0.12203956559977462, 0.09744899333107263, 0.0546476448234176, 0.021522090853964514, 0.005952741299619469, 0.0011562968600909542, 0.00015773990474799026]","[1.5193637729129927e-19, 4.521187028951388e-19, 9.446786029435391e-19, 1.3861288980703663e-18, 1.4283352123646103e-18, 1.0336449137562714e-18, 5.253278576682626e-19, 1.8750315884283482e-19, 4.7000919678738816e-20, 8.274160510778677e-21, 1.0229665420109707e-21, 8.882165358155995e-23]","[4.007082635263554e-20, 8.247389834901083e-20, 1.1364123971339897e-19, 1.0770008697930526e-19, 7.106133666903889e-20, 3.2810976791837346e-20, 1.062412607854998e-20, 2.4145199954570746e-21, 3.852870308472606e-22, 4.3173355388339966e-23, 3.397426773717922e-24, 1.8775756797164359e-25]","[-1.505085963220834e-08, -2.8523356353284804e-08, -3.794234159659138e-08, -3.543823662360075e-08, -2.324349114931937e-08, -1.0706189016989902e-08, -3.463235834767726e-09, -7.867678685450084e-10, -1.2552495715417975e-10, -1.4064784630062907e-11, -1.1067661799235676e-12, -6.116437799671212e-14]","[8.079444603397532e-22, 2.405667504894915e-21, 5.0277523287428244e-21, 7.377965528598857e-21, 7.602924002511535e-21, 5.502106199549134e-21, 2.7963459602031465e-21, 9.980911880095622e-22, 2.5018914329750467e-22, 4.404394752417962e-23, 5.445324956185386e-24, 4.728041259761174e-25]","[2.1078933755074998e-22, 4.368210253106264e-22, 6.037195357086408e-22, 5.728844987111645e-22, 3.7819114901441857e-22, 1.746584784527682e-22, 5.655894585017416e-23, 1.285446883104342e-23, 2.0512278085568263e-24, 2.2985174773625973e-25, 1.8087690836220126e-26, 9.99610669909753e-28]","[124370.68504309692, 307006.49995680666, 757839.2849011532, 1870710.8214981686, 4617811.516760651, 11398973.566234183, 28138133.809073497, 69458409.53632106, 171456667.59741944, 423237287.75026715, 1044752614.4779805, 2578950525.0338607]",0.01020032589880965,760.0000000000001,fixed_lowT_slope
9180.0,1048.15,0.4841434491198474,1.0200652759420076e-08,1.0,4.504815717245717e-19,0.030247334352974428,12385729.978869777,374635.31587653304,0.9999973307446245,5.627723947075525e-07,6.970365526095318,9.611073638360827e+16,196072166.69747725,490180416.7436932,0.01245595143531563,0.17646495002772955,8.160260719047718e-09,1.8158922801531258e-15,1.8158922801531258e-15,4.425333293917086e-08,1.0,0.0007197542564588066,1.0,11298584.011452496,1.1874113472612763e-25,6.18448517032386e-20,4.7829208578680225e-21,2.903392375478404e-07,1.741639672743575e-22,560455.7764903875,0.16272231724891428,0.16272230282550199,1.442341229784816e-08,0.9999999113618062,False,5.053726738180698e-08,7.940110151373295e-08,0.4128374080667235,0.515908811942911,1.2073471302913075e-17,9.020090256315406e-19,"[8.166666666666667e-09, 1.0236517085738568e-08, 1.2830973311830731e-08, 1.6082997248964597e-08, 2.0159250138234185e-08, 2.526863369090349e-08, 3.167299598084116e-08, 3.970055075686648e-08, 4.976269789419122e-08, 6.237510700730634e-08, 7.818414472715056e-08, 9.8e-08]","[0.0018691765682114477, 0.008751721596899121, 0.028747367401548703, 0.0662883138639904, 0.10732987729064439, 0.12203763848575157, 0.09744836994862237, 0.05464750320520126, 0.021522068259472227, 0.005952738767958236, 0.0011562966608730419, 0.00015773989373840222]","[2.9736638015245482e-19, 8.851388537762236e-19, 1.8496740221172476e-18, 2.7141626932181605e-18, 2.7968615328166865e-18, 2.0240240296751153e-18, 1.0286701305048289e-18, 3.6715957268455603e-19, 9.203496547228965e-20, 1.6202071065131006e-20, 2.0031250341243402e-21, 1.739263962572611e-22]","[7.801290711177054e-20, 1.611016829049236e-19, 2.2231075614095427e-19, 2.1081929674731485e-19, 1.3913574349163423e-19, 6.424950291333562e-20, 2.0804736331581328e-20, 4.72832438504489e-21, 7.545080363874893e-22, 8.454666998086672e-23, 6.653211124237544e-24, 3.6768748855539913e-25]","[-2.8107707448241817e-08, -5.331372730522883e-08, -7.094374132981654e-08, -6.627098669298465e-08, -4.3468790198612044e-08, -2.0022632283137067e-08, -6.476977842489873e-09, -1.471426633223013e-09, -2.347592691822228e-10, -2.6304256125082427e-11, -2.0698979187123416e-12, -1.1439094723656908e-13]","[1.520533810385266e-21, 4.531317309897022e-21, 9.473583532266888e-21, 1.390395679632151e-20, 1.4328716768219525e-20, 1.0369687971827e-20, 5.2702558652701574e-21, 1.8811034222966953e-21, 4.715324460168547e-22, 8.300985008794172e-23, 1.0262834011565792e-23, 8.910966381714564e-25]","[3.945252597578603e-22, 8.209542897512337e-22, 1.1366568343479777e-21, 1.0794106862885266e-21, 7.127949351957976e-22, 3.292284305608258e-22, 1.066181291936251e-22, 2.4232199983786142e-23, 3.86684028690978e-24, 4.333029244740623e-25, 3.4097892083716443e-26, 1.8844105641981624e-27]","[66500.49889886583, 164155.12550443612, 405213.5799816726, 1000261.4593786873, 2469125.0159078827, 6094984.75325499, 15045345.579129135, 37139128.76886112, 91677182.05310374, 226303254.4867141, 558624969.0962344, 1378954345.1562147]",0.010200652759420076,775.0000000000001,fixed_lowT_slope
9360.0,1063.15,0.48423942380524143,1.0201282665678244e-08,1.0,4.58178560882299e-19,0.02777778256695599,6743480.037806494,187318.92223479695,0.9999946615395305,1.0336065243790543e-06,6.970142173925166,9.610457710902267e+16,196065883.93601033,490164709.8400258,0.012455153193329337,0.17645929554240927,8.160522207536061e-09,3.4994792120454094e-15,3.4994792120454094e-15,4.4260911317310344e-08,1.0,0.0006906029647379435,1.0,11296649.461540822,0.0,1.145333038734425e-19,8.858487302191652e-21,5.331926966334013e-07,3.3361070675456793e-22,564411.6115103243,0.3009401461489022,0.30094014915239353,0.0,1.0000000099803612,False,5.053726738180698e-08,7.940110151373295e-08,0.4127877749472064,0.5158565508801526,2.3205544609496025e-17,1.7315852659384e-18,"[8.166666666666667e-09, 1.0236517085738568e-08, 1.2830973311830731e-08, 1.6082997248964597e-08, 2.0159250138234185e-08, 2.526863369090349e-08, 3.167299598084116e-08, 3.970055075686648e-08, 4.976269789419122e-08, 6.237510700730634e-08, 7.818414472715056e-08, 9.8e-08]","[0.001864117180870764, 0.00874212512598418, 0.028734597528109338, 0.06627638508638566, 0.10732205290840864, 0.1220340344119406, 0.09744720409261072, 0.054647238348407276, 0.021522026002803774, 0.005952734033192133, 0.0011562962882914166, 0.00015773987314803172]","[5.710624660218027e-19, 1.7007759695576874e-18, 3.554919057925288e-18, 5.2168749165560324e-18, 5.376030551096201e-18, 3.890567864603976e-18, 1.9773161862534572e-18, 7.057581886979612e-19, 1.7691080575532349e-19, 3.114384408096051e-20, 3.850435156206183e-21, 3.3432379112812326e-22]","[1.490274538681854e-19, 3.0887345506014565e-19, 4.269089863235903e-19, 4.0511322027924963e-19, 2.6743883182687777e-19, 1.2351062041428427e-19, 3.999599958643385e-20, 9.090120382126395e-21, 1.4505392880312498e-21, 1.6254119638619795e-22, 1.2790831699306504e-23, 7.068813901110684e-25]","[-5.1510863255892634e-08, -9.786177602280697e-08, -1.303081711168379e-07, -1.217575216587371e-07, -7.987234116381663e-08, -3.679246352799286e-08, -1.1901939488922879e-08, -2.7038776140010485e-09, -4.313923293607132e-10, -4.833661143812757e-11, -3.80363916316457e-12, -2.1020455467397267e-13]","[2.8091060228078134e-21, 8.38488610754436e-21, 1.7541652210751224e-20, 2.575190836676804e-20, 2.6541459764826457e-20, 1.9208879440242293e-20, 9.762828779128437e-21, 3.484654598415744e-21, 8.73493942106316e-22, 1.5377242115787291e-22, 1.9011497779629502e-23, 1.6507219142695248e-24]","[7.249324061223767e-22, 1.515997192736985e-21, 2.103420358603215e-21, 1.999233000879484e-21, 1.3206772955313072e-21, 6.100882248251739e-22, 1.9758410980908567e-22, 4.4908049988978904e-23, 7.166247449483797e-24, 8.03024679086322e-25, 6.319249397136181e-26, 3.492317933648923e-27]","[36188.81655332221, 89331.35572715134, 220512.63003564917, 544330.9307177392, 1343669.8028957632, 3316821.5093586566, 8187506.261757147, 20210692.25376045, 49889681.70736274, 123151661.98217733, 303997366.38777155, 750411300.0438373]",0.010201282665678244,790.0000000000001,fixed_lowT_slope
9540.0,1078.15,0.48441266187766185,1.0202474588488182e-08,1.0,4.658755260703976e-19,0.025570427603774523,3734973.9452277217,95504.88086842957,0.9999895294405862,1.8660475036106513e-06,6.969711783324342,9.609270899252488e+16,196053777.30870157,490134443.27175397,0.012453615085431224,0.17644839957783143,8.161026132542595e-09,6.6217933885489945e-15,6.6217933885489945e-15,4.42748321641655e-08,1.0,0.000663100071830129,1.0,11293097.580721775,1.25571595860376e-24,2.0868870466179024e-19,1.6143465478868357e-20,9.624337356690203e-07,6.276774569827482e-22,568307.3764644796,0.5469582302549407,0.5469581913389694,3.891597133431901e-08,0.9999999288501952,False,5.053726738180698e-08,7.940110151373295e-08,0.4126966110496262,0.5157605761947585,4.3821539306715667e-17,3.2660630531170745e-18,"[8.166666666666667e-09, 1.0236517085738568e-08, 1.2830973311830731e-08, 1.6082997248964597e-08, 2.0159250138234185e-08, 2.526863369090349e-08, 3.167299598084116e-08, 3.970055075686648e-08, 4.976269789419122e-08, 6.237510700730634e-08, 7.818414472715056e-08, 9.8e-08]","[0.0018548452254847033, 0.008724510006300075, 0.028711142057308306, 0.06625446873248708, 0.10730767588699916, 0.12202741176850557, 0.09744506174350272, 0.05464675165043675, 0.02152194835218449, 0.005952725332602074, 0.0011562956036363671, 0.00015773983531121188]","[1.076701550127209e-18, 3.2100554689156722e-18, 6.712416455860508e-18, 9.85221842257428e-18, 1.0153493308764963e-17, 7.348166163847589e-18, 3.7346253664965754e-18, 1.3329960164127952e-18, 3.3413971533446034e-19, 5.882287988937764e-20, 7.272504756539493e-21, 6.314537356966377e-22]","[2.7951528697021323e-19, 5.817529497528029e-19, 8.05524650872169e-19, 7.649751604375568e-19, 5.051607450225131e-19, 2.3332650088281558e-19, 7.556113935206927e-20, 1.7173569380142597e-20, 2.7404638289383334e-21, 3.0708563862173593e-22, 2.416548061415163e-23, 1.3354986181678746e-24]","[-9.262314822383115e-08, -1.7649132476979172e-07, -2.3528987655891182e-07, -2.1995731304064817e-07, -1.4431932026675985e-07, -6.648467371497901e-08, -2.1507722922220195e-08, -4.886179364381435e-09, -7.795735482846467e-10, -8.734977885577492e-11, -6.8736164731940926e-12, -3.7986410821574783e-13]","[5.095558827703323e-21, 1.525493693020379e-20, 3.195251646701775e-20, 4.6930480765700774e-20, 4.8378883811129763e-20, 3.501609268888319e-20, 1.7797350210754802e-20, 6.352506099644847e-21, 1.5923830721017313e-21, 2.8032836196206313e-22, 3.465814367013333e-23, 3.009283018069287e-24]","[1.3081618177613892e-21, 2.7534330661388396e-21, 3.830564792667394e-21, 3.6448113472304725e-21, 2.408804806385504e-21, 1.1129508310877535e-21, 3.604683599298682e-22, 8.193174792174544e-23, 1.3074498638349446e-23, 1.4650898234214925e-24, 1.1529267396780442e-25, 6.371626904713793e-27]","[20025.71993128892, 49433.08130119131, 122024.55319032657, 301215.121318759, 743543.3848264504, 1835421.6836746356, 4530700.99963161, 11183943.030989151, 27607335.317547422, 68148144.28357908, 168222304.53877062, 415253328.49194026]",0.010202474588488181,805.0000000000001,fixed_lowT_slope
9720.0,1093.15,0.48472017538473144,1.0204690715046783e-08,1.0,4.735725554707576e-19,0.023591927273743204,2103128.837245789,49616.86257561476,0.9999798459678009,3.3135188672988583e-06,6.968897533959524,9.607025789003253e+16,196030872.96651262,490077182.4162816,0.012450705422548215,0.17642778566986136,8.161979670790546e-09,1.2311814214443944e-14,1.2311814214443944e-14,4.4299971375610884e-08,1.0,0.0006369021867911063,1.0,11286689.008455485,0.0,3.7462578318214376e-19,2.898824922204987e-20,1.7084083726087633e-06,1.1608872812701343e-21,572121.1853598943,0.9774165969614732,0.9774166232156937,0.0,1.0000000268608293,False,5.053726738180698e-08,7.940110151373295e-08,0.4125320069074237,0.515587338122338,8.13855061458379e-17,6.058904897056484e-18,"[8.166666666666667e-09, 1.0236517085738568e-08, 1.2830973311830731e-08, 1.6082997248964597e-08, 2.0159250138234185e-08, 2.526863369090349e-08, 3.167299598084116e-08, 3.970055075686648e-08, 4.976269789419122e-08, 6.237510700730634e-08, 7.818414472715056e-08, 9.8e-08]","[0.0018381730588044136, 0.008692741567841512, 0.0286687898795277, 0.06621487641613977, 0.10728169840935114, 0.12201544452723687, 0.09744119035337671, 0.05464587213815116, 0.021521808028945797, 0.00595270960964188, 0.001156294366385402, 0.00015773976693567241]","[1.9939021391138072e-18, 5.9559441163523545e-18, 1.2463869419923702e-17, 1.8299704960400422e-17, 1.886169239476832e-17, 1.3651062847846563e-17, 6.93814840443244e-18, 2.4764471143488675e-18, 6.207686683127719e-19, 1.09281985042549e-19, 1.3510970617163492e-20, 1.1731246789491093e-21]","[5.149844141672633e-19, 1.0773709016577939e-18, 1.4950263135523e-18, 1.421041202939042e-18, 9.387456101719038e-19, 4.336576504786112e-19, 1.4044544413944555e-19, 3.1921284006056774e-20, 5.093873583841234e-21, 5.708018068376045e-22, 4.4918161928356426e-23, 2.4823914610163574e-24]","[-1.632754105121953e-07, -3.127963035373926e-07, -4.1791182641353363e-07, -3.9102212229372835e-07, -2.566503447992895e-07, -1.1825008842643722e-07, -3.8256012827028814e-08, -8.691304010997617e-09, -1.3866817148817524e-09, -1.5537573231007326e-10, -1.222664653837207e-11, -6.75694833757735e-13]","[9.073399558706434e-21, 2.731024749088762e-20, 5.732755993065984e-20, 8.427425000516732e-20, 8.690608615135077e-20, 6.291070989622317e-20, 3.197699051422009e-20, 1.1413992871738683e-20, 2.8611736490316516e-21, 5.036923887081929e-22, 6.227365109044905e-23, 5.407074359516404e-24]","[2.318217912167654e-21, 4.9242507748861424e-21, 6.875664441455612e-21, 6.5518938068793026e-21, 4.3326369472354436e-21, 2.0023108339736984e-21, 6.4858235437638205e-22, 1.4742373086381305e-22, 2.35259510527915e-23, 2.636265942895538e-24, 2.0745687070245377e-25, 1.1465075301566274e-26]","[11258.1132274484, 27790.422935104652, 68600.09233421228, 169337.9290862741, 418007.2249396337, 1031842.3110790488, 2547081.704357128, 6287419.24905682, 15520366.20803141, 38311707.50502044, 94571668.7528744, 233448235.8825149]",0.010204690715046783,820.0000000000001,fixed_lowT_slope
9900.0,1108.15,0.48525717253266054,1.0208742106816343e-08,1.0,4.812698108558827e-19,0.021813696823658843,1203363.6097507754,26249.80895172713,0.9999619059358574,5.789703663872582e-06,6.967384116322436,9.602853575693627e+16,195988301.4436691,489970753.60917276,0.01244529823409894,0.1763894712993022,8.163752572037426e-09,2.2507732053110175e-14,2.2507732053110175e-14,4.434463199493608e-08,1.0,0.0006115711447674944,1.0,11275321.893687095,8.140469132428143e-24,6.637500488633633e-19,5.138704760333905e-20,2.983317488494642e-06,2.1122184500920353e-21,575816.891383729,1.7178446717590805,1.7178446022356983,6.952338216237308e-08,0.9999999595287145,False,5.053726738180698e-08,7.940110151373295e-08,0.41223966300040193,0.5152798246152683,1.4881814711862382e-16,1.1067830046396838e-17,"[8.166666666666667e-09, 1.0236517085738568e-08, 1.2830973311830731e-08, 1.6082997248964597e-08, 2.0159250138234185e-08, 2.526863369090349e-08, 3.167299598084116e-08, 3.970055075686648e-08, 4.976269789419122e-08, 6.237510700730634e-08, 7.818414472715056e-08, 9.8e-08]","[0.0018087834849122185, 0.008636438233204782, 0.028593565750773264, 0.0661444924341269, 0.10723550134728728, 0.1219941595113201, 0.09743430427106785, 0.054644307703429186, 0.021521558426237118, 0.0059526816420100645, 0.001156292165589025, 0.00015773964531060235]","[3.627114059680966e-18, 1.0871788664712126e-17, 2.2782830207442475e-17, 3.3469069961330543e-17, 3.4504787902011456e-17, 2.4974990629166733e-17, 1.2694006696992057e-17, 4.530965831261831e-18, 1.1357799251384693e-18, 1.9994661501002372e-19, 2.472022781344432e-20, 2.146398063662062e-21]","[9.32263638357441e-19, 1.9637360411372996e-18, 2.73264591301431e-18, 2.6003820881773166e-18, 1.7186202606742837e-18, 7.940736005938769e-19, 2.5719026792719433e-19, 5.845755556154312e-20, 9.328544773343704e-21, 1.0453296765588014e-21, 8.22603986547981e-23, 4.546105015298286e-24]","[-2.81597541668485e-07, -5.446874920047569e-07, -7.305526228876859e-07, -6.84616451675073e-07, -4.496376667930866e-07, -2.072209184485553e-07, -6.704662163946536e-08, -1.5232822978727113e-08, -2.430410536776762e-09, -2.7232595506767103e-10, -2.142961743542145e-11, -1.184290241828477e-12]","[1.5844856940277034e-20, 4.8152810206166017e-20, 1.0147066617766787e-19, 1.4940017649689956e-19, 1.5416338472112822e-19, 1.1162639969094644e-19, 5.674465955127115e-20, 2.0255513732448665e-20, 5.0775858928919634e-21, 8.938845825506309e-22, 1.1051509500959948e-22, 9.595776106046123e-24]","[4.031802618113734e-21, 8.68355064965103e-21, 1.2189811402110734e-20, 1.1640567269419778e-20, 7.704272203432082e-21, 3.561730795261138e-21, 1.1538664053976389e-21, 2.6229041447713215e-22, 4.185739371940413e-23, 4.690490415135012e-24, 3.6911227895943375e-25, 2.0398970245449746e-26]","[6423.29288173132, 15855.767499668153, 39139.638754221814, 96615.40015915342, 238493.14518535367, 588715.4657197719, 1453232.1224924407, 3587273.8611707664, 8855112.377343152, 21858664.336753603, 53957667.18997821, 133193401.19450894]",0.010208742106816344,835.0000000000001,fixed_lowT_slope
10080.0,1123.15,0.48617976683858966,1.02160288742767e-08,1.0,4.889675632117237e-19,0.020211115249044776,699388.8175843606,14135.427996090666,0.9999292607722208,9.957446026100058e-06,6.9646190741292955,9.595233204501022e+16,195910522.4790238,489776306.1975595,0.012435422233033325,0.1763194702311214,8.166993685453075e-09,4.048204144642149e-14,4.048204144642149e-14,4.442273082124408e-08,1.0,0.0005865126343180906,1.0,11255498.947419217,1.245063892734483e-23,1.1636101918217485e-18,9.016750162610665e-20,5.125523921828167e-06,3.783783614101451e-21,579337.21842675,2.969406829280975,2.9694067718516974,5.742927777774298e-08,0.9999999806596802,False,5.053726738180698e-08,7.940110151373295e-08,0.4117286796856759,0.5147428274673391,2.682931559140292e-16,1.99372992939813e-17,"[8.166666666666667e-09, 1.0236517085738568e-08, 1.2830973311830731e-08, 1.6082997248964597e-08, 2.0159250138234185e-08, 2.526863369090349e-08, 3.167299598084116e-08, 3.970055075686648e-08, 4.976269789419122e-08, 6.237510700730634e-08, 7.818414472715056e-08, 9.8e-08]","[0.001758095927411891, 0.008538394484643925, 0.02846206627865348, 0.06602126147282539, 0.10715456656726452, 0.12195685974599936, 0.09742223587917274, 0.054641565795293015, 0.0215211209523405, 0.005952632623338152, 0.0011562883082578868, 0.00015773943213835882]","[6.479188308930832e-18, 1.953929450182201e-17, 4.104755011942269e-17, 6.036110173077247e-17, 6.225419715181453e-17, 4.5067742573537094e-17, 2.2908045416220864e-17, 8.17695830310259e-18, 2.0497453858590228e-18, 3.608458398691373e-19, 4.4612944915172226e-20, 3.873637762750364e-21]","[1.6579881096179132e-18, 3.5267751580744845e-18, 4.926811965394242e-18, 4.6956841966728764e-18, 3.1053892572920583e-18, 1.4351851437408819e-18, 4.648862208987693e-19, 1.0566983016742691e-19, 1.686287564283645e-20, 1.889617951283104e-21, 1.4870060886749617e-22, 8.21791965947924e-24]","[-4.732779050342664e-07, -9.311514714278622e-07, -1.2574218409879922e-06, -1.1815955538638846e-06, -7.769018755374944e-07, -3.582054383938478e-07, -1.159189638465135e-07, -2.6338436435996916e-08, -4.202446547487105e-09, -4.708871574307983e-10, -3.7054789985303136e-11, -2.0478066588690822e-12]","[2.707624772787741e-20, 8.369651112919978e-20, 1.775753963312413e-19, 2.6217146033737555e-19, 2.708304597213605e-19, 1.961906401356123e-19, 9.975056667349465e-20, 3.560948090741328e-20, 8.926734605564759e-21, 1.5715277099440256e-21, 1.942962082339731e-22, 1.6870334430974587e-23]","[6.869939337726386e-21, 1.5126107151362645e-20, 2.141039194834484e-20, 2.0512331785177156e-20, 1.359370681730102e-20, 6.2877498512345554e-21, 2.037425892591688e-21, 4.631759509149845e-22, 7.391811224725449e-23, 8.283293572999956e-24, 6.518471506955632e-25, 3.602438098901239e-26]","[3714.722172133941, 9169.715934133503, 22635.256801559946, 55874.66985376859, 137925.48318039565, 340466.24275957386, 840433.9777240247, 2074594.136522623, 5121093.32246219, 12641314.44105683, 31204826.925655223, 77028478.96073924]",0.0102160288742767,850.0000000000001,fixed_lowT_slope
10260.0,1138.15,0.4877388139668779,1.0228929296836662e-08,1.0,4.966662439096695e-19,0.01876286368425502,412815.3961247547,7745.599004250509,0.9998709110927968,1.6856815625268624e-05,6.959651433545299,9.581550138658758e+16,195770785.75373557,489426964.3843389,0.01241768897970175,0.176193707178362,8.172823099421359e-09,7.166901422201646e-14,7.166901422201646e-14,4.455723275798354e-08,1.0,0.0005608936208057529,1.0,11221522.72596894,0.0,2.025823655408449e-18,1.572256530834678e-19,8.66137293493443e-06,6.679006463996395e-21,582593.924027984,5.046062879880018,5.046063245633226,0.0,1.0000000724828875,False,5.053726738180698e-08,7.940110151373295e-08,0.41084937561820534,0.5138202331614099,4.777429904419438e-16,3.548636853614223e-17,"[8.166666666666667e-09, 1.0236517085738568e-08, 1.2830973311830731e-08, 1.6082997248964597e-08, 2.0159250138234185e-08, 2.526863369090349e-08, 3.167299598084116e-08, 3.970055075686648e-08, 4.976269789419122e-08, 6.237510700730634e-08, 7.818414472715056e-08, 9.8e-08]","[0.001672905904505723, 0.00837078721978691, 0.028235730347275643, 0.06580857427312989, 0.10701472422966778, 0.12189238276708847, 0.09740137046568037, 0.05463682487673453, 0.021520364511961952, 0.005952547863649815, 0.0011562816383956895, 0.00015773906353316023]","[1.1352912899948766e-17, 3.460466650507797e-17, 7.301112145904612e-17, 1.0755196459150007e-16, 1.1100367990165942e-16, 8.03820577979473e-17, 4.08631474174499e-17, 1.4586664866436983e-17, 3.6565576148606794e-18, 6.437208276590618e-19, 7.958626239728738e-20, 6.91029796032579e-21]","[2.8945771904086625e-18, 6.249474445319761e-18, 8.780682516096314e-18, 8.387903918004765e-18, 5.552256484406243e-18, 2.566980116963102e-18, 8.316228815652732e-19, 1.8904150133212412e-19, 3.016813584734226e-20, 3.380610794423096e-21, 2.6603309599269755e-22, 1.4702308237501472e-23]","[-7.694598470512285e-07, -1.559736395953652e-06, -2.1313480968320555e-06, -2.012372147587298e-06, -1.3256833703770568e-06, -6.117067805509014e-07, -1.980168972909946e-07, -4.499798772139836e-08, -7.180054137675548e-09, -8.045470520634062e-10, -6.331150491471833e-11, -3.4988773731985612e-12]","[4.507562846643207e-20, 1.4355615151137333e-19, 3.0820505555643255e-19, 4.572023379848493e-19, 4.732108842585079e-19, 3.4306229081130766e-19, 1.7448042567145506e-19, 6.229487599634566e-20, 1.561714791456789e-20, 2.7494145376987267e-21, 3.399274102966699e-22, 2.95152891814769e-23]","[1.142601193928138e-20, 2.609013389630995e-20, 3.742401527393402e-20, 3.603995002266201e-20, 2.3933176353718895e-20, 1.1079420729994147e-20, 3.591276020982426e-21, 8.165291743879082e-22, 1.3031678494300072e-22, 1.4603675599584248e-23, 1.1492348764891628e-24, 6.351278162414399e-26]","[2174.1302173423815, 5366.796108305759, 13247.826757742681, 32701.99021191485, 80724.19600408064, 199266.03176984983, 491884.13614291075, 1214205.959942349, 2997242.6529542715, 7398632.3713242505, 18263373.14131484, 45082764.18643396]",0.010228929296836662,865.0000000000001,fixed_lowT_slope
10440.0,1153.15,0.4903278847707232,1.0251418446034771e-08,1.0,5.043665017126772e-19,0.0174503854601942,247490.7120758781,4318.808323542013,0.9997685082473335,2.8078892331108524e-05,6.9508741273622805,9.557397444306834e+16,195523885.439164,488809713.59791005,0.012386387087821655,0.1759714968952476,8.183143437469329e-09,1.2493971776727514e-13,1.2493971776727514e-13,4.478544059444819e-08,1.0,0.0005335434298995469,1.0,11164342.548903769,5.074416958300313e-22,3.521943037412187e-18,2.740715858102028e-19,1.438372668802999e-05,1.1627342399075319e-20,585456.8563782377,8.421052134648825,8.421051409777798,7.248710272023118e-07,0.9999999139215604,False,5.053726738180698e-08,7.940110151373295e-08,0.4093594824621422,0.5122611860331213,8.423912484154646e-16,6.25847649276471e-17,"[8.166666666666667e-09, 1.0236517085738568e-08, 1.2830973311830731e-08, 1.6082997248964597e-08, 2.0159250138234185e-08, 2.526863369090349e-08, 3.167299598084116e-08, 3.970055075686648e-08, 4.976269789419122e-08, 6.237510700730634e-08, 7.818414472715056e-08, 9.8e-08]","[0.001534403132036502, 0.008090034668515253, 0.027852087689845872, 0.06544634728656418, 0.10677610122299991, 0.12178227554658931, 0.09736572742416799, 0.05462872523894468, 0.02151907210221717, 0.005952403045180443, 0.0011562702423248048, 0.00015773843373523305]","[1.9466526023906538e-17, 6.044477377712517e-17, 1.2848803145920397e-16, 1.8984838542877293e-16, 1.9618163906819086e-16, 1.4213327014398268e-16, 7.226962403831181e-17, 2.57997425457792e-17, 6.4676442394829e-18, 1.1386154444448326e-18, 1.4077319625068796e-19, 1.2223050012991631e-20]","[4.951259339479311e-18, 1.0945698546655551e-17, 1.5517005265404437e-17, 1.4875094922083928e-17, 9.860228228075645e-18, 4.561275848362048e-18, 1.4780525653421098e-18, 3.360167527219476e-19, 5.362515713708239e-20, 6.0092724023482606e-21, 4.728953737607469e-22, 2.613460892984739e-23]","[-1.1940374925331096e-06, -2.5503473031553146e-06, -3.5569450277828704e-06, -3.3859088922790572e-06, -2.237867507067413e-06, -1.0339864609078512e-06, -3.3489397643789266e-07, -7.611894242714872e-08, -1.2146906149811244e-08, -1.3611466589686975e-09, -1.0711305253005866e-10, -5.9195818162454265e-12]","[7.247417163563429e-20, 2.4320886139646244e-19, 5.329322397295142e-19, 7.970487415150316e-19, 8.276729369640453e-19, 6.0083331933277e-19, 3.0574633838369665e-19, 1.0918461477501655e-19, 2.7374686136747096e-20, 4.819513109912898e-21, 5.958753397850306e-22, 5.1739093570081603e-23]","[1.8404465116605215e-20, 4.4701949950266597e-20, 6.553925434009146e-20, 6.364780018614848e-20, 4.240780148904744e-20, 1.9658176006364905e-20, 6.375428513125083e-21, 1.4498635576922854e-21, 2.3141642458582186e-22, 2.593412203202444e-23, 2.040912892995803e-24, 1.1279227522651281e-25]","[1285.0543987369426, 3172.130579433704, 7830.339651666405, 19329.033759828133, 47713.3256932281, 117779.37153999403, 290735.97697934357, 717675.8307070318, 1771568.1538011688, 4373079.863187124, 10794858.469749294, 26646888.01197797]",0.010251418446034772,880.0000000000001,fixed_lowT_slope
10620.0,1168.15,0.4945459399378571,1.0290030559014572e-08,1.0,5.120692426668873e-19,0.016257466939241544,150785.51941738892,2451.3905968445642,0.9995922346133251,4.597787306231022e-05,6.93562557945348,9.515510172350786e+16,195094953.0085367,487737382.52134174,0.012332101183366617,0.17558545770768302,8.201134756827818e-09,2.145117387766721e-13,2.145117387766721e-13,4.516694588358418e-08,1.0,0.0005028653745632502,1.0,11070042.26694291,0.0,6.165450985548195e-18,4.819658726395575e-19,2.343363981741084e-05,1.9982034933092124e-20,587746.3873544475,13.773036941625703,13.773037145248555,0.0,1.000000014784165,False,5.053726738180698e-08,7.940110151373295e-08,0.4068742406803408,0.5096721152292752,1.4763409951496582e-15,1.0982472874165006e-16,"[8.166666666666667e-09, 1.0236517085738568e-08, 1.2830973311830731e-08, 1.6082997248964597e-08, 2.0159250138234185e-08, 2.526863369090349e-08, 3.167299598084116e-08, 3.970055075686648e-08, 4.976269789419122e-08, 6.237510700730634e-08, 7.818414472715056e-08, 9.8e-08]","[0.0013194763833805421, 0.0076309721539472965, 0.027211837584844956, 0.06483688368595394, 0.10637328507172777, 0.1215961579836259, 0.09730544650840917, 0.054615023829307795, 0.021516885659110203, 0.005952158038781828, 0.0011562509619753494, 0.0001577373682105061]","[3.251187691832071e-17, 1.0422236882848842e-16, 2.244158346105165e-16, 3.3331715890147863e-16, 3.45162767721719e-16, 2.502832676238813e-16, 1.273039649473772e-16, 4.5452973205282176e-17, 1.1395087744097377e-17, 2.006127804229154e-18, 2.4803075741199345e-19, 2.153608685560632e-20]","[8.26406306046825e-18, 1.8992049537703538e-17, 2.73140710466209e-17, 2.6331698955590655e-17, 1.7493632496104184e-17, 8.099747529507731e-18, 2.6256296977046247e-18, 5.969921931065589e-19, 9.528011356253032e-20, 1.067741436811266e-20, 8.402596944999914e-22, 4.6437218470619695e-23]","[-1.7250485975835955e-06, -4.041569372498626e-06, -5.838462500400614e-06, -5.635509856811596e-06, -3.7455371456559075e-06, -1.7344901819051059e-06, -5.622890145003865e-07, -1.278512658591762e-07, -2.0405290071839256e-08, -2.2866951503007998e-09, -1.7995187656009765e-10, -9.945103776306823e-12]","[1.106046260440649e-19, 4.071334328480962e-19, 9.240596281767292e-19, 1.4013592582376615e-18, 1.4633396959036007e-18, 1.064676487735127e-18, 5.422757555468343e-19, 1.9372264663592293e-19, 4.857724786333642e-20, 8.552895702731236e-21, 1.0574894839880341e-21, 9.182137009804509e-23]","[2.822520269580578e-20, 7.637026303452826e-20, 1.1614632863245473e-19, 1.1437030605643043e-19, 7.662186825639335e-20, 3.559614266893325e-20, 1.1554559673693292e-20, 2.628612473892538e-21, 4.1962033249237466e-22, 4.7028310155456855e-23, 3.7010300701210926e-24, 2.0454161585275218e-25]","[764.8922965004182, 1888.1210368113977, 4660.788278245818, 11505.0608256121, 28400.008045601695, 70104.84074926775, 173052.36986511014, 427176.24625996564, 1054475.8532398923, 2602952.1416524895, 6425334.284242387, 15860806.66008725]",0.010290030559014571,895.0000000000001,fixed_lowT_slope
10800.0,1183.15,0.5012673080030798,1.0355316348930111e-08,1.0,5.197755940583964e-19,0.015169962187598382,93463.7611186892,1417.841722081243,0.9992951997503053,7.387601890286774e-05,6.90960047127488,9.444232519053026e+16,194362882.45498958,485907206.137474,0.01223972534469272,0.17492659420949064,8.232024447211656e-09,3.626988328641101e-13,3.626988328641101e-13,4.5795171961875295e-08,1.0,0.0004668345074306543,1.0,10918181.51520978,1.174519224206931e-21,1.1003881757064067e-17,8.668868337402021e-19,3.7340933695682116e-05,3.3929683989977593e-20,589240.6302407617,22.00279587578573,22.00279530462222,5.711635076011135e-07,0.9999999740413213,False,5.053726738180698e-08,7.940110151373295e-08,0.40279615502483773,0.5054540600621401,2.5861221725483326e-15,1.9298181952881385e-16,"[8.166666666666667e-09, 1.0236517085738568e-08, 1.2830973311830731e-08, 1.6082997248964597e-08, 2.0159250138234185e-08, 2.526863369090349e-08, 3.167299598084116e-08, 3.970055075686648e-08, 4.976269789419122e-08, 6.237510700730634e-08, 7.818414472715056e-08, 9.8e-08]","[0.0010089676358154948, 0.006903489666897544, 0.026160914334772845, 0.06382249191172785, 0.10569908838550972, 0.12128394975088298, 0.0972042344857991, 0.05459201060145314, 0.021513212706897274, 0.005951746433654774, 0.0011562185706375685, 0.00015773557809182638]","[5.2420709606252385e-17, 1.7750638674114575e-16, 3.9074656768232776e-16, 5.855618253842578e-16, 6.085639129843672e-16, 4.4192503541620417e-16, 2.249136009458074e-16, 8.03230495997483e-17, 2.0138992359497933e-17, 3.5456490307207764e-18, 4.383788645298396e-19, 3.806393347325444e-20]","[1.334459954571329e-17, 3.2738696883918624e-17, 4.822041020046275e-17, 4.691835404574813e-17, 3.128556878225499e-17, 1.4507053209915716e-17, 4.7054504389694175e-18, 1.0701424384072158e-18, 1.7081177341115776e-19, 1.9142510196094896e-20, 1.506445107121788e-21, 8.325470932411509e-23]","[-2.2088134862174735e-06, -6.1223893464337835e-06, -9.398869944163809e-06, -9.288956613459426e-06, -6.23210662572972e-06, -2.896926130917877e-06, -9.405669836093364e-07, -2.13995228972718e-07, -3.4162585260045504e-08, -3.82877930371356e-09, -3.0131885595908476e-10, -1.6652770125064644e-11]","[1.5433108404802244e-19, 6.720940924751789e-19, 1.6210617021561369e-18, 2.5171298037528577e-18, 2.6533120209710836e-18, 1.9377852361812085e-18, 9.884910086630004e-19, 3.533473644841993e-19, 8.862643213583449e-20, 1.5605857726082556e-20, 1.9296048915545008e-21, 1.675495788944179e-22]","[3.956798940672206e-20, 1.3049531488632526e-19, 2.1125447381317383e-19, 2.1291003170913036e-19, 1.4394176658316395e-19, 6.711456229487277e-20, 2.181744069645626e-20, 4.9663154492692265e-21, 7.929912912322847e-22, 8.888192422126628e-23, 6.995097515011156e-24, 3.865981423568811e-25]","[456.79168572232936, 1127.5809616581705, 2783.41061108281, 6870.792336272832, 16960.41077813449, 41866.42816206527, 103346.42420977514, 255108.54080028582, 629730.2309862898, 1554476.234209199, 3837192.8864437486, 9472032.39504359]",0.010355316348930112,910.0000000000001,fixed_lowT_slope
11025.075982703496,1209.1444051898588,0.5161778152205385,1.0515722942888707e-08,1.0,5.33141863430051e-19,0.013500363886434977,42803.00941908458,577.8562025921456,0.9982724552392771,0.00015891093057507518,6.813636920964829,9.183722949340395e+16,191663485.82179543,479158714.5544886,0.011902104942345152,0.1724971372396159,8.347964627376366e-09,8.671296205189956e-13,8.671296205189956e-13,4.79904236718294e-08,1.0,0.0003839198276677379,1.0,10418745.277581334,3.1074799907998147e-21,3.358781550971602e-17,2.7354554722980438e-18,7.803973563720033e-05,8.452610908100563e-20,589372.4700653693,45.99447241496686,45.994471755745174,6.592216834633291e-07,0.9999999856673716,False,5.053726738180698e-08,7.940110151373295e-08,0.388663599296229,0.4910910492738593,7.256641450604604e-15,5.502083717988359e-16,"[8.166666666666667e-09, 1.0236517085738568e-08, 1.2830973311830731e-08, 1.6082997248964597e-08, 2.0159250138234185e-08, 2.526863369090349e-08, 3.167299598084116e-08, 3.970055075686648e-08, 4.976269789419122e-08, 6.237510700730634e-08, 7.818414472715056e-08, 9.8e-08]","[0.0003154530928423833, 0.004663879789945409, 0.02252539925806761, 0.060150479721305154, 0.10321400293077937, 0.12012474120948637, 0.09682733355828789, 0.0545062101083731, 0.02149951219054463, 0.005950210801303304, 0.001156097714218854, 0.00015772889870525864]","[1.0387153121346788e-16, 4.414487991381698e-16, 1.0663310205770554e-15, 1.6590981258919964e-15, 1.7506479350368111e-15, 1.2791165553423126e-15, 6.52616512509846e-16, 2.3330299677251116e-16, 5.851877244163059e-17, 1.030445567129956e-17, 1.2741132183468752e-18, 1.1063279115770855e-19]","[2.641701542420039e-17, 8.5569647674355e-17, 1.3924685151124085e-16, 1.4080700629771875e-16, 9.533981563270606e-17, 4.448180074539327e-17, 1.4463847135996648e-17, 3.292766672655526e-18, 5.257920473952305e-19, 5.893410920231455e-20, 4.638207362893731e-21, 2.5634060903062006e-22]","[-1.693805500377888e-06, -1.0144871563495731e-05, -1.984916118919143e-05, -2.147233194325264e-05, -1.492619786874582e-05, -7.037420374575165e-06, -2.2979969996686725e-06, -5.240442099543403e-07, -8.37376951848105e-08, -9.388478258578858e-09, -7.389717759552839e-10, -4.0842755625063675e-11]","[1.5851067697743417e-19, 1.4916135060345579e-18, 4.585288694468325e-18, 7.793248243420685e-18, 8.511444360909945e-18, 6.304960005234263e-18, 3.2346930195326426e-18, 1.1589543047401417e-18, 2.909605849237822e-19, 5.125345362762341e-20, 6.338267343184893e-21, 5.503925033187396e-22]","[3.621274814256587e-20, 3.252096521133222e-19, 6.757210253105128e-19, 7.444433703729952e-19, 5.209433071565085e-19, 2.4625079384490982e-19, 8.04935419747774e-20, 1.8363673630092313e-20, 2.934846481803857e-21, 3.290705589326025e-22, 2.590201769970291e-23, 1.4316129177313894e-24]","[186.23926582597926, 459.72783004246565, 1134.8287740407634, 2801.301688157189, 6914.956095208991, 17069.428116511805, 42135.53523883998, 104010.70954132323, 256748.31559544176, 633777.9816304323, 1564468.02413305, 3861857.416115829]",0.010515722942888706,935.9944051898589,fixed_lowT_slope
11214.297622545946,1228.194457710927,0.5365504301952527,1.076622113627059e-08,1.0,5.429408017834745e-19,0.012431040924151128,25380.138034943222,315.50153457298376,0.9968404576573406,0.00026144769272845857,6.656610372697101,8.765305823872525e+16,187246423.9858537,468116059.9646344,0.01135983634773879,0.16852178158726838,8.544889488094458e-09,1.5830122449494586e-12,1.5830122449494586e-12,5.135528878228624e-08,1.0,0.00030135187182672376,1.0,9736095.577608023,0.0,9.228866423161246e-17,8.110892863095067e-18,0.00012289529944985712,1.7466855813690532e-19,588566.4136012783,72.33204347614252,72.33204564565756,0.0,1.0000000299938303,False,5.053726738180698e-08,7.940110151373295e-08,0.36740473995341505,0.47005692866255994,1.827940763517717e-14,1.4473137346071677e-15,"[8.166666666666667e-09, 1.0236517085738568e-08, 1.2830973311830731e-08, 1.6082997248964597e-08, 2.0159250138234185e-08, 2.526863369090349e-08, 3.167299598084116e-08, 3.970055075686648e-08, 4.976269789419122e-08, 6.237510700730634e-08, 7.818414472715056e-08, 9.8e-08]","[3.533430290035665e-05, 0.002301565173459204, 0.017257532168374654, 0.05415047972130515, 0.09895623227252946, 0.11810051297925181, 0.09616411568084532, 0.0543547612501954, 0.02147529863607086, 0.005947495426732186, 0.0011558839664030465, 0.00015771708449250873]","[1.3272944439487702e-16, 8.415755534821326e-16, 2.488851781723003e-15, 4.218431664369235e-15, 4.6101045902444046e-15, 3.4167772551345134e-15, 1.7533863701647707e-15, 6.282876029341791e-16, 1.5774155431276303e-16, 2.778709724320768e-17, 3.4363222986722085e-18, 2.983988754139788e-19]","[3.190017792884993e-17, 1.7771685404979382e-16, 3.631367705374906e-16, 4.024027267252693e-16, 2.826997474657423e-16, 1.3387646279756099e-16, 4.379496166458097e-17, 9.994511194835673e-18, 1.5975117444984477e-18, 1.7913099095682357e-19, 1.410017931281026e-20, 7.793282761920553e-22]","[-3.651070544772004e-07, -9.634239313964099e-06, -2.9264647696489435e-05, -3.7199523166258396e-05, -2.7539032076252958e-05, -1.331458886416381e-05, -4.391971110623358e-06, -1.0056676520832648e-06, -1.609631848028309e-07, -1.805892595293201e-08, -1.4218130499599415e-09, -7.859183929050703e-11]","[5.397402426759027e-20, 2.2376738036249244e-18, 1.067916802930098e-17, 2.1327810075883337e-17, 2.4806890839842494e-17, 1.884370064287563e-17, 9.765909209499707e-18, 3.513358448576718e-18, 8.83505603090458e-19, 1.557361524479709e-19, 1.9264369151249348e-20, 1.6730330504876916e-21]","[-3.82892418285868e-21, 5.728204341974711e-19, 1.879250260195761e-18, 2.4316893727064885e-18, 1.8108667878865173e-18, 8.774628496733265e-19, 2.8969360200553037e-19, 6.63567876667454e-20, 1.0622297893360555e-20, 1.1918140993373144e-21, 9.383591390838561e-23, 5.1869025742094344e-24]","[96.77792435687695, 238.8943328533743, 589.7057892976054, 1455.6767160505437, 3593.3082905212163, 8870.008243147418, 21895.434477754712, 54048.43353328329, 133417.4560622459, 329338.2697417043, 812964.8032388032, 2006787.0394217775]",0.010766221136270591,955.0444577109271,fixed_lowT_slope
11419.416909603611,1246.8064707317558,0.5681065778936484,1.1226457073306813e-08,1.0,5.524954259374541e-19,0.011508811968426702,15979.390614876556,183.90380195665662,0.9945917823786317,0.0003976539167917329,6.388819391564756,8.074246810327142e+16,179713625.64176533,449284064.1044133,0.010464223866183975,0.16174226307758877,8.903053367747322e-09,2.7473943284922513e-12,2.7473943284922513e-12,5.699179899123981e-08,1.0,0.0002125240517585039,1.0,8773192.088160874,0.0,3.081630956662182e-16,3.1349853045571286e-17,0.00017420604763992802,4.0298690203713883e-19,591125.6195917958,102.97765393720384,102.97765784779035,0.0,1.0000000379750982,False,5.053726738180698e-08,7.940110151373295e-08,0.3336620127439541,0.4380845762702338,5.308195346863676e-14,4.663906224144181e-15,"[8.166666666666667e-09, 1.0236517085738568e-08, 1.2830973311830731e-08, 1.6082997248964597e-08, 2.0159250138234185e-08, 2.526863369090349e-08, 3.167299598084116e-08, 3.970055075686648e-08, 4.976269789419122e-08, 6.237510700730634e-08, 7.818414472715056e-08, 9.8e-08]","[3.473959473736642e-07, 0.0005687192030163447, 0.01025993598756437, 0.04415047972130514, 0.09119269916257525, 0.11427397541721176, 0.09489199713029015, 0.054062550715056806, 0.021428468623955584, 0.005942238704824135, 0.0011554700078302373, 0.0001576942006566573]","[1.3853471412457733e-16, 1.3582970247429557e-15, 5.933463866753554e-15, 1.209374301167507e-14, 1.428351312695305e-14, 1.0928631348900668e-14, 5.681356755256807e-15, 2.0465185442867797e-15, 5.149068873820401e-16, 9.078221011363262e-17, 1.1230611065129341e-17, 9.753673824901254e-19]","[2.8565594101569026e-17, 3.219549938044988e-16, 1.047370614067544e-15, 1.4225426178085812e-15, 1.0866457115943697e-15, 5.32423366621564e-16, 1.7659439921888164e-16, 4.0527159800115116e-17, 6.492530805659385e-18, 7.286851039102596e-19, 5.737933682067508e-20, 3.1718806671865266e-21]","[-6.660388433970492e-09, -4.4171602855028086e-06, -3.2281995552801125e-05, -5.627579059639125e-05, -4.708870039354584e-05, -2.390421169167888e-05, -8.041316077602515e-06, -1.8559425739995074e-06, -2.9800914642655264e-07, -3.3477961673952466e-08, -2.637169517297912e-09, -1.4580269385011076e-10]","[2.0550306646968982e-21, 2.141295871338359e-18, 2.4587176916757516e-17, 6.734179212393467e-17, 8.853083111458403e-17, 7.061013390104028e-17, 3.7319388075032226e-17, 1.3532769578413105e-17, 3.414023596239064e-18, 6.025744385012911e-19, 7.457693251238883e-20, 6.4780871901602934e-21]","[-2.375130868721418e-20, 6.809876885563911e-19, 5.659288597959795e-18, 1.0044700710247639e-17, 8.448448241528206e-18, 4.2966914403317875e-18, 1.446421153217867e-18, 3.3392919615105555e-19, 5.362515532724197e-20, 6.024455591885306e-21, 4.745750140258322e-22, 2.623829547281429e-23]","[52.15851159698342, 128.75222230057858, 317.82223533185856, 784.5377071279446, 1936.6153323499764, 4780.495457919277, 11800.555557639738, 29129.430766035737, 71905.40586054411, 177497.0281254457, 438147.79453925707, 1081558.8964273278]",0.011226457073306812,973.6564707317558,fixed_lowT_slope
11604.359722554205,1262.8833541277013,0.6048691386828798,1.1890582974295761e-08,1.0,5.607063172418139e-19,0.010813377728485299,11169.45509818011,120.77953699797737,0.9917884397933242,0.0005362593556105787,6.039317008698064,7.215001934944291e+16,169882334.98447436,424705837.46118593,0.0093506425076878,0.15289410148602695,9.418283543996641e-09,4.271799544456974e-12,4.271799544456974e-12,6.460765208858276e-08,1.0,0.0001414373106722472,1.0,7739021.367228392,1.1605371869929656e-19,1.0418883736814548e-15,1.2832256657763475e-16,0.00021507116322221022,9.87811129465932e-19,601139.5673117368,129.28779224095044,129.28778600063137,6.240319066819211e-06,0.9999999517331145,False,5.053726738180698e-08,7.940110151373295e-08,0.29231916937482977,0.4010581092375349,1.5675513798522367e-13,1.6145684241768175e-14,"[8.166666666666667e-09, 1.0236517085738568e-08, 1.2830973311830731e-08, 1.6082997248964597e-08, 2.0159250138234185e-08, 2.526863369090349e-08, 3.167299598084116e-08, 3.970055075686648e-08, 4.976269789419122e-08, 6.237510700730634e-08, 7.818414472715056e-08, 9.8e-08]","[4.040680540915683e-11, 6.004659349703006e-05, 0.0045582734391974005, 0.032205316268910496, 0.0804133370213442, 0.10863111758143248, 0.09296993352871248, 0.053616688671844576, 0.021356729656353823, 0.005934172951442206, 0.001154834428177372, 0.000157659056215976]","[1.3864971471597292e-16, 1.6812106253582169e-15, 1.2179506963404435e-14, 3.337095747854343e-14, 4.484793577542512e-14, 3.619714830471819e-14, 1.923205482238911e-14, 6.989301277277709e-15, 1.7648418761870435e-15, 3.1160877772033e-16, 3.85716592083811e-17, 3.3507102757257327e-18]","[2.4143155403119495e-17, 4.3021453302131707e-16, 2.705221359470117e-15, 5.129123929602207e-15, 4.5073904743723065e-15, 2.3385863806649102e-15, 7.9390510634995835e-16, 1.839208892425607e-16, 2.9577239863353997e-17, 3.3247237725918297e-18, 2.619651196248608e-19, 1.4484886108600545e-20]","[-1.280096548446929e-12, -7.706320035938263e-07, -2.3698971365617203e-05, -6.78308324292625e-05, -6.861169041346358e-05, -3.754868549773553e-05, -1.3018275760148579e-05, -3.041454970863475e-06, -4.907797199590404e-07, -5.524366893453347e-08, -4.355244018398367e-09, -2.4086968723745134e-10]","[9.595739004445441e-25, 9.076088029128532e-19, 4.385265848875421e-17, 1.9720065332686062e-16, 3.1339646535110845e-16, 2.6946693616795016e-16, 1.4678409022201849e-16, 5.3879267367381033e-17, 1.3659716035154635e-17, 2.4157520046271925e-18, 2.9922446530480586e-19, 2.6000489681159145e-20]","[-2.1027033810777194e-20, 3.0800462462618593e-19, 1.375335793765606e-17, 4.0174380232378937e-17, 4.083154691047861e-17, 2.2381262395235288e-17, 7.76431957835098e-18, 1.814402327844168e-18, 2.9280584844930107e-19, 3.2960375857318766e-20, 2.5985364124380295e-21, 1.4371469034298154e-22]","[31.565435793245587, 77.91863459732274, 192.34056064604587, 474.78875189237675, 1172.0063525145972, 2893.073782515869, 7141.493638759071, 17628.63142327657, 43515.91719832315, 107418.15425898848, 265159.5233926893, 654540.8765385841]",0.01189058297429576,989.7333541277013,fixed_lowT_slope
11786.82938131273,1278.7158225865019,0.6471332237365278,1.2875797507543244e-08,1.0,5.687215198272381e-19,0.01022614891362353,8155.038563776457,83.39463874952061,0.9881509060905166,0.0006757936249016431,5.577207932784727,6.1531070569802024e+16,156883486.15428206,392208715.3857051,0.007974426745846341,0.14119513753885385,1.0198651491123363e-08,6.361589773974826e-12,6.361589773974826e-12,7.559020809377507e-08,1.0,8.572720387814409e-05,1.0,6614613.355472102,3.7159383615974776e-20,3.8838414848675536e-15,6.094348480722631e-16,0.00024173888439739475,2.9101824544729465e-18,624500.8857430657,150.96614886850764,150.9661474247136,1.4437940478728706e-06,0.999999990436306,False,5.053726738180698e-08,7.940110151373295e-08,0.24106509320120484,0.35771110512054893,5.326780548143638e-13,6.859009322718645e-14,"[8.166666666666667e-09, 1.0236517085738568e-08, 1.2830973311830731e-08, 1.6082997248964597e-08, 2.0159250138234185e-08, 2.526863369090349e-08, 3.167299598084116e-08, 3.970055075686648e-08, 4.976269789419122e-08, 6.237510700730634e-08, 7.818414472715056e-08, 9.8e-08]","[7.571740349669434e-21, 1.3765157049310477e-06, 0.001214777320993718, 0.01934639840329715, 0.06566910865499531, 0.1001351384546529, 0.0899618122936199, 0.05290788302402945, 0.02124195812701135, 0.0059212357997777115, 0.0011538139229590406, 0.00015760260350749917]","[1.3864974568658084e-16, 1.7700637755221781e-15, 2.1684416617883248e-14, 9.498356797627055e-14, 1.5883521604259459e-13, 1.4047322647657308e-13, 7.748072953693634e-14, 2.8589572584879325e-14, 7.263725892013148e-15, 1.2857291843648077e-15, 1.5931191287145924e-16, 1.384506876859237e-17]","[2.0430625488607963e-17, 4.502718425540914e-16, 6.226462977075731e-15, 2.036443606700426e-14, 2.2691401348285036e-14, 1.2978131759290463e-14, 4.58384460973029e-15, 1.0791172484493986e-15, 1.746716630347101e-16, 1.9686380991862553e-17, 1.5528083822606354e-18, 8.589689974246376e-20]","[-3.7685603746864103e-22, -2.7754371127265033e-08, -9.92241419402369e-06, -6.401640175506611e-05, -8.802838011073011e-05, -5.43774136215185e-05, -1.9790679073033345e-05, -4.7151264183639056e-06, -7.668986282075449e-07, -8.660166159315429e-08, -6.836284054204893e-09, -3.7828417023275966e-10]","[-1.739638479060764e-29, 9.55152740922252e-20, 5.365047351041256e-17, 5.438288448631884e-16, 1.1749204460325058e-15, 1.140299858927662e-15, 6.520426318728691e-16, 2.4407506217207655e-16, 6.237101337594669e-17, 1.1065876936802336e-17, 1.37244352671727e-18, 1.1931837317312687e-19]","[-1.772905763105406e-20, -8.831840660142593e-20, 2.4128143029081674e-17, 1.6021342931168091e-16, 2.2139326460719804e-16, 1.369650848225521e-16, 4.9875630827027636e-17, 1.1885373865579321e-17, 1.933276771824071e-18, 2.1832175270606807e-19, 1.723442617265286e-20, 9.536682000833278e-22]","[20.09186425811075, 49.596357223125885, 122.4275964739895, 302.21002544502, 745.9992853712714, 1841.4840240769915, 4545.665763243127, 11220.88324460829, 27698.521480811236, 68373.23546510076, 168777.9375184604, 416624.8971256865]",0.012875797507543245,1005.5658225865019,fixed_lowT_slope
11976.66438680912,1294.9150518232832,0.6940725359510173,1.4365119717238178e-08,1.0,5.76815734176896e-19,0.009729843309526495,6128.348252411793,59.627868242177264,0.9835059349933679,0.0008022602473364446,4.9989837476834005,4.9433828682889064e+16,140618389.52695918,351545973.817398,0.006406624197302422,0.1265565505742633,1.1378312647317368e-08,9.185679887097121e-12,9.185679887097121e-12,9.154928085143576e-08,1.0,4.684576033591428e-05,1.0,5461539.351809759,3.5307985876643804e-21,1.5312406146427975e-14,3.220989583602772e-15,0.0002485205677243376,1.0296710756172313e-17,669837.4291207874,166.46837826965847,166.4683781681088,1.0154965934816573e-07,0.9999999993899763,False,6.334599196168232e-08,7.940110151373295e-08,0.18181898718749645,0.30977549809741634,2.060275026823178e-12,3.5045703910353754e-13,"[8.166666666666667e-09, 1.0236517085738568e-08, 1.2830973311830731e-08, 1.6082997248964597e-08, 2.0159250138234185e-08, 2.526863369090349e-08, 3.167299598084116e-08, 3.970055075686648e-08, 4.976269789419122e-08, 6.237510700730634e-08, 7.818414472715056e-08, 9.8e-08]","[0.0, 2.621930435763137e-09, 0.00014486528059907825, 0.008584950032668365, 0.0475932493843766, 0.08799118169962404, 0.08538706379841121, 0.05180255091149111, 0.02106115304345953, 0.005900771276536515, 0.0011521969533690403, 0.0001575130949504303]","[1.386497456764537e-16, 1.775776170610237e-15, 3.06906937227479e-14, 2.5635018799392434e-13, 6.05779033765185e-13, 6.211941227703335e-13, 3.6413485384634967e-13, 1.377339940328075e-13, 3.534780621512408e-14, 6.2823774223187515e-15, 7.7972353978673395e-16, 6.780759831359094e-17]","[1.724266354940889e-17, 4.24808516511471e-16, 1.1026238665762056e-14, 7.99240696172258e-14, 1.299670011546338e-13, 8.697877362265685e-14, 3.2752218166904607e-14, 7.913466960733481e-15, 1.2944828755464834e-15, 1.4651897589596645e-16, 1.1577027298179588e-17, 6.4085681951377915e-19]","[0.0, -7.94199772233241e-11, -1.7776381461920582e-06, -4.267635085845952e-05, -9.584408553395967e-05, -7.17843161411004e-05, -2.8219736415417187e-05, -6.935575047162347e-06, -1.1423098698439084e-06, -1.296525378834861e-07, -1.025579709278734e-08, -5.679757824291075e-10]","[-1.3436439402463824e-28, 9.183683828555592e-22, 3.2295768865895987e-17, 1.2181599477669977e-15, 4.29830401218982e-15, 5.0579688519393576e-15, 3.124023614638136e-15, 1.2063090959090145e-15, 3.121582578753423e-16, 5.566557420698643e-17, 6.918148225872187e-18, 6.019563958691874e-19]","[-1.4892309426830056e-20, -1.47605761666819e-19, 2.1476475158466052e-17, 5.485241999574703e-16, 1.2391789807914457e-15, 9.295521863570308e-16, 3.656212636400993e-16, 8.987736402626197e-17, 1.4804274253459142e-17, 1.6803447538604597e-18, 1.3292066757585596e-19, 7.361312023398471e-21]","[Infinity, 33.01348763158707, 81.49312103219619, 201.16410752037424, 496.5694974210303, 1225.771678686291, 3025.792393714989, 7469.106823764504, 18437.337888306476, 45512.192610061495, 112345.91938049877, 277323.61101169034]",0.014365119717238178,1021.7650518232832,fixed_lowT_slope
12158.051645888594,1310.2450051983128,0.7382152026892632,1.634884622280853e-08,0.9999999999999992,5.8435142015060625e-19,0.009356906675753913,4810.780379211392,45.01402304582901,0.9782674946938671,0.0008931943307500393,4.392420053460125,3.816528675572062e+16,123556119.6472609,308890299.1181522,0.004946221163541393,0.1112005076825348,1.2949581166581016e-08,1.2536786403579095e-11,1.2536786403579095e-11,1.1221046818758883e-07,1.0,2.4753310098683695e-05,1.0,4455912.252002377,0.0,5.107218730642309e-14,1.4836620923924185e-14,0.0002365527540531171,3.583021395237685e-17,739984.7723039566,175.04542754124103,175.04543584586972,0.0,1.0000000474427055,False,6.334599196168232e-08,9.952539578838244e-08,0.12598474010886426,0.2648390679399163,7.344992696729907e-12,1.6780915996510803e-12,"[8.166666666666667e-09, 1.0236517085738568e-08, 1.2830973311830731e-08, 1.6082997248964597e-08, 2.0159250138234185e-08, 2.526863369090349e-08, 3.167299598084116e-08, 3.970055075686648e-08, 4.976269789419122e-08, 6.237510700730634e-08, 7.818414472715056e-08, 9.8e-08]","[0.0, 2.8616156376348184e-13, 7.443791784824173e-06, 0.0027954782792780505, 0.030562759073735166, 0.07367243148167264, 0.079482506911004, 0.050322786996616076, 0.020815490982203946, 0.005872798717479488, 0.0011499813764944574, 0.00015739032936149913]","[1.3864974560679895e-16, 1.7758102187242334e-15, 3.4247823542924544e-14, 5.313870208512861e-13, 1.9591548378793174e-12, 2.453047311051492e-12, 1.562467458491005e-12, 6.114058279450214e-13, 1.5908943421234012e-13, 2.843365737582165e-14, 3.5369928808850627e-15, 3.078725354830416e-16]","[1.4700851531366573e-17, 3.9836285382862444e-16, 1.3674769988921887e-14, 2.345186250971733e-13, 6.293657171355632e-13, 5.218298063263668e-13, 2.1454828699297774e-13, 5.37246541240649e-14, 8.916618719484654e-15, 1.0151965060849696e-15, 8.040582183981798e-17, 4.455233243027261e-18]","[0.0, -1.2067599553402429e-14, -1.271669521568151e-07, -1.9346687825959425e-05, -8.568671940289371e-05, -8.36751341722145e-05, -3.657071289684923e-05, -9.379874147600897e-06, -1.5717716143799357e-06, -1.7964633211255523e-07, -1.4250644355384014e-08, -7.901184358470736e-10]","[-9.052430575565378e-28, 4.274859074056744e-25, 7.15542852778149e-18, 1.710341303483861e-15, 1.1901575267964203e-14, 1.8260056674777866e-14, 1.2538740145353417e-14, 5.052801752723017e-15, 1.3302689699829874e-15, 2.388818456312357e-16, 2.9772415050085793e-17, 2.593501656796867e-18]","[-1.2629344203482e-20, -1.3863894492599913e-19, 6.047962975392807e-18, 1.2000323764283775e-15, 5.35972062561282e-15, 5.243224554109722e-15, 2.2929054100983635e-15, 5.88224339729339e-16, 9.857617293247928e-17, 1.1267186095174515e-17, 8.93794128200575e-19, 4.955615106621376e-20]","[Infinity, 23.713213427172377, 58.53558380203144, 144.49389499773042, 356.6802333746837, 880.4578828645201, 2173.39232995515, 5364.9746472864135, 13243.330514284458, 32690.891310822633, 80696.798531779, 199198.4014304937]",0.01634884622280853,1037.0950051983127,fixed_lowT_slope
12338.240945110088,1325.3886435741902,0.7786857956701745,1.898050292079877e-08,0.9999999999999968,5.916613338600175e-19,0.009076851557334564,3866.643202798173,35.09694637697571,0.9722968256218525,0.0009513668786352833,3.7834087062735176,2.831570090798652e+16,106424998.7700005,266062496.92500123,0.0036697148376750527,0.09578249889300045,1.503406171944457e-08,1.6517720042937175e-11,1.6517720042937175e-11,1.3905866091790918e-07,1.0,1.2666264054256698e-05,1.0,3595604.881418829,5.997961002668592e-19,1.367053101205646e-13,5.864295165859964e-14,0.00021285492685110466,1.1661782522838936e-16,842650.8593341568,179.36239756274105,179.36238702459244,1.0538148615069076e-05,0.9999999412466115,False,6.334599196168232e-08,9.952539578838244e-08,0.07804342355915372,0.22373590210294103,2.2972748306129356e-11,7.278877888387667e-12,"[8.166666666666667e-09, 1.0236517085738568e-08, 1.2830973311830731e-08, 1.6082997248964597e-08, 2.0159250138234185e-08, 2.526863369090349e-08, 3.167299598084116e-08, 3.970055075686648e-08, 4.976269789419122e-08, 6.237510700730634e-08, 7.818414472715056e-08, 9.8e-08]","[0.0, 5.089014390527673e-19, 1.2803192228973755e-07, 0.0006140996554652023, 0.016846888085821687, 0.05804322544352124, 0.07219710466602108, 0.048404196309132064, 0.020490523082082105, 0.0058354940716949825, 0.0011470169088233545, 0.00015722584845701617]","[1.3864974517729236e-16, 1.7758102274303007e-15, 3.4775319595865076e-14, 8.226623304876534e-13, 5.0538129282512765e-12, 8.153573233510798e-12, 5.784644482915649e-12, 2.3662476772200855e-12, 6.269324156417495e-13, 1.1287524882529109e-13, 1.4082904436395784e-14, 1.2273052719843365e-15]","[1.257119322217429e-17, 3.739648887342801e-16, 1.3993757049191458e-14, 4.910386033421508e-13, 2.4500742863583267e-12, 2.6911792358772488e-12, 1.2434942987948983e-12, 3.265772348974616e-13, 5.5260871474171356e-14, 6.341268344254818e-15, 5.038425832951874e-16, 2.795358471108594e-17]","[0.0, -2.830413103831515e-20, -2.884727996051083e-09, -5.605261946940662e-06, -6.229414166290696e-05, -8.694598049930486e-05, -4.381150869697749e-05, -1.1899313245271887e-05, -2.040621157932899e-06, -2.3542762896837757e-07, -1.8746494707342212e-08, -1.040985446383397e-09]","[-5.244412949868185e-27, -2.7208335873779074e-26, 4.2973304209499093e-19, 1.3119122305728923e-15, 2.2907138760575084e-14, 5.0232861906964465e-14, 3.976869986972037e-14, 1.697031303524405e-14, 4.572409443209379e-15, 8.288098961353674e-16, 1.0368891830989024e-16, 9.046314847078999e-18]","[-1.0733858686884465e-20, -1.2935427229790935e-19, -1.1661351830085422e-18, 1.5164125750661796e-15, 1.710610830456138e-14, 2.392912619574379e-14, 1.2065669812172985e-14, 3.2778408406100868e-15, 5.621705079276407e-16, 6.486029027594594e-17, 5.16473304917305e-18, 2.8679727807038896e-19]","[Infinity, 17.97975844458429, 44.382667088543876, 109.5577086812823, 270.44096982643174, 667.578019250531, 1647.9027272348164, 4067.8142772958054, 10041.316587562249, 24786.785209814097, 61185.67373420036, 151035.58748419772]",0.01898050292079877,1052.23864357419,fixed_lowT_slope
12522.496074310979,1340.820427460184,0.8150658083728268,2.247869371878893e-08,0.9999999999999887,5.989660644968114e-19,0.008875204658544229,3142.1510607818095,27.887233732500405,0.9653826320214621,0.0009815045686618101,3.1946251369569754,2.0188339882373584e+16,89862873.05082914,224657182.62707284,0.0026164088487556163,0.08087658574574622,1.780490591587242e-08,2.1295808986336648e-11,2.1295808986336648e-11,1.7420400785711734e-07,1.0,6.27514005288002e-06,1.0,2870198.0290264133,0.0,2.8133115183325037e-13,1.9520641345828642e-13,0.00018339495525710112,3.4433706447920116e-16,989347.7807153249,181.44138638975326,181.4413919779993,0.0,1.0000000307991808,False,6.334599196168232e-08,9.952539578838244e-08,0.041442451022760236,0.18685084209098168,6.02000987532461e-11,2.792595943474836e-11,"[8.166666666666667e-09, 1.0236517085738568e-08, 1.2830973311830731e-08, 1.6082997248964597e-08, 2.0159250138234185e-08, 2.526863369090349e-08, 3.167299598084116e-08, 3.970055075686648e-08, 4.976269789419122e-08, 6.237510700730634e-08, 7.818414472715056e-08, 9.8e-08]","[0.0, 1.7119135701262312e-27, 5.274951716283336e-10, 8.181883242991479e-05, 0.007661737511991929, 0.042367802979476676, 0.06359757252532322, 0.04598535847899489, 0.02006975449382289, 0.005786667660441144, 0.0011431198413428757, 0.00015700923966295715]","[1.386497428591827e-16, 1.7758102154026692e-15, 3.479739236494931e-14, 9.89840331733343e-13, 9.934370613981235e-12, 2.1633175615032426e-11, 1.753987082566066e-11, 7.585527719091134e-12, 2.0560921680085003e-12, 3.7363344645268483e-13, 4.6792094649004295e-14, 4.084086313891834e-15]","[1.0730323774339349e-17, 3.5079330731372097e-16, 1.3681281939931245e-14, 7.348200518343455e-13, 7.360317487282846e-12, 1.1542045595940557e-11, 6.202848080657061e-12, 1.733285294343653e-12, 3.007915224159775e-13, 3.4871726458841475e-14, 2.782248863135901e-15, 1.5462138091985748e-16]","[0.0, -1.2068160443536765e-28, -1.5064273280378115e-11, -9.465715139072144e-07, -3.5908550800646205e-05, -8.044091631705137e-05, -4.8916126649422555e-05, -1.4328527262916735e-05, -2.533345916233217e-06, -2.959044065206019e-07, -2.3680186184361145e-08, -1.3176164831116736e-09]","[-2.5681154853317133e-26, -1.3324854855195822e-25, 4.7963873910206875e-21, 4.736199887083959e-16, 2.8228594352815485e-14, 9.93534966279972e-14, 9.49233331542235e-14, 4.3685493370612797e-14, 1.2135144621696464e-14, 2.226981786751216e-15, 2.8000456731759744e-16, 2.4478443043077567e-17]","[-9.096866007136294e-21, -1.204762585975979e-19, -1.8874426394568243e-18, 9.661185568533956e-16, 3.8053164826057096e-14, 8.551491049537846e-14, 5.204330146625353e-14, 1.524871751878201e-14, 2.696319772290271e-15, 3.1495328808550378e-16, 2.520501532285154e-17, 1.4024705481620754e-18]","[Infinity, 14.185372974909903, 35.016303927214295, 86.43703220286734, 213.36805137382623, 526.6946837413861, 1300.135085942541, 3209.3569447299947, 7922.232161513979, 19555.86849308463, 48273.262399339335, 119161.5630765071]",0.02247869371878893,1067.6704274601839,fixed_lowT_slope
12705.173523478494,1356.0868569687532,0.8457220166229118,2.6887832748463073e-08,0.9999999999999674,6.060462155972945e-19,0.008752625228852912,2585.0102277858523,22.625625736561265,0.9576730787514138,0.0009894416533060505,2.6707619268460667,1.4110134435345934e+16,75126917.7734477,187817294.4336193,0.0018286734228208329,0.06761422599610295,2.1297293266109366e-08,2.680593458164428e-11,2.680593458164428e-11,2.179679213523173e-07,1.0,3.122862838162927e-06,1.0,2293915.530771218,3.4391960992760336e-19,4.4561076174535394e-13,5.071221446243199e-13,0.00015416393673289876,8.572777607191983e-16,1185624.4505665964,182.78053673003276,182.78053278612663,3.943906136782971e-06,0.9999999784227237,False,6.334599196168232e-08,9.952539578838244e-08,0.018623239471796366,0.15580902219625786,1.2596180523874818e-10,8.732442434812976e-11,"[8.166666666666667e-09, 1.0236517085738568e-08, 1.2830973311830731e-08, 1.6082997248964597e-08, 2.0159250138234185e-08, 2.526863369090349e-08, 3.167299598084116e-08, 3.970055075686648e-08, 4.976269789419122e-08, 6.237510700730634e-08, 7.818414472715056e-08, 9.8e-08]","[0.0, 7.336967737173905e-40, 4.985255730447134e-13, 6.679794107234587e-06, 0.0028949889376215857, 0.028744471676807392, 0.05440328295051829, 0.0431735744289196, 0.019563793331758294, 0.00572714532224752, 0.001138342640562854, 0.0001567431132165999]","[1.3864973318548686e-16, 1.7758101652099906e-15, 3.479757390965321e-14, 1.034964512850567e-12, 1.4718084847548062e-11, 4.366989937884662e-11, 4.114493979204465e-11, 1.897351122428043e-11, 5.280921691685114e-12, 9.700795498711036e-13, 1.2202287711167807e-13, 1.0669330701910724e-14]","[9.18589829361883e-18, 3.294429247737229e-16, 1.3338646655639941e-14, 8.458365367448403e-13, 1.5958979280938622e-11, 3.758630468927779e-11, 2.417418825338281e-11, 7.277692508357452e-12, 1.3019872585071582e-12, 1.5282189393477213e-13, 1.2254245130346415e-14, 6.824063772450187e-16]","[0.0, -6.313057882819119e-41, -1.7377250407183387e-14, -9.432507309869013e-08, -1.6560804823192283e-05, -6.661304973400303e-05, -5.107407983295025e-05, -1.641965040473498e-05, -3.014181663779907e-06, -3.574579977210124e-07, -2.878261698575074e-08, -1.6055217885459982e-09]","[-9.687272696642058e-26, -5.026312434951704e-25, 5.421930248853799e-24, 8.026737822867087e-17, 2.214156900247348e-14, 1.3992684671777158e-13, 1.6856098217231234e-13, 8.514030071463702e-14, 2.4555878050766862e-14, 4.5753659175208e-15, 5.7882310915929835e-16, 5.072786144865502e-17]","[-7.725279158203127e-21, -1.1223975015006075e-19, -1.8409256505190748e-18, 2.6298941303132466e-16, 5.4115273401076403e-14, 2.1877868232952775e-13, 1.679182815758985e-13, 5.400146679210287e-14, 9.914353736901693e-15, 1.1758200050046366e-15, 9.4679165987594e-17, 5.281334749735471e-18]","[Infinity, 11.621892074110932, 28.688403594542986, 70.81673925919648, 174.80967673547786, 431.51412210653683, 1065.1838100354814, 2629.384509701225, 6490.582026573839, 16021.869307054707, 39549.65738961149, 97627.52167851331]",0.026887832748463073,1082.936856968753,fixed_lowT_slope
12890.807935588353,1371.579119727452,0.8716638137457758,3.248343140144695e-08,0.9999999999999186,6.130798287360079e-19,0.008701932294981986,2134.163034421093,18.57134223198566,0.9489048840827233,0.0009829335566966814,2.210696250421414,9667606116516028.0,62185548.53506087,155463871.33765218,0.0012529217527004772,0.055966993681554784,2.5729450615007488e-08,3.3298977137665196e-11,3.3298977137665196e-11,2.7290405290031883e-07,1.0,1.5513899689462994e-06,1.0,1832145.7475116004,0.0,6.006542406547793e-13,1.0407757221025243e-12,0.00012735500950296412,1.8018474505832332e-15,1448777.671802207,184.50909372503028,184.50909416005229,0.0,1.0000000023577267,False,7.940110151373295e-08,9.952539578838244e-08,0.006764798181259091,0.1295662440201554,2.227352274985678e-10,2.2531401746296622e-10,"[8.166666666666667e-09, 1.0236517085738568e-08, 1.2830973311830731e-08, 1.6082997248964597e-08, 2.0159250138234185e-08, 2.526863369090349e-08, 3.167299598084116e-08, 3.970055075686648e-08, 4.976269789419122e-08, 6.237510700730634e-08, 7.818414472715056e-08, 9.8e-08]","[0.0, 1.5271071890747943e-61, 7.301685863353483e-17, 3.0116431179907405e-07, 0.0008761883275882466, 0.01787346123541548, 0.0449422470962742, 0.03996747695259477, 0.018962422406461593, 0.005655199580617216, 0.001132528907192243, 0.0001564183496998021]","[1.3864970091391957e-16, 1.7758099977665876e-15, 3.479757286261538e-14, 1.0410600301524862e-12, 1.7913748231541946e-11, 7.133891800141826e-11, 7.933002885773163e-11, 3.9379319731653626e-11, 1.1303485266129004e-11, 2.1027935839883047e-12, 2.658665835240698e-13, 2.3295179867235902e-14]","[7.856554726109195e-18, 3.092747472540237e-16, 1.3001945691756272e-14, 8.647767642718949e-13, 2.5867575778412328e-11, 9.427461972709457e-11, 7.462962018765154e-11, 2.4527196118703292e-11, 4.548935559515599e-12, 5.418276524365022e-13, 4.3706797478049084e-14, 2.4398004087262766e-15]","[0.0, -1.5620028649961983e-62, -3.025560942515612e-18, -5.0554139568823925e-09, -5.958283127928438e-06, -4.9238270769281866e-05, -5.0155592992648776e-05, -1.8069318649284946e-05, -3.4729562951838667e-06, -4.195888093191432e-07, -3.404048326140367e-08, -1.9046035257089613e-09]","[-2.860894881225978e-25, -1.4843964816506285e-24, -1.1781029729768204e-23, 6.379603002388625e-18, 1.1813607133248207e-14, 1.5338362009696201e-13, 2.45476733335918e-13, 1.3894646882431119e-13, 4.195848762783292e-14, 7.96451205129286e-15, 1.015186330374194e-15, 8.924202017571185e-17]","[-6.546611358544758e-21, -1.0440279849388563e-19, -1.7780737629612134e-18, -6.5949852592716e-18, 4.811196917205795e-14, 4.015298315625037e-13, 4.096086684447085e-13, 1.4763021173817533e-13, 2.8379082574866323e-14, 3.4288477326967535e-15, 2.781826569153341e-16, 1.55647784493625e-17]","[Infinity, 9.776596594645241, 24.13332932994063, 59.572631315200574, 147.05382553596067, 362.99936931510075, 896.0565395540497, 2211.897290005254, 5460.023333077296, 13477.956168072677, 33270.05960800637, 82126.4623258416]",0.03248343140144695,1098.429119727452,fixed_lowT_slope
13073.039490013234,1386.7740833288854,0.8926564065920936,3.9243524217206516e-08,0.9999999999998281,6.198287415310196e-19,0.008721523972285296,1775.777520325716,15.487486212966072,0.9393479401842604,0.0009679677831885895,1.8298815265045465,6623792881092199.0,51473460.66116868,128683651.65292169,0.000858443557389549,0.04632611459505181,3.108397957798536e-08,4.068374942175775e-11,4.068374942175775e-11,3.3865064075514684e-07,1.0,7.92435983862721e-07,1.0,1476447.819159784,0.0,7.372959231313883e-13,1.6903240654842331e-12,0.00010487466094866205,3.1518305288198993e-15,1783499.6616147691,187.04391873192904,187.0439223139024,0.0,1.0000000191504401,False,7.940110151373295e-08,9.952539578838244e-08,0.002031224170456875,0.10834519700135364,3.442399137223326e-10,4.699718812090912e-10,"[8.166666666666667e-09, 1.0236517085738568e-08, 1.2830973311830731e-08, 1.6082997248964597e-08, 2.0159250138234185e-08, 2.526863369090349e-08, 3.167299598084116e-08, 3.970055075686648e-08, 4.976269789419122e-08, 6.237510700730634e-08, 7.818414472715056e-08, 9.8e-08]","[0.0, 0.0, 1.8187601217673514e-21, 8.126414358653411e-09, 0.0002200652564877026, 0.010336335960365602, 0.036068574702958676, 0.03657142313143762, 0.018293324422667474, 0.0055735427692577034, 0.0011258770773177793, 0.0001560455544467261]","[1.3864962015422863e-16, 1.7758095787388852e-15, 3.479756953634297e-14, 1.0414604209807604e-12, 1.9388303860687628e-11, 9.851827949453206e-11, 1.3003364831227069e-10, 6.997088567213973e-11, 2.0786059161649037e-11, 3.922008131089132e-12, 4.987532402956426e-13, 4.380339995268623e-14]","[6.749863574156504e-18, 2.9086731121540433e-16, 1.268301915567297e-14, 8.589858296176053e-13, 3.2901092555400594e-11, 1.801122482615257e-10, 1.777457559368692e-10, 6.430015681393996e-11, 1.240950807102998e-11, 1.5023349959269225e-12, 1.219900991939301e-13, 6.8280092568018976e-15]","[0.0, 0.0, -8.727777136187156e-23, -1.5797837557228628e-10, -1.7330880180988726e-06, -3.297662538956179e-05, -4.66164322449527e-05, -1.914795373345276e-05, -3.880106121441966e-06, -4.789087428626833e-07, -3.919068612596105e-08, -2.2004614097425106e-09]","[-6.534395114545291e-25, -3.390420438865588e-24, -2.6913893468318045e-23, 2.7248332321084787e-19, 4.702158176912419e-15, 1.405716713126833e-13, 3.122089958630635e-13, 2.0148537257521443e-13, 6.414746925271953e-14, 1.2439515259654936e-14, 1.599367712072192e-15, 1.410892665778981e-16]","[-5.5673846640319055e-21, -9.71980220303028e-20, -1.716974939049786e-18, -4.456252151710409e-17, 2.720218923850672e-14, 5.298817891037764e-13, 7.506952324042056e-13, 3.085233854319584e-13, 6.253043106623648e-14, 7.718477794939371e-15, 6.316463746343414e-16, 3.5465803018874996e-17]","[Infinity, Infinity, 20.838755314069587, 51.44004253249839, 126.978695940155, 313.4443211899238, 773.7309134562507, 1909.9389752308045, 4714.645386005349, 11638.00588801486, 28728.179795044864, 70914.92436806059]",0.03924352421720652,1113.6240833288853,fixed_lowT_slope
13254.312139314869,1401.8806252139198,0.9098403892922576,4.7410452853754674e-08,0.9999999999996833,6.263880470462547e-19,0.008808777378659996,1483.3809801869427,13.066772822205232,0.9289104890908993,0.0009485015070339471,1.5146659792833626,4538313994469917.0,42606637.95452496,106516594.88631241,0.0005881654936833012,0.03834597415907247,3.755283394356805e-08,4.9180543659908474e-11,4.9180543659908474e-11,4.1743159024896617e-07,1.0,4.1325711797896066e-07,1.0,1197801.0569391456,1.1204910312960342e-20,8.659202682873514e-13,2.322984905416462e-12,8.629778934856816e-05,4.788353356209621e-15,2208471.104521188,190.58617423467274,190.58617416036913,7.430361392835039e-08,0.9999999996101312,False,7.940110151373295e-08,9.952539578838244e-08,0.0004954741132002094,0.09098329043927217,4.889820212022683e-10,8.31006641628064e-10,"[8.166666666666667e-09, 1.0236517085738568e-08, 1.2830973311830731e-08, 1.6082997248964597e-08, 2.0159250138234185e-08, 2.526863369090349e-08, 3.167299598084116e-08, 3.970055075686648e-08, 4.976269789419122e-08, 6.237510700730634e-08, 7.818414472715056e-08, 9.8e-08]","[0.0, 0.0, 5.4172795809230444e-27, 1.2383031779973008e-10, 4.507974131611766e-05, 0.00552480910345257, 0.028054319198054622, 0.03304507745441122, 0.017558282484944107, 0.00548176941954726, 0.0011183318104292365, 0.00015562110328672175]","[1.3864945473584765e-16, 1.775808720452788e-15, 3.479756272308066e-14, 1.041475024338153e-12, 1.9915066387032958e-11, 1.2175895409221612e-10, 1.9137624359483393e-10, 1.1252375177214767e-10, 3.4741086313261894e-11, 6.661009346428013e-12, 8.526389714515632e-13, 7.508367965959024e-14]","[5.8135987731500476e-18, 2.738304469250521e-16, 1.2376938132727872e-14, 8.506745891537106e-13, 3.62222211715682e-11, 2.7872856218309815e-10, 3.450952842845558e-10, 1.3845182981127642e-10, 2.790865947639242e-11, 3.439621945995655e-12, 2.8133800085656163e-13, 1.5793582988913425e-14]","[0.0, 0.0, -2.9605210268230387e-28, -2.7414753425777515e-12, -4.043051081202647e-07, -2.0073150770612238e-05, -4.129224176053251e-05, -1.9703617119826585e-05, -4.241228556126224e-06, -5.364149462285814e-07, -4.4332400625572495e-08, -2.4991339260069897e-09]","[-1.242827498983009e-24, -6.448509267254491e-24, -5.118968136769335e-23, 5.6230821309739625e-21, 1.4467153418061838e-15, 1.1285104209837761e-13, 3.647315195668966e-13, 2.734422193749523e-13, 9.247536578048094e-14, 1.8375959219750933e-14, 2.386080882923969e-15, 2.1133342954524893e-16]","[-4.741173077872418e-21, -9.048484042025088e-20, -1.6568961841284203e-18, -4.60604653039654e-17, 1.0087373854737596e-14, 5.378531673921994e-13, 1.1102702975218538e-12, 5.301845066373099e-13, 1.14149902073224e-13, 1.4438522578177158e-14, 1.1933229243066635e-15, 6.727166594522353e-17]","[Infinity, Infinity, 18.298399274456006, 45.16922544460861, 111.49931180861616, 275.23377702822194, 679.4089640555478, 1677.107165321433, 4139.904806493421, 10219.270469789119, 25226.060277551114, 62270.01349038007]",0.04741045285375468,1128.7306252139197,fixed_lowT_slope
13436.185245538856,1417.031624198055,0.9240295138650296,5.7276992437202105e-08,0.9999999999994755,6.3280905728171585e-19,0.008967212566748898,1240.892202004717,11.12734414779741,0.9175417150026519,0.0009270486389355457,1.253749489007001,3109441113594323.5,35267214.880647,88168037.20161751,0.0004029835683218243,0.0317404933925823,4.5367914801744245e-08,5.903741303481591e-11,5.903741303481591e-11,5.118163397671415e-07,1.0,2.190682183202205e-07,1.0,976912.929797205,2.757999110843121e-19,9.960041035093559e-13,2.8716261586483867e-12,7.106113534078491e-05,6.5538293720665114e-15,2748561.997281271,195.31593764041614,195.3159360813425,1.5590736381909664e-06,0.9999999920176834,False,7.940110151373295e-08,9.952539578838244e-08,9.614128857766188e-05,0.0766530800441057,6.575496311434238e-10,1.3010091229520073e-09,"[8.166666666666667e-09, 1.0236517085738568e-08, 1.2830973311830731e-08, 1.6082997248964597e-08, 2.0159250138234185e-08, 2.526863369090349e-08, 3.167299598084116e-08, 3.970055075686648e-08, 4.976269789419122e-08, 6.237510700730634e-08, 7.818414472715056e-08, 9.8e-08]","[0.0, 0.0, 1.1575634565777526e-33, 9.893286857021143e-13, 7.369524899558296e-06, 0.002708147921417317, 0.021084282297153627, 0.02944975005716543, 0.016759190343222097, 0.005379375046154952, 0.0011098243688080019, 0.00015514048429540126]","[1.3864915935327317e-16, 1.7758071878359024e-15, 3.47975505568286e-14, 1.0414751707658959e-12, 2.0063004623402124e-11, 1.3950985176855816e-10, 2.610232990576446e-10, 1.69175298205432e-10, 5.4552940178967194e-11, 1.0651971762144423e-11, 1.3737375338561845e-12, 1.213408357491309e-13]","[5.013909226283666e-18, 2.579283915190273e-16, 1.2080829299090238e-14, 8.423770175337559e-13, 3.725670319396467e-11, 3.695609489365763e-10, 5.741242981716158e-10, 2.573709097440541e-10, 5.440732543625222e-11, 6.838600700977974e-12, 5.638590035151898e-13, 3.17569759174483e-14]","[0.0, 0.0, -7.121944786758729e-35, -2.4658397691465128e-14, -7.441049578932877e-08, -1.1077392572922882e-05, -3.4937710745870586e-05, -1.9769136251832526e-05, -4.557530412121802e-06, -5.926234451478555e-07, -4.9530387807579637e-08, -2.8048722641633384e-09]","[-2.1005153300610375e-24, -1.089870456669044e-23, -8.651635244790061e-23, -9.761585652380417e-22, 3.452689085801127e-16, 8.075803897007864e-14, 4.0018198831362367e-13, 3.5576692490626727e-13, 1.2886121497196788e-13, 2.6326082718342516e-14, 3.4569564029188575e-15, 3.075742806633278e-16]","[-4.037914704821464e-21, -8.418213139020851e-20, -1.5974257222508166e-18, -4.512370233407265e-17, 2.1984602132969375e-15, 4.443955838445699e-13, 1.4098105406921057e-12, 7.985121172618538e-13, 1.8414091800883495e-13, 2.3946672697330025e-14, 2.0015004683203126e-15, 1.1334543811105318e-16]","[Infinity, Infinity, 16.253474173654354, 40.12136952615315, 99.03878238391151, 244.47521414353423, 603.4820784485903, 1489.6831951590977, 3677.2525529719273, 9077.222796699909, 22406.93880935383, 55311.06934086281]",0.05727699243720211,1143.8816241980549,fixed_lowT_slope
13619.704429307163,1432.3159710870646,0.9358266397135804,6.919684721787034e-08,0.9999999999992008,6.391171473316479e-19,0.00920497232433349,1037.9252416895424,9.554073124479386,0.90524985110435,0.0009051218250946272,1.037778495512936,2130444048316674.2,29192081.449027743,72980203.62256935,0.00027610554866184096,0.026272873304124967,5.480938393494681e-08,7.053774128824792e-11,7.053774128824792e-11,6.248296626195808e-07,1.0,1.1768183545094673e-07,1.0,800218.0912854937,4.659318807844198e-19,1.134745500045124e-12,3.3402418706898496e-12,5.859987488763123e-05,8.320624265172118e-15,3436150.6292180857,201.3579992324143,201.35799696723518,2.265179119831373e-06,0.9999999887504886,False,7.940110151373295e-08,1.2475021401461268e-07,1.449859554859901e-05,0.06474252504001897,8.521290131930321e-10,1.868139844259652e-09,"[8.166666666666667e-09, 1.0236517085738568e-08, 1.2830973311830731e-08, 1.6082997248964597e-08, 2.0159250138234185e-08, 2.526863369090349e-08, 3.167299598084116e-08, 3.970055075686648e-08, 4.976269789419122e-08, 6.237510700730634e-08, 7.818414472715056e-08, 9.8e-08]","[0.0, 0.0, 8.489457562813017e-42, 3.803560991366679e-15, 9.386756815467179e-07, 0.0012071388758849823, 0.01526145407924094, 0.02585278085798829, 0.01589941357988703, 0.005265915404900909, 0.0011002846257474619, 0.00015459894068400783]","[1.3864867539972057e-16, 1.775804676798777e-15, 3.4797530623646816e-14, 1.0414749321161098e-12, 2.0095472441858694e-11, 1.5170836165038535e-10, 3.361245462855466e-10, 2.423600087966031e-10, 8.208193140689309e-11, 1.636341503006442e-11, 2.1284321050959593e-12, 1.8865856049287349e-13]","[4.3270740418363054e-18, 2.430106079280079e-16, 1.1792985312479647e-14, 8.341905690632224e-13, 3.74016397371353e-11, 4.395385726462073e-10, 8.514325297086663e-10, 4.298126991641979e-10, 9.573013268192289e-11, 1.2297206967333688e-11, 1.0230067456130133e-12, 5.782571651802709e-14]","[0.0, 0.0, -5.82488246860792e-43, -1.057226563177358e-16, -1.0569725417839495e-08, -5.50650239783756e-06, -2.8202328611349122e-05, -1.9353823625059456e-05, -4.821820979792033e-06, -6.46955365208776e-07, -5.4761578174972935e-08, -3.117079673026177e-09]","[-3.3041764073173523e-24, -1.7144039255768972e-23, -1.3609332937222843e-22, -1.6496879390221986e-21, 6.317579192757079e-17, 5.172088161694243e-14, 4.1618854149840254e-13, 4.487316730196879e-13, 1.7564904815588284e-13, 3.702744985001324e-14, 4.924251181499229e-15, 4.403792984577445e-16]","[-3.436577504883874e-21, -7.824376101647011e-20, -1.5384218181479603e-18, -4.408689448320609e-17, -1.9829950898016583e-16, 3.1006285045343656e-13, 1.604564456966507e-12, 1.1025722018628663e-12, 2.7479259247236453e-13, 3.687411889613514e-14, 3.1213583883808494e-15, 1.7767389060721375e-16]","[Infinity, Infinity, 14.57447014350128, 35.976782307999976, 88.80795332321773, 219.22062112585908, 541.1416301666471, 1335.7970682606585, 3297.387780782516, 8139.534329700735, 20092.273860914996, 49597.36577214833]",0.06919684721787034,1159.1659710870645,fixed_lowT_slope
13805.60081812055,1447.795690045391,0.9456887461932394,8.359733046638277e-08,0.999999999998858,6.453224557694402e-19,0.009533957208527927,867.4578518564022,8.270306039800495,0.8921286961070467,0.0008834412290984828,0.8590106837069107,1459680912806023.8,24163451.018478494,60408627.546196245,0.00018917464629966067,0.02174710591663065,6.621570730010516e-08,8.400844299028862e-11,8.400844299028862e-11,7.601599028821621e-07,1.0,6.389086029801247e-08,1.0,657756.3458743872,0.0,1.2874170955608613e-12,3.759057179368589e-12,4.840209936481091e-05,1.0018627837203526e-14,4312248.790010228,208.72189225769202,208.7218944198607,0.0,1.0000000103590891,False,7.940110151373295e-08,1.2475021401461268e-07,1.65969484818166e-06,0.05478813370907374,1.0761344095789927e-09,2.524393529431533e-09,"[8.166666666666667e-09, 1.0236517085738568e-08, 1.2830973311830731e-08, 1.6082997248964597e-08, 2.0159250138234185e-08, 2.526863369090349e-08, 3.167299598084116e-08, 3.970055075686648e-08, 4.976269789419122e-08, 6.237510700730634e-08, 7.818414472715056e-08, 9.8e-08]","[0.0, 0.0, 7.006107839271558e-52, 6.412358219486044e-18, 9.093158325202528e-08, 0.00048524480077635963, 0.010605689018770657, 0.02232759392821273, 0.014984733227330824, 0.005141138321402155, 0.0010896514472763616, 0.00015399203372139074]","[1.3864792238939785e-16, 1.775800769725824e-15, 3.479749960838327e-14, 1.0414745560803494e-12, 2.010095398370049e-11, 1.5924412377089663e-10, 4.133496762525421e-10, 3.3464531266092084e-10, 1.1977189534645556e-10, 2.4447396048610315e-11, 3.2111054942063243e-12, 2.857595172795246e-13]","[3.7353725176947746e-18, 2.289752317504585e-16, 1.1512379213765022e-14, 8.260944670649068e-13, 3.730742134528106e-11, 4.857691339939194e-10, 1.1579607775949312e-09, 6.635509460937879e-10, 1.5653738686712034e-10, 2.060086968603498e-11, 1.7309166440480921e-12, 9.82376495264979e-14]","[0.0, 0.0, -5.316876307590425e-53, -1.9713692212911452e-19, -1.1324926862912123e-09, -2.448228796081146e-06, -2.16770639356691e-05, -1.8487319880108558e-05, -5.0263359167278595e-06, -6.986059019770058e-07, -5.998339406267364e-08, -3.434093972177647e-09]","[-4.9792836960041536e-24, -2.5835579107701883e-23, -2.0508904153873172e-22, -2.4866425945327297e-21, 8.692475172680571e-18, 2.958994872199295e-14, 4.1163119978018773e-13, 5.51564875280622e-13, 2.356074025526108e-13, 5.144988827515594e-14, 6.9406153549315375e-15, 6.243007544936306e-16]","[-2.921477697518448e-21, -7.264617711472173e-20, -1.4799738613022099e-18, -4.302532971072419e-17, -6.992280288698235e-16, 1.8598476292270878e-13, 1.6794980323277201e-12, 1.4348515682230516e-12, 3.902718162342558e-13, 5.425114821126449e-14, 4.65833391481274e-15, 2.6669859766934243e-16]","[Infinity, Infinity, 13.177112714225775, 32.52743397954788, 80.29330727937511, 198.20239086848656, 489.2585568896738, 1207.7247579967564, 2981.2438873138176, 7359.139547566222, 18165.885147109875, 44842.11409734383]",0.08359733046638276,1174.645690045391,fixed_lowT_slope
13994.406206507307,1463.5158015352704,0.9539682072648007,1.0099468316962273e-07,0.9999999999984476,6.51425048765989e-19,0.00997032891906604,724.2953716306725,7.221463089714979,0.8783671483910209,0.0008622888985229225,0.7110374303505849,1000105292083934.8,20001052.893124748,50002632.232811876,0.00012961364585407795,0.018000947603812274,7.999578864920611e-08,9.982913839753242e-11,9.982913839753242e-11,9.223364787641121e-07,1.0,3.497074834604518e-08,1.0,542101.512313572,1.4803082901753366e-19,1.4579409645475296e-12,4.154480439899221e-12,4.0038524304854387e-05,1.1625018858679537e-14,5428487.865345436,217.3486438805593,217.34864333524035,5.453189544368797e-07,0.9999999974910404,False,7.940110151373295e-08,1.2475021401461268e-07,1.4062322860133276e-07,0.046432837539680735,1.3339691303872286e-09,3.2671213511713736e-09,"[8.166666666666667e-09, 1.0236517085738568e-08, 1.2830973311830731e-08, 1.6082997248964597e-08, 2.0159250138234185e-08, 2.526863369090349e-08, 3.167299598084116e-08, 3.970055075686648e-08, 4.976269789419122e-08, 6.237510700730634e-08, 7.818414472715056e-08, 9.8e-08]","[0.0, 0.0, 9.117228043833426e-65, 4.264302849301263e-21, 6.529535527946805e-09, 0.00017439433261721158, 0.0070530142903119705, 0.018946525210226703, 0.014022780401168068, 0.005004933289269876, 0.0010778681242462817, 0.00015331536230509506]","[1.3864678620738485e-16, 1.775794874502775e-15, 3.4797452810640905e-14, 1.041473988671476e-12, 2.0101648766295766e-11, 1.6341039128996005e-10, 4.891133233515896e-10, 4.485088159403746e-10, 1.7077390132643418e-10, 3.58027248482696e-11, 4.755058191696511e-12, 4.250807894655113e-13]","[3.224876203927149e-18, 2.157482640681278e-16, 1.123837407219117e-14, 8.18074417001695e-13, 3.7167412893052253e-11, 5.121972223391313e-10, 1.4728570041637866e-09, 9.655938652464284e-10, 2.4271315870772587e-10, 3.281605959978228e-11, 2.7881360023669365e-12, 1.589604548861303e-13]","[0.0, 0.0, -7.604342912264524e-66, -1.440845361317893e-22, -8.93762397334907e-11, -9.670359410008892e-07, -1.5843658457493263e-05, -1.7241726115702965e-05, -5.1695860467775364e-06, -7.474642047359623e-07, -6.52121043302545e-08, -3.757670994895763e-09]","[-7.311497729451017e-24, -3.793672150291227e-23, -3.0115141546695534e-22, -3.6513741597336825e-21, 8.565308545655721e-19, 1.5045813199216588e-14, 3.8729855447494634e-13, 6.621951756162801e-13, 3.1194341334560283e-13, 7.086392671960489e-14, 9.71354551472478e-15, 8.793930989855842e-16]","[-2.4802272148754013e-21, -6.737986175751145e-20, -1.4223590950214411e-18, -4.1949151366272466e-17, -7.62846308822109e-16, 9.603104765678711e-14, 1.6389491195705812e-12, 1.7877033170299971e-12, 5.362710618659638e-13, 7.755097970647034e-14, 6.766285214209803e-15, 3.898976759041323e-16]","[Infinity, Infinity, 11.98950145860581, 29.59583980199546, 73.0567267924574, 180.33903935019435, 445.1632373441025, 1098.876358613021, 2712.553824287183, 6695.883572160947, 16528.651165550804, 40800.63489149294]",0.10099468316962273,1190.3658015352703,fixed_lowT_slope
14176.323885504666,1478.661207977069,0.9606036988836631,1.2080453533111874e-07,0.9999999999979969,6.571041084928663e-19,0.010502873537187502,610.0046631277754,6.406801833925689,0.864988962520955,0.0008429175268386469,0.5944396028110195,698998540891718.9,16721226.520703783,41803066.30175946,9.059021089956676e-05,0.015049103868633406,9.568676065831188e-08,1.1738529333674224e-10,1.1738529333674224e-10,1.1056858218045978e-06,1.0,1.9872457900094672e-08,1.0,452208.0234183942,0.0,1.6390130945863092e-12,4.5224681585335425e-12,3.3495519532087256e-05,1.3062616846645698e-14,6766862.202250282,226.65956324394085,226.65956506641731,0.0,1.0000000080405893,False,7.940110151373295e-08,1.2475021401461268e-07,1.0000521888119431e-08,0.039737594355007566,1.6142198310736125e-09,4.051633225454973e-09,"[8.166666666666667e-09, 1.0236517085738568e-08, 1.2830973311830731e-08, 1.6082997248964597e-08, 2.0159250138234185e-08, 2.526863369090349e-08, 3.167299598084116e-08, 3.970055075686648e-08, 4.976269789419122e-08, 6.237510700730634e-08, 7.818414472715056e-08, 9.8e-08]","[0.0, 0.0, 2.2971644010966303e-81, 1.5667415778879138e-24, 3.973966821284628e-10, 5.9104165061773666e-05, 0.004585665693603048, 0.01593397557130472, 0.013075401785874194, 0.004865256317108251, 0.0010655851168230245, 0.00015260530783587788]","[1.386452090738206e-16, 1.7757866913000872e-15, 3.479738785019723e-14, 1.0414732010443965e-12, 2.0101707559303706e-11, 1.6538551775076365e-10, 5.563721988140205e-10, 5.781908994973441e-10, 2.3497941861099537e-10, 5.0687646799694945e-11, 6.812303321017316e-12, 6.119536996781146e-13]","[2.805834132315748e-18, 2.039101235780519e-16, 1.0984487991306424e-14, 8.105383493618742e-13, 3.702902519948237e-11, 5.247212810947352e-10, 1.7607593431970409e-09, 1.3200236590332899e-09, 3.5448329152819367e-10, 4.9312586093435326e-11, 4.239438199251323e-12, 2.428715562340368e-13]","[0.0, 0.0, -2.0874413384593644e-82, -5.767532206302585e-26, -5.926350788329786e-12, -3.570686020290424e-07, -1.1222934490230271e-05, -1.5797874090989355e-05, -5.251701243552484e-06, -7.916280412102275e-07, -7.023831366278596e-08, -4.074985543097466e-09]","[-1.0365132356527332e-23, -5.378129284102763e-23, -4.269308528374379e-22, -5.176419354505749e-21, 3.409079381097823e-20, 7.058449054126345e-15, 3.485674966338177e-13, 7.708929206754487e-13, 4.0263378265095753e-13, 9.535558396953752e-14, 1.329271771216287e-14, 1.2116592565954856e-15]","[-2.1209775189785283e-21, -6.269431086516947e-20, -1.3689153320258724e-18, -4.09280725959284e-17, -7.567164879978527e-16, 4.386166428334097e-14, 1.5093762086781843e-12, 2.131187312666994e-12, 7.088739802279019e-13, 1.0687228393756993e-13, 9.482986611501874e-15, 5.5018357261847305e-16]","[Infinity, Infinity, 11.00468961102424, 27.164851826502606, 67.05588250209881, 165.5260774145759, 408.59774220324795, 1008.6151769238996, 2489.7459279365657, 6145.886784998584, 15170.995162823769, 37449.2881562176]",0.12080453533111873,1205.5112079770688,fixed_lowT_slope
14361.486252582714,1494.0758603975214,0.9662575182606021,1.445000399878182e-07,0.9999999999974868,6.626695161767609e-19,0.01117780252560773,513.3261331902887,5.737858148034859,0.8515848837969887,0.0008244370280189849,0.4969618001908781,488547519982272.2,13979234.885819355,34948087.21454839,6.331575858970247e-05,0.01258131139723742,1.1445547721807383e-07,1.378858345090341e-10,1.378858345090341e-10,1.323537336650713e-06,1.0,1.1343314932485304e-08,1.0,377775.51577447646,0.0,1.8421720065789095e-12,4.893817480462704e-12,2.8058572786957504e-05,1.4423703293809716e-14,8450999.546756152,237.12298491417522,237.12298590520237,0.0,1.0000000041793804,False,9.952539578838244e-08,1.2475021401461268e-07,5.114452718263648e-10,0.03403360861240758,1.9348347810654204e-09,4.918063177644455e-09,"[8.166666666666667e-09, 1.0236517085738568e-08, 1.2830973311830731e-08, 1.6082997248964597e-08, 2.0159250138234185e-08, 2.526863369090349e-08, 3.167299598084116e-08, 3.970055075686648e-08, 4.976269789419122e-08, 6.237510700730634e-08, 7.818414472715056e-08, 9.8e-08]","[0.0, 0.0, 0.0, 1.9116536826760033e-28, 1.7406328208004906e-11, 1.775843589114746e-05, 0.002844714408442856, 0.01315169639382526, 0.012100393538217733, 0.00471508009172781, 0.001052143062890985, 0.00015182266400546611]","[1.3864294491783997e-16, 1.7757749432789394e-15, 3.479729459096642e-14, 1.0414720703009812e-12, 2.0101703807977658e-11, 1.6628332566372964e-10, 6.166066749957858e-10, 7.302893390311895e-10, 3.189120380424822e-10, 7.101753407439885e-11, 9.672358780623391e-12, 8.736228864530757e-13]","[2.4413573626970896e-18, 1.9270239897399066e-16, 1.07358474509578e-14, 8.030563235035289e-13, 3.6890236133924104e-11, 5.300950370340747e-10, 2.0236106089150528e-09, 1.7441345120777026e-09, 5.035576225724916e-10, 7.230043126039114e-11, 6.297992349625726e-12, 3.6274998648148276e-13]","[0.0, 0.0, 0.0, -7.650474605837653e-30, -2.821998553651583e-13, -1.1663389801353095e-07, -7.568838058990707e-06, -1.4175643451687496e-05, -5.283612670022303e-06, -8.340479749977405e-07, -7.53958163843477e-08, -4.407370650300392e-09]","[-1.4556186635200253e-23, -7.552804099265186e-23, -5.995649445417851e-22, -7.26957190096736e-21, -5.2331144299264427e-20, 2.9285508300497733e-15, 2.986068633618402e-13, 8.78675392530392e-13, 5.145545937549639e-13, 1.276163385229004e-13, 1.8124967414161288e-14, 1.664655138629344e-15]","[-1.8111883740524427e-21, -5.830476050614864e-20, -1.317007466314772e-18, -3.991967106569321e-17, -7.429163600047837e-16, 1.601752345224525e-14, 1.313424759258252e-12, 2.470099196033703e-12, 9.21264299887715e-13, 1.4545397294243167e-13, 1.3149543715056996e-14, 7.686950339779312e-16]","[Infinity, Infinity, Infinity, 24.987386811496982, 61.68085446210321, 152.25793010096658, 375.8455903365165, 927.7671548842219, 2290.17422243532, 5653.248054154899, 13954.926325453405, 34447.44634652372]",0.1445000399878182,1220.9258603975213,fixed_lowT_slope
14550.119605187627,1509.7787896771856,0.9710858955444859,1.7284335806805085e-07,0.9999999999969171,6.681018640752647e-19,0.012030493228018455,431.6266978015384,5.192682064933376,0.8385190795337951,0.000807128730496614,0.4154686694511397,341458050794132.0,11686882.403688882,29217206.009222202,4.42529633829195e-05,0.010518194163319993,1.3690563015291155e-07,1.6184031488311495e-10,1.6184031488311495e-10,1.5824031090412639e-06,1.0,6.498604060393912e-09,1.0,315975.1122474328,1.350453165655812e-19,2.0709373118224705e-12,5.277972640395921e-12,2.3538296328888586e-05,1.57147511938216e-14,10571305.23144931,248.8305154813508,248.83051512098402,3.603667835250235e-07,0.999999998551758,False,9.952539578838244e-08,1.2475021401461268e-07,1.8092629963533218e-11,0.029162993265576736,2.3019575551860765e-09,5.8714131172796585e-09,"[8.166666666666667e-09, 1.0236517085738568e-08, 1.2830973311830731e-08, 1.6082997248964597e-08, 2.0159250138234185e-08, 2.526863369090349e-08, 3.167299598084116e-08, 3.970055075686648e-08, 4.976269789419122e-08, 6.237510700730634e-08, 7.818414472715056e-08, 9.8e-08]","[0.0, 0.0, 0.0, 6.400321720660933e-33, 5.276352457830911e-13, 4.6707547805148725e-06, 0.0016758456285466716, 0.01063406566399546, 0.011105713183988139, 0.004554272200523995, 0.0010374646070731022, 0.00015096122614122182]","[1.386397166949503e-16, 1.7757581928105116e-15, 3.4797161620216234e-14, 1.0414704580628494e-12, 2.0101691487574142e-11, 1.6664336374925065e-10, 6.679192577249905e-10, 9.050238478318977e-10, 4.2764812670885163e-10, 9.866472362330704e-11, 1.363893714647574e-11, 1.2394248961364078e-12]","[2.124529242677e-18, 1.820857725092496e-16, 1.0492167387628035e-14, 7.956220888421603e-13, 3.675151248013128e-11, 5.31798262647185e-10, 2.2504760413605967e-09, 2.2383676931932355e-09, 6.994729234402333e-10, 1.0401345294976618e-10, 9.19417961207749e-12, 5.327531299015375e-13]","[0.0, 0.0, 0.0, -2.780311846911821e-34, -9.285300492323851e-15, -3.32981183443039e-08, -4.839907931888404e-06, -1.2441504343721539e-05, -5.263692212278842e-06, -8.744470239556516e-07, -8.06971717439605e-08, -4.756866579463056e-09]","[-2.0312338094439606e-23, -1.0539658454194789e-22, -8.366753743264994e-22, -1.0144498395763476e-20, -7.913224689127362e-20, 1.061679050078306e-15, 2.4251220499367457e-13, 9.794557598413701e-13, 6.510543469861083e-13, 1.699319422573749e-13, 2.4638516867729305e-14, 2.2818753504849546e-15]","[-1.544118536292464e-21, -5.421214856358047e-20, -1.2671064913804195e-18, -3.894025038080688e-17, -7.28789655561171e-16, 3.1940662490707236e-15, 1.0779237340132383e-12, 2.7867956776320052e-12, 1.1798991096266374e-12, 1.9605390526458653e-13, 1.8093840820610646e-14, 1.066608364650271e-15]","[Infinity, Infinity, Infinity, 23.020157712775887, 56.82478948519616, 140.270832490265, 346.25568339949825, 854.7250694295516, 2109.871310119798, 5208.173938224723, 12856.269738483712, 31735.434160161363]",0.17284335806805085,1236.6287896771855,fixed_lowT_slope
14731.637405047277,1524.8888844975136,0.9750051449356374,2.0469915489337166e-07,0.9999999999963246,6.730895055446811e-19,0.013041490164885951,366.22477490402696,4.776116800048439,0.826873306995521,0.0007920744634212694,0.3508123911767322,243450487325228.03,9868140.398782905,24670350.996957257,3.1551183157349554e-05,0.008881326358904613,1.6213794446999735e-07,1.8816856546229253e-10,1.8816856546229253e-10,1.8715915999756195e-06,1.0,3.85022384932736e-09,1.0,267152.299682534,3.7721746015572415e-19,2.3140287678286212e-12,5.66181582982954e-12,1.996813997840127e-05,1.6878811067787312e-14,13075830.581951536,261.10001632258763,261.1000153942684,9.283192525799677e-07,0.9999999964445837,False,9.952539578838244e-08,1.2475021401461268e-07,5.279302242875797e-13,0.02520991817264552,2.6978497397480414e-09,6.857955057724262e-09,"[8.166666666666667e-09, 1.0236517085738568e-08, 1.2830973311830731e-08, 1.6082997248964597e-08, 2.0159250138234185e-08, 2.526863369090349e-08, 3.167299598084116e-08, 3.970055075686648e-08, 4.976269789419122e-08, 6.237510700730634e-08, 7.818414472715056e-08, 9.8e-08]","[0.0, 0.0, 0.0, 9.329600615190262e-38, 1.3309077755156281e-14, 1.15619861289989e-06, 0.0009650900650169908, 0.008522067289797892, 0.010156509089869531, 0.004392629577527566, 0.001022396581747673, 0.00015006937005966058]","[1.3863543360514308e-16, 1.7757359685379075e-15, 3.4796985195460213e-14, 1.0414683189498217e-12, 2.010167477264942e-11, 1.6676530435687613e-10, 7.072764507705216e-10, 1.089903340696801e-09, 5.585188407681825e-10, 1.3371453407791043e-10, 1.877435130003001e-11, 1.7170633295233373e-12]","[1.8637093696006363e-18, 1.7256749729217148e-16, 1.0266289047369645e-14, 7.886376482615576e-13, 3.662046807539065e-11, 5.318893161780945e-10, 2.425949066450809e-09, 2.7666350762921706e-09, 9.37691910673628e-10, 1.4463082274395502e-10, 1.298230767546279e-11, 7.570112662353861e-13]","[0.0, 0.0, 0.0, -4.3726585381352586e-39, -2.5269749347140835e-16, -8.893155334867826e-09, -3.0071960680551612e-06, -1.0757449861899928e-05, -5.193729340040786e-06, -9.099759785653736e-07, -8.580157336697896e-08, -5.101976728484208e-09]","[-2.7711705983384123e-23, -1.4379303989580924e-22, -1.1414885192150221e-21, -1.3840330113714324e-20, -1.08212461253151e-19, 3.5521854066589026e-16, 1.8891187491203214e-13, 1.0617514860335809e-12, 8.053927649006542e-13, 2.2170378120613228e-13, 3.284378079393741e-14, 3.0683934511736175e-15]","[-1.3256001202496807e-21, -5.0619424941533816e-20, -1.2222743201880579e-18, -3.8058411294825035e-17, -7.160770106678845e-16, -1.692037972421499e-15, 8.448817317593886e-13, 3.046595123532384e-12, 1.4721479874046357e-12, 2.57985779098916e-13, 2.4327245650847212e-14, 1.4465989293106244e-15]","[Infinity, Infinity, Infinity, 21.336220365308733, 52.66802441260521, 130.00994240668732, 320.92688443861323, 792.2014417172255, 1955.5329946765712, 4827.192894094616, 11915.825568545413, 29413.966006906117]",0.20469915489337165,1251.7388844975135,fixed_lowT_slope
14916.575230447237,1540.2832782553241,0.9783949408435367,2.42426116238515e-07,0.9999999999956789,6.779172832204412e-19,0.014305548312823201,310.6477240192002,4.443986024225237,0.816311064071419,0.0007783928829381835,0.2962180853870857,173573707344286.0,8332435.594573438,20831088.986433595,2.2495152471819466e-05,0.007499192035116094,1.920206861295168e-07,2.1868461455996095e-10,2.1868461455996095e-10,2.212417820971583e-06,1.0,2.2849534798830754e-09,1.0,225997.0947894576,0.0,2.5867607941656926e-12,6.074149290552903e-12,1.6962141282463692e-05,1.800373255510479e-14,16186161.381711368,274.5519560575493,274.55195617734597,0.0,1.0000000004363352,False,9.952539578838244e-08,1.2475021401461268e-07,1.0232493594226359e-14,0.02179122269223116,3.1486353436908397e-09,7.93613961479141e-09,"[8.166666666666667e-09, 1.0236517085738568e-08, 1.2830973311830731e-08, 1.6082997248964597e-08, 2.0159250138234185e-08, 2.526863369090349e-08, 3.167299598084116e-08, 3.970055075686648e-08, 4.976269789419122e-08, 6.237510700730634e-08, 7.818414472715056e-08, 9.8e-08]","[0.0, 0.0, 0.0, 2.6811018336472994e-43, 2.229785466086154e-16, 2.478767619360239e-07, 0.0005258901309112342, 0.0066813156141710545, 0.009206906466705427, 0.00422166935913153, 0.001006097425291279, 0.00014909581925847459]","[1.3862948916268727e-16, 1.7757051231000014e-15, 3.479674033044872e-14, 1.0414653500025146e-12, 2.0101651558491473e-11, 1.6680466744696482e-10, 7.377447520476233e-10, 1.291902650196336e-09, 7.226892503253275e-10, 1.8020236385375687e-10, 2.5740881692048773e-11, 2.370950145345525e-12]","[1.6358471186641372e-18, 1.6351090750773624e-16, 1.004421682685369e-14, 7.8167982578659e-13, 3.648922547270846e-11, 5.313964447135751e-10, 2.562425492939054e-09, 3.3481197640290172e-09, 1.238780341986976e-09, 1.98910131338997e-10, 1.8159984765247573e-11, 1.066340356466586e-12]","[0.0, 0.0, 0.0, -1.3535969049972727e-44, -4.560469802906715e-18, -2.0537746176883014e-09, -1.7651534143039998e-06, -9.084894732711718e-06, -5.071566561699897e-06, -9.420698811550637e-07, -9.095141754103078e-08, -5.460161337478434e-09]","[-3.769855919063948e-23, -1.9561872902808846e-22, -1.5529182843374376e-21, -1.882891619835105e-20, -1.4722523773454887e-19, 1.0253544034951973e-16, 1.391255388056492e-13, 1.1250234613061653e-12, 9.867309055217887e-13, 2.87974799949192e-13, 4.368129929080084e-14, 4.1200853141791345e-15]","[-1.1349803445263173e-21, -4.7289068733303177e-20, -1.1801094098985703e-18, -3.7235493634130884e-17, -7.043558072490112e-16, -3.4203523657783707e-15, 6.239833346682111e-13, 3.249004448183484e-12, 1.8154842077964986e-12, 3.3731334471547226e-13, 3.256814872879271e-14, 1.955246105459185e-15]","[Infinity, Infinity, Infinity, 19.807239686712357, 48.89376670502131, 120.69326390596372, 297.92885233071524, 735.431263734277, 1815.3969497778687, 4481.269854371501, 11061.921325606605, 27306.119735892047]",0.24242611623851498,1267.133278255324,fixed_lowT_slope
15105.07204322134,1555.9735895562535,0.981331675098685,2.871063237418036e-07,0.9999999999949789,6.825645186018724e-19,0.015891393872182465,263.55363967176345,4.188234694471247,0.807256213550703,0.0007661085334719865,0.2501198826417354,123753426054932.4,7035721.030709856,17589302.576774642,1.603844401671924e-05,0.006332148927638871,2.2741094949845827e-07,2.5405709712819947e-10,2.5405709712819947e-10,2.614851007775148e-06,1.0,1.3567735561058136e-09,1.0,191215.48360241993,1.223477438217734e-19,2.89210943772083e-12,6.519851249291924e-12,1.442561890269829e-05,1.9110320990147082e-14,20041281.544022147,289.1078901396935,289.10788987574426,2.639492322487058e-07,0.9999999990870216,False,9.952539578838244e-08,1.2475021401461268e-07,1.258761481833479e-16,0.018829719919995182,3.66229574273787e-09,9.115400987606404e-09,"[8.166666666666667e-09, 1.0236517085738568e-08, 1.2830973311830731e-08, 1.6082997248964597e-08, 2.0159250138234185e-08, 2.526863369090349e-08, 3.167299598084116e-08, 3.970055075686648e-08, 4.976269789419122e-08, 6.237510700730634e-08, 7.818414472715056e-08, 9.8e-08]","[0.0, 0.0, 0.0, 1.0897247496924651e-49, 2.3702126149002513e-18, 4.540970020271476e-08, 0.00026984229225491223, 0.005114885673550865, 0.008266664893194883, 0.00404173312203398, 0.0009885135501892823, 0.0001480349790710564]","[1.3862125608245905e-16, 1.7756624007390456e-15, 3.47964011769207e-14, 1.0414612378023838e-12, 2.010161940471456e-11, 1.6681556357658353e-10, 7.600136342376895e-10, 1.5075581329695433e-09, 9.266788636697529e-10, 2.4161062926395977e-10, 3.517387343095214e-11, 3.265254262037971e-12]","[1.4373462198296936e-18, 1.5488438177660643e-16, 9.825548518102393e-15, 7.747367298144193e-13, 3.6357553326156456e-11, 5.306973976395617e-10, 2.6622924439312053e-09, 3.972457863193226e-09, 1.615078074435224e-09, 2.710293205160308e-10, 2.5211742845056532e-11, 1.4918731198822309e-12]","[0.0, 0.0, 0.0, -5.917710929475544e-51, -5.214284215997352e-20, -4.0469374788750694e-10, -9.742229348963892e-07, -7.4809153998679905e-06, -4.898009690023976e-06, -9.701244652087199e-07, -9.611983168827005e-08, -5.831299222278054e-09]","[-5.1175040130073655e-23, -2.6555789459245855e-22, -2.108160167757273e-21, -2.556129430057385e-20, -1.99867061542989e-19, 2.482024775873775e-17, 9.641570540901856e-14, 1.1632261010203348e-12, 1.1965863670299803e-12, 3.7236310106863275e-13, 5.796513863426351e-14, 5.525019735701105e-15]","[-9.677764382579487e-22, -4.4214996875404956e-20, -1.1410065910740927e-18, -3.6488288667389915e-17, -6.939745213481363e-16, -3.921215368708662e-15, 4.3197183408401536e-13, 3.3760543792591966e-12, 2.2128879669074743e-12, 4.384036869973451e-13, 4.344044782086735e-14, 2.635477600965211e-15]","[Infinity, Infinity, Infinity, 18.414633000484223, 45.456145402056755, 112.20756544857059, 276.9820772938491, 683.7245711455477, 1687.760011996713, 4166.200592791371, 10284.178954819323, 25386.27729914794]",0.2871063237418036,1282.8235895562534,fixed_lowT_slope
15285.85112713579,1571.0212133878476,0.9837393397312206,3.3665474404218874e-07,0.9999999999942689,6.8675500637654305e-19,0.01775932483717717,225.9194395398896,4.0121767138219075,0.8004858852557344,0.000755798328865338,0.21330755401742035,90006374811124.97,6000212.489941501,15000531.224853752,1.1664826175521795e-05,0.005400191240947351,2.6665722300371383e-07,2.924753953678326e-10,2.924753953678326e-10,3.060930499231446e-06,1.0,8.301807872815588e-10,1.0,163349.0208698115,0.0,3.2114673984248114e-12,6.9702178153223965e-12,1.2396557680302973e-05,2.015787462986757e-14,24497391.305820666,303.68332368383,303.68332433955845,0.0,1.0000000021592508,False,9.952539578838244e-08,1.2475021401461268e-07,1.2625033101727943e-18,0.016401923924614974,4.211168501429935e-09,1.0326972391772352e-08,"[8.166666666666667e-09, 1.0236517085738568e-08, 1.2830973311830731e-08, 1.6082997248964597e-08, 2.0159250138234185e-08, 2.526863369090349e-08, 3.167299598084116e-08, 3.970055075686648e-08, 4.976269789419122e-08, 6.237510700730634e-08, 7.818414472715056e-08, 9.8e-08]","[0.0, 0.0, 0.0, 1.1693966088644077e-56, 2.0707483248028753e-20, 7.854427570154929e-09, 0.0001356458498800138, 0.003884836546058417, 0.007399157008654518, 0.0038645833477165513, 0.0009707419450747647, 0.0001469513728031395]","[1.386106471757354e-16, 1.7756073477479346e-15, 3.479596412899907e-14, 1.0414559386084103e-12, 2.010157796957336e-11, 1.668179717657736e-10, 7.745722514177931e-10, 1.7187530988236907e-09, 1.1613798713678242e-09, 3.1699926355005085e-10, 4.7061964794619294e-11, 4.404335619877954e-12]","[1.2746954804031712e-18, 1.4713024038597662e-16, 9.622425125544916e-15, 7.682019460883028e-13, 3.623296584741694e-11, 5.299781649031138e-10, 2.7273775500446564e-09, 4.58651361569626e-09, 2.049955178146429e-09, 3.5996217148361317e-10, 3.413847853880149e-11, 2.036294335912669e-12]","[0.0, 0.0, 0.0, -6.796130149968252e-58, -4.875258405021767e-22, -7.491267901416966e-11, -5.241043636439199e-07, -6.080712941560546e-06, -4.691746059477663e-06, -9.927170114434891e-07, -1.0101762541368863e-07, -6.1949477650100145e-09]","[-6.812864701904061e-23, -3.5354977284196464e-22, -2.806745011578984e-21, -3.403184086160376e-20, -2.66100167361236e-19, 4.953365669458006e-18, 6.427921326261889e-14, 1.1717442439080586e-12, 1.4204566464586718e-12, 4.722084244259541e-13, 7.549533255108955e-14, 7.274031745137127e-15]","[-8.279390895835908e-22, -4.154575290581721e-20, -1.1072874894017177e-18, -3.5868176732154983e-17, -6.8572756182338e-16, -4.021835467446596e-15, 2.862153895705823e-13, 3.4132285128997745e-12, 2.6369810642297794e-12, 5.581001406823705e-13, 5.679625563733584e-14, 3.4831585398712392e-15]","[Infinity, Infinity, Infinity, 17.206801268658317, 42.47463729655639, 104.84777308083284, 258.81457833496023, 638.8784643172808, 1577.0582880775678, 3892.9355527988196, 9609.629419612373, 23721.164144941253]",0.33665474404218876,1297.8712133878475,fixed_lowT_slope
15470.009173896278,1586.3498553040204,0.9858477361661846,3.9475416357612415e-07,0.9999999999935064,6.907493864608822e-19,0.020095148898786063,193.867401764057,3.8957943050695056,0.7957430525697293,0.0007466753593405442,0.18191321745527833,65462005900707.18,5117108.789178014,12792771.97294503,8.48387596473165e-06,0.004605397910260211,3.1267656520881125e-07,3.366193503884051e-10,3.366193503884051e-10,3.5852034904977646e-06,1.0,5.070879203732238e-10,1.0,139462.09784889524,2.0432094650811393e-20,3.5634300844966727e-12,7.447238067774337e-12,1.0659560603397274e-05,2.123423721593191e-14,29921695.77782054,318.95212954063487,318.9521295000943,4.0540555801271694e-08,0.9999999998728946,False,9.952539578838244e-08,1.2475021401461268e-07,7.645291645890751e-21,0.014276014557478556,4.831835907544347e-09,1.1646196941466866e-08,"[8.166666666666667e-09, 1.0236517085738568e-08, 1.2830973311830731e-08, 1.6082997248964597e-08, 2.0159250138234185e-08, 2.526863369090349e-08, 3.167299598084116e-08, 3.970055075686648e-08, 4.976269789419122e-08, 6.237510700730634e-08, 7.818414472715056e-08, 9.8e-08]","[0.0, 0.0, 0.0, 8.3306167643463e-65, 1.0914429483290555e-22, 1.1483972390277274e-09, 6.39931882241463e-05, 0.0028776549721786166, 0.0065565794240498914, 0.0036802755991417898, 0.0009517311318616842, 0.00014577909362518938]","[1.3859626838960515e-16, 1.7755327276904395e-15, 3.479537173170896e-14, 1.041448755745028e-12, 2.010152180555831e-11, 1.66818345166458e-10, 7.841934631280685e-10, 1.9329317490894925e-09, 1.443784129455157e-09, 4.1417852779028303e-10, 6.281879919929884e-11, 5.931213653558564e-12]","[1.1335165526169544e-18, 1.3970452643895295e-16, 9.421438764255941e-15, 7.616513950265189e-13, 3.610742234904729e-11, 5.292374439653041e-10, 2.7699822961918188e-09, 5.21128379060756e-09, 2.575035126024424e-09, 4.749995879498841e-10, 4.6011456329633224e-11, 2.768604377360599e-12]","[0.0, 0.0, 0.0, -5.181768692143414e-66, -2.7502512562848995e-24, -1.1722869850322607e-11, -2.646342377544916e-07, -4.820826466101438e-06, -4.449698844901987e-06, -1.0118221531313816e-06, -1.060006965967039e-07, -6.577492702681738e-09]","[-9.059333511273878e-23, -4.70158019885698e-22, -3.732562627203112e-21, -4.5257856821481776e-20, -3.5387955465447883e-19, -5.617157259022225e-20, 4.020113181911073e-14, 1.1506734777628715e-12, 1.6686936446443752e-12, 5.961629412511472e-13, 9.812601761002243e-14, 9.566440722364062e-15]","[-7.015092636875644e-22, -3.9078750770242136e-20, -1.0767349507168814e-18, -3.5339903596252393e-17, -6.792124950957511e-16, -4.0257398225165e-15, 1.7633140422893099e-13, 3.3615168201308e-12, 3.1074446042973323e-12, 7.068044528151703e-13, 7.405273926530226e-14, 4.595218557287162e-15]","[Infinity, Infinity, Infinity, 16.07678238702002, 39.68520860902727, 97.96212477750268, 241.81749408976526, 596.9215014092288, 1473.488353388624, 3637.275175041477, 8978.536579648086, 22163.32274542139]",0.39475416357612414,1313.1998553040203,fixed_lowT_slope
15657.653994908616,1601.9684997720778,0.9876954772776158,4.628803022040797e-07,0.9999999999926887,6.945276939110195e-19,0.023037830274452876,166.5980508041167,3.838057618479918,0.7933054794179585,0.000738740929535695,0.15513945972222248,47610785630870.125,4363979.176433826,10909947.941084564,6.170357817760768e-06,0.0039275812587904425,3.666378631319443e-07,3.8733723815405174e-10,3.8733723815405174e-10,4.203145125301796e-06,1.0,3.0888680293391985e-10,1.0,118958.53821228663,0.0,3.949256868011492e-12,7.945363554910614e-12,9.170007581084713e-06,2.236047655804126e-14,36506489.19405846,334.76478214672596,334.76478266830327,0.0,1.0000000015580413,False,9.952539578838244e-08,1.2475021401461268e-07,2.6076996318202637e-23,0.012413003616024713,5.533179558153985e-09,1.3081536498345226e-08,"[8.166666666666667e-09, 1.0236517085738568e-08, 1.2830973311830731e-08, 1.6082997248964597e-08, 2.0159250138234185e-08, 2.526863369090349e-08, 3.167299598084116e-08, 3.970055075686648e-08, 4.976269789419122e-08, 6.237510700730634e-08, 7.818414472715056e-08, 9.8e-08]","[0.0, 0.0, 0.0, 1.5556346482400848e-74, 3.2369384959291244e-25, 1.3927667603629092e-10, 2.81452485216296e-05, 0.0020736049382780574, 0.0057461416151950205, 0.003489186684355921, 0.000931414182323811, 0.0001445108080735981]","[1.3857679599859334e-16, 1.7754316666210295e-15, 3.479456939985635e-14, 1.0414390272937986e-12, 2.010144573680046e-11, 1.6681819389390476e-10, 7.901453910483885e-10, 2.1445046116600537e-09, 1.7799916295088652e-09, 5.388993199494559e-10, 8.366462000997858e-11, 7.976198741381519e-12]","[1.0124359049572767e-18, 1.3258431441150305e-16, 9.222092020160563e-15, 7.550672113950791e-13, 3.598055687290653e-11, 5.284839629911974e-10, 2.7957789039171168e-09, 5.830039320173656e-09, 3.201914864761785e-09, 6.230586133786806e-10, 6.176366206599049e-11, 3.7521912837270284e-12]","[0.0, 0.0, 0.0, -1.0366512139883969e-75, -8.738360724980449e-27, -1.5231560132803204e-12, -1.246928551927472e-07, -3.721628361352365e-06, -4.177859575209778e-06, -1.0277140430332343e-06, -1.111377417019319e-07, -6.985376049313176e-09]","[-1.2035034785388003e-22, -6.246420999125213e-22, -4.9591724672645514e-21, -6.013150178543036e-20, -4.701819489050048e-19, -1.3985226491089197e-18, 2.3430241900138964e-14, 1.0988485255911791e-12, 1.938092188641942e-12, 7.490446596156617e-13, 1.2726577610538162e-13, 1.2567658157179596e-14]","[-5.849737282445058e-22, -3.6793633837631496e-20, -1.049407168941707e-18, -3.491168166912848e-17, -6.746341188413719e-16, -4.014131289620342e-15, 9.943417204988819e-14, 3.2173322448474605e-12, 3.618285008937692e-12, 8.903340807076848e-13, 9.628999790935386e-14, 6.052337776401159e-15]","[Infinity, Infinity, Infinity, 15.006345695144258, 37.04285732535225, 91.4395339820377, 225.7166096495533, 557.1767884756099, 1375.3793088908444, 3395.094878783404, 8380.718989430576, 20687.620402026438]",0.46288030220407966,1328.8184997720778,fixed_lowT_slope
15848.893972468892,1617.886173118461,0.9893157306485671,5.427635575203319e-07,0.9999999999918109,6.980665151548206e-19,0.026780079017511185,143.39700017662614,3.8401829956041134,0.7933962412354643,0.000732031082714219,0.1323062298583117,34627519844517.652,3721694.2294883737,9304235.573720936,4.487726571849488e-06,0.003349524806539537,4.2991172872897565e-07,4.456006116146664e-10,4.456006116146664e-10,4.933609979896567e-06,1.0,1.8746997176824486e-10,1.0,101345.66818970203,0.0,4.370093114418042e-12,8.458592540938714e-12,7.89087966769416e-06,2.3554460837978458e-14,44481120.46266638,350.9951689861241,350.99516905510876,0.0,1.0000000001965401,False,9.952539578838244e-08,1.2475021401461268e-07,4.5828901482048725e-26,0.010779411566832953,6.324776230635032e-09,1.464073143233561e-08,"[8.166666666666667e-09, 1.0236517085738568e-08, 1.2830973311830731e-08, 1.6082997248964597e-08, 2.0159250138234185e-08, 2.526863369090349e-08, 3.167299598084116e-08, 3.970055075686648e-08, 4.976269789419122e-08, 6.237510700730634e-08, 7.818414472715056e-08, 9.8e-08]","[0.0, 0.0, 0.0, 1.3521287100156531e-86, 4.940085907308439e-28, 1.3686834134076876e-11, 1.1446468839921339e-05, 0.0014490269454406647, 0.004974406639473508, 0.0032916852559178034, 0.0009097086745475055, 0.00014313756892671576]","[1.385504429564942e-16, 1.7752948818719143e-15, 3.4793483412010754e-14, 1.0414258592403413e-12, 2.0101342772419504e-11, 1.6681786376104182e-10, 7.935674712428467e-10, 2.347522502768676e-09, 2.1755877988920226e-09, 6.982007615352141e-10, 1.111876704800351e-10, 1.0712685994798731e-11]","[9.106723270359644e-19, 1.2574982186041402e-16, 9.023862913348889e-15, 7.484293810841139e-13, 3.5851951359391015e-11, 5.277178144085607e-10, 2.809926416526632e-09, 6.424951820951418e-09, 3.941233753913878e-09, 8.126105019462709e-10, 8.261014276906759e-11, 5.071450555899958e-12]","[0.0, 0.0, 0.0, -9.66933971921919e-88, -1.4311453921928082e-29, -1.6062854994835676e-13, -5.442040350679212e-08, -2.790854544495827e-06, -3.881258525824163e-06, -1.040447539233412e-06, -1.164863132771146e-07, -7.42500940018209e-09]","[-1.5975219013787358e-22, -8.292392673909639e-22, -6.583816611429713e-21, -7.983229739927993e-20, -6.242316656662132e-19, -2.074900066328129e-18, 1.2621817956893128e-14, 1.0173002184818867e-12, 2.222802631155993e-12, 9.361886978317826e-13, 1.6467691596949672e-13, 1.6491846292923236e-14]","[-4.747498085238162e-22, -3.4664249467850265e-20, -1.0252369297473082e-18, -3.458850800765372e-17, -6.721440022845255e-16, -4.009396323132036e-15, 4.9686142044746943e-14, 2.983623942137465e-12, 4.158493715796968e-12, 1.115132850302706e-12, 1.2485962297776877e-13, 7.958996050434029e-15]","[Infinity, Infinity, Infinity, 13.98367157716162, 34.518406964502844, 85.207979144911, 210.33414128384263, 519.2054699871269, 1281.6478485975683, 3163.720545048406, 7809.575639872455, 19277.76265484667]",0.5427635575203319,1344.736173118461,fixed_lowT_slope
16031.544301234026,1633.0887051149066,0.9906536083941561,6.301316403872837e-07,0.999999999990929,7.011418150783221e-19,0.0312551232133982,124.78226138356412,3.900084954389756,0.7959219055775457,0.0007269025903002613,0.11396190160497957,25690950558776.086,3205679.3700416195,8014198.425104049,3.3295471924173807e-06,0.0028851114330374576,4.991141706037891e-07,5.080625811200493e-10,5.080625811200493e-10,5.741029474075124e-06,1.0,1.169153606589832e-10,1.0,87092.39383944283,2.0114645740674655e-19,4.7974605452853516e-12,8.949261264310868e-12,6.855106646342489e-06,2.4747749167687427e-14,53463719.75170693,366.49950099340884,366.4995006081184,3.8529043422386167e-07,0.9999999989487286,False,9.952539578838244e-08,1.5636828945430112e-07,5.928982209458007e-29,0.00943054783870541,7.158022519416164e-09,1.6221226960949627e-08,"[8.166666666666667e-09, 1.0236517085738568e-08, 1.2830973311830731e-08, 1.6082997248964597e-08, 2.0159250138234185e-08, 2.526863369090349e-08, 3.167299598084116e-08, 3.970055075686648e-08, 4.976269789419122e-08, 6.237510700730634e-08, 7.818414472715056e-08, 9.8e-08]","[0.0, 0.0, 0.0, 1.2689155723707338e-101, 5.5913550361127035e-31, 1.2524217822910004e-12, 4.546645421310041e-06, 0.001003691324826995, 0.004291471063635576, 0.0031010784848253727, 0.0008880148193663883, 0.0001417454993773467]","[1.3851735404513861e-16, 1.7751231130644883e-15, 3.479211960214792e-14, 1.0414093221365268e-12, 2.010121346348463e-11, 1.6681743098015423e-10, 7.95300004763063e-10, 2.5248598804385685e-09, 2.604381783187451e-09, 8.864962840605513e-10, 1.4487776161667133e-10, 1.4110045824014351e-11]","[8.32693652558732e-19, 1.1958828063276323e-16, 8.838571559068134e-15, 7.421384109010504e-13, 3.5729391551804826e-11, 5.269859817751798e-10, 2.816359158925293e-09, 6.945350674155364e-09, 4.74407986092681e-09, 1.037082773376777e-09, 1.0817562666161103e-10, 6.712396173352814e-12]","[0.0, 0.0, 0.0, -9.71286978973848e-103, -1.7338135119961878e-32, -1.5732814067967935e-14, -2.313755076391731e-08, -2.069173914520495e-06, -3.5840460305107645e-06, -1.0491818687467634e-06, -1.2171075590464263e-07, -7.87025686590205e-09]","[-2.0819922542926834e-22, -1.0808709809925663e-21, -8.58216227217645e-21, -1.0406573388119747e-19, -8.137275535947123e-19, -2.7328763383037585e-18, 6.521420097370336e-15, 9.17033053895379e-13, 2.4956228873797703e-12, 1.1478129049160057e-12, 2.092010601828287e-13, 2.1253879152500924e-14]","[-3.7381879018364007e-22, -3.2780945497895184e-20, -1.0052689177159176e-18, -3.438230174763566e-17, -6.717889907745358e-16, -4.016100419246957e-15, 2.151011711761608e-14, 2.692586217969847e-12, 4.676508277649291e-12, 1.369475802392663e-12, 1.5888217039750734e-13, 1.027423975170896e-14]","[Infinity, Infinity, Infinity, 13.064270394228144, 32.24888373187968, 79.60570670195204, 196.50504358484096, 485.0686149596023, 1197.3816817927407, 2955.7110899462814, 7296.107996093016, 18010.276131070153]",0.6301316403872838,1359.9387051149065,fixed_lowT_slope
16217.5434086221,1648.5697833441595,0.9918371739228113,7.315632722860084e-07,0.9999999999899852,7.039547556501439e-19,0.036988725094041774,108.74528518720055,4.022349459062534,0.8008900001580816,0.0007229364861454918,0.09816102409789257,19060704999291.906,2761210.2418535175,6903025.604633795,2.470267367908231e-06,0.0024850892176681663,5.794560572562442e-07,5.791776585015435e-10,5.791776585015435e-10,6.690713688116869e-06,1.0,7.258436790046639e-11,1.0,74730.44331399677,0.0,5.257590890445416e-12,9.447096808546879e-12,5.955044657008752e-06,2.6021132135663484e-14,64180874.49531013,382.1999734570371,382.1999737454458,0.0,1.0000000007546015,False,9.952539578838244e-08,1.5636828945430112e-07,3.448386513872312e-32,0.008237273905556517,8.088764432994749e-09,1.7922244966235042e-08,"[8.166666666666667e-09, 1.0236517085738568e-08, 1.2830973311830731e-08, 1.6082997248964597e-08, 2.0159250138234185e-08, 2.526863369090349e-08, 3.167299598084116e-08, 3.970055075686648e-08, 4.976269789419122e-08, 6.237510700730634e-08, 7.818414472715056e-08, 9.8e-08]","[0.0, 0.0, 0.0, 0.0, 2.8405304246993397e-34, 9.03713783419383e-14, 1.655795649197574e-06, 0.0006720971486311118, 0.0036526649276459643, 0.0029056768227484265, 0.0008649369275178716, 0.00014024228327357376]","[1.3847345250900007e-16, 1.7748951772005253e-15, 3.479030971705401e-14, 1.0413873754832962e-12, 2.0101041853674083e-11, 1.6681685425779167e-10, 7.961799949259292e-10, 2.6851754412835866e-09, 3.0914839989664016e-09, 1.1209525479571992e-09, 1.884102455180269e-10, 1.8566217178310534e-11]","[7.720752812139695e-19, 1.136564691776339e-16, 8.653387622349839e-15, 7.357624451532936e-13, 3.5604483257322565e-11, 5.262384711446921e-10, 2.8188189637318947e-09, 7.416230610116234e-09, 5.657466829864734e-09, 1.3170123660852379e-09, 1.412606511562382e-10, 8.868060617367522e-12]","[0.0, 0.0, 0.0, 0.0, -9.444283668213398e-36, -1.2172253103776128e-15, -9.034774454210528e-09, -1.4856385903139037e-06, -3.2708568913442396e-06, -1.0540705586998653e-06, -1.2710937943811578e-07, -8.349166202728198e-09]","[-2.7118500102864047e-22, -1.4081285706604045e-21, -1.1181455816161535e-20, -1.3558848915662507e-19, -1.060228652528876e-18, -3.564175165266637e-18, 3.0856909149472466e-15, 7.989631531447516e-13, 2.763720937201298e-12, 1.3993210947472468e-12, 2.65118398350992e-13, 2.7360225605451953e-14]","[-2.7183176072813674e-22, -3.097495521148728e-20, -9.876234280705976e-19, -3.42679071294157e-17, -6.733747685285623e-16, -4.03463955265973e-15, 5.576799580582752e-15, 2.34747878887547e-12, 5.185986162645198e-12, 1.671898954211448e-12, 2.016335354843569e-13, 1.3244736712693843e-14]","[Infinity, Infinity, Infinity, Infinity, 30.07671650375884, 74.24375550809316, 183.26917374521884, 452.3961298616395, 1116.7302786349699, 2756.6245909879217, 6804.666432495433, 16797.160323356336]",0.7315632722860084,1375.4197833441594,fixed_lowT_slope
16406.98590732634,1664.3372787951153,0.9928842432023424,8.49322248012945e-07,0.999999999988974,7.0647380147938265e-19,0.044433469043293664,94.90480522279469,4.216949724926863,0.8083171100495857,0.0007201289946546046,0.0845509465553356,14141573868154.273,2378366.9917112687,5945917.479278171,1.8327479733127937e-06,0.0021405302925401417,6.727304934756e-07,6.601319136650679e-10,6.601319136650679e-10,7.811015366186842e-06,1.0,4.4829325585037156e-11,1.0,64012.16443184242,0.0,5.751275113385033e-12,9.951918045623635e-12,5.171704947095147e-06,2.7380304602406264e-14,76955436.03502761,397.99080907299657,397.99080924821635,0.0,1.000000000440261,False,1.2475021401461268e-07,1.5636828945430112e-07,7.803490544592889e-36,0.007181608004965125,9.126749935289155e-09,1.9749293518762686e-08,"[8.166666666666667e-09, 1.0236517085738568e-08, 1.2830973311830731e-08, 1.6082997248964597e-08, 2.0159250138234185e-08, 2.526863369090349e-08, 3.167299598084116e-08, 3.970055075686648e-08, 4.976269789419122e-08, 6.237510700730634e-08, 7.818414472715056e-08, 9.8e-08]","[0.0, 0.0, 0.0, 0.0, 5.604161016171795e-38, 4.982415289290847e-15, 5.471008245313681e-07, 0.0004333715441143344, 0.003062518565241214, 0.002706152615554436, 0.0008404004570520071, 0.00013861772217361976]","[1.3841522674822706e-16, 1.7745928045565854e-15, 3.4787908568273895e-14, 1.041358258132568e-12, 2.0100814169972926e-11, 1.6681608881275496e-10, 7.965876932500339e-10, 2.825041473219187e-09, 3.63698923497715e-09, 1.411203629731522e-09, 2.4452753208742976e-10, 2.440540986637379e-11]","[7.29988786097248e-19, 1.079524139549951e-16, 8.467938590213112e-15, 7.292823774089688e-13, 3.54767940134877e-11, 5.254725654738949e-10, 2.8190528091983404e-09, 7.827225203440524e-09, 6.681657851515192e-09, 1.664008181638075e-09, 1.8396581044827542e-10, 1.1696444036492001e-11]","[0.0, 0.0, 0.0, 0.0, -2.0005926027730215e-39, -7.205406303810607e-17, -3.205209655279475e-09, -1.028537246149483e-06, -2.944482514035888e-06, -1.054030661781671e-06, -1.3260444867611363e-07, -8.860569881853913e-09]","[-3.530373638609949e-22, -1.8336058052929375e-21, -1.4561497332251782e-20, -1.765827745630718e-19, -1.3808047602088362e-18, -4.6422148675876065e-18, 1.3202433750419283e-15, 6.701437512582138e-13, 3.0142476480466884e-12, 1.6952681878941714e-12, 3.350871778186882e-13, 3.517835887405648e-14]","[-1.6514028551885428e-22, -2.920950978931435e-20, -9.719021823750259e-19, -3.424014487595578e-17, -6.768674395363142e-16, -4.065080290333615e-15, -2.6680760956004735e-15, 1.9692674753580487e-12, 5.662600379846053e-12, 2.0279119344906457e-12, 2.551533708128967e-13, 1.7049845760762667e-14]","[Infinity, Infinity, Infinity, Infinity, 28.01250493680656, 69.14829059196671, 170.69111957472379, 421.3474482686358, 1040.0871972044888, 2567.4325365261348, 6337.649041509046, 15644.334847750959]",0.849322248012945,1391.1872787951152,fixed_lowT_slope
16586.99133001099,1679.319149657255,0.9937520462378658,9.762740228198888e-07,0.9999999999879645,7.085282602335439e-19,0.05349936310332107,83.68374233848648,4.477026917211451,0.817419191996753,0.0007184901017187801,0.07355619254579746,10702846097065.064,2069091.2108522488,5172728.027130622,1.3870888541796322e-06,0.001862182089767024,7.732863547088229e-07,7.457511851175098e-10,7.457511851175098e-10,9.041320582444712e-06,1.0,2.8439541683205417e-11,1.0,55301.655929647764,0.0,6.242571985480432e-12,1.0429896231051888e-11,4.5312916480212465e-06,2.8729316314477505e-14,91071146.54333179,412.66992563663723,412.66992570751836,0.0,1.0000000001717624,False,1.2475021401461268e-07,1.5636828945430112e-07,1.1272582854628418e-39,0.0063066544790494426,1.0201418481700268e-08,2.1573359945495617e-08,"[8.166666666666667e-09, 1.0236517085738568e-08, 1.2830973311830731e-08, 1.6082997248964597e-08, 2.0159250138234185e-08, 2.526863369090349e-08, 3.167299598084116e-08, 3.970055075686648e-08, 4.976269789419122e-08, 6.237510700730634e-08, 7.818414472715056e-08, 9.8e-08]","[0.0, 0.0, 0.0, 0.0, 7.109228515059826e-42, 2.534150138836478e-16, 1.7648358559829043e-07, 0.0002770560889924053, 0.002559271071710127, 0.002517036507040397, 0.000816131388510478, 0.00013698293921018286]","[1.383438807133738e-16, 1.7742221947049422e-15, 3.47849652172348e-14, 1.0413225641910624e-12, 2.0100535055371485e-11, 1.6681515043358626e-10, 7.967505428562276e-10, 2.935233259697303e-09, 4.196567854009725e-09, 1.7421119127081266e-09, 3.1128847279399523e-10, 3.147273405044956e-11]","[7.091546111846451e-19, 1.0283880373787824e-16, 8.294344398815256e-15, 7.2312382503748e-13, 3.535471810362766e-11, 5.247386330126974e-10, 2.8182210295191343e-09, 8.150981110832708e-09, 7.733351112328828e-09, 2.060033027039137e-09, 2.348253994236313e-10, 1.512339351845833e-11]","[0.0, 0.0, 0.0, 0.0, -2.7140871260290084e-43, -3.9192607501372995e-18, -1.1057238303965703e-09, -7.032028610591587e-07, -2.6314787456642454e-06, -1.0484406544915382e-06, -1.3771630193934969e-07, -9.364033452537698e-09]","[-4.513716873367496e-22, -2.3450538710499657e-21, -1.862545305321847e-20, -2.258764779208604e-19, -1.7662972878973283e-18, -5.938298727148861e-18, 5.364768822408078e-16, 5.475065340278206e-13, 3.219106795340738e-12, 2.0150917252745042e-12, 4.1586354173823e-13, 4.4426546344796514e-14]","[-5.768538734305731e-23, -2.7560580438654375e-20, -9.584959415383343e-19, -3.428449108376502e-17, -6.817592464382971e-16, -4.103863375355549e-15, -6.385196831449789e-15, 1.6081243794625008e-12, 6.052937444274386e-12, 2.4127930306653212e-12, 3.169652656277281e-13, 2.1552884766008528e-14]","[Infinity, Infinity, Infinity, Infinity, 26.193810975631305, 64.6588808552149, 159.609100162917, 393.99169760928675, 972.5600390757131, 2400.7429474022856, 5926.178506230167, 14628.625570860155]",0.9762740228198888,1406.1691496572548,fixed_lowT_slope
16770.16232448476,1694.5643275002972,0.9945254072440328,1.12220181428522e-06,0.9999999999868864,7.102630261726621e-19,0.06539509615326676,73.87332965149096,4.830953495721224,0.8285014619420642,0.0007176668237919136,0.06399116369789476,8100294609740.77,1800032.734117996,4500081.83529499,1.0497981814224036e-06,0.0016200294607061963,8.888727241863129e-07,8.423485035391871e-10,8.423485035391871e-10,1.0485742622171143e-05,1.0,1.7937346852345002e-11,1.0,47683.79484565984,8.247964487901107e-20,6.7628212261805325e-12,1.0914156292095591e-11,3.966481532911902e-06,3.015702794262696e-14,107676971.34888603,427.0987185561544,427.0987183752403,1.809140712794033e-07,0.9999999995764116,False,1.2475021401461268e-07,1.5636828945430112e-07,5.119732198831736e-44,0.005526877307925643,1.1387333553033024e-08,2.3517227240871574e-08,"[8.166666666666667e-09, 1.0236517085738568e-08, 1.2830973311830731e-08, 1.6082997248964597e-08, 2.0159250138234185e-08, 2.526863369090349e-08, 3.167299598084116e-08, 3.970055075686648e-08, 4.976269789419122e-08, 6.237510700730634e-08, 7.818414472715056e-08, 9.8e-08]","[0.0, 0.0, 0.0, 0.0, 2.829613171237938e-46, 9.580900816572881e-18, 5.127714692542396e-08, 0.00017013521212696, 0.0021048082720749304, 0.0023261469814034237, 0.0007905101079285973, 0.00013522545724479706]","[1.3825107933010342e-16, 1.7737399656106636e-15, 3.478113485345134e-14, 1.041276110803767e-12, 2.0100171797084068e-11, 1.6681392915146657e-10, 7.968145459762877e-10, 3.0252268032951407e-09, 4.800146962879054e-09, 2.1411156198688494e-09, 3.954879786842772e-10, 4.054957214416249e-11]","[7.085337561048191e-19, 9.793994695272129e-17, 8.120086550900387e-15, 7.168438909174541e-13, 3.5229477358215236e-11, 5.239839012868052e-10, 2.816886246624349e-09, 8.415176169091342e-09, 8.86869170380264e-09, 2.5379784478628026e-09, 2.990275197532185e-10, 1.9528712466249835e-11]","[0.0, 0.0, 0.0, 0.0, -1.155599010579012e-47, -1.585101046576936e-19, -3.436726809405734e-10, -4.619404228798648e-07, -2.3151279025374812e-06, -1.0365026543901369e-06, -1.426959734872842e-07, -9.88858384873209e-09]","[-5.768297526756108e-22, -2.998054546161223e-21, -2.381572367509422e-20, -2.888393741304303e-19, -2.2587112543934985e-18, -7.593879665143813e-18, 1.8873590399575806e-16, 4.2958479943865417e-13, 3.382777645167226e-12, 2.379494344292075e-12, 5.146837929627046e-13, 5.6037255181858385e-14]","[6.132278338040093e-23, -2.5869122488489523e-20, -9.457462308802814e-19, -3.4385640206882185e-17, -6.880796693547753e-16, -4.151935719935474e-15, -8.098369027407925e-15, 1.2601209504161474e-12, 6.365566896922187e-12, 2.851465639570286e-12, 3.926111948839935e-13, 2.7208323971285265e-14]","[Infinity, Infinity, Infinity, Infinity, 24.48611625082789, 60.44347038482542, 149.20344202247082, 368.305529674779, 909.1542068876491, 2244.2267480463856, 5539.8207013811825, 13674.90626700158]",1.12220181428522,1421.414327500297,fixed_lowT_slope
16956.5826579562,1710.0797779173622,0.9952139018767494,1.2899420475693354e-06,0.9999999999857346,7.1164154893644015e-19,0.08124748033615946,65.28440158828647,5.304193134302242,0.8413754181230868,0.0007174600554543535,0.05566994279728687,6130591075451.252,1565961.8227084915,3914904.5567712286,7.945246033784822e-07,0.0014093656404376423,1.0217362753024438e-06,9.51314429521653e-10,9.51314429521653e-10,1.2187408146130644e-05,1.0,1.1239924459590597e-11,1.0,41025.950227058245,3.694914489768053e-20,7.310494711332104e-12,1.1402203957686745e-11,3.4672310557076724e-06,3.166220299228725e-14,127199286.38162895,441.02931609297286,441.0293160062379,8.67349854161148e-08,0.9999999998033351,False,1.2475021401461268e-07,1.5636828945430112e-07,5.825420018203923e-49,0.0048326085409529556,1.2693543893680363e-08,2.558583655665156e-08,"[8.166666666666667e-09, 1.0236517085738568e-08, 1.2830973311830731e-08, 1.6082997248964597e-08, 2.0159250138234185e-08, 2.526863369090349e-08, 3.167299598084116e-08, 3.970055075686648e-08, 4.976269789419122e-08, 6.237510700730634e-08, 7.818414472715056e-08, 9.8e-08]","[0.0, 0.0, 0.0, 0.0, 2.81519745346106e-51, 2.60083183876137e-19, 1.32786658903496e-08, 9.997080315967084e-05, 0.001701059366724272, 0.0021347004930083774, 0.0007635269789406096, 0.0001333376204541349]","[1.3813040918380956e-16, 1.7731126351093222e-15, 3.477615102519736e-14, 1.041215664066789e-12, 2.0099699098672686e-11, 1.668123399097372e-10, 7.968354885683389e-10, 3.0957130712165197e-09, 5.440417437984474e-09, 2.6190022701352847e-09, 5.0139142631286e-10, 5.219425739633935e-11]","[7.313778525029274e-19, 9.327614480614262e-17, 7.945104130415671e-15, 7.104298769437913e-13, 3.5100730244251754e-11, 5.232061093785882e-10, 2.8153029148926057e-09, 8.621728175261814e-09, 1.0073899443015571e-08, 3.1108543301165195e-09, 3.798416802879931e-10, 2.518470446561598e-11]","[0.0, 0.0, 0.0, 0.0, -1.2298456731815434e-52, -4.6028259894494404e-21, -9.520007592812265e-11, -2.90353231384227e-07, -2.001445113124424e-06, -1.0174944598130215e-06, -1.4743161609525031e-07, -1.0430147826643903e-08]","[-7.368013144663723e-22, -3.831491568658562e-21, -3.044272459984799e-20, -3.6924375140816746e-19, -2.887569683186213e-18, -9.708263331171092e-18, 4.8513059533329316e-17, 3.2246175671787386e-13, 3.4925846065648594e-12, 2.789662225057808e-12, 6.350745482239711e-13, 7.058922018658708e-14]","[1.9640504729472534e-22, -2.4088261919071373e-20, -9.329670338523059e-19, -3.452896376154885e-17, -6.956158089989131e-16, -4.208185354475595e-15, -8.86243981469191e-15, 9.434560213902406e-13, 6.576414711034888e-12, 3.345376523673906e-12, 4.847975287482363e-13, 3.4298696648004e-14]","[Infinity, Infinity, Infinity, Infinity, 22.890656241268864, 56.505108920540884, 139.48167331689075, 344.30752736269227, 849.9155712887751, 2097.9971659016774, 5178.855113731657, 12783.866793673124]",1.2899420475693355,1436.9297779173621,fixed_lowT_slope
17146.33871832758,1725.8726837982863,0.9958259187162749,1.4827551202518888e-06,0.9999999999845038,7.126218691458521e-19,0.1027369498109365,57.75414600809063,5.933484799806706,0.8557723815839506,0.0007176163481612306,0.04843078875209065,4639849381429.516,1362328.797527163,3405821.993817908,6.013244798332652e-07,0.001226095917774447,1.1744595011896148e-06,1.0742128614237905e-09,1.0742128614237905e-09,1.4199328619793201e-05,1.0,6.99261812716735e-12,1.0,35212.93248351358,0.0,7.882939145554487e-12,1.1888394424090311e-11,3.0250566453551764e-06,3.324054692721838e-14,150137958.17472914,454.17582795753725,454.1758280965219,0.0,1.000000000306015,False,1.2475021401461268e-07,1.5636828945430112e-07,1.2318063734761643e-54,0.004215381346657908,1.4129138155338065e-08,2.7783590901628738e-08,"[8.166666666666667e-09, 1.0236517085738568e-08, 1.2830973311830731e-08, 1.6082997248964597e-08, 2.0159250138234185e-08, 2.526863369090349e-08, 3.167299598084116e-08, 3.970055075686648e-08, 4.976269789419122e-08, 6.237510700730634e-08, 7.818414472715056e-08, 9.8e-08]","[0.0, 0.0, 0.0, 0.0, 5.192533609445747e-57, 4.877021201931995e-21, 3.0301899958236266e-09, 5.597957653801978e-05, 0.0013488076633786576, 0.0019440865040053735, 0.0007351924543387696, 0.00013131211820709143]","[1.3797355641636867e-16, 1.7722967183036416e-15, 3.4769667417846965e-14, 1.0411370195049502e-12, 2.0099084067579313e-11, 1.6681027210362042e-10, 7.968392101650077e-10, 3.14845215186621e-09, 6.1073603084182795e-09, 3.187186230780192e-09, 6.341979797528488e-10, 6.711510122712905e-11]","[7.820314786216776e-19, 8.887820848633932e-17, 7.769475856574088e-15, 7.038716015828401e-13, 3.496816541682616e-11, 5.224031346554331e-10, 2.8135872380655444e-09, 8.775749695445886e-09, 1.1330050557661262e-08, 3.792429693984744e-09, 4.812538068957199e-10, 3.243687876563968e-11]","[0.0, 0.0, 0.0, 0.0, -2.426083817273075e-58, -9.2310620264156e-23, -2.3234721693027322e-11, -1.7388731000082876e-07, -1.6973018710770232e-06, -9.910501315322295e-07, -1.518281664498954e-07, -1.0985702790890407e-08]","[-9.40641453427803e-22, -4.894802175051682e-21, -3.8901800610326465e-20, -4.718973210532024e-19, -3.690509653544164e-18, -1.2408044025618704e-17, -4.39506104794583e-18, 2.306193313329081e-13, 3.5372847062329016e-12, 3.2450669297861452e-12, 7.810789082758263e-13, 8.879409451499732e-14]","[3.52931268215058e-22, -2.2163760925968178e-20, -9.1933228650011e-19, -3.469578874430824e-17, -7.040819412509308e-16, -4.2710748471158576e-15, -9.230598799656814e-15, 6.715917080634659e-13, 6.664100992557378e-12, 3.893904151017247e-12, 5.96626984110213e-13, 4.317143393467273e-14]","[Infinity, Infinity, Infinity, Infinity, 21.40294400579354, 52.83272052528642, 130.4164532658456, 321.93020029899236, 794.6775328320185, 1961.6429503921122, 4842.266567062768, 11953.001160378963]",1.4827551202518887,1452.7226837982862,fixed_lowT_slope
17339.519692958966,1741.9504602792804,0.9963688571668594,1.7043887752755961e-06,0.9999999999831889,7.131542280552946e-19,0.13243171793708539,51.14098303024999,6.772688239687337,0.8713443831576827,0.0007178565183768994,0.042132992801708825,3511603044045.3457,1185175.606236535,2962939.015591338,4.551037545082768e-07,0.0010666580456128816,1.350010911109383e-06,1.2128022630721787e-09,1.2128022630721787e-09,1.6586460333077636e-05,1.0,4.316502846751835e-12,1.0,30145.069530168068,0.0,8.476517469029418e-12,1.2363892411905303e-11,2.6329383338958426e-06,3.488361211596735e-14,177084803.82653478,466.2533683113336,466.2533683453086,0.0,1.0000000000728682,False,1.2475021401461268e-07,1.5636828945430112e-07,3.195419185349103e-61,0.0036677321674573734,1.5703029475956496e-08,3.011368327269646e-08,"[8.166666666666667e-09, 1.0236517085738568e-08, 1.2830973311830731e-08, 1.6082997248964597e-08, 2.0159250138234185e-08, 2.526863369090349e-08, 3.167299598084116e-08, 3.970055075686648e-08, 4.976269789419122e-08, 6.237510700730634e-08, 7.818414472715056e-08, 9.8e-08]","[0.0, 0.0, 0.0, 0.0, 1.1719941734615338e-63, 6.044013349312411e-23, 6.017751039979042e-10, 2.973906426496925e-05, 0.0010475095284831148, 0.00175580667378887, 0.0007055345447863272, 0.00012914175435898854]","[1.3776975410441195e-16, 1.7712357623768183e-15, 3.476123399852009e-14, 1.0410347112710705e-12, 2.0098283936382197e-11, 1.6680758191360096e-10, 7.968361856934772e-10, 3.1859897892977826e-09, 6.7884461417318385e-09, 3.857360504693012e-09, 8.00204615637125e-10, 8.620866810249322e-11]","[8.661922809391369e-19, 8.478972017558267e-17, 7.59345771069649e-15, 6.971623782703254e-13, 3.4831518313126896e-11, 5.21573087275692e-10, 2.811784889676796e-09, 8.8847099379749e-09, 1.2613451411453307e-08, 4.596812848638085e-09, 6.08092101360313e-10, 4.172263651234926e-11]","[0.0, 0.0, 0.0, 0.0, -5.855815925457633e-65, -1.2233703089710182e-24, -4.934434095579701e-12, -9.878730592896891e-08, -1.409622013805342e-06, -9.571774532135471e-07, -1.558136399842701e-07, -1.1553826784254915e-08]","[-1.2001647940683995e-21, -6.2507744446572756e-21, -4.9696190268147465e-20, -6.029253970460592e-19, -4.7155005621337924e-18, -1.5854591850063614e-17, -2.570648092526966e-17, 1.5644030679763008e-13, 3.50830384890612e-12, 3.742874847211661e-12, 9.572665647154278e-13, 1.1152359298015157e-13]","[5.37361189961145e-22, -2.003278687557884e-20, -9.038704356438938e-19, -3.4863372927748773e-17, -7.13119750951202e-16, -4.338642512538303e-15, -9.456034919127044e-15, 4.51758401505632e-13, 6.6122894123438955e-12, 4.4936461259596734e-12, 7.31606330297487e-13, 5.425211360405084e-14]","[Infinity, Infinity, Infinity, Infinity, 20.014190821237985, 49.40461040284732, 121.95422865956976, 301.04135329242143, 743.1137696660346, 1834.3585798997585, 4528.066636897471, 11177.400940005235]",1.7043887752755962,1468.8004602792803,fixed_lowT_slope
17522.04922934196,1757.1415926450836,0.9968169419484837,1.9397534123870793e-06,0.9999999999818877,7.131944376793421e-19,0.17084697199570015,45.71264541990828,7.80986705190444,0.8864909091013095,0.0007179193684028814,0.03702068497027604,2711125978284.625,1041369.4787700713,2603423.696925178,3.5136192678568737e-07,0.0009372325308930642,1.5364383464452115e-06,1.3572664109355141e-09,1.3572664109355141e-09,1.9208007239537233e-05,1.0,2.7378112642041063e-12,1.0,26030.81068039238,3.508178304669632e-21,9.042960581885688e-12,1.278631258256742e-11,2.308631591595472e-06,3.645543003858299e-14,206314838.23139372,476.30495336703666,476.30495335590484,1.1131817245768616e-08,0.9999999999766288,False,1.2475021401461268e-07,1.5636828945430112e-07,2.1844425923124348e-68,0.0032156757676826677,1.7295818934591788e-08,3.239704889742506e-08,"[8.166666666666667e-09, 1.0236517085738568e-08, 1.2830973311830731e-08, 1.6082997248964597e-08, 2.0159250138234185e-08, 2.526863369090349e-08, 3.167299598084116e-08, 3.970055075686648e-08, 4.976269789419122e-08, 6.237510700730634e-08, 7.818414472715056e-08, 9.8e-08]","[0.0, 0.0, 0.0, 0.0, 7.024459109993006e-71, 6.760840728073391e-25, 1.1698845494378183e-10, 1.5699635500919866e-05, 0.0008117160768186882, 0.0015844225278334302, 0.0006768471423972247, 0.00012699026814394978]","[1.3752635720014108e-16, 1.7699674719384946e-15, 3.4751148593141913e-14, 1.0409123431120448e-12, 2.009732685986523e-11, 1.6680436396130374e-10, 7.968304756168157e-10, 3.20982144207356e-09, 7.420828129982104e-09, 4.581022730012392e-09, 9.906770723089123e-10, 1.0865982279130321e-10]","[9.807678442012094e-19, 8.132170599283603e-17, 7.430074268049092e-15, 6.907952656974298e-13, 3.470080013564169e-11, 5.207767200969211e-10, 2.8100465607563034e-09, 8.953162410205471e-09, 1.380550879880333e-08, 5.465813442453757e-09, 7.536951818813565e-10, 5.2646675449839946e-11]","[0.0, 0.0, 0.0, 0.0, -3.735618579097919e-72, -1.4565349774040764e-26, -1.0210190903194046e-12, -5.550743733350528e-08, -1.1626170152085485e-06, -9.193369581791319e-07, -1.5909843582958137e-07, -1.2092553095826352e-08]","[-1.5039553004131252e-21, -7.841239701156796e-21, -6.236760465693428e-20, -7.567884851088594e-19, -5.919283066251423e-18, -1.990254788644509e-17, -3.730205887221611e-17, 1.0359872344681451e-13, 3.4112230621798676e-12, 4.238070666957128e-12, 1.152322482880026e-12, 1.376066458800485e-13]","[7.404338882861514e-22, -1.780548672578349e-20, -8.869008941611483e-19, -3.49964777493326e-17, -7.216532831949797e-16, -4.40352424711504e-15, -9.625045371984207e-15, 2.950023028158674e-13, 6.431238557553974e-12, 5.090362270422195e-12, 8.810698828622854e-13, 6.697026222050661e-14]","[Infinity, Infinity, Infinity, Infinity, 18.80400517680603, 46.41729057631671, 114.58008577213225, 282.8384132849038, 698.1801110773214, 1723.4404792901921, 4254.266478912658, 10501.526612091491]",1.9397534123870792,1483.9915926450835,fixed_lowT_slope
17700.0,1772.5912922709344,0.9972004413214062,2.1959450324618874e-06,0.9999999999805641,7.127356126895995e-19,0.22492024801838925,40.880275458779224,9.194801695248694,0.9019107943545335,0.0007176423398594981,0.03252869128282851,2093119289947.5261,915012.413019086,2287531.032547715,2.7126825997719936e-07,0.0008235111717171774,1.748610157889329e-06,1.5187331065526065e-09,1.5187331065526065e-09,2.2297451413975258e-05,1.0,1.7240334237872682e-12,1.0,22424.0874312038,2.7735548217552514e-20,9.620721452663694e-12,1.3181269257186774e-11,2.018795127993305e-06,3.8055916455626496e-14,240300921.607894,485.11832989509224,485.1183297943175,1.0077474144054577e-07,0.9999999997922677,False,1.2475021401461268e-07,1.5636828945430112e-07,6.434485272714755e-77,0.002813039859328627,1.902174570606932e-08,3.479507160674515e-08,"[8.166666666666667e-09, 1.0236517085738568e-08, 1.2830973311830731e-08, 1.6082997248964597e-08, 2.0159250138234185e-08, 2.526863369090349e-08, 3.167299598084116e-08, 3.970055075686648e-08, 4.976269789419122e-08, 6.237510700730634e-08, 7.818414472715056e-08, 9.8e-08]","[0.0, 0.0, 0.0, 0.0, 1.810046354640964e-79, 4.816705354137712e-27, 1.967379264336551e-11, 7.85081717479799e-06, 0.0006157501661352163, 0.0014176376515564705, 0.0006470998635705666, 0.00012470134121778315]","[1.372162580299955e-16, 1.7683496921581592e-15, 3.4738277876740635e-14, 1.0407561498397036e-12, 2.0096105131087797e-11, 1.6680025604469937e-10, 7.968226480591492e-10, 3.22550817271855e-09, 8.040137747076014e-09, 5.41101934967801e-09, 1.223471051153097e-09, 1.368129762150476e-10]","[1.1381120969046324e-18, 7.823298741896851e-17, 7.267344381420513e-15, 6.842986806665182e-13, 3.456629077595014e-11, 5.199547449834072e-10, 2.8082485529679886e-09, 8.997404393067657e-09, 1.4973224824423583e-08, 6.4629063241298226e-09, 9.317239872069206e-10, 6.635084379367544e-11]","[0.0, 0.0, 0.0, 0.0, -1.0248107410812738e-80, -1.1047770625776088e-28, -1.8280300688288976e-13, -2.955159407758433e-08, -9.38948101818113e-07, -8.75736807308536e-07, -1.6193900852655529e-07, -1.2642235185197481e-08]","[-1.883349360163688e-21, -9.832499303236113e-21, -7.824822847219309e-20, -9.496983226090014e-19, -7.428806308825418e-18, -2.497895755558989e-17, -4.808428465489515e-17, 6.495615410196364e-14, 3.2464908243024803e-12, 4.757390765762866e-12, 1.3821700764425917e-12, 1.6953014239327288e-13]","[9.819248962655324e-22, -1.5269289508927082e-20, -8.663800741519576e-19, -3.5083380478437535e-17, -7.299300548614366e-16, -4.46828701260654e-15, -9.78157668720832e-15, 1.8026408297083442e-13, 6.121943781593297e-12, 5.716261009208303e-12, 1.0572213394855806e-12, 8.253888527572756e-14]","[Infinity, Infinity, Infinity, Infinity, 17.662250033905686, 43.5988899235437, 107.62291594015876, 265.6647608987376, 655.7872207664311, 1618.7941853367986, 3995.9480390696167, 9863.868168169602]",2.1959450324618874,1499.4412922709344,fixed_lowT_slope
